# temperature    2.000000000000000
#    0.000000000000000    0.000000000000000    0.000000000000000    0.000000000000000    0.000000000000000
 119.985756147042025    0.000000000000000
 123.658538395939928    0.000000000000000
 127.405515767875343    0.000000000000000
 131.227430214078510    0.000000000000000
 135.125023685780207    0.000000000000000
 139.099038134210673    0.000000000000000
 143.150215510599764    0.000000000000000


# temperature    4.000000000000000
#    0.000000241195771   -0.000129276267771    0.025955341996865   -2.313254080465892   77.215770102145811
 119.985756147042025    0.007229700000000
 123.658538395939928    0.004196800000000
 127.405515767875343    0.004592100000000
 131.227430214078510    0.007347600000000
 135.125023685780207    0.006885700000000
 139.099038134210673    0.008963100000000
 143.150215510599764    0.009440100000000


# temperature    6.000000000000000
#    0.000001194760040   -0.000639499039689    0.128269262277776  -11.425661821546564  381.351897250970922
 119.985756147042025    0.041388300000000
 123.658538395939928    0.020223900000000
 127.405515767875343    0.020587100000000
 131.227430214078510    0.024606200000000
 135.125023685780207    0.025914700000000
 139.099038134210673    0.031042900000000
 143.150215510599764    0.035760400000000


# temperature    8.000000000000000
#    0.000004458230541   -0.002390423300548    0.480333812680888  -42.868164501490405 1433.724066734443795
 119.985756147042025    0.160102700000000
 123.658538395939928    0.066482500000000
 127.405515767875343    0.058713600000000
 131.227430214078510    0.063273600000000
 135.125023685780207    0.067355000000000
 139.099038134210673    0.078383800000000
 143.150215510599764    0.091500000000000


# temperature   10.000000000000000
#    0.000009604441565   -0.005160754871940    1.039366291910198  -92.984649622653293 3117.901755986553326
 119.985756147042025    0.414466400000000
 123.658538395939928    0.179866000000000
 127.405515767875343    0.140032200000000
 131.227430214078510    0.139114100000000
 135.125023685780207    0.145204800000000
 139.099038134210673    0.165296300000000
 143.150215510599764    0.192563800000000


# temperature   12.000000000000000
#    0.000014935847083   -0.008044765360192    1.624428533233813 -145.736275024782827 4901.671258492878223
 119.985756147042025    0.837113200000000
 123.658538395939928    0.407431500000000
 127.405515767875343    0.299311700000000
 131.227430214078510    0.279625100000000
 135.125023685780207    0.283553600000000
 139.099038134210673    0.315127200000000
 143.150215510599764    0.363947100000000


# temperature   14.000000000000000
#    0.000019162797636   -0.010347613909388    2.095308171886042 -188.564468236214196 6363.818669740593577
 119.985756147042025    1.447625400000000
 123.658538395939928    0.792847100000000
 127.405515767875343    0.579143900000000
 131.227430214078510    0.523006500000000
 135.125023685780207    0.517784200000000
 139.099038134210673    0.561882100000000
 143.150215510599764    0.641707200000000


# temperature   16.000000000000000
#    0.000021839261034   -0.011821925003025    2.400632643701908 -216.734460876762029 7340.969798705958965
 119.985756147042025    2.254573900000000
 123.658538395939928    1.368050500000000
 127.405515767875343    1.020200800000000
 131.227430214078510    0.910999000000000
 135.125023685780207    0.889644900000000
 139.099038134210673    0.946678500000000
 143.150215510599764    1.069838900000000


# temperature   18.000000000000000
#    0.000023105749172   -0.012534374471133    2.551987065986542 -231.111236243747328 7856.175042724578816
 119.985756147042025    3.256752700000000
 123.658538395939928    2.150758700000000
 127.405515767875343    1.653798600000000
 131.227430214078510    1.480595800000000
 135.125023685780207    1.439261700000000
 139.099038134210673    1.510738200000000
 143.150215510599764    1.693156400000000


# temperature   20.000000000000000
#    0.000023346687112   -0.012684716074649    2.588141055326564 -235.023533331073281 8016.051866430073460
 119.985756147042025    4.445385400000000
 123.658538395939928    3.145598600000000
 127.405515767875343    2.498621000000000
 131.227430214078510    2.258410500000000
 135.125023685780207    2.198361400000000
 139.099038134210673    2.288663900000000
 143.150215510599764    2.549971300000000


# temperature   22.000000000000000
#    0.000022958700054   -0.012482460540451    2.550478560735431 -232.092294435249897 7938.960746704715348
 119.985756147042025    5.806521800000000
 123.658538395939928    4.346764200000000
 127.405515767875343    3.560767800000000
 131.227430214078510    3.258585700000000
 135.125023685780207    3.186756200000000
 139.099038134210673    3.304285300000000
 143.150215510599764    3.667179100000000


# temperature   24.000000000000000
#    0.000022241997752   -0.012088432896890    2.471221940277876 -225.177819566098464 7719.772639396938757
 119.985756147042025    7.323048300000000
 123.658538395939928    5.740979100000000
 127.405515767875343    4.835727300000000
 131.227430214078510    4.483466700000000
 135.125023685780207    4.411963000000000
 139.099038134210673    4.569384200000000
 143.150215510599764    5.058350300000000


# temperature   26.000000000000000
#    0.000021377232189   -0.011601628698620    2.370641810293864 -216.117492812884763 7420.662233706831103
 119.985756147042025    8.976239200000000
 123.658538395939928    7.310212600000000
 127.405515767875343    6.311120700000000
 131.227430214078510    5.925826600000000
 135.125023685780207    5.870847600000000
 139.099038134210673    6.084525000000000
 143.150215510599764    6.724210000000000


# temperature   28.000000000000000
#    0.000020446569427   -0.011069621703351    2.258964518811237 -205.879254016165135 7075.673134185576600
 119.985756147042025   10.746938099999999
 123.658538395939928    9.033943100000000
 127.405515767875343    7.969471000000000
 131.227430214078510    7.571603000000000
 135.125023685780207    7.552136600000000
 139.099038134210673    7.841005900000000
 143.150215510599764    8.654552499999999


# temperature   30.000000000000000
#    0.000019469626166   -0.010506998744669    2.139904392610609 -194.861099790465687 6700.198176862892069
 119.985756147042025   12.616447700000000
 123.658538395939928   10.890909799999999
 127.405515767875343    9.790586200000000
 131.227430214078510    9.402478300000000
 135.125023685780207    9.438986000000000
 139.099038134210673    9.823160700000001
 143.150215510599764   10.830761799999999


# temperature   32.000000000000000
#    0.000018436923433   -0.009912634501988    2.013999191108342 -183.176394565880202 6300.100706815518606
 119.985756147042025   14.567172500000000
 123.658538395939928   12.860371700000000
 127.405515767875343   11.753391600000000
 131.227430214078510   11.397976500000000
 135.125023685780207   11.511183900000001
 139.099038134210673   12.010549800000000
 143.150215510599764   13.228380700000001


# temperature   34.000000000000000
#    0.000017333520055   -0.009281918787125    1.880977031879421 -170.856969735557186 5878.231282933929833
 119.985756147042025   16.583041300000001
 123.658538395939928   14.922928300000001
 127.405515767875343   13.837202700000001
 131.227430214078510   13.536993300000001
 135.125023685780207   13.746848600000000
 139.099038134210673   14.379831200000000
 143.150215510599764   15.819414999999999


# temperature   36.000000000000000
#    0.000016152217539   -0.008613599650576    1.741084356593624 -157.967429977080513 5438.108678138787582
 119.985756147042025   18.649738500000002
 123.658538395939928   17.060981600000002
 127.405515767875343   16.022513900000000
 131.227430214078510   15.798813000000001
 135.125023685780207   16.123646699999998
 139.099038134210673   16.906252299999998
 143.150215510599764   18.574238500000000


# temperature   38.000000000000000
#    0.000014898138436   -0.007912172509646    1.595553899786134 -144.645874069556555 4985.246740807637252
 119.985756147042025   20.754777700000002
 123.658538395939928   19.258924100000002
 127.405515767875343   18.291413700000000
 131.227430214078510   18.163719499999999
 135.125023685780207   18.619616000000001
 139.099038134210673   19.564785300000000
 143.150215510599764   21.463072799999999


# temperature   40.000000000000000
#    0.000013588060621   -0.007187576088024    1.446555258545631 -131.100557978497960 4527.078336093700273
 119.985756147042025   22.887454000000002
 123.658538395939928   21.503133099999999
 127.405515767875343   20.627735600000001
 131.227430214078510   20.613318499999998
 135.125023685780207   21.213695500000000
 139.099038134210673   22.330956600000000
 143.150215510599764   24.457072799999999


# temperature   42.000000000000000
#    0.000012247041646   -0.006453504944223    1.296881109486402 -117.584156529721511 4072.169113809959981
 119.985756147042025   25.038713999999999
 123.658538395939928   23.781843200000001
 127.405515767875343   23.017042499999999
 131.227430214078510   23.130670500000001
 135.125023685780207   23.886048400000000
 139.099038134210673   25.181428700000001
 143.150215510599764   27.529075400000000


# temperature   44.000000000000000
#    0.000010904100272   -0.005725250216414    1.149544926611879 -104.360655335834011 3629.201504032082539
 119.985756147042025   27.200976099999998
 123.658538395939928   26.084952000000001
 127.405515767875343   25.446514600000000
 131.227430214078510   25.700308199999998
 135.125023685780207   26.618245500000000
 139.099038134210673   28.094387500000000
 143.150215510599764   30.654074200000000


# temperature   46.000000000000000
#    0.000009588497958   -0.005017861742585    1.007442757549849  -91.677882634773312 3206.143970884524606
 119.985756147042025   29.367929199999999
 123.658538395939928   28.403799599999999
 127.405515767875343   27.904794400000000
 131.227430214078510   28.308192800000000
 135.125023685780207   29.393355100000001
 139.099038134210673   31.049779600000001
 143.150215510599764   33.809482000000003


# temperature   48.000000000000000
#    0.000008326729604   -0.004344676657277    0.873085528616755  -79.746037456404139 2809.610409663685914
 119.985756147042025   31.534329199999998
 123.658538395939928   30.730950100000001
 127.405515767875343   30.381821500000001
 131.227430214078510   30.941639299999999
 135.125023685780207   32.195971600000000
 139.099038134210673   34.029435700000001
 143.150215510599764   36.975233899999999


# temperature   50.000000000000000
#    0.000007140714834   -0.003716467487886    0.748450728478028  -68.726403730584408 2444.544371177628818
 119.985756147042025   33.695809400000002
 123.658538395939928   33.059990999999997
 127.405515767875343   32.868675199999998
 131.227430214078510   33.589232199999998
 135.125023685780207   35.012203300000003
 139.099038134210673   37.017108999999998
 143.150215510599764   40.133774500000001


# temperature   52.000000000000000
#    0.000006046863264   -0.003141031235197    0.634917057942953  -58.726964054851571 2114.117343868998432
 119.985756147042025   35.848711399999999
 123.658538395939928   35.385359700000002
 127.405515767875343   35.357436100000001
 131.227430214078510   36.240740199999998
 135.125023685780207   37.829632699999998
 139.099038134210673   39.998451099999997
 143.150215510599764   43.269966099999998


# temperature   54.000000000000000
#    0.000005055945499   -0.002623185833834    0.533275964085961  -49.804434703078336 1819.827354449968425
 119.985756147042025   37.989941500000000
 123.658538395939928   37.702198400000000
 127.405515767875343   37.841067600000002
 131.227430214078510   38.887035400000002
 135.125023685780207   40.637257900000002
 139.099038134210673   42.960944200000000
 143.150215510599764   46.370944199999997


# temperature   56.000000000000000
#    0.000004173495630   -0.002165028083077    0.443791053330401  -41.970167930422377 1561.713819346987975
 119.985756147042025   40.116852700000003
 123.658538395939928   40.006237700000000
 127.405515767875343   40.313318400000000
 131.227430214078510   41.520017400000000
 135.125023685780207   43.425421399999998
 139.099038134210673   45.893802299999997
 143.150215510599764   49.425942200000001


# temperature   58.000000000000000
#    0.000003400441240   -0.001766295965679    0.366275050760711  -35.197326626557455 1338.605645443856019
 119.985756147042025   42.227150899999998
 123.658538395939928   42.293705899999999
 127.405515767875343   42.768642900000003
 131.227430214078510   44.132543200000001
 135.125023685780207   46.185729899999998
 139.099038134210673   48.787853900000002
 143.150215510599764   52.426100800000000


# temperature   60.000000000000000
#    0.000002734042437   -0.001424882217793    0.300194362480405  -29.430285742809097 1148.436362726834432
 119.985756147042025   44.318823600000002
 123.658538395939928   44.561258500000001
 127.405515767875343   45.202135900000002
 131.227430214078510   46.718360699999998
 135.125023685780207   48.910969199999997
 139.099038134210673   51.635413399999997
 143.150215510599764   55.364272999999997


# temperature   62.000000000000000
#    0.000002168667143   -0.001137250943830    0.244752456019059  -24.592005301996398  988.487300037821228
 119.985756147042025   46.390086199999999
 123.658538395939928   46.805926200000002
 127.405515767875343   47.609478600000003
 131.227430214078510   49.272045700000000
 135.125023685780207   51.595016200000003
 139.099038134210673   54.430147900000001
 143.150215510599764   58.234832400000002


# temperature   64.000000000000000
#    0.000001696776921   -0.000898958200129    0.198992450780809  -20.592978191721357  855.679127692798943
 119.985756147042025   48.439343299999997
 123.658538395939928   49.025074699999998
 127.405515767875343   49.986892800000000
 131.227430214078510   51.788942599999999
 135.125023685780207   54.232749699999999
 139.099038134210673   57.166944299999997
 143.150215510599764   61.033490299999997


# temperature   66.000000000000000
#    0.000001309490411   -0.000704944938466    0.161853868449972  -17.336090172679089  746.727198699941709
 119.985756147042025   50.465162999999997
 123.658538395939928   51.216375999999997
 127.405515767875343   52.331101699999998
 131.227430214078510   54.265105499999997
 135.125023685780207   56.819962099999998
 139.099038134210673   59.841780100000001
 143.150215510599764   63.757124500000003


# temperature   68.000000000000000
#    0.000000997346759   -0.000549931897734    0.132248880934099  -14.723138182783583  658.349824643119405
 119.985756147042025   52.466258199999999
 123.658538395939928   53.377784800000001
 127.405515767875343   54.639294499999998
 131.227430214078510   56.697242699999997
 135.125023685780207   59.353273899999998
 139.099038134210673   62.451600100000000
 143.150215510599764   66.403622200000001


# temperature   70.000000000000000
#    0.000000750726037   -0.000428632424920    0.109102439652309  -12.658174783340755  587.372312897186930
 119.985756147042025   54.441476000000002
 123.658538395939928   55.507521199999999
 127.405515767875343   56.909093100000000
 131.227430214078510   59.082662499999998
 135.125023685780207   61.830050300000003
 139.099038134210673   64.994200500000005
 143.150215510599764   68.971736300000003


# temperature   72.000000000000000
#    0.000000560244186   -0.000335949738394    0.091388966303291  -11.050523326800262  530.819408933464842
 119.985756147042025   56.389790400000003
 123.658538395939928   57.604055500000001
 127.405515767875343   59.138522199999997
 131.227430214078510   61.419220000000003
 135.125023685780207   64.248322500000000
 139.099038134210673   67.468120999999996
 143.150215510599764   71.460957199999996


# temperature   74.000000000000000
#    0.000000416986651   -0.000267090745126    0.078152927763528   -9.816415811833041  485.963785205778834
 119.985756147042025   58.310298199999998
 123.658538395939928   59.666094899999997
 127.405515767875343   61.325978900000003
 131.227430214078510   63.705267300000003
 135.125023685780207   66.606712799999997
 139.099038134210673   69.872546799999995
 143.150215510599764   73.871397700000003


# temperature   76.000000000000000
#    0.000000312752619   -0.000217684541716    0.068530191562988   -8.880689043296538  450.376183790794983
 119.985756147042025   60.202216100000001
 123.658538395939928   61.692571100000002
 127.405515767875343   63.470204500000001
 131.227430214078510   65.939604900000006
 135.125023685780207   68.904365299999995
 139.099038134210673   72.207217900000003
 143.150215510599764   76.203691100000000


# temperature   78.000000000000000
#    0.000000240101701   -0.000183798502488    0.061749540162266   -8.176777865152808  421.920916386080307
 119.985756147042025   62.064878999999998
 123.658538395939928   63.682628100000002
 127.405515767875343   65.570256299999997
 131.227430214078510   68.121435199999993
 135.125023685780207   71.140880999999993
 139.099038134210673   74.472348199999999
 143.150215510599764   78.458901800000007


# temperature   80.000000000000000
#    0.000000192439744   -0.000161975117792    0.057138322107972   -7.647075233810702  398.763557956881755
 119.985756147042025   63.897737700000000
 123.658538395939928   65.635609799999997
 127.405515767875343   67.625480699999997
 131.227430214078510   70.250319200000007
 135.125023685780207   73.316257899999997
 139.099038134210673   76.668552599999998
 143.150215510599764   80.638446999999999


# temperature   82.000000000000000
#    0.000000164007890   -0.000149219583512    0.054118742503834   -7.242504701081282  379.353881810507687
 119.985756147042025   65.700356299999996
 123.658538395939928   67.551047499999996
 127.405515767875343   69.635486400000005
 131.227430214078510   72.326135300000004
 135.125023685780207   75.430836700000000
 139.099038134210673   78.796781899999999
 143.150215510599764   82.744028299999997


# temperature   84.000000000000000
#    0.000000149812743   -0.000142956766543    0.052198204599614   -6.921580829447630  362.392305497841903
 119.985756147042025   67.472409499999998
 123.658538395939928   69.428647400000003
 127.405515767875343   71.600119300000003
 131.227430214078510   74.349040400000007
 135.125023685780207   77.485250800000003
 139.099038134210673   80.858264800000001
 143.150215510599764   84.777572300000003


# temperature   86.000000000000000
#    0.000000145731105   -0.000141081557910    0.050978359101113   -6.651132355540921  346.851647621223151
 119.985756147042025   69.213678500000000
 123.658538395939928   71.268276999999998
 127.405515767875343   73.519437199999999
 131.227430214078510   76.319434700000002
 135.125023685780207   79.480381499999993
 139.099038134210673   82.854456700000000
 143.150215510599764   86.741179900000006


# temperature   88.000000000000000
#    0.000000148222670   -0.000141803276125    0.050123640533282   -6.403488139140424  331.883218970404357
 119.985756147042025   70.924046500000003
 123.658538395939928   73.069952400000005
 127.405515767875343   75.393687299999996
 131.227430214078510   78.237927999999997
 135.125023685780207   81.417316999999997
 139.099038134210673   84.786995500000003
 143.150215510599764   88.637081800000004


# temperature   90.000000000000000
#    0.000000154408467   -0.000143683630304    0.049368167551265   -6.157037906179216  316.834075873830159
 119.985756147042025   72.603493499999999
 123.658538395939928   74.833825200000007
 127.405515767875343   77.223282699999999
 131.227430214078510   80.105309500000004
 135.125023685780207   83.297316499999994
 139.099038134210673   86.657661500000003
 143.150215510599764   90.467601500000001


# temperature   92.000000000000000
#    0.000000162021411   -0.000145608036853    0.048509629654132   -5.895664143548117  301.227562752913855
 119.985756147042025   74.252090400000000
 123.658538395939928   76.560168700000006
 127.405515767875343   79.008782499999995
 131.227430214078510   81.922520000000006
 135.125023685780207   85.121777499999993
 139.099038134210673   88.468343500000003
 143.150215510599764   92.235122700000005


# temperature   94.000000000000000
#    0.000000169247781   -0.000146700195205    0.047392128167655   -5.607220157486984  284.713019947372629
 119.985756147042025   75.869992900000000
 123.658538395939928   78.249365900000001
 127.405515767875343   80.750871099999998
 131.227430214078510   83.690626499999993
 135.125023685780207   86.892207200000001
 139.099038134210673   90.221009300000006
 143.150215510599764   93.942062800000002


# temperature   96.000000000000000
#    0.000000174681175   -0.000146295935729    0.045900700632690   -5.283028815118244  267.048831976402766
 119.985756147042025   77.457434500000005
 123.658538395939928   79.901896699999995
 127.405515767875343   82.450340600000004
 131.227430214078510   85.410799100000006
 135.125023685780207   88.610196999999999
 139.099038134210673   91.917679699999994
 143.150215510599764   95.590849399999996


# temperature   98.000000000000000
#    0.000000177308528   -0.000143935170500    0.043959660968843   -4.917737018235275  248.097849910524019
 119.985756147042025   79.014720100000005
 123.658538395939928   81.518325899999994
 127.405515767875343   84.108073099999999
 131.227430214078510   87.084290800000005
 135.125023685780207   90.277400299999996
 139.099038134210673   93.560406999999998
 143.150215510599764   97.183902000000003


# temperature  100.000000000000000
#    0.000000176373718   -0.000139288663022    0.041517929612658   -4.508016474328046  227.784463318228546
 119.985756147042025   80.542218599999998
 123.658538395939928   83.099291899999997
 127.405515767875343   85.725025900000006
 131.227430214078510   88.712418400000004
 135.125023685780207   91.895512800000006
 139.099038134210673   95.151255699999993
 143.150215510599764   98.723615300000006


# temperature  102.000000000000000
#    0.000000171433698   -0.000132187955133    0.038555058252041   -4.053106489123895  206.113046356681252
 119.985756147042025   82.040356399999993
 123.658538395939928   84.645495600000004
 127.405515767875343   87.302216400000006
 131.227430214078510   90.296546899999996
 135.125023685780207   93.466256000000001
 139.099038134210673   96.692287199999996
 143.150215510599764  100.212346800000006


# temperature  104.000000000000000
#    0.000000162200031   -0.000122540685464    0.035064329228225   -3.553321051159021  183.118699876621179
 119.985756147042025   83.509610100000003
 123.658538395939928   86.157690700000003
 127.405515767875343   88.840709700000005
 131.227430214078510   91.838074399999996
 135.125023685780207   94.991361999999995
 139.099038134210673   98.185546000000002
 143.150215510599764  101.652405799999997


# temperature  106.000000000000000
#    0.000000148575949   -0.000110350575311    0.031056828473144   -3.010420380805229  158.880030261213932
 119.985756147042025   84.950500300000002
 123.658538395939928   87.636673900000005
 127.405515767875343   90.341606999999996
 131.227430214078510   93.338419599999995
 135.125023685780207   96.472561499999998
 139.099038134210673   99.633049000000000
 143.150215510599764  103.046045300000003


# temperature  108.000000000000000
#    0.000000130593799   -0.000095684312934    0.026554915589294   -2.427042501813049  133.500711157860081
 119.985756147042025   86.363584900000006
 123.658538395939928   89.083276499999997
 127.405515767875343   91.806034499999996
 131.227430214078510   94.799010400000000
 135.125023685780207   97.911573000000004
 139.099038134210673  101.036775700000007
 143.150215510599764  104.395454999999998


# temperature  110.000000000000000
#    0.000000108373676   -0.000078649994122    0.021588044943198   -1.806346347855922  107.098148496029509
 119.985756147042025   87.749453299999999
 123.658538395939928   90.498356200000003
 127.405515767875343   93.235134799999997
 131.227430214078510   96.221274699999995
 135.125023685780207   99.310093499999994
 139.099038134210673  102.398661599999997
 143.150215510599764  105.702756300000004


# temperature  112.000000000000000
#    0.000000082105714   -0.000059387754861    0.016190938302373   -1.151855914871339   79.798573239792290
 119.985756147042025   89.108720399999996
 123.658538395939928   91.882790000000000
 127.405515767875343   94.630058199999993
 131.227430214078510   97.606631399999998
 135.125023685780207  100.669791399999994
 139.099038134210673  103.720591400000004
 143.150215510599764  106.969998599999997


# temperature  114.000000000000000
#    0.000000052064532   -0.000038077962570    0.010405336181902   -0.467627184444795   51.743005476166466
 119.985756147042025   90.442021499999996
 123.658538395939928   93.237467300000006
 127.405515767875343   95.991955799999999
 131.227430214078510   98.956483899999995
 135.125023685780207  101.992300200000003
 139.099038134210673  105.004395000000002
 143.150215510599764  108.199156700000003


# temperature  116.000000000000000
#    0.000000018571957   -0.000014921475927    0.004276105107533    0.242090826287042   23.076250715128282
 119.985756147042025   91.750007400000001
 123.658538395939928   94.563284600000003
 127.405515767875343   97.321972799999998
 131.227430214078510  100.272214000000005
 135.125023685780207  103.279213299999995
 139.099038134210673  106.251843399999998
 143.150215510599764  109.392129100000005


# temperature  118.000000000000000
#   -0.000000018060002    0.000009889694524   -0.002154397771684    0.973335071095991   -6.068310083631004
 119.985756147042025   93.033339600000005
 123.658538395939928   95.861139800000004
 127.405515767875343   98.621243399999997
 131.227430214078510  101.555176599999996
 135.125023685780207  104.532080300000004
 139.099038134210673  107.464646599999995
 143.150215510599764  110.550736999999998


# temperature  120.000000000000000
#   -0.000000057518375    0.000036166731940   -0.008845197895098    1.722327596468676  -35.565309232197727
 119.985756147042025   94.292686200000006
 123.658538395939928   97.131927700000006
 127.405515767875343   99.890885999999995
 131.227430214078510  102.806695700000006
 135.125023685780207  105.752403599999994
 139.099038134210673  108.644451700000005
 143.150215510599764  111.676724399999998


# temperature  122.000000000000000
#   -0.000000099429996    0.000063692213847   -0.015750300277960    2.484902631180875  -65.278183377228444
 119.985756147042025   95.528718799999993
 123.658538395939928   98.376536099999996
 127.405515767875343  101.131999300000004
 131.227430214078510  104.028061199999996
 135.125023685780207  106.941636500000001
 139.099038134210673  109.792841600000003
 143.150215510599764  112.771758399999996


# temperature  124.000000000000000
#   -0.000000143464396    0.000092274432862   -0.022829421305488    3.257447172652819  -95.090040746166423
 119.985756147042025   96.742108000000002
 123.658538395939928   99.595842000000005
 127.405515767875343  102.345658900000004
 131.227430214078510  105.220526199999995
 135.125023685780207  108.101180999999997
 139.099038134210673  110.911334999999994
 143.150215510599764  113.837430200000000


# temperature  126.000000000000000
#   -0.000000189285405    0.000121721163234   -0.030042657768059    4.036419854535680 -124.887397524065165
 119.985756147042025   97.933521600000006
 123.658538395939928  100.790709000000007
 127.405515767875343  103.532914899999994
 131.227430214078510  106.385305000000002
 135.125023685780207  109.232387399999993
 139.099038134210673  112.001386299999993
 143.150215510599764  114.875256300000004


# temperature  128.000000000000000
#   -0.000000236583063    0.000151856363477   -0.037353753345101    4.818634077687619 -154.569363890871585
 119.985756147042025   99.103621200000006
 123.658538395939928  101.961984200000003
 127.405515767875343  104.694789299999997
 131.227430214078510  107.523571500000003
 135.125023685780207  110.336553100000003
 139.099038134210673  113.064386299999995
 143.150215510599764  115.886680200000001


# temperature  130.000000000000000
#   -0.000000285052541    0.000182509211785   -0.044727960144344    5.601072757037185 -184.041634733253915
 119.985756147042025  100.253060300000001
 123.658538395939928  103.110496900000001
 127.405515767875343  105.832274799999993
 131.227430214078510  108.636458399999995
 135.125023685780207  111.414923200000004
 139.099038134210673  114.101662599999997
 143.150215510599764  116.873074299999999


# temperature  132.000000000000000
#   -0.000000334394573    0.000213513335720   -0.052131682818758    6.380838970739211 -213.214272995757995
 119.985756147042025  101.382482199999998
 123.658538395939928  104.237055799999993
 127.405515767875343  106.946332999999996
 131.227430214078510  109.725056499999994
 135.125023685780207  112.468690199999998
 139.099038134210673  115.114481499999997
 143.150215510599764  117.835741999999996


# temperature  134.000000000000000
#   -0.000000384361868    0.000244731744866   -0.059537490839955    7.155602998110148 -242.016638545689887
 119.985756147042025  102.492518399999994
 123.658538395939928  105.342448599999997
 127.405515767875343  108.037893900000000
 131.227430214078510  110.790414299999995
 135.125023685780207  113.498994900000000
 139.099038134210673  116.104048700000007
 143.150215510599764  118.775919700000003


# temperature  136.000000000000000
#   -0.000000434680467    0.000276014632927   -0.066915639648399    7.922846431128113 -270.372168352753533
 119.985756147042025  103.583787099999995
 123.658538395939928  106.427440099999998
 127.405515767875343  109.107854900000007
 131.227430214078510  111.833538599999997
 135.125023685780207  114.506927099999999
 139.099038134210673  117.071511500000000
 143.150215510599764  119.694779400000002


# temperature  138.000000000000000
#   -0.000000485170034    0.000307263250309   -0.074246766037887    8.680981777675379 -298.235344463046374
 119.985756147042025  104.656892099999993
 123.658538395939928  107.492772099999996
 127.405515767875343  110.157080899999997
 131.227430214078510  112.855394000000004
 135.125023685780207  115.493526500000002
 139.099038134210673  118.017960200000005
 143.150215510599764  120.593431199999998


# temperature  140.000000000000000
#   -0.000000535577810    0.000338341239282   -0.081504165486683    9.427781026738284 -325.539547646041285
 119.985756147042025  105.712422000000004
 123.658538395939928  108.539162000000005
 127.405515767875343  111.186403999999996
 131.227430214078510  113.856904400000005
 135.125023685780207  116.459784499999998
 139.099038134210673  118.944430199999999
 143.150215510599764  121.472925300000000


# temperature  142.000000000000000
#   -0.000000585740352    0.000369161173346   -0.088671123139080   10.161915426304697 -352.248267683135225
 119.985756147042025  106.750949000000006
 123.658538395939928  109.567303400000000
 127.405515767875343  112.196623799999998
 131.227430214078510  114.838953000000004
 135.125023685780207  117.406644600000007
 139.099038134210673  119.851903500000006
 143.150215510599764  122.334254900000005


# temperature  144.000000000000000
#   -0.000000635512856    0.000399645351566   -0.095732789199246   10.882210099803224 -378.329559456949539
 119.985756147042025  107.773028999999994
 123.658538395939928  110.577865099999997
 127.405515767875343  113.188507200000004
 131.227430214078510  115.802383300000002
 135.125023685780207  118.335004900000001
 139.099038134210673  120.741311499999995
 143.150215510599764  123.178358599999996


# temperature  146.000000000000000
#   -0.000000684694032    0.000429687944233   -0.102669053965376   11.587050530949583 -403.737587659107305
 119.985756147042025  108.779200700000004
 123.658538395939928  111.571491399999999
 127.405515767875343  114.162789799999999
 131.227430214078510  116.748000500000003
 135.125023685780207  119.245718699999998
 139.099038134210673  121.613536100000005
 143.150215510599764  124.006122899999994


# temperature  148.000000000000000
#   -0.000000733197049    0.000459243445240   -0.109471680073176   12.275854902228096 -428.460001158487216
 119.985756147042025  109.769985500000004
 123.658538395939928  112.548802400000000
 127.405515767875343  115.120175500000002
 131.227430214078510  117.676572100000001
 135.125023685780207  120.139596699999998
 139.099038134210673  122.469412599999998
 143.150215510599764  124.818384300000005


# temperature  150.000000000000000
#   -0.000000780886648    0.000488241777175   -0.116127735753552   12.947639538657244 -452.471425751986260
 119.985756147042025  110.745887400000001
 123.658538395939928  113.510394099999999
 127.405515767875343  116.061337800000004
 131.227430214078510  118.588829399999995
 135.125023685780207  121.017408399999994
 139.099038134210673  123.309730999999999
 143.150215510599764  125.615932099999995


# temperature  152.000000000000000
#   -0.000000827673409    0.000516637287435   -0.122629128984019   13.601842230519971 -475.760089040371383
 119.985756147042025  111.707393199999999
 123.658538395939928  114.456838700000006
 127.405515767875343  116.986920600000005
 131.227430214078510  119.485468400000002
 135.125023685780207  121.879883800000002
 139.099038134210673  124.135238700000002
 143.150215510599764  126.399510699999993


# temperature  154.000000000000000
#   -0.000000873464829    0.000544382946380   -0.128967515882456   14.237876804417281 -498.313246557657124
 119.985756147042025  112.654972099999995
 123.658538395939928  115.388684999999995
 127.405515767875343  117.897538499999996
 131.227430214078510  120.367151500000006
 135.125023685780207  122.727714899999995
 139.099038134210673  124.946641999999997
 143.150215510599764  127.169821299999995


# temperature  156.000000000000000
#   -0.000000918188806    0.000571443302659   -0.135136968203693   14.855376167175862 -520.125452802524819
 119.985756147042025  113.589076399999996
 123.658538395939928  116.306459399999994
 127.405515767875343  118.793778500000002
 131.227430214078510  121.234508199999993
 135.125023685780207  123.561557600000000
 139.099038134210673  125.744607999999999
 143.150215510599764  127.927525000000003


# temperature  158.000000000000000
#   -0.000000961788442    0.000597790617295   -0.141132992469574   15.454087887818753 -541.194552330776332
 119.985756147042025  114.510141200000007
 123.658538395939928  117.210665599999999
 127.405515767875343  119.676199999999994
 131.227430214078510  122.088136899999995
 135.125023685780207  124.382033000000007
 139.099038134210673  126.529767100000001
 143.150215510599764  128.673244199999999


# temperature  160.000000000000000
#   -0.000001004218316    0.000623403827980   -0.146952509809859   16.033888676742915 -561.522689779054531
 119.985756147042025  115.418585100000001
 123.658538395939928  118.101786099999998
 127.405515767875343  120.545336800000001
 131.227430214078510  122.928606099999996
 135.125023685780207  125.189729299999996
 139.099038134210673  127.302714300000005
 143.150215510599764  129.407564900000011


# temperature  162.000000000000000
#   -0.000001045439423    0.000648265094598   -0.152593016655115   16.594696930872725 -581.112982506903336
 119.985756147042025  116.314810499999993
 123.658538395939928  118.980282299999999
 127.405515767875343  121.401696900000005
 131.227430214078510  123.756455299999999
 135.125023685780207  125.985203100000007
 139.099038134210673  128.064010999999994
 143.150215510599764  130.131038600000011


# temperature  164.000000000000000
#   -0.000001085424449    0.000672363093653   -0.158053341693616   17.136548986207394 -599.972367741337280
 119.985756147042025  117.199203800000006
 123.658538395939928  119.846595399999998
 127.405515767875343  122.245764699999995
 131.227430214078510  124.572196700000006
 135.125023685780207  126.768981299999993
 139.099038134210673  128.814187099999998
 143.150215510599764  130.844184399999989


# temperature  166.000000000000000
#   -0.000001124143338    0.000695685113842   -0.163332023604626   17.659451275253655 -618.106556491841616
 119.985756147042025  118.072136000000000
 123.658538395939928  120.701146899999998
 127.405515767875343  123.078000900000006
 131.227430214078510  125.376316200000005
 135.125023685780207  127.541561799999997
 139.099038134210673  129.553742300000010
 143.150215510599764  131.547490600000003


# temperature  168.000000000000000
#   -0.000001161588482    0.000718230248035   -0.168429906356568   18.163607710671155 -635.527519714602363
 119.985756147042025  118.933962899999997
 123.658538395939928  121.544339600000001
 127.405515767875343  123.898844299999993
 131.227430214078510  126.169274900000005
 135.125023685780207  128.303415999999999
 139.099038134210673  130.283148000000011
 143.150215510599764  132.241416299999997


# temperature  170.000000000000000
#   -0.000001197752400    0.000739997810909   -0.173347880649398   18.649223602862449 -652.247093567258162
 119.985756147042025  119.785026000000002
 123.658538395939928  122.376558200000005
 127.405515767875343  124.708712100000000
 131.227430214078510  126.951509799999997
 135.125023685780207  129.054989299999988
 139.099038134210673  131.002848499999999
 143.150215510599764  132.926393499999989


# temperature  172.000000000000000
#   -0.000001232645951    0.000760996570658   -0.178088642733049   19.116655003433547 -668.281751016248677
 119.985756147042025  120.625652500000001
 123.658538395939928  123.198169699999994
 127.405515767875343  125.508001300000004
 131.227430214078510  127.723435300000006
 135.125023685780207  129.796702799999991
 139.099038134210673  131.713262899999989
 143.150215510599764  133.602828100000011


# temperature  174.000000000000000
#   -0.000001266262040    0.000781226191777   -0.182653143251738   19.566107358522284 -683.643033924468000
 119.985756147042025  121.456155899999999
 123.658538395939928  124.009524600000006
 127.405515767875343  126.297089600000007
 131.227430214078510  128.485444500000000
 135.125023685780207  130.528954599999992
 139.099038134210673  132.414786099999986
 143.150215510599764  134.271101799999997


# temperature  176.000000000000000
#   -0.000001298616509    0.000800698040365   -0.187044542595640   19.997968459371275 -698.348022637707913
 119.985756147042025  122.276836900000006
 123.658538395939928  124.810957200000004
 127.405515767875343  127.076335799999995
 131.227430214078510  129.237909599999995
 135.125023685780207  131.252120800000000
 139.099038134210673  133.107790399999999
 143.150215510599764  134.931573500000013


# temperature  178.000000000000000
#   -0.000001329717907    0.000819419871724   -0.191265321460716   20.412567904201300 -712.411887650591098
 119.985756147042025  123.087983199999996
 123.658538395939928  125.602786699999996
 127.405515767875343  127.846081299999994
 131.227430214078510  129.981183799999997
 135.125023685780207  131.966557099999989
 139.099038134210673  133.792626500000011
 143.150215510599764  135.584580200000005


# temperature  180.000000000000000
#   -0.000001359604414    0.000837414915334   -0.195320964392813   20.810491744351413 -725.857925218942796
 119.985756147042025  123.889870599999995
 123.658538395939928  126.385317400000005
 127.405515767875343  128.606650599999995
 131.227430214078510  130.715601399999997
 135.125023685780207  132.672599300000002
 139.099038134210673  134.469625100000002
 143.150215510599764  136.230438899999996


# temperature  182.000000000000000
#   -0.000001388273252    0.000854684836770   -0.199212690774029   21.191950084279718 -738.696979179793516
 119.985756147042025  124.682762999999994
 123.658538395939928  127.158839499999999
 127.405515767875343  129.358352200000013
 131.227430214078510  131.441479500000014
 135.125023685780207  133.370564900000005
 139.099038134210673  135.139097700000008
 143.150215510599764  136.869447400000013


# temperature  184.000000000000000
#   -0.000001415756817    0.000871249624488   -0.202945277566137   21.557457803766756 -750.949615961526547
 119.985756147042025  125.466913399999996
 123.658538395939928  127.923630099999997
 127.405515767875343  130.101479399999988
 131.227430214078510  132.159118599999999
 135.125023685780207  134.060754000000003
 139.099038134210673  135.801337899999993
 143.150215510599764  137.501885399999992


# temperature  186.000000000000000
#   -0.000001442088137    0.000887129524398   -0.206523523313080   21.907527589138873 -762.636153508150755
 119.985756147042025  126.242563700000005
 123.658538395939928  128.679953200000000
 127.405515767875343  130.836310800000007
 131.227430214078510  132.868803500000013
 135.125023685780207  134.743449999999996
 139.099038134210673  136.456622500000009
 143.150215510599764  138.128015799999986


# temperature  188.000000000000000
#   -0.000001467302719    0.000902346251015   -0.209952532689482   22.242698746984356 -773.777729155544648
 119.985756147042025  127.009945799999997
 123.658538395939928  129.428060799999997
 127.405515767875343  131.563111600000013
 131.227430214078510  133.570803799999993
 135.125023685780207  135.418920799999995
 139.099038134210673  137.105212099999989
 143.150215510599764  138.748085699999990


# temperature  190.000000000000000
#   -0.000001491396221    0.000916900358481   -0.213233191576246   22.563136121441772 -784.383003458087728
 119.985756147042025  127.769281599999999
 123.658538395939928  130.168193099999996
 127.405515767875343  132.282133799999997
 131.227430214078510  134.265375500000005
 135.125023685780207  136.087419500000010
 139.099038134210673  137.747352400000011
 143.150215510599764  139.362327200000010


# temperature  192.000000000000000
#   -0.000001514453589    0.000930839102793   -0.216375520345568   22.869796139609988 -794.486285893501645
 119.985756147042025  128.520783599999987
 123.658538395939928  130.900579599999986
 127.405515767875343  132.993616800000012
 131.227430214078510  134.952760899999987
 135.125023685780207  136.749185600000004
 139.099038134210673  138.383274999999998
 143.150215510599764  139.970958200000013


# temperature  194.000000000000000
#   -0.000001536453204    0.000944153913770   -0.219378573812381   23.162677889107375 -804.090547541653791
 119.985756147042025  129.264655500000003
 123.658538395939928  131.625438900000006
 127.405515767875343  133.697788500000001
 131.227430214078510  135.633189899999991
 135.125023685780207  137.404445100000004
 139.099038134210673  139.013197999999988
 143.150215510599764  140.574183799999986


# temperature  196.000000000000000
#   -0.000001557470027    0.000956886788581   -0.222251314353015   23.442641207622174 -813.226743369817314
 119.985756147042025  130.001091900000006
 123.658538395939928  132.342979700000001
 127.405515767875343  134.394865600000003
 131.227430214078510  136.306880500000005
 135.125023685780207  138.053411799999992
 139.099038134210673  139.637327300000010
 143.150215510599764  141.172196299999996


# temperature  198.000000000000000
#   -0.000001577526364    0.000969051805973   -0.224997145230738   23.710053150073012 -821.909428467303655
 119.985756147042025  130.730279800000005
 123.658538395939928  133.053401100000002
 127.405515767875343  135.085054100000008
 131.227430214078510  136.974039099999999
 135.125023685780207  138.696287899999987
 139.099038134210673  140.255856800000004
 143.150215510599764  141.765176800000006


# temperature  200.000000000000000
#   -0.000001596642222    0.000980662099474   -0.227619330973441   23.965272217989384 -830.152981302309286
 119.985756147042025  131.452397999999988
 123.658538395939928  133.756893399999996
 127.405515767875343  135.768550199999993
 131.227430214078510  137.634861900000004
 135.125023685780207  139.333264600000007
 139.099038134210673  140.868969099999987
 143.150215510599764  142.353295099999997


# temperature  202.000000000000000
#   -0.000001614877278    0.000991751314380   -0.230125093464616   24.208994403671596 -837.982518673740060
 119.985756147042025  132.167617799999988
 123.658538395939928  134.453638000000012
 127.405515767875343  136.445540200000011
 131.227430214078510  138.289534699999990
 135.125023685780207  139.964522499999987
 139.099038134210673  141.476836700000007
 143.150215510599764  142.936711000000003


# temperature  204.000000000000000
#   -0.000001632223511    0.001002317456645   -0.232514622344333   24.441299166619238 -845.402898433435553
 119.985756147042025  132.876103499999999
 123.658538395939928  135.143808000000007
 127.405515767875343  137.116201899999993
 131.227430214078510  138.938233900000000
 135.125023685780207  140.590232700000001
 139.099038134210673  142.079622000000001
 143.150215510599764  143.515574500000014


# temperature  206.000000000000000
#   -0.000001648777386    0.001012413386742   -0.234798881226025   24.663204161839868 -852.449545633071466
 119.985756147042025  133.578012500000000
 123.658538395939928  135.827569100000005
 127.405515767875343  137.780704100000008
 131.227430214078510  139.581126799999993
 135.125023685780207  141.210556900000000
 139.099038134210673  142.677478500000007
 143.150215510599764  144.090026700000010


# temperature  208.000000000000000
#   -0.000001664523299    0.001022033228284   -0.236977298440955   24.874720884582683 -859.125001998104153
 119.985756147042025  134.273495700000012
 123.658538395939928  136.505079300000006
 127.405515767875343  138.439207799999991
 131.227430214078510  140.218372299999999
 135.125023685780207  141.825648099999995
 139.099038134210673  143.270550500000013
 143.150215510599764  144.660200300000014


# temperature  210.000000000000000
#   -0.000001679522799    0.001031211066877   -0.239057044279134   25.076525610056898 -865.453160794601331
 119.985756147042025  134.962697899999995
 123.658538395939928  137.176489599999996
 127.405515767875343  139.091866100000004
 131.227430214078510  140.850121099999996
 135.125023685780207  142.435651199999995
 139.099038134210673  143.858974499999988
 143.150215510599764  145.226219700000001


# temperature  212.000000000000000
#   -0.000001693788416    0.001039955608248   -0.241040362663574   25.268869644837523 -871.444172462369693
 119.985756147042025  135.645758000000001
 123.658538395939928  137.841944399999988
 127.405515767875343  139.738825200000008
 131.227430214078510  141.476516500000002
 135.125023685780207  143.040703299999990
 139.099038134210673  144.442879099999999
 143.150215510599764  145.788202100000007


# temperature  214.000000000000000
#   -0.000001707369084    0.001048294427268   -0.242933152752353   25.452317827453975 -877.118239611520607
 119.985756147042025  136.322809000000007
 123.658538395939928  138.501581600000009
 127.405515767875343  140.380223999999998
 131.227430214078510  142.097694499999989
 135.125023685780207  143.640934100000010
 139.099038134210673  145.022385799999995
 143.150215510599764  146.346257600000001


# temperature  216.000000000000000
#   -0.000001720281445    0.001056237937420   -0.244737891459767   25.627131488235591 -882.485469616779369
 119.985756147042025  136.993978900000002
 123.658538395939928  139.155533200000008
 127.405515767875343  141.016195000000010
 131.227430214078510  142.713784299999986
 135.125023685780207  144.236466699999994
 139.099038134210673  145.597609100000000
 143.150215510599764  146.900489700000008


# temperature  218.000000000000000
#   -0.000001732585951    0.001063819710192   -0.246461634420299   25.793973214637116 -887.569125456031998
 119.985756147042025  137.659390400000007
 123.658538395939928  139.803925399999997
 127.405515767875343  141.646864700000009
 131.227430214078510  143.324908599999986
 135.125023685780207  144.827417400000002
 139.099038134210673  146.168657300000007
 143.150215510599764  147.450995699999993


# temperature  220.000000000000000
#   -0.000001744269499    0.001071034557865   -0.248103783986973   25.952834421513778 -892.370417863657963
 119.985756147042025  138.319161299999990
 123.658538395939928  140.446878900000002
 127.405515767875343  142.272353600000002
 131.227430214078510  143.931184300000012
 135.125023685780207  145.413896599999987
 139.099038134210673  146.735632399999986
 143.150215510599764  147.997867200000002


# temperature  222.000000000000000
#   -0.000001755417074    0.001077928754041   -0.249673846954885   26.104586504879641 -896.919241931606052
 119.985756147042025  138.973404600000009
 123.658538395939928  141.084509300000008
 127.405515767875343  142.892776499999997
 131.227430214078510  144.532722100000001
 135.125023685780207  145.996008799999998
 139.099038134210673  147.298630900000006
 143.150215510599764  148.541190199999988


# temperature  224.000000000000000
#   -0.000001765994221    0.001084485590033   -0.251168889013232   26.249009762256893 -901.209650231598062
 119.985756147042025  139.622229299999987
 123.658538395939928  141.716927099999992
 127.405515767875343  143.508243300000004
 131.227430214078510  145.129627900000003
 135.125023685780207  146.573853100000008
 139.099038134210673  147.857743900000003
 143.150215510599764  149.081045600000010


# temperature  226.000000000000000
#   -0.000001776099836    0.001090758508972   -0.252599790308449   26.387091338593308 -905.275164644964889
 119.985756147042025  140.265739700000012
 123.658538395939928  142.344238399999995
 127.405515767875343  144.118858399999993
 131.227430214078510  145.722001799999987
 135.125023685780207  147.147523500000005
 139.099038134210673  148.413057500000008
 143.150215510599764  149.617509500000011


# temperature  228.000000000000000
#   -0.000001785701149    0.001096731689599   -0.253963782277930   26.518624376306480 -909.110184842000649
 119.985756147042025  140.904036399999995
 123.658538395939928  142.966544499999998
 127.405515767875343  144.724722000000014
 131.227430214078510  146.309939600000007
 135.125023685780207  147.717109099999988
 139.099038134210673  148.964652999999998
 143.150215510599764  150.150653599999998


# temperature  230.000000000000000
#   -0.000001794846727    0.001102432064123   -0.255266507475289   26.644136022208453 -912.733087396708811
 119.985756147042025  141.537215900000007
 123.658538395939928  143.583942699999994
 127.405515767875343  145.325929500000001
 131.227430214078510  146.893532099999987
 135.125023685780207  148.282694499999991
 139.099038134210673  149.512607199999991
 143.150215510599764  150.680545300000006


# temperature  232.000000000000000
#   -0.000001803570680    0.001107878802648   -0.256512045188561   26.764013470375378 -916.157553574204485
 119.985756147042025  142.165371200000010
 123.658538395939928  144.196526299999988
 127.405515767875343  145.922572099999996
 131.227430214078510  147.472866100000005
 135.125023685780207  148.844359800000007
 139.099038134210673  150.056992799999989
 143.150215510599764  151.207247800000005


# temperature  234.000000000000000
#   -0.000001811882182    0.001113077883789   -0.257701856403569   26.878412827108665 -919.389617615123825
 119.985756147042025  142.788591599999990
 123.658538395939928  144.804384499999998
 127.405515767875343  146.514736800000009
 131.227430214078510  148.048023999999998
 135.125023685780207  149.402181299999995
 139.099038134210673  150.597878500000007
 143.150215510599764  151.730820999999992


# temperature  236.000000000000000
#   -0.000001819813826    0.001118047598604   -0.258839824693089   26.987701608115191 -922.442220034356751
 119.985756147042025  143.406963300000001
 123.658538395939928  145.407603099999989
 127.405515767875343  147.102507199999991
 131.227430214078510  148.619084500000014
 135.125023685780207  149.956231300000013
 139.099038134210673  151.135329299999995
 143.150215510599764  152.251320800000002


# temperature  238.000000000000000
#   -0.000001827395075    0.001122804565700   -0.259929494151544   27.092216356552406 -925.327235797644448
 119.985756147042025  144.020568999999995
 123.658538395939928  146.006264299999998
 127.405515767875343  147.685962799999999
 131.227430214078510  149.186122500000010
 135.125023685780207  150.506578499999989
 139.099038134210673  151.669406699999996
 143.150215510599764  152.768800199999987


# temperature  240.000000000000000
#   -0.000001834636870    0.001127355647186   -0.260972481738520   27.192124401599212 -928.050969591106991
 119.985756147042025  144.629488699999996
 123.658538395939928  146.600447099999997
 127.405515767875343  148.265179999999987
 131.227430214078510  149.749209500000006
 135.125023685780207  151.053288100000003
 139.099038134210673  152.200168800000000
 143.150215510599764  153.283308900000009


# temperature  242.000000000000000
#   -0.000001841570251    0.001131718073363   -0.261972403889262   27.287763952321868 -930.625190174913541
 119.985756147042025  145.233799199999993
 123.658538395939928  147.190227300000004
 127.405515767875343  148.840231600000010
 131.227430214078510  150.308413699999988
 135.125023685780207  151.596422200000006
 139.099038134210673  152.727670700000004
 143.150215510599764  153.794893699999989


# temperature  244.000000000000000
#   -0.000001848191070    0.001135890694147   -0.262929278684708   27.379160272944787 -933.051467725153316
 119.985756147042025  145.833574599999992
 123.658538395939928  147.775677500000000
 127.405515767875343  149.411187600000005
 131.227430214078510  150.863800099999992
 135.125023685780207  152.136039699999998
 139.099038134210673  153.251964500000014
 143.150215510599764  154.303598800000003


# temperature  246.000000000000000
#   -0.000001854536814    0.001139894054597   -0.263847355597656   27.466704724573738 -935.343230435387795
 119.985756147042025  146.428886400000010
 123.658538395939928  148.356867899999997
 127.405515767875343  149.978114799999986
 131.227430214078510  151.415430899999990
 135.125023685780207  152.672196899999989
 139.099038134210673  153.773099599999995
 143.150215510599764  154.809465700000004


# temperature  248.000000000000000
#   -0.000001860627197    0.001143739431327   -0.264729070028057   27.550630751754632 -937.508750626857932
 119.985756147042025  147.019803599999989
 123.658538395939928  148.933865599999990
 127.405515767875343  150.541077400000006
 131.227430214078510  151.963365299999992
 135.125023685780207  153.204946900000010
 139.099038134210673  154.291122800000011
 143.150215510599764  155.312533500000001


# temperature  250.000000000000000
#   -0.000001866485450    0.001147439756156   -0.265577145654813   27.631193751622728 -939.556918157285963
 119.985756147042025  147.606392400000004
 123.658538395939928  149.506735200000008
 127.405515767875343  151.100136700000007
 131.227430214078510  152.507659999999987
 135.125023685780207  153.734340800000012
 139.099038134210673  154.806078500000012
 143.150215510599764  155.812839099999991


# temperature  252.000000000000000
#   -0.000001872112201    0.001150996387919   -0.266392083806535   27.708459390845949 -941.490547254342573
 119.985756147042025  148.188717200000013
 123.658538395939928  150.075538999999992
 127.405515767875343  151.655351800000005
 131.227430214078510  153.048369199999996
 135.125023685780207  154.260426700000011
 139.099038134210673  155.318008600000013
 143.150215510599764  156.310417300000012


# temperature  254.000000000000000
#   -0.000001877512651    0.001154412602757   -0.267174666351416   27.782509327936872 -943.312698879809545
 119.985756147042025  148.766839900000008
 123.658538395939928  150.640336600000012
 127.405515767875343  152.206779200000000
 131.227430214078510  153.585544499999997
 135.125023685780207  154.783250900000013
 139.099038134210673  155.826953000000003
 143.150215510599764  156.805300899999992


# temperature  256.000000000000000
#   -0.000001882747776    0.001157721294422   -0.267931562836055   27.853944512439337 -945.043581964121586
 119.985756147042025  149.340820199999996
 123.658538395939928  151.201185900000013
 127.405515767875343  152.754472899999996
 131.227430214078510  154.119235599999996
 135.125023685780207  155.302857100000011
 139.099038134210673  156.332949600000006
 143.150215510599764  157.297520700000007


# temperature  258.000000000000000
#   -0.000001887774871    0.001160900574863   -0.268658602219368   27.922413685972327 -946.672083873859606
 119.985756147042025  149.910715900000014
 123.658538395939928  151.758141999999992
 127.405515767875343  153.298485199999988
 131.227430214078510  154.649489799999998
 135.125023685780207  155.819287400000007
 139.099038134210673  156.836034200000000
 143.150215510599764  157.787105900000000


# temperature  260.000000000000000
#   -0.000001892647128    0.001163979264028   -0.269361650298899   27.988446961750693 -948.216065712817226
 119.985756147042025  150.476582900000011
 123.658538395939928  152.311258600000002
 127.405515767875343  153.838865999999996
 131.227430214078510  155.176352400000013
 135.125023685780207  156.332581500000003
 139.099038134210673  157.336240900000007
 143.150215510599764  158.274084100000010


# temperature  262.000000000000000
#   -0.000001897386585    0.001166969322132   -0.270043160024151   28.052268210740575 -949.683112797884519
 119.985756147042025  151.038475099999999
 123.658538395939928  152.860587100000004
 127.405515767875343  154.375663300000014
 131.227430214078510  155.699866799999995
 135.125023685780207  156.842777699999999
 139.099038134210673  157.833602100000007
 143.150215510599764  158.758480999999989


# temperature  264.000000000000000
#   -0.000001901952987    0.001169850408348   -0.270699310243133   28.113560223184660 -951.063331277177895
 119.985756147042025  151.596444700000006
 123.658538395939928  153.406177000000014
 127.405515767875343  154.908923399999992
 131.227430214078510  156.220074799999992
 135.125023685780207  157.349912200000006
 139.099038134210673  158.328148499999998
 143.150215510599764  159.240321399999999


# temperature  266.000000000000000
#   -0.000001906394003    0.001172647845552   -0.271335158054564   28.172771740412891 -952.371570094299955
 119.985756147042025  152.150542199999990
 123.658538395939928  153.948076200000003
 127.405515767875343  155.438690500000007
 131.227430214078510  156.737016199999999
 135.125023685780207  157.854019899999997
 139.099038134210673  158.819909499999994
 143.150215510599764  159.719628300000011


# temperature  268.000000000000000
#   -0.000001910717270    0.001175366520813   -0.271951856929768   28.230020775287212 -953.612193610426289
 119.985756147042025  152.700816400000008
 123.658538395939928  154.486331000000007
 127.405515767875343  155.965007500000013
 131.227430214078510  157.250729199999995
 135.125023685780207  158.355133899999998
 139.099038134210673  159.308912700000008
 143.150215510599764  160.196423600000003


# temperature  270.000000000000000
#   -0.000001914905876    0.001177997820255   -0.272547782505122   28.285171971538485 -954.780924608229157
 119.985756147042025  153.247314700000004
 123.658538395939928  155.020985800000005
 127.405515767875343  156.487915399999991
 131.227430214078510  157.761250600000011
 135.125023685780207  158.853285999999997
 139.099038134210673  159.795184699999993
 143.150215510599764  160.670728099999991


# temperature  272.000000000000000
#   -0.000001919011301    0.001180569346312   -0.273128492798154   28.338722218089547 -955.894330760149842
 119.985756147042025  153.790082699999999
 123.658538395939928  155.552083699999997
 127.405515767875343  157.007453800000008
 131.227430214078510  158.268615600000004
 135.125023685780207  159.348506500000013
 139.099038134210673  160.278750800000012
 143.150215510599764  161.142561199999989


# temperature  274.000000000000000
#   -0.000001923024398    0.001183076752382   -0.273693238036459   28.390615444175033 -956.950821436492674
 119.985756147042025  154.329164899999995
 123.658538395939928  156.079666300000014
 127.405515767875343  157.523660900000010
 131.227430214078510  158.772858100000008
 135.125023685780207  159.840824499999997
 139.099038134210673  160.759635000000003
 143.150215510599764  161.611941500000000


# temperature  276.000000000000000
#   -0.000001926941470    0.001185518551583   -0.274241829829853   28.440844430446827 -957.950397965494858
 119.985756147042025  154.864604299999996
 123.658538395939928  156.603773799999999
 127.405515767875343  158.036573400000009
 131.227430214078510  159.274010599999997
 135.125023685780207  160.330267899999996
 139.099038134210673  161.237860100000006
 143.150215510599764  162.078886600000004


# temperature  278.000000000000000
#   -0.000001930785967    0.001187907395012   -0.274776836617582   28.489640577281577 -958.900799430435882
 119.985756147042025  155.396442400000012
 123.658538395939928  157.124444899999986
 127.405515767875343  158.546226700000005
 131.227430214078510  159.772104399999989
 135.125023685780207  160.816863299999994
 139.099038134210673  161.713448099999994
 143.150215510599764  162.543412999999987


# temperature  280.000000000000000
#   -0.000001934543987    0.001190236563661   -0.275297063820398   28.536910682433930 -959.799275379777214
 119.985756147042025  155.924719699999997
 123.658538395939928  157.641717300000010
 127.405515767875343  159.052655100000010
 131.227430214078510  160.267169700000011
 135.125023685780207  161.300636300000008
 139.099038134210673  162.186419800000010
 143.150215510599764  163.005536699999993


# temperature  282.000000000000000
#   -0.000001938237093    0.001192517750167   -0.275804895615602   28.582870238168180 -960.653047253568388
 119.985756147042025  156.449475400000011
 123.658538395939928  158.155627299999992
 127.405515767875343  159.555891699999989
 131.227430214078510  160.759235300000000
 135.125023685780207  161.781611400000003
 139.099038134210673  162.656795100000011
 143.150215510599764  163.465272499999998


# temperature  284.000000000000000
#   -0.000001941894157    0.001194766241703   -0.276303373140556   28.627787591198565 -961.470915405772644
 119.985756147042025  156.970747600000010
 123.658538395939928  158.666210199999995
 127.405515767875343  160.055968100000001
 131.227430214078510  161.248329200000001
 135.125023685780207  162.259812299999993
 139.099038134210673  163.124593299999987
 143.150215510599764  163.922634700000003


# temperature  286.000000000000000
#   -0.000001945475156    0.001196961485020   -0.276788558096563   28.671328097049891 -962.242180400245388
 119.985756147042025  157.488573099999996
 123.658538395939928  159.173499899999996
 127.405515767875343  160.552915399999989
 131.227430214078510  161.734478400000000
 135.125023685780207  162.735261699999995
 139.099038134210673  163.589832500000000
 143.150215510599764  164.377636800000005


# temperature  288.000000000000000
#   -0.000001948990887    0.001199109588799   -0.277261746951218   28.713612975535764 -962.971000772226830
 119.985756147042025  158.002987800000000
 123.658538395939928  159.677529499999991
 127.405515767875343  161.046763300000009
 131.227430214078510  162.217708799999997
 135.125023685780207  163.207981200000006
 139.099038134210673  164.052530100000013
 143.150215510599764  164.830291700000004


# temperature  290.000000000000000
#   -0.000001952480581    0.001201231329756   -0.277727068374115   28.755006103148581 -963.669320688460402
 119.985756147042025  158.514026599999994
 123.658538395939928  160.178331100000008
 127.405515767875343  161.537540600000000
 131.227430214078510  162.698045400000012
 135.125023685780207  163.677991899999995
 139.099038134210673  164.512703100000010
 143.150215510599764  165.280611700000009


# temperature  292.000000000000000
#   -0.000001955943658    0.001203326737206   -0.278184603153170   28.795520901597648 -964.337725164320545
 119.985756147042025  159.021723299999991
 123.658538395939928  160.675935799999991
 127.405515767875343  162.025275099999988
 131.227430214078510  163.175512499999996
 135.125023685780207  164.145313899999991
 139.099038134210673  164.970367500000009
 143.150215510599764  165.728608400000013


# temperature  294.000000000000000
#   -0.000001959348110    0.001205379254949   -0.278631151698718   28.834882678464481 -964.967319819557133
 119.985756147042025  159.526110899999992
 123.658538395939928  161.170373500000011
 127.405515767875343  162.509994000000006
 131.227430214078510  163.650133299999993
 135.125023685780207  164.609966799999995
 139.099038134210673  165.425538700000004
 143.150215510599764  166.174293199999994


# temperature  296.000000000000000
#   -0.000001962721131    0.001207403615421   -0.279069708995067   28.873361200960758 -965.567135921857243
 119.985756147042025  160.027221400000002
 123.658538395939928  161.661673799999988
 127.405515767875343  162.991723500000006
 131.227430214078510  164.121930700000007
 135.125023685780207  165.071969300000006
 139.099038134210673  165.878231599999992
 143.150215510599764  166.617676700000004


# temperature  298.000000000000000
#   -0.000001966048626    0.001209392387277   -0.279498813177915   28.910828412439255 -966.132907585668704
 119.985756147042025  160.525085999999988
 123.658538395939928  162.149864799999989
 127.405515767875343  163.470488799999998
 131.227430214078510  164.590926400000001
 135.125023685780207  165.531339500000001
 139.099038134210673  166.328460500000006
 143.150215510599764  167.058769100000006


# temperature  300.000000000000000
#   -0.000001969363045    0.001211363107424   -0.279922017650287   28.947603313967587 -966.675290595115598
 119.985756147042025  161.019734999999997
 123.658538395939928  162.634974400000004
 127.405515767875343  163.946314699999988
 131.227430214078510  165.057141599999994
 135.125023685780207  165.988094999999987
 139.099038134210673  166.776239199999992
 143.150215510599764  167.497580300000010


# temperature  302.000000000000000
#   -0.000001972635744    0.001213300836420   -0.280336410369693   28.983433617694725 -967.186038714066740
 119.985756147042025  161.511198000000007
 123.658538395939928  163.117029300000013
 127.405515767875343  164.419225100000006
 131.227430214078510  165.520596899999987
 135.125023685780207  166.442252800000006
 139.099038134210673  167.221580999999986
 143.150215510599764  167.934119799999991


# temperature  304.000000000000000
#   -0.000001975904412    0.001215225567511   -0.280745967305235   29.018669765662228 -967.676655074019664
 119.985756147042025  161.999503800000014
 123.658538395939928  163.596055699999994
 127.405515767875343  164.889243099999987
 131.227430214078510  165.981312099999997
 135.125023685780207  166.893829199999999
 139.099038134210673  167.664498799999990
 143.150215510599764  168.368396600000011


# temperature  306.000000000000000
#   -0.000001979140026    0.001217122410537   -0.281147836665937   29.053069312606322 -968.139372280634348
 119.985756147042025  162.484680400000002
 123.658538395939928  164.072079099999996
 127.405515767875343  165.356391500000001
 131.227430214078510  166.439306799999997
 135.125023685780207  167.342840200000012
 139.099038134210673  168.105004900000012
 143.150215510599764  168.800419400000010


# temperature  308.000000000000000
#   -0.000001982354884    0.001218997846637   -0.281543299569126   29.086744021616557 -968.577775513407005
 119.985756147042025  162.966755299999988
 123.658538395939928  164.545124100000010
 127.405515767875343  165.820692100000002
 131.227430214078510  166.894599599999992
 135.125023685780207  167.789301099999989
 139.099038134210673  168.543111500000009
 143.150215510599764  169.230196799999987


# temperature  310.000000000000000
#   -0.000001985544628    0.001220849853614   -0.281932016503152   29.119669018955605 -968.991151699853162
 119.985756147042025  163.445755200000008
 123.658538395939928  165.015215000000012
 127.405515767875343  166.282166399999994
 131.227430214078510  167.347208800000004
 135.125023685780207  168.233227099999993
 139.099038134210673  168.978830100000010
 143.150215510599764  169.657736900000003


# temperature  312.000000000000000
#   -0.000001988716704    0.001222682658698   -0.282314885105939   29.151928010643235 -969.382354171167322
 119.985756147042025  163.921706000000000
 123.658538395939928  165.482375300000001
 127.405515767875343  166.740835099999998
 131.227430214078510  167.797152299999993
 135.125023685780207  168.674632500000001
 139.099038134210673  169.412172099999992
 143.150215510599764  170.083047700000009


# temperature  314.000000000000000
#   -0.000001991870821    0.001224496126170   -0.282691885073472   29.183519270915983 -969.751268259410153
 119.985756147042025  164.394633400000004
 123.658538395939928  165.946628000000004
 127.405515767875343  167.196718599999997
 131.227430214078510  168.244447199999996
 135.125023685780207  169.113531700000010
 139.099038134210673  169.843148399999990
 143.150215510599764  170.506136800000007


# temperature  316.000000000000000
#   -0.000001995015685    0.001226295002098   -0.283063988429871   29.214530646400728 -970.100809910110684
 119.985756147042025  164.864562100000001
 123.658538395939928  166.407995400000004
 127.405515767875343  167.649836700000009
 131.227430214078510  168.689110499999998
 135.125023685780207  169.549938400000002
 139.099038134210673  170.271769900000010
 143.150215510599764  170.927011700000008


# temperature  318.000000000000000
#   -0.000001998128297    0.001228067544450   -0.283428955213889   29.244772191930458 -970.424895489636810
 119.985756147042025  165.331516499999992
 123.658538395939928  166.866499500000003
 127.405515767875343  168.100208799999990
 131.227430214078510  169.131158699999986
 135.125023685780207  169.983866000000006
 139.099038134210673  170.698046799999986
 143.150215510599764  171.345679700000005


# temperature  320.000000000000000
#   -0.000002001239234    0.001229829751592   -0.283789922238541   29.274516359603680 -970.732330239594376
 119.985756147042025  165.795520299999993
 123.658538395939928  167.322161599999987
 127.405515767875343  168.547853500000002
 131.227430214078510  169.570607800000005
 135.125023685780207  170.415327600000012
 139.099038134210673  171.121989500000012
 143.150215510599764  171.762147900000002


# temperature  322.000000000000000
#   -0.000002004316719    0.001231565222880   -0.284143725009440   29.303491923799459 -971.014361479439003
 119.985756147042025  166.256596699999989
 123.658538395939928  167.775002599999993
 127.405515767875343  168.992789499999986
 131.227430214078510  170.007473500000003
 135.125023685780207  170.844336199999987
 139.099038134210673  171.543607699999995
 143.150215510599764  172.176423199999988


# temperature  324.000000000000000
#   -0.000002007395610    0.001233292443300   -0.284494035213290   29.332021945357660 -971.281575277316506
 119.985756147042025  166.714768600000014
 123.658538395939928  168.225043099999994
 127.405515767875343  169.435034800000011
 131.227430214078510  170.441771100000011
 135.125023685780207  171.270904199999990
 139.099038134210673  171.962911300000002
 143.150215510599764  172.588512500000007


# temperature  326.000000000000000
#   -0.000002010442269    0.001234993735076   -0.284837376407186   29.359802548462834 -971.523973192447443
 119.985756147042025  167.170058200000000
 123.658538395939928  168.672302900000005
 127.405515767875343  169.874606900000003
 131.227430214078510  170.873515700000013
 135.125023685780207  171.695043900000002
 139.099038134210673  172.379909800000007
 143.150215510599764  172.998422500000004


# temperature  328.000000000000000
#   -0.000002013475747    0.001236679179938   -0.285175748866675   29.387009405127657 -971.747280796934660
 119.985756147042025  167.622487400000011
 123.658538395939928  169.116801699999996
 127.405515767875343  170.311523099999988
 131.227430214078510  171.302721899999995
 135.125023685780207  172.116767399999986
 139.099038134210673  172.794612499999999
 143.150215510599764  173.406159599999995


# temperature  330.000000000000000
#   -0.000002016503656    0.001238353325376   -0.285510157675030   29.413739491483447 -971.954920299383843
 119.985756147042025  168.072077400000012
 123.658538395939928  169.558558799999986
 127.405515767875343  170.745800500000001
 131.227430214078510  171.729404200000005
 135.125023685780207  172.536086299999994
 139.099038134210673  173.207028600000001
 143.150215510599764  173.811730500000010


# temperature  332.000000000000000
#   -0.000002019485364    0.001239994521880   -0.285836285688708   29.439610311607908 -972.134153253601539
 119.985756147042025  168.518849299999999
 123.658538395939928  169.997592800000007
 127.405515767875343  171.177455500000008
 131.227430214078510  172.153576700000002
 135.125023685780207  172.953012400000006
 139.099038134210673  173.617166999999995
 143.150215510599764  174.215141399999993


# temperature  334.000000000000000
#   -0.000002022470254    0.001241628995741   -0.286159350524862   29.465082091565172 -972.300131637481400
 119.985756147042025  168.962823600000007
 123.658538395939928  170.433922400000000
 127.405515767875343  171.606504400000006
 131.227430214078510  172.575253400000008
 135.125023685780207  173.367556900000011
 139.099038134210673  174.025036800000009
 143.150215510599764  174.616398599999997


# temperature  336.000000000000000
#   -0.000002025435525    0.001243244906559   -0.286477050945553   29.489955849091725 -972.446362862229307
 119.985756147042025  169.404020500000001
 123.658538395939928  170.867565500000012
 127.405515767875343  172.032963400000000
 131.227430214078510  172.994447699999995
 135.125023685780207  173.779731099999992
 139.099038134210673  174.430646700000011
 143.150215510599764  175.015508500000010


# temperature  338.000000000000000
#   -0.000002028386251    0.001244845027516   -0.286789955305018   29.514282736408994 -972.574521099761455
 119.985756147042025  169.842459800000000
 123.658538395939928  171.298540099999997
 127.405515767875343  172.456847900000014
 131.227430214078510  173.411173100000013
 135.125023685780207  174.189546000000007
 139.099038134210673  174.834005200000007
 143.150215510599764  175.412477200000012


# temperature  340.000000000000000
#   -0.000002031309637    0.001246422735296   -0.287096781494545   29.537952190116869 -972.680989538250515
 119.985756147042025  170.278161100000005
 123.658538395939928  171.726863600000001
 127.405515767875343  172.878173599999997
 131.227430214078510  173.825442900000013
 135.125023685780207  174.597012400000011
 139.099038134210673  175.235120999999992
 143.150215510599764  175.807310900000004


# temperature  342.000000000000000
#   -0.000002034198095    0.001247974145560   -0.287396787296480   29.560900926605260 -972.763704493587966
 119.985756147042025  170.711143300000003
 123.658538395939928  172.152553100000006
 127.405515767875343  173.296955499999996
 131.227430214078510  174.237269999999995
 135.125023685780207  175.002141099999989
 139.099038134210673  175.634002400000014
 143.150215510599764  176.200015699999994


# temperature  344.000000000000000
#   -0.000002037073508    0.001249510918504   -0.287692300212392   29.583334645904266 -972.829426489468233
 119.985756147042025  171.141425300000009
 123.658538395939928  172.575625599999995
 127.405515767875343  173.713208699999996
 131.227430214078510  174.646667199999996
 135.125023685780207  175.404942599999998
 139.099038134210673  176.030657899999994
 143.150215510599764  176.590597699999989


# temperature  346.000000000000000
#   -0.000002039932946    0.001251031469466   -0.287982999904760   29.605224140047060 -972.877113868588026
 119.985756147042025  171.569025600000003
 123.658538395939928  172.996097700000007
 127.405515767875343  174.126947699999988
 131.227430214078510  175.053647100000006
 135.125023685780207  175.805427400000013
 139.099038134210673  176.425095800000008
 143.150215510599764  176.979062999999996


# temperature  348.000000000000000
#   -0.000002042765273    0.001252530293314   -0.288267874138245   29.626486915963099 -972.904221997154536
 119.985756147042025  171.993962299999993
 123.658538395939928  173.413985800000006
 127.405515767875343  174.538187300000004
 131.227430214078510  175.458222199999994
 135.125023685780207  176.203605799999991
 139.099038134210673  176.817324200000002
 143.150215510599764  177.365417600000001


# temperature  350.000000000000000
#   -0.000002045562964    0.001254003288139   -0.288546086509541   29.647046852154869 -972.908114778858703
 119.985756147042025  172.416253399999988
 123.658538395939928  173.829306000000003
 127.405515767875343  174.946941500000008
 131.227430214078510  175.860404799999998
 135.125023685780207  176.599488100000002
 139.099038134210673  177.207351299999999
 143.150215510599764  177.749667600000009


# temperature  352.000000000000000
#   -0.000002048342259    0.001255459243116   -0.288819418072379   29.667063596606866 -972.894105467057329
 119.985756147042025  172.835916499999996
 123.658538395939928  174.242074199999990
 127.405515767875343  175.353224600000004
 131.227430214078510  176.260207000000008
 135.125023685780207  176.993084299999992
 139.099038134210673  177.595185299999997
 143.150215510599764  178.131819100000001


# temperature  354.000000000000000
#   -0.000002051085330    0.001256888695131   -0.289085989521092   29.686371175342710 -972.856666185891413
 119.985756147042025  173.252969000000007
 123.658538395939928  174.652306000000010
 127.405515767875343  175.757050499999991
 131.227430214078510  176.657640899999990
 135.125023685780207  177.384404600000011
 139.099038134210673  177.980834299999998
 143.150215510599764  178.511878099999990


# temperature  356.000000000000000
#   -0.000002053796056    0.001258294029900   -0.289346340413289   29.705022487967256 -972.797676562648348
 119.985756147042025  173.667427900000007
 123.658538395939928  175.060016999999988
 127.405515767875343  176.158433000000002
 131.227430214078510  177.052718400000003
 135.125023685780207  177.773458900000008
 139.099038134210673  178.364306199999987
 143.150215510599764  178.889850700000011


# temperature  358.000000000000000
#   -0.000002056498420    0.001259687759989   -0.289602914012230   29.723228695083026 -972.723924439805387
 119.985756147042025  174.079310200000009
 123.658538395939928  175.465222399999988
 127.405515767875343  176.557385500000009
 131.227430214078510  177.445451100000014
 135.125023685780207  178.160257000000001
 139.099038134210673  178.745609199999990
 143.150215510599764  179.265743100000009


# temperature  360.000000000000000
#   -0.000002059170332    0.001261058472635   -0.289853505219912   29.740800509471111 -972.629291459163028
 119.985756147042025  174.488632499999994
 123.658538395939928  175.867937299999994
 127.405515767875343  176.953921600000001
 131.227430214078510  177.835850800000003
 135.125023685780207  178.544808799999998
 139.099038134210673  179.124751199999992
 143.150215510599764  179.639561399999991


# temperature  362.000000000000000
#   -0.000002061785419    0.001262392399206   -0.290095423507884   29.757504248428436 -972.506139643946767
 119.985756147042025  174.895411200000012
 123.658538395939928  176.268176500000010
 127.405515767875343  177.348054600000012
 131.227430214078510  178.223929099999992
 135.125023685780207  178.927124099999986
 139.099038134210673  179.501740100000006
 143.150215510599764  180.011311799999987


# temperature  364.000000000000000
#   -0.000002064377170    0.001263707112501   -0.290332122804259   29.773640867643948 -972.364252036136349
 119.985756147042025  175.299662500000011
 123.658538395939928  176.665954699999986
 127.405515767875343  177.739797600000003
 131.227430214078510  178.609697399999988
 135.125023685780207  179.307212499999991
 139.099038134210673  179.876584000000008
 143.150215510599764  180.381000300000011


# temperature  366.000000000000000
#   -0.000002066931844    0.001264995623693   -0.290562273287865   29.789097730699854 -972.200018684495944
 119.985756147042025  175.701402500000000
 123.658538395939928  177.061286499999994
 127.405515767875343  178.129163699999992
 131.227430214078510  178.993167000000000
 135.125023685780207  179.685083700000007
 139.099038134210673  180.249290800000011
 143.150215510599764  180.748633399999989


# temperature  368.000000000000000
#   -0.000002069463743    0.001266265321035   -0.290787305353483   29.803997454729203 -972.017341060417834
 119.985756147042025  176.100647000000009
 123.658538395939928  177.454186300000003
 127.405515767875343  178.516165699999988
 131.227430214078510  179.374349300000006
 135.125023685780207  180.060747399999997
 139.099038134210673  180.619868599999990
 143.150215510599764  181.114217200000013


# temperature  370.000000000000000
#   -0.000002071930029    0.001267494016927   -0.291002917868744   29.817969763671822 -971.804249960067409
 119.985756147042025  176.497411499999998
 123.658538395939928  177.844668200000001
 127.405515767875343  178.900816499999991
 131.227430214078510  179.753255499999995
 135.125023685780207  180.434213099999994
 139.099038134210673  180.988325099999997
 143.150215510599764  181.477758099999988


# temperature  372.000000000000000
#   -0.000002074388468    0.001268712000903   -0.291215058445477   29.831532613336393 -971.577600278485420
 119.985756147042025  176.891711600000008
 123.658538395939928  178.232746499999990
 127.405515767875343  179.283128699999992
 131.227430214078510  180.129896699999989
 135.125023685780207  180.805490300000002
 139.099038134210673  181.354668500000002
 143.150215510599764  181.839262300000001


# temperature  374.000000000000000
#   -0.000002076796566    0.001269897070473   -0.291419383957237   29.844308627863516 -971.325078845467488
 119.985756147042025  177.283562499999988
 123.658538395939928  178.618435000000005
 127.405515767875343  179.663114900000011
 131.227430214078510  180.504283899999990
 135.125023685780207  181.174588699999987
 139.099038134210673  181.718906599999997
 143.150215510599764  182.198736400000001


# temperature  376.000000000000000
#   -0.000002079148469    0.001271046200393   -0.291615309918471   29.856247398626039 -971.045024245275840
 119.985756147042025  177.672979400000003
 123.658538395939928  179.001747499999993
 127.405515767875343  180.040787599999987
 131.227430214078510  180.876428299999986
 135.125023685780207  181.541517599999992
 139.099038134210673  182.081047500000011
 143.150215510599764  182.556186800000006


# temperature  378.000000000000000
#   -0.000002081468215    0.001272172135236   -0.291805367246705   29.867571691595767 -970.744746244532621
 119.985756147042025  178.059977099999998
 123.658538395939928  179.382697699999994
 127.405515767875343  180.416159099999987
 131.227430214078510  181.246340699999990
 135.125023685780207  181.906286499999993
 139.099038134210673  182.441099199999996
 143.150215510599764  182.911619999999999


# temperature  380.000000000000000
#   -0.000002083762707    0.001273278656794   -0.291990331908322   29.878351796037812 -970.426594480934682
 119.985756147042025  178.444570499999998
 123.658538395939928  179.761299299999990
 127.405515767875343  180.789241900000007
 131.227430214078510  181.614032000000009
 135.125023685780207  182.268904899999995
 139.099038134210673  182.799069699999990
 143.150215510599764  183.265042499999993


# temperature  382.000000000000000
#   -0.000002085993675    0.001274345543890   -0.292166203149767   29.888236098715637 -970.078964822528519
 119.985756147042025  178.826774300000011
 123.658538395939928  180.137565599999988
 127.405515767875343  181.160047999999989
 131.227430214078510  181.979513200000014
 135.125023685780207  182.629382200000009
 139.099038134210673  183.154966999999999
 143.150215510599764  183.616460899999993


# temperature  384.000000000000000
#   -0.000002088189046    0.001275387679706   -0.292335951313655   29.897487352342946 -969.710527573479794
 119.985756147042025  179.206603000000001
 123.658538395939928  180.511510100000010
 127.405515767875343  181.528589600000004
 131.227430214078510  182.342794900000001
 135.125023685780207  182.987727900000010
 139.099038134210673  183.508799100000005
 143.150215510599764  183.965881899999999


# temperature  386.000000000000000
#   -0.000002090345919    0.001276403642670   -0.292499318243877   29.906084687327983 -969.320626635589861
 119.985756147042025  179.584070900000000
 123.658538395939928  180.883145899999988
 127.405515767875343  181.894878900000009
 131.227430214078510  182.703888000000006
 135.125023685780207  183.343951299999986
 139.099038134210673  183.860574299999996
 143.150215510599764  184.313312300000007


# temperature  388.000000000000000
#   -0.000002092436342    0.001277378783302   -0.292653429202901   29.913777445558377 -968.901046476762986
 119.985756147042025  179.959192300000012
 123.658538395939928  181.252486199999993
 127.405515767875343  182.258927699999987
 131.227430214078510  183.062803199999991
 135.125023685780207  183.698061899999999
 139.099038134210673  184.210300399999994
 143.150215510599764  184.658758799999987


# temperature  390.000000000000000
#   -0.000002094481500    0.001278324200825   -0.292800463051945   29.920755238702686 -968.457937712932448
 119.985756147042025  180.331981399999989
 123.658538395939928  181.619543999999991
 127.405515767875343  182.620748099999986
 131.227430214078510  183.419551200000001
 135.125023685780207  184.050069100000002
 139.099038134210673  184.557985800000012
 143.150215510599764  185.002228199999990


# temperature  392.000000000000000
#   -0.000002096490561    0.001279244961371   -0.292941465948324   29.927113465050297 -967.994522408213470
 119.985756147042025  180.702452099999988
 123.658538395939928  181.984332400000000
 127.405515767875343  182.980351799999994
 131.227430214078510  183.774142699999999
 135.125023685780207  184.399982200000011
 139.099038134210673  184.903638599999994
 143.150215510599764  185.343727500000000


# temperature  394.000000000000000
#   -0.000002098439670    0.001280128526605   -0.293073971368998   29.932636590031024 -967.503720609892184
 119.985756147042025  181.070618400000001
 123.658538395939928  182.346864199999999
 127.405515767875343  183.337750800000009
 131.227430214078510  184.126588199999986
 135.125023685780207  184.747810799999996
 139.099038134210673  185.247266800000006
 143.150215510599764  185.683263500000010


# temperature  396.000000000000000
#   -0.000002100331055    0.001280976164315   -0.293198247955856   29.937349458803116 -966.986360619729226
 119.985756147042025  181.436494000000010
 123.658538395939928  182.707152100000002
 127.405515767875343  183.692956699999996
 131.227430214078510  184.476898400000010
 135.125023685780207  185.093564100000009
 139.099038134210673  185.588878800000003
 143.150215510599764  186.020843399999990


# temperature  398.000000000000000
#   -0.000002102193112    0.001281802768362   -0.293317222456075   29.941507153678010 -966.450741894703469
 119.985756147042025  181.800092599999999
 123.658538395939928  183.065208899999988
 127.405515767875343  184.045981200000000
 131.227430214078510  184.825083799999987
 135.125023685780207  185.437251599999996
 139.099038134210673  185.928482900000006
 143.150215510599764  186.356474100000014


# temperature  400.000000000000000
#   -0.000002103973386    0.001282580948979   -0.293425540072160   29.944644848838237 -965.881727883917620
 119.985756147042025  182.161427900000007
 123.658538395939928  183.421047200000004
 127.405515767875343  184.396836100000002
 131.227430214078510  185.171155099999993
 135.125023685780207  185.778882699999997
 139.099038134210673  186.266087199999987
 143.150215510599764  186.690162799999996


# temperature  402.000000000000000
#   -0.000002105732716    0.001283342801295   -0.293529541830646   29.947318320877919 -965.297532963317167
 119.985756147042025  182.520513200000011
 123.658538395939928  183.774679700000007
 127.405515767875343  184.745532800000007
 131.227430214078510  185.515122600000012
 135.125023685780207  186.118466799999993
 139.099038134210673  186.601700099999988
 143.150215510599764  187.021916699999991


# temperature  404.000000000000000
#   -0.000002107412179    0.001284057345306   -0.293623129700064   29.948994722813772 -964.680698415475831
 119.985756147042025  182.877361900000011
 123.658538395939928  184.126118600000012
 127.405515767875343  185.092083000000002
 131.227430214078510  185.856997000000007
 135.125023685780207  186.456013299999995
 139.099038134210673  186.935329899999999
 143.150215510599764  187.351742999999999


# temperature  406.000000000000000
#   -0.000002109049539    0.001284744491665   -0.293710234812834   29.950018266885806 -964.042482751484386
 119.985756147042025  183.231987400000008
 123.658538395939928  184.475376600000004
 127.405515767875343  185.436498099999994
 131.227430214078510  186.196788700000013
 135.125023685780207  186.791531700000007
 139.099038134210673  187.266985000000005
 143.150215510599764  187.679649000000012


# temperature  408.000000000000000
#   -0.000002110634717    0.001285399040462   -0.293789853719372   29.950302860939747 -963.380096007498310
 119.985756147042025  183.584402899999986
 123.658538395939928  184.822465899999997
 127.405515767875343  185.778789700000004
 131.227430214078510  186.534508200000005
 135.125023685780207  187.125031299999989
 139.099038134210673  187.596673900000013
 143.150215510599764  188.005642099999989


# temperature  410.000000000000000
#   -0.000002112150523    0.001286012102906   -0.293860267377361   29.949700890381511 -962.688770465143079
 119.985756147042025  183.934621399999997
 123.658538395939928  185.167398899999995
 127.405515767875343  186.118969099999987
 131.227430214078510  186.870166000000012
 135.125023685780207  187.456521699999996
 139.099038134210673  187.924404799999991
 143.150215510599764  188.329729700000001


# temperature  412.000000000000000
#   -0.000002113622964    0.001286597265348   -0.293924133881926   29.948442958160932 -961.975972853902931
 119.985756147042025  184.282656000000003
 123.658538395939928  185.510187699999989
 127.405515767875343  186.457047799999998
 131.227430214078510  187.203772399999991
 135.125023685780207  187.786012300000010
 139.099038134210673  188.250186399999990
 143.150215510599764  188.651919200000009


# temperature  414.000000000000000
#   -0.000002115021274    0.001287138444014   -0.293978305244683   29.946255410062189 -961.232770028772165
 119.985756147042025  184.628519699999998
 123.658538395939928  185.850844499999994
 127.405515767875343  186.793036999999998
 131.227430214078510  187.535337999999996
 135.125023685780207  188.113512500000013
 139.099038134210673  188.574027099999995
 143.150215510599764  188.972218199999986


# temperature  416.000000000000000
#   -0.000002116385164    0.001287656825843   -0.294027015743430   29.943513698214570 -960.471606278166746
 119.985756147042025  184.972225199999997
 123.658538395939928  186.189381599999990
 127.405515767875343  187.126948199999987
 131.227430214078510  187.864873100000011
 135.125023685780207  188.439031800000009
 139.099038134210673  188.895935400000013
 143.150215510599764  189.290634200000000


# temperature  418.000000000000000
#   -0.000002117659103    0.001288123007971   -0.294064434686569   29.939704382630804 -959.675524520782687
 119.985756147042025  185.313785499999994
 123.658538395939928  186.525810799999988
 127.405515767875343  187.458792499999987
 131.227430214078510  188.192388200000011
 135.125023685780207  188.762579700000003
 139.099038134210673  189.215919899999989
 143.150215510599764  189.607175000000012


# temperature  420.000000000000000
#   -0.000002118907325    0.001288571074580   -0.294097336660670   29.935424998966159 -958.864240511040634
 119.985756147042025  185.653213099999988
 123.658538395939928  186.860144300000002
 127.405515767875343  187.788581300000004
 131.227430214078510  188.517893500000014
 135.125023685780207  189.084165600000006
 139.099038134210673  189.533989200000008
 143.150215510599764  189.921848100000005


# temperature  422.000000000000000
#   -0.000002120063437    0.001288965917676   -0.294118770167341   29.930064512461005 -958.017619184309979
 119.985756147042025  185.990520900000007
 123.658538395939928  187.192393900000013
 127.405515767875343  188.116325799999998
 131.227430214078510  188.841399599999988
 135.125023685780207  189.403799200000009
 139.099038134210673  189.850151899999986
 143.150215510599764  190.234661299999999


# temperature  424.000000000000000
#   -0.000002121170400    0.001289330330598   -0.294133264850191   29.924022293931731 -957.148824599111890
 119.985756147042025  186.325721299999998
 123.658538395939928  187.522571599999992
 127.405515767875343  188.442037099999993
 131.227430214078510  189.162916800000005
 135.125023685780207  189.721489800000001
 139.099038134210673  190.164416700000004
 143.150215510599764  190.545622299999991


# temperature  426.000000000000000
#   -0.000002122235504    0.001289668243552   -0.294141613261306   29.917369008542003 -956.260190654609687
 119.985756147042025  186.658826900000008
 123.658538395939928  187.850689299999999
 127.405515767875343  188.765726400000005
 131.227430214078510  189.482455299999998
 135.125023685780207  190.037247000000008
 139.099038134210673  190.476792300000000
 143.150215510599764  190.854739099999989


# temperature  428.000000000000000
#   -0.000002123230151    0.001289964676158   -0.294140879371776   29.909849276957686 -955.343382369610254
 119.985756147042025  186.989850100000012
 123.658538395939928  188.176758799999988
 127.405515767875343  189.087404800000002
 131.227430214078510  189.800025699999992
 135.125023685780207  190.351080300000007
 139.099038134210673  190.787287300000003
 143.150215510599764  191.162019399999991


# temperature  430.000000000000000
#   -0.000002124161522    0.001290223550303   -0.294131864194845   29.901535419161924 -954.400819134770813
 119.985756147042025  187.318803300000013
 123.658538395939928  188.500791800000002
 127.405515767875343  189.407083499999999
 131.227430214078510  190.115638100000012
 135.125023685780207  190.662999200000002
 139.099038134210673  191.095910400000008
 143.150215510599764  191.467471200000006


# temperature  432.000000000000000
#   -0.000002125034470    0.001290447232668   -0.294114998525424   29.892461941830341 -953.433509241715910
 119.985756147042025  187.645698799999991
 123.658538395939928  188.822800000000001
 127.405515767875343  189.724773400000004
 131.227430214078510  190.429303000000004
 135.125023685780207  190.973013400000013
 139.099038134210673  191.402670599999993
 143.150215510599764  191.771102500000012


# temperature  434.000000000000000
#   -0.000002125836645    0.001290629475476   -0.294089101836398   29.882529926090516 -952.438334473564851
 119.985756147042025  187.970548900000011
 123.658538395939928  189.142795100000001
 127.405515767875343  190.040485700000005
 131.227430214078510  190.741030700000010
 135.125023685780207  191.281132299999996
 139.099038134210673  191.707576499999988
 143.150215510599764  192.072921199999996


# temperature  436.000000000000000
#   -0.000002126582367    0.001290778005428   -0.294055735073504   29.871879109819961 -951.419956234256006
 119.985756147042025  188.293365700000010
 123.658538395939928  189.460788799999989
 127.405515767875343  190.354231400000003
 131.227430214078510  191.050831399999993
 135.125023685780207  191.587365500000004
 139.099038134210673  192.010636900000009
 143.150215510599764  192.372935500000011


# temperature  438.000000000000000
#   -0.000002127258995    0.001290886036594   -0.294013535598016   29.860388024283829 -950.374302889888099
 119.985756147042025  188.614161400000000
 123.658538395939928  189.776792599999993
 127.405515767875343  190.666021400000005
 131.227430214078510  191.358715499999988
 135.125023685780207  191.891722600000008
 139.099038134210673  192.311860700000011
 143.150215510599764  192.671153400000009


# temperature  440.000000000000000
#   -0.000002127883635    0.001290962711845   -0.293964333320605   29.848219029799058 -949.306746843167844
 119.985756147042025  188.932948100000004
 123.658538395939928  190.090818100000007
 127.405515767875343  190.975866700000012
 131.227430214078510  191.664693199999988
 135.125023685780207  192.194213100000013
 139.099038134210673  192.611256800000007
 143.150215510599764  192.967583100000013


# temperature  442.000000000000000
#   -0.000002128442356    0.001291000708982   -0.293906687962850   29.835246295888417 -948.213152379529333
 119.985756147042025  189.249737900000014
 123.658538395939928  190.402876800000001
 127.405515767875343  191.283778200000000
 131.227430214078510  191.968774800000006
 135.125023685780207  192.494846599999988
 139.099038134210673  192.908834000000013
 143.150215510599764  193.262232699999998


# temperature  444.000000000000000
#   -0.000002128937248    0.001291001333889   -0.293840899795912   29.821499894814060 -947.094615447749902
 119.985756147042025  189.564542499999988
 123.658538395939928  190.712980100000010
 127.405515767875343  191.589766900000001
 131.227430214078510  192.270970599999998
 135.125023685780207  192.793632699999989
 139.099038134210673  193.204601200000013
 143.150215510599764  193.555110399999990


# temperature  446.000000000000000
#   -0.000002129363282    0.001290961891448   -0.293766428002813   29.806931486397978 -945.949496796982658
 119.985756147042025  189.877374099999997
 123.658538395939928  191.021139500000004
 127.405515767875343  191.893843699999991
 131.227430214078510  192.571290900000008
 135.125023685780207  193.090580999999986
 139.099038134210673  193.498567400000013
 143.150215510599764  193.846224500000005


# temperature  448.000000000000000
#   -0.000002129745288    0.001290895494945   -0.293685867053724   29.791768832107561 -944.785266678162770
 119.985756147042025  190.188244400000002
 123.658538395939928  191.327366399999988
 127.405515767875343  192.196019299999989
 131.227430214078510  192.869745800000004
 135.125023685780207  193.385701100000006
 139.099038134210673  193.790741499999996
 143.150215510599764  194.135583200000013


# temperature  450.000000000000000
#   -0.000002130043760    0.001290781371675   -0.293595127455622   29.775654535967323 -943.590210957823388
 119.985756147042025  190.497165300000006
 123.658538395939928  191.631672000000009
 127.405515767875343  192.496304600000002
 131.227430214078510  193.166345699999994
 135.125023685780207  193.679002599999990
 139.099038134210673  194.081132499999995
 143.150215510599764  194.423194899999999


# temperature  452.000000000000000
#   -0.000002130301824    0.001290642502453   -0.293498796211591   29.758994884942805 -942.377787898395354
 119.985756147042025  190.804148400000003
 123.658538395939928  191.934067800000008
 127.405515767875343  192.794710500000008
 131.227430214078510  193.461100700000003
 135.125023685780207  193.970495000000000
 139.099038134210673  194.369749299999995
 143.150215510599764  194.709067800000014


# temperature  454.000000000000000
#   -0.000002130472904    0.001290454342501   -0.293392029427105   29.741365464589045 -941.134052630824385
 119.985756147042025  191.109205500000002
 123.658538395939928  192.234564900000009
 127.405515767875343  193.091247699999997
 131.227430214078510  193.754021099999989
 135.125023685780207  194.260187999999999
 139.099038134210673  194.656600900000001
 143.150215510599764  194.993210500000004


# temperature  456.000000000000000
#   -0.000002130581988    0.001290229991041   -0.293277399761258   29.722990467985714 -939.866304510173904
 119.985756147042025  191.412348299999991
 123.658538395939928  192.533174599999995
 127.405515767875343  193.385926899999987
 131.227430214078510  194.045117000000005
 135.125023685780207  194.548091199999988
 139.099038134210673  194.941696299999990
 143.150215510599764  195.275631199999992


# temperature  458.000000000000000
#   -0.000002130643485    0.001289977181849   -0.293156462975090   29.704008770163874 -938.579170085357418
 119.985756147042025  191.713588299999998
 123.658538395939928  192.829908100000011
 127.405515767875343  193.678759000000014
 131.227430214078510  194.334398599999986
 135.125023685780207  194.834214199999991
 139.099038134210673  195.225044599999990
 143.150215510599764  195.556338299999993


# temperature  460.000000000000000
#   -0.000002130640241    0.001289686988905   -0.293027479756071   29.684269817979462 -937.267750246843889
 119.985756147042025  192.012937099999988
 123.658538395939928  193.124776599999990
 127.405515767875343  193.969754499999993
 131.227430214078510  194.621876200000003
 135.125023685780207  195.118566499999986
 139.099038134210673  195.506654800000007
 143.150215510599764  195.835340400000007


# temperature  462.000000000000000
#   -0.000002130569515    0.001289357977480   -0.292890170119357   29.663749341177596 -935.931241977984882
 119.985756147042025  192.310406199999989
 123.658538395939928  193.417791099999988
 127.405515767875343  194.258924199999996
 131.227430214078510  194.907559800000001
 135.125023685780207  195.401157799999993
 139.099038134210673  195.786535899999990
 143.150215510599764  196.112645899999990


# temperature  464.000000000000000
#   -0.000002130432170    0.001288990698585   -0.292744662185703   29.642460141704792 -934.570098640799415
 119.985756147042025  192.606007099999999
 123.658538395939928  193.708962700000001
 127.405515767875343  194.546278699999988
 131.227430214078510  195.191459500000008
 135.125023685780207  195.681997599999988
 139.099038134210673  196.064696900000001
 143.150215510599764  196.388263300000006


# temperature  466.000000000000000
#   -0.000002130239627    0.001288591127207   -0.292592129385872   29.620504643451259 -933.187658627449764
 119.985756147042025  192.899751100000003
 123.658538395939928  193.998302499999994
 127.405515767875343  194.831828699999988
 131.227430214078510  195.473585600000007
 135.125023685780207  195.961095699999987
 139.099038134210673  196.341147000000007
 143.150215510599764  196.662201000000010


# temperature  468.000000000000000
#   -0.000002129987964    0.001288157488470   -0.292432278539019   29.597861991635881 -931.783376133802903
 119.985756147042025  193.191649500000011
 123.658538395939928  194.285821499999997
 127.405515767875343  195.115584699999999
 131.227430214078510  195.753948199999996
 135.125023685780207  196.238461400000006
 139.099038134210673  196.615895200000011
 143.150215510599764  196.934467699999999


# temperature  470.000000000000000
#   -0.000002129678862    0.001287690474749   -0.292265208537520   29.574537456025990 -930.357295995747904
 119.985756147042025  193.481713799999994
 123.658538395939928  194.571530599999988
 127.405515767875343  195.397557299999988
 131.227430214078510  196.032557200000014
 135.125023685780207  196.514104500000002
 139.099038134210673  196.888950599999987
 143.150215510599764  197.205071900000007


# temperature  472.000000000000000
#   -0.000002129281135    0.001287173836662   -0.292087750507040   29.550256800860776 -928.900518179739038
 119.985756147042025  193.769955199999998
 123.658538395939928  194.855440700000003
 127.405515767875343  195.677757000000014
 131.227430214078510  196.309422899999987
 135.125023685780207  196.788034500000009
 139.099038134210673  197.160322199999996
 143.150215510599764  197.474022200000007


# temperature  474.000000000000000
#   -0.000002128839947    0.001286631434410   -0.291904626813693   29.525434885898292 -927.426677967724913
 119.985756147042025  194.056384799999989
 123.658538395939928  195.137562800000012
 127.405515767875343  195.956194399999987
 131.227430214078510  196.584555200000011
 135.125023685780207  197.060260999999997
 139.099038134210673  197.430019100000010
 143.150215510599764  197.741327000000013


# temperature  476.000000000000000
#   -0.000002128334938    0.001286052705267   -0.291713785810879   29.499894778288230 -925.930045348027534
 119.985756147042025  194.341013800000013
 123.658538395939928  195.417907700000001
 127.405515767875343  196.232879999999994
 131.227430214078510  196.857964199999998
 135.125023685780207  197.330793499999999
 139.099038134210673  197.698050400000000
 143.150215510599764  198.006995100000012


# temperature  478.000000000000000
#   -0.000002127781478    0.001285445543240   -0.291516745528423   29.473765910264515 -924.414735178871069
 119.985756147042025  194.623853400000002
 123.658538395939928  195.696486200000010
 127.405515767875343  196.507824099999993
 131.227430214078510  197.129659900000007
 135.125023685780207  197.599641600000012
 139.099038134210673  197.964425299999988
 143.150215510599764  198.271035000000012


# temperature  480.000000000000000
#   -0.000002127140427    0.001284789566978   -0.291309534122469   29.446704868750082 -922.869618511838212
 119.985756147042025  194.904914600000012
 123.658538395939928  195.973309000000000
 127.405515767875343  196.781037300000008
 131.227430214078510  197.399652400000008
 135.125023685780207  197.866814900000008
 139.099038134210673  198.229152699999986
 143.150215510599764  198.533455300000014


# temperature  482.000000000000000
#   -0.000002126466465    0.001284113629438   -0.291097852268646   29.419211386552472 -921.311081782464271
 119.985756147042025  195.184208399999989
 123.658538395939928  196.248387000000008
 127.405515767875343  197.052529800000002
 131.227430214078510  197.667951499999987
 135.125023685780207  198.132322799999997
 139.099038134210673  198.492241799999988
 143.150215510599764  198.794264700000014


# temperature  484.000000000000000
#   -0.000002125708718    0.001283390888521   -0.290876399059203   29.390820958108133 -919.723872942840785
 119.985756147042025  195.461745799999989
 123.658538395939928  196.521730700000006
 127.405515767875343  197.322312100000005
 131.227430214078510  197.934567399999992
 135.125023685780207  198.396174999999999
 139.099038134210673  198.753701699999993
 143.150215510599764  199.053471800000011


# temperature  486.000000000000000
#   -0.000002124913991    0.001282646250827   -0.290650136690473   29.361972172347272 -918.122488693771970
 119.985756147042025  195.737537800000013
 123.658538395939928  196.793351000000001
 127.405515767875343  197.590394599999996
 131.227430214078510  198.199509799999987
 135.125023685780207  198.658380800000003
 139.099038134210673  199.013541400000008
 143.150215510599764  199.311085200000008


# temperature  488.000000000000000
#   -0.000002124048971    0.001281862007756   -0.290415541701957   29.332353934048527 -916.496632329898716
 119.985756147042025  196.011595199999988
 123.658538395939928  197.063258300000001
 127.405515767875343  197.856787400000002
 131.227430214078510  198.462788700000004
 135.125023685780207  198.918949900000001
 139.099038134210673  199.271770000000004
 143.150215510599764  199.567113599999999


# temperature  490.000000000000000
#   -0.000002123111436    0.001281037288667   -0.290172502532878   29.301961749359322 -914.846316132333982
 119.985756147042025  196.283928800000012
 123.658538395939928  197.331463200000002
 127.405515767875343  198.121500999999995
 131.227430214078510  198.724414099999990
 135.125023685780207  199.177891600000009
 139.099038134210673  199.528396600000008
 143.150215510599764  199.821565700000008


# temperature  492.000000000000000
#   -0.000002122129148    0.001280186456108   -0.289923801851282   29.271034800071284 -913.179222761903929
 119.985756147042025  196.554549500000007
 123.658538395939928  197.597976399999993
 127.405515767875343  198.384545400000007
 131.227430214078510  198.984395799999987
 135.125023685780207  199.435215599999992
 139.099038134210673  199.783430299999992
 143.150215510599764  200.074450000000013


# temperature  494.000000000000000
#   -0.000002121092594    0.001279304849721   -0.289668590299167   29.239504813438096 -911.493299073915637
 119.985756147042025  196.823467999999991
 123.658538395939928  197.862808300000012
 127.405515767875343  198.645931100000013
 131.227430214078510  199.242743600000011
 135.125023685780207  199.690931100000000
 139.099038134210673  200.036880099999991
 143.150215510599764  200.325775200000010


# temperature  496.000000000000000
#   -0.000002119993559    0.001278388004318   -0.289405959669625   29.207289798044190 -909.785760866123610
 119.985756147042025  197.090695000000011
 123.658538395939928  198.125969300000008
 127.405515767875343  198.905667999999991
 131.227430214078510  199.499467299999992
 135.125023685780207  199.945047700000003
 139.099038134210673  200.288755100000003
 143.150215510599764  200.575550099999987


# temperature  498.000000000000000
#   -0.000002118837236    0.001277438857244   -0.289136531996889   29.174448072092975 -908.058637641550831
 119.985756147042025  197.356241100000005
 123.658538395939928  198.387470000000008
 127.405515767875343  199.163766399999986
 131.227430214078510  199.754576899999989
 135.125023685780207  200.197574800000012
 139.099038134210673  200.539064300000007
 143.150215510599764  200.823783200000008


# temperature  500.000000000000000
#   -0.000002117624519    0.001276457732424   -0.288860341580179   29.140979925894783 -906.311833709204848
 119.985756147042025  197.620116999999993
 123.658538395939928  198.647320600000000
 127.405515767875343  199.420236299999999
 131.227430214078510  200.008081900000008
 135.125023685780207  200.448521800000009
 139.099038134210673  200.787816700000008
 143.150215510599764  201.070483099999990


# temperature  502.000000000000000
#   -0.000002116339692    0.001275436614869   -0.288575861327106   29.106756461378254 -904.541270134537854
 119.985756147042025  197.882333200000005
 123.658538395939928  198.905531499999995
 127.405515767875343  199.675087999999988
 131.227430214078510  200.259992299999993
 135.125023685780207  200.697898100000003
 139.099038134210673  201.035021400000005
 143.150215510599764  201.315658600000006


# temperature  504.000000000000000
#   -0.000002115015821    0.001274392895803   -0.288286516699732   29.072077054770208 -902.756730497671583
 119.985756147042025  198.142900099999991
 123.658538395939928  199.162113000000005
 127.405515767875343  199.928331299999996
 131.227430214078510  200.510317600000008
 135.125023685780207  200.945713000000012
 139.099038134210673  201.280687400000005
 143.150215510599764  201.559318300000001


# temperature  506.000000000000000
#   -0.000002113635917    0.001273317646147   -0.287990551163809   29.036788343677404 -900.953187790204538
 119.985756147042025  198.401828399999999
 123.658538395939928  199.417075500000010
 127.405515767875343  200.179976299999993
 131.227430214078510  200.759067700000003
 135.125023685780207  201.191975899999989
 139.099038134210673  201.524823700000013
 143.150215510599764  201.801470800000004


# temperature  508.000000000000000
#   -0.000002112194696    0.001272208189568   -0.287687459406766   29.000848111001996 -899.129313612598253
 119.985756147042025  198.659128299999992
 123.658538395939928  199.670429000000013
 127.405515767875343  200.430033000000009
 131.227430214078510  201.006252100000012
 135.125023685780207  201.436696100000006
 139.099038134210673  201.767439200000013
 143.150215510599764  202.042124699999988


# temperature  510.000000000000000
#   -0.000002110693801    0.001271065439660   -0.287377431169469   28.964273731643132 -897.285687999829292
 119.985756147042025  198.914810299999999
 123.658538395939928  199.922183799999999
 127.405515767875343  200.678511299999997
 131.227430214078510  201.251880499999999
 135.125023685780207  201.679882899999996
 139.099038134210673  202.008542900000009
 143.150215510599764  202.281288700000005


# temperature  512.000000000000000
#   -0.000002109141867    0.001269893896476   -0.287061346102337   28.927141565375862 -895.424782637112685
 119.985756147042025  199.168884700000007
 123.658538395939928  200.172349999999994
 127.405515767875343  200.925421099999994
 131.227430214078510  201.495962499999990
 135.125023685780207  201.921545600000002
 139.099038134210673  202.248143800000008
 143.150215510599764  202.518971300000004


# temperature  514.000000000000000
#   -0.000002107547408    0.001268698232305   -0.286740162632369   28.889538663603233 -893.549539896062925
 119.985756147042025  199.421361800000000
 123.658538395939928  200.420937799999990
 127.405515767875343  201.170772300000010
 131.227430214078510  201.738507700000014
 135.125023685780207  202.161693399999990
 139.099038134210673  202.486250899999987
 143.150215510599764  202.755181300000004


# temperature  516.000000000000000
#   -0.000002105890772    0.001267468069343   -0.286411829866484   28.851285180901609 -891.654043300579929
 119.985756147042025  199.672251799999998
 123.658538395939928  200.667957099999995
 127.405515767875343  201.414574700000003
 131.227430214078510  201.979525499999994
 135.125023685780207  202.400335600000005
 139.099038134210673  202.722872899999999
 143.150215510599764  202.989927099999989


# temperature  518.000000000000000
#   -0.000002104175342    0.001266205243897   -0.286076722745637   28.812415145054832 -889.739438835762599
 119.985756147042025  199.921564899999993
 123.658538395939928  200.913418000000007
 127.405515767875343  201.656838200000010
 131.227430214078510  202.219025700000003
 135.125023685780207  202.637481400000013
 139.099038134210673  202.958018900000013
 143.150215510599764  203.223217299999988


# temperature  520.000000000000000
#   -0.000002102414483    0.001264916735045   -0.285736205015726   28.773046699453278 -887.809543567356400
 119.985756147042025  200.169311200000010
 123.658538395939928  201.157330400000006
 127.405515767875343  201.897572300000007
 131.227430214078510  202.457017500000006
 135.125023685780207  202.873140000000006
 139.099038134210673  203.191697699999992
 143.150215510599764  203.455060500000002


# temperature  522.000000000000000
#   -0.000002100610332    0.001263604009930   -0.285390634883496   28.733217251205847 -885.865770701355814
 119.985756147042025  200.415500799999990
 123.658538395939928  201.399704399999990
 127.405515767875343  202.136786999999998
 131.227430214078510  202.693510500000002
 135.125023685780207  203.107320499999986
 139.099038134210673  203.423918200000003
 143.150215510599764  203.685465399999998


# temperature  524.000000000000000
#   -0.000002098739773    0.001262254533326   -0.285037470264079   28.692698246489652 -883.900421809944419
 119.985756147042025  200.660143799999986
 123.658538395939928  201.640549600000014
 127.405515767875343  202.374491799999987
 131.227430214078510  202.928514100000001
 135.125023685780207  203.340032100000002
 139.099038134210673  203.654689200000007
 143.150215510599764  203.914440200000001


# temperature  526.000000000000000
#   -0.000002096818394    0.001260877130656   -0.284678573146515   28.651663205800588 -881.919514899822275
 119.985756147042025  200.903250100000008
 123.658538395939928  201.879876200000012
 127.405515767875343  202.610696499999989
 131.227430214078510  203.162037700000013
 135.125023685780207  203.571283800000003
 139.099038134210673  203.884019400000000
 143.150215510599764  204.141993799999995


# temperature  528.000000000000000
#   -0.000002094864429    0.001259480913473   -0.284315644551600   28.610252652871836 -879.927372052456576
 119.985756147042025  201.144829700000003
 123.658538395939928  202.117693699999990
 127.405515767875343  202.845410500000014
 131.227430214078510  203.394090500000004
 135.125023685780207  203.801084699999990
 139.099038134210673  204.111917799999986
 143.150215510599764  204.368134400000002


# temperature  530.000000000000000
#   -0.000002092844890    0.001258048731857   -0.283945347356352   28.568178475295955 -877.914669519631957
 119.985756147042025  201.384892600000001
 123.658538395939928  202.354012000000012
 127.405515767875343  203.078643499999998
 131.227430214078510  203.624682100000001
 135.125023685780207  204.029443899999990
 139.099038134210673  204.338393099999990
 143.150215510599764  204.592870599999998


# temperature  532.000000000000000
#   -0.000002090777633    0.001256590074826   -0.283569570154604   28.525607455143533 -875.886910279823724
 119.985756147042025  201.623448499999995
 123.658538395939928  202.588840699999992
 127.405515767875343  203.310405000000003
 131.227430214078510  203.853821500000009
 135.125023685780207  204.256370400000009
 139.099038134210673  204.563454000000007
 143.150215510599764  204.816210899999987


# temperature  534.000000000000000
#   -0.000002088664657    0.001255106046829   -0.283188541491110   28.482560536382060 -873.844800247917874
 119.985756147042025  201.860507299999995
 123.658538395939928  202.822189600000002
 127.405515767875343  203.540704500000004
 131.227430214078510  204.081518100000011
 135.125023685780207  204.481873199999995
 139.099038134210673  204.787109299999997
 143.150215510599764  205.038163800000007


# temperature  536.000000000000000
#   -0.000002086509420    0.001253598474013   -0.282802624264334   28.439069799904058 -871.789392548816636
 119.985756147042025  202.096078699999993
 123.658538395939928  203.054068300000012
 127.405515767875343  203.769551400000012
 131.227430214078510  204.307781100000000
 135.125023685780207  204.705961199999990
 139.099038134210673  205.009367599999990
 143.150215510599764  205.258737499999995


# temperature  538.000000000000000
#   -0.000002084293402    0.001252057659688   -0.282409916481026   28.394969544190236 -869.715266408145226
 119.985756147042025  202.330172500000003
 123.658538395939928  203.284486299999998
 127.405515767875343  203.996955100000008
 131.227430214078510  204.532619600000004
 135.125023685780207  204.928643399999999
 139.099038134210673  205.230237600000009
 143.150215510599764  205.477940700000005


# temperature  540.000000000000000
#   -0.000002082050312    0.001250501395875   -0.282013937192487   28.350568848231973 -867.632581734057794
 119.985756147042025  202.562798200000003
 123.658538395939928  203.513453199999987
 127.405515767875343  204.222925000000004
 131.227430214078510  204.756042799999989
 135.125023685780207  205.149928600000010
 139.099038134210673  205.449727999999993
 143.150215510599764  205.695781500000010


# temperature  542.000000000000000
#   -0.000002079746055    0.001248911744199   -0.281611151408783   28.305558398244752 -865.531187935984462
 119.985756147042025  202.793965600000007
 123.658538395939928  203.740978399999989
 127.405515767875343  204.447470399999986
 131.227430214078510  204.978059800000011
 135.125023685780207  205.369825700000007
 139.099038134210673  205.667847399999999
 143.150215510599764  205.912268500000010


# temperature  544.000000000000000
#   -0.000002077393816    0.001247295746379   -0.281202968837925   28.260063521749306 -863.415248606378555
 119.985756147042025  203.023684199999991
 123.658538395939928  203.967071500000003
 127.405515767875343  204.670600600000000
 131.227430214078510  205.198679700000014
 135.125023685780207  205.588343600000002
 139.099038134210673  205.884604300000007
 143.150215510599764  206.127409900000004


# temperature  546.000000000000000
#   -0.000002075019452    0.001245667001031   -0.280792067697400   28.214318264925094 -861.292410446243821
 119.985756147042025  203.251963499999988
 123.658538395939928  204.191741799999988
 127.405515767875343  204.892324800000011
 131.227430214078510  205.417911400000008
 135.125023685780207  205.805490899999995
 139.099038134210673  206.100007400000010
 143.150215510599764  206.341214000000008


# temperature  548.000000000000000
#   -0.000002072566043    0.001243995627611   -0.280372575503683   28.167810485440420 -859.145939958901181
 119.985756147042025  203.478813000000002
 123.658538395939928  204.414998599999990
 127.405515767875343  205.112652300000008
 131.227430214078510  205.635764099999989
 135.125023685780207  206.021276599999993
 139.099038134210673  206.314065099999993
 143.150215510599764  206.553689200000008


# temperature  550.000000000000000
#   -0.000002070091332    0.001242312091052   -0.279950510797332   28.121067800018832 -856.993144295894581
 119.985756147042025  203.704242099999988
 123.658538395939928  204.636851400000012
 127.405515767875343  205.331592099999995
 131.227430214078510  205.852246500000007
 135.125023685780207  206.235709299999996
 139.099038134210673  206.526785899999993
 143.150215510599764  206.764843700000000


# temperature  552.000000000000000
#   -0.000002067561356    0.001240598487479   -0.279522340926280   28.073780942043371 -854.823877495343595
 119.985756147042025  203.928260099999989
 123.658538395939928  204.857309200000003
 127.405515767875343  205.549153399999994
 131.227430214078510  206.067367700000005
 135.125023685780207  206.448797700000000
 139.099038134210673  206.738178400000010
 143.150215510599764  206.974685800000003


# temperature  554.000000000000000
#   -0.000002064999293    0.001238867007625   -0.279090466675158   28.026159679832173 -852.644989947882777
 119.985756147042025  204.150876500000010
 123.658538395939928  205.076381400000002
 127.405515767875343  205.765345200000013
 131.227430214078510  206.281136500000002
 135.125023685780207  206.660550400000005
 139.099038134210673  206.948250999999999
 143.150215510599764  207.183223599999991


# temperature  556.000000000000000
#   -0.000002062390283    0.001237109987914   -0.278653410209161   27.978077671137282 -850.452431052798602
 119.985756147042025  204.372100499999988
 123.658538395939928  205.294077200000004
 127.405515767875343  205.980176599999993
 131.227430214078510  206.493561800000009
 135.125023685780207  206.870976100000007
 139.099038134210673  207.157012000000009
 143.150215510599764  207.390465299999988


# temperature  558.000000000000000
#   -0.000002059732096    0.001235326354021   -0.278210979816303   27.929519894317519 -848.245755823139916
 119.985756147042025  204.591941200000008
 123.658538395939928  205.510405600000013
 127.405515767875343  206.193656599999997
 131.227430214078510  206.704652299999992
 135.125023685780207  207.080083400000007
 139.099038134210673  207.364469799999995
 143.150215510599764  207.596419200000014


# temperature  560.000000000000000
#   -0.000002057045594    0.001233526838292   -0.277765241878921   27.880662789713973 -846.030591050439057
 119.985756147042025  204.810407999999995
 123.658538395939928  205.725375700000001
 127.405515767875343  206.405794100000008
 131.227430214078510  206.914416700000004
 135.125023685780207  207.287880900000005
 139.099038134210673  207.570632899999993
 143.150215510599764  207.801093299999991


# temperature  562.000000000000000
#   -0.000002054308541    0.001231700039461   -0.277314010056603   27.831320458761297 -843.801013113936165
 119.985756147042025  205.027509900000013
 123.658538395939928  205.938996599999996
 127.405515767875343  206.616597899999988
 131.227430214078510  207.122863899999999
 135.125023685780207  207.494376899999992
 139.099038134210673  207.775509400000004
 143.150215510599764  208.004495700000007


# temperature  564.000000000000000
#   -0.000002051548010    0.001229860106335   -0.276860054248005   27.781733620098972 -841.564847659838506
 119.985756147042025  205.243256000000002
 123.658538395939928  206.151277300000004
 127.405515767875343  206.826076999999998
 131.227430214078510  207.330002500000006
 135.125023685780207  207.699580099999991
 139.099038134210673  207.979107800000008
 143.150215510599764  208.206634500000007


# temperature  566.000000000000000
#   -0.000002048724302    0.001227986255912   -0.276399300214392   27.731547747358636 -839.310530521431815
 119.985756147042025  205.457655399999993
 123.658538395939928  206.362226600000014
 127.405515767875343  207.034240199999999
 131.227430214078510  207.535841099999999
 135.125023685780207  207.903498799999994
 139.099038134210673  208.181436100000013
 143.150215510599764  208.407517700000000


# temperature  568.000000000000000
#   -0.000002045881820    0.001226101794709   -0.275936329153223   27.681162484620145 -837.051106937476106
 119.985756147042025  205.670716999999996
 123.658538395939928  206.571853500000003
 127.405515767875343  207.241096099999993
 131.227430214078510  207.740388200000012
 135.125023685780207  208.106141500000007
 139.099038134210673  208.382502700000003
 143.150215510599764  208.607153399999987


# temperature  570.000000000000000
#   -0.000002043001789    0.001224197098834   -0.275469297075490   27.630421261349586 -834.781596319173559
 119.985756147042025  205.882449699999995
 123.658538395939928  206.780166900000012
 127.405515767875343  207.446653599999991
 131.227430214078510  207.943652600000007
 135.125023685780207  208.307516399999997
 139.099038134210673  208.582315700000009
 143.150215510599764  208.805549500000012


# temperature  572.000000000000000
#   -0.000002040076942    0.001222268199239   -0.274997392587903   27.579250469499272 -832.499488896926437
 119.985756147042025  206.092862499999995
 123.658538395939928  206.987175500000006
 127.405515767875343  207.650921299999993
 131.227430214078510  208.145642600000002
 135.125023685780207  208.507632000000001
 139.099038134210673  208.780883200000005
 143.150215510599764  209.002713999999997


# temperature  574.000000000000000
#   -0.000002037095116    0.001220308652961   -0.274519338070380   27.527537667750448 -830.201069198163964
 119.985756147042025  206.301964300000009
 123.658538395939928  207.192888000000011
 127.405515767875343  207.853907800000002
 131.227430214078510  208.346366700000004
 135.125023685780207  208.706496600000008
 139.099038134210673  208.978213299999993
 143.150215510599764  209.198654800000014


# temperature  576.000000000000000
#   -0.000002034111441    0.001218347701427   -0.274040942400255   27.475795020642494 -827.903238089628530
 119.985756147042025  206.509763700000008
 123.658538395939928  207.397313300000008
 127.405515767875343  208.055621699999989
 131.227430214078510  208.545833299999998
 135.125023685780207  208.904118299999993
 139.099038134210673  209.174314199999998
 143.150215510599764  209.393379799999991


# temperature  578.000000000000000
#   -0.000002031066563    0.001216353987408   -0.273556002887679   27.423478024157092 -825.588087461468149
 119.985756147042025  206.716269600000004
 123.658538395939928  207.600459800000010
 127.405515767875343  208.256071600000013
 131.227430214078510  208.744050899999991
 135.125023685780207  209.100505300000009
 139.099038134210673  209.369193800000005
 143.150215510599764  209.586896700000011


# temperature  580.000000000000000
#   -0.000002027993393    0.001214344918227   -0.273067967448235   27.370889763602786 -823.265584155023362
 119.985756147042025  206.921490599999998
 123.658538395939928  207.802336300000007
 127.405515767875343  208.455265900000001
 131.227430214078510  208.941027800000001
 135.125023685780207  209.295665899999989
 139.099038134210673  209.562860199999989
 143.150215510599764  209.779213499999997


# temperature  582.000000000000000
#   -0.000002024894409    0.001212321946156   -0.272577152297965   27.318060546588601 -820.936798619873002
 119.985756147042025  207.125435299999992
 123.658538395939928  208.002951400000001
 127.405515767875343  208.653213099999988
 131.227430214078510  209.136772199999996
 135.125023685780207  209.489608199999992
 139.099038134210673  209.755321199999997
 143.150215510599764  209.970337900000004


# temperature  584.000000000000000
#   -0.000002021750149    0.001210274639022   -0.272081463494010   27.264803809286651 -818.595496230804997
 119.985756147042025  207.328112500000003
 123.658538395939928  208.202313400000008
 127.405515767875343  208.849921599999988
 131.227430214078510  209.331292399999995
 135.125023685780207  209.682340199999999
 139.099038134210673  209.946584900000005
 143.150215510599764  210.160277699999995


# temperature  586.000000000000000
#   -0.000002018579801    0.001208213292991   -0.271582971219927   27.211304366433801 -816.247848398781230
 119.985756147042025  207.529530499999993
 123.658538395939928  208.400430999999998
 127.405515767875343  209.045399699999990
 131.227430214078510  209.524596699999989
 135.125023685780207  209.873870100000005
 139.099038134210673  210.136659100000003
 143.150215510599764  210.349040599999995


# temperature  588.000000000000000
#   -0.000002015390862    0.001206141797971   -0.271082430533068   27.157627135148044 -813.895931324825710
 119.985756147042025  207.729698000000013
 123.658538395939928  208.597312499999987
 127.405515767875343  209.239655800000008
 131.227430214078510  209.716693099999986
 135.125023685780207  210.064205700000002
 139.099038134210673  210.325551700000005
 143.150215510599764  210.536634200000009


# temperature  590.000000000000000
#   -0.000002012133662    0.001204034035702   -0.270574699223135   27.103322841852496 -811.525038550267936
 119.985756147042025  207.928623399999992
 123.658538395939928  208.792966199999995
 127.405515767875343  209.432698100000010
 131.227430214078510  209.907589900000005
 135.125023685780207  210.253355199999987
 139.099038134210673  210.513270400000010
 143.150215510599764  210.723066299999999


# temperature  592.000000000000000
#   -0.000002008862037    0.001201918520785   -0.270065433943045   27.048889563640692 -809.151584848518837
 119.985756147042025  208.126315000000005
 123.658538395939928  208.987400600000001
 127.405515767875343  209.624534899999986
 131.227430214078510  210.097295099999997
 135.125023685780207  210.441326299999986
 139.099038134210673  210.699823000000009
 143.150215510599764  210.908344300000010


# temperature  594.000000000000000
#   -0.000002005567980    0.001199790943113   -0.269553766222816   26.994249622481217 -806.772959288865877
 119.985756147042025  208.322781200000009
 123.658538395939928  209.180623900000001
 127.405515767875343  209.815174299999995
 131.227430214078510  210.285816699999998
 135.125023685780207  210.628127000000006
 139.099038134210673  210.885217299999994
 143.150215510599764  211.092475900000011


# temperature  596.000000000000000
#   -0.000002002244350    0.001197647548720   -0.269038957328132   26.939338494805167 -804.387042341951769
 119.985756147042025  208.518030299999992
 123.658538395939928  209.372644299999990
 127.405515767875343  210.004624400000012
 131.227430214078510  210.473162699999989
 135.125023685780207  210.813765200000006
 139.099038134210673  211.069460999999990
 143.150215510599764  211.275468700000005


# temperature  598.000000000000000
#   -0.000001998868985    0.001195476684827   -0.268518713103143   26.883955716011020 -801.987264959652748
 119.985756147042025  208.712070699999998
 123.658538395939928  209.563469900000001
 127.405515767875343  210.192893400000003
 131.227430214078510  210.659341100000006
 135.125023685780207  210.998248600000011
 139.099038134210673  211.252561700000001
 143.150215510599764  211.457330100000007


# temperature  600.000000000000000
#   -0.000001995481824    0.001193299554227   -0.267997249534414   26.828473373645661 -799.585916301123007
 119.985756147042025  208.904910400000006
 123.658538395939928  209.753109099999989
 127.405515767875343  210.379989200000011
 131.227430214078510  210.844359800000007
 135.125023685780207  211.181585000000013
 139.099038134210673  211.434527000000003
 143.150215510599764  211.638067599999999


# temperature  602.000000000000000
#   -0.000001992057097    0.001191102509449   -0.267471860418271   26.772653312873956 -797.175139621487347
 119.985756147042025  209.096557600000011
 123.658538395939928  209.941569700000002
 127.405515767875343  210.565919900000011
 131.227430214078510  211.028226600000011
 135.125023685780207  211.363782100000009
 139.099038134210673  211.615364499999998
 143.150215510599764  211.817688599999997


# temperature  604.000000000000000
#   -0.000001988619634    0.001188898658914   -0.266945137568945   26.716722958643153 -794.762398288449731
 119.985756147042025  209.287020500000011
 123.658538395939928  210.128860000000003
 127.405515767875343  210.750693399999989
 131.227430214078510  211.210949400000004
 135.125023685780207  211.544847599999997
 139.099038134210673  211.795081799999991
 143.150215510599764  211.996200499999986


# temperature  606.000000000000000
#   -0.000001985123534    0.001186663814164   -0.266412307821078   26.660264265462949 -792.333972779145711
 119.985756147042025  209.476307100000014
 123.658538395939928  210.314987699999989
 127.405515767875343  210.934317499999992
 131.227430214078510  211.392536000000007
 135.125023685780207  211.724789100000010
 139.099038134210673  211.973686299999997
 143.150215510599764  212.173610700000012


# temperature  608.000000000000000
#   -0.000001981632041    0.001184431286408   -0.265879941688846   26.603852405858326 -789.908707914113165
 119.985756147042025  209.664425499999993
 123.658538395939928  210.499961000000013
 127.405515767875343  211.116800200000000
 131.227430214078510  211.572993900000000
 135.125023685780207  211.903614299999987
 139.099038134210673  212.151185599999991
 143.150215510599764  212.349926500000009


# temperature  610.000000000000000
#   -0.000001978084944    0.001182169610405   -0.265341883642193   26.546953080003348 -787.469232888102624
 119.985756147042025  209.851383499999997
 123.658538395939928  210.683787700000011
 127.405515767875343  211.298149300000006
 131.227430214078510  211.752331099999992
 135.125023685780207  212.081330699999995
 139.099038134210673  212.327586900000000
 143.150215510599764  212.525155200000000


# temperature  612.000000000000000
#   -0.000001974540614    0.001179909385354   -0.264804139556292   26.490089356257123 -785.032594864568068
 119.985756147042025  210.037189100000006
 123.658538395939928  210.866475699999995
 127.405515767875343  211.478372500000006
 131.227430214078510  211.930554999999998
 135.125023685780207  212.257945699999993
 139.099038134210673  212.502897800000000
 143.150215510599764  212.699304000000012


# temperature  614.000000000000000
#   -0.000001970955228    0.001177627519128   -0.264262153411621   26.432862327002251 -782.585707444185800
 119.985756147042025  210.221850200000006
 123.658538395939928  211.048032699999993
 127.405515767875343  211.657477499999999
 131.227430214078510  212.107673299999988
 135.125023685780207  212.433466900000013
 139.099038134210673  212.677125499999988
 143.150215510599764  212.872380099999987


# temperature  616.000000000000000
#   -0.000001967353507    0.001175337111831   -0.263718525484864   26.375501072122130 -780.136119790088401
 119.985756147042025  210.405374499999994
 123.658538395939928  211.228466499999996
 127.405515767875343  211.835471899999987
 131.227430214078510  212.283693499999998
 135.125023685780207  212.607901599999991
 139.099038134210673  212.850277299999988
 143.150215510599764  213.044390600000014


# temperature  618.000000000000000
#   -0.000001963708187    0.001173023826628   -0.263170432828295   26.317758901474207 -777.675750841527588
 119.985756147042025  210.587769900000012
 123.658538395939928  211.407784800000002
 127.405515767875343  212.012363499999992
 131.227430214078510  212.458623200000005
 135.125023685780207  212.781257399999987
 139.099038134210673  213.022360499999991
 143.150215510599764  213.215342800000002


# temperature  620.000000000000000
#   -0.000001960053243    0.001170705580546   -0.262621413664109   26.259945884083944 -775.214766326536278
 119.985756147042025  210.769044100000002
 123.658538395939928  211.585995300000008
 127.405515767875343  212.188159799999994
 131.227430214078510  212.632469799999996
 135.125023685780207  212.953541400000006
 139.099038134210673  213.193382399999990
 143.150215510599764  213.385243699999990


# temperature  622.000000000000000
#   -0.000001956366900    0.001168370923877   -0.262069213946066   26.201865090948630 -772.746715416374855
 119.985756147042025  210.949204799999990
 123.658538395939928  211.763105599999989
 127.405515767875343  212.362868300000002
 131.227430214078510  212.805240700000013
 135.125023685780207  213.124761000000007
 139.099038134210673  213.363349999999997
 143.150215510599764  213.554100299999988


# temperature  624.000000000000000
#   -0.000001952660070    0.001166025599153   -0.261514966269463   26.143615715451755 -770.274845085968309
 119.985756147042025  211.128259500000013
 123.658538395939928  211.939123200000012
 127.405515767875343  212.536496499999998
 131.227430214078510  212.976943299999988
 135.125023685780207  213.294923500000010
 139.099038134210673  213.532270600000004
 143.150215510599764  213.721919700000001


# temperature  626.000000000000000
#   -0.000001948928864    0.001163667657258   -0.260958305464050   26.085167425444553 -767.798204302566319
 119.985756147042025  211.306215900000012
 123.658538395939928  212.114055799999988
 127.405515767875343  212.709051799999997
 131.227430214078510  213.147584999999992
 135.125023685780207  213.464036099999987
 139.099038134210673  213.700151199999993
 143.150215510599764  213.888708900000012


# temperature  628.000000000000000
#   -0.000001945174939    0.001161297971960   -0.260399404665588   26.026535460971594 -765.317287725358597
 119.985756147042025  211.483081499999997
 123.658538395939928  212.287910699999998
 127.405515767875343  212.880541700000009
 131.227430214078510  213.317172900000003
 135.125023685780207  213.632105899999999
 139.099038134210673  213.866998800000005
 143.150215510599764  214.054474699999986


# temperature  630.000000000000000
#   -0.000001941397816    0.001158916195434   -0.259838176202652   25.967710458380157 -762.831724619319061
 119.985756147042025  211.658863800000006
 123.658538395939928  212.460695299999998
 127.405515767875343  213.050973400000004
 131.227430214078510  213.485714400000006
 135.125023685780207  213.799139999999994
 139.099038134210673  214.032820600000008
 143.150215510599764  214.219224099999991


# temperature  632.000000000000000
#   -0.000001937604173    0.001156525941253   -0.259275353286176   25.908758469015861 -760.343735545172876
 119.985756147042025  211.833570199999997
 123.658538395939928  212.632417099999998
 127.405515767875343  213.220354299999997
 131.227430214078510  213.653216700000002
 135.125023685780207  213.965145600000000
 139.099038134210673  214.197623499999992
 143.150215510599764  214.382963899999993


# temperature  634.000000000000000
#   -0.000001933777137    0.001154118430400   -0.258709224949993   25.849531447764939 -757.848513798171780
 119.985756147042025  212.007208100000014
 123.658538395939928  212.803083399999991
 127.405515767875343  213.388691599999987
 131.227430214078510  213.819686899999994
 135.125023685780207  214.130129699999998
 139.099038134210673  214.361414300000007
 143.150215510599764  214.545701000000008


# temperature  636.000000000000000
#   -0.000001929947549    0.001151709793330   -0.258142951652702   25.790304305634272 -755.355009113858159
 119.985756147042025  212.179784799999993
 123.658538395939928  212.972701499999999
 127.405515767875343  213.555992599999996
 131.227430214078510  213.985132099999987
 135.125023685780207  214.294099399999993
 139.099038134210673  214.524200100000002
 143.150215510599764  214.707442100000009


# temperature  638.000000000000000
#   -0.000001926086417    0.001149284967270   -0.257573602097485   25.730823750016167 -752.855013295921594
 119.985756147042025  212.351307700000007
 123.658538395939928  213.141278599999993
 127.405515767875343  213.722264400000000
 131.227430214078510  214.149559299999993
 135.125023685780207  214.457061399999986
 139.099038134210673  214.685987500000010
 143.150215510599764  214.868193999999988


# temperature  640.000000000000000
#   -0.000001922210249    0.001146852400667   -0.257002795057087   25.671227425309141 -750.352901431388318
 119.985756147042025  212.521783999999997
 123.658538395939928  213.308821899999998
 127.405515767875343  213.887514000000010
 131.227430214078510  214.312975700000010
 135.125023685780207  214.619022800000010
 139.099038134210673  214.846783600000009
 143.150215510599764  215.027963400000004


# temperature  642.000000000000000
#   -0.000001918329497    0.001144417836394   -0.256431711313555   25.611622954614695 -747.852334645381234
 119.985756147042025  212.691220799999996
 123.658538395939928  213.475338599999986
 127.405515767875343  214.051748699999990
 131.227430214078510  214.475388100000004
 135.125023685780207  214.779990499999997
 139.099038134210673  215.006595000000004
 143.150215510599764  215.186756900000006


# temperature  644.000000000000000
#   -0.000001914397852    0.001141956719054   -0.255855474043562   25.551580363704225 -745.339105896364913
 119.985756147042025  212.859625499999993
 123.658538395939928  213.640835699999997
 127.405515767875343  214.214975299999992
 131.227430214078510  214.636803600000007
 135.125023685780207  214.939971299999996
 139.099038134210673  215.165428399999996
 143.150215510599764  215.344581199999993


# temperature  646.000000000000000
#   -0.000001910459583    0.001139492534113   -0.255278750124350   25.491511328454550 -742.826809198366277
 119.985756147042025  213.027005000000003
 123.658538395939928  213.805320300000005
 127.405515767875343  214.377201000000014
 131.227430214078510  214.797228999999987
 135.125023685780207  215.098971900000009
 139.099038134210673  215.323290600000007
 143.150215510599764  215.501442800000007


# temperature  648.000000000000000
#   -0.000001906519823    0.001137027977848   -0.254702069654297   25.431462041006785 -740.316942205814598
 119.985756147042025  213.193366400000002
 123.658538395939928  213.968799499999989
 127.405515767875343  214.538432599999993
 131.227430214078510  214.956671099999994
 135.125023685780207  215.256999100000002
 139.099038134210673  215.480188199999986
 143.150215510599764  215.657348299999995


# temperature  650.000000000000000
#   -0.000001902555387    0.001134550856456   -0.254123030882068   25.371222521730790 -737.802622170983454
 119.985756147042025  213.358716700000002
 123.658538395939928  214.131280099999998
 127.405515767875343  214.698677000000004
 131.227430214078510  215.115136699999994
 135.125023685780207  215.414059600000002
 139.099038134210673  215.636127799999997
 143.150215510599764  215.812304299999994


# temperature  652.000000000000000
#   -0.000001898570514    0.001132063357646   -0.253542058004214   25.310829354055706 -735.285025206829459
 119.985756147042025  213.523063000000008
 123.658538395939928  214.292769200000009
 127.405515767875343  214.857941100000005
 131.227430214078510  215.272632700000003
 135.125023685780207  215.570160100000010
 139.099038134210673  215.791115899999994
 143.150215510599764  215.966317000000004


# temperature  654.000000000000000
#   -0.000001894570069    0.001129568132619   -0.252959690200172   25.250331059626575 -732.765774991925696
 119.985756147042025  213.686412100000013
 123.658538395939928  214.453273499999995
 127.405515767875343  215.016231699999992
 131.227430214078510  215.429165600000005
 135.125023685780207  215.725307200000003
 139.099038134210673  215.945159100000012
 143.150215510599764  216.119393099999996


# temperature  656.000000000000000
#   -0.000001890553932    0.001127065023385   -0.252375878280635   25.189721773461695 -730.244621286758047
 119.985756147042025  213.848770999999999
 123.658538395939928  214.612799899999999
 127.405515767875343  215.173555499999992
 131.227430214078510  215.584742299999988
 135.125023685780207  215.879507399999994
 139.099038134210673  216.098264000000000
 143.150215510599764  216.271538899999996


# temperature  658.000000000000000
#   -0.000001886513788    0.001124549757960   -0.251789801666877   25.128931643189723 -727.719333470015044
 119.985756147042025  214.010146399999996
 123.658538395939928  214.771355199999988
 127.405515767875343  215.329919200000006
 131.227430214078510  215.739369299999993
 135.125023685780207  216.032767400000012
 139.099038134210673  216.250436799999989
 143.150215510599764  216.422760699999998


# temperature  660.000000000000000
#   -0.000001882474359    0.001122035385614   -0.251204039441456   25.068186854725937 -725.197331132707632
 119.985756147042025  214.170545099999998
 123.658538395939928  214.928946099999990
 127.405515767875343  215.485329600000000
 131.227430214078510  215.893053100000003
 135.125023685780207  216.185093599999988
 139.099038134210673  216.401684100000011
 143.150215510599764  216.573064899999991


# temperature  662.000000000000000
#   -0.000001878405154    0.001119505824999   -0.250615415918852   25.007209093896787 -722.669473319663325
 119.985756147042025  214.329973999999993
 123.658538395939928  215.085579400000000
 127.405515767875343  215.639793200000014
 131.227430214078510  216.045800500000013
 135.125023685780207  216.336492399999997
 139.099038134210673  216.552012100000013
 143.150215510599764  216.722457600000013


# temperature  664.000000000000000
#   -0.000001874335994    0.001116976804221   -0.250027037024697   24.946270517463887 -720.144681904699496
 119.985756147042025  214.488439599999992
 123.658538395939928  215.241261600000001
 127.405515767875343  215.793316599999997
 131.227430214078510  216.197617699999995
 135.125023685780207  216.486970299999996
 139.099038134210673  216.701427300000006
 143.150215510599764  216.870945299999988


# temperature  666.000000000000000
#   -0.000001870234985    0.001114431506774   -0.249435583308697   24.885080378491711 -717.613414926252972
 119.985756147042025  214.645948699999991
 123.658538395939928  215.395999300000000
 127.405515767875343  215.945906400000013
 131.227430214078510  216.348511400000007
 135.125023685780207  216.636533600000007
 139.099038134210673  216.849935899999991
 143.150215510599764  217.018533999999988


# temperature  668.000000000000000
#   -0.000001866135709    0.001111887692222   -0.248844572127549   24.823947849568125 -715.085841731373762
 119.985756147042025  214.802507800000001
 123.658538395939928  215.549799199999995
 127.405515767875343  216.097568999999993
 131.227430214078510  216.498487899999986
 135.125023685780207  216.785188599999998
 139.099038134210673  216.997544099999999
 143.150215510599764  217.165229799999992


# temperature  670.000000000000000
#   -0.000001862018555    0.001109335142977   -0.248252010198110   24.762700349385049 -712.556359806022783
 119.985756147042025  214.958123499999999
 123.658538395939928  215.702667800000000
 127.405515767875343  216.248311000000001
 131.227430214078510  216.647553600000009
 135.125023685780207  216.932941699999986
 139.099038134210673  217.144258100000002
 143.150215510599764  217.311038999999994


# temperature  672.000000000000000
#   -0.000001857895593    0.001106779913845   -0.247659031160878   24.701431731150908 -710.027860167159702
 119.985756147042025  215.112802399999993
 123.658538395939928  215.854611400000010
 127.405515767875343  216.398138600000010
 131.227430214078510  216.795714699999991
 135.125023685780207  217.079799100000002
 139.099038134210673  217.290084199999995
 143.150215510599764  217.455967600000008


# temperature  674.000000000000000
#   -0.000001853755462    0.001104216328647   -0.247064578014331   24.640055068293627 -707.497673494232231
 119.985756147042025  215.266550899999999
 123.658538395939928  216.005636600000003
 127.405515767875343  216.547058399999997
 131.227430214078510  216.942977700000000
 135.125023685780207  217.225766999999991
 139.099038134210673  217.435028399999993
 143.150215510599764  217.600021599999991


# temperature  676.000000000000000
#   -0.000001849592896    0.001101641516875   -0.246468064928699   24.578517289504969 -704.963992754655010
 119.985756147042025  215.419375400000007
 123.658538395939928  216.155749700000001
 127.405515767875343  216.695076499999999
 131.227430214078510  217.089348800000010
 135.125023685780207  217.370851600000009
 139.099038134210673  217.579096800000002
 143.150215510599764  217.743207100000006


# temperature  678.000000000000000
#   -0.000001845430141    0.001099067273015   -0.245871832659409   24.517024476528672 -702.433601968541211
 119.985756147042025  215.571282400000001
 123.658538395939928  216.304957099999996
 127.405515767875343  216.842199300000004
 131.227430214078510  217.234834000000006
 135.125023685780207  217.515058900000014
 139.099038134210673  217.722295400000007
 143.150215510599764  217.885529999999989


# temperature  680.000000000000000
#   -0.000001841248097    0.001096483416533   -0.245273851522990   24.455397216764840 -699.900561557094761
 119.985756147042025  215.722278200000005
 123.658538395939928  216.453264999999988
 127.405515767875343  216.988433100000009
 131.227430214078510  217.379439700000006
 135.125023685780207  217.658395100000007
 139.099038134210673  217.864630299999988
 143.150215510599764  218.026996099999991


# temperature  682.000000000000000
#   -0.000001837063782    0.001093899081433   -0.244675954926556   24.393798608252460 -697.370290654557152
 119.985756147042025  215.872369099999986
 123.658538395939928  216.600679799999995
 127.405515767875343  217.133783899999997
 131.227430214078510  217.523171899999994
 135.125023685780207  217.800866100000007
 139.099038134210673  218.006107399999991
 143.150215510599764  218.167611499999992


# temperature  684.000000000000000
#   -0.000001832858372    0.001091304230111   -0.244076140248544   24.332051465072798 -694.836916857508868
 119.985756147042025  216.021561300000002
 123.658538395939928  216.747207500000002
 127.405515767875343  217.278257999999994
 131.227430214078510  217.666036700000006
 135.125023685780207  217.942478099999988
 139.099038134210673  218.146732700000001
 143.150215510599764  218.307381999999990


# temperature  686.000000000000000
#   -0.000001828664348    0.001088716090221   -0.243477828964976   24.270457320758059 -692.310382772006506
 119.985756147042025  216.169860999999997
 123.658538395939928  216.892854499999999
 127.405515767875343  217.421861400000012
 131.227430214078510  217.808040099999999
 135.125023685780207  218.083236900000003
 139.099038134210673  218.286511999999988
 143.150215510599764  218.446313300000014


# temperature  688.000000000000000
#   -0.000001824446166    0.001086115822133   -0.242877281735078   24.208686757875160 -689.779814076466096
 119.985756147042025  216.317274599999990
 123.658538395939928  217.037626799999998
 127.405515767875343  217.564600299999995
 131.227430214078510  217.949188200000009
 135.125023685780207  218.223148500000008
 139.099038134210673  218.425451199999998
 143.150215510599764  218.584411200000005


# temperature  690.000000000000000
#   -0.000001820213755    0.001083508845304   -0.242275605659379   24.146840089917585 -687.248606123496415
 119.985756147042025  216.463807900000006
 123.658538395939928  217.181530500000008
 127.405515767875343  217.706480599999992
 131.227430214078510  218.089486899999997
 135.125023685780207  218.362218799999994
 139.099038134210673  218.563556000000005
 143.150215510599764  218.721681499999988


# temperature  692.000000000000000
#   -0.000001815975704    0.001080899572590   -0.241673647730595   24.084989254759073 -684.719032928353158
 119.985756147042025  216.609467300000006
 123.658538395939928  217.324571600000013
 127.405515767875343  217.847508400000009
 131.227430214078510  218.228941999999989
 135.125023685780207  218.500453499999992
 139.099038134210673  218.700832300000002
 143.150215510599764  218.858129899999994


# temperature  694.000000000000000
#   -0.000001811744488    0.001078294528393   -0.241072687952011   24.023245892210571 -682.194740639469387
 119.985756147042025  216.754258599999986
 123.658538395939928  217.466756199999992
 127.405515767875343  217.987689499999988
 131.227430214078510  218.367559499999999
 135.125023685780207  218.637858599999987
 139.099038134210673  218.837285799999989
 143.150215510599764  218.993761900000010


# temperature  696.000000000000000
#   -0.000001807480091    0.001075672708570   -0.240468596315873   23.961249446094453 -679.663930887430979
 119.985756147042025  216.898188000000005
 123.658538395939928  217.608090099999998
 127.405515767875343  218.127029899999997
 131.227430214078510  218.505345299999988
 135.125023685780207  218.774439699999988
 139.099038134210673  218.972922199999999
 143.150215510599764  219.128583300000003


# temperature  698.000000000000000
#   -0.000001803223399    0.001073055811043   -0.239865685303479   23.899380317187518 -677.139162488368243
 119.985756147042025  217.041261300000002
 123.658538395939928  217.748579400000011
 127.405515767875343  218.265535499999999
 131.227430214078510  218.642304999999993
 135.125023685780207  218.910202599999991
 139.099038134210673  219.107747100000012
 143.150215510599764  219.262599700000010


# temperature  700.000000000000000
#   -0.000001798954946    0.001070433455503   -0.239261882490324   23.837454906240183 -674.614339380486854
 119.985756147042025  217.183484499999992
 123.658538395939928  217.888229899999999
 127.405515767875343  218.403211999999996
 131.227430214078510  218.778444500000006
 135.125023685780207  219.045152900000005
 139.099038134210673  219.241766100000007
 143.150215510599764  219.395816499999995


# temperature  702.000000000000000
#   -0.000001794679562    0.001067808134971   -0.238657670088509   23.775514611497346 -672.090786346618870
 119.985756147042025  217.324863499999992
 123.658538395939928  218.027047399999987
 127.405515767875343  218.540065300000009
 131.227430214078510  218.913769400000007
 135.125023685780207  219.179296399999998
 139.099038134210673  219.374984799999993
 143.150215510599764  219.528239200000002


# temperature  704.000000000000000
#   -0.000001790390180    0.001065176273159   -0.238052370232798   23.713502395133617 -669.566699501916219
 119.985756147042025  217.465404100000001
 123.658538395939928  218.165037699999999
 127.405515767875343  218.676100999999989
 131.227430214078510  219.048285499999992
 135.125023685780207  219.312638499999991
 139.099038134210673  219.507408800000007
 143.150215510599764  219.659873500000003


# temperature  706.000000000000000
#   -0.000001786110065    0.001062549871093   -0.237448301669615   23.651617111985100 -667.048459360476727
 119.985756147042025  217.605112200000008
 123.658538395939928  218.302206600000005
 127.405515767875343  218.811324899999988
 131.227430214078510  219.181998300000004
 135.125023685780207  219.445185000000009
 139.099038134210673  219.639043600000008
 143.150215510599764  219.790724500000010


# temperature  708.000000000000000
#   -0.000001781796028    0.001059906547750   -0.236841121409753   23.589484737237392 -664.523997581737603
 119.985756147042025  217.743993399999994
 123.658538395939928  218.438559700000013
 127.405515767875343  218.945742599999988
 131.227430214078510  219.314913499999989
 135.125023685780207  219.576941199999993
 139.099038134210673  219.769894499999992
 143.150215510599764  219.920797899999997


# temperature  710.000000000000000
#   -0.000001777496047    0.001057271396344   -0.236235744858220   23.527532658181226 -662.007225516025983
 119.985756147042025  217.882053399999990
 123.658538395939928  218.574102799999991
 127.405515767875343  219.079359699999998
 131.227430214078510  219.447036599999990
 135.125023685780207  219.707912700000008
 139.099038134210673  219.899967099999998
 143.150215510599764  220.050098899999995


# temperature  712.000000000000000
#   -0.000001773194389    0.001054636137408   -0.235630539314582   23.465617866676059 -659.493442590147879
 119.985756147042025  218.019298099999986
 123.658538395939928  218.708841500000005
 127.405515767875343  219.212181899999990
 131.227430214078510  219.578373099999993
 135.125023685780207  219.838104899999990
 139.099038134210673  220.029266799999988
 143.150215510599764  220.178632899999997


# temperature  714.000000000000000
#   -0.000001768882264    0.001051996152155   -0.235024596850559   23.403661217098907 -656.980061432117736
 119.985756147042025  218.155732999999998
 123.658538395939928  218.842781400000007
 127.405515767875343  219.344214599999987
 131.227430214078510  219.708928500000013
 135.125023685780207  219.967523300000011
 139.099038134210673  220.157798799999995
 143.150215510599764  220.306405100000006


# temperature  716.000000000000000
#   -0.000001764560229    0.001049351783470   -0.234417995044658   23.341670380979711 -654.467356949217901
 119.985756147042025  218.291363600000011
 123.658538395939928  218.975927899999988
 127.405515767875343  219.475463399999995
 131.227430214078510  219.838708200000013
 135.125023685780207  220.096173200000010
 139.099038134210673  220.285568500000011
 143.150215510599764  220.433420799999993


# temperature  718.000000000000000
#   -0.000001760247069    0.001046712909766   -0.233812679231966   23.279815350674255 -651.960884572557234
 119.985756147042025  218.426195600000000
 123.658538395939928  219.108286800000002
 127.405515767875343  219.605933700000008
 131.227430214078510  219.967717700000009
 135.125023685780207  220.224060000000009
 139.099038134210673  220.412581200000005
 143.150215510599764  220.559685199999990


# temperature  720.000000000000000
#   -0.000001755914890    0.001044064810653   -0.233205739734834   23.217840817452487 -649.452248122826290
 119.985756147042025  218.560234500000007
 123.658538395939928  219.239863299999996
 127.405515767875343  219.735630899999990
 131.227430214078510  220.095962299999997
 135.125023685780207  220.351188900000011
 139.099038134210673  220.538842100000011
 143.150215510599764  220.685203500000000


# temperature  722.000000000000000
#   -0.000001751574091    0.001041413052891   -0.232598292476243   23.155846044305150 -646.944747571781932
 119.985756147042025  218.693485699999997
 123.658538395939928  219.370662900000013
 127.405515767875343  219.864560399999988
 131.227430214078510  220.223447300000004
 135.125023685780207  220.477565199999987
 139.099038134210673  220.664356400000003
 143.150215510599764  220.809980899999999


# temperature  724.000000000000000
#   -0.000001747234046    0.001038762470680   -0.231991270884412   23.093910983730815 -644.440940115627313
 119.985756147042025  218.825954800000005
 123.658538395939928  219.500691100000012
 127.405515767875343  219.992727599999995
 131.227430214078510  220.350178000000000
 135.125023685780207  220.603194199999990
 139.099038134210673  220.789129300000013
 143.150215510599764  220.934022400000003


# temperature  726.000000000000000
#   -0.000001742902092    0.001036117020860   -0.231385473664492   23.032107155912374 -641.943217389269080
 119.985756147042025  218.957647000000009
 123.658538395939928  219.629953199999989
 127.405515767875343  220.120137699999987
 131.227430214078510  220.476159599999988
 135.125023685780207  220.728081000000003
 139.099038134210673  220.913165899999996
 143.150215510599764  221.057333099999994


# temperature  728.000000000000000
#   -0.000001738555045    0.001033464509631   -0.230778499065539   22.970224581255739 -639.444698146232895
 119.985756147042025  219.088567799999993
 123.658538395939928  219.758454499999999
 127.405515767875343  220.246796100000012
 131.227430214078510  220.601397399999996
 135.125023685780207  220.852230800000001
 139.099038134210673  221.036471299999988
 143.150215510599764  221.179918100000009


# temperature  730.000000000000000
#   -0.000001734208169    0.001030813016283   -0.230171949127175   22.908404283583724 -636.950026597838701
 119.985756147042025  219.218722399999990
 123.658538395939928  219.886200300000013
 127.405515767875343  220.372707999999989
 131.227430214078510  220.725896500000005
 135.125023685780207  220.975648699999994
 139.099038134210673  221.159050500000006
 143.150215510599764  221.301782300000013


# temperature  732.000000000000000
#   -0.000001729858984    0.001028161086505   -0.229565506989991   22.846615814512379 -634.458107726496223
 119.985756147042025  219.348116199999993
 123.658538395939928  220.013195800000005
 127.405515767875343  220.497878500000013
 131.227430214078510  220.849662099999989
 135.125023685780207  221.098339799999991
 139.099038134210673  221.280908699999998
 143.150215510599764  221.422930799999989


# temperature  734.000000000000000
#   -0.000001725504270    0.001025507123416   -0.228958876924775   22.784834929165903 -631.968193304969645
 119.985756147042025  219.476754499999998
 123.658538395939928  220.139446300000003
 127.405515767875343  220.622312700000009
 131.227430214078510  220.972699299999988
 135.125023685780207  221.220308999999986
 139.099038134210673  221.402050699999990
 143.150215510599764  221.543368399999991


# temperature  736.000000000000000
#   -0.000001721164322    0.001022861853427   -0.228354182606432   22.723248293314889 -629.486424038461905
 119.985756147042025  219.604642399999989
 123.658538395939928  220.264956899999987
 127.405515767875343  220.746015999999997
 131.227430214078510  221.095012999999994
 135.125023685780207  221.341561500000012
 139.099038134210673  221.522481599999992
 143.150215510599764  221.663100100000008


# temperature  738.000000000000000
#   -0.000001716793076    0.001020200954506   -0.227746615671527   22.661434050645720 -626.998936230762524
 119.985756147042025  219.731785000000002
 123.658538395939928  220.389732600000002
 127.405515767875343  220.868993200000006
 131.227430214078510  221.216608500000007
 135.125023685780207  221.462102200000004
 139.099038134210673  221.642206200000004
 143.150215510599764  221.782130700000010


# temperature  740.000000000000000
#   -0.000001712435251    0.001017548034254   -0.227140841339940   22.599801194715564 -624.519145571721310
 119.985756147042025  219.858187600000008
 123.658538395939928  220.513778699999989
 127.405515767875343  220.991249399999987
 131.227430214078510  221.337490500000001
 135.125023685780207  221.581936000000013
 139.099038134210673  221.761229399999991
 143.150215510599764  221.900465099999991


# temperature  742.000000000000000
#   -0.000001708066879    0.001014890399642   -0.226534343818843   22.538128552736179 -622.039769664284449
 119.985756147042025  219.983855299999988
 123.658538395939928  220.637100199999992
 127.405515767875343  221.112789700000008
 131.227430214078510  221.457664200000011
 135.125023685780207  221.701067899999998
 139.099038134210673  221.879556100000002
 143.150215510599764  222.018108000000012


# temperature  744.000000000000000
#   -0.000001703702485    0.001012235927596   -0.225928721138259   22.476559839737288 -619.565637710112128
 119.985756147042025  220.108792999999991
 123.658538395939928  220.759702099999998
 127.405515767875343  221.233619099999999
 131.227430214078510  221.577134400000006
 135.125023685780207  221.819502599999993
 139.099038134210673  221.997191100000009
 143.150215510599764  222.135064300000010


# temperature  746.000000000000000
#   -0.000001699344370    0.001009585489714   -0.225324077744515   22.415098264430171 -617.096654270003683
 119.985756147042025  220.233005899999995
 123.658538395939928  220.881589300000002
 127.405515767875343  221.353742399999987
 131.227430214078510  221.695905900000014
 135.125023685780207  221.937244999999990
 139.099038134210673  222.114139200000011
 143.150215510599764  222.251338500000003


# temperature  748.000000000000000
#   -0.000001694990029    0.001006938060309   -0.224720269770126   22.353736374585282 -614.632739078408804
 119.985756147042025  220.356498799999997
 123.658538395939928  221.002766900000012
 127.405515767875343  221.473164499999996
 131.227430214078510  221.813983699999994
 135.125023685780207  222.054299899999990
 139.099038134210673  222.230405100000013
 143.150215510599764  222.366935500000011


# temperature  750.000000000000000
#   -0.000001690611487    0.001004278732360   -0.224114322724589   22.292210757559989 -612.165151588917638
 119.985756147042025  220.479276900000002
 123.658538395939928  221.123239699999999
 127.405515767875343  221.591890400000011
 131.227430214078510  221.931372600000003
 135.125023685780207  222.170672200000013
 139.099038134210673  222.345993499999992
 143.150215510599764  222.481859899999989


# temperature  752.000000000000000
#   -0.000001686237700    0.001001622925486   -0.223509310853671   22.230793360981878 -609.702892691712464
 119.985756147042025  220.601344899999987
 123.658538395939928  221.243012599999986
 127.405515767875343  221.709924800000010
 131.227430214078510  222.048077299999989
 135.125023685780207  222.286366399999991
 139.099038134210673  222.460909100000009
 143.150215510599764  222.596116400000000


# temperature  754.000000000000000
#   -0.000001681880787    0.000998976922406   -0.222906454162933   22.169589361655508 -607.249353684332959
 119.985756147042025  220.722707700000001
 123.658538395939928  221.362090499999994
 127.405515767875343  221.827272499999992
 131.227430214078510  222.164102500000013
 135.125023685780207  222.401387300000010
 139.099038134210673  222.575156499999991
 143.150215510599764  222.709709400000008


# temperature  756.000000000000000
#   -0.000001677515487    0.000996327433003   -0.222303133757587   22.108369642289304 -604.797020802539350
 119.985756147042025  220.843370300000004
 123.658538395939928  221.480478099999999
 127.405515767875343  221.943938400000008
 131.227430214078510  222.279452999999990
 135.125023685780207  222.515739499999995
 139.099038134210673  222.688740400000000
 143.150215510599764  222.822643599999992


# temperature  758.000000000000000
#   -0.000001673148068    0.000993677704930   -0.221699979513106   22.047188395952631 -602.347634474920824
 119.985756147042025  220.963337400000000
 123.658538395939928  221.598180200000002
 127.405515767875343  222.059926999999988
 131.227430214078510  222.394133500000009
 135.125023685780207  222.629427700000008
 139.099038134210673  222.801665399999990
 143.150215510599764  222.934923599999991


# temperature  760.000000000000000
#   -0.000001668782303    0.000991029866454   -0.221097438676020   21.986087123756736 -599.902624773320440
 119.985756147042025  221.082613900000013
 123.658538395939928  221.715201600000000
 127.405515767875343  222.175243200000011
 131.227430214078510  222.508148500000004
 135.125023685780207  222.742456400000009
 139.099038134210673  222.913935900000013
 143.150215510599764  223.046553799999998


# temperature  762.000000000000000
#   -0.000001664421250    0.000988385388825   -0.220495775401410   21.925086807704258 -597.462609295949392
 119.985756147042025  221.201204300000001
 123.658538395939928  221.831546900000006
 127.405515767875343  222.289891500000010
 131.227430214078510  222.621502700000008
 135.125023685780207  222.854830300000003
 139.099038134210673  223.025556499999993
 143.150215510599764  223.157538600000009


# temperature  764.000000000000000
#   -0.000001660045960    0.000985734396695   -0.219893061577198   21.864020264799251 -595.022150814113957
 119.985756147042025  221.319113499999986
 123.658538395939928  221.947220799999997
 127.405515767875343  222.403876599999990
 131.227430214078510  222.734200700000002
 135.125023685780207  222.966553800000014
 139.099038134210673  223.136531600000012
 143.150215510599764  223.267882500000013


# temperature  766.000000000000000
#   -0.000001655686755    0.000983092835808   -0.219292437049090   21.803161857767527 -592.590221146842850
 119.985756147042025  221.436346100000009
 123.658538395939928  222.062228000000005
 127.405515767875343  222.517202999999995
 131.227430214078510  222.846247000000005
 135.125023685780207  223.077631400000001
 139.099038134210673  223.246865799999995
 143.150215510599764  223.377589999999998


# temperature  768.000000000000000
#   -0.000001651321906    0.000980449234076   -0.218691634422779   21.742312744200973 -590.160286866377760
 119.985756147042025  221.552906799999988
 123.658538395939928  222.176572999999991
 127.405515767875343  222.629875400000003
 131.227430214078510  222.957646100000005
 135.125023685780207  223.188067600000011
 139.099038134210673  223.356563399999999
 143.150215510599764  223.486665299999999


# temperature  770.000000000000000
#   -0.000001646963016    0.000977809689525   -0.218091853094246   21.681577552915549 -587.735759063402497
 119.985756147042025  221.668800099999999
 123.658538395939928  222.290260399999994
 127.405515767875343  222.741898099999986
 131.227430214078510  223.068402399999997
 135.125023685780207  223.297866900000002
 139.099038134210673  223.465628799999990
 143.150215510599764  223.595112900000004


# temperature  772.000000000000000
#   -0.000001642598051    0.000975167923446   -0.217491866908195   21.620850033100137 -585.313185533468868
 119.985756147042025  221.784030699999988
 123.658538395939928  222.403294700000004
 127.405515767875343  222.853275800000006
 131.227430214078510  223.178520499999991
 135.125023685780207  223.407033500000011
 139.099038134210673  223.574066399999992
 143.150215510599764  223.702936999999991


# temperature  774.000000000000000
#   -0.000001638241761    0.000972531839356   -0.216893261231885   21.560271278179528 -582.897262184519718
 119.985756147042025  221.898603000000008
 123.658538395939928  222.515680500000002
 127.405515767875343  222.964012900000000
 131.227430214078510  223.288004699999988
 135.125023685780207  223.515571800000004
 139.099038134210673  223.681880400000011
 143.150215510599764  223.810141899999991


# temperature  776.000000000000000
#   -0.000001633888843    0.000969898357766   -0.216295372081042   21.499778200099037 -580.485753536927291
 119.985756147042025  222.012521600000014
 123.658538395939928  222.627422099999990
 127.405515767875343  223.074113799999992
 131.227430214078510  223.396859299999988
 135.125023685780207  223.623486299999996
 139.099038134210673  223.789075200000013
 143.150215510599764  223.916731800000008


# temperature  778.000000000000000
#   -0.000001629542319    0.000967269307765   -0.215698606876267   21.439410505814553 -578.080087351674024
 119.985756147042025  222.125790899999998
 123.658538395939928  222.738524100000006
 127.405515767875343  223.183582800000011
 131.227430214078510  223.505088800000010
 135.125023685780207  223.730781100000002
 139.099038134210673  223.895655000000005
 143.150215510599764  224.022710999999987


# temperature  780.000000000000000
#   -0.000001625180529    0.000964633007614   -0.215100607656154   21.378957062498493 -575.673183216971665
 119.985756147042025  222.238415500000002
 123.658538395939928  222.848990700000002
 127.405515767875343  223.292424299999993
 131.227430214078510  223.612697499999996
 135.125023685780207  223.837460600000014
 139.099038134210673  224.001624099999987
 143.150215510599764  224.128083599999997


# temperature  782.000000000000000
#   -0.000001620818781    0.000961997894277   -0.214503111952620   21.318576360940547 -573.270439865240974
 119.985756147042025  222.350399600000003
 123.658538395939928  222.958826399999992
 127.405515767875343  223.400642699999992
 131.227430214078510  223.719689499999987
 135.125023685780207  223.943529000000012
 139.099038134210673  224.106986500000005
 143.150215510599764  224.232853900000009


# temperature  784.000000000000000
#   -0.000001616482575    0.000959377238882   -0.213908706759052   21.258492258148291 -570.879107944513180
 119.985756147042025  222.461747599999995
 123.658538395939928  223.068035600000002
 127.405515767875343  223.508242300000006
 131.227430214078510  223.826069200000006
 135.125023685780207  224.048990500000002
 139.099038134210673  224.211746599999998
 143.150215510599764  224.337025899999986


# temperature  786.000000000000000
#   -0.000001612133062    0.000956750410361   -0.213313288572005   21.198342440251416 -568.487201204724215
 119.985756147042025  222.572463999999997
 123.658538395939928  223.176622400000014
 127.405515767875343  223.615227199999993
 131.227430214078510  223.931840800000003
 135.125023685780207  224.153849199999996
 139.099038134210673  224.315908400000012
 143.150215510599764  224.440603600000003


# temperature  788.000000000000000
#   -0.000001607786487    0.000954126192129   -0.212718634084301   21.138286261404417 -566.100062573146829
 119.985756147042025  222.682553000000013
 123.658538395939928  223.284591199999994
 127.405515767875343  223.721601700000008
 131.227430214078510  224.037008399999991
 135.125023685780207  224.258109300000001
 139.099038134210673  224.419476000000003
 143.150215510599764  224.543591300000003


# temperature  790.000000000000000
#   -0.000001603465765    0.000951516592201   -0.212127100421291   21.078529129077666 -563.724392212175530
 119.985756147042025  222.792018899999988
 123.658538395939928  223.391946300000001
 127.405515767875343  223.827370099999996
 131.227430214078510  224.141576200000003
 135.125023685780207  224.361774900000000
 139.099038134210673  224.522453600000006
 143.150215510599764  224.645992900000010


# temperature  792.000000000000000
#   -0.000001599125107    0.000948897431458   -0.211533906277250   21.018651413268625 -561.346394388757517
 119.985756147042025  222.900865900000014
 123.658538395939928  223.498691699999995
 127.405515767875343  223.932536400000004
 131.227430214078510  224.245548399999990
 135.125023685780207  224.464850100000007
 139.099038134210673  224.624845099999987
 143.150215510599764  224.747812399999987


# temperature  794.000000000000000
#   -0.000001594786449    0.000946280342985   -0.210941361766974   20.958856677202917 -558.972780186841646
 119.985756147042025  223.009098300000005
 123.658538395939928  223.604831700000005
 127.405515767875343  224.037104900000003
 131.227430214078510  224.348928999999998
 135.125023685780207  224.567338900000010
 139.099038134210673  224.726654499999995
 143.150215510599764  224.849053700000013


# temperature  796.000000000000000
#   -0.000001590468532    0.000943675177766   -0.210351404702204   20.899314003155403 -556.609067051678835
 119.985756147042025  223.116720200000003
 123.658538395939928  223.710370500000010
 127.405515767875343  224.141079499999989
 131.227430214078510  224.451721999999990
 135.125023685780207  224.669245399999994
 139.099038134210673  224.827885900000012
 143.150215510599764  224.949721000000011


# temperature  798.000000000000000
#   -0.000001586138693    0.000941064768724   -0.209760658920489   20.839728900492183 -554.245637420800335
 119.985756147042025  223.223735699999992
 123.658538395939928  223.815312100000000
 127.405515767875343  224.244464499999992
 131.227430214078510  224.553931599999999
 135.125023685780207  224.770573600000006
 139.099038134210673  224.928543100000013
 143.150215510599764  225.049817899999994


