# temperature    2.000000000000000
#    0.000002402266382   -0.001290752615372    0.259660016504505  -23.177824341116892  774.549823008209842
 119.985756147042025    0.029053300000000
 123.658538395939928    0.000019200000000
 127.405515767875343    0.000023100000000
 131.227430214078510    0.030710700000000
 135.125023685780207    0.013884600000000
 139.099038134210673    0.028251500000000
 143.150215510599764    0.015124700000000


# temperature    4.000000000000000
#    0.000002528958493   -0.001358864471890    0.273372059910652  -24.402818826000225  815.524636751341291
 119.985756147042025    0.031570700000000
 123.658538395939928    0.000942900000000
 127.405515767875343    0.001050700000000
 131.227430214078510    0.033411300000000
 135.125023685780207    0.015976200000000
 139.099038134210673    0.031340700000000
 143.150215510599764    0.017860900000000


# temperature    6.000000000000000
#    0.000002748963503   -0.001476619702891    0.296988430312525  -26.505981019593030  885.696694752897201
 119.985756147042025    0.039171000000000
 123.658538395939928    0.005078400000000
 127.405515767875343    0.005413400000000
 131.227430214078510    0.039110400000000
 135.125023685780207    0.021779700000000
 139.099038134210673    0.038477700000000
 143.150215510599764    0.025878500000000


# temperature    8.000000000000000
#    0.000003479191561   -0.001867852479220    0.375539752002404  -33.510459847345821 1119.750447888846566
 119.985756147042025    0.064619900000000
 123.658538395939928    0.016148500000000
 127.405515767875343    0.015840500000000
 131.227430214078510    0.050829800000000
 135.125023685780207    0.034243000000000
 139.099038134210673    0.053149400000000
 143.150215510599764    0.042939500000000


# temperature   10.000000000000000
#    0.000005006891525   -0.002687910849052    0.540521842389829  -48.253428253491833 1613.501174045727794
 119.985756147042025    0.124799800000000
 123.658538395939928    0.041493700000000
 127.405515767875343    0.036597900000000
 131.227430214078510    0.072196500000000
 135.125023685780207    0.056778900000000
 139.099038134210673    0.079063800000000
 143.150215510599764    0.073179400000000


# temperature   12.000000000000000
#    0.000007238566804   -0.003888537793277    0.782649088319543  -69.946073739331553 2342.018859027531107
 119.985756147042025    0.234991300000000
 123.658538395939928    0.092315000000000
 127.405515767875343    0.074711600000000
 131.227430214078510    0.108732600000000
 135.125023685780207    0.094324500000000
 139.099038134210673    0.121261200000000
 143.150215510599764    0.122127500000000


# temperature   14.000000000000000
#    0.000009877195794   -0.005311580670626    1.070402834190352  -95.802265572540250 3213.151401505580907
 119.985756147042025    0.407388700000000
 123.658538395939928    0.181801100000000
 127.405515767875343    0.140042600000000
 131.227430214078510    0.168524900000000
 135.125023685780207    0.154132900000000
 139.099038134210673    0.186871200000000
 143.150215510599764    0.197453900000000


# temperature   16.000000000000000
#    0.000012628036843   -0.006798843221743    1.371990374486136 -122.986730472301929 4132.244752746216363
 119.985756147042025    0.651174100000000
 123.658538395939928    0.322982900000000
 127.405515767875343    0.244178400000000
 131.227430214078510    0.261861000000000
 135.125023685780207    0.245784400000000
 139.099038134210673    0.285248900000000
 143.150215510599764    0.309163600000000


# temperature   18.000000000000000
#    0.000015285580854   -0.008238996120524    1.664824759239125 -149.465447391656255 5030.712193895294149
 119.985756147042025    0.972702300000000
 123.658538395939928    0.527226500000000
 127.405515767875343    0.398918100000000
 131.227430214078510    0.400113800000000
 135.125023685780207    0.380383500000000
 139.099038134210673    0.427373400000000
 143.150215510599764    0.469040800000000


# temperature   20.000000000000000
#    0.000017739646265   -0.009571371756304    1.936395591332926 -174.093224196923956 5869.297854992591056
 119.985756147042025    1.375771600000000
 123.658538395939928    0.803469000000000
 127.405515767875343    0.614987600000000
 131.227430214078510    0.594456600000000
 135.125023685780207    0.569366700000000
 139.099038134210673    0.624806900000000
 143.150215510599764    0.689589600000000


# temperature   22.000000000000000
#    0.000019950264735   -0.010772945753550    2.181747517360626 -196.397505035183173 6631.155473673125925
 119.985756147042025    1.861991600000000
 123.658538395939928    1.158014600000000
 127.405515767875343    0.901223100000000
 131.227430214078510    0.854821900000000
 135.125023685780207    0.823379400000000
 139.099038134210673    0.888619300000000
 143.150215510599764    0.982882000000000


# temperature   24.000000000000000
#    0.000021918779006   -0.011843119575902    2.400482602684100 -216.316598775623419 7313.299504098357829
 119.985756147042025    2.431185900000000
 123.658538395939928    1.594670300000000
 127.405515767875343    1.264207600000000
 131.227430214078510    1.189258800000000
 135.125023685780207    1.151476000000000
 139.099038134210673    1.228546400000000
 143.150215510599764    1.359609900000000


# temperature   26.000000000000000
#    0.000023665549059   -0.012791892453556    2.594411465897497 -233.992807793848925 7919.788565505541555
 119.985756147042025    3.081775300000000
 123.658538395939928    2.115058200000000
 127.405515767875343    1.708248700000000
 131.227430214078510    1.603672500000000
 135.125023685780207    1.560700000000000
 139.099038134210673    1.652472900000000
 143.150215510599764    1.828464800000000


# temperature   28.000000000000000
#    0.000025216011762   -0.013632404631505    2.766059908459701 -249.639750308814314 8457.314406543973746
 119.985756147042025    3.811120300000000
 123.658538395939928    2.718997000000000
 127.405515767875343    2.235573300000000
 131.227430214078510    2.101849800000000
 135.125023685780207    2.055979400000000
 139.099038134210673    2.166217000000000
 143.150215510599764    2.395842100000000


# temperature   30.000000000000000
#    0.000026593642184   -0.014377114150248    2.917891375769440 -263.472212402207390 8932.834027193030124
 119.985756147042025    4.615816200000000
 123.658538395939928    3.404891500000000
 127.405515767875343    2.846634300000000
 131.227430214078510    2.685662300000000
 135.125023685780207    2.640237900000000
 139.099038134210673    2.773539000000000
 143.150215510599764    3.065804700000000


# temperature   32.000000000000000
#    0.000027817565262   -0.015036433707723    3.052016613300847 -275.678798196216746 9352.608644224033924
 119.985756147042025    5.491942500000000
 123.658538395939928    4.170092900000000
 127.405515767875343    3.540455700000000
 131.227430214078510    3.355356300000000
 135.125023685780207    3.314626200000000
 139.099038134210673    3.476294400000000
 143.150215510599764    3.840225300000000


# temperature   34.000000000000000
#    0.000028902568770   -0.015618647061015    3.170158684587750 -286.417194594008834 9721.992263352627560
 119.985756147042025    6.435268700000000
 123.658538395939928    5.011213200000000
 127.405515767875343    4.314966800000000
 131.227430214078510    4.109865800000000
 135.125023685780207    4.078801400000000
 139.099038134210673    4.274665100000000
 143.150215510599764    4.719034500000000


# temperature   36.000000000000000
#    0.000029860256650   -0.016130442684564    3.273743183835758 -295.820707292107500 10045.600111004405335
 119.985756147042025    7.441420200000000
 123.658538395939928    5.924385200000000
 127.405515767875343    5.167299500000000
 131.227430214078510    4.947107100000000
 135.125023685780207    4.931210100000000
 139.099038134210673    5.167420000000000
 143.150215510599764    5.700519000000000


# temperature   38.000000000000000
#    0.000030700260634   -0.016577493793166    3.364000849651098 -304.006178870532949 10327.532335646956199
 119.985756147042025    8.506006500000000
 123.658538395939928    6.905470400000000
 127.405515767875343    6.094037400000000
 131.227430214078510    5.864239000000000
 135.125023685780207    5.869349300000000
 139.099038134210673    6.152176800000000
 143.150215510599764    6.781630600000000


# temperature   40.000000000000000
#    0.000031431316841   -0.016964983958713    3.442062901354193 -311.081584324832932 10571.597747121182692
 119.985756147042025    9.624718300000000
 123.658538395939928    7.950217200000000
 127.405515767875343    7.091414900000000
 131.227430214078510    6.857878300000000
 135.125023685780207    6.889995500000000
 139.099038134210673    7.225646500000000
 143.150215510599764    7.958282000000000


# temperature   42.000000000000000
#    0.000032061902430   -0.017297913703466    3.509015776867238 -317.150307990581382 10781.436667621930610
 119.985756147042025   10.793395200000001
 123.658538395939928    9.054377300000001
 127.405515767875343    8.155470599999999
 131.227430214078510    7.924274200000000
 135.125023685780207    7.989397600000000
 139.099038134210673    8.383852400000000
 143.150215510599764    9.225614400000000


# temperature   44.000000000000000
#    0.000032600590997   -0.017581270912709    3.565931435378038 -322.313499384793886 10960.588096881030651
 119.985756147042025   12.008071299999999
 123.658538395939928   10.213787200000001
 127.405515767875343    9.282162500000000
 131.227430214078510    9.059445200000001
 135.125023685780207    9.163437000000000
 139.099038134210673    9.622320800000001
 143.150215510599764   10.578231400000000


# temperature   46.000000000000000
#    0.000033056108434   -0.017820052597384    3.613870169517778 -326.670185436007273 11112.488734132843092
 119.985756147042025   13.265001200000000
 123.658538395939928   11.424422099999999
 127.405515767875343   10.467450299999999
 131.227430214078510   10.259285000000000
 135.125023685780207   10.407757800000001
 139.099038134210673   10.936243200000000
 143.150215510599764   12.010397299999999


# temperature   48.000000000000000
#    0.000033437306706   -0.018019249423685    3.653877263859601 -330.316949469286840 11240.461289847909939
 119.985756147042025   14.560672800000001
 123.658538395939928   12.682429400000000
 127.405515767875343   11.707354400000000
 131.227430214078510   11.519642899999999
 135.125023685780207   11.717871799999999
 139.099038134210673   12.320610600000000
 143.150215510599764   13.516200599999999


# temperature   50.000000000000000
#    0.000033752882634   -0.018183701558507    3.686955368174603 -333.345579546694523 11347.639327554079500
 119.985756147042025   15.891808100000000
 123.658538395939928   13.984146200000000
 127.405515767875343   12.997995299999999
 131.227430214078510   12.836384600000001
 135.125023685780207   13.089242300000000
 139.099038134210673   13.770324799999999
 143.150215510599764   15.089685500000000


# temperature   52.000000000000000
#    0.000034011312235   -0.018318070397383    3.714060179813276 -335.842796823348863 11436.961596094864944
 119.985756147042025   17.255358399999999
 123.658538395939928   15.326106200000000
 127.405515767875343   14.335620400000000
 131.227430214078510   14.205438100000000
 135.125023685780207   14.517350400000000
 139.099038134210673   15.280287400000001
 143.150215510599764   16.724955900000001


# temperature   54.000000000000000
#    0.000034220623209   -0.018426726509490    3.736079868561081 -337.888582977105330 11511.121137214138798
 119.985756147042025   18.648492800000000
 123.658538395939928   16.705039200000002
 127.405515767875343   15.716619800000000
 131.227430214078510   15.622827200000000
 135.125023685780207   15.997747000000000
 139.099038134210673   16.845470299999999
 143.150215510599764   18.416255300000000


# temperature   56.000000000000000
#    0.000034388215170   -0.018513663725368    3.753819840449766 -339.554990499124131 11572.530729906222405
 119.985756147042025   20.068585500000001
 123.658538395939928   18.117866400000000
 127.405515767875343   17.137536000000001
 131.227430214078510   17.084696200000000
 135.125023685780207   17.526092899999998
 139.099038134210673   18.460970499999998
 143.150215510599764   20.158025899999998


# temperature   58.000000000000000
#    0.000034520848918   -0.018582501452525    3.768004723986857 -340.906443817451645 11623.336633357917890
 119.985756147042025   21.513200500000000
 123.658538395939928   19.561692099999998
 127.405515767875343   18.595068900000001
 131.227430214078510   18.587328200000002
 135.125023685780207   19.098189000000001
 139.099038134210673   20.122051200000001
 143.150215510599764   21.944951000000000


# temperature   60.000000000000000
#    0.000034624607314   -0.018636472130552    3.779277440885102 -341.999786826984746 11665.424092943439973
 119.985756147042025   22.980076799999999
 123.658538395939928   21.033794600000000
 127.405515767875343   20.086076800000001
 131.227430214078510   20.127157400000002
 135.125023685780207   20.709999100000001
 139.099038134210673   21.824171700000001
 143.150215510599764   23.771983899999999


# temperature   62.000000000000000
#    0.000034704774659   -0.018678364606372    3.788189343748974 -342.883527138410443 11700.395817517644900
 119.985756147042025   24.467113800000000
 123.658538395939928   22.531616600000000
 127.405515767875343   21.607576200000000
 131.227430214078510   21.700777299999999
 135.125023685780207   22.357665399999998
 139.099038134210673   23.563008700000001
 143.150215510599764   25.634365200000001


# temperature   64.000000000000000
#    0.000034765947044   -0.018710587968987    3.795213874677545 -343.599118752406469 11729.616625316290083
 119.985756147042025   25.972357400000000
 123.658538395939928   24.052755699999999
 127.405515767875343   23.156739099999999
 131.227430214078510   23.304946200000000
 135.125023685780207   24.037519199999998
 139.099038134210673   25.334469100000000
 143.150215510599764   27.527632000000001


# temperature   66.000000000000000
#    0.000034812032698   -0.018735177065412    3.800748644439234 -344.181224441063137 11754.224438241812095
 119.985756147042025   27.493987199999999
 123.658538395939928   25.594954800000000
 127.405515767875343   24.730890299999999
 131.227430214078510   24.936589300000001
 135.125023685780207   25.746087400000000
 139.099038134210673   27.134697500000001
 143.150215510599764   29.447619700000001


# temperature   68.000000000000000
#    0.000034846303117   -0.018753823372677    3.805122244047044 -344.658369912626597 11775.153426629725800
 119.985756147042025   29.030305500000001
 123.658538395939928   27.156093800000001
 127.405515767875343   26.327503300000000
 131.227430214078510   26.592799200000002
 135.125023685780207   27.480094600000001
 139.099038134210673   28.960078400000000
 143.150215510599764   31.390458899999999


# temperature   70.000000000000000
#    0.000034871515467   -0.018767942704623    3.808608181158565 -345.054209364460462 11793.176798270305881
 119.985756147042025   30.579726999999998
 123.658538395939928   28.734181599999999
 127.405515767875343   27.944196200000000
 131.227430214078510   28.270835000000002
 135.125023685780207   29.236463400000002
 139.099038134210673   30.807234699999999
 143.150215510599764   33.352568499999997


# temperature   72.000000000000000
#    0.000034889858361   -0.018778649520828    3.811420326112831 -345.387167041918019 11808.896202058764175
 119.985756147042025   32.140769400000003
 123.658538395939928   30.327348600000001
 127.405515767875343   29.578727099999998
 131.227430214078510   29.968119099999999
 135.125023685780207   31.012311799999999
 139.099038134210673   32.673023499999999
 143.150215510599764   35.330645199999999


# temperature   74.000000000000000
#    0.000034903166286   -0.018786870934506    3.813735566969030 -345.672431501650919 11822.807342061101735
 119.985756147042025   33.712046000000001
 123.658538395939928   31.933840600000000
 127.405515767875343   31.228989500000001
 131.227430214078510   31.682234300000001
 135.125023685780207   32.804949100000002
 139.099038134210673   34.554528900000001
 143.150215510599764   37.321652499999999


# temperature   76.000000000000000
#    0.000034912832260   -0.018793303175198    3.815685667450343 -345.921278371520089 11835.278825446082919
 119.985756147042025   35.292258699999998
 123.658538395939928   33.552011999999998
 127.405515767875343   32.893007400000002
 131.227430214078510   33.410918600000002
 135.125023685780207   34.611870000000003
 139.099038134210673   36.449054599999997
 143.150215510599764   39.322806700000001


# temperature   78.000000000000000
#    0.000034919952414   -0.018798488024043    3.817372363375957 -346.142390780439484 11846.595320039728904
 119.985756147042025   36.880191600000003
 123.658538395939928   35.180320600000002
 127.405515767875343   34.568930100000003
 131.227430214078510   35.152060499999997
 135.125023685780207   36.430748399999999
 139.099038134210673   38.354113800000000
 143.150215510599764   41.331563400000000


# temperature   80.000000000000000
#    0.000034925371656   -0.018802837541370    3.818872341207137 -346.342301622586319 11856.972188824447585
 119.985756147042025   38.474705700000001
 123.658538395939928   36.817322300000001
 127.405515767875343   36.255027499999997
 131.227430214078510   36.903693500000003
 135.125023685780207   38.259430000000002
 139.099038134210673   40.267419199999999
 143.150215510599764   43.345602999999997


# temperature   82.000000000000000
#    0.000034929755884   -0.018806672952473    3.820245054703729 -346.526089196392149 11866.578623030700328
 119.985756147042025   40.074734499999998
 123.658538395939928   38.461665799999999
 127.405515767875343   37.949684599999998
 131.227430214078510   38.663989800000003
 135.125023685780207   40.095924300000000
 139.099038134210673   42.186872399999999
 143.150215510599764   45.362816400000000


# temperature   84.000000000000000
#    0.000034933498284   -0.018810174850265    3.821522791106387 -346.696496071090280 11875.508329638989380
 119.985756147042025   41.679279200000003
 123.658538395939928   40.112088800000002
 127.405515767875343   39.651396800000001
 131.227430214078510   40.431254099999997
 135.125023685780207   41.938396599999997
 139.099038134210673   44.110553199999998
 143.150215510599764   47.381290800000002


# temperature   86.000000000000000
#    0.000034936962866   -0.018813511736821    3.822736061617575 -346.856154059390065 11883.852520109976467
 119.985756147042025   43.287405200000002
 123.658538395939928   41.767412700000001
 127.405515767875343   41.358764600000001
 131.227430214078510   42.203917699999998
 135.125023685780207   43.785159399999998
 139.099038134210673   46.036708400000002
 143.150215510599764   49.399295899999998


# temperature   88.000000000000000
#    0.000034940337247   -0.018816762716684    3.823898386794814 -347.006254475129310 11891.656370604532640
 119.985756147042025   44.898238499999998
 123.658538395939928   43.426539099999999
 127.405515767875343   43.070488500000003
 131.227430214078510   43.980531599999999
 135.125023685780207   45.634664800000003
 139.099038134210673   47.963741700000000
 143.150215510599764   51.415270800000002


# temperature   90.000000000000000
#    0.000034943742471   -0.018819974433372    3.825017337721716 -347.147497747851503 11898.949592842216589
 119.985756147042025   46.510962599999999
 123.658538395939928   45.088445600000000
 127.405515767875343   44.785364299999998
 131.227430214078510   45.759760300000003
 135.125023685780207   47.485495100000001
 139.099038134210673   49.890202600000002
 143.150215510599764   53.427810899999997


# temperature   92.000000000000000
#    0.000034947200188   -0.018823144584586    3.826091433733938 -347.279834456541380 11905.738347410373535
 119.985756147042025   48.124815200000000
 123.658538395939928   46.752181800000002
 127.405515767875343   46.502277499999998
 131.227430214078510   47.540375300000001
 135.125023685780207   49.336355800000000
 139.099038134210673   51.814776899999998
 143.150215510599764   55.435656000000002


# temperature   94.000000000000000
#    0.000034950764412   -0.018826290074715    3.827123334183926 -347.403598153630924 11912.041666073422675
 119.985756147042025   49.739085799999998
 123.658538395939928   48.416865600000001
 127.405515767875343   48.220199500000000
 131.227430214078510   49.321249299999998
 135.125023685780207   51.186067000000001
 139.099038134210673   53.736276500000002
 143.150215510599764   57.437678900000002


# temperature   96.000000000000000
#    0.000034954396618   -0.018829381520836    3.828106977974705 -347.518384949927054 11917.854915301908477
 119.985756147042025   51.353112899999999
 123.658538395939928   50.081680100000000
 127.405515767875343   49.938181700000001
 131.227430214078510   51.101349599999999
 135.125023685780207   53.033556099999998
 139.099038134210673   55.653630399999997
 143.150215510599764   59.432874900000002


# temperature   98.000000000000000
#    0.000034958030974   -0.018832377480031    3.829034302898015 -347.623638774677602 11923.168884620294193
 119.985756147042025   52.966281400000000
 123.658538395939928   51.745869300000003
 127.405515767875343   51.655351699999997
 131.227430214078510   52.879732300000001
 135.125023685780207   54.877850199999997
 139.099038134210673   57.565876099999997
 143.150215510599764   61.420351199999999


# temperature  100.000000000000000
#    0.000034961616494   -0.018835245986247    3.829899362034631 -347.719000491985071 11927.980877905774832
 119.985756147042025   54.578020299999999
 123.658538395939928   53.408735399999998
 127.405515767875343   53.370908700000001
 131.227430214078510   54.655536900000001
 135.125023685780207   56.718069399999997
 139.099038134210673   59.472150800000001
 143.150215510599764   63.399317699999997


# temperature  102.000000000000000
#    0.000034965058440   -0.018837933659026    3.830692228976782 -347.803774858303257 11932.277280182488539
 119.985756147042025   56.187800500000002
 123.658538395939928   55.069635400000003
 127.405515767875343   55.084119000000001
 131.227430214078510   56.427980499999997
 135.125023685780207   58.553419800000000
 139.099038134210673   61.371684100000003
 143.150215510599764   65.369078599999995


# temperature  104.000000000000000
#    0.000034968297905   -0.018840407546209    3.831407235151147 -347.877650346977248 11936.057120164432490
 119.985756147042025   57.795132400000000
 123.658538395939928   56.727977799999998
 127.405515767875343   56.794311600000000
 131.227430214078510   58.196352699999998
 135.125023685780207   60.383187499999998
 139.099038134210673   63.263790100000001
 143.150215510599764   67.329023800000002


# temperature  106.000000000000000
#    0.000034971265381   -0.018842630140871    3.832037940615069 -347.940250529077105 11939.317110496029272
 119.985756147042025   59.399563899999997
 123.658538395939928   58.383219599999997
 127.405515767875343   58.500874799999998
 131.227430214078510   59.960010599999997
 135.125023685780207   62.206732100000004
 139.099038134210673   65.147861000000006
 143.150215510599764   69.278621599999994


# temperature  108.000000000000000
#    0.000034973893277   -0.018844566025271    3.832578457645616 -347.991251553641632 11942.055569803671460
 119.985756147042025   61.000678499999999
 123.658538395939928   60.034863600000001
 127.405515767875343   60.203252100000000
 131.227430214078510   61.718373800000002
 135.125023685780207   64.023481599999997
 139.099038134210673   67.023360299999993
 143.150215510599764   71.217411600000005


# temperature  110.000000000000000
#    0.000034976092119   -0.018846169122759    3.833020895861420 -348.030155297881606 11944.264894312773322
 119.985756147042025   62.598092899999997
 123.658538395939928   61.682455599999997
 127.405515767875343   61.900938199999999
 131.227430214078510   63.470920200000002
 135.125023685780207   65.832926900000004
 139.099038134210673   68.889817100000002
 143.150215510599764   73.144998400000006


# temperature  112.000000000000000
#    0.000034977806311   -0.018847412039411    3.833361148386300 -348.056796319017906 11945.948210778329667
 119.985756147042025   64.191455599999998
 123.658538395939928   63.325581399999997
 127.405515767875343   63.593475900000001
 131.227430214078510   65.217181699999998
 135.125023685780207   67.634616500000007
 139.099038134210673   70.746820400000004
 143.150215510599764   75.061045300000004


# temperature  114.000000000000000
#    0.000034979008966   -0.018848282891677    3.833598181014514 -348.071272729209738 11947.116903315856689
 119.985756147042025   65.780444700000004
 123.658538395939928   64.963864299999997
 127.405515767875343   65.280452699999998
 131.227430214078510   66.956739799999994
 135.125023685780207   69.428152299999994
 139.099038134210673   72.594013799999999
 143.150215510599764   76.965269500000005


# temperature  116.000000000000000
#    0.000034979616690   -0.018848740486869    3.833725206989591 -348.073175225797797 11947.765403398940180
 119.985756147042025   67.364766399999993
 123.658538395939928   66.596963299999999
 127.405515767875343   66.961497600000001
 131.227430214078510   68.689222200000003
 135.125023685780207   71.213184999999996
 139.099038134210673   74.431090900000001
 143.150215510599764   78.857436399999997


# temperature  118.000000000000000
#    0.000034979641956   -0.018848794535828    3.833745502366246 -348.062971504930658 11947.916585392849811
 119.985756147042025   68.944153099999994
 123.658538395939928   68.224569700000004
 127.405515767875343   68.636278099999998
 131.227430214078510   70.414299200000002
 135.125023685780207   72.989410000000007
 139.099038134210673   76.257790600000007
 143.150215510599764   80.737355199999996


# temperature  120.000000000000000
#    0.000034979009540   -0.018848408984303    3.833653347922200 -348.040339239243565 11947.567181146754592
 119.985756147042025   70.518361900000002
 123.658538395939928   69.846405700000005
 127.405515767875343   70.304497400000002
 131.227430214078510   72.131679899999995
 135.125023685780207   74.756563900000003
 139.099038134210673   78.073893499999997
 143.150215510599764   82.604874800000005


# temperature  122.000000000000000
#    0.000034977714351   -0.018847584743992    3.833450269088697 -348.005581158172333 11946.733963187316476
 119.985756147042025   72.087173100000001
 123.658538395939928   71.462222100000005
 127.405515767875343   71.965891700000000
 131.227430214078510   73.841109900000006
 135.125023685780207   76.514420700000002
 139.099038134210673   79.879217600000004
 143.150215510599764   84.459879799999996


# temperature  124.000000000000000
#    0.000034975736202   -0.018846315077826    3.833136295457997 -347.958865545122705 11945.429045935648901
 119.985756147042025   73.650388500000005
 123.658538395939928   73.071795899999998
 127.405515767875343   73.620227700000001
 131.227430214078510   75.542367400000003
 135.125023685780207   78.262788599999993
 139.099038134210673   81.673614900000004
 143.150215510599764   86.302286699999996


# temperature  126.000000000000000
#    0.000034973095828   -0.018844614399856    3.832715503984910 -347.900699773686540 11943.675036089181958
 119.985756147042025   75.207830200000004
 123.658538395939928   74.674929000000006
 127.405515767875343   75.267300700000007
 131.227430214078510   77.235261499999993
 135.125023685780207   80.001507000000004
 139.099038134210673   83.456968399999994
 143.150215510599764   88.132041299999997


# temperature  128.000000000000000
#    0.000034969732902   -0.018842455151566    3.832183794727773 -347.830880385000910 11941.471287299234973
 119.985756147042025   76.759339100000005
 123.658538395939928   76.271446100000006
 127.405515767875343   76.906931400000005
 131.227430214078510   78.919628599999996
 135.125023685780207   81.730443899999997
 139.099038134210673   85.229189099999999
 143.150215510599764   89.949114800000004


# temperature  130.000000000000000
#    0.000034965678577   -0.018839857596902    3.831546390450360 -347.750006811740718 11938.842938480354860
 119.985756147042025   78.304773999999995
 123.658538395939928   77.861193000000000
 127.405515767875343   78.538964899999996
 131.227430214078510   80.595331099999996
 135.125023685780207   83.449492899999996
 139.099038134210673   86.990213199999999
 143.150215510599764   91.753501799999995


# temperature  132.000000000000000
#    0.000034960962305   -0.018836840916322    3.830808226622233 -347.658643441860136 11935.813557365703673
 119.985756147042025   79.844009600000007
 123.658538395939928   79.444035000000000
 127.405515767875343   80.163268200000005
 131.227430214078510   82.262254400000003
 135.125023685780207   85.158571400000000
 139.099038134210673   88.739999400000002
 143.150215510599764   93.545217699999995


# temperature  134.000000000000000
#    0.000034955554737   -0.018833393587223    3.829968202756043 -347.556825030445339 11932.389226456487449
 119.985756147042025   81.376936200000003
 123.658538395939928   81.019855699999994
 127.405515767875343   81.779728500000004
 131.227430214078510   83.920305099999993
 135.125023685780207   86.857617899999994
 139.099038134210673   90.478527099999994
 143.150215510599764   95.324296000000004


# temperature  136.000000000000000
#    0.000034949480438   -0.018829532332140    3.829030728708296 -347.445060556695921 11928.591228617327943
 119.985756147042025   82.903458099999995
 123.658538395939928   82.588555099999994
 127.405515767875343   83.388251499999996
 131.227430214078510   85.569409300000004
 135.125023685780207   88.546590100000003
 139.099038134210673   92.205793999999997
 143.150215510599764   97.090786699999995


# temperature  138.000000000000000
#    0.000034942775449   -0.018825279572043    3.828001241765572 -347.323937956634154 11924.443007092411790
 119.985756147042025   84.423492800000005
 123.658538395939928   84.150048799999993
 127.405515767875343   84.988759999999999
 131.227430214078510   87.209510800000004
 135.125023685780207   90.225463099999999
 139.099038134210673   93.921814100000006
 143.150215510599764   98.844754399999999


# temperature  140.000000000000000
#    0.000034935437314   -0.018820637673719    3.826881238619137 -347.193698938806506 11919.956542976635319
 119.985756147042025   85.936969700000006
 123.658538395939928   85.704266399999995
 127.405515767875343   86.581192299999998
 131.227430214078510   88.840569299999999
 135.125023685780207   91.894227900000004
 139.099038134210673   95.626616299999995
 143.150215510599764  100.586276200000000


# temperature  142.000000000000000
#    0.000034927480267   -0.018815617526118    3.825673822502316 -347.054717455137961 11915.147829745752460
 119.985756147042025   87.443829699999995
 123.658538395939928   87.251150600000003
 127.405515767875343   88.165500800000004
 131.227430214078510   90.462558900000005
 135.125023685780207   93.552889399999998
 139.099038134210673   97.320242399999998
 143.150215510599764  102.315440600000002


# temperature  144.000000000000000
#    0.000034918937370   -0.018810239747307    3.824383953473852 -346.907522416810934 11910.037635227594365
 119.985756147042025   88.944024099999993
 123.658538395939928   88.790656100000007
 127.405515767875343   89.741651099999999
 131.227430214078510   92.075467200000006
 135.125023685780207   95.201465200000001
 139.099038134210673   99.002745899999994
 143.150215510599764  104.032345800000002


# temperature  146.000000000000000
#    0.000034909842302   -0.018804525266809    3.823016629583280 -346.752642174812024 11904.646533236071264
 119.985756147042025   90.437513400000000
 123.658538395939928   90.322748200000007
 127.405515767875343   91.309620300000006
 131.227430214078510   93.679293400000006
 135.125023685780207   96.839984299999998
 139.099038134210673  100.674190499999995
 143.150215510599764  105.737098500000002


# temperature  148.000000000000000
#    0.000034900188564   -0.018798473698272    3.821572596336679 -346.590227131821734 11898.982486584227445
 119.985756147042025   91.924267400000005
 123.658538395939928   91.847402700000004
 127.405515767875343   92.869396399999999
 131.227430214078510   95.274047600000003
 135.125023685780207   98.468485799999996
 139.099038134210673  102.334649299999995
 143.150215510599764  107.429812999999996


# temperature  150.000000000000000
#    0.000034890035628   -0.018792119197407    3.820059351233644 -346.421011670747248 11893.072323993819737
 119.985756147042025   93.404263599999993
 123.658538395939928   93.364604099999994
 127.405515767875343   94.420977100000002
 131.227430214078510   96.859749399999998
 135.125023685780207  100.087017900000006
 139.099038134210673  103.984202800000006
 143.150215510599764  109.110609499999995


# temperature  152.000000000000000
#    0.000034879383228   -0.018785464476718    3.818478179569299 -346.245184277888029 11886.924883191704794
 119.985756147042025   94.877487299999999
 123.658538395939928   94.874345500000004
 127.405515767875343   95.964369000000005
 131.227430214078510   98.436427199999997
 135.125023685780207  101.695636699999994
 139.099038134210673  105.622939099999996
 143.150215510599764  110.779613900000001


# temperature  154.000000000000000
#    0.000034868254177   -0.018778524062806    3.816832613264327 -346.063121474662466 11880.554850489637829
 119.985756147042025   96.343930299999997
 123.658538395939928   96.376627600000006
 127.405515767875343   97.499586399999998
 131.227430214078510  100.004117100000002
 135.125023685780207  103.294405400000002
 139.099038134210673  107.250951900000004
 143.150215510599764  112.436956499999994


# temperature  156.000000000000000
#    0.000034856700097   -0.018771327658219    3.815129163999526 -345.875458315826563 11873.985284429349122
 119.985756147042025   97.803590799999995
 123.658538395939928   97.871457800000002
 127.405515767875343   99.026651000000001
 131.227430214078510  101.562862100000004
 135.125023685780207  104.883393600000005
 139.099038134210673  108.868340200000006
 143.150215510599764  114.082771399999999


# temperature  158.000000000000000
#    0.000034844719077   -0.018763876740279    3.813368756562794 -345.682337964523697 11867.223000767078702
 119.985756147042025   99.256472900000006
 123.658538395939928   99.358850099999998
 127.405515767875343  100.545591099999996
 131.227430214078510  103.112711599999997
 135.125023685780207  106.462676299999998
 139.099038134210673  110.475207800000007
 143.150215510599764  115.717195599999997


# temperature  160.000000000000000
#    0.000034832361807   -0.018756200156297    3.811557637780561 -345.484361986675140 11860.289579417078130
 119.985756147042025  100.702585600000006
 123.658538395939928  100.838823800000000
 127.405515767875343  102.056440499999994
 131.227430214078510  104.653720100000001
 135.125023685780207  108.032333199999997
 139.099038134210673  112.071661800000001
 143.150215510599764  117.340368699999999


# temperature  162.000000000000000
#    0.000034819631966   -0.018748301967518    3.809697148673768 -345.281700091992036 11853.192343839826208
 119.985756147042025  102.141942900000004
 123.658538395939928  102.311403700000000
 127.405515767875343  103.559238399999998
 131.227430214078510  106.185947299999995
 135.125023685780207  109.592448099999999
 139.099038134210673  113.657812899999996
 143.150215510599764  118.952432099999996


# temperature  164.000000000000000
#    0.000034806543078   -0.018740191404819    3.807789636068814 -345.074607989864205 11845.941350117745969
 119.985756147042025  103.574562999999998
 123.658538395939928  103.776619100000005
 127.405515767875343  105.054028599999995
 131.227430214078510  107.709457000000000
 135.125023685780207  111.143108600000005
 139.099038134210673  115.233774299999993
 143.150215510599764  120.553528499999999


# temperature  166.000000000000000
#    0.000034793170139   -0.018731909799294    3.805843715632782 -344.863884155993617 11838.564240652280205
 119.985756147042025  105.000468100000006
 123.658538395939928  105.234503200000006
 127.405515767875343  106.540858999999998
 131.227430214078510  109.224316700000003
 135.125023685780207  112.684405100000006
 139.099038134210673  116.799661099999994
 143.150215510599764  122.143801699999997


# temperature  168.000000000000000
#    0.000034779475432   -0.018723439145140    3.803856294593600 -344.649300875833433 11831.054958416198133
 119.985756147042025  106.419683899999995
 123.658538395939928  106.685093400000000
 127.405515767875343  108.019781300000005
 131.227430214078510  110.730597099999997
 135.125023685780207  114.216430700000004
 139.099038134210673  118.355590399999997
 143.150215510599764  123.723395699999998


# temperature  170.000000000000000
#    0.000034765515639   -0.018714810903255    3.801833980010849 -344.431474081411693 11823.434913689510722
 119.985756147042025  107.832239299999998
 123.658538395939928  108.128430100000003
 127.405515767875343  109.490850300000005
 131.227430214078510  112.228371999999993
 135.125023685780207  115.739280399999998
 139.099038134210673  119.901680400000004
 143.150215510599764  125.292454899999996


# temperature  172.000000000000000
#    0.000034751296769   -0.018706029898020    3.799778128590813 -344.210559920174546 11815.710429838612981
 119.985756147042025  109.238166100000001
 123.658538395939928  109.564556800000005
 127.405515767875343  110.954123600000003
 131.227430214078510  113.717717199999996
 135.125023685780207  117.253051200000002
 139.099038134210673  121.438050200000006
 143.150215510599764  126.851123500000000


# temperature  174.000000000000000
#    0.000034736847243   -0.018697112657650    3.797692379338232 -343.986911609400295 11807.894193657401047
 119.985756147042025  110.637498899999997
 123.658538395939928  110.993519599999999
 127.405515767875343  112.409661400000005
 131.227430214078510  115.198710700000007
 135.125023685780207  118.757841299999995
 139.099038134210673  122.964819500000004
 143.150215510599764  128.399545200000006


# temperature  176.000000000000000
#    0.000034722195991   -0.018688075695886    3.795580303990158 -343.760870236240351 11799.998275736808864
 119.985756147042025  112.030274300000002
 123.658538395939928  112.415367000000003
 127.405515767875343  113.857526100000001
 131.227430214078510  116.671432400000000
 135.125023685780207  120.253750100000005
 139.099038134210673  124.482108299999993
 143.150215510599764  129.937863099999987


# temperature  178.000000000000000
#    0.000034707350993   -0.018678924731355    3.793443389237674 -343.532598080016328 11792.029007380917392
 119.985756147042025  113.416531199999994
 123.658538395939928  113.830149399999996
 127.405515767875343  115.297781599999993
 131.227430214078510  118.135963200000006
 135.125023685780207  121.740877499999996
 139.099038134210673  125.990036500000002
 143.150215510599764  131.466219099999989


# temperature  180.000000000000000
#    0.000034692322700   -0.018669666407551    3.791283222779645 -343.302258632958058 11783.992498450670610
 119.985756147042025  114.796310199999994
 123.658538395939928  115.237919199999993
 127.405515767875343  116.730493800000005
 131.227430214078510  119.592385399999998
 135.125023685780207  123.219324299999997
 139.099038134210673  127.488724000000005
 143.150215510599764  132.984754400000014


# temperature  182.000000000000000
#    0.000034677139559   -0.018660316954654    3.789103299997661 -343.070183605312138 11775.900410177151571
 119.985756147042025  116.169653699999998
 123.658538395939928  116.638730199999998
 127.405515767875343  118.155729699999995
 131.227430214078510  121.040782199999995
 135.125023685780207  124.689191199999996
 139.099038134210673  128.978290100000009
 143.150215510599764  134.493608499999993


# temperature  184.000000000000000
#    0.000034661805444   -0.018650879472832    3.786904486946947 -342.836470963982379 11767.756624971392739
 119.985756147042025  117.536605499999993
 123.658538395939928  118.032637600000001
 127.405515767875343  119.573557399999999
 131.227430214078510  122.481237199999995
 135.125023685780207  126.150579100000002
 139.099038134210673  130.458853599999998
 143.150215510599764  135.992919900000004


# temperature  186.000000000000000
#    0.000034646365595   -0.018641378785319    3.784691915103166 -342.601589944055661 11759.577116264472352
 119.985756147042025  118.897210500000000
 123.658538395939928  119.419697600000006
 127.405515767875343  120.984045899999998
 131.227430214078510  123.913834600000001
 135.125023685780207  127.603588900000005
 139.099038134210673  131.930532300000010
 143.150215510599764  137.482825300000002


# temperature  188.000000000000000
#    0.000034630812405   -0.018631812046660    3.782465287981438 -342.365537006831232 11751.362435753932004
 119.985756147042025  120.251514900000004
 123.658538395939928  120.799967600000002
 127.405515767875343  122.387264799999997
 131.227430214078510  125.338659000000007
 135.125023685780207  129.048321100000010
 139.099038134210673  133.393443399999995
 143.150215510599764  138.963459599999993


# temperature  190.000000000000000
#    0.000034615144081   -0.018622179068288    3.780224750237795 -342.128339836057137 11743.113915408514004
 119.985756147042025  121.599565600000005
 123.658538395939928  122.173505599999999
 127.405515767875343  123.783284499999993
 131.227430214078510  126.755794800000004
 135.125023685780207  130.484875799999998
 139.099038134210673  134.847702999999996
 143.150215510599764  140.434956300000010


# temperature  192.000000000000000
#    0.000034599410430   -0.018612506982240    3.777975860856658 -341.890502244231186 11734.848567395349164
 119.985756147042025  122.941410599999998
 123.658538395939928  123.540370300000006
 127.405515767875343  125.172175400000000
 131.227430214078510  128.165326599999986
 135.125023685780207  131.913352500000002
 139.099038134210673  136.293425799999994
 143.150215510599764  141.897446900000006


# temperature  194.000000000000000
#    0.000034583603551   -0.018602792393438    3.775718125932386 -341.651994994278994 11726.565815570866107
 119.985756147042025  124.277098199999998
 123.658538395939928  124.900620799999999
 127.405515767875343  126.554008499999995
 131.227430214078510  129.567338699999993
 135.125023685780207  133.333850000000012
 139.099038134210673  137.730725500000005
 143.150215510599764  143.351060799999999


# temperature  196.000000000000000
#    0.000034567734791   -0.018593042083023    3.773453067295168 -341.412966244242511 11718.270939001209626
 119.985756147042025  125.606677599999998
 123.658538395939928  126.254316799999998
 127.405515767875343  127.928854500000000
 131.227430214078510  130.961915199999993
 135.125023685780207  134.746466400000003
 139.099038134210673  139.159714500000007
 143.150215510599764  144.795925899999986


# temperature  198.000000000000000
#    0.000034551829541   -0.018583270144975    3.771183627106941 -341.173686229134489 11709.973137210152345
 119.985756147042025  126.930198300000001
 123.658538395939928  127.601517900000005
 127.405515767875343  129.296784500000001
 131.227430214078510  132.349139600000001
 135.125023685780207  136.151298800000006
 139.099038134210673  140.580503599999986
 143.150215510599764  146.232167599999997


# temperature  200.000000000000000
#    0.000034535863540   -0.018573464405599    3.768907542705906 -340.933967440006597 11701.666536310762240
 119.985756147042025  128.247710000000012
 123.658538395939928  128.942284300000011
 127.405515767875343  130.657869099999999
 131.227430214078510  133.729095099999995
 135.125023685780207  137.548443499999991
 139.099038134210673  141.993202400000001
 143.150215510599764  147.659909699999986


# temperature  202.000000000000000
#    0.000034519884033   -0.018563650534306    3.766630049315701 -340.694281659738692 11693.366973042106110
 119.985756147042025  129.559262999999987
 123.658538395939928  130.276675799999992
 127.405515767875343  132.012178900000009
 131.227430214078510  135.101864199999994
 135.125023685780207  138.937995699999988
 139.099038134210673  143.397918800000014
 143.150215510599764  149.079273699999987


# temperature  204.000000000000000
#    0.000034503902622   -0.018553834902837    3.764352469095372 -340.454748562181180 11685.078424154062304
 119.985756147042025  130.864907399999993
 123.658538395939928  131.604752499999989
 127.405515767875343  133.359784300000001
 131.227430214078510  136.467528899999991
 135.125023685780207  140.320049399999988
 139.099038134210673  144.794759099999993
 143.150215510599764  150.490379100000013


# temperature  206.000000000000000
#    0.000034487898124   -0.018544007072757    3.762072898425802 -340.215213341033234 11676.796130467968396
 119.985756147042025  132.164693599999993
 123.658538395939928  132.926574299999999
 127.405515767875343  134.700755200000003
 131.227430214078510  137.826170300000001
 135.125023685780207  141.694697700000006
 139.099038134210673  146.183828400000010
 143.150215510599764  151.893343399999992


# temperature  208.000000000000000
#    0.000034471880776   -0.018534173026566    3.759792645242152 -339.975799890870462 11668.524390124937781
 119.985756147042025  133.458672000000007
 123.658538395939928  134.242200900000000
 127.405515767875343  136.035160899999994
 131.227430214078510  139.177868700000005
 135.125023685780207  143.062032399999993
 139.099038134210673  147.565229799999997
 143.150215510599764  153.288281799999993


# temperature  210.000000000000000
#    0.000034455880064   -0.018524348570826    3.757514892129041 -339.736790661088264 11660.272518215682794
 119.985756147042025  134.746893000000000
 123.658538395939928  135.551691799999986
 127.405515767875343  137.363070499999992
 131.227430214078510  140.522703799999988
 135.125023685780207  144.422144000000003
 139.099038134210673  148.939064900000005
 143.150215510599764  154.675307699999991


# temperature  212.000000000000000
#    0.000034439887102   -0.018514529609260    3.755238953972719 -339.498134449445502 11652.039050383624271
 119.985756147042025  136.029406800000004
 123.658538395939928  136.855106100000000
 127.405515767875343  138.684552499999995
 131.227430214078510  141.860754200000002
 135.125023685780207  145.775122000000010
 139.099038134210673  150.305433800000003
 143.150215510599764  156.054532200000011


# temperature  214.000000000000000
#    0.000034423935265   -0.018504734032395    3.752968429261927 -339.260150532641376 11643.834526207860108
 119.985756147042025  137.306263599999994
 123.658538395939928  138.152502700000014
 127.405515767875343  139.999674599999992
 131.227430214078510  143.192097799999999
 135.125023685780207  147.121054399999991
 139.099038134210673  151.664434699999987
 143.150215510599764  157.426064499999995


# temperature  216.000000000000000
#    0.000034407996982   -0.018494947664287    3.750700595957854 -339.022605126561928 11635.651359973770013
 119.985756147042025  138.577513299999993
 123.658538395939928  139.443940099999992
 127.405515767875343  141.308504199999987
 131.227430214078510  144.516811399999995
 135.125023685780207  148.460027999999994
 139.099038134210673  153.016164500000002
 143.150215510599764  158.790011700000008


# temperature  218.000000000000000
#    0.000034392070234   -0.018485169910035    3.748435434281518 -338.785503088550968 11627.489859725461429
 119.985756147042025  139.843205600000005
 123.658538395939928  140.729476299999988
 127.405515767875343  142.611107699999991
 131.227430214078510  145.834970800000008
 135.125023685780207  149.792128300000002
 139.099038134210673  154.360718200000008
 143.150215510599764  160.146478699999989


# temperature  220.000000000000000
#    0.000034376190379   -0.018475419680912    3.746176734923266 -338.549179581164253 11619.361055441058852
 119.985756147042025  141.103390100000013
 123.658538395939928  142.009168899999992
 127.405515767875343  143.907551100000006
 131.227430214078510  147.146650999999991
 135.125023685780207  151.117439600000012
 139.099038134210673  155.698189100000008
 143.150215510599764  161.495568499999990


# temperature  222.000000000000000
#    0.000034360355275   -0.018465696163115    3.743924403117930 -338.313630111760176 11611.264859846012769
 119.985756147042025  142.358115800000007
 123.658538395939928  143.283074900000003
 127.405515767875343  145.197899400000011
 131.227430214078510  148.451925899999992
 135.125023685780207  152.436044799999991
 139.099038134210673  157.028669100000002
 143.150215510599764  162.837382300000002


# temperature  224.000000000000000
#    0.000034344557516   -0.018455995676415    3.741677759557645 -338.078797397971186 11603.199406070412806
 119.985756147042025  143.607431600000012
 123.658538395939928  144.551250900000014
 127.405515767875343  146.482216999999991
 131.227430214078510  149.750868300000008
 135.125023685780207  153.748025299999995
 139.099038134210673  158.352248300000014
 143.150215510599764  164.172019100000000


# temperature  226.000000000000000
#    0.000034328821467   -0.018446331330887    3.739439444965464 -337.844915323469820 11595.172384272931595
 119.985756147042025  144.851385999999991
 123.658538395939928  145.813752899999997
 127.405515767875343  147.760567699999996
 131.227430214078510  151.043550199999999
 135.125023685780207  155.053461499999997
 139.099038134210673  159.669015199999990
 143.150215510599764  165.499575899999996


# temperature  228.000000000000000
#    0.000034313141463   -0.018436700502843    3.737209015646670 -337.611949683610703 11587.182768507431319
 119.985756147042025  146.090027099999986
 123.658538395939928  147.070636299999990
 127.405515767875343  149.033014100000003
 131.227430214078510  152.330042200000008
 135.125023685780207  156.352432399999998
 139.099038134210673  160.979056700000001
 143.150215510599764  166.820147999999989


# temperature  230.000000000000000
#    0.000034297496703   -0.018427092255349    3.734984317369692 -337.379710140190127 11579.224200434508020
 119.985756147042025  147.323402499999986
 123.658538395939928  148.321956099999994
 127.405515767875343  150.299618400000014
 131.227430214078510  153.610414300000002
 135.125023685780207  157.645015400000005
 139.099038134210673  162.282458300000002
 143.150215510599764  168.133828700000009


# temperature  232.000000000000000
#    0.000034281921525   -0.018417525083775    3.732769078653800 -337.148528163065180 11571.307653228997879
 119.985756147042025  148.551559499999996
 123.658538395939928  149.567766299999988
 127.405515767875343  151.560441900000001
 131.227430214078510  154.884735100000000
 135.125023685780207  158.931287099999992
 139.099038134210673  163.579303699999997
 143.150215510599764  169.440709400000003


# temperature  234.000000000000000
#    0.000034266408412   -0.018407995045319    3.730562526267022 -336.918334719026006 11563.430770031776774
 119.985756147042025  149.774545100000012
 123.658538395939928  150.808120800000012
 127.405515767875343  152.815544899999992
 131.227430214078510  156.153072299999991
 135.125023685780207  160.211322300000006
 139.099038134210673  164.869675000000001
 143.150215510599764  170.740879799999988


# temperature  236.000000000000000
#    0.000034250958311   -0.018398503016737    3.728364905224658 -336.689155546599522 11555.594476114050849
 119.985756147042025  150.992405600000012
 123.658538395939928  152.043072499999994
 127.405515767875343  154.064987000000002
 131.227430214078510  157.415492599999993
 135.125023685780207  161.485194900000010
 139.099038134210673  166.153652999999991
 143.150215510599764  172.034427599999987


# temperature  238.000000000000000
#    0.000034235556312   -0.018389041105918    3.726174650015931 -336.460850980695511 11547.794054990152290
 119.985756147042025  152.205186800000007
 123.658538395939928  153.272673800000007
 127.405515767875343  155.308827100000002
 131.227430214078510  158.672061500000012
 135.125023685780207  162.752977299999998
 139.099038134210673  167.431316900000013
 143.150215510599764  173.321438999999998


# temperature  240.000000000000000
#    0.000034220232675   -0.018379625417856    3.723994968876366 -336.233702852166402 11540.038728388193704
 119.985756147042025  153.412934400000012
 123.658538395939928  154.496976499999988
 127.405515767875343  156.547123199999987
 131.227430214078510  159.922843699999987
 135.125023685780207  164.014740700000004
 139.099038134210673  168.702744300000006
 143.150215510599764  174.601998299999991


# temperature  242.000000000000000
#    0.000034204990896   -0.018370258070118    3.721826330779569 -336.007754791399009 11532.329957514913986
 119.985756147042025  154.615693200000010
 123.658538395939928  155.716031500000014
 127.405515767875343  157.779932400000007
 131.227430214078510  161.167902700000013
 135.125023685780207  165.270555199999990
 139.099038134210673  169.968011499999989
 143.150215510599764  175.876188100000007


# temperature  244.000000000000000
#    0.000034189801957   -0.018360923796465    3.719665726895714 -335.782741912320660 11524.658965333235756
 119.985756147042025  155.813507799999996
 123.658538395939928  156.929889500000002
 127.405515767875343  159.007310999999987
 131.227430214078510  162.407300999999990
 135.125023685780207  166.520489400000002
 139.099038134210673  171.227193300000010
 143.150215510599764  177.144089400000013


# temperature  246.000000000000000
#    0.000034174680340   -0.018351630441976    3.717514744096777 -335.558804755426934 11517.030362886031071
 119.985756147042025  157.006422100000009
 123.658538395939928  158.138600099999991
 127.405515767875343  160.229314499999987
 131.227430214078510  163.641100099999989
 135.125023685780207  167.764610900000008
 139.099038134210673  172.480363100000005
 143.150215510599764  178.405781499999989


# temperature  248.000000000000000
#    0.000034159634373   -0.018342382424914    3.715374257300210 -335.336018498940234 11509.446524140588735
 119.985756147042025  158.194479699999988
 123.658538395939928  159.342212600000011
 127.405515767875343  161.445997599999998
 131.227430214078510  164.869360499999999
 135.125023685780207  169.002986099999987
 139.099038134210673  173.727592700000002
 143.150215510599764  179.661342100000013


# temperature  250.000000000000000
#    0.000034144670298   -0.018333183112808    3.713244943519522 -335.114441822176900 11501.909309272676182
 119.985756147042025  159.377723500000002
 123.658538395939928  160.540775300000007
 127.405515767875343  162.657414200000005
 131.227430214078510  166.092141800000007
 135.125023685780207  170.235680000000002
 139.099038134210673  174.968952900000005
 143.150215510599764  180.910847499999988


# temperature  252.000000000000000
#    0.000034129777188   -0.018324026891296    3.711125720215018 -334.893980484182805 11494.415604947071188
 119.985756147042025  160.556196099999994
 123.658538395939928  161.734336200000001
 127.405515767875343  163.863617299999987
 131.227430214078510  167.309502400000014
 135.125023685780207  171.462756700000000
 139.099038134210673  176.204512800000003
 143.150215510599764  182.154372200000012


# temperature  254.000000000000000
#    0.000034114961238   -0.018314917093591    3.709017253582027 -334.674691777293617 11486.967209715556237
 119.985756147042025  161.729939300000012
 123.658538395939928  162.922942299999988
 127.405515767875343  165.064659299999988
 131.227430214078510  168.521500000000003
 135.125023685780207  172.684279000000004
 139.099038134210673  177.434340499999990
 143.150215510599764  183.391989300000006


# temperature  256.000000000000000
#    0.000034100210353   -0.018305847399830    3.706918305619475 -334.456466617449792 11479.560490198144180
 119.985756147042025  162.898994700000003
 123.658538395939928  164.106640300000009
 127.405515767875343  166.260591500000004
 131.227430214078510  169.728191100000004
 135.125023685780207  173.900308599999988
 139.099038134210673  178.658502599999991
 143.150215510599764  184.623770600000000


# temperature  258.000000000000000
#    0.000034085555409   -0.018296834029474    3.704832061987396 -334.239581023465064 11472.204360274756255
 119.985756147042025  164.063403200000010
 123.658538395939928  165.285475999999989
 127.405515767875343  167.451464700000002
 131.227430214078510  170.929631499999999
 135.125023685780207  175.110906099999994
 139.099038134210673  179.877064399999995
 143.150215510599764  185.849786300000005


# temperature  260.000000000000000
#    0.000034070935147   -0.018287845034557    3.702752279873386 -334.023492029585157 11464.881097873503677
 119.985756147042025  165.223205199999995
 123.658538395939928  166.459494699999993
 127.405515767875343  168.637328700000012
 131.227430214078510  172.125875699999995
 135.125023685780207  176.316131100000007
 139.099038134210673  181.090090199999992
 143.150215510599764  187.070105000000012


# temperature  262.000000000000000
#    0.000034056418631   -0.018278916725904    3.700686105385362 -333.808822367132677 11457.610991073122932
 119.985756147042025  166.378440799999993
 123.658538395939928  167.628740899999997
 127.405515767875343  169.818232700000010
 131.227430214078510  173.316977699999995
 135.125023685780207  177.516042099999993
 139.099038134210673  182.297642800000006
 143.150215510599764  188.284794400000010


# temperature  264.000000000000000
#    0.000034041970633   -0.018270030361185    3.698629799661038 -333.595239473126696 11450.382928843362606
 119.985756147042025  167.529149200000006
 123.658538395939928  168.793258699999996
 127.405515767875343  170.994225099999994
 131.227430214078510  174.502990399999987
 135.125023685780207  178.710696299999995
 139.099038134210673  183.499783900000011
 143.150215510599764  189.493920500000002


# temperature  266.000000000000000
#    0.000034027606524   -0.018261194487682    3.696585133578818 -333.382904311803713 11443.202348203698421
 119.985756147042025  168.675369499999988
 123.658538395939928  169.953091300000011
 127.405515767875343  172.165353399999987
 131.227430214078510  175.683965800000010
 135.125023685780207  179.900150300000007
 139.099038134210673  184.696574099999992
 143.150215510599764  190.697547899999989


# temperature  268.000000000000000
#    0.000034013302815   -0.018252396497640    3.694549570655814 -333.171589137138369 11436.061567517948788
 119.985756147042025  169.817139999999995
 123.658538395939928  171.108281500000004
 127.405515767875343  173.331664499999988
 131.227430214078510  176.859954899999991
 135.125023685780207  181.084459299999992
 139.099038134210673  185.888072800000003
 143.150215510599764  191.895740300000000


# temperature  270.000000000000000
#    0.000033999084396   -0.018243649555797    3.692525713555206 -332.961520839821048 11428.967960913221759
 119.985756147042025  170.954498699999988
 123.658538395939928  172.258871400000004
 127.405515767875343  174.493204600000013
 131.227430214078510  178.031008200000002
 135.125023685780207  182.263677699999988
 139.099038134210673  187.074338299999994
 143.150215510599764  193.088559900000007


# temperature  272.000000000000000
#    0.000033984935049   -0.018234945353689    3.690511965155906 -332.752561838719089 11421.917060556743309
 119.985756147042025  172.087482999999992
 123.658538395939928  173.404902399999997
 127.405515767875343  175.650018999999986
 131.227430214078510  179.197174999999987
 135.125023685780207  183.437858900000009
 139.099038134210673  188.255427800000007
 143.150215510599764  194.276067500000011


# temperature  274.000000000000000
#    0.000033970865225   -0.018226289177259    3.688509320964997 -332.544793828687887 11414.911338403262562
 119.985756147042025  173.216129800000004
 123.658538395939928  174.546415499999995
 127.405515767875343  176.802152500000005
 131.227430214078510  180.358503899999988
 135.125023685780207  184.607055400000007
 139.099038134210673  189.431397299999986
 143.150215510599764  195.458323100000001


# temperature  276.000000000000000
#    0.000033956869184   -0.018217678087186    3.686517214129505 -332.338167030799866 11407.949131392417257
 119.985756147042025  174.340475599999991
 123.658538395939928  175.683450999999991
 127.405515767875343  177.949648999999994
 131.227430214078510  181.515042700000009
 135.125023685780207  185.771318600000001
 139.099038134210673  190.602301899999986
 143.150215510599764  196.635385299999996


# temperature  278.000000000000000
#    0.000033942937762   -0.018209107335453    3.684534718155558 -332.132599806728308 11401.027715817057469
 119.985756147042025  175.460556300000007
 123.658538395939928  176.816048599999988
 127.405515767875343  179.092551899999989
 131.227430214078510  182.666838399999989
 135.125023685780207  186.930699199999992
 139.099038134210673  191.768195700000007
 143.150215510599764  197.807311499999997


# temperature  280.000000000000000
#    0.000033929077139   -0.018200580054686    3.682562422610376 -331.928140010622087 11394.148511892253737
 119.985756147042025  176.576407300000000
 123.658538395939928  177.944247399999995
 127.405515767875343  180.230903799999993
 131.227430214078510  183.813937199999998
 135.125023685780207  188.085246699999999
 139.099038134210673  192.929131600000005
 143.150215510599764  198.974157999999989


# temperature  282.000000000000000
#    0.000033915295666   -0.018192100867218    3.680601280136060 -331.724873477370693 11387.314392144320664
 119.985756147042025  177.688063800000009
 123.658538395939928  179.068085900000000
 127.405515767875343  181.364746599999989
 131.227430214078510  184.956384399999990
 135.125023685780207  189.235010100000011
 139.099038134210673  194.085161699999986
 143.150215510599764  200.135980200000006


# temperature  284.000000000000000
#    0.000033901585875   -0.018183665725585    3.678650465707885 -331.522724401810649 11380.522730083974238
 119.985756147042025  178.795560300000005
 123.658538395939928  180.187602199999986
 127.405515767875343  182.494121600000000
 131.227430214078510  186.094224800000006
 135.125023685780207  190.380037200000004
 139.099038134210673  195.236337099999986
 143.150215510599764  201.292832299999986


# temperature  286.000000000000000
#    0.000033887950610   -0.018175276151318    3.676710278646780 -331.321717641074827 11373.774271121672427
 119.985756147042025  179.898930699999994
 123.658538395939928  181.302833600000014
 127.405515767875343  183.619069400000001
 131.227430214078510  187.227502200000004
 135.125023685780207  191.520375099999995
 139.099038134210673  196.382707799999991
 143.150215510599764  202.444767299999995


# temperature  288.000000000000000
#    0.000033874371817   -0.018166922584909    3.674778820347182 -331.121684763547592 11367.063402390898773
 119.985756147042025  180.998208799999986
 123.658538395939928  182.413817200000011
 127.405515767875343  184.739630099999999
 131.227430214078510  188.356259700000010
 135.125023685780207  192.656070099999994
 139.099038134210673  197.524323000000010
 143.150215510599764  203.591837400000003


# temperature  290.000000000000000
#    0.000033860876784   -0.018158619450067    3.672858940531064 -330.922874401959234 11360.398222494333822
 119.985756147042025  182.093427600000012
 123.658538395939928  183.520589099999995
 127.405515767875343  185.855843099999987
 131.227430214078510  189.480539899999997
 135.125023685780207  193.787167699999998
 139.099038134210673  198.661231100000009
 143.150215510599764  204.734093800000011


# temperature  292.000000000000000
#    0.000033847448603   -0.018150357888333    3.670948898020437 -330.725133645428343 11353.773686570915743
 119.985756147042025  183.184619999999995
 123.658538395939928  184.623185299999989
 127.405515767875343  186.967747000000003
 131.227430214078510  190.600384499999990
 135.125023685780207  194.913712400000009
 139.099038134210673  199.793479399999995
 143.150215510599764  205.871586500000006


# temperature  294.000000000000000
#    0.000033834086671   -0.018142137466384    3.669048580438239 -330.528449197748728 11347.189225767602693
 119.985756147042025  184.271818099999990
 123.658538395939928  185.721641000000005
 127.405515767875343  188.075379999999996
 131.227430214078510  191.715834500000000
 135.125023685780207  196.035748100000006
 139.099038134210673  200.921114499999987
 143.150215510599764  207.004364900000013


# temperature  296.000000000000000
#    0.000033820792392   -0.018133958998106    3.667158158303188 -330.332835749176240 11340.645294425597967
 119.985756147042025  185.355053800000007
 123.658538395939928  186.815990999999997
 127.405515767875343  189.178779700000007
 131.227430214078510  192.826930299999987
 135.125023685780207  197.153318000000013
 139.099038134210673  202.044182100000000
 143.150215510599764  208.132477200000011


# temperature  298.000000000000000
#    0.000033807558697   -0.018125818651492    3.665276850906241 -330.138221778041157 11334.139428009182666
 119.985756147042025  186.434358500000002
 123.658538395939928  187.906269600000002
 127.405515767875343  190.277983100000000
 131.227430214078510  193.933711499999987
 135.125023685780207  198.266464399999990
 139.099038134210673  203.162726999999990
 143.150215510599764  209.255970800000000


# temperature  300.000000000000000
#    0.000033794403513   -0.018117726029099    3.663406579774308 -329.944776864531264 11327.677212991404303
 119.985756147042025  187.509763200000009
 123.658538395939928  188.992510399999986
 127.405515767875343  191.373026500000009
 131.227430214078510  195.036217300000004
 135.125023685780207  199.375228899999996
 139.099038134210673  204.276793400000003
 143.150215510599764  210.374892200000005


# temperature  302.000000000000000
#    0.000033781300622   -0.018109667221733    3.661544576440092 -329.752255378024131 11321.250471295445095
 119.985756147042025  188.581298400000009
 123.658538395939928  190.074746900000008
 127.405515767875343  192.463945800000005
 131.227430214078510  196.134486100000004
 135.125023685780207  200.479652499999986
 139.099038134210673  205.386424500000004
 143.150215510599764  211.489286899999996


# temperature  304.000000000000000
#    0.000033768276117   -0.018101655989294    3.659693556021195 -329.560894247056410 11314.866933774153949
 119.985756147042025  189.648994299999998
 123.658538395939928  191.153011700000008
 127.405515767875343  193.550776200000001
 131.227430214078510  197.228555599999993
 135.125023685780207  201.579775399999988
 139.099038134210673  206.491662800000000
 143.150215510599764  212.599199900000002


# temperature  306.000000000000000
#    0.000033755302563   -0.018093677738471    3.657850607620016 -329.370434841332212 11308.517982934594329
 119.985756147042025  190.712880699999999
 123.658538395939928  192.227337299999988
 127.405515767875343  194.633552600000002
 131.227430214078510  198.318463000000008
 135.125023685780207  202.675636999999995
 139.099038134210673  207.592550100000011
 143.150215510599764  213.704675100000003


# temperature  308.000000000000000
#    0.000033742405268   -0.018085745999382    3.656018434823300 -329.181115870701717 11302.211493740467631
 119.985756147042025  191.772986800000012
 123.658538395939928  193.297755300000006
 127.405515767875343  195.712309000000005
 131.227430214078510  199.404244900000009
 135.125023685780207  203.767276299999992
 139.099038134210673  208.689127399999990
 143.150215510599764  214.805755599999998


# temperature  310.000000000000000
#    0.000033729569829   -0.018077852987259    3.654195459503224 -328.992794574836523 11295.942623556435137
 119.985756147042025  192.829341599999992
 123.658538395939928  194.364297300000004
 127.405515767875343  196.787079199999994
 131.227430214078510  200.485937299999989
 135.125023685780207  204.854731500000014
 139.099038134210673  209.781434999999988
 143.150215510599764  215.902483899999993


# temperature  312.000000000000000
#    0.000033716797977   -0.018069999744294    3.652381910204462 -328.805492166972101 11289.712097629753771
 119.985756147042025  193.881973799999997
 123.658538395939928  195.426994100000002
 127.405515767875343  197.857896299999993
 131.227430214078510  201.563575500000013
 135.125023685780207  205.938040000000001
 139.099038134210673  210.869512500000013
 143.150215510599764  216.994901499999997


# temperature  314.000000000000000
#    0.000033704067578   -0.018062174507391    3.650575440622719 -328.618999938300362 11283.512948553297974
 119.985756147042025  194.930911299999991
 123.658538395939928  196.485876300000001
 127.405515767875343  198.924792999999994
 131.227430214078510  202.637194300000004
 135.125023685780207  207.017238999999989
 139.099038134210673  211.953398800000002
 143.150215510599764  218.083049299999999


# temperature  316.000000000000000
#    0.000033691412020   -0.018054394773183    3.648779481495313 -328.433615658791894 11277.354845357420345
 119.985756147042025  195.976182099999988
 123.658538395939928  197.540973900000012
 127.405515767875343  199.987801499999989
 131.227430214078510  203.706828199999990
 135.125023685780207  208.092364500000002
 139.099038134210673  213.033132099999989
 143.150215510599764  219.166967400000004


# temperature  318.000000000000000
#    0.000033678815034   -0.018046652262774    3.646992453861522 -328.249205032093016 11271.233503983203263
 119.985756147042025  197.017813600000011
 123.658538395939928  198.592316399999987
 127.405515767875343  201.046953300000013
 131.227430214078510  204.772510699999998
 135.125023685780207  209.163452500000005
 139.099038134210673  214.108750100000009
 143.150215510599764  220.246695299999999


# temperature  320.000000000000000
#    0.000033666277199   -0.018038946874287    3.645214253553919 -328.065750744211755 11265.148077993992047
 119.985756147042025  198.055832799999990
 123.658538395939928  199.639933200000002
 127.405515767875343  202.102279799999991
 131.227430214078510  205.834275100000013
 135.125023685780207  210.230537999999996
 139.099038134210673  215.180289600000009
 143.150215510599764  221.322271800000010


# temperature  322.000000000000000
#    0.000033653790319   -0.018031274423039    3.643444077242873 -327.883183561209535 11259.096322260020315
 119.985756147042025  199.090266399999990
 123.658538395939928  200.683852999999999
 127.405515767875343  203.153811700000006
 131.227430214078510  206.892154099999999
 135.125023685780207  211.293655500000000
 139.099038134210673  216.247786999999988
 143.150215510599764  222.393734800000004


# temperature  324.000000000000000
#    0.000033641373550   -0.018023645066221    3.641683938719174 -327.701679935739151 11253.084018491619645
 119.985756147042025  200.121140800000006
 123.658538395939928  201.724104100000005
 127.405515767875343  204.201579199999998
 131.227430214078510  207.946179800000010
 135.125023685780207  212.352839100000011
 139.099038134210673  217.311277899999993
 143.150215510599764  223.461121700000007


# temperature  326.000000000000000
#    0.000033629020310   -0.018016055327814    3.639933147519969 -327.521178273004807 11247.109102364362116
 119.985756147042025  201.148482099999995
 123.658538395939928  202.760714600000000
 127.405515767875343  205.245612099999988
 131.227430214078510  208.996384000000006
 135.125023685780207  213.408122200000008
 139.099038134210673  218.370797500000009
 143.150215510599764  224.524469299999993


# temperature  328.000000000000000
#    0.000033616710505   -0.018008494378001    3.638189514863299 -327.341481542131248 11241.164926815068611
 119.985756147042025  202.172315700000013
 123.658538395939928  203.793712099999993
 127.405515767875343  206.285939899999988
 131.227430214078510  210.042797699999994
 135.125023685780207  214.459537699999998
 139.099038134210673  219.426380200000011
 143.150215510599764  225.583813700000007


# temperature  330.000000000000000
#    0.000033604449757   -0.018000965401691    3.636453710011188 -327.162651225141531 11235.253595281194066
 119.985756147042025  203.192667099999994
 123.658538395939928  204.823123699999996
 127.405515767875343  207.322591499999987
 131.227430214078510  211.085451699999993
 135.125023685780207  215.507117899999997
 139.099038134210673  220.478060099999993
 143.150215510599764  226.639190299999996


# temperature  332.000000000000000
#    0.000033592261223   -0.017993480514514    3.634728103781619 -326.984892522087762 11229.381751387780241
 119.985756147042025  204.209561299999990
 123.658538395939928  205.848976200000010
 127.405515767875343  208.355595399999999
 131.227430214078510  212.124376200000000
 135.125023685780207  216.550894699999986
 139.099038134210673  221.525870400000002
 143.150215510599764  227.690633999999989


# temperature  334.000000000000000
#    0.000033580125641   -0.017986029425324    3.633010633866802 -326.808021334714795 11223.543235783288765
 119.985756147042025  205.223022899999989
 123.658538395939928  206.871296199999989
 127.405515767875343  209.384979799999996
 131.227430214078510  213.159601000000009
 135.125023685780207  217.590899500000006
 139.099038134210673  222.569843999999989
 143.150215510599764  228.738179199999990


# temperature  336.000000000000000
#    0.000033568040357   -0.017978610817234    3.631301053453417 -326.632016487791873 11217.737361216710269
 119.985756147042025  206.233076199999999
 123.658538395939928  207.890109700000011
 127.405515767875343  210.410772299999991
 131.227430214078510  214.191155400000014
 135.125023685780207  218.627163099999990
 139.099038134210673  223.610013199999997
 143.150215510599764  229.781859499999996


# temperature  338.000000000000000
#    0.000033556017932   -0.017971231286562    3.629600657184354 -326.456990159263796 11211.967763731903688
 119.985756147042025  207.239745400000004
 123.658538395939928  208.905442399999998
 127.405515767875343  211.433000300000003
 131.227430214078510  215.219068300000004
 135.125023685780207  219.659715799999987
 139.099038134210673  224.646409799999986
 143.150215510599764  230.821708099999995


# temperature  340.000000000000000
#    0.000033544038722   -0.017963880530627    3.627907417541834 -326.282764510770789 11206.228592834842857
 119.985756147042025  208.243054000000001
 123.658538395939928  209.917319700000007
 127.405515767875343  212.451690600000006
 131.227430214078510  216.243368099999998
 135.125023685780207  220.688587699999999
 139.099038134210673  225.679065100000003
 143.150215510599764  231.857757600000014


# temperature  342.000000000000000
#    0.000033532116229   -0.017956565493241    3.626222668654882 -326.109452654325366 11200.523433458747604
 119.985756147042025  209.243025600000010
 123.658538395939928  210.925766699999997
 127.405515767875343  213.466869900000006
 131.227430214078510  217.264082800000011
 135.125023685780207  221.713808099999994
 139.099038134210673  226.708009699999991
 143.150215510599764  232.890039999999999


# temperature  344.000000000000000
#    0.000033520239634   -0.017949280374027    3.624545243440918 -325.936949791338407 11194.848759084581616
 119.985756147042025  210.239683200000002
 123.658538395939928  211.930808100000007
 127.405515767875343  214.478564299999988
 131.227430214078510  218.281239999999997
 135.125023685780207  222.735405899999989
 139.099038134210673  227.733273900000000
 143.150215510599764  233.918586900000008


# temperature  346.000000000000000
#    0.000033508434458   -0.017942038917216    3.622877908999780 -325.765502402872301 11189.212782116894232
 119.985756147042025  211.233049700000009
 123.658538395939928  212.932468099999994
 127.405515767875343  215.486799499999989
 131.227430214078510  219.294867000000011
 135.125023685780207  223.753409900000008
 139.099038134210673  228.754887599999989
 143.150215510599764  234.943429299999991


# temperature  348.000000000000000
#    0.000033496658023   -0.017934818330683    3.621216106490608 -325.594705395917345 11183.602026271346404
 119.985756147042025  212.223147600000004
 123.658538395939928  213.930770899999999
 127.405515767875343  216.491601000000003
 131.227430214078510  220.304990400000008
 135.125023685780207  224.767847899999992
 139.099038134210673  229.772880100000009
 143.150215510599764  235.964597800000007


# temperature  350.000000000000000
#    0.000033484946162   -0.017927637680049    3.619563629313447 -325.424892969425628 11178.027507365159181
 119.985756147042025  213.209999199999999
 123.658538395939928  214.925740200000007
 127.405515767875343  217.492993799999994
 131.227430214078510  221.311636899999996
 135.125023685780207  225.778747799999991
 139.099038134210673  230.787280199999998
 143.150215510599764  236.982122199999992


# temperature  352.000000000000000
#    0.000033473285621   -0.017920489791968    3.617919023212648 -325.255933891969448 11172.484794082662120
 119.985756147042025  214.193626399999999
 123.658538395939928  215.917399300000000
 127.405515767875343  218.491002799999990
 131.227430214078510  222.314832300000006
 135.125023685780207  226.786136800000008
 139.099038134210673  231.798116399999998
 143.150215510599764  237.996032299999996


# temperature  354.000000000000000
#    0.000033461673793   -0.017913373330236    3.616282028992463 -325.087805286129139 11166.973126827775559
 119.985756147042025  215.174050899999997
 123.658538395939928  216.905771399999992
 127.405515767875343  219.485652200000004
 131.227430214078510  223.314602299999990
 135.125023685780207  227.790041800000012
 139.099038134210673  232.805416600000001
 143.150215510599764  239.006357100000002


# temperature  356.000000000000000
#    0.000033450105507   -0.017906285560123    3.614652101887276 -324.920458412409346 11161.490869393715911
 119.985756147042025  216.151294100000001
 123.658538395939928  217.890879200000001
 127.405515767875343  220.476966099999999
 131.227430214078510  224.310972200000009
 135.125023685780207  228.790489100000002
 139.099038134210673  233.809208399999989
 143.150215510599764  240.013125099999996


# temperature  358.000000000000000
#    0.000033438594081   -0.017899233429311    3.613030597172301 -324.754010125234231 11156.041793630869506
 119.985756147042025  217.125377299999997
 123.658538395939928  218.872745299999991
 127.405515767875343  221.464968300000010
 131.227430214078510  225.303966900000006
 135.125023685780207  229.787505000000010
 139.099038134210673  234.809518900000000
 143.150215510599764  241.016364699999997


# temperature  360.000000000000000
#    0.000033427138744   -0.017892216517452    3.611417426178691 -324.588451602189025 11150.625572071479837
 119.985756147042025  218.096321300000000
 123.658538395939928  219.851391799999988
 127.405515767875343  222.449682099999990
 131.227430214078510  226.293610999999999
 135.125023685780207  230.781115000000000
 139.099038134210673  235.806374799999986
 143.150215510599764  242.016103500000014


# temperature  362.000000000000000
#    0.000033415710088   -0.017885219342740    3.609809533482013 -324.423514642036935 11145.233384603790910
 119.985756147042025  219.064146700000009
 123.658538395939928  220.826840800000014
 127.405515767875343  223.431130599999989
 131.227430214078510  227.279928799999993
 135.125023685780207  231.771344599999992
 139.099038134210673  236.799802599999992
 143.150215510599764  243.012368900000013


# temperature  364.000000000000000
#    0.000033404339358   -0.017878258376692    3.608210169131704 -324.259483422003996 11139.874536419876677
 119.985756147042025  220.028874000000002
 123.658538395939928  221.799113699999992
 127.405515767875343  224.409336599999989
 131.227430214078510  228.262944099999999
 135.125023685780207  232.758218599999992
 139.099038134210673  237.789828099999994
 143.150215510599764  244.005187699999993


# temperature  366.000000000000000
#    0.000033393017857   -0.017871328886988    3.606618366864218 -324.096269960964435 11134.546029854913286
 119.985756147042025  220.990523300000007
 123.658538395939928  222.768232000000012
 127.405515767875343  225.384322599999990
 131.227430214078510  229.242680500000006
 135.125023685780207  233.741761599999990
 139.099038134210673  238.776476800000012
 143.150215510599764  244.994586400000003


# temperature  368.000000000000000
#    0.000033381756588   -0.017864436744001    3.605035296716361 -323.933977236285614 11129.251256069541341
 119.985756147042025  221.949114500000007
 123.658538395939928  223.734216699999990
 127.405515767875343  226.356110800000010
 131.227430214078510  230.219161299999996
 135.125023685780207  234.721998000000013
 139.099038134210673  239.759773999999993
 143.150215510599764  245.980591199999992


# temperature  370.000000000000000
#    0.000033370528581   -0.017857567754108    3.603458159530578 -323.772359823656643 11123.982157626069238
 119.985756147042025  222.904667300000000
 123.658538395939928  224.697088699999995
 127.405515767875343  227.324723000000006
 131.227430214078510  231.192409300000008
 135.125023685780207  235.698951599999987
 139.099038134210673  240.739744500000000
 143.150215510599764  246.963227700000004


# temperature  372.000000000000000
#    0.000033359356919   -0.017850733853489    3.601889263572049 -323.611615312667368 11118.745064895221731
 119.985756147042025  223.857201099999997
 123.658538395939928  225.656868599999996
 127.405515767875343  228.290180800000002
 131.227430214078510  232.162447200000003
 135.125023685780207  236.672645899999992
 139.099038134210673  241.716412600000012
 143.150215510599764  247.942521300000010


# temperature  374.000000000000000
#    0.000033348232006   -0.017843930173380    3.600327681895832 -323.451664946257154 11113.537470658206075
 119.985756147042025  224.806735099999997
 123.658538395939928  226.613576599999988
 127.405515767875343  229.252505600000006
 131.227430214078510  233.129297299999990
 135.125023685780207  237.643104300000005
 139.099038134210673  242.689802600000007
 143.150215510599764  248.918496900000008


# temperature  376.000000000000000
#    0.000033337151039   -0.017837155227586    3.598773117174443 -323.292481885276061 11108.358468058106155
 119.985756147042025  225.753288300000008
 123.658538395939928  227.567232799999999
 127.405515767875343  230.211718399999995
 131.227430214078510  234.092981600000002
 135.125023685780207  238.610349700000000
 139.099038134210673  243.659938199999999
 143.150215510599764  249.891178999999994


# temperature  378.000000000000000
#    0.000033326119094   -0.017830411485239    3.597226014506894 -323.134101052925871 11103.209071205485088
 119.985756147042025  226.696879400000000
 123.658538395939928  228.517856999999992
 127.405515767875343  231.167840000000012
 131.227430214078510  235.053521799999999
 135.125023685780207  239.574404600000008
 139.099038134210673  244.626842799999991
 143.150215510599764  250.860591999999997


# temperature  380.000000000000000
#    0.000033315121675   -0.017823691357063    3.595684882993507 -322.976391984482746 11098.085003263136969
 119.985756147042025  227.637527000000006
 123.658538395939928  229.465468899999991
 127.405515767875343  232.120890900000006
 131.227430214078510  236.010939400000012
 135.125023685780207  240.535291300000011
 139.099038134210673  245.590539500000006
 143.150215510599764  251.826759600000003


# temperature  382.000000000000000
#    0.000033304170413   -0.017817000899551    3.594150901522143 -322.819456073357514 11092.989528061372766
 119.985756147042025  228.575249299999996
 123.658538395939928  230.410087699999991
 127.405515767875343  233.070891399999994
 131.227430214078510  236.965255500000012
 135.125023685780207  241.493031900000005
 139.099038134210673  246.551051099999995
 143.150215510599764  252.789705499999997


# temperature  384.000000000000000
#    0.000033293283301   -0.017810349762093    3.592626005260024 -322.663465147633360 11087.928359370645921
 119.985756147042025  229.510064599999993
 123.658538395939928  231.351732400000003
 127.405515767875343  234.017861399999987
 131.227430214078510  237.916491000000008
 135.125023685780207  242.447647999999987
 139.099038134210673  247.508399999999995
 143.150215510599764  253.749452700000006


# temperature  386.000000000000000
#    0.000033282424265   -0.017803718721638    3.591106357096250 -322.508078952872097 11082.890201970583803
 119.985756147042025  230.441990699999991
 123.658538395939928  232.290422100000001
 127.405515767875343  234.961820700000004
 131.227430214078510  238.864666400000004
 135.125023685780207  243.399161099999986
 139.099038134210673  248.462608399999993
 143.150215510599764  254.706024299999996


# temperature  388.000000000000000
#    0.000033271603600   -0.017797113270943    3.589593050748433 -322.353393610023318 11077.878215403812646
 119.985756147042025  231.371045299999992
 123.658538395939928  233.226175399999988
 127.405515767875343  235.902788899999990
 131.227430214078510  239.809802200000007
 135.125023685780207  244.347592399999996
 139.099038134210673  249.413698199999999
 143.150215510599764  255.659442700000000


# temperature  390.000000000000000
#    0.000033260851068   -0.017790548962801    3.588089128654300 -322.199672970880272 11072.900971943659897
 119.985756147042025  232.297245900000007
 123.658538395939928  234.159010599999988
 127.405515767875343  236.840785100000005
 131.227430214078510  240.751918499999988
 135.125023685780207  245.292962499999987
 139.099038134210673  250.361690799999991
 143.150215510599764  256.609730200000001


# temperature  392.000000000000000
#    0.000033250131457   -0.017784007311868    3.586590954072589 -322.046599042387015 11067.948057840925685
 119.985756147042025  233.220609800000005
 123.658538395939928  235.088945999999993
 127.405515767875343  237.775828499999989
 131.227430214078510  241.691034999999999
 135.125023685780207  246.235292200000004
 139.099038134210673  251.306607600000007
 143.150215510599764  257.556908700000008


# temperature  394.000000000000000
#    0.000033239459976   -0.017777496361823    3.585100118941545 -321.894311374777317 11063.024057835329586
 119.985756147042025  234.141154199999988
 123.658538395939928  236.015999499999992
 127.405515767875343  238.707937799999996
 131.227430214078510  242.627171299999986
 135.125023685780207  247.174601700000011
 139.099038134210673  252.248469599999993
 143.150215510599764  258.500999900000011


# temperature  396.000000000000000
#    0.000033228817847   -0.017771005978029    3.583614572676744 -321.742625453299809 11058.122756468028456
 119.985756147042025  235.058895799999988
 123.658538395939928  236.940189099999998
 127.405515767875343  239.637131600000004
 131.227430214078510  243.560346799999991
 135.125023685780207  248.110911100000010
 139.099038134210673  253.187297400000006
 143.150215510599764  259.442025100000023


# temperature  398.000000000000000
#    0.000033218252922   -0.017764561609344    3.582139381791895 -321.591988589790333 11053.258943697841460
 119.985756147042025  235.973851599999989
 123.658538395939928  237.861532100000005
 127.405515767875343  240.563428299999998
 131.227430214078510  244.490580700000010
 135.125023685780207  249.044240199999990
 139.099038134210673  254.123111499999993
 143.150215510599764  260.380005299999993


# temperature  400.000000000000000
#    0.000033207697506   -0.017758127352195    3.580667413479992 -321.441771531511620 11048.411833741971350
 119.985756147042025  236.886037899999991
 123.658538395939928  238.780046199999987
 127.405515767875343  241.486846000000014
 131.227430214078510  245.417891599999990
 135.125023685780207  249.974608600000010
 139.099038134210673  255.055932000000013
 143.150215510599764  261.314961299999993


# temperature  402.000000000000000
#    0.000033197200979   -0.017751729367006    3.579203856571660 -321.292430780843176 11043.596469826110479
 119.985756147042025  237.795471300000003
 123.658538395939928  239.695748299999991
 127.405515767875343  242.407402600000012
 131.227430214078510  246.342298400000004
 135.125023685780207  250.902035399999988
 139.099038134210673  255.985779000000008
 143.150215510599764  262.246913699999993


# temperature  404.000000000000000
#    0.000033186737699   -0.017745353958213    3.577745968963959 -321.143722266884083 11038.804716938215279
 119.985756147042025  238.702167800000012
 123.658538395939928  240.608655599999992
 127.405515767875343  243.325115899999986
 131.227430214078510  247.263819299999994
 135.125023685780207  251.826539900000000
 139.099038134210673  256.912671900000021
 143.150215510599764  263.175882600000023


# temperature  406.000000000000000
#    0.000033176336140   -0.017739016143355    3.576296715776094 -320.995905550028340 11034.045087053516909
 119.985756147042025  239.606143500000002
 123.658538395939928  241.518784799999992
 127.405515767875343  244.240003300000012
 131.227430214078510  248.182472700000005
 135.125023685780207  252.748140799999987
 139.099038134210673  257.836630200000002
 143.150215510599764  264.101888099999996


# temperature  408.000000000000000
#    0.000033165956855   -0.017732695310155    3.574852061523994 -320.848629635798659 11029.306149071444452
 119.985756147042025  240.507414299999994
 123.658538395939928  242.426152500000001
 127.405515767875343  245.152082199999995
 131.227430214078510  249.098276400000003
 135.125023685780207  253.666856700000011
 139.099038134210673  258.757673199999999
 143.150215510599764  265.024949699999979


# temperature  410.000000000000000
#    0.000033155640470   -0.017726412528061    3.573416095517970 -320.702246386461582 11024.599239824774486
 119.985756147042025  241.405995799999999
 123.658538395939928  243.330775200000005
 127.405515767875343  246.061369700000000
 131.227430214078510  250.011248300000005
 135.125023685780207  254.582706000000002
 139.099038134210673  259.675819600000011
 143.150215510599764  265.945087100000023


# temperature  412.000000000000000
#    0.000033145358498   -0.017720153095482    3.571985976101000 -320.556511812790973 11019.916518987351083
 119.985756147042025  242.301903600000003
 123.658538395939928  244.232669100000010
 127.405515767875343  246.967882599999996
 131.227430214078510  250.921405800000002
 135.125023685780207  255.495706899999988
 139.099038134210673  260.591088200000002
 143.150215510599764  266.862319300000024


# temperature  414.000000000000000
#    0.000033135123500   -0.017713923221648    3.570562845434344 -320.411518332172307 11015.260769417538540
 119.985756147042025  243.195152900000011
 123.658538395939928  245.131850299999996
 127.405515767875343  247.871637800000002
 131.227430214078510  251.828766400000006
 135.125023685780207  256.405877099999998
 139.099038134210673  261.503497400000015
 143.150215510599764  267.776665400000013


# temperature  416.000000000000000
#    0.000033124928025   -0.017707719321571    3.569146062455720 -320.267215362452305 11010.630518204336113
 119.985756147042025  244.085759099999990
 123.658538395939928  246.028334699999988
 127.405515767875343  248.772651700000011
 131.227430214078510  252.733347100000003
 135.125023685780207  257.313234599999987
 139.099038134210673  262.413065500000016
 143.150215510599764  268.688144099999988


# temperature  418.000000000000000
#    0.000033114782045   -0.017701546332402    3.567736535513069 -320.123676253176768 11006.027965693445367
 119.985756147042025  244.973737000000000
 123.658538395939928  246.922137999999990
 127.405515767875343  249.670940800000011
 131.227430214078510  253.635165000000001
 135.125023685780207  258.217796700000008
 139.099038134210673  263.319810399999994
 143.150215510599764  269.596773799999994


# temperature  420.000000000000000
#    0.000033104671199   -0.017695396891958    3.566332851272622 -319.980780453267130 11001.449268357131587
 119.985756147042025  245.859101600000002
 123.658538395939928  247.813275800000014
 127.405515767875343  250.566521099999989
 131.227430214078510  254.534236800000002
 135.125023685780207  259.119580799999994
 139.099038134210673  264.223749999999995
 143.150215510599764  270.502572799999996


# temperature  422.000000000000000
#    0.000033094598489   -0.017689272427962    3.564935260170137 -319.838546923719832 10996.894954995461376
 119.985756147042025  246.741867700000000
 123.658538395939928  248.701763499999998
 127.405515767875343  251.459408800000006
 131.227430214078510  255.430578999999994
 135.125023685780207  260.018603999999982
 139.099038134210673  265.124901899999998
 143.150215510599764  271.405559299999993


# temperature  424.000000000000000
#    0.000033084568888   -0.017683175544002    3.563544270120519 -319.697019285381998 10992.366428400917357
 119.985756147042025  247.622049800000013
 123.658538395939928  249.587616400000002
 127.405515767875343  252.349619499999989
 131.227430214078510  256.324208100000021
 135.125023685780207  260.914883099999997
 139.099038134210673  266.023283300000003
 143.150215510599764  272.305750900000021


# temperature  426.000000000000000
#    0.000033074583004   -0.017677106599595    3.562159958034270 -319.556204498017792 10987.863925737465252
 119.985756147042025  248.499662300000011
 123.658538395939928  250.470849399999992
 127.405515767875343  253.237168999999994
 131.227430214078510  257.215140200000008
 135.125023685780207  261.808434900000009
 139.099038134210673  266.918911499999979
 143.150215510599764  273.203165300000023


# temperature  428.000000000000000
#    0.000033064650162   -0.017671070396394    3.560783248203937 -319.416181251758758 10983.389958183688577
 119.985756147042025  249.374719599999992
 123.658538395939928  251.351477499999987
 127.405515767875343  254.122072800000012
 131.227430214078510  258.103391400000021
 135.125023685780207  262.699275800000009
 139.099038134210673  267.811803399999974
 143.150215510599764  274.097819899999990


# temperature  430.000000000000000
#    0.000033054741987   -0.017665052000786    3.559411195058246 -319.276691353635499 10978.936051133159708
 119.985756147042025  250.247235700000004
 123.658538395939928  252.229515600000013
 127.405515767875343  255.004346099999992
 131.227430214078510  258.988977499999976
 135.125023685780207  263.587422300000014
 139.099038134210673  268.701975800000014
 143.150215510599764  274.989731899999981


# temperature  432.000000000000000
#    0.000033044878862   -0.017659062175312    3.558045925507057 -319.137921120096735 10974.508320199518494
 119.985756147042025  251.117224700000008
 123.658538395939928  253.104978100000011
 127.405515767875343  255.884004199999993
 131.227430214078510  259.871914100000026
 135.125023685780207  264.472890500000005
 139.099038134210673  269.589445300000023
 143.150215510599764  275.878918300000009


# temperature  434.000000000000000
#    0.000033035069959   -0.017653105684864    3.556688364460978 -318.999949915800926 10970.109316489048069
 119.985756147042025  251.984700500000002
 123.658538395939928  253.977879599999994
 127.405515767875343  256.761061999999981
 131.227430214078510  260.752216900000008
 135.125023685780207  265.355696299999977
 139.099038134210673  270.474228200000027
 143.150215510599764  276.765395800000022


# temperature  436.000000000000000
#    0.000033025301454   -0.017647175156792    3.555337038363385 -318.862646813629397 10965.734687982636387
 119.985756147042025  252.849676700000003
 123.658538395939928  254.848234399999996
 127.405515767875343  257.635534300000018
 131.227430214078510  261.629901099999984
 135.125023685780207  266.235855500000014
 139.099038134210673  271.356340699999976
 143.150215510599764  277.649181100000021


# temperature  438.000000000000000
#    0.000033015552073   -0.017641259494622    3.553989779183139 -318.725823639946896 10961.378323975286548
 119.985756147042025  253.712167099999988
 123.658538395939928  255.716056699999996
 127.405515767875343  258.507435900000019
 131.227430214078510  262.504981799999996
 135.125023685780207  267.113383699999986
 139.099038134210673  272.235798999999986
 143.150215510599764  278.530290600000001


# temperature  440.000000000000000
#    0.000033005860009   -0.017635378673220    3.552650495510643 -318.589819416716466 10957.051233482539828
 119.985756147042025  254.572184999999990
 123.658538395939928  256.581360500000017
 127.405515767875343  259.376781300000005
 131.227430214078510  263.377474199999995
 135.125023685780207  267.988296400000024
 139.099038134210673  273.112618699999985
 143.150215510599764  279.408740399999999


# temperature  442.000000000000000
#    0.000032996214700   -0.017629527134775    3.551318091622238 -318.454538097101249 10952.750268998594038
 119.985756147042025  255.429743800000011
 123.658538395939928  257.444159700000000
 127.405515767875343  260.243584899999973
 131.227430214078510  264.247393100000011
 135.125023685780207  268.860608899999988
 139.099038134210673  273.986815600000000
 143.150215510599764  280.284546700000021


# temperature  444.000000000000000
#    0.000032986613147   -0.017623703245126    3.549992232700038 -318.319949020819479 10948.474383867964207
 119.985756147042025  256.284856699999978
 123.658538395939928  258.304467999999986
 127.405515767875343  261.107861000000014
 131.227430214078510  265.114753099999973
 135.125023685780207  269.730336200000011
 139.099038134210673  274.858405100000027
 143.150215510599764  281.157725200000016


# temperature  446.000000000000000
#    0.000032977023412   -0.017617890294957    3.548669643552048 -318.185767010604764 10944.214281762120663
 119.985756147042025  257.137536800000021
 123.658538395939928  259.162299200000007
 127.405515767875343  261.969623599999977
 131.227430214078510  265.979568799999981
 135.125023685780207  270.597493400000019
 139.099038134210673  275.727402700000027
 143.150215510599764  282.028291599999989


# temperature  448.000000000000000
#    0.000032967502881   -0.017612118366800    3.547356229012903 -318.052506318406586 10939.986739468740780
 119.985756147042025  257.987797100000023
 123.658538395939928  260.017666599999984
 127.405515767875343  262.828886599999976
 131.227430214078510  266.841854599999976
 135.125023685780207  271.462095200000022
 139.099038134210673  276.593823299999997
 143.150215510599764  282.896261499999980


# temperature  450.000000000000000
#    0.000032958021441   -0.017606371657184    3.546048880145476 -317.919895132825161 10935.782856561758308
 119.985756147042025  258.835650400000020
 123.658538395939928  260.870583599999975
 127.405515767875343  263.685663999999974
 131.227430214078510  267.701624799999991
 135.125023685780207  272.324156300000027
 139.099038134210673  277.457682100000000
 143.150215510599764  283.761650099999997


# temperature  452.000000000000000
#    0.000032948567710   -0.017600644029791    3.544746358145039 -317.787822339391596 10931.598907942809092
 119.985756147042025  259.681109400000025
 123.658538395939928  261.721063599999979
 127.405515767875343  264.539969400000018
 131.227430214078510  268.558893500000011
 135.125023685780207  273.183691199999998
 139.099038134210673  278.318993900000009
 143.150215510599764  284.624472700000013


# temperature  454.000000000000000
#    0.000032939153952   -0.017594941930790    3.543449930559743 -317.656398372458739 10927.438501165997877
 119.985756147042025  260.524186799999995
 123.658538395939928  262.569119600000022
 127.405515767875343  265.391816399999982
 131.227430214078510  269.413674599999979
 135.125023685780207  274.040714100000002
 139.099038134210673  279.177773300000013
 143.150215510599764  285.484744200000023


# temperature  456.000000000000000
#    0.000032929804365   -0.017589278220675    3.542162154575313 -317.525848588354449 10923.309073377742607
 119.985756147042025  261.364895100000012
 123.658538395939928  263.414764499999990
 127.405515767875343  266.241218399999980
 131.227430214078510  270.265982000000008
 135.125023685780207  274.895239399999980
 139.099038134210673  280.034034799999972
 143.150215510599764  286.342479400000002


# temperature  458.000000000000000
#    0.000032920480102   -0.017583632274241    3.540878929660840 -317.395811079671887 10919.198670780710017
 119.985756147042025  262.203246600000000
 123.658538395939928  264.258011300000021
 127.405515767875343  267.088188600000024
 131.227430214078510  271.115829299999973
 135.125023685780207  275.747280999999987
 139.099038134210673  280.887792900000022
 143.150215510599764  287.197693200000003


# temperature  460.000000000000000
#    0.000032911193624   -0.017578010681780    3.539601558521677 -317.266399835849938 10915.111029530980886
 119.985756147042025  263.039253700000017
 123.658538395939928  265.098872799999981
 127.405515767875343  267.932740299999978
 131.227430214078510  271.963230099999976
 135.125023685780207  276.596852899999988
 139.099038134210673  281.739061699999979
 143.150215510599764  288.050399900000002


# temperature  462.000000000000000
#    0.000032901952295   -0.017572417357446    3.538330818689730 -317.137683168256672 10911.048399100674942
 119.985756147042025  263.872928399999978
 123.658538395939928  265.937361399999986
 127.405515767875343  268.774886400000014
 131.227430214078510  272.808197899999982
 135.125023685780207  277.443968700000028
 139.099038134210673  282.587855400000024
 143.150215510599764  288.900613899999996


# temperature  464.000000000000000
#    0.000032892748178   -0.017566847975213    3.537065827017547 -317.009580948014673 10907.008064147797995
 119.985756147042025  264.704282799999987
 123.658538395939928  266.773489799999993
 127.405515767875343  269.614640000000009
 131.227430214078510  273.650745900000004
 135.125023685780207  278.288642299999992
 139.099038134210673  283.434187899999984
 143.150215510599764  289.748349599999983


# temperature  466.000000000000000
#    0.000032883579463   -0.017561301629425    3.535806413644095 -316.882078946186027 10902.989585425782934
 119.985756147042025  265.533328999999981
 123.658538395939928  267.607270400000004
 127.405515767875343  270.452013799999975
 131.227430214078510  274.490887199999975
 135.125023685780207  279.130886999999973
 139.099038134210673  284.278072899999984
 143.150215510599764  290.593620900000019


# temperature  468.000000000000000
#    0.000032874446059   -0.017555778259123    3.534552561596302 -316.755174920610443 10898.992863669651342
 119.985756147042025  266.360078600000008
 123.658538395939928  268.438715399999978
 127.405515767875343  271.287020400000017
 131.227430214078510  275.328635000000020
 135.125023685780207  279.970716200000027
 139.099038134210673  285.119524200000001
 143.150215510599764  291.436441800000011


# temperature  470.000000000000000
#    0.000032865376983   -0.017550293071175    3.533307253579385 -316.629128316588833 10895.026353408751675
 119.985756147042025  267.184543500000018
 123.658538395939928  269.267836999999986
 127.405515767875343  272.119672499999979
 131.227430214078510  276.164002200000027
 135.125023685780207  280.808143200000018
 139.099038134210673  285.958555100000012
 143.150215510599764  292.276826000000028


# temperature  472.000000000000000
#    0.000032856340572   -0.017544829412338    3.532067209907824 -316.503652386329691 10891.080673282183852
 119.985756147042025  268.006735400000025
 123.658538395939928  270.094647300000020
 127.405515767875343  272.949982499999976
 131.227430214078510  276.997001500000010
 135.125023685780207  281.643181000000027
 139.099038134210673  286.795179200000007
 143.150215510599764  293.114787299999989


# temperature  474.000000000000000
#    0.000032847330768   -0.017539383987713    3.530831757354996 -316.378685833060104 10887.153735734955262
 119.985756147042025  268.826665600000013
 123.658538395939928  270.919158299999992
 127.405515767875343  273.777962699999989
 131.227430214078510  277.827645599999983
 135.125023685780207  282.475842699999987
 139.099038134210673  287.629409699999997
 143.150215510599764  293.950339199999974


# temperature  476.000000000000000
#    0.000032838366911   -0.017533967207080    3.529602992769514 -316.254415905036410 10883.251805631676689
 119.985756147042025  269.644345799999996
 123.658538395939928  271.741381699999977
 127.405515767875343  274.603625299999976
 131.227430214078510  278.655947000000026
 135.125023685780207  283.306141099999991
 139.099038134210673  288.461259700000028
 143.150215510599764  294.783494899999994


# temperature  478.000000000000000
#    0.000032829451924   -0.017528580262744    3.528381081224439 -316.130850706232820 10879.374943604056170
 119.985756147042025  270.459787199999994
 123.658538395939928  272.561329399999977
 127.405515767875343  275.426982500000008
 131.227430214078510  279.481918300000018
 135.125023685780207  284.134088899999995
 139.099038134210673  289.290742200000011
 143.150215510599764  295.614267900000016


# temperature  480.000000000000000
#    0.000032820564107   -0.017523211828791    3.527163807385262 -316.007797688425967 10875.516884549368115
 119.985756147042025  271.273001000000022
 123.658538395939928  273.379013100000009
 127.405515767875343  276.248046199999976
 131.227430214078510  280.305571699999973
 135.125023685780207  284.959698800000012
 139.099038134210673  290.117869999999982
 143.150215510599764  296.442671099999984


# temperature  482.000000000000000
#    0.000032811728362   -0.017517875001427    3.525953750378175 -315.885482188702838 10871.685007400659742
 119.985756147042025  272.083998500000007
 123.658538395939928  274.194444200000021
 127.405515767875343  277.066828400000020
 131.227430214078510  281.126919499999985
 135.125023685780207  285.782983199999990
 139.099038134210673  290.942655999999999
 143.150215510599764  297.268717700000025


# temperature  484.000000000000000
#    0.000032802910895   -0.017512551993681    3.524747401583922 -315.763596722841100 10867.869220583626884
 119.985756147042025  272.892790600000012
 123.658538395939928  275.007634199999984
 127.405515767875343  277.883340900000007
 131.227430214078510  281.945973700000025
 135.125023685780207  286.603954499999986
 139.099038134210673  291.765112799999997
 143.150215510599764  298.092420300000015


# temperature  486.000000000000000
#    0.000032794151020   -0.017507263390332    3.523548797782876 -315.642492617716357 10864.080983115127310
 119.985756147042025  273.699388399999975
 123.658538395939928  275.818594500000017
 127.405515767875343  278.697595200000023
 131.227430214078510  282.762746300000003
 135.125023685780207  287.422624999999982
 139.099038134210673  292.585252700000012
 143.150215510599764  298.913791899999978


# temperature  488.000000000000000
#    0.000032785428359   -0.017501998604533    3.522355877175575 -315.521991379512428 10860.314508239427596
 119.985756147042025  274.503802800000017
 123.658538395939928  276.627336300000024
 127.405515767875343  279.509603099999993
 131.227430214078510  283.577249300000005
 135.125023685780207  288.239006899999993
 139.099038134210673  293.403088400000001
 143.150215510599764  299.732844999999998


# temperature  490.000000000000000
#    0.000032776739447   -0.017496755614464    3.521168200666407 -315.402050849334557 10856.568295086741273
 119.985756147042025  275.306044400000019
 123.658538395939928  277.433870800000022
 127.405515767875343  280.319375999999977
 131.227430214078510  284.389494399999990
 135.125023685780207  289.053112199999987
 139.099038134210673  294.218632000000014
 143.150215510599764  300.549592099999984


# temperature  492.000000000000000
#    0.000032768087067   -0.017491536023800    3.519986110841784 -315.282703164325426 10852.843471921942182
 119.985756147042025  276.106124099999988
 123.658538395939928  278.238209100000006
 127.405515767875343  281.126925299999982
 131.227430214078510  285.199493299999972
 135.125023685780207  289.864952899999992
 139.099038134210673  295.031895700000007
 143.150215510599764  301.364045499999975


# temperature  494.000000000000000
#    0.000032759490277   -0.017486349661275    3.518811504867246 -315.164110676739483 10849.145244660543540
 119.985756147042025  276.904052400000012
 123.658538395939928  279.040362099999982
 127.405515767875343  281.932262200000025
 131.227430214078510  286.007257600000003
 135.125023685780207  290.674540700000023
 139.099038134210673  295.842891500000007
 143.150215510599764  302.176217699999995


# temperature  496.000000000000000
#    0.000032750915326   -0.017481178958879    3.517640956545007 -315.045976607796547 10845.463988486717426
 119.985756147042025  277.699839899999972
 123.658538395939928  279.840340700000013
 127.405515767875343  282.735397999999975
 131.227430214078510  286.812798699999973
 135.125023685780207  291.481887400000005
 139.099038134210673  296.651631500000008
 143.150215510599764  302.986120599999992


# temperature  498.000000000000000
#    0.000032742398135   -0.017476042514415    3.516478069746341 -314.928610666749137 10841.809671728595276
 119.985756147042025  278.493496999999991
 123.658538395939928  280.638155700000027
 127.405515767875343  283.536343900000020
 131.227430214078510  287.616128000000003
 135.125023685780207  292.287004599999989
 139.099038134210673  297.458127300000001
 143.150215510599764  303.793766399999981


# temperature  500.000000000000000
#    0.000032733893315   -0.017470916642341    3.515318214973311 -314.811611083442813 10838.169240323775739
 119.985756147042025  279.285033999999996
 123.658538395939928  281.433817900000008
 127.405515767875343  284.335110699999973
 131.227430214078510  288.417256800000018
 135.125023685780207  293.089903900000024
 139.099038134210673  298.262390900000014
 143.150215510599764  304.599167000000023


# temperature  502.000000000000000
#    0.000032725457229   -0.017465830885185    3.514167189786760 -314.695482665187058 10834.559158644386116
 119.985756147042025  280.074461299999996
 123.658538395939928  282.227337799999987
 127.405515767875343  285.131709399999977
 131.227430214078510  289.216196400000001
 135.125023685780207  293.890596599999981
 139.099038134210673  299.064433699999995
 143.150215510599764  305.402334199999984


# temperature  504.000000000000000
#    0.000032717040402   -0.017460759266756    3.513019886487340 -314.579779552469347 10830.964857157825463
 119.985756147042025  280.861789100000010
 123.658538395939928  283.018726000000015
 127.405515767875343  285.926150800000016
 131.227430214078510  290.012957700000015
 135.125023685780207  294.689094000000011
 139.099038134210673  299.864267400000017
 143.150215510599764  306.203279699999996


# temperature  506.000000000000000
#    0.000032708655295   -0.017455708187826    3.511877533520202 -314.464606079667362 10827.389652700105216
 119.985756147042025  281.647027400000013
 123.658538395939928  283.807993000000010
 127.405515767875343  286.718445700000018
 131.227430214078510  290.807551699999976
 135.125023685780207  295.485407500000008
 139.099038134210673  300.661903300000006
 143.150215510599764  307.002015200000017


# temperature  508.000000000000000
#    0.000032700327593   -0.017450691244871    3.510742824379678 -314.350198847863282 10823.841329852837589
 119.985756147042025  282.430186300000003
 123.658538395939928  284.595148999999992
 127.405515767875343  287.508604800000001
 131.227430214078510  291.599989499999992
 135.125023685780207  296.279548100000000
 139.099038134210673  301.457352800000024
 143.150215510599764  307.798552099999995


# temperature  510.000000000000000
#    0.000032692032231   -0.017445695160086    3.509613125555318 -314.236326010512357 10820.312253239031634
 119.985756147042025  283.211275800000010
 123.658538395939928  285.380204499999991
 127.405515767875343  288.296638499999972
 131.227430214078510  292.390281700000003
 135.125023685780207  297.071526899999981
 139.099038134210673  302.250627000000009
 143.150215510599764  308.592901900000015


# temperature  512.000000000000000
#    0.000032683773671   -0.017440722415189    3.508488950451485 -314.123034363428189 10816.804018279744923
 119.985756147042025  283.990305799999987
 123.658538395939928  286.163169600000003
 127.405515767875343  289.082557300000019
 131.227430214078510  293.178439200000014
 135.125023685780207  297.861354800000015
 139.099038134210673  303.041737200000000
 143.150215510599764  309.385075799999981


# temperature  514.000000000000000
#    0.000032675562836   -0.017435778554464    3.507371349860670 -314.010411964333059 10813.319385584105476
 119.985756147042025  284.767286000000013
 123.658538395939928  286.944054300000005
 127.405515767875343  289.866371800000024
 131.227430214078510  293.964472499999999
 135.125023685780207  298.649042599999973
 139.099038134210673  303.830694300000005
 143.150215510599764  310.175085000000024


# temperature  516.000000000000000
#    0.000032667379647   -0.017430852969587    3.506258225253271 -313.898274521812766 10809.852301560582418
 119.985756147042025  285.542226200000016
 123.658538395939928  287.722868899999980
 127.405515767875343  290.648092099999985
 131.227430214078510  294.748392200000012
 135.125023685780207  299.434601100000009
 139.099038134210673  304.617509299999995
 143.150215510599764  310.962940800000013


# temperature  518.000000000000000
#    0.000032659236097   -0.017425952104571    3.505150870834111 -313.786737146226017 10806.406600731383151
 119.985756147042025  286.315136100000018
 123.658538395939928  288.499623199999974
 127.405515767875343  291.427728500000001
 131.227430214078510  295.530208700000003
 135.125023685780207  300.218041000000028
 139.099038134210673  305.402193000000011
 143.150215510599764  311.748653999999988


# temperature  520.000000000000000
#    0.000032651121078   -0.017421070018859    3.504048096689270 -313.675693983762187 10802.978762988093877
 119.985756147042025  287.086025300000017
 123.658538395939928  289.274327200000016
 127.405515767875343  292.205291100000011
 131.227430214078510  296.309932500000002
 135.125023685780207  300.999372800000003
 139.099038134210673  306.184756300000004
 143.150215510599764  312.532235700000001


# temperature  522.000000000000000
#    0.000032643073491   -0.017416227111915    3.502953906588231 -313.565493540639807 10799.580148237240792
 119.985756147042025  287.854903200000024
 123.658538395939928  290.046990499999993
 127.405515767875343  292.980790099999979
 131.227430214078510  297.087573799999973
 135.125023685780207  301.778607099999988
 139.099038134210673  306.965209599999980
 143.150215510599764  313.313696600000014


# temperature  524.000000000000000
#    0.000032635036573   -0.017411393627789    3.501862459296799 -313.455626866736793 10796.194157617985184
 119.985756147042025  288.621779399999980
 123.658538395939928  290.817623099999992
 127.405515767875343  293.754235300000005
 131.227430214078510  297.863142799999991
 135.125023685780207  302.555754200000024
 139.099038134210673  307.743563699999982
 143.150215510599764  314.093047399999989


# temperature  526.000000000000000
#    0.000032627035491   -0.017406582597193    3.500776278537853 -313.346310564405258 10792.827749801692335
 119.985756147042025  289.386663100000021
 123.658538395939928  291.586234600000012
 127.405515767875343  294.525636799999972
 131.227430214078510  298.636649799999986
 135.125023685780207  303.330824500000006
 139.099038134210673  308.519829099999981
 143.150215510599764  314.870298900000023


# temperature  528.000000000000000
#    0.000032619080566   -0.017401799596036    3.499696491957207 -313.237645773313488 10789.484327741922243
 119.985756147042025  290.149563800000010
 123.658538395939928  292.352834499999972
 127.405515767875343  295.295004300000016
 131.227430214078510  299.408104600000001
 135.125023685780207  304.103828200000009
 139.099038134210673  309.294015999999999
 143.150215510599764  315.645461500000010


# temperature  530.000000000000000
#    0.000032611170214   -0.017397043685473    3.498622891894565 -313.129612130905855 10786.163153507830430
 119.985756147042025  290.910490700000025
 123.658538395939928  293.117432399999984
 127.405515767875343  296.062347699999975
 131.227430214078510  300.177517399999999
 135.125023685780207  304.874775499999998
 139.099038134210673  310.066134900000009
 143.150215510599764  316.418545800000004


# temperature  532.000000000000000
#    0.000032603294190   -0.017392309472147    3.497554414230481 -313.022116319892575 10782.861166277312805
 119.985756147042025  291.669452900000010
 123.658538395939928  293.880037700000003
 127.405515767875343  296.827676600000018
 131.227430214078510  300.944898000000023
 135.125023685780207  305.643676400000004
 139.099038134210673  310.836195999999973
 143.150215510599764  317.189562099999989


# temperature  534.000000000000000
#    0.000032595444255   -0.017387592618325    3.496490202832748 -312.915083213171101 10779.575901119877017
 119.985756147042025  292.426459500000021
 123.658538395939928  294.640659900000003
 127.405515767875343  297.591000500000007
 131.227430214078510  301.710256200000003
 135.125023685780207  306.410541000000023
 139.099038134210673  311.604209400000002
 143.150215510599764  317.958520700000008


# temperature  536.000000000000000
#    0.000032587643967   -0.017382905318347    3.495432620076099 -312.808715771576829 10776.313890836392602
 119.985756147042025  293.181519600000001
 123.658538395939928  295.399308200000007
 127.405515767875343  298.352329199999986
 131.227430214078510  302.473601700000017
 135.125023685780207  307.175379099999986
 139.099038134210673  312.370185100000015
 143.150215510599764  318.725431899999990


# temperature  538.000000000000000
#    0.000032579884463   -0.017378243239936    3.494380875883614 -312.702950248046136 10773.073223523020715
 119.985756147042025  293.934642199999985
 123.658538395939928  296.155991799999981
 127.405515767875343  299.111671999999999
 131.227430214078510  303.234944299999995
 135.125023685780207  307.938200699999982
 139.099038134210673  313.134133299999974
 143.150215510599764  319.490305700000022


# temperature  540.000000000000000
#    0.000032572146823   -0.017373596138909    3.493332894290411 -312.597599975676076 10769.847623497487803
 119.985756147042025  294.685836100000017
 123.658538395939928  296.910720000000026
 127.405515767875343  299.869038300000000
 131.227430214078510  303.994293500000026
 135.125023685780207  308.699015400000008
 139.099038134210673  313.896063799999979
 143.150215510599764  320.253152199999988


# temperature  542.000000000000000
#    0.000032564462034   -0.017368980311178    3.492291883933709 -312.492945263141678 10766.646265997977025
 119.985756147042025  295.435110300000019
 123.658538395939928  297.663501900000028
 127.405515767875343  300.624437499999999
 131.227430214078510  304.751658899999995
 135.125023685780207  309.457832999999994
 139.099038134210673  314.655986400000018
 143.150215510599764  321.013981500000000


# temperature  544.000000000000000
#    0.000032556804742   -0.017364382459548    3.491255231103127 -312.388757855968095 10763.461686314154576
 119.985756147042025  296.182473399999992
 123.658538395939928  298.414346500000022
 127.405515767875343  301.377878800000019
 131.227430214078510  305.507049900000027
 135.125023685780207  310.214663099999996
 139.099038134210673  315.413910900000019
 143.150215510599764  321.772803300000021


# temperature  546.000000000000000
#    0.000032549175146   -0.017359802786880    3.490222995766827 -312.285044750534610 10760.294179043887198
 119.985756147042025  296.927934400000026
 123.658538395939928  299.163262799999984
 127.405515767875343  302.129371400000025
 131.227430214078510  306.260475799999995
 135.125023685780207  310.969515199999989
 139.099038134210673  316.169847000000004
 143.150215510599764  322.529627399999981


# temperature  548.000000000000000
#    0.000032541587663   -0.017355248576207    3.489196551177909 -312.181920404948414 10757.147308188739771
 119.985756147042025  297.671501700000022
 123.658538395939928  299.910259699999983
 127.405515767875343  302.878924499999982
 131.227430214078510  307.011946099999989
 135.125023685780207  311.722398699999985
 139.099038134210673  316.923804299999972
 143.150215510599764  323.284463700000003


# temperature  550.000000000000000
#    0.000032534045001   -0.017350721442379    3.488176252286141 -312.079418973558973 10754.022298455452983
 119.985756147042025  298.413184000000001
 123.658538395939928  300.655346000000009
 127.405515767875343  303.626547099999982
 131.227430214078510  307.761469900000009
 135.125023685780207  312.473323199999982
 139.099038134210673  317.675792300000012
 143.150215510599764  324.037321799999972


# temperature  552.000000000000000
#    0.000032526539465   -0.017346217236685    3.487161261261402 -311.977465296779428 10750.916631046833572
 119.985756147042025  299.152989900000023
 123.658538395939928  301.398530600000015
 127.405515767875343  304.372248200000001
 131.227430214078510  308.509056400000020
 135.125023685780207  313.222297900000001
 139.099038134210673  318.425820400000021
 143.150215510599764  324.788211199999978


# temperature  554.000000000000000
#    0.000032519066185   -0.017341733444563    3.486151091344706 -311.876017473088837 10747.828959858034068
 119.985756147042025  299.890927900000008
 123.658538395939928  302.139822200000026
 127.405515767875343  305.116036699999995
 131.227430214078510  309.254714700000022
 135.125023685780207  313.969332099999974
 139.099038134210673  319.173898099999974
 143.150215510599764  325.537141500000018


# temperature  556.000000000000000
#    0.000032511630405   -0.017337272718763    3.485146242658836 -311.775117075578123 10744.760576900105661
 119.985756147042025  300.627006300000005
 123.658538395939928  302.879229399999986
 127.405515767875343  305.857921499999975
 131.227430214078510  309.998453900000015
 135.125023685780207  314.714434900000015
 139.099038134210673  319.920034699999974
 143.150215510599764  326.284122099999990


# temperature  558.000000000000000
#    0.000032504236202   -0.017332837200257    3.484147135752762 -311.674800673623110 10741.712677406005241
 119.985756147042025  301.361233500000026
 123.658538395939928  303.616760800000009
 127.405515767875343  306.597911399999987
 131.227430214078510  310.740282900000011
 135.125023685780207  315.457615499999974
 139.099038134210673  320.664239399999985
 143.150215510599764  327.029162400000018


# temperature  560.000000000000000
#    0.000032496860034   -0.017328414504388    3.483151330070685 -311.574854718475990 10738.678268746492904
 119.985756147042025  302.093617900000027
 123.658538395939928  304.352425100000005
 127.405515767875343  307.336015099999997
 131.227430214078510  311.480210600000021
 135.125023685780207  316.198882900000001
 139.099038134210673  321.406521399999974
 143.150215510599764  327.772271600000010


# temperature  562.000000000000000
#    0.000032489540652   -0.017324025054651    3.482162855456316 -311.475631973099269 10735.668917424065512
 119.985756147042025  302.824167799999998
 123.658538395939928  305.086230600000022
 127.405515767875343  308.072241399999996
 131.227430214078510  312.218245899999999
 135.125023685780207  316.938246199999980
 139.099038134210673  322.146889799999997
 143.150215510599764  328.513459000000012


# temperature  564.000000000000000
#    0.000032482234192   -0.017319645678629    3.481177126531427 -311.376729585240923 10732.671372319706279
 119.985756147042025  303.552891199999976
 123.658538395939928  305.818185900000003
 127.405515767875343  308.806598699999995
 131.227430214078510  312.954397599999993
 135.125023685780207  317.675714200000016
 139.099038134210673  322.885353699999996
 143.150215510599764  329.252733700000022


# temperature  566.000000000000000
#    0.000032474991877   -0.017315303264421    3.480199428002682 -311.278608445322448 10729.700689882509323
 119.985756147042025  304.279796400000009
 123.658538395939928  306.548299199999974
 127.405515767875343  309.539095799999984
 131.227430214078510  313.688674400000025
 135.125023685780207  318.411295800000005
 139.099038134210673  323.621921900000018
 143.150215510599764  329.990104799999983


# temperature  568.000000000000000
#    0.000032467773651   -0.017310976839215    3.479225647153621 -311.180910528694540 10726.745203163216502
 119.985756147042025  305.004891499999985
 123.658538395939928  307.276578900000004
 127.405515767875343  310.269741099999976
 131.227430214078510  314.421084899999983
 135.125023685780207  319.144999799999994
 139.099038134210673  324.356603500000006
 143.150215510599764  330.725581299999988


# temperature  570.000000000000000
#    0.000032460573156   -0.017306662957721    3.478255084707712 -311.083572779330609 10723.802788171995417
 119.985756147042025  305.728184399999975
 123.658538395939928  308.003033300000027
 127.405515767875343  310.998542900000018
 131.227430214078510  315.151637699999981
 135.125023685780207  319.876834900000006
 139.099038134210673  325.089407300000005
 143.150215510599764  331.459172200000012


# temperature  572.000000000000000
#    0.000032453427962   -0.017302381325943    3.477291610142977 -310.986932288153980 10720.884444805074963
 119.985756147042025  306.449683199999981
 123.658538395939928  308.727670499999988
 127.405515767875343  311.725509799999998
 131.227430214078510  315.880341400000020
 135.125023685780207  320.606809800000008
 139.099038134210673  325.820341999999982
 143.150215510599764  332.190886400000011


# temperature  574.000000000000000
#    0.000032446309662   -0.017298117046693    3.476332296787008 -310.890733745585010 10717.981835993639834
 119.985756147042025  307.169395899999984
 123.658538395939928  309.450498799999991
 127.405515767875343  312.450650100000018
 131.227430214078510  316.607204500000023
 135.125023685780207  321.334933100000001
 139.099038134210673  326.549416399999984
 143.150215510599764  332.920732600000008


# temperature  576.000000000000000
#    0.000032439237397   -0.017293880136355    3.475379106939376 -310.795147678135663 10715.100514802959879
 119.985756147042025  307.887330200000008
 123.658538395939928  310.171526099999994
 127.405515767875343  313.173971900000026
 131.227430214078510  317.332235299999979
 135.125023685780207  322.061213300000020
 139.099038134210673  327.276638999999989
 143.150215510599764  333.648719599999993


# temperature  578.000000000000000
#    0.000032432189274   -0.017289659126943    3.474429790753548 -310.699978123418362 10712.234094600778917
 119.985756147042025  308.603494099999978
 123.658538395939928  310.890760600000021
 127.405515767875343  313.895483500000012
 131.227430214078510  318.055442200000016
 135.125023685780207  322.785659000000010
 139.099038134210673  328.002018599999985
 143.150215510599764  334.374856200000011


# temperature  580.000000000000000
#    0.000032425178968   -0.017285461150984    3.473485738990360 -310.605345195240204 10709.386459039800684
 119.985756147042025  309.317895200000009
 123.658538395939928  311.608210100000008
 127.405515767875343  314.615193099999999
 131.227430214078510  318.776833500000009
 135.125023685780207  323.508278500000017
 139.099038134210673  328.725563599999987
 143.150215510599764  335.099150800000018


# temperature  582.000000000000000
#    0.000032418206641   -0.017281286202333    3.472546933458024 -310.511245872744610 10706.557471354344671
 119.985756147042025  310.030541400000004
 123.658538395939928  312.323882700000013
 127.405515767875343  315.333108700000025
 131.227430214078510  319.496417500000007
 135.125023685780207  324.229080099999976
 139.099038134210673  329.447282499999972
 143.150215510599764  335.821612200000004


# temperature  584.000000000000000
#    0.000032411268400   -0.017277132271090    3.471612983531104 -310.417646241649265 10703.746028545952868
 119.985756147042025  310.741440300000022
 123.658538395939928  313.037786299999993
 127.405515767875343  316.049238399999979
 131.227430214078510  320.214202399999976
 135.125023685780207  324.948072299999978
 139.099038134210673  330.167183700000010
 143.150215510599764  336.542248799999982


# temperature  586.000000000000000
#    0.000032404355759   -0.017272994889882    3.470683007654180 -310.324468986081683 10700.949594665042241
 119.985756147042025  311.450599500000010
 123.658538395939928  313.749928599999976
 127.405515767875343  316.763590299999976
 131.227430214078510  320.930196200000012
 135.125023685780207  325.665263299999992
 139.099038134210673  330.885275600000000
 143.150215510599764  337.261069000000020


# temperature  588.000000000000000
#    0.000032397487044   -0.017268883696075    3.469758903570451 -310.231879908466112 10698.173599508978441
 119.985756147042025  312.158026600000028
 123.658538395939928  314.460317400000008
 127.405515767875343  317.476172099999985
 131.227430214078510  321.644407100000024
 135.125023685780207  326.380661200000020
 139.099038134210673  331.601566400000024
 143.150215510599764  337.978081200000020


# temperature  590.000000000000000
#    0.000032390649060   -0.017264791695697    3.468839281795675 -310.139756363608342 10695.413992189196506
 119.985756147042025  312.863729200000023
 123.658538395939928  315.168960500000026
 127.405515767875343  318.186991900000010
 131.227430214078510  322.356843099999992
 135.125023685780207  327.094274199999973
 139.099038134210673  332.316064400000016
 143.150215510599764  338.693293700000027


# temperature  592.000000000000000
#    0.000032383854479   -0.017260725504414    3.467925435655376 -310.048210511896798 10692.674419924082031
 119.985756147042025  313.567714700000010
 123.658538395939928  315.875865499999975
 127.405515767875343  318.896057400000018
 131.227430214078510  323.067512099999988
 135.125023685780207  327.806110400000023
 139.099038134210673  333.028777699999978
 143.150215510599764  339.406714899999997


# temperature  594.000000000000000
#    0.000032377056954   -0.017256660737881    3.467012559008011 -309.956821742364809 10689.941099333020247
 119.985756147042025  314.269990500000006
 123.658538395939928  316.581040099999996
 127.405515767875343  319.603376500000024
 131.227430214078510  323.776422000000025
 135.125023685780207  328.516177700000014
 139.099038134210673  333.739714600000013
 143.150215510599764  340.118352800000025


# temperature  596.000000000000000
#    0.000032370338797   -0.017252640735877    3.466109197350769 -309.866337841497909 10687.238540122687482
 119.985756147042025  314.970564099999990
 123.658538395939928  317.284491699999990
 127.405515767875343  320.308956799999976
 131.227430214078510  324.483580800000027
 135.125023685780207  329.224484200000006
 139.099038134210673  334.448882900000001
 143.150215510599764  340.828215699999987


# temperature  598.000000000000000
#    0.000032363631348   -0.017248629286860    3.465208198262082 -309.776131717726400 10684.546157433413100
 119.985756147042025  315.669442800000013
 123.658538395939928  317.986228100000005
 127.405515767875343  321.012806000000012
 131.227430214078510  325.188996200000020
 135.125023685780207  329.931037800000013
 139.099038134210673  335.156290800000022
 143.150215510599764  341.536311699999999


# temperature  600.000000000000000
#    0.000032356952247   -0.017244635708898    3.464311403354785 -309.686364744179286 10681.869247795006231
 119.985756147042025  316.366633900000011
 123.658538395939928  318.686256599999979
 127.405515767875343  321.714931900000011
 131.227430214078510  325.892675899999972
 135.125023685780207  330.635846399999991
 139.099038134210673  335.861946199999977
 143.150215510599764  342.242648700000018


# temperature  602.000000000000000
#    0.000032350340262   -0.017240680393576    3.463422829485808 -309.597388096417717 10679.219314562020372
 119.985756147042025  317.062144699999976
 123.658538395939928  319.384584599999982
 127.405515767875343  322.415341800000022
 131.227430214078510  326.594627800000012
 135.125023685780207  331.338917700000025
 139.099038134210673  336.565856900000028
 143.150215510599764  342.947234799999990


# temperature  604.000000000000000
#    0.000032343733306   -0.017236730529439    3.462535980802950 -309.508630776020823 10676.577561307762153
 119.985756147042025  317.755982200000005
 123.658538395939928  320.081219599999997
 127.405515767875343  323.114043499999980
 131.227430214078510  327.294859400000007
 135.125023685780207  332.040259499999991
 139.099038134210673  337.268030899999985
 143.150215510599764  343.650077800000020


# temperature  606.000000000000000
#    0.000032337163913   -0.017232803330722    3.461654269379522 -309.420393021428026 10673.953890166712881
 119.985756147042025  318.448153800000000
 123.658538395939928  320.776168900000016
 127.405515767875343  323.811044299999992
 131.227430214078510  327.993378300000018
 135.125023685780207  332.739879499999972
 139.099038134210673  337.968475899999987
 143.150215510599764  344.351185699999974


# temperature  608.000000000000000
#    0.000032330633131   -0.017228899289880    3.460777778661718 -309.332680732079325 10671.348448212729636
 119.985756147042025  319.138666499999999
 123.658538395939928  321.469439799999975
 127.405515767875343  324.506351699999982
 131.227430214078510  328.690192200000013
 135.125023685780207  333.437785399999996
 139.099038134210673  338.667199700000026
 143.150215510599764  345.050566300000014


# temperature  610.000000000000000
#    0.000032324118754   -0.017225006777528    3.459904228162742 -309.245295427104054 10668.754772778625920
 119.985756147042025  319.827527400000008
 123.658538395939928  322.161039500000015
 127.405515767875343  325.199973000000000
 131.227430214078510  329.385308399999985
 135.125023685780207  334.133984699999985
 139.099038134210673  339.364210000000014
 143.150215510599764  345.748227299999996


# temperature  612.000000000000000
#    0.000032317654626   -0.017221143486683    3.459037079508787 -309.158537473475462 10666.182623249285825
 119.985756147042025  320.514743500000009
 123.658538395939928  322.850975199999993
 127.405515767875343  325.891915700000027
 131.227430214078510  330.078734499999996
 135.125023685780207  334.828485100000023
 139.099038134210673  340.059514299999989
 143.150215510599764  346.444176400000003


# temperature  614.000000000000000
#    0.000032311224819   -0.017217300993764    3.458174664843498 -309.072260308074704 10663.627183052922192
 119.985756147042025  321.200321799999983
 123.658538395939928  323.539254099999994
 127.405515767875343  326.582186999999976
 131.227430214078510  330.770477900000003
 135.125023685780207  335.521294000000012
 139.099038134210673  340.753120299999978
 143.150215510599764  347.138421400000027


# temperature  616.000000000000000
#    0.000032304808257   -0.017213468349475    3.457314852257380 -308.986279523467260 10661.082479337199402
 119.985756147042025  321.884269200000006
 123.658538395939928  324.225883300000021
 127.405515767875343  327.270794200000012
 131.227430214078510  331.460545900000000
 135.125023685780207  336.212419000000011
 139.099038134210673  341.445035599999983
 143.150215510599764  347.830969700000026


# temperature  618.000000000000000
#    0.000032298438754   -0.017209663098631    3.456461050675336 -308.900889051838931 10658.558008499870994
 119.985756147042025  322.566592700000001
 123.658538395939928  324.910869900000023
 127.405515767875343  327.957744499999990
 131.227430214078510  332.148945900000001
 135.125023685780207  336.901867299999992
 139.099038134210673  342.135267499999998
 143.150215510599764  348.521829000000025


# temperature  620.000000000000000
#    0.000032292105055   -0.017205879512566    3.455612169174204 -308.815996729192761 10656.050861847445049
 119.985756147042025  323.247299100000021
 123.658538395939928  325.594220800000016
 127.405515767875343  328.643044900000007
 131.227430214078510  332.835685000000012
 135.125023685780207  337.589646399999992
 139.099038134210673  342.823823500000003
 143.150215510599764  349.211006800000007


# temperature  622.000000000000000
#    0.000032285807968   -0.017202117912198    3.454768248521943 -308.731603989999144 10653.561017872229058
 119.985756147042025  323.926395300000024
 123.658538395939928  326.275943100000006
 127.405515767875343  329.326702699999998
 131.227430214078510  333.520770700000014
 135.125023685780207  338.275763499999982
 139.099038134210673  343.510711099999980
 143.150215510599764  349.898510499999986


# temperature  624.000000000000000
#    0.000032279521754   -0.017198364659562    3.453926582148247 -308.647472352948910 10651.080611162740752
 119.985756147042025  324.603887900000018
 123.658538395939928  326.956043799999975
 127.405515767875343  330.008724900000004
 131.227430214078510  334.204209900000023
 135.125023685780207  338.960225999999977
 139.099038134210673  344.195937500000014
 143.150215510599764  350.584347499999978


# temperature  626.000000000000000
#    0.000032273273680   -0.017194634288951    3.453090070883804 -308.563858711091370 10648.618164940697170
 119.985756147042025  325.279783800000018
 123.658538395939928  327.634529600000008
 127.405515767875343  330.689118500000006
 131.227430214078510  334.886009800000011
 135.125023685780207  339.643041100000005
 139.099038134210673  344.879510100000005
 143.150215510599764  351.268525199999999


# temperature  628.000000000000000
#    0.000032267072563   -0.017190931239809    3.452259549058629 -308.480832380697962 10646.175832427676141
 119.985756147042025  325.954089599999975
 123.658538395939928  328.311407400000007
 127.405515767875343  331.367890499999987
 131.227430214078510  335.566177600000003
 135.125023685780207  340.324215900000013
 139.099038134210673  345.561436099999980
 143.150215510599764  351.951051000000007


# temperature  630.000000000000000
#    0.000032260896824   -0.017187244206531    3.451432797780483 -308.398199987578778 10643.747306088154801
 119.985756147042025  326.626811999999973
 123.658538395939928  328.986684099999991
 127.405515767875343  332.045047800000020
 131.227430214078510  336.244720299999983
 135.125023685780207  341.003757500000006
 139.099038134210673  346.241722700000025
 143.150215510599764  352.631932000000006


# temperature  632.000000000000000
#    0.000032254740653   -0.017183570129648    3.450609212930615 -308.315908494061489 10641.330845294169194
 119.985756147042025  327.297957600000018
 123.658538395939928  329.660366500000009
 127.405515767875343  332.720597300000009
 131.227430214078510  336.921644800000024
 135.125023685780207  341.681673100000012
 139.099038134210673  346.920376999999974
 143.150215510599764  353.311175400000025


# temperature  634.000000000000000
#    0.000032248617887   -0.017179916188387    3.449790188910301 -308.234078027374835 10638.930329057491690
 119.985756147042025  327.967533000000003
 123.658538395939928  330.332461200000012
 127.405515767875343  333.394545999999991
 131.227430214078510  337.596958099999995
 135.125023685780207  342.357969599999990
 139.099038134210673  347.597406200000023
 143.150215510599764  353.988788499999998


# temperature  636.000000000000000
#    0.000032242541555   -0.017176289327969    3.448977110917390 -308.152831078281622 10636.549815431593743
 119.985756147042025  328.635544700000025
 123.658538395939928  331.002974900000027
 127.405515767875343  334.066900499999974
 131.227430214078510  338.270667199999991
 135.125023685780207  343.032654100000002
 139.099038134210673  348.272817299999986
 143.150215510599764  354.664778399999989


# temperature  638.000000000000000
#    0.000032236491993   -0.017172679153676    3.448167920488632 -308.071986635029134 10634.183346866755528
 119.985756147042025  329.301999200000012
 123.658538395939928  331.671914300000026
 127.405515767875343  334.737667699999975
 131.227430214078510  338.942778900000008
 135.125023685780207  343.705733599999974
 139.099038134210673  348.946617399999980
 143.150215510599764  355.339152200000001


# temperature  640.000000000000000
#    0.000032230467239   -0.017169084586469    3.447362395963223 -307.991524523308726 10631.830243077674822
 119.985756147042025  329.966903000000002
 123.658538395939928  332.339286000000016
 127.405515767875343  335.406854199999998
 131.227430214078510  339.613299900000015
 135.125023685780207  344.377214799999990
 139.099038134210673  349.618813299999999
 143.150215510599764  356.011916799999995


# temperature  642.000000000000000
#    0.000032224474499   -0.017165509358130    3.446561259122852 -307.911506490349836 10629.492480954988423
 119.985756147042025  330.630262500000015
 123.658538395939928  333.005096600000002
 127.405515767875343  336.074466900000004
 131.227430214078510  340.282237199999997
 135.125023685780207  345.047104699999977
 139.099038134210673  350.289412099999993
 143.150215510599764  356.683079299999974


# temperature  644.000000000000000
#    0.000032218518920   -0.017161956319865    3.445765099673971 -307.831986503570533 10627.171910739922168
 119.985756147042025  331.292084100000011
 123.658538395939928  333.669352600000025
 127.405515767875343  336.740512200000012
 131.227430214078510  340.949597400000016
 135.125023685780207  345.715410200000008
 139.099038134210673  350.958420499999988
 143.150215510599764  357.352646499999992


# temperature  646.000000000000000
#    0.000032212581698   -0.017158415436303    3.444971912032131 -307.752786654747752 10624.862627952663388
 119.985756147042025  331.952374099999986
 123.658538395939928  334.332060500000011
 127.405515767875343  337.404996799999992
 131.227430214078510  341.615387300000009
 135.125023685780207  346.382137899999975
 139.099038134210673  351.625845599999991
 143.150215510599764  358.020625499999994


# temperature  648.000000000000000
#    0.000032206686167   -0.017154898876202    3.444184071554223 -307.674112596507712 10622.571301665169813
 119.985756147042025  332.611138799999992
 123.658538395939928  334.993226699999980
 127.405515767875343  338.067927399999974
 131.227430214078510  342.279613499999982
 135.125023685780207  347.047294599999987
 139.099038134210673  352.291694000000007
 143.150215510599764  358.687023099999976


# temperature  650.000000000000000
#    0.000032200816368   -0.017151398394274    3.443399983654308 -307.595827524141612 10620.293544653408389
 119.985756147042025  333.268384599999990
 123.658538395939928  335.652857700000027
 127.405515767875343  338.729310300000009
 131.227430214078510  342.942282499999976
 135.125023685780207  347.710887000000014
 139.099038134210673  352.955972400000007
 143.150215510599764  359.351846000000023


# temperature  652.000000000000000
#    0.000032194978483   -0.017147917180284    3.442620262201725 -307.517983599893057 10618.031013138823255
 119.985756147042025  333.924117599999988
 123.658538395939928  336.310959799999978
 127.405515767875343  339.389152200000012
 131.227430214078510  343.603401099999985
 135.125023685780207  348.372921799999972
 139.099038134210673  353.618687700000009
 143.150215510599764  360.015101000000016


# temperature  654.000000000000000
#    0.000032189169300   -0.017144453456770    3.441844541146799 -307.440547541631247 10615.782585084474704
 119.985756147042025  334.578344099999981
 123.658538395939928  336.967539400000021
 127.405515767875343  340.047459399999980
 131.227430214078510  344.262975700000027
 135.125023685780207  349.033405500000015
 139.099038134210673  354.279846500000019
 143.150215510599764  360.676795000000027


# temperature  656.000000000000000
#    0.000032183390462   -0.017141008269117    3.441073059999987 -307.363543008310728 10613.549122630838610
 119.985756147042025  335.231070199999976
 123.658538395939928  337.622602700000016
 127.405515767875343  340.704238299999986
 131.227430214078510  344.921012800000028
 135.125023685780207  349.692344800000001
 139.099038134210673  354.939455399999986
 143.150215510599764  361.336934400000018


# temperature  658.000000000000000
#    0.000032177642553   -0.017137581781897    3.440305823064751 -307.286967912639454 10611.330482423691137
 119.985756147042025  335.882302100000004
 123.658538395939928  338.276156099999980
 127.405515767875343  341.359495299999992
 131.227430214078510  345.577518999999995
 135.125023685780207  350.349746200000027
 139.099038134210673  355.597521099999994
 143.150215510599764  361.995526100000006


# temperature  660.000000000000000
#    0.000032171931992   -0.017134177218742    3.439543434143583 -307.210872191053056 10609.128207899306290
 119.985756147042025  336.532045799999992
 123.658538395939928  338.928205699999978
 127.405515767875343  342.013236899999981
 131.227430214078510  346.232500500000015
 135.125023685780207  351.005616099999997
 139.099038134210673  356.254049899999984
 143.150215510599764  362.652576500000009


# temperature  662.000000000000000
#    0.000032166230780   -0.017130780049398    3.438783070220657 -307.135012462586246 10606.934448203353895
 119.985756147042025  337.180307400000004
 123.658538395939928  339.578757800000005
 127.405515767875343  342.665469099999996
 131.227430214078510  346.885963800000013
 135.125023685780207  351.659961000000010
 139.099038134210673  356.909048600000006
 143.150215510599764  363.308092299999998


# temperature  664.000000000000000
#    0.000032160565734   -0.017127404223267    3.438027446367147 -307.059623056343355 10604.756775759509765
 119.985756147042025  337.827092900000025
 123.658538395939928  340.227818500000012
 127.405515767875343  343.316198400000019
 131.227430214078510  347.537915300000009
 135.125023685780207  352.312787300000025
 139.099038134210673  357.562523499999998
 143.150215510599764  363.962079899999992


# temperature  666.000000000000000
#    0.000032154934037   -0.017124048310898    3.437276291982811 -306.984681312263319 10602.594488122034818
 119.985756147042025  338.472408400000006
 123.658538395939928  340.875393999999972
 127.405515767875343  343.965430900000001
 131.227430214078510  348.188361199999974
 135.125023685780207  352.964101500000027
 139.099038134210673  358.214480999999978
 143.150215510599764  364.614545899999996


# temperature  668.000000000000000
#    0.000032149339795   -0.017120714466524    3.436530029248506 -306.910223837039553 10600.448775560711510
 119.985756147042025  339.116259800000023
 123.658538395939928  341.521490200000017
 127.405515767875343  344.613172899999995
 131.227430214078510  348.837307800000019
 135.125023685780207  353.613909799999988
 139.099038134210673  358.864927599999987
 143.150215510599764  365.265496700000028


# temperature  670.000000000000000
#    0.000032143765628   -0.017117393494019    3.435786834756923 -306.836090036383553 10598.314342812434916
 119.985756147042025  339.758652900000016
 123.658538395939928  342.166113300000006
 127.405515767875343  345.259430399999985
 131.227430214078510  349.484761400000025
 135.125023685780207  354.262218500000017
 139.099038134210673  359.513869600000021
 143.150215510599764  365.914938600000028


# temperature  672.000000000000000
#    0.000032138224874   -0.017114092413098    3.435048092782631 -306.762401121618950 10596.195171934148675
 119.985756147042025  340.399593799999991
 123.658538395939928  342.809269299999983
 127.405515767875343  345.904209600000002
 131.227430214078510  350.130728099999999
 135.125023685780207  354.909033899999997
 139.099038134210673  360.161313300000018
 143.150215510599764  366.562878099999978


# temperature  674.000000000000000
#    0.000032132694416   -0.017110799009847    3.434311385270970 -306.688944478080941 10594.084262725185908
 119.985756147042025  341.039088199999981
 123.658538395939928  343.450964199999987
 127.405515767875343  346.547516599999994
 131.227430214078510  350.775214100000028
 135.125023685780207  355.554362200000014
 139.099038134210673  360.807265099999995
 143.150215510599764  367.209321499999987


# temperature  676.000000000000000
#    0.000032127216113   -0.017107535296294    3.433581046250992 -306.616098767982351 10591.994007492008677
 119.985756147042025  341.677142000000003
 123.658538395939928  344.091203899999982
 127.405515767875343  347.189357400000006
 131.227430214078510  351.418225600000028
 135.125023685780207  356.198209599999984
 139.099038134210673  361.451730999999995
 143.150215510599764  367.854274999999973


# temperature  678.000000000000000
#    0.000032121752696   -0.017104281767679    3.432853253493340 -306.543531554029812 10589.913583758772802
 119.985756147042025  342.313761000000000
 123.658538395939928  344.729994299999987
 127.405515767875343  347.829738000000020
 131.227430214078510  352.059768500000018
 135.125023685780207  356.840582299999994
 139.099038134210673  362.094717399999979
 143.150215510599764  368.497744899999987


# temperature  680.000000000000000
#    0.000032116318003   -0.017101045552417    3.432129380208949 -306.471360069819468 10587.846739176313349
 119.985756147042025  342.948950900000000
 123.658538395939928  345.367341300000021
 127.405515767875343  348.468664400000023
 131.227430214078510  352.699848999999972
 135.125023685780207  357.481486299999972
 139.099038134210673  362.736230400000011
 143.150215510599764  369.139737400000001


# temperature  682.000000000000000
#    0.000032110927179   -0.017097834711544    3.431411032641471 -306.399726306175126 10585.798177465314438
 119.985756147042025  343.582717500000001
 123.658538395939928  346.003250700000024
 127.405515767875343  349.106142499999976
 131.227430214078510  353.338473099999987
 135.125023685780207  358.120927800000004
 139.099038134210673  363.376276099999984
 143.150215510599764  369.780258699999990


# temperature  684.000000000000000
#    0.000032105553224   -0.017094634893497    3.430695353621405 -306.328377731066610 10583.759543338073854
 119.985756147042025  344.215066400000012
 123.658538395939928  346.637728400000015
 127.405515767875343  349.742178299999978
 131.227430214078510  353.975646700000027
 135.125023685780207  358.758912800000019
 139.099038134210673  364.014860600000020
 143.150215510599764  370.419314900000018


# temperature  686.000000000000000
#    0.000032100207166   -0.017091451997792    3.429983524613334 -306.257419332620998 10581.734335030057991
 119.985756147042025  344.846003399999972
 123.658538395939928  347.270780199999990
 127.405515767875343  350.376777500000003
 131.227430214078510  354.611375899999985
 135.125023685780207  359.395447199999978
 139.099038134210673  364.651990000000012
 143.150215510599764  371.056912099999977


# temperature  688.000000000000000
#    0.000032094888167   -0.017088285476813    3.429275415202011 -306.186837560285653 10579.722037914847533
 119.985756147042025  345.475533900000016
 123.658538395939928  347.902411700000016
 127.405515767875343  351.009946099999979
 131.227430214078510  355.245666400000005
 135.125023685780207  360.030537100000004
 139.099038134210673  365.287670199999980
 143.150215510599764  371.693056300000023


# temperature  690.000000000000000
#    0.000032089606275   -0.017085140716462    3.428572106775881 -306.116728796889731 10577.725874802665203
 119.985756147042025  346.103663799999993
 123.658538395939928  348.532628699999975
 127.405515767875343  351.641689900000017
 131.227430214078510  355.878524299999981
 135.125023685780207  360.664188400000000
 139.099038134210673  365.921907400000009
 143.150215510599764  372.327753700000017


# temperature  692.000000000000000
#    0.000032084355481   -0.017082014453329    3.427872934914485 -306.047032936945470 10575.743812948985578
 119.985756147042025  346.730398499999978
 123.658538395939928  349.161436900000012
 127.405515767875343  352.272014599999977
 131.227430214078510  356.509955300000001
 135.125023685780207  361.296406999999988
 139.099038134210673  366.554707300000018
 143.150215510599764  372.961010100000010


# temperature  694.000000000000000
#    0.000032079112712   -0.017078894501949    3.427175489408134 -305.977538346252857 10573.768896822870374
 119.985756147042025  347.355743500000017
 123.658538395939928  349.788841999999988
 127.405515767875343  352.900926000000027
 131.227430214078510  357.139965200000006
 135.125023685780207  361.927198799999985
 139.099038134210673  367.186076000000014
 143.150215510599764  373.592831600000011


# temperature  696.000000000000000
#    0.000032073898566   -0.017075791791969    3.426481941814830 -305.908436484196045 10571.807451891752862
 119.985756147042025  347.979704400000003
 123.658538395939928  350.414849500000003
 127.405515767875343  353.528429700000004
 131.227430214078510  357.768559799999991
 135.125023685780207  362.556569500000023
 139.099038134210673  367.816019299999994
 143.150215510599764  374.223224000000016


# temperature  698.000000000000000
#    0.000032068713504   -0.017072706460719    3.425792296692431 -305.839725611790300 10569.859350970573360
 119.985756147042025  348.602286600000014
 123.658538395939928  351.039465099999973
 127.405515767875343  354.154531500000019
 131.227430214078510  358.395744900000011
 135.125023685780207  363.184525099999973
 139.099038134210673  368.444543000000010
 143.150215510599764  374.852193199999988


# temperature  700.000000000000000
#    0.000032063563845   -0.017069641931957    3.425107248773345 -305.771468282031037 10567.926707535278183
 119.985756147042025  349.223495599999978
 123.658538395939928  351.662694199999976
 127.405515767875343  354.779236900000001
 131.227430214078510  359.021526199999983
 135.125023685780207  363.811071200000015
 139.099038134210673  369.071653000000026
 143.150215510599764  375.479745100000002


# temperature  702.000000000000000
#    0.000032058447110   -0.017066596751374    3.424426481198809 -305.703634046584909 10566.008437469743512
 119.985756147042025  349.843336899999997
 123.658538395939928  352.284542499999986
 127.405515767875343  355.402551700000004
 131.227430214078510  359.645909399999994
 135.125023685780207  364.436213599999974
 139.099038134210673  369.697355000000016
 143.150215510599764  376.105885499999999


# temperature  704.000000000000000
#    0.000032053342074   -0.017063559803210    3.423747813561095 -305.636033030147928 10564.098351741220540
 119.985756147042025  350.461815699999988
 123.658538395939928  352.905015400000025
 127.405515767875343  356.024481299999991
 131.227430214078510  360.268899999999974
 135.125023685780207  365.059957999999995
 139.099038134210673  370.321654799999976
 143.150215510599764  376.730620199999976


# temperature  706.000000000000000
#    0.000032048274624   -0.017060544700339    3.423073926026422 -305.568899386171381 10562.204114957048660
 119.985756147042025  351.078937600000017
 123.658538395939928  353.524118400000020
 127.405515767875343  356.645031399999993
 131.227430214078510  360.890503799999976
 135.125023685780207  365.682309999999973
 139.099038134210673  370.944558099999995
 143.150215510599764  377.353954900000019


# temperature  708.000000000000000
#    0.000032043215099   -0.017057535838270    3.422401743605024 -305.501964080442008 10560.316914119224748
 119.985756147042025  351.694707699999981
 123.658538395939928  354.141856899999993
 127.405515767875343  357.264207399999975
 131.227430214078510  361.510726200000022
 135.125023685780207  366.303275299999996
 139.099038134210673  371.566070599999989
 143.150215510599764  377.975895299999991


# temperature  710.000000000000000
#    0.000032038205357   -0.017054555229039    3.421735600327644 -305.435605775321335 10558.449141039194728
 119.985756147042025  352.309131400000012
 123.658538395939928  354.758236300000021
 127.405515767875343  357.882014799999979
 131.227430214078510  362.129572900000028
 135.125023685780207  366.922859599999981
 139.099038134210673  372.186197800000002
 143.150215510599764  378.596447099999978


# temperature  712.000000000000000
#    0.000032033203101   -0.017051580483132    3.421071058548024 -305.369434135574352 10556.587944662036534
 119.985756147042025  352.922213999999997
 123.658538395939928  355.373262099999977
 127.405515767875343  358.498459099999991
 131.227430214078510  362.747049399999980
 135.125023685780207  367.541068199999984
 139.099038134210673  372.804945499999974
 143.150215510599764  379.215616000000011


# temperature  714.000000000000000
#    0.000032028236142   -0.017048626269272    3.420411014205300 -305.303702763933302 10554.741641565338796
 119.985756147042025  353.533960600000000
 123.658538395939928  355.986939500000005
 127.405515767875343  359.113545699999975
 131.227430214078510  363.363161100000013
 135.125023685780207  368.157906900000000
 139.099038134210673  373.422319099999982
 143.150215510599764  379.833407599999987


# temperature  716.000000000000000
#    0.000032023305621   -0.017045693337320    3.419755645281646 -305.238429934662804 10552.910926069749621
 119.985756147042025  354.144376700000009
 123.658538395939928  356.599273799999992
 127.405515767875343  359.727280000000007
 131.227430214078510  363.977913500000000
 135.125023685780207  368.773381099999995
 139.099038134210673  374.038324299999999
 143.150215510599764  380.449827500000026


# temperature  718.000000000000000
#    0.000032018385476   -0.017042767820874    3.419102186837778 -305.173370740483847 10551.087672840300002
 119.985756147042025  354.753467199999989
 123.658538395939928  357.210270400000013
 127.405515767875343  360.339667399999996
 131.227430214078510  364.591312099999982
 135.125023685780207  369.387496300000009
 139.099038134210673  374.652966600000013
 143.150215510599764  381.064881099999980


# temperature  720.000000000000000
#    0.000032013485792   -0.017039854934822    3.418451649588174 -305.108612201654125 10549.274695249221622
 119.985756147042025  355.361237399999993
 123.658538395939928  357.819934600000011
 127.405515767875343  360.950713199999996
 131.227430214078510  365.203362200000015
 135.125023685780207  370.000257900000008
 139.099038134210673  375.266251399999987
 143.150215510599764  381.678574099999992


# temperature  722.000000000000000
#    0.000032008622806   -0.017036963452600    3.417805805958723 -305.044312983644545 10547.477308713057937
 119.985756147042025  355.967692399999976
 123.658538395939928  358.428271400000028
 127.405515767875343  361.560422700000004
 131.227430214078510  365.814069200000006
 135.125023685780207  370.611671399999977
 139.099038134210673  375.878184200000021
 143.150215510599764  382.290911800000003


# temperature  724.000000000000000
#    0.000032003796950   -0.017034093363356    3.417164607810510 -304.980464913077697 10545.695122872584761
 119.985756147042025  356.572837400000026
 123.658538395939928  359.035286199999973
 127.405515767875343  362.168801200000019
 131.227430214078510  366.423438499999975
 135.125023685780207  371.221742099999972
 139.099038134210673  376.488770400000021
 143.150215510599764  382.901899899999989


# temperature  726.000000000000000
#    0.000031998982558   -0.017031231209511    3.416525411113474 -304.916837287287763 10543.920599463421240
 119.985756147042025  357.176677299999994
 123.658538395939928  359.640984100000026
 127.405515767875343  362.775853900000016
 131.227430214078510  367.031475300000011
 135.125023685780207  371.830475299999989
 139.099038134210673  377.098015400000008
 143.150215510599764  383.511543599999982


# temperature  728.000000000000000
#    0.000031994188306   -0.017028381651339    3.415889153128774 -304.853513730227746 10542.156536034648525
 119.985756147042025  357.779217300000028
 123.658538395939928  360.245370299999990
 127.405515767875343  363.381586000000027
 131.227430214078510  367.638184899999999
 135.125023685780207  372.437876500000016
 139.099038134210673  377.705924600000003
 143.150215510599764  384.119848400000024


# temperature  730.000000000000000
#    0.000031989413748   -0.017025544302414    3.415255726299123 -304.790481951038259 10540.402436026428404
 119.985756147042025  358.380462299999976
 123.658538395939928  360.848449899999991
 127.405515767875343  363.986002799999994
 131.227430214078510  368.243572599999993
 135.125023685780207  373.043950900000027
 139.099038134210673  378.312503300000003
 143.150215510599764  384.726819599999999


# temperature  732.000000000000000
#    0.000031984679013   -0.017022729754549    3.414627218779231 -304.727924734238798 10538.664297985256781
 119.985756147042025  358.980417400000022
 123.658538395939928  361.450227900000016
 127.405515767875343  364.589109399999984
 131.227430214078510  368.847643600000026
 135.125023685780207  373.648703699999999
 139.099038134210673  378.917756800000006
 143.150215510599764  385.332462700000008


# temperature  734.000000000000000
#    0.000031979956358   -0.017019923453850    3.414000769396225 -304.665592239558293 10536.933950632050255
 119.985756147042025  359.579087500000014
 123.658538395939928  362.050709499999982
 127.405515767875343  365.190911000000028
 131.227430214078510  369.450403100000017
 135.125023685780207  374.252140300000008
 139.099038134210673  379.521690400000011
 143.150215510599764  385.936782800000003


# temperature  736.000000000000000
#    0.000031975280621   -0.017017143677688    3.413379969569321 -304.603797709631692 10535.221630938642193
 119.985756147042025  360.176477599999998
 123.658538395939928  362.649899600000026
 127.405515767875343  365.791412600000001
 131.227430214078510  370.051856299999997
 135.125023685780207  374.854265699999985
 139.099038134210673  380.124309200000027
 143.150215510599764  386.539785199999983


# temperature  738.000000000000000
#    0.000031970622695   -0.017014375216317    3.412761843404183 -304.542282746222952 10533.518941973305118
 119.985756147042025  360.772592700000018
 123.658538395939928  363.247803299999987
 127.405515767875343  366.390619300000026
 131.227430214078510  370.652008200000012
 135.125023685780207  375.455085300000007
 139.099038134210673  380.725618600000018
 143.150215510599764  387.141475300000025


# temperature  740.000000000000000
#    0.000031965984840   -0.017011619103393    3.412146562078161 -304.481059302514154 10531.826175514399438
 119.985756147042025  361.367437499999994
 123.658538395939928  363.844425500000000
 127.405515767875343  366.988536199999999
 131.227430214078510  371.250863999999979
 135.125023685780207  376.054603999999983
 139.099038134210673  381.325623699999994
 143.150215510599764  387.741858100000002


# temperature  742.000000000000000
#    0.000031961355022   -0.017008869060209    3.411532899435504 -304.420021127650330 10530.139888955913193
 119.985756147042025  361.961016900000004
 123.658538395939928  364.439771300000018
 127.405515767875343  367.585168199999998
 131.227430214078510  371.848428699999999
 135.125023685780207  376.652827199999990
 139.099038134210673  381.924329699999987
 143.150215510599764  388.340938999999992


# temperature  744.000000000000000
#    0.000031956773634   -0.017006146232161    3.410924999813525 -304.359528660601995 10528.471824427353567
 119.985756147042025  362.553335899999979
 123.658538395939928  365.033845499999984
 127.405515767875343  368.180520500000000
 131.227430214078510  372.444707499999993
 135.125023685780207  377.249759700000027
 139.099038134210673  382.521741599999984
 143.150215510599764  388.938722999999982


# temperature  746.000000000000000
#    0.000031952184149   -0.017003421026934    3.410317061041422 -304.299076869081091 10526.805520332469314
 119.985756147042025  363.144399099999987
 123.658538395939928  365.626653099999999
 127.405515767875343  368.774597900000003
 131.227430214078510  373.039705299999980
 135.125023685780207  377.845406799999978
 139.099038134210673  383.117864699999984
 143.150215510599764  389.535215199999982


# temperature  748.000000000000000
#    0.000031947644623   -0.017000723934201    3.409715079874141 -304.239189267687266 10525.158097467898187
 119.985756147042025  363.734211500000015
 123.658538395939928  366.218198799999982
 127.405515767875343  369.367405500000018
 131.227430214078510  373.633427100000006
 135.125023685780207  378.439773500000001
 139.099038134210673  383.712703900000008
 143.150215510599764  390.130420800000024


# temperature  750.000000000000000
#    0.000031943141791   -0.016998047732514    3.409117585088593 -304.179732902147180 10523.525063620849323
 119.985756147042025  364.322777700000017
 123.658538395939928  366.808487599999978
 127.405515767875343  369.958948099999986
 131.227430214078510  374.225878000000023
 135.125023685780207  379.032864599999982
 139.099038134210673  384.306264199999987
 143.150215510599764  390.724344900000006


# temperature  752.000000000000000
#    0.000031938633802   -0.016995370744253    3.408520372244805 -304.120345850822048 10521.894756345373025
 119.985756147042025  364.910102499999994
 123.658538395939928  367.397524400000009
 127.405515767875343  370.549230500000021
 131.227430214078510  374.817062799999974
 135.125023685780207  379.624685399999976
 139.099038134210673  384.898550800000010
 143.150215510599764  391.316992400000004


# temperature  754.000000000000000
#    0.000031934161716   -0.016992714327366    3.407927601737811 -304.061387808857546 10520.278826256915636
 119.985756147042025  365.496190700000000
 123.658538395939928  367.985313799999972
 127.405515767875343  371.138257800000019
 131.227430214078510  375.406986399999994
 135.125023685780207  380.215240600000016
 139.099038134210673  385.489568599999984
 143.150215510599764  391.908368499999995


# temperature  756.000000000000000
#    0.000031929721495   -0.016990076445143    3.407338887821367 -304.002826224668581 10518.676244478308945
 119.985756147042025  366.081046800000024
 123.658538395939928  368.571860599999980
 127.405515767875343  371.726034599999991
 131.227430214078510  375.995653800000014
 135.125023685780207  380.804535199999975
 139.099038134210673  386.079322499999989
 143.150215510599764  392.498477999999977


# temperature  758.000000000000000
#    0.000031925299209   -0.016987449772529    3.406752788199655 -303.944535071608868 10517.082892465849000
 119.985756147042025  366.664675699999975
 123.658538395939928  369.157169699999997
 127.405515767875343  372.312565899999981
 131.227430214078510  376.583069799999976
 135.125023685780207  381.392574200000013
 139.099038134210673  386.667817500000012
 143.150215510599764  393.087325899999996


# temperature  760.000000000000000
#    0.000031920879511   -0.016984826042628    3.406167635707973 -303.886365152386418 10515.493775284438016
 119.985756147042025  367.247081799999989
 123.658538395939928  369.741245800000002
 127.405515767875343  372.897856400000023
 131.227430214078510  377.169239199999993
 135.125023685780207  381.979362299999991
 139.099038134210673  387.255058500000018
 143.150215510599764  393.674917199999982


# temperature  762.000000000000000
#    0.000031916506265   -0.016982228564482    3.405588068142548 -303.828725939160222 10513.922432719597055
 119.985756147042025  367.828269900000009
 123.658538395939928  370.324093399999981
 127.405515767875343  373.481910900000003
 131.227430214078510  377.754166899999973
 135.125023685780207  382.564904500000011
 139.099038134210673  387.841050399999972
 143.150215510599764  394.261256800000012


# temperature  764.000000000000000
#    0.000031912137880   -0.016979635268434    3.405009699679479 -303.771230581555415 10512.356090901632342
 119.985756147042025  368.408244500000023
 123.658538395939928  370.905717400000015
 127.405515767875343  374.064734100000010
 131.227430214078510  378.337857600000007
 135.125023685780207  383.149205499999994
 139.099038134210673  388.425797999999986
 143.150215510599764  394.846349499999974


# temperature  766.000000000000000
#    0.000031907805858   -0.016977062817732    3.404435830532757 -303.714169114564868 10510.804297263277476
 119.985756147042025  368.987010199999986
 123.658538395939928  371.486122299999977
 127.405515767875343  374.646330700000021
 131.227430214078510  378.920316099999980
 135.125023685780207  383.732270200000016
 139.099038134210673  389.009306100000003
 143.150215510599764  395.430200200000002


# temperature  768.000000000000000
#    0.000031903498508   -0.016974505108276    3.403865266807836 -303.657437842165393 10509.263681538135643
 119.985756147042025  369.564571600000022
 123.658538395939928  372.065312800000015
 127.405515767875343  375.226705400000014
 131.227430214078510  379.501547200000005
 135.125023685780207  384.314103400000022
 139.099038134210673  389.591579599999989
 143.150215510599764  396.012813699999981


# temperature  770.000000000000000
#    0.000031899204605   -0.016971956044603    3.403296770372174 -303.600925257230529 10507.730491047141186
 119.985756147042025  370.140933099999984
 123.658538395939928  372.643293500000027
 127.405515767875343  375.805862800000000
 131.227430214078510  380.081555400000013
 135.125023685780207  384.894709700000021
 139.099038134210673  390.172623100000010
 143.150215510599764  396.594194800000025


# temperature  772.000000000000000
#    0.000031894947131   -0.016969427805123    3.402732756623294 -303.544843857081389 10506.211726885201642
 119.985756147042025  370.716099299999996
 123.658538395939928  373.220068900000001
 127.405515767875343  376.383807699999977
 131.227430214078510  380.660345600000028
 135.125023685780207  385.474093900000014
 139.099038134210673  390.752441499999975
 143.150215510599764  397.174348300000020


# temperature  774.000000000000000
#    0.000031890705026   -0.016966909269966    3.402171027604179 -303.489000886255099 10504.701065219360316
 119.985756147042025  371.290074699999991
 123.658538395939928  373.795643700000028
 127.405515767875343  376.960544500000026
 131.227430214078510  381.237922400000002
 135.125023685780207  386.052260600000011
 139.099038134210673  391.331039499999974
 143.150215510599764  397.753279000000020


# temperature  776.000000000000000
#    0.000031886465604   -0.016964393802514    3.401610281139957 -303.433282737146840 10503.194791643300050
 119.985756147042025  371.862863600000026
 123.658538395939928  374.370022300000016
 127.405515767875343  377.536077999999975
 131.227430214078510  381.814290299999982
 135.125023685780207  386.629214600000012
 139.099038134210673  391.908421799999985
 143.150215510599764  398.330991400000016


# temperature  778.000000000000000
#    0.000031882281642   -0.016961909167313    3.401055988122740 -303.378167954112087 10501.708588451698233
 119.985756147042025  372.434470599999997
 123.658538395939928  374.943209200000013
 127.405515767875343  378.110412600000018
 131.227430214078510  382.389454100000023
 135.125023685780207  387.204960599999993
 139.099038134210673  392.484593000000018
 143.150215510599764  398.907490499999994


# temperature  780.000000000000000
#    0.000031878099812   -0.016959427214043    3.400502582511651 -303.323167975238789 10500.226397614433154
 119.985756147042025  373.004900000000021
 123.658538395939928  375.515209000000027
 127.405515767875343  378.683552899999995
 131.227430214078510  382.963418300000001
 135.125023685780207  387.779502999999977
 139.099038134210673  393.059557799999993
 143.150215510599764  399.482780699999978


# temperature  782.000000000000000
#    0.000031873947063   -0.016956962116090    3.399952855969192 -303.268526831265831 10498.756210984362042
 119.985756147042025  373.574156200000004
 123.658538395939928  376.086026000000004
 127.405515767875343  379.255503499999975
 131.227430214078510  383.536187400000017
 135.125023685780207  388.352846499999998
 139.099038134210673  393.633320799999979
 143.150215510599764  400.056866800000023


# temperature  784.000000000000000
#    0.000031869803673   -0.016954503647561    3.399404823676921 -303.214073596018522 10497.292522449351964
 119.985756147042025  374.142243699999995
 123.658538395939928  376.655664800000011
 127.405515767875343  379.826268700000014
 131.227430214078510  384.107766000000026
 135.125023685780207  388.924995700000011
 139.099038134210673  394.205886700000008
 143.150215510599764  400.629753400000027


# temperature  786.000000000000000
#    0.000031865706814   -0.016952071106668    3.398862234527064 -303.160131226350586 10495.845746124301513
 119.985756147042025  374.709166600000003
 123.658538395939928  377.224129699999992
 127.405515767875343  380.395853100000011
 131.227430214078510  384.678158699999983
 135.125023685780207  389.495955100000003
 139.099038134210673  394.777259800000024
 143.150215510599764  401.201444999999978


# temperature  788.000000000000000
#    0.000031861609647   -0.016949640010327    3.398320297704544 -303.106283777341616 10494.402366533267923
 119.985756147042025  375.274929400000019
 123.658538395939928  377.791425100000026
 127.405515767875343  380.964261200000010
 131.227430214078510  385.247369800000001
 135.125023685780207  390.065729200000021
 139.099038134210673  395.347444999999993
 143.150215510599764  401.771946300000025


# temperature  790.000000000000000
#    0.000031857528258   -0.016947218715198    3.397780637420218 -303.052671209262655 10492.966899521821688
 119.985756147042025  375.839536300000020
 123.658538395939928  378.357555499999989
 127.405515767875343  381.531497300000012
 131.227430214078510  385.815403800000013
 135.125023685780207  390.634322600000019
 139.099038134210673  395.916446500000006
 143.150215510599764  402.341261700000018


# temperature  792.000000000000000
#    0.000031853492305   -0.016944823014266    3.397246402601028 -302.999572140884936 10491.548579220219835
 119.985756147042025  376.402991699999973
 123.658538395939928  378.922525000000007
 127.405515767875343  382.097565799999984
 131.227430214078510  386.382265299999972
 135.125023685780207  391.201739700000019
 139.099038134210673  396.484268999999983
 143.150215510599764  402.909395800000027


# temperature  794.000000000000000
#    0.000031849459255   -0.016942430291924    3.396713089736617 -302.946588514851953 10490.134233436936483
 119.985756147042025  376.965299700000003
 123.658538395939928  379.486338199999977
 127.405515767875343  382.662471100000005
 131.227430214078510  386.947958599999993
 135.125023685780207  391.767985000000010
 139.099038134210673  397.050916900000004
 143.150215510599764  403.476353099999983


# temperature  796.000000000000000
#    0.000031845449506   -0.016940051324762    3.396182831287462 -302.893907617588241 10488.730025924265647
 119.985756147042025  377.526464599999997
 123.658538395939928  380.048999200000026
 127.405515767875343  383.226217599999984
 131.227430214078510  387.512488099999985
 135.125023685780207  392.333062799999993
 139.099038134210673  397.616394700000001
 143.150215510599764  404.042138099999988


# temperature  798.000000000000000
#    0.000031841467802   -0.016937688607026    3.395656117568559 -302.841572176425132 10487.337353414535755
 119.985756147042025  378.086490599999991
 123.658538395939928  380.610512299999982
 127.405515767875343  383.788809599999979
 131.227430214078510  388.075858100000005
 135.125023685780207  392.896977600000014
 139.099038134210673  398.180706699999973
 143.150215510599764  404.606755200000009


