# Temperature: 0.000000
# Parameters: -93.066511 0.501511 4.696360 124.626460
 119.985756147042025       -93.019858445978258
 123.658538395939928       -93.064850250380815
 127.405515767875343       -93.051431614906392
 131.227430214078510       -92.986916556550526
 135.125023685780207       -92.876423839584660
 139.099038134210673       -92.724454674581921
 143.150215510599764       -92.535761508009372


# Temperature: 2.000000
# Parameters: -93.066511 0.501507 4.696240 124.626456
 119.985756147042025       -93.019859001502780
 123.658538395939928       -93.064850250380815
 127.405515767875343       -93.051431614906392
 131.227430214078510       -92.986917146277108
 135.125023685780207       -92.876424103873376
 139.099038134210673       -92.724455213523612
 143.150215510599764       -92.535761797172327


# Temperature: 4.000000
# Parameters: -93.066512 0.501504 4.696103 124.626450
 119.985756147042025       -93.019859628540715
 123.658538395939928       -93.064850256599371
 127.405515767875343       -93.051431623197800
 131.227430214078510       -92.986917808553542
 135.125023685780207       -92.876424409619133
 139.099038134210673       -92.724455827088008
 143.150215510599764       -92.535762134010881


# Temperature: 6.000000
# Parameters: -93.066512 0.501500 4.695960 124.626445
 119.985756147042025       -93.019860343674893
 123.658538395939928       -93.064850311529966
 127.405515767875343       -93.051431682274099
 131.227430214078510       -92.986918552707650
 135.125023685780207       -92.876424792060462
 139.099038134210673       -92.724456540149333
 143.150215510599764       -92.535762574492082


# Temperature: 8.000000
# Parameters: -93.066512 0.501495 4.695800 124.626435
 119.985756147042025       -93.019861373882662
 123.658538395939928       -93.064850514669530
 127.405515767875343       -93.051431888522941
 131.227430214078510       -92.986919472017803
 135.125023685780207       -92.876425357949245
 139.099038134210673       -92.724457473969466
 143.150215510599764       -92.535763268897725


# Temperature: 10.000000
# Parameters: -93.066513 0.501489 4.695594 124.626413
 119.985756147042025       -93.019863263287888
 123.658538395939928       -93.064851078485461
 127.405515767875343       -93.051432408808964
 131.227430214078510       -92.986920726093672
 135.125023685780207       -92.876426280368676
 139.099038134210673       -92.724458821323694
 143.150215510599764       -92.535764445241625


# Temperature: 12.000000
# Parameters: -93.066514 0.501479 4.695295 124.626362
 119.985756147042025       -93.019866894925769
 123.658538395939928       -93.064852410293298
 127.405515767875343       -93.051433525040125
 131.227430214078510       -92.986922568859711
 135.125023685780207       -92.876427815316092
 139.099038134210673       -92.724460864120019
 143.150215510599764       -92.535766431034489


# Temperature: 14.000000
# Parameters: -93.066517 0.501464 4.694873 124.626265
 119.985756147042025       -93.019873435812386
 123.658538395939928       -93.064855172369491
 127.405515767875343       -93.051435694280457
 131.227430214078510       -92.986925394157907
 135.125023685780207       -92.876430344196351
 139.099038134210673       -92.724464009673952
 143.150215510599764       -92.535769690595316


# Temperature: 16.000000
# Parameters: -93.066522 0.501443 4.694307 124.626101
 119.985756147042025       -93.019884277868314
 123.658538395939928       -93.064860304752727
 127.405515767875343       -93.051439599534902
 131.227430214078510       -92.986929786532727
 135.125023685780207       -92.876434424606842
 139.099038134210673       -92.724468837347828
 143.150215510599764       -92.535774868581299


# Temperature: 18.000000
# Parameters: -93.066530 0.501414 4.693578 124.625853
 119.985756147042025       -93.019900969514495
 123.658538395939928       -93.064868999333271
 127.405515767875343       -93.051446167368596
 131.227430214078510       -92.986936560615277
 135.125023685780207       -92.876440830758042
 139.099038134210673       -92.724476137934957
 143.150215510599764       -92.535782839736271


# Temperature: 20.000000
# Parameters: -93.066543 0.501378 4.692712 124.625505
 119.985756147042025       -93.019925166960206
 123.658538395939928       -93.064882659432413
 127.405515767875343       -93.051456561688340
 131.227430214078510       -92.986946762159718
 135.125023685780207       -92.876450570056335
 139.099038134210673       -92.724486937497403
 143.150215510599764       -92.535794732728505


# Temperature: 22.000000
# Parameters: -93.066562 0.501334 4.691706 124.625048
 119.985756147042025       -93.019958580308924
 123.658538395939928       -93.064902850053898
 127.405515767875343       -93.051472147467621
 131.227430214078510       -92.986961660788324
 135.125023685780207       -92.876464884140503
 139.099038134210673       -92.724502499438870
 143.150215510599764       -92.535811931187155


# Temperature: 24.000000
# Parameters: -93.066589 0.501283 4.690594 124.624474
 119.985756147042025       -93.020002933137633
 123.658538395939928       -93.064931235698452
 127.405515767875343       -93.051494454471694
 131.227430214078510       -92.986982712680103
 135.125023685780207       -92.876485217788826
 139.099038134210673       -92.724524302739738
 143.150215510599764       -92.535836057119454


# Temperature: 26.000000
# Parameters: -93.066625 0.501224 4.689398 124.623779
 119.985756147042025       -93.020059932440532
 123.658538395939928       -93.064969538906624
 127.405515767875343       -93.051525119217757
 131.227430214078510       -92.987011517040898
 135.125023685780207       -92.876513181607848
 139.099038134210673       -92.724554011900722
 143.150215510599764       -92.535868933599318


# Temperature: 28.000000
# Parameters: -93.066673 0.501158 4.688145 124.622965
 119.985756147042025       -93.020131238572588
 123.658538395939928       -93.065019497765405
 127.405515767875343       -93.051565848699994
 131.227430214078510       -92.987049775682749
 135.125023685780207       -92.876550514720975
 139.099038134210673       -92.724593430303642
 143.150215510599764       -92.535912541237494


# Temperature: 30.000000
# Parameters: -93.066733 0.501086 4.686858 124.622033
 119.985756147042025       -93.020218450739662
 123.658538395939928       -93.065082827560374
 127.405515767875343       -93.051618377896091
 131.227430214078510       -92.987099246384716
 135.125023685780207       -92.876599031910715
 139.099038134210673       -92.724644463936528
 143.150215510599764       -92.535968967396627


# Temperature: 32.000000
# Parameters: -93.066808 0.501008 4.685565 124.620991
 119.985756147042025       -93.020323090415616
 123.658538395939928       -93.065161202120066
 127.405515767875343       -93.051684434528752
 131.227430214078510       -92.987161708690834
 135.125023685780207       -92.876660594598775
 139.099038134210673       -92.724709073718032
 143.150215510599764       -92.536040362661353


# Temperature: 34.000000
# Parameters: -93.066899 0.500924 4.684287 124.619844
 119.985756147042025       -93.020446595123772
 123.658538395939928       -93.065256232050999
 127.405515767875343       -93.051765712118609
 131.227430214078510       -92.987238935926570
 135.125023685780207       -92.876737067316142
 139.099038134210673       -92.724789241295284
 143.150215510599764       -92.536128893162726


# Temperature: 36.000000
# Parameters: -93.067008 0.500835 4.683041 124.618601
 119.985756147042025       -93.020590312218374
 123.658538395939928       -93.065369450227749
 127.405515767875343       -93.051863857547133
 131.227430214078510       -92.987332664106034
 135.125023685780207       -92.876830299047384
 139.099038134210673       -92.724886941060475
 143.150215510599764       -92.536236709485408


# Temperature: 38.000000
# Parameters: -93.067136 0.500740 4.681846 124.617271
 119.985756147042025       -93.020755497848143
 123.658538395939928       -93.065502308683605
 127.405515767875343       -93.051980448255179
 131.227430214078510       -92.987444580531303
 135.125023685780207       -92.876942093174350
 139.099038134210673       -92.725004103875861
 143.150215510599764       -92.536365909356292


# Temperature: 40.000000
# Parameters: -93.067285 0.500640 4.680709 124.615866
 119.985756147042025       -93.020943320065570
 123.658538395939928       -93.065656170319215
 127.405515767875343       -93.052116987060970
 131.227430214078510       -92.987576306173167
 135.125023685780207       -92.877074195038972
 139.099038134210673       -92.725142604636702
 143.150215510599764       -92.536518515879592


# Temperature: 42.000000
# Parameters: -93.067456 0.500536 4.679640 124.614394
 119.985756147042025       -93.021154855717597
 123.658538395939928       -93.065832312011807
 127.405515767875343       -93.052274898014275
 131.227430214078510       -92.987729390489022
 135.125023685780207       -92.877228276396963
 139.099038134210673       -92.725304243615554
 143.150215510599764       -92.536696463026871


# Temperature: 44.000000
# Parameters: -93.067650 0.500426 4.678642 124.612868
 119.985756147042025       -93.021391099773538
 123.658538395939928       -93.066031920469541
 127.405515767875343       -93.052455521214355
 131.227430214078510       -92.987905298985680
 135.125023685780207       -92.877405928162730
 139.099038134210673       -92.725490729879425
 143.150215510599764       -92.536901572835617


# Temperature: 46.000000
# Parameters: -93.067869 0.500313 4.677726 124.611297
 119.985756147042025       -93.021652966361415
 123.658538395939928       -93.066256099486480
 127.405515767875343       -93.052660113846343
 131.227430214078510       -92.988105415292324
 135.125023685780207       -92.877608651081616
 139.099038134210673       -92.725703678180551
 143.150215510599764       -92.537135554372853


# Temperature: 48.000000
# Parameters: -93.068113 0.500194 4.676883 124.609692
 119.985756147042025       -93.021941294986547
 123.658538395939928       -93.066505869942560
 127.405515767875343       -93.052889848108464
 131.227430214078510       -92.988331037014731
 135.125023685780207       -92.877837857802717
 139.099038134210673       -92.725944600664988
 143.150215510599764       -92.537399996480175


# Temperature: 50.000000
# Parameters: -93.068383 0.500071 4.676126 124.608064
 119.985756147042025       -93.022256854677295
 123.658538395939928       -93.066782177058599
 127.405515767875343       -93.053145816394036
 131.227430214078510       -92.988583374698848
 135.125023685780207       -92.878094862514629
 139.099038134210673       -92.726214905836102
 143.150215510599764       -92.537696363627987


# Temperature: 52.000000
# Parameters: -93.068681 0.499943 4.675441 124.606421
 119.985756147042025       -93.022600347094269
 123.658538395939928       -93.067085889359873
 127.405515767875343       -93.053429031291614
 131.227430214078510       -92.988863557012962
 135.125023685780207       -92.878380891309718
 139.099038134210673       -92.726515894408962
 143.150215510599764       -92.538025997988399


# Temperature: 54.000000
# Parameters: -93.069007 0.499811 4.674831 124.604774
 119.985756147042025       -93.022972414821822
 123.658538395939928       -93.067417808003938
 127.405515767875343       -93.053740428694184
 131.227430214078510       -92.989172624529118
 135.125023685780207       -92.878697070783417
 139.099038134210673       -92.726848762419550
 143.150215510599764       -92.538390118398794


# Temperature: 56.000000
# Parameters: -93.069361 0.499675 4.674289 124.603131
 119.985756147042025       -93.023373644477246
 123.658538395939928       -93.067778665744214
 127.405515767875343       -93.054080871944890
 131.227430214078510       -92.989511540087392
 135.125023685780207       -92.879044441507759
 139.099038134210673       -92.727214605370506
 143.150215510599764       -92.538789829689634


# Temperature: 58.000000
# Parameters: -93.069746 0.499534 4.673815 124.601501
 119.985756147042025       -93.023804568783689
 123.658538395939928       -93.068169135221396
 127.405515767875343       -93.054451153909852
 131.227430214078510       -92.989881187759451
 135.125023685780207       -92.879423952849265
 139.099038134210673       -92.727614415121849
 143.150215510599764       -92.539226122684511


# Temperature: 60.000000
# Parameters: -93.070160 0.499389 4.673401 124.599891
 119.985756147042025       -93.024265672788673
 123.658538395939928       -93.068589831036306
 127.405515767875343       -93.054852000087536
 131.227430214078510       -92.990282372848540
 135.125023685780207       -92.879836470223950
 139.099038134210673       -92.728049089218786
 143.150215510599764       -92.539699880418652


# Temperature: 62.000000
# Parameters: -93.070606 0.499239 4.673042 124.598309
 119.985756147042025       -93.024757394900533
 123.658538395939928       -93.069041311822730
 127.405515767875343       -93.055284073790787
 131.227430214078510       -92.990715833290224
 135.125023685780207       -92.880282776133669
 139.099038134210673       -92.728519435037427
 143.150215510599764       -92.540211883321092


# Temperature: 64.000000
# Parameters: -93.071083 0.499086 4.672738 124.596760
 119.985756147042025       -93.025280132070563
 123.658538395939928       -93.069524086466018
 127.405515767875343       -93.055747977183302
 131.227430214078510       -92.991182234470230
 135.125023685780207       -92.880763576384780
 139.099038134210673       -92.729026167711936
 143.150215510599764       -92.540762818542504


# Temperature: 66.000000
# Parameters: -93.071591 0.498928 4.672482 124.595251
 119.985756147042025       -93.025834244975130
 123.658538395939928       -93.070038614103026
 127.405515767875343       -93.056244256461781
 131.227430214078510       -92.991682177515798
 135.125023685780207       -92.881279500088056
 139.099038134210673       -92.729569925680963
 143.150215510599764       -92.541353282028027


# Temperature: 68.000000
# Parameters: -93.072132 0.498766 4.672268 124.593787
 119.985756147042025       -93.026420053869970
 123.658538395939928       -93.070585309304292
 127.405515767875343       -93.056773402892276
 131.227430214078510       -92.992216201368649
 135.125023685780207       -92.881831108986589
 139.099038134210673       -92.730151266541853
 143.150215510599764       -92.541983787845126


# Temperature: 70.000000
# Parameters: -93.072706 0.498601 4.672093 124.592373
 119.985756147042025       -93.027037846881598
 123.658538395939928       -93.071164543110427
 127.405515767875343       -93.057335855919590
 131.227430214078510       -92.992784787967025
 135.125023685780207       -92.882418897455736
 139.099038134210673       -92.730770675342143
 143.150215510599764       -92.542654771292845


# Temperature: 72.000000
# Parameters: -93.073313 0.498431 4.671955 124.591014
 119.985756147042025       -93.027687878970895
 123.658538395939928       -93.071776647177899
 127.405515767875343       -93.057932009385709
 131.227430214078510       -92.993388360172872
 135.125023685780207       -92.883043300794554
 139.099038134210673       -92.731428571834499
 143.150215510599764       -92.543366597193284


# Temperature: 74.000000
# Parameters: -93.073953 0.498259 4.671848 124.589712
 119.985756147042025       -93.028370379188104
 123.658538395939928       -93.072421916888175
 127.405515767875343       -93.058562211529875
 131.227430214078510       -92.994027294208948
 135.125023685780207       -92.883704693152950
 139.099038134210673       -92.732125311513158
 143.150215510599764       -92.544119565073643


# Temperature: 76.000000
# Parameters: -93.074627 0.498082 4.671768 124.588472
 119.985756147042025       -93.029085543417764
 123.658538395939928       -93.073100611347854
 127.405515767875343       -93.059226767061460
 131.227430214078510       -92.994701913440281
 135.125023685780207       -92.884403395823085
 139.099038134210673       -92.732861190796058
 143.150215510599764       -92.544913913311973


# Temperature: 78.000000
# Parameters: -93.075334 0.497902 4.671712 124.587295
 119.985756147042025       -93.029833544743113
 123.658538395939928       -93.073812954425037
 127.405515767875343       -93.059925941305593
 131.227430214078510       -92.995412497701963
 135.125023685780207       -92.885139681385112
 139.099038134210673       -92.733636454279790
 143.150215510599764       -92.545749825355742


# Temperature: 80.000000
# Parameters: -93.076076 0.497719 4.671685 124.586186
 119.985756147042025       -93.030614532409516
 123.658538395939928       -93.074559144077142
 127.405515767875343       -93.060659963312489
 131.227430214078510       -92.996159286408485
 135.125023685780207       -92.885913774743514
 139.099038134210673       -92.734451296812537
 143.150215510599764       -92.546627434903954


# Temperature: 82.000000
# Parameters: -93.076852 0.497533 4.671672 124.585145
 119.985756147042025       -93.031428630788156
 123.658538395939928       -93.075339343023103
 127.405515767875343       -93.061429026893876
 131.227430214078510       -92.996942476480854
 135.125023685780207       -92.886725858309333
 139.099038134210673       -92.735305865566815
 143.150215510599764       -92.547546827979971


# Temperature: 84.000000
# Parameters: -93.077662 0.497344 4.671679 124.584174
 119.985756147042025       -93.032275944558066
 123.658538395939928       -93.076153693253332
 127.405515767875343       -93.062233293732262
 131.227430214078510       -92.997762229601591
 135.125023685780207       -92.887576075109422
 139.099038134210673       -92.736200269367401
 143.150215510599764       -92.548508052259436


# Temperature: 86.000000
# Parameters: -93.078507 0.497151 4.671700 124.583275
 119.985756147042025       -93.033156555596946
 123.658538395939928       -93.077002305665459
 127.405515767875343       -93.063072895453786
 131.227430214078510       -92.998618674287542
 135.125023685780207       -92.888464530859267
 139.099038134210673       -92.737134576618431
 143.150215510599764       -92.549511113960889


# Temperature: 88.000000
# Parameters: -93.079386 0.496956 4.671736 124.582449
 119.985756147042025       -93.034070531272505
 123.658538395939928       -93.077885273537831
 127.405515767875343       -93.063947936737534
 131.227430214078510       -92.999511906926372
 135.125023685780207       -92.889391298108677
 139.099038134210673       -92.738108821521976
 143.150215510599764       -92.550555987173666


# Temperature: 90.000000
# Parameters: -93.080301 0.496759 4.671784 124.581696
 119.985756147042025       -93.035017918223915
 123.658538395939928       -93.078802662165316
 127.405515767875343       -93.064858493242596
 131.227430214078510       -93.000441995922202
 135.125023685780207       -92.890356418314752
 139.099038134210673       -92.739123007187317
 143.150215510599764       -92.551642615930760


# Temperature: 92.000000
# Parameters: -93.081249 0.496558 4.671844 124.581018
 119.985756147042025       -93.035998746507559
 123.658538395939928       -93.079754520259954
 127.405515767875343       -93.065804619899581
 131.227430214078510       -93.001408981695675
 135.125023685780207       -92.891359907023855
 139.099038134210673       -92.740177108740212
 143.150215510599764       -92.552770914208779


# Temperature: 94.000000
# Parameters: -93.082233 0.496356 4.671915 124.580414
 119.985756147042025       -93.037013033742682
 123.658538395939928       -93.080740875805262
 127.405515767875343       -93.066786347801298
 131.227430214078510       -93.002412880829610
 135.125023685780207       -92.892401750762446
 139.099038134210673       -92.741271074359361
 143.150215510599764       -92.553940774219384


# Temperature: 96.000000
# Parameters: -93.083251 0.496151 4.671994 124.579885
 119.985756147042025       -93.038060780965708
 123.658538395939928       -93.081761741238353
 127.405515767875343       -93.067803687311979
 131.227430214078510       -93.003453689178301
 135.125023685780207       -92.893481915328465
 139.099038134210673       -92.742404828385617
 143.150215510599764       -92.555152064336426


# Temperature: 98.000000
# Parameters: -93.084304 0.495944 4.672080 124.579431
 119.985756147042025       -93.039141976775937
 123.658538395939928       -93.082817110340656
 127.405515767875343       -93.068856632213084
 131.227430214078510       -93.004531380831068
 135.125023685780207       -92.894600343718466
 139.099038134210673       -92.743578274431357
 143.150215510599764       -92.556404632205243


# Temperature: 100.000000
# Parameters: -93.085392 0.495734 4.672175 124.579051
 119.985756147042025       -93.040256597335571
 123.658538395939928       -93.083906963420091
 127.405515767875343       -93.069945154521093
 131.227430214078510       -93.005645910185194
 135.125023685780207       -92.895756960273317
 139.099038134210673       -92.744791298489659
 143.150215510599764       -92.557698311997598


# Temperature: 102.000000
# Parameters: -93.086515 0.495523 4.672270 124.578746
 119.985756147042025       -93.041404606369682
 123.658538395939928       -93.085031265238143
 127.405515767875343       -93.071069215888244
 131.227430214078510       -93.006797215055059
 135.125023685780207       -92.896951673787513
 139.099038134210673       -92.746043767897973
 143.150215510599764       -92.559032918193211


# Temperature: 104.000000
# Parameters: -93.087672 0.495310 4.672375 124.578514
 119.985756147042025       -93.042585960348376
 123.658538395939928       -93.086189970192081
 127.405515767875343       -93.072228759311074
 131.227430214078510       -93.007985219781574
 135.125023685780207       -92.898184374399847
 139.099038134210673       -92.747335536520168
 143.150215510599764       -92.560408253871060


# Temperature: 106.000000
# Parameters: -93.088864 0.495095 4.672488 124.578356
 119.985756147042025       -93.043800602268192
 123.658538395939928       -93.087383019205561
 127.405515767875343       -93.073423715349037
 131.227430214078510       -93.009209832122764
 135.125023685780207       -92.899454939812031
 139.099038134210673       -92.748666442673752
 143.150215510599764       -92.561824109673012


# Temperature: 108.000000
# Parameters: -93.090090 0.494878 4.672601 124.578270
 119.985756147042025       -93.045048468907140
 123.658538395939928       -93.088610341801640
 127.405515767875343       -93.074654004197285
 131.227430214078510       -93.010470948436009
 135.125023685780207       -92.900763235288608
 139.099038134210673       -92.750036315348368
 143.150215510599764       -92.563280265876699


# Temperature: 110.000000
# Parameters: -93.091351 0.494660 4.672721 124.578256
 119.985756147042025       -93.046329485642502
 123.658538395939928       -93.089871859211883
 127.405515767875343       -93.075919532577444
 131.227430214078510       -93.011768453677988
 135.125023685780207       -92.902109114693502
 139.099038134210673       -92.751444971096547
 143.150215510599764       -92.564776496541185


# Temperature: 112.000000
# Parameters: -93.092646 0.494440 4.672841 124.578313
 119.985756147042025       -93.047643572669472
 123.658538395939928       -93.091167484376484
 127.405515767875343       -93.077220198919761
 131.227430214078510       -93.013102222441120
 135.125023685780207       -92.903492420489883
 139.099038134210673       -92.752892219215866
 143.150215510599764       -92.566312562251966


# Temperature: 114.000000
# Parameters: -93.093975 0.494219 4.672967 124.578440
 119.985756147042025       -93.048990643964643
 123.658538395939928       -93.092497117798516
 127.405515767875343       -93.078555892326591
 131.227430214078510       -93.014472118953535
 135.125023685780207       -92.904912989958831
 139.099038134210673       -92.754377858639600
 143.150215510599764       -92.567888224631005


# Temperature: 116.000000
# Parameters: -93.095338 0.493996 4.673099 124.578636
 119.985756147042025       -93.050370604176806
 123.658538395939928       -93.093860658944635
 127.405515767875343       -93.079926493608923
 131.227430214078510       -93.015878002261275
 135.125023685780207       -92.906370648980712
 139.099038134210673       -92.755901683118907
 143.150215510599764       -92.569503232863113


# Temperature: 118.000000
# Parameters: -93.096736 0.493772 4.673228 124.578901
 119.985756147042025       -93.051783354845455
 123.658538395939928       -93.095257993807934
 127.405515767875343       -93.081331875286310
 131.227430214078510       -93.017319721046064
 135.125023685780207       -92.907865218253761
 139.099038134210673       -92.757463480186388
 143.150215510599764       -92.571157336133112


# Temperature: 120.000000
# Parameters: -93.098167 0.493547 4.673366 124.579234
 119.985756147042025       -93.053228790255105
 123.658538395939928       -93.096689008381503
 127.405515767875343       -93.082771905732614
 131.227430214078510       -93.018797118807555
 135.125023685780207       -92.909396512257686
 139.099038134210673       -92.759063033228941
 143.150215510599764       -92.572850279480150


# Temperature: 122.000000
# Parameters: -93.099632 0.493321 4.673506 124.579632
 119.985756147042025       -93.054706800544565
 123.658538395939928       -93.098153578294216
 127.405515767875343       -93.084246446066686
 131.227430214078510       -93.020310032826799
 135.125023685780207       -92.910964340290036
 139.099038134210673       -92.760700119414906
 143.150215510599764       -92.574581804834040


# Temperature: 124.000000
# Parameters: -93.101131 0.493094 4.673649 124.580096
 119.985756147042025       -93.056217272743353
 123.658538395939928       -93.099651578138449
 127.405515767875343       -93.085755351188851
 131.227430214078510       -93.021858297275585
 135.125023685780207       -92.912568508539067
 139.099038134210673       -92.762374514876186
 143.150215510599764       -92.576351651015358


# Temperature: 126.000000
# Parameters: -93.102664 0.492865 4.673788 124.580625
 119.985756147042025       -93.057760088698885
 123.658538395939928       -93.101182875251652
 127.405515767875343       -93.087298472890140
 131.227430214078510       -93.023441739070719
 135.125023685780207       -92.914208818010948
 139.099038134210673       -92.764085990562563
 143.150215510599764       -92.578159555808242


# Temperature: 128.000000
# Parameters: -93.104229 0.492636 4.673943 124.581216
 119.985756147042025       -93.059335127149254
 123.658538395939928       -93.102747334898396
 127.405515767875343       -93.088875659852320
 131.227430214078510       -93.025060184092567
 135.125023685780207       -92.915885067638953
 139.099038134210673       -92.765834317423824
 143.150215510599764       -92.580005258033253


# Temperature: 130.000000
# Parameters: -93.105828 0.492405 4.674088 124.581870
 119.985756147042025       -93.060942262686908
 123.658538395939928       -93.104344818197561
 127.405515767875343       -93.090486755575000
 131.227430214078510       -93.026713454075789
 135.125023685780207       -92.917597053247093
 139.099038134210673       -92.767619264336886
 143.150215510599764       -92.581888493401664


# Temperature: 132.000000
# Parameters: -93.107461 0.492174 4.674243 124.582585
 119.985756147042025       -93.062581369904223
 123.658538395939928       -93.105975183158719
 127.405515767875343       -93.092131600448539
 131.227430214078510       -93.028401368682225
 135.125023685780207       -92.919344568586524
 139.099038134210673       -92.769440598105831
 143.150215510599764       -92.583808999697624


# Temperature: 134.000000
# Parameters: -93.109126 0.491942 4.674401 124.583360
 119.985756147042025       -93.064252317175075
 123.658538395939928       -93.107638285718622
 127.405515767875343       -93.093810033826827
 131.227430214078510       -93.030123743427993
 135.125023685780207       -92.921127407408420
 139.099038134210673       -92.771298085534738
 143.150215510599764       -92.585766514705270


# Temperature: 136.000000
# Parameters: -93.110823 0.491709 4.674556 124.584194
 119.985756147042025       -93.065954972873328
 123.658538395939928       -93.109333978704726
 127.405515767875343       -93.095521892990959
 131.227430214078510       -93.031880394865595
 135.125023685780207       -92.922945360354646
 139.099038134210673       -92.773191493427660
 143.150215510599764       -92.587760777245151


# Temperature: 138.000000
# Parameters: -93.112554 0.491476 4.674714 124.585085
 119.985756147042025       -93.067689205372815
 123.658538395939928       -93.111062113908062
 127.405515767875343       -93.097267010039857
 131.227430214078510       -93.033671137474741
 135.125023685780207       -92.924798218067096
 139.099038134210673       -92.775120588588678
 143.150215510599764       -92.589791526137844


# Temperature: 140.000000
# Parameters: -93.114317 0.491242 4.674880 124.586034
 119.985756147042025       -93.069454876828843
 123.658538395939928       -93.112822541046825
 127.405515767875343       -93.099045220181722
 131.227430214078510       -93.035495782625830
 135.125023685780207       -92.926685772224062
 139.099038134210673       -92.777085137821885
 143.150215510599764       -92.591858503313190


# Temperature: 142.000000
# Parameters: -93.116112 0.491007 4.675048 124.587039
 119.985756147042025       -93.071251852505981
 123.658538395939928       -93.114615108802752
 127.405515767875343       -93.100856355515489
 131.227430214078510       -93.037354142725718
 135.125023685780207       -92.928607812430997
 139.099038134210673       -92.779084908967761
 143.150215510599764       -92.593961451737457


# Temperature: 144.000000
# Parameters: -93.117940 0.490771 4.675218 124.588098
 119.985756147042025       -93.073079994559549
 123.658538395939928       -93.116439665857612
 127.405515767875343       -93.102700246067258
 131.227430214078510       -93.039246030181204
 135.125023685780207       -92.930564129329795
 139.099038134210673       -92.781119670903237
 143.150215510599764       -92.596100115413321


# Temperature: 146.000000
# Parameters: -93.119799 0.490535 4.675388 124.589211
 119.985756147042025       -93.074939164108386
 123.658538395939928       -93.118296056747440
 127.405515767875343       -93.104576722899523
 131.227430214078510       -93.041171257399128
 135.125023685780207       -92.932554515635175
 139.099038134210673       -92.783189194578085
 143.150215510599764       -92.598274242489211


# Temperature: 148.000000
# Parameters: -93.121691 0.490299 4.675560 124.590376
 119.985756147042025       -93.076829221234959
 123.658538395939928       -93.120184129117575
 127.405515767875343       -93.106485617074796
 131.227430214078510       -93.043129635749906
 135.125023685780207       -92.934578760952604
 139.099038134210673       -92.785293250942104
 143.150215510599764       -92.600483581113508


# Temperature: 150.000000
# Parameters: -93.123614 0.490062 4.675740 124.591594
 119.985756147042025       -93.078750026021709
 123.658538395939928       -93.122103728540495
 127.405515767875343       -93.108426757582720
 131.227430214078510       -93.045120976603954
 135.125023685780207       -92.936636660069652
 139.099038134210673       -92.787431611981489
 143.150215510599764       -92.602727883580329


# Temperature: 152.000000
# Parameters: -93.125569 0.489824 4.675918 124.592862
 119.985756147042025       -93.080701439587500
 123.658538395939928       -93.124054699552232
 127.405515767875343       -93.110399975485819
 131.227430214078510       -93.047145092368083
 135.125023685780207       -92.938728005701051
 139.099038134210673       -92.789604054864569
 143.150215510599764       -92.605006904256612


# Temperature: 154.000000
# Parameters: -93.127555 0.489586 4.676104 124.594180
 119.985756147042025       -93.082683320978347
 123.658538395939928       -93.126036887725277
 127.405515767875343       -93.112405101846576
 131.227430214078510       -93.049201798558414
 135.125023685780207       -92.940852592634400
 139.099038134210673       -92.791810353650419
 143.150215510599764       -92.607320399582179


# Temperature: 156.000000
# Parameters: -93.129572 0.489348 4.676291 124.595547
 119.985756147042025       -93.084695528203852
 123.658538395939928       -93.128050138632105
 127.405515767875343       -93.114441965654663
 131.227430214078510       -93.051290907581787
 135.125023685780207       -92.943010219802986
 139.099038134210673       -92.794050289653072
 143.150215510599764       -92.609668129106126


# Temperature: 158.000000
# Parameters: -93.131620 0.489109 4.676482 124.596962
 119.985756147042025       -93.086737922382895
 123.658538395939928       -93.130094298881616
 127.405515767875343       -93.116510397972590
 131.227430214078510       -93.053412233917868
 135.125023685780207       -92.945200683030819
 139.099038134210673       -92.796323642113720
 143.150215510599764       -92.612049856523242


# Temperature: 160.000000
# Parameters: -93.133700 0.488870 4.676673 124.598424
 119.985756147042025       -93.088810362561460
 123.658538395939928       -93.132169213009860
 127.405515767875343       -93.118610232972131
 131.227430214078510       -93.055565595155642
 135.125023685780207       -92.947423782287601
 139.099038134210673       -92.798630194419246
 143.150215510599764       -92.614465345528330


# Temperature: 162.000000
# Parameters: -93.135810 0.488630 4.676870 124.599933
 119.985756147042025       -93.090912707785591
 123.658538395939928       -93.134274727625737
 127.405515767875343       -93.120741301715796
 131.227430214078510       -93.057750807847640
 135.125023685780207       -92.949679318579498
 139.099038134210673       -92.800969730992989
 143.150215510599764       -92.616914364998308


# Temperature: 164.000000
# Parameters: -93.137950 0.488390 4.677070 124.601486
 119.985756147042025       -93.093044820210579
 123.658538395939928       -93.136410691411001
 127.405515767875343       -93.122903438375374
 131.227430214078510       -93.059967691655686
 135.125023685780207       -92.951967096021917
 139.099038134210673       -92.803342041440402
 143.150215510599764       -92.619396686919373


# Temperature: 166.000000
# Parameters: -93.140122 0.488150 4.677272 124.603084
 119.985756147042025       -93.095206557846026
 123.658538395939928       -93.138576949938127
 127.405515767875343       -93.125096477122653
 131.227430214078510       -93.062216065205149
 135.125023685780207       -92.954286919766702
 139.099038134210673       -92.805746914330498
 143.150215510599764       -92.621912084314175


# Temperature: 168.000000
# Parameters: -93.142323 0.487910 4.677475 124.604725
 119.985756147042025       -93.097397783883636
 123.658538395939928       -93.140773352925294
 127.405515767875343       -93.127320254202274
 131.227430214078510       -93.064495750230719
 135.125023685780207       -92.956638596002151
 139.099038134210673       -92.808184142378025
 143.150215510599764       -92.624460335387468


# Temperature: 170.000000
# Parameters: -93.144555 0.487669 4.677687 124.606410
 119.985756147042025       -93.099618358405863
 123.658538395939928       -93.142999749054269
 127.405515767875343       -93.129574604822437
 131.227430214078510       -93.066806570539910
 135.125023685780207       -92.959021932989373
 139.099038134210673       -92.810653520370565
 143.150215510599764       -92.627041219380430


# Temperature: 172.000000
# Parameters: -93.146816 0.487428 4.677896 124.608136
 119.985756147042025       -93.101868144604424
 123.658538395939928       -93.145255989079644
 127.405515767875343       -93.131859368337061
 131.227430214078510       -93.069148349940264
 135.125023685780207       -92.961436743135195
 139.099038134210673       -92.813154846204966
 143.150215510599764       -92.629654519679988


# Temperature: 174.000000
# Parameters: -93.149108 0.487187 4.678109 124.609903
 119.985756147042025       -93.104147005671066
 123.658538395939928       -93.147541923756023
 127.405515767875343       -93.134174383063637
 131.227430214078510       -93.071520914312117
 135.125023685780207       -92.963882836773621
 139.099038134210673       -92.815687917778106
 143.150215510599764       -92.632300022782289


# Temperature: 176.000000
# Parameters: -93.151429 0.486946 4.678327 124.611711
 119.985756147042025       -93.106454803761054
 123.658538395939928       -93.149857404874467
 127.405515767875343       -93.136519488356100
 131.227430214078510       -93.073924091608731
 135.125023685780207       -92.966360031493593
 139.099038134210673       -92.818252539205403
 143.150215510599764       -92.634977516219948


# Temperature: 178.000000
# Parameters: -93.153780 0.486704 4.678554 124.613559
 119.985756147042025       -93.108791405175410
 123.658538395939928       -93.152202285262405
 127.405515767875343       -93.138894527714058
 131.227430214078510       -93.076357711856176
 135.125023685780207       -92.968868142811232
 139.099038134210673       -92.820848514602289
 143.150215510599764       -92.637686794780535


# Temperature: 180.000000
# Parameters: -93.156160 0.486463 4.678776 124.615446
 119.985756147042025       -93.111156674142279
 123.658538395939928       -93.154576418783748
 127.405515767875343       -93.141299342564281
 131.227430214078510       -93.078821605080520
 135.125023685780207       -92.971406989351934
 139.099038134210673       -92.823475651193462
 143.150215510599764       -92.640427651178797


# Temperature: 182.000000
# Parameters: -93.158569 0.486221 4.679002 124.617371
 119.985756147042025       -93.113550477999084
 123.658538395939928       -93.156979661375217
 127.405515767875343       -93.143733778479259
 131.227430214078510       -93.081315604417142
 135.125023685780207       -92.973976393886787
 139.099038134210673       -92.826133758276455
 143.150215510599764       -92.643199883311595


# Temperature: 184.000000
# Parameters: -93.161008 0.485979 4.679234 124.619333
 119.985756147042025       -93.115972682010408
 123.658538395939928       -93.159411868973564
 127.405515767875343       -93.146197679995012
 131.227430214078510       -93.083839544037815
 135.125023685780207       -92.976576177114040
 139.099038134210673       -92.828822649294551
 143.150215510599764       -92.646003293221497


# Temperature: 186.000000
# Parameters: -93.163475 0.485737 4.679474 124.621333
 119.985756147042025       -93.118423155586541
 123.658538395939928       -93.161872899588360
 127.405515767875343       -93.148690894756896
 131.227430214078510       -93.086393261223620
 135.125023685780207       -92.979206166986913
 139.099038134210673       -92.831542136654576
 143.150215510599764       -92.648837683987495


# Temperature: 188.000000
# Parameters: -93.165972 0.485495 4.679713 124.623369
 119.985756147042025       -93.120901766064890
 123.658538395939928       -93.164362611229222
 127.405515767875343       -93.151213272483091
 131.227430214078510       -93.088976593255609
 135.125023685780207       -92.981866189385784
 139.099038134210673       -92.834292040018340
 143.150215510599764       -92.651702862834298


# Temperature: 190.000000
# Parameters: -93.168497 0.485252 4.679955 124.625440
 119.985756147042025       -93.123408385965035
 123.658538395939928       -93.166880863978591
 127.405515767875343       -93.153764660818908
 131.227430214078510       -93.091589379487687
 135.125023685780207       -92.984556073300311
 139.099038134210673       -92.837072175938403
 143.150215510599764       -92.654598636986591


# Temperature: 192.000000
# Parameters: -93.171050 0.485010 4.680202 124.627546
 119.985756147042025       -93.125942883660812
 123.658538395939928       -93.169427517918891
 127.405515767875343       -93.156344912591805
 131.227430214078510       -93.094231462383078
 135.125023685780207       -92.987275651865858
 139.099038134210673       -92.839882369258675
 143.150215510599764       -92.657524819887655


# Temperature: 194.000000
# Parameters: -93.173632 0.484767 4.680452 124.629687
 119.985756147042025       -93.128505131671801
 123.658538395939928       -93.172002437278280
 127.405515767875343       -93.158953881665695
 131.227430214078510       -93.096902684404967
 135.125023685780207       -92.990024757181345
 139.099038134210673       -92.842722441713860
 143.150215510599764       -92.660481226017168


# Temperature: 196.000000
# Parameters: -93.176242 0.484525 4.680703 124.631861
 119.985756147042025       -93.131095003553980
 123.658538395939928       -93.174605485248506
 127.405515767875343       -93.161591420868007
 131.227430214078510       -93.099602891125812
 135.125023685780207       -92.992803225491414
 139.099038134210673       -92.845592221257178
 143.150215510599764       -92.663467671927663


# Temperature: 198.000000
# Parameters: -93.178881 0.484282 4.680963 124.634069
 119.985756147042025       -93.133712372863329
 123.658538395939928       -93.177236525021257
 127.405515767875343       -93.164257387171929
 131.227430214078510       -93.102331928118119
 135.125023685780207       -92.995610895113558
 139.099038134210673       -92.848491536878285
 143.150215510599764       -92.666483978317387


# Temperature: 200.000000
# Parameters: -93.181547 0.484040 4.681218 124.636310
 119.985756147042025       -93.136357114192279
 123.658538395939928       -93.179895422897545
 127.405515767875343       -93.166951637550625
 131.227430214078510       -93.105089646136477
 135.125023685780207       -92.998447604365282
 139.099038134210673       -92.851420219639664
 143.150215510599764       -92.669529967957430


# Temperature: 202.000000
# Parameters: -93.184241 0.483797 4.681491 124.638582
 119.985756147042025       -93.139029103169648
 123.658538395939928       -93.182582048287671
 127.405515767875343       -93.169674031050093
 131.227430214078510       -93.107875892826215
 135.125023685780207       -93.001313195709770
 139.099038134210673       -92.854378101640279
 143.150215510599764       -92.672605465691746


# Temperature: 204.000000
# Parameters: -93.186963 0.483554 4.681752 124.640886
 119.985756147042025       -93.141728218533572
 123.658538395939928       -93.185296266456191
 127.405515767875343       -93.172424426716375
 131.227430214078510       -93.110690522051229
 135.125023685780207       -93.004207512646630
 139.099038134210673       -92.857365020161183
 143.150215510599764       -92.675710298437139


# Temperature: 206.000000
# Parameters: -93.189712 0.483312 4.682028 124.643221
 119.985756147042025       -93.144454336949309
 123.658538395939928       -93.188037949922673
 127.405515767875343       -93.175202688777617
 131.227430214078510       -93.113533386638963
 135.125023685780207       -93.007130400748366
 139.099038134210673       -92.860380812483442
 143.150215510599764       -92.678844297256106


# Temperature: 208.000000
# Parameters: -93.192489 0.483069 4.682305 124.645587
 119.985756147042025       -93.147207337154967
 123.658538395939928       -93.190806968097391
 127.405515767875343       -93.178008678352668
 131.227430214078510       -93.116404341489755
 135.125023685780207       -93.010081706623865
 139.099038134210673       -92.863425317960974
 143.150215510599764       -92.682007293211171


# Temperature: 210.000000
# Parameters: -93.195294 0.482826 4.682580 124.647983
 119.985756147042025       -93.149987099961550
 123.658538395939928       -93.193603193499925
 127.405515767875343       -93.180842260706129
 131.227430214078510       -93.119303243576738
 135.125023685780207       -93.013061281027731
 139.099038134210673       -92.866498379056964
 143.150215510599764       -92.685199122546962


# Temperature: 212.000000
# Parameters: -93.198125 0.482583 4.682860 124.650408
 119.985756147042025       -93.152793507216415
 123.658538395939928       -93.196426499686225
 127.405515767875343       -93.183703302138980
 131.227430214078510       -93.122229950909528
 135.125023685780207       -93.016068973678159
 139.099038134210673       -92.869599841343913
 143.150215510599764       -92.688419621508118


# Temperature: 214.000000
# Parameters: -93.200984 0.482340 4.683148 124.652862
 119.985756147042025       -93.155626439730554
 123.658538395939928       -93.199276761248754
 127.405515767875343       -93.186591669988672
 131.227430214078510       -93.125184325643417
 135.125023685780207       -93.019104639475458
 139.099038134210673       -92.872729549357842
 143.150215510599764       -92.691668630484969


# Temperature: 216.000000
# Parameters: -93.203869 0.482098 4.683439 124.655345
 119.985756147042025       -93.158485781424218
 123.658538395939928       -93.202153854852725
 127.405515767875343       -93.189507232629040
 131.227430214078510       -93.128166227860845
 135.125023685780207       -93.022168131247071
 139.099038134210673       -92.875887351780520
 143.150215510599764       -92.694945989867890


# Temperature: 218.000000
# Parameters: -93.206782 0.481855 4.683732 124.657856
 119.985756147042025       -93.161371416217662
 123.658538395939928       -93.205057655090599
 127.405515767875343       -93.192449860506812
 131.227430214078510       -93.131175521789956
 135.125023685780207       -93.025259307002599
 139.099038134210673       -92.879073098330139
 143.150215510599764       -92.698251545229340


# Temperature: 220.000000
# Parameters: -93.209721 0.481612 4.684028 124.660395
 119.985756147042025       -93.164283230103962
 123.658538395939928       -93.207988043809735
 127.405515767875343       -93.195419426141541
 131.227430214078510       -93.134212071658922
 135.125023685780207       -93.028378024751646
 139.099038134210673       -92.882286642870554
 143.150215510599764       -92.701585140068929


# Temperature: 222.000000
# Parameters: -93.212686 0.481369 4.684332 124.662961
 119.985756147042025       -93.167221109076252
 123.658538395939928       -93.210944897675418
 127.405515767875343       -93.198415802052779
 131.227430214078510       -93.137275743768711
 135.125023685780207       -93.031524144576650
 139.099038134210673       -92.885527838229251
 143.150215510599764       -92.704946625141289


# Temperature: 224.000000
# Parameters: -93.215679 0.481127 4.684638 124.665554
 119.985756147042025       -93.170184941200475
 123.658538395939928       -93.213928097498624
 127.405515767875343       -93.201438861796518
 131.227430214078510       -93.140366407529640
 135.125023685780207       -93.034697528632890
 139.099038134210673       -92.888796541379392
 143.150215510599764       -92.708335849128147


# Temperature: 226.000000
# Parameters: -93.218697 0.480884 4.684951 124.668173
 119.985756147042025       -93.173174613506163
 123.658538395939928       -93.216937527199590
 127.405515767875343       -93.204488482038030
 131.227430214078510       -93.143483930279118
 135.125023685780207       -93.037898039075685
 139.099038134210673       -92.892092609294139
 143.150215510599764       -92.711752663820562


# Temperature: 228.000000
# Parameters: -93.221742 0.480641 4.685252 124.670819
 119.985756147042025       -93.176190016132111
 123.658538395939928       -93.219973067589294
 127.405515767875343       -93.207564538406132
 131.227430214078510       -93.146628184536709
 135.125023685780207       -93.041125543242458
 139.099038134210673       -92.895415902055930
 143.150215510599764       -92.715196925155269


# Temperature: 230.000000
# Parameters: -93.224813 0.480399 4.685571 124.673490
 119.985756147042025       -93.179231039217143
 123.658538395939928       -93.223034603624413
 127.405515767875343       -93.210666910675400
 131.227430214078510       -93.149799042821968
 135.125023685780207       -93.044379906397793
 139.099038134210673       -92.898766280783647
 143.150215510599764       -92.718668488032577


# Temperature: 232.000000
# Parameters: -93.227909 0.480157 4.685896 124.676187
 119.985756147042025       -93.182297573936495
 123.658538395939928       -93.226122021298053
 127.405515767875343       -93.213795477583943
 131.227430214078510       -93.152996378690887
 135.125023685780207       -93.047660996915525
 139.099038134210673       -92.902143608669007
 143.150215510599764       -92.722167211498487


# Temperature: 234.000000
# Parameters: -93.231032 0.479914 4.686216 124.678908
 119.985756147042025       -93.185389513538240
 123.658538395939928       -93.229235205566866
 127.405515767875343       -93.216950120979135
 131.227430214078510       -93.156220066735884
 135.125023685780207       -93.050968686278793
 139.099038134210673       -92.905547752013021
 143.150215510599764       -92.725692954599040


# Temperature: 236.000000
# Parameters: -93.234181 0.479672 4.686542 124.681654
 119.985756147042025       -93.188506750234041
 123.658538395939928       -93.232374043460410
 127.405515767875343       -93.220130720635552
 131.227430214078510       -93.159469983622216
 135.125023685780207       -93.054302843897887
 139.099038134210673       -92.908978576080244
 143.150215510599764       -92.729245579489529


# Temperature: 238.000000
# Parameters: -93.237355 0.479429 4.686881 124.684424
 119.985756147042025       -93.191649178308424
 123.658538395939928       -93.235538426153923
 127.405515767875343       -93.223337162546287
 131.227430214078510       -93.162746008088007
 135.125023685780207       -93.057663344365224
 139.099038134210673       -92.912435949244554
 143.150215510599764       -92.732824950398097


# Temperature: 240.000000
# Parameters: -93.240554 0.479187 4.687210 124.687219
 119.985756147042025       -93.194816694118742
 123.658538395939928       -93.238728240676906
 127.405515767875343       -93.226569329595151
 131.227430214078510       -93.166048019907805
 135.125023685780207       -93.061050061236784
 139.099038134210673       -92.915919741952635
 143.150215510599764       -92.736430931552889


# Temperature: 242.000000
# Parameters: -93.243780 0.478945 4.687551 124.690036
 119.985756147042025       -93.198009191949524
 123.658538395939928       -93.241943379241036
 127.405515767875343       -93.229827106738838
 131.227430214078510       -93.169375898856146
 135.125023685780207       -93.064462871177824
 139.099038134210673       -92.919429824651232
 143.150215510599764       -92.740063390291354


# Temperature: 244.000000
# Parameters: -93.247030 0.478703 4.687891 124.692877
 119.985756147042025       -93.201226570230972
 123.658538395939928       -93.245183733021548
 127.405515767875343       -93.233110383079719
 131.227430214078510       -93.172729526780429
 135.125023685780207       -93.067901650853628
 139.099038134210673       -92.922966072969146
 143.150215510599764       -92.743722196023754


# Temperature: 246.000000
# Parameters: -93.250306 0.478461 4.688236 124.695741
 119.985756147042025       -93.204468727393305
 123.658538395939928       -93.248449194230105
 127.405515767875343       -93.236419044610898
 131.227430214078510       -93.176108788637336
 135.125023685780207       -93.071366280038731
 139.099038134210673       -92.926528358389518
 143.150215510599764       -92.747407219196802


# Temperature: 248.000000
# Parameters: -93.253606 0.478219 4.688581 124.698628
 119.985756147042025       -93.207735560830344
 123.658538395939928       -93.251739658187631
 127.405515767875343       -93.239752981471185
 131.227430214078510       -93.179513566274267
 135.125023685780207       -93.074856637471242
 139.099038134210673       -92.930116559650486
 143.150215510599764       -92.751118332330066


# Temperature: 250.000000
# Parameters: -93.256932 0.477977 4.688937 124.701537
 119.985756147042025       -93.211026971045115
 123.658538395939928       -93.255055018142244
 127.405515767875343       -93.243112083799389
 131.227430214078510       -93.182943747757164
 135.125023685780207       -93.078372606035003
 139.099038134210673       -92.933730552380879
 143.150215510599764       -92.754855407943083


# Temperature: 252.000000
# Parameters: -93.260283 0.477735 4.689291 124.704468
 119.985756147042025       -93.214342858540732
 123.658538395939928       -93.258395170451280
 127.405515767875343       -93.246496242770746
 131.227430214078510       -93.186399220115561
 135.125023685780207       -93.081914068613827
 139.099038134210673       -92.937370216355248
 143.150215510599764       -92.758618321664727


# Temperature: 254.000000
# Parameters: -93.263658 0.477493 4.689658 124.707421
 119.985756147042025       -93.217683124856663
 123.658538395939928       -93.261760012508546
 127.405515767875343       -93.249905350596904
 131.227430214078510       -93.189879870379002
 135.125023685780207       -93.085480909127966
 139.099038134210673       -92.941035432384552
 143.150215510599764       -92.762406950160241


# Temperature: 256.000000
# Parameters: -93.267059 0.477251 4.690019 124.710395
 119.985756147042025       -93.221047672568844
 123.658538395939928       -93.265149441707820
 127.405515767875343       -93.253339301562391
 131.227430214078510       -93.193385588686269
 135.125023685780207       -93.089073012534101
 139.099038134210673       -92.944726082316180
 143.150215510599764       -92.766221172167747


# Temperature: 258.000000
# Parameters: -93.270483 0.477010 4.690394 124.713390
 119.985756147042025       -93.224436405289623
 123.658538395939928       -93.268563357515774
 127.405515767875343       -93.256797989951721
 131.227430214078510       -93.196916264139773
 135.125023685780207       -93.092690265861748
 139.099038134210673       -92.948442049033986
 143.150215510599764       -92.770060867461794


# Temperature: 260.000000
# Parameters: -93.273933 0.476769 4.690763 124.716407
 119.985756147042025       -93.227849226631363
 123.658538395939928       -93.272001657326186
 127.405515767875343       -93.260281311085834
 131.227430214078510       -93.200471791024000
 135.125023685780207       -93.096332557176879
 139.099038134210673       -92.952183217494621
 143.150215510599764       -92.773925917889770


# Temperature: 262.000000
# Parameters: -93.277406 0.476527 4.691135 124.719444
 119.985756147042025       -93.231286041242825
 123.658538395939928       -93.275464243714964
 127.405515767875343       -93.263789162358506
 131.227430214078510       -93.204052060514201
 135.125023685780207       -93.099999776618290
 139.099038134210673       -92.955949472654780
 143.150215510599764       -92.777816204262663


# Temperature: 264.000000
# Parameters: -93.280904 0.476286 4.691511 124.722501
 119.985756147042025       -93.234746754809223
 123.658538395939928       -93.278951018221633
 127.405515767875343       -93.267321441163546
 131.227430214078510       -93.207656966894888
 135.125023685780207       -93.103691813288364
 139.099038134210673       -92.959740702580405
 143.150215510599764       -92.781731612573566


# Temperature: 266.000000
# Parameters: -93.284427 0.476044 4.691895 124.725578
 119.985756147042025       -93.238231275088609
 123.658538395939928       -93.282461883422101
 127.405515767875343       -93.270878044894744
 131.227430214078510       -93.211286405487002
 135.125023685780207       -93.107408559398777
 139.099038134210673       -92.963556796373879
 143.150215510599764       -92.785672025706290


# Temperature: 268.000000
# Parameters: -93.287973 0.475803 4.692282 124.728676
 119.985756147042025       -93.241739507766169
 123.658538395939928       -93.285996740855879
 127.405515767875343       -93.274458876128023
 131.227430214078510       -93.214940272647894
 135.125023685780207       -93.111149907161163
 139.099038134210673       -92.967397642101162
 143.150215510599764       -92.789637332763249


# Temperature: 270.000000
# Parameters: -93.291543 0.475563 4.692676 124.731793
 119.985756147042025       -93.245271362672838
 123.658538395939928       -93.289555496208152
 127.405515767875343       -93.278063832257175
 131.227430214078510       -93.218618464734945
 135.125023685780207       -93.114915751896490
 139.099038134210673       -92.971263131973899
 143.150215510599764       -92.793627420773944


# Temperature: 272.000000
# Parameters: -93.295137 0.475321 4.693064 124.734930
 119.985756147042025       -93.248826747566667
 123.658538395939928       -93.293138055164135
 127.405515767875343       -93.281692816894548
 131.227430214078510       -93.222320879141947
 135.125023685780207       -93.118705987889257
 139.099038134210673       -92.975153157167355
 143.150215510599764       -92.797642178840761


# Temperature: 274.000000
# Parameters: -93.298755 0.475081 4.693460 124.738086
 119.985756147042025       -93.252405572278548
 123.658538395939928       -93.296744321336178
 127.405515767875343       -93.285345732616065
 131.227430214078510       -93.226047417408395
 135.125023685780207       -93.122520510460404
 139.099038134210673       -92.979067611966030
 143.150215510599764       -92.801681498138933


# Temperature: 276.000000
# Parameters: -93.302397 0.474840 4.693865 124.741260
 119.985756147042025       -93.256007748712264
 123.658538395939928       -93.300374203518757
 127.405515767875343       -93.289022480961236
 131.227430214078510       -93.229797979000949
 135.125023685780207       -93.126359218040150
 139.099038134210673       -92.983006389617998
 143.150215510599764       -92.805745268807286


# Temperature: 278.000000
# Parameters: -93.306062 0.474599 4.694270 124.744454
 119.985756147042025       -93.259633185662281
 123.658538395939928       -93.304027609469927
 127.405515767875343       -93.292722968651674
 131.227430214078510       -93.233572463386224
 135.125023685780207       -93.130222009058713
 139.099038134210673       -92.986969386480638
 143.150215510599764       -92.809833386166744


# Temperature: 280.000000
# Parameters: -93.309751 0.474359 4.694676 124.747666
 119.985756147042025       -93.263281797105222
 123.658538395939928       -93.307704445911341
 127.405515767875343       -93.296447099299741
 131.227430214078510       -93.237370775213009
 135.125023685780207       -93.134108780909884
 139.099038134210673       -92.990956499947742
 143.150215510599764       -92.813945742428970


# Temperature: 282.000000
# Parameters: -93.313464 0.474119 4.695092 124.750897
 119.985756147042025       -93.266953493908417
 123.658538395939928       -93.311404622673876
 127.405515767875343       -93.300194779627063
 131.227430214078510       -93.241192816020813
 135.125023685780207       -93.138019436169600
 139.099038134210673       -92.994967626376663
 143.150215510599764       -92.818082233951330


# Temperature: 284.000000
# Parameters: -93.317199 0.473878 4.695509 124.754146
 119.985756147042025       -93.270648192121328
 123.658538395939928       -93.315128051661304
 127.405515767875343       -93.303965916355267
 131.227430214078510       -93.245038490458398
 135.125023685780207       -93.141953874304491
 139.099038134210673       -92.999002665234073
 143.150215510599764       -92.822242756054777


# Temperature: 286.000000
# Parameters: -93.320958 0.473638 4.695921 124.757413
 119.985756147042025       -93.274365802611300
 123.658538395939928       -93.318874640631691
 127.405515767875343       -93.307760418278832
 131.227430214078510       -93.248907702138126
 135.125023685780207       -93.145911998926920
 139.099038134210673       -93.003061515986587
 143.150215510599764       -92.826427207169516


# Temperature: 288.000000
# Parameters: -93.324740 0.473398 4.696349 124.760697
 119.985756147042025       -93.278106242464219
 123.658538395939928       -93.322644303561646
 127.405515767875343       -93.311578192119413
 131.227430214078510       -93.252800359854490
 135.125023685780207       -93.149893712612794
 139.099038134210673       -93.007144080173731
 143.150215510599764       -92.830635485725765


# Temperature: 290.000000
# Parameters: -93.328545 0.473158 4.696771 124.763999
 119.985756147042025       -93.281869427729561
 123.658538395939928       -93.326436951318499
 127.405515767875343       -93.315419148744311
 131.227430214078510       -93.256716367219809
 135.125023685780207       -93.153898920010917
 139.099038134210673       -93.011250260371412
 143.150215510599764       -92.834867492226593


# Temperature: 292.000000
# Parameters: -93.332374 0.472918 4.697202 124.767319
 119.985756147042025       -93.285655272383934
 123.658538395939928       -93.330252496842448
 127.405515767875343       -93.319283197984447
 131.227430214078510       -93.260655634065003
 135.125023685780207       -93.157927525770035
 139.099038134210673       -93.015379958119127
 143.150215510599764       -92.839123125102233


# Temperature: 294.000000
# Parameters: -93.336225 0.472679 4.697640 124.770656
 119.985756147042025       -93.289463694549653
 123.658538395939928       -93.334090855146513
 127.405515767875343       -93.323170250707165
 131.227430214078510       -93.264618067111726
 135.125023685780207       -93.161979436611801
 139.099038134210673       -93.019533077029237
 143.150215510599764       -92.843402289001446


# Temperature: 296.000000
# Parameters: -93.340099 0.472439 4.698075 124.774009
 119.985756147042025       -93.293294611312618
 123.658538395939928       -93.337951941243745
 127.405515767875343       -93.327080219852633
 131.227430214078510       -93.268603577227282
 135.125023685780207       -93.166054559257830
 139.099038134210673       -93.023709523823356
 143.150215510599764       -92.847704884427316


# Temperature: 298.000000
# Parameters: -93.343995 0.472199 4.698516 124.777380
 119.985756147042025       -93.297147941831568
 123.658538395939928       -93.341835668074353
 127.405515767875343       -93.331013016288210
 131.227430214078510       -93.272612073206162
 135.125023685780207       -93.170152802502614
 139.099038134210673       -93.027909202113861
 143.150215510599764       -92.852030816028616


# Temperature: 300.000000
# Parameters: -93.347915 0.471960 4.698958 124.780768
 119.985756147042025       -93.301023603192391
 123.658538395939928       -93.345741952724197
 127.405515767875343       -93.334968555026919
 131.227430214078510       -93.276643467988563
 135.125023685780207       -93.174274073067778
 139.099038134210673       -93.032132020695201
 143.150215510599764       -92.856379988454123


# Temperature: 302.000000
# Parameters: -93.351857 0.471721 4.699404 124.784172
 119.985756147042025       -93.304921516626706
 123.658538395939928       -93.349670713315604
 127.405515767875343       -93.338946750045380
 131.227430214078510       -93.280697671405377
 135.125023685780207       -93.178418281820655
 139.099038134210673       -93.036377886289031
 143.150215510599764       -92.860752308425461


# Temperature: 304.000000
# Parameters: -93.355821 0.471482 4.699858 124.787592
 119.985756147042025       -93.308841602329665
 123.658538395939928       -93.353621864861623
 127.405515767875343       -93.342947515320219
 131.227430214078510       -93.284774596396815
 135.125023685780207       -93.182585338592148
 139.099038134210673       -93.040646706653391
 143.150215510599764       -92.865147680591420


# Temperature: 306.000000
# Parameters: -93.359808 0.471243 4.700320 124.791029
 119.985756147042025       -93.312783779460034
 123.658538395939928       -93.357595326521007
 127.405515767875343       -93.346970766900867
 131.227430214078510       -93.288874156939471
 135.125023685780207       -93.186775155286043
 139.099038134210673       -93.044938391619198
 143.150215510599764       -92.869566013746464


# Temperature: 308.000000
# Parameters: -93.363817 0.471003 4.700760 124.794481
 119.985756147042025       -93.316747970285817
 123.658538395939928       -93.361591016416057
 127.405515767875343       -93.351016420836828
 131.227430214078510       -93.292996267009968
 135.125023685780207       -93.190987644842494
 139.099038134210673       -93.049252852053783
 143.150215510599764       -92.874007216685087


# Temperature: 310.000000
# Parameters: -93.367849 0.470765 4.701231 124.797950
 119.985756147042025       -93.320734096038606
 123.658538395939928       -93.365608854741950
 127.405515767875343       -93.355084395250401
 131.227430214078510       -93.297140841621342
 135.125023685780207       -93.195222718128861
 139.099038134210673       -93.053589998824492
 143.150215510599764       -92.878471197165354


# Temperature: 312.000000
# Parameters: -93.371902 0.470526 4.701700 124.801434
 119.985756147042025       -93.324742081059313
 123.658538395939928       -93.369648760657441
 127.405515767875343       -93.359174606191075
 131.227430214078510       -93.301307795786641
 135.125023685780207       -93.199480289121752
 139.099038134210673       -93.057949742798641
 143.150215510599764       -92.882957867091008


# Temperature: 314.000000
# Parameters: -93.375978 0.470287 4.702163 124.804934
 119.985756147042025       -93.328771846579514
 123.658538395939928       -93.373710656430546
 127.405515767875343       -93.363286972817562
 131.227430214078510       -93.305497045555313
 135.125023685780207       -93.203760273870628
 139.099038134210673       -93.062331997952867
 143.150215510599764       -92.887467137329381


# Temperature: 316.000000
# Parameters: -93.380076 0.470049 4.702636 124.808449
 119.985756147042025       -93.332823316940079
 123.658538395939928       -93.377794460183580
 127.405515767875343       -93.367421415325055
 131.227430214078510       -93.309708509049699
 135.125023685780207       -93.208062586352113
 139.099038134210673       -93.066736677227340
 143.150215510599764       -92.891998918747831


# Temperature: 318.000000
# Parameters: -93.384195 0.469811 4.703115 124.811980
 119.985756147042025       -93.336896416481892
 123.658538395939928       -93.381900096257425
 127.405515767875343       -93.371577851835866
 131.227430214078510       -93.313942103355686
 135.125023685780207       -93.212387141579228
 139.099038134210673       -93.071163695635093
 143.150215510599764       -92.896553125322953


# Temperature: 320.000000
# Parameters: -93.388337 0.469572 4.703594 124.815526
 119.985756147042025       -93.340991069545836
 123.658538395939928       -93.386027486920113
 127.405515767875343       -93.375756203581602
 131.227430214078510       -93.318197746595587
 135.125023685780207       -93.216733858710739
 139.099038134210673       -93.075612967152765
 143.150215510599764       -92.901129668958518


# Temperature: 322.000000
# Parameters: -93.392500 0.469334 4.704071 124.819087
 119.985756147042025       -93.345107202545648
 123.658538395939928       -93.390176554439662
 127.405515767875343       -93.379956390757428
 131.227430214078510       -93.322475358964581
 135.125023685780207       -93.221102652759683
 139.099038134210673       -93.080084408866227
 143.150215510599764       -92.905728465703987


# Temperature: 324.000000
# Parameters: -93.396685 0.469096 4.704558 124.822663
 119.985756147042025       -93.349244740858609
 123.658538395939928       -93.394347223156956
 127.405515767875343       -93.384178335631375
 131.227430214078510       -93.326774859621395
 135.125023685780207       -93.225493443921224
 139.099038134210673       -93.084577935788545
 143.150215510599764       -92.910349429535984


# Temperature: 326.000000
# Parameters: -93.400891 0.468858 4.705051 124.826254
 119.985756147042025       -93.353403610898468
 123.658538395939928       -93.398539416376437
 127.405515767875343       -93.388421960471462
 131.227430214078510       -93.331096168761235
 135.125023685780207       -93.229906149281263
 139.099038134210673       -93.089093466042002
 143.150215510599764       -92.914992477540380


# Temperature: 328.000000
# Parameters: -93.405120 0.468621 4.705541 124.829860
 119.985756147042025       -93.357583740115373
 123.658538395939928       -93.402753059475415
 127.405515767875343       -93.392687188582130
 131.227430214078510       -93.335439207615664
 135.125023685780207       -93.234340689034951
 139.099038134210673       -93.093630918785379
 143.150215510599764       -92.919657524730241


# Temperature: 330.000000
# Parameters: -93.409369 0.468383 4.706038 124.833479
 119.985756147042025       -93.361785055959487
 123.658538395939928       -93.406988078867613
 127.405515767875343       -93.396973942231426
 131.227430214078510       -93.339803898452729
 135.125023685780207       -93.238796983377483
 139.099038134210673       -93.098190211104537
 143.150215510599764       -92.924344490264289


# Temperature: 332.000000
# Parameters: -93.413640 0.468145 4.706541 124.837114
 119.985756147042025       -93.366007485880942
 123.658538395939928       -93.411244398893913
 127.405515767875343       -93.401282146796632
 131.227430214078510       -93.344190162504034
 135.125023685780207       -93.243274952504038
 139.099038134210673       -93.102771262158242
 143.150215510599764       -92.929053291228442


# Temperature: 334.000000
# Parameters: -93.417933 0.467908 4.707039 124.840763
 119.985756147042025       -93.370250958366356
 123.658538395939928       -93.415521945968038
 127.405515767875343       -93.405611726618645
 131.227430214078510       -93.348597924110436
 135.125023685780207       -93.247774519719044
 139.099038134210673       -93.107373994214527
 143.150215510599764       -92.933783845744998


# Temperature: 336.000000
# Parameters: -93.422246 0.467671 4.707551 124.844426
 119.985756147042025       -93.374515403975153
 123.658538395939928       -93.419820648576589
 127.405515767875343       -93.409962606038334
 131.227430214078510       -93.353027106576391
 135.125023685780207       -93.252295604181256
 139.099038134210673       -93.111998326432115
 143.150215510599764       -92.938536075045562


# Temperature: 338.000000
# Parameters: -93.426581 0.467433 4.708058 124.848103
 119.985756147042025       -93.378800751193907
 123.658538395939928       -93.424140433133275
 127.405515767875343       -93.414334712505848
 131.227430214078510       -93.357477633206344
 135.125023685780207       -93.256838131267969
 139.099038134210673       -93.116644180042613
 143.150215510599764       -92.943309898288888


# Temperature: 340.000000
# Parameters: -93.430937 0.467196 4.708571 124.851794
 119.985756147042025       -93.383106929545619
 123.658538395939928       -93.428481229161108
 127.405515767875343       -93.418727971398496
 131.227430214078510       -93.361949429377631
 135.125023685780207       -93.261402024283655
 139.099038134210673       -93.121311478350478
 143.150215510599764       -92.948105236706567


# Temperature: 342.000000
# Parameters: -93.435314 0.466959 4.709085 124.855498
 119.985756147042025       -93.387433870626182
 123.658538395939928       -93.432842963073838
 127.405515767875343       -93.423142309130014
 131.227430214078510       -93.366442421503947
 135.125023685780207       -93.265987205496316
 139.099038134210673       -93.126000143623727
 143.150215510599764       -92.952922011530191


# Temperature: 344.000000
# Parameters: -93.439712 0.466723 4.709610 124.859217
 119.985756147042025       -93.391781506031421
 123.658538395939928       -93.437225566467305
 127.405515767875343       -93.427577654186976
 131.227430214078510       -93.370956533926176
 135.125023685780207       -93.270593600283277
 139.099038134210673       -93.130710099166805
 143.150215510599764       -92.957760146064217


# Temperature: 346.000000
# Parameters: -93.444130 0.466486 4.710131 124.862949
 119.985756147042025       -93.396149766320804
 123.658538395939928       -93.441628966791669
 127.405515767875343       -93.432033935055969
 131.227430214078510       -93.375491694094478
 135.125023685780207       -93.275221134021820
 139.099038134210673       -93.135441269320609
 143.150215510599764       -92.962619561540251


# Temperature: 348.000000
# Parameters: -93.448570 0.466249 4.710658 124.866695
 119.985756147042025       -93.400538583090167
 123.658538395939928       -93.446053095642810
 127.405515767875343       -93.436511078150716
 131.227430214078510       -93.380047828422605
 135.125023685780207       -93.279869732089267
 139.099038134210673       -93.140193577389581
 143.150215510599764       -92.967500183335574


# Temperature: 350.000000
# Parameters: -93.453030 0.466013 4.711195 124.870454
 119.985756147042025       -93.404947890008231
 123.658538395939928       -93.450497883580141
 127.405515767875343       -93.441009015067095
 131.227430214078510       -93.384624865397100
 135.125023685780207       -93.284539321935753
 139.099038134210673       -93.144966950823871
 143.150215510599764       -92.972401933718245


# Temperature: 352.000000
# Parameters: -93.457511 0.465776 4.711725 124.874227
 119.985756147042025       -93.409377619707300
 123.658538395939928       -93.454963260126675
 127.405515767875343       -93.445527674291668
 131.227430214078510       -93.389222733504567
 135.125023685780207       -93.289229829975042
 139.099038134210673       -93.149761313964362
 143.150215510599764       -92.977324738065533


# Temperature: 354.000000
# Parameters: -93.462013 0.465540 4.712255 124.878013
 119.985756147042025       -93.413827704819639
 123.658538395939928       -93.459449159987557
 127.405515767875343       -93.450066985347462
 131.227430214078510       -93.393841360195168
 135.125023685780207       -93.293941182620827
 139.099038134210673       -93.154576593224775
 143.150215510599764       -92.982268522791188


# Temperature: 356.000000
# Parameters: -93.466535 0.465304 4.712799 124.881811
 119.985756147042025       -93.418298080050405
 123.658538395939928       -93.463955512685800
 127.405515767875343       -93.454626878793903
 131.227430214078510       -93.398480674991902
 135.125023685780207       -93.298673309396136
 139.099038134210673       -93.159412716055286
 143.150215510599764       -92.987233213272518


# Temperature: 358.000000
# Parameters: -93.471078 0.465068 4.713347 124.885623
 119.985756147042025       -93.422788679068304
 123.658538395939928       -93.468482250853683
 127.405515767875343       -93.459207287263283
 131.227430214078510       -93.403140608454208
 135.125023685780207       -93.303426138787557
 139.099038134210673       -93.164269609906043
 143.150215510599764       -92.992218735923245


# Temperature: 360.000000
# Parameters: -93.475641 0.464832 4.713882 124.889448
 119.985756147042025       -93.427299436578480
 123.658538395939928       -93.473029309196349
 127.405515767875343       -93.463808141315042
 131.227430214078510       -93.407821090105088
 135.125023685780207       -93.308199599281664
 139.099038134210673       -93.169147203263606
 143.150215510599764       -92.997225017157092


# Temperature: 362.000000
# Parameters: -93.480225 0.464596 4.714448 124.893286
 119.985756147042025       -93.431830288322502
 123.658538395939928       -93.477596620346105
 127.405515767875343       -93.468429373581458
 131.227430214078510       -93.412522051540407
 135.125023685780207       -93.312993620401457
 139.099038134210673       -93.174045423578164
 143.150215510599764       -93.002251986497072


# Temperature: 364.000000
# Parameters: -93.484828 0.464360 4.714992 124.897136
 119.985756147042025       -93.436381169005514
 123.658538395939928       -93.482184116935201
 127.405515767875343       -93.473070915658383
 131.227430214078510       -93.417243424356045
 135.125023685780207       -93.317808132706389
 139.099038134210673       -93.178964201409130
 143.150215510599764       -93.007299570356921


# Temperature: 366.000000
# Parameters: -93.489452 0.464125 4.715548 124.901000
 119.985756147042025       -93.440952015405500
 123.658538395939928       -93.486791735741662
 127.405515767875343       -93.477732701214549
 131.227430214078510       -93.421985138074973
 135.125023685780207       -93.322643067792313
 139.099038134210673       -93.183903466279531
 143.150215510599764       -93.012367698259638


# Temperature: 368.000000
# Parameters: -93.494097 0.463889 4.716114 124.904875
 119.985756147042025       -93.445542764300441
 123.658538395939928       -93.491419410434190
 127.405515767875343       -93.482414662882249
 131.227430214078510       -93.426747127402365
 135.125023685780207       -93.327498355182229
 139.099038134210673       -93.188863147712368
 143.150215510599764       -93.017456300764664


# Temperature: 370.000000
# Parameters: -93.498761 0.463654 4.716667 124.908764
 119.985756147042025       -93.450153350395510
 123.658538395939928       -93.496067075717932
 127.405515767875343       -93.487116736403038
 131.227430214078510       -93.431529323934072
 135.125023685780207       -93.332373927508442
 139.099038134210673       -93.193843177303492
 143.150215510599764       -93.022565306358601


# Temperature: 372.000000
# Parameters: -93.503445 0.463419 4.717228 124.912664
 119.985756147042025       -93.454783713577967
 123.658538395939928       -93.500734668370868
 127.405515767875343       -93.491838854409195
 131.227430214078510       -93.436331661338812
 135.125023685780207       -93.337269716366819
 139.099038134210673       -93.198843485612358
 143.150215510599764       -93.027694645600846


# Temperature: 374.000000
# Parameters: -93.508149 0.463184 4.717804 124.916577
 119.985756147042025       -93.459433789589369
 123.658538395939928       -93.505422123098157
 127.405515767875343       -93.496580952642304
 131.227430214078510       -93.441154073285290
 135.125023685780207       -93.342185655426050
 139.099038134210673       -93.203864004234816
 143.150215510599764       -93.032844249050868


# Temperature: 376.000000
# Parameters: -93.512873 0.462948 4.718374 124.920502
 119.985756147042025       -93.464103518316989
 123.658538395939928       -93.510129377714208
 127.405515767875343       -93.501342966843936
 131.227430214078510       -93.445996493442223
 135.125023685780207       -93.347121677318427
 139.099038134210673       -93.208904666839572
 143.150215510599764       -93.038014050377356


# Temperature: 378.000000
# Parameters: -93.517617 0.462713 4.718948 124.924440
 119.985756147042025       -93.468792835502413
 123.658538395939928       -93.514856368997016
 127.405515767875343       -93.506124830682793
 131.227430214078510       -93.450858856514770
 135.125023685780207       -93.352077715712682
 139.099038134210673       -93.213965405022506
 143.150215510599764       -93.043203979103339


# Temperature: 380.000000
# Parameters: -93.522381 0.462479 4.719535 124.928389
 119.985756147042025       -93.473501682069312
 123.658538395939928       -93.519603034761005
 127.405515767875343       -93.510926483009712
 131.227430214078510       -93.455741098244459
 135.125023685780207       -93.357053704277519
 139.099038134210673       -93.219046152452322
 143.150215510599764       -93.048413968897520


# Temperature: 382.000000
# Parameters: -93.527165 0.462244 4.720113 124.932351
 119.985756147042025       -93.478229996868549
 123.658538395939928       -93.524369310747730
 127.405515767875343       -93.515747858529849
 131.227430214078510       -93.460643153336477
 135.125023685780207       -93.362049577718082
 139.099038134210673       -93.224146843834163
 143.150215510599764       -93.053643952392179


# Temperature: 384.000000
# Parameters: -93.531968 0.462010 4.720705 124.936324
 119.985756147042025       -93.482977718750973
 123.658538395939928       -93.529155136844466
 127.405515767875343       -93.520588894021202
 131.227430214078510       -93.465564958568777
 135.125023685780207       -93.367065271775928
 139.099038134210673       -93.229267410763882
 143.150215510599764       -93.058893862219634


# Temperature: 386.000000
# Parameters: -93.536790 0.461775 4.721290 124.940310
 119.985756147042025       -93.487744787603845
 123.658538395939928       -93.533960451902075
 127.405515767875343       -93.525449528334605
 131.227430214078510       -93.470506448646518
 135.125023685780207       -93.372100722192641
 139.099038134210673       -93.234407791055915
 143.150215510599764       -93.064163635157840


# Temperature: 388.000000
# Parameters: -93.541633 0.461541 4.721874 124.944306
 119.985756147042025       -93.492531144350878
 123.658538395939928       -93.538785193734967
 127.405515767875343       -93.530329698248053
 131.227430214078510       -93.475467562420548
 135.125023685780207       -93.377155862636911
 139.099038134210673       -93.239567917342541
 143.150215510599764       -93.069453201766265


# Temperature: 390.000000
# Parameters: -93.546494 0.461306 4.722474 124.948315
 119.985756147042025       -93.497336729915759
 123.658538395939928       -93.543629301193974
 127.405515767875343       -93.535229342612396
 131.227430214078510       -93.480448235632437
 135.125023685780207       -93.382230631959615
 139.099038134210673       -93.244747726401755
 143.150215510599764       -93.074762499859318


# Temperature: 392.000000
# Parameters: -93.551375 0.461072 4.723062 124.952336
 119.985756147042025       -93.502161484185763
 123.658538395939928       -93.548492716239252
 127.405515767875343       -93.540148399242057
 131.227430214078510       -93.485448407133021
 135.125023685780207       -93.387324965902295
 139.099038134210673       -93.249947153975128
 143.150215510599764       -93.080091464142129


# Temperature: 394.000000
# Parameters: -93.556276 0.460838 4.723663 124.956368
 119.985756147042025       -93.507005349121016
 123.658538395939928       -93.553375376685182
 127.405515767875343       -93.545086806987868
 131.227430214078510       -93.490468013700294
 135.125023685780207       -93.392438800206534
 139.099038134210673       -93.255166136840643
 143.150215510599764       -93.085440029319841


# Temperature: 396.000000
# Parameters: -93.561195 0.460604 4.724273 124.960411
 119.985756147042025       -93.511868267718071
 123.658538395939928       -93.558277224491931
 127.405515767875343       -93.550044506773546
 131.227430214078510       -93.495506994185106
 135.125023685780207       -93.397572075796020
 139.099038134210673       -93.260404611776295
 143.150215510599764       -93.090808132170466


# Temperature: 398.000000
# Parameters: -93.566134 0.460370 4.724878 124.964466
 119.985756147042025       -93.516750179864189
 123.658538395939928       -93.563198199546733
 127.405515767875343       -93.555021436413497
 131.227430214078510       -93.500565287438320
 135.125023685780207       -93.402724727375897
 139.099038134210673       -93.265662515560095
 143.150215510599764       -93.096195710508397


# Temperature: 400.000000
# Parameters: -93.571092 0.460136 4.725484 124.968532
 119.985756147042025       -93.521651028555937
 123.658538395939928       -93.568138242773315
 127.405515767875343       -93.560017537867850
 131.227430214078510       -93.505642833347167
 135.125023685780207       -93.407896694833425
 139.099038134210673       -93.270939786006437
 143.150215510599764       -93.101602700075233


# Temperature: 402.000000
# Parameters: -93.576070 0.459903 4.726099 124.972610
 119.985756147042025       -93.526570757826292
 123.658538395939928       -93.573097297168204
 127.405515767875343       -93.565032749987452
 131.227430214078510       -93.510739569726098
 135.125023685780207       -93.413087918055908
 139.099038134210673       -93.276236361966184
 143.150215510599764       -93.107029037648928


# Temperature: 404.000000
# Parameters: -93.581066 0.459669 4.726717 124.976699
 119.985756147042025       -93.531509309635368
 123.658538395939928       -93.578075302618700
 127.405515767875343       -93.570067014732430
 131.227430214078510       -93.515855438535240
 135.125023685780207       -93.418298333821312
 139.099038134210673       -93.281552182290170
 143.150215510599764       -93.112474663116785


# Temperature: 406.000000
# Parameters: -93.586081 0.459436 4.727328 124.980799
 119.985756147042025       -93.536466626979717
 123.658538395939928       -93.583072203157755
 127.405515767875343       -93.575120273026485
 131.227430214078510       -93.520990379661853
 135.125023685780207       -93.423527884089765
 139.099038134210673       -93.286887183756406
 143.150215510599764       -93.117939514293226


# Temperature: 408.000000
# Parameters: -93.591115 0.459203 4.727963 124.984910
 119.985756147042025       -93.541442655965184
 123.658538395939928       -93.588087940745510
 127.405515767875343       -93.580192466829729
 131.227430214078510       -93.526144332993198
 135.125023685780207       -93.428776507712129
 139.099038134210673       -93.292241308325004
 143.150215510599764       -93.123423528992646


# Temperature: 410.000000
# Parameters: -93.596168 0.458969 4.728582 124.989032
 119.985756147042025       -93.546437337515457
 123.658538395939928       -93.593122458378517
 127.405515767875343       -93.585283537065877
 131.227430214078510       -93.531317240489429
 135.125023685780207       -93.434044144575665
 139.099038134210673       -93.297614494846812
 143.150215510599764       -93.128926647102332


# Temperature: 412.000000
# Parameters: -93.601240 0.458736 4.729210 124.993165
 119.985756147042025       -93.551450618772790
 123.658538395939928       -93.598175699053314
 127.405515767875343       -93.590393426731467
 131.227430214078510       -93.536509043074233
 135.125023685780207       -93.439330736640500
 139.099038134210673       -93.303006683209105
 143.150215510599764       -93.134448808509561


# Temperature: 414.000000
# Parameters: -93.606331 0.458503 4.729836 124.997309
 119.985756147042025       -93.556482442733738
 123.658538395939928       -93.603247606802896
 127.405515767875343       -93.595522078823052
 131.227430214078510       -93.541719683744148
 135.125023685780207       -93.444636224830319
 139.099038134210673       -93.308417814335570
 143.150215510599764       -93.139989953101590


# Temperature: 416.000000
# Parameters: -93.611440 0.458270 4.730475 125.001463
 119.985756147042025       -93.561532754467706
 123.658538395939928       -93.608338124623799
 127.405515767875343       -93.600669435300759
 131.227430214078510       -93.546949102386463
 135.125023685780207       -93.449960549032411
 139.099038134210673       -93.313847828113495
 143.150215510599764       -93.145550020765697


# Temperature: 418.000000
# Parameters: -93.616568 0.458037 4.731110 125.005629
 119.985756147042025       -93.566601500080523
 123.658538395939928       -93.613447197585444
 127.405515767875343       -93.605835440197581
 131.227430214078510       -93.552197244070584
 135.125023685780207       -93.455303653279756
 139.099038134210673       -93.319296666503007
 143.150215510599764       -93.151128952425594


# Temperature: 420.000000
# Parameters: -93.621715 0.457805 4.731756 125.009806
 119.985756147042025       -93.571688625678036
 123.658538395939928       -93.618574770757206
 127.405515767875343       -93.611020038582907
 131.227430214078510       -93.557464050756607
 135.125023685780207       -93.460665479532480
 139.099038134210673       -93.324764272500644
 143.150215510599764       -93.156726689004969


# Temperature: 422.000000
# Parameters: -93.626880 0.457572 4.732393 125.013993
 119.985756147042025       -93.576794076329620
 123.658538395939928       -93.623720788172093
 127.405515767875343       -93.616223171380426
 131.227430214078510       -93.562749464404703
 135.125023685780207       -93.466045968714269
 139.099038134210673       -93.330250585993682
 143.150215510599764       -93.162343172463949


# Temperature: 424.000000
# Parameters: -93.632064 0.457339 4.733040 125.018190
 119.985756147042025       -93.581917799177546
 123.658538395939928       -93.628885194899496
 127.405515767875343       -93.621444785732422
 131.227430214078510       -93.568053431120660
 135.125023685780207       -93.471445065894528
 139.099038134210673       -93.335755549978686
 143.150215510599764       -93.167978343726233


# Temperature: 426.000000
# Parameters: -93.637266 0.457107 4.733688 125.022399
 119.985756147042025       -93.587059739291206
 123.658538395939928       -93.634067937045245
 127.405515767875343       -93.626684824635419
 131.227430214078510       -93.573375892864632
 135.125023685780207       -93.476862711996958
 139.099038134210673       -93.341279108488607
 143.150215510599764       -93.173632146824787


# Temperature: 428.000000
# Parameters: -93.642487 0.456875 4.734346 125.026617
 119.985756147042025       -93.592219844849311
 123.658538395939928       -93.639268959678745
 127.405515767875343       -93.631943234195262
 131.227430214078510       -93.578716794705997
 135.125023685780207       -93.482298853127389
 139.099038134210673       -93.346821202447160
 143.150215510599764       -93.179304523719750


# Temperature: 430.000000
# Parameters: -93.647725 0.456642 4.734989 125.030847
 119.985756147042025       -93.597398062994088
 123.658538395939928       -93.644488210978693
 127.405515767875343       -93.637219959481357
 131.227430214078510       -93.584076080677761
 135.125023685780207       -93.487753431245963
 139.099038134210673       -93.352381777960190
 143.150215510599764       -93.184995416371251


# Temperature: 432.000000
# Parameters: -93.652982 0.456410 4.735660 125.035086
 119.985756147042025       -93.602594340867824
 123.658538395939928       -93.649725634978040
 127.405515767875343       -93.642514945563093
 131.227430214078510       -93.589453695849315
 135.125023685780207       -93.493226392458496
 139.099038134210673       -93.357960775951369
 143.150215510599764       -93.190704768812253


# Temperature: 434.000000
# Parameters: -93.658258 0.456178 4.736317 125.039336
 119.985756147042025       -93.607808625612748
 123.658538395939928       -93.654981179855483
 127.405515767875343       -93.647828138546330
 131.227430214078510       -93.594849586326490
 135.125023685780207       -93.498717679761526
 139.099038134210673       -93.363558143562969
 143.150215510599764       -93.196432524039324


# Temperature: 436.000000
# Parameters: -93.663551 0.455946 4.736984 125.043597
 119.985756147042025       -93.613040866443981
 123.658538395939928       -93.660254791716852
 127.405515767875343       -93.653159484536857
 131.227430214078510       -93.600263696142250
 135.125023685780207       -93.504227239260899
 139.099038134210673       -93.369173822755101
 143.150215510599764       -93.202178628158279


# Temperature: 438.000000
# Parameters: -93.668863 0.455714 4.737652 125.047867
 119.985756147042025       -93.618291011540208
 123.658538395939928       -93.665546418740846
 127.405515767875343       -93.658508930676973
 131.227430214078510       -93.605695972438880
 135.125023685780207       -93.509755016026034
 139.099038134210673       -93.374807759633612
 143.150215510599764       -93.207943023129246


# Temperature: 440.000000
# Parameters: -93.674192 0.455482 4.738308 125.052148
 119.985756147042025       -93.623559008043671
 123.658538395939928       -93.670856009106117
 127.405515767875343       -93.663876423072480
 131.227430214078510       -93.611146361322184
 135.125023685780207       -93.515300955126307
 139.099038134210673       -93.380459898231479
 143.150215510599764       -93.213725655058070


# Temperature: 442.000000
# Parameters: -93.679540 0.455251 4.738983 125.056439
 119.985756147042025       -93.628844807242359
 123.658538395939928       -93.676183508918513
 127.405515767875343       -93.669261909902062
 131.227430214078510       -93.616614808898007
 135.125023685780207       -93.520865002667549
 139.099038134210673       -93.386130185690945
 143.150215510599764       -93.219526467977715


# Temperature: 444.000000
# Parameters: -93.684906 0.455019 4.739673 125.060740
 119.985756147042025       -93.634148356278502
 123.658538395939928       -93.681528867393141
 127.405515767875343       -93.674665338307989
 131.227430214078510       -93.622101262308604
 135.125023685780207       -93.526447105792045
 139.099038134210673       -93.391818566045004
 143.150215510599764       -93.225345407993998


# Temperature: 446.000000
# Parameters: -93.690289 0.454788 4.740335 125.065051
 119.985756147042025       -93.639469605403661
 123.658538395939928       -93.686892033745110
 127.405515767875343       -93.680086655432518
 131.227430214078510       -93.627605667659807
 135.125023685780207       -93.532047210605597
 139.099038134210673       -93.397524987472323
 143.150215510599764       -93.231182420176353


# Temperature: 448.000000
# Parameters: -93.695691 0.454556 4.741019 125.069372
 119.985756147042025       -93.644808503832920
 123.658538395939928       -93.692272956153104
 127.405515767875343       -93.685525809454319
 131.227430214078510       -93.633127974166712
 135.125023685780207       -93.537665263214052
 139.099038134210673       -93.403249394005883
 143.150215510599764       -93.237037451667021


# Temperature: 450.000000
# Parameters: -93.701110 0.454325 4.741696 125.073703
 119.985756147042025       -93.650165001817840
 123.658538395939928       -93.697671583832232
 127.405515767875343       -93.690982749588514
 131.227430214078510       -93.638668127935176
 135.125023685780207       -93.543301211796091
 139.099038134210673       -93.408991734860805
 143.150215510599764       -93.242910448571834


# Temperature: 452.000000
# Parameters: -93.706547 0.454094 4.742386 125.078044
 119.985756147042025       -93.655539050646354
 123.658538395939928       -93.703087864961176
 127.405515767875343       -93.696457422977346
 131.227430214078510       -93.644226077143855
 135.125023685780207       -93.548955002457532
 139.099038134210673       -93.414751955106496
 143.150215510599764       -93.248801355960197


# Temperature: 454.000000
# Parameters: -93.712002 0.453863 4.743076 125.082395
 119.985756147042025       -93.660930599533600
 123.658538395939928       -93.708521750827913
 127.405515767875343       -93.701949779872365
 131.227430214078510       -93.649801771007859
 135.125023685780207       -93.554626585449924
 139.099038134210673       -93.420530002921609
 143.150215510599764       -93.254710123047218


# Temperature: 456.000000
# Parameters: -93.717474 0.453632 4.743770 125.086756
 119.985756147042025       -93.666339599767511
 123.658538395939928       -93.713973190647522
 127.405515767875343       -93.707459769488679
 131.227430214078510       -93.655395157705897
 135.125023685780207       -93.560315905842671
 139.099038134210673       -93.426325825448430
 143.150215510599764       -93.260636694902288


# Temperature: 458.000000
# Parameters: -93.722964 0.453401 4.744465 125.091126
 119.985756147042025       -93.671766001599650
 123.658538395939928       -93.719442133635141
 127.405515767875343       -93.712987340004958
 131.227430214078510       -93.661006185416625
 135.125023685780207       -93.566022914923721
 139.099038134210673       -93.432139370865642
 143.150215510599764       -93.266581020740546


# Temperature: 460.000000
# Parameters: -93.728471 0.453170 4.745157 125.095507
 119.985756147042025       -93.677209757354404
 123.658538395939928       -93.724928532115143
 127.405515767875343       -93.718532441672750
 131.227430214078510       -93.666634803355180
 135.125023685780207       -93.571747558798918
 139.099038134210673       -93.437970588388339
 143.150215510599764       -93.272543047704232


# Temperature: 462.000000
# Parameters: -93.733996 0.452939 4.745859 125.099897
 119.985756147042025       -93.682670818319707
 123.658538395939928       -93.730432336339064
 127.405515767875343       -93.724095024743590
 131.227430214078510       -93.672280962809495
 135.125023685780207       -93.577489787719799
 139.099038134210673       -93.443819425158779
 143.150215510599764       -93.278522723972031


# Temperature: 464.000000
# Parameters: -93.739539 0.452708 4.746560 125.104296
 119.985756147042025       -93.688149135783547
 123.658538395939928       -93.735953495522011
 127.405515767875343       -93.729675039469001
 131.227430214078510       -93.677944610921841
 135.125023685780207       -93.583249550901471
 139.099038134210673       -93.449685831428511
 143.150215510599764       -93.284519998759038


# Temperature: 466.000000
# Parameters: -93.745099 0.452478 4.747283 125.108706
 119.985756147042025       -93.693644662070312
 123.658538395939928       -93.741491963024814
 127.405515767875343       -93.735272437136970
 131.227430214078510       -93.683625700016606
 135.125023685780207       -93.589026798595455
 139.099038134210673       -93.455569754339777
 143.150215510599764       -93.290534820243963


# Temperature: 468.000000
# Parameters: -93.750676 0.452247 4.747981 125.113124
 119.985756147042025       -93.699157348467949
 123.658538395939928       -93.747047688062580
 127.405515767875343       -93.740887166962580
 131.227430214078510       -93.689324178272471
 135.125023685780207       -93.594821478980450
 139.099038134210673       -93.461471145180539
 143.150215510599764       -93.296567137641901


# Temperature: 470.000000
# Parameters: -93.756270 0.452017 4.748693 125.117553
 119.985756147042025       -93.704687149373711
 123.658538395939928       -93.752620625032534
 127.405515767875343       -93.746519181270230
 131.227430214078510       -93.695039996977400
 135.125023685780207       -93.600633542307989
 139.099038134210673       -93.467389953165934
 143.150215510599764       -93.302616899131536


# Temperature: 472.000000
# Parameters: -93.761882 0.451786 4.749404 125.121991
 119.985756147042025       -93.710234017111986
 123.658538395939928       -93.758210723149787
 127.405515767875343       -93.752168431347883
 131.227430214078510       -93.700773107419352
 135.125023685780207       -93.606462940902460
 139.099038134210673       -93.473326128547455
 143.150215510599764       -93.308684056000828


# Temperature: 474.000000
# Parameters: -93.767511 0.451556 4.750115 125.126438
 119.985756147042025       -93.715797904007161
 123.658538395939928       -93.763817936811606
 127.405515767875343       -93.757834867447087
 131.227430214078510       -93.706523459849876
 135.125023685780207       -93.612309622942547
 139.099038134210673       -93.479279619503828
 143.150215510599764       -93.314768558501314


# Temperature: 476.000000
# Parameters: -93.773157 0.451326 4.750835 125.130895
 119.985756147042025       -93.721378763420049
 123.658538395939928       -93.769442217305922
 127.405515767875343       -93.763518442928643
 131.227430214078510       -93.712291006593333
 135.125023685780207       -93.618173540752636
 139.099038134210673       -93.485250379395836
 143.150215510599764       -93.320870354811674


# Temperature: 478.000000
# Parameters: -93.778820 0.451096 4.751564 125.135361
 119.985756147042025       -93.726976548711448
 123.658538395939928       -93.775083517993565
 127.405515767875343       -93.769219109080495
 131.227430214078510       -93.718075698937710
 135.125023685780207       -93.624054644584263
 139.099038134210673       -93.491238357438590
 143.150215510599764       -93.326989397256298


# Temperature: 480.000000
# Parameters: -93.784501 0.450865 4.752286 125.139836
 119.985756147042025       -93.732591213242202
 123.658538395939928       -93.780741792235347
 127.405515767875343       -93.774936818227076
 131.227430214078510       -93.723877488170956
 135.125023685780207       -93.629952886761828
 139.099038134210673       -93.497243504920078
 143.150215510599764       -93.333125635050308


# Temperature: 482.000000
# Parameters: -93.790198 0.450636 4.753024 125.144321
 119.985756147042025       -93.738222712445975
 123.658538395939928       -93.786416991319228
 127.405515767875343       -93.780671522692728
 131.227430214078510       -93.729696325581045
 135.125023685780207       -93.635868217536839
 139.099038134210673       -93.503265773128234
 143.150215510599764       -93.339279020518077


# Temperature: 484.000000
# Parameters: -93.795913 0.450406 4.753753 125.148815
 119.985756147042025       -93.743870999683566
 123.658538395939928       -93.792109069642464
 127.405515767875343       -93.786423176874735
 131.227430214078510       -93.735532165565218
 135.125023685780207       -93.641800590270137
 139.099038134210673       -93.509305114387459
 143.150215510599764       -93.345449503911155


# Temperature: 486.000000
# Parameters: -93.801644 0.450176 4.754484 125.153318
 119.985756147042025       -93.749536028315788
 123.658538395939928       -93.797817981602279
 127.405515767875343       -93.792191732061028
 131.227430214078510       -93.741384959411420
 135.125023685780207       -93.647749957286109
 139.099038134210673       -93.515361478949302
 143.150215510599764       -93.351637037553914


# Temperature: 488.000000
# Parameters: -93.807392 0.449946 4.755215 125.157831
 119.985756147042025       -93.755217754812762
 123.658538395939928       -93.803543680559486
 127.405515767875343       -93.797977141612421
 131.227430214078510       -93.747254660480465
 135.125023685780207       -93.653716269872689
 139.099038134210673       -93.521434821210974
 143.150215510599764       -93.357841572734316


# Temperature: 490.000000
# Parameters: -93.813157 0.449717 4.755961 125.162352
 119.985756147042025       -93.760916132535272
 123.658538395939928       -93.809286120911338
 127.405515767875343       -93.803779360962608
 131.227430214078510       -93.753141221096769
 135.125023685780207       -93.659699481390732
 139.099038134210673       -93.527525091424025
 143.150215510599764       -93.364063062813202


# Temperature: 492.000000
# Parameters: -93.818939 0.449487 4.756703 125.166883
 119.985756147042025       -93.766631116916997
 123.658538395939928       -93.815045257055061
 127.405515767875343       -93.809598342435962
 131.227430214078510       -93.759044595657556
 135.125023685780207       -93.665699545201022
 139.099038134210673       -93.533632242949281
 143.150215510599764       -93.370301458042078


# Temperature: 494.000000
# Parameters: -93.824738 0.449257 4.757434 125.171423
 119.985756147042025       -93.772362663391604
 123.658538395939928       -93.820821042351497
 127.405515767875343       -93.815434039393281
 131.227430214078510       -93.764964736487201
 135.125023685780207       -93.671716412591536
 139.099038134210673       -93.539756228111116
 143.150215510599764       -93.376556711781760


# Temperature: 496.000000
# Parameters: -93.830553 0.449028 4.758168 125.175972
 119.985756147042025       -93.778110728429198
 123.658538395939928       -93.826613433270708
 127.405515767875343       -93.821286407268261
 131.227430214078510       -93.770901597982970
 135.125023685780207       -93.677750038995939
 139.099038134210673       -93.545897001306784
 143.150215510599764       -93.382828777393087


# Temperature: 498.000000
# Parameters: -93.836385 0.448798 4.758924 125.180529
 119.985756147042025       -93.783875266427003
 123.658538395939928       -93.832422383173522
 127.405515767875343       -93.827155401494551
 131.227430214078510       -93.776855134542089
 135.125023685780207       -93.683800377775043
 139.099038134210673       -93.552054515897083
 143.150215510599764       -93.389117608236859


# Temperature: 500.000000
# Parameters: -93.842234 0.448569 4.759689 125.185096
 119.985756147042025       -93.789656232818686
 123.658538395939928       -93.838247848530045
 127.405515767875343       -93.833040974396553
 131.227430214078510       -93.782825300561811
 135.125023685780207       -93.689867382289648
 139.099038134210673       -93.558228723169989
 143.150215510599764       -93.395423156637463


# Temperature: 502.000000
# Parameters: -93.848099 0.448340 4.760438 125.189672
 119.985756147042025       -93.795453586147218
 123.658538395939928       -93.844089784773928
 127.405515767875343       -93.838943082444345
 131.227430214078510       -93.788812049402935
 135.125023685780207       -93.695951005900611
 139.099038134210673       -93.564419579595594
 143.150215510599764       -93.401745376992139


# Temperature: 504.000000
# Parameters: -93.853980 0.448111 4.761193 125.194257
 119.985756147042025       -93.801267280809810
 123.658538395939928       -93.849948148375276
 127.405515767875343       -93.844861680035180
 131.227430214078510       -93.794815336499141
 135.125023685780207       -93.702051205077979
 139.099038134210673       -93.570627038534695
 143.150215510599764       -93.408084222661699


# Temperature: 506.000000
# Parameters: -93.859879 0.447882 4.761948 125.198850
 119.985756147042025       -93.807097274312994
 123.658538395939928       -93.855822892694889
 127.405515767875343       -93.850796722602723
 131.227430214078510       -93.800835117284095
 135.125023685780207       -93.708167933182608
 139.099038134210673       -93.576851053348136
 143.150215510599764       -93.414439647006972


# Temperature: 508.000000
# Parameters: -93.865793 0.447653 4.762713 125.203453
 119.985756147042025       -93.812943522090450
 123.658538395939928       -93.861713976275738
 127.405515767875343       -93.856748166617081
 131.227430214078510       -93.806871346155020
 135.125023685780207       -93.714301144611696
 139.099038134210673       -93.583091580505993
 143.150215510599764       -93.420811605461623


# Temperature: 510.000000
# Parameters: -93.871724 0.447424 4.763476 125.208064
 119.985756147042025       -93.818805982685106
 123.658538395939928       -93.867621354551460
 127.405515767875343       -93.862715967511889
 131.227430214078510       -93.812923978545612
 135.125023685780207       -93.720450794798950
 139.099038134210673       -93.589348572332653
 143.150215510599764       -93.427200053459302


# Temperature: 512.000000
# Parameters: -93.877672 0.447195 4.764245 125.212684
 119.985756147042025       -93.824684612567069
 123.658538395939928       -93.873544985028587
 127.405515767875343       -93.868700081757268
 131.227430214078510       -93.818992970925947
 135.125023685780207       -93.726616839178007
 139.099038134210673       -93.595621985298209
 143.150215510599764       -93.433604943324426


# Temperature: 514.000000
# Parameters: -93.883635 0.446966 4.765007 125.217313
 119.985756147042025       -93.830579370279267
 123.658538395939928       -93.879484822104374
 127.405515767875343       -93.874700464786869
 131.227430214078510       -93.825078277693279
 135.125023685780207       -93.732799234218987
 139.099038134210673       -93.601911774836339
 143.150215510599764       -93.440026231527057


# Temperature: 516.000000
# Parameters: -93.889615 0.446737 4.765771 125.221951
 119.985756147042025       -93.836490211255395
 123.658538395939928       -93.885440825358188
 127.405515767875343       -93.880717073070798
 131.227430214078510       -93.831179856354112
 135.125023685780207       -93.738997934319116
 139.099038134210673       -93.608217896380708
 143.150215510599764       -93.446463873500875


# Temperature: 518.000000
# Parameters: -93.895611 0.446509 4.766550 125.226597
 119.985756147042025       -93.842417095074808
 123.658538395939928       -93.891412950223682
 127.405515767875343       -93.886749863079146
 131.227430214078510       -93.837297663378536
 135.125023685780207       -93.745212895948484
 139.099038134210673       -93.614540304328557
 143.150215510599764       -93.452917824679560


# Temperature: 520.000000
# Parameters: -93.901624 0.446280 4.767320 125.231252
 119.985756147042025       -93.848359979244023
 123.658538395939928       -93.897401155243813
 127.405515767875343       -93.892798793354842
 131.227430214078510       -93.843431654200245
 135.125023685780207       -93.751444075577197
 139.099038134210673       -93.620878956186402
 143.150215510599764       -93.459388039460336


# Temperature: 522.000000
# Parameters: -93.907652 0.446051 4.768104 125.235916
 119.985756147042025       -93.854318822305999
 123.658538395939928       -93.903405397925098
 127.405515767875343       -93.898863819331595
 131.227430214078510       -93.849581785289317
 135.125023685780207       -93.757691428638907
 139.099038134210673       -93.627233808424336
 143.150215510599764       -93.465874475349736


# Temperature: 524.000000
# Parameters: -93.913697 0.445823 4.768907 125.240588
 119.985756147042025       -93.860293581767237
 123.658538395939928       -93.909425634737630
 127.405515767875343       -93.904944899552305
 131.227430214078510       -93.855748015188695
 135.125023685780207       -93.763954912640159
 139.099038134210673       -93.633604815439597
 143.150215510599764       -93.472377087781410


# Temperature: 526.000000
# Parameters: -93.919758 0.445595 4.769678 125.245269
 119.985756147042025       -93.866284217207138
 123.658538395939928       -93.915461825260792
 127.405515767875343       -93.911041990487092
 131.227430214078510       -93.861930299332059
 135.125023685780207       -93.770234484051016
 139.099038134210673       -93.639991934738717
 143.150215510599764       -93.478895833225479


# Temperature: 528.000000
# Parameters: -93.925834 0.445366 4.770464 125.249958
 119.985756147042025       -93.872290686132203
 123.658538395939928       -93.921513927001101
 127.405515767875343       -93.917155050678900
 131.227430214078510       -93.868128596262338
 135.125023685780207       -93.776530100378025
 139.099038134210673       -93.646395123828214
 143.150215510599764       -93.485430668152006


# Temperature: 530.000000
# Parameters: -93.931927 0.445138 4.771258 125.254656
 119.985756147042025       -93.878312949158229
 123.658538395939928       -93.927581898501487
 127.405515767875343       -93.923284037634247
 131.227430214078510       -93.874342863486063
 135.125023685780207       -93.782841719127688
 139.099038134210673       -93.652814339178164
 143.150215510599764       -93.491981549031109


# Temperature: 532.000000
# Parameters: -93.938036 0.444910 4.772052 125.259363
 119.985756147042025       -93.884350964828172
 123.658538395939928       -93.933665698304921
 127.405515767875343       -93.929428908859649
 131.227430214078510       -93.880573057473327
 135.125023685780207       -93.789169296770112
 139.099038134210673       -93.659249538295114
 143.150215510599764       -93.498548434405720


# Temperature: 534.000000
# Parameters: -93.944160 0.444682 4.772852 125.264078
 119.985756147042025       -93.890404691684978
 123.658538395939928       -93.939765285990759
 127.405515767875343       -93.935589623934490
 131.227430214078510       -93.886819137803499
 135.125023685780207       -93.795512790811799
 139.099038134210673       -93.665700677649141
 143.150215510599764       -93.505131279709516


# Temperature: 536.000000
# Parameters: -93.950300 0.444454 4.773641 125.268801
 119.985756147042025       -93.896474090344427
 123.658538395939928       -93.945880619065520
 127.405515767875343       -93.941766141401700
 131.227430214078510       -93.893081061983096
 135.125023685780207       -93.801872160832147
 139.099038134210673       -93.672167716819615
 143.150215510599764       -93.511730043485443


# Temperature: 538.000000
# Parameters: -93.956456 0.444226 4.774444 125.273533
 119.985756147042025       -93.902559120385931
 123.658538395939928       -93.952011657108599
 127.405515767875343       -93.947958418767797
 131.227430214078510       -93.899358788555077
 135.125023685780207       -93.808247363301234
 139.099038134210673       -93.678650611240215
 143.150215510599764       -93.518344683240016


# Temperature: 540.000000
# Parameters: -93.962628 0.443998 4.775236 125.278273
 119.985756147042025       -93.908659741388817
 123.658538395939928       -93.958158359699340
 127.405515767875343       -93.954166416648604
 131.227430214078510       -93.905652276062384
 135.125023685780207       -93.814638356762003
 139.099038134210673       -93.685149320490311
 143.150215510599764       -93.524975156479755


# Temperature: 542.000000
# Parameters: -93.968816 0.443770 4.776047 125.283022
 119.985756147042025       -93.914775913968924
 123.658538395939928       -93.964320687453551
 127.405515767875343       -93.960390092550625
 131.227430214078510       -93.911961483047961
 135.125023685780207       -93.821045100793825
 139.099038134210673       -93.691663803112831
 143.150215510599764       -93.531621420711176


# Temperature: 544.000000
# Parameters: -93.975019 0.443542 4.776846 125.287779
 119.985756147042025       -93.920907597705593
 123.658538395939928       -93.970498597877764
 127.405515767875343       -93.966629406053244
 131.227430214078510       -93.918286368054751
 135.125023685780207       -93.827467552903244
 139.099038134210673       -93.698194017650749
 143.150215510599764       -93.538283436550088


# Temperature: 546.000000
# Parameters: -93.981238 0.443315 4.777665 125.292544
 119.985756147042025       -93.927054753214648
 123.658538395939928       -93.976692053660614
 127.405515767875343       -93.972884317772241
 131.227430214078510       -93.924626890662140
 135.125023685780207       -93.833905672669601
 139.099038134210673       -93.704739920574156
 143.150215510599764       -93.544961159430144


# Temperature: 548.000000
# Parameters: -93.987473 0.443087 4.778464 125.297318
 119.985756147042025       -93.933217342148296
 123.658538395939928       -93.982901012308631
 127.405515767875343       -93.979154786250575
 131.227430214078510       -93.930983011485907
 135.125023685780207       -93.840359419672296
 139.099038134210673       -93.711301473535258
 143.150215510599764       -93.551654551003594


# Temperature: 550.000000
# Parameters: -93.993723 0.442859 4.779290 125.302100
 119.985756147042025       -93.939395324085936
 123.658538395939928       -93.989125435474051
 127.405515767875343       -93.985440772104056
 131.227430214078510       -93.937354688032599
 135.125023685780207       -93.846828751417831
 139.099038134210673       -93.717878634040588
 143.150215510599764       -93.558363567740514


# Temperature: 552.000000
# Parameters: -93.999989 0.442632 4.780109 125.306890
 119.985756147042025       -93.945588659643334
 123.658538395939928       -93.995365283772657
 127.405515767875343       -93.991742234912024
 131.227430214078510       -93.943741881954409
 135.125023685780207       -93.853313629558443
 139.099038134210673       -93.724471362705941
 143.150215510599764       -93.565088169220289


# Temperature: 554.000000
# Parameters: -94.006270 0.442404 4.780919 125.311688
 119.985756147042025       -93.951797312545580
 123.658538395939928       -94.001620517820243
 127.405515767875343       -93.998059135290319
 131.227430214078510       -93.950144551794310
 135.125023685780207       -93.859814011600648
 139.099038134210673       -93.731079617037850
 143.150215510599764       -93.571828316058699


# Temperature: 556.000000
# Parameters: -94.012567 0.442177 4.781748 125.316495
 119.985756147042025       -93.958021241335629
 123.658538395939928       -94.007891098232619
 127.405515767875343       -94.004391433854707
 131.227430214078510       -93.956562658168082
 135.125023685780207       -93.866329859196668
 139.099038134210673       -93.737703358688520
 143.150215510599764       -93.578583966798703


# Temperature: 558.000000
# Parameters: -94.018879 0.441949 4.782572 125.321310
 119.985756147042025       -93.964260409738557
 123.658538395939928       -94.014176985625596
 127.405515767875343       -94.010739090184572
 131.227430214078510       -93.962996160655109
 135.125023685780207       -93.872861131925873
 139.099038134210673       -93.744342546200912
 143.150215510599764       -93.585355081019671


# Temperature: 560.000000
# Parameters: -94.025206 0.441722 4.783384 125.326133
 119.985756147042025       -93.970514777333733
 123.658538395939928       -94.020478140614955
 127.405515767875343       -94.017102066968576
 131.227430214078510       -93.969445020907614
 135.125023685780207       -93.879407789367647
 139.099038134210673       -93.750997140190805
 143.150215510599764       -93.592141619337397


# Temperature: 562.000000
# Parameters: -94.031549 0.441495 4.784222 125.330964
 119.985756147042025       -93.976784307846231
 123.658538395939928       -94.026794526925769
 127.405515767875343       -94.023480322749649
 131.227430214078510       -93.975909199541405
 135.125023685780207       -93.885969793174212
 139.099038134210673       -93.757667100237597
 143.150215510599764       -93.598943540294840


# Temperature: 564.000000
# Parameters: -94.037907 0.441267 4.785057 125.335803
 119.985756147042025       -93.983068962928286
 123.658538395939928       -94.033126104137423
 127.405515767875343       -94.029873821252878
 131.227430214078510       -93.982388656135839
 135.125023685780207       -93.892547101888510
 139.099038134210673       -93.764352386957086
 143.150215510599764       -93.605760805544222


# Temperature: 566.000000
# Parameters: -94.044280 0.441040 4.785881 125.340650
 119.985756147042025       -93.989368704232106
 123.658538395939928       -94.039472834938579
 127.405515767875343       -94.036282522057633
 131.227430214078510       -93.988883353379578
 135.125023685780207       -93.899139679235617
 139.099038134210673       -93.771052962001477
 143.150215510599764       -93.612593375701337


# Temperature: 568.000000
# Parameters: -94.050669 0.440813 4.786718 125.345506
 119.985756147042025       -93.995683493409942
 123.658538395939928       -94.045834680981443
 127.405515767875343       -94.042706386816150
 131.227430214078510       -93.995393251888416
 135.125023685780207       -93.905747483758489
 139.099038134210673       -93.777768785986595
 143.150215510599764       -93.619441210345556


# Temperature: 570.000000
# Parameters: -94.057073 0.440586 4.787550 125.350369
 119.985756147042025       -94.002013295223293
 123.658538395939928       -94.052211603918238
 127.405515767875343       -94.049145378217062
 131.227430214078510       -94.001918312278150
 135.125023685780207       -93.912370477109349
 139.099038134210673       -93.784499818491781
 143.150215510599764       -93.626304270092689


# Temperature: 572.000000
# Parameters: -94.063491 0.440359 4.788397 125.355241
 119.985756147042025       -94.008358071324366
 123.658538395939928       -94.058603566437640
 127.405515767875343       -94.055599457912606
 131.227430214078510       -94.008458497237442
 135.125023685780207       -93.919008621976843
 139.099038134210673       -93.791246022205712
 143.150215510599764       -93.633182517631383


# Temperature: 574.000000
# Parameters: -94.069925 0.440132 4.789232 125.360120
 119.985756147042025       -94.014717784401824
 123.658538395939928       -94.065010531228282
 127.405515767875343       -94.062068587555004
 131.227430214078510       -94.015013768418513
 135.125023685780207       -93.925661877940342
 139.099038134210673       -93.798007356707757
 143.150215510599764       -93.640075912540993


# Temperature: 576.000000
# Parameters: -94.076374 0.439905 4.790091 125.365008
 119.985756147042025       -94.021092397144315
 123.658538395939928       -94.071432459942386
 127.405515767875343       -94.068552728796490
 131.227430214078510       -94.021584086437159
 135.125023685780207       -93.932330208724935
 139.099038134210673       -93.804783785722989
 143.150215510599764       -93.646984417510197


# Temperature: 578.000000
# Parameters: -94.082839 0.439678 4.790937 125.369903
 119.985756147042025       -94.027481873276926
 123.658538395939928       -94.077869316305055
 127.405515767875343       -94.075051844325714
 131.227430214078510       -94.028169415018453
 135.125023685780207       -93.939013573909975
 139.099038134210673       -93.811575269867205
 143.150215510599764       -93.653907993154789


# Temperature: 580.000000
# Parameters: -94.089318 0.439451 4.791781 125.374807
 119.985756147042025       -94.033886176524732
 123.658538395939928       -94.084321063004907
 127.405515767875343       -94.081565897867733
 131.227430214078510       -94.034769715814647
 135.125023685780207       -93.945711938256991
 139.099038134210673       -93.818381769756215
 143.150215510599764       -93.660846601126977


# Temperature: 582.000000
# Parameters: -94.095812 0.439225 4.792641 125.379718
 119.985756147042025       -94.040305269576379
 123.658538395939928       -94.090787662730619
 127.405515767875343       -94.088094851074800
 131.227430214078510       -94.041384950477934
 135.125023685780207       -93.952425261345354
 139.099038134210673       -93.825203250151503
 143.150215510599764       -93.667800204115437


# Temperature: 584.000000
# Parameters: -94.102321 0.438998 4.793494 125.384637
 119.985756147042025       -94.046739117193383
 123.658538395939928       -94.097269078170839
 127.405515767875343       -94.094638667671987
 131.227430214078510       -94.048015082733400
 135.125023685780207       -93.959153507936549
 139.099038134210673       -93.832039671668895
 143.150215510599764       -93.674768762735951


# Temperature: 586.000000
# Parameters: -94.108845 0.438771 4.794334 125.389565
 119.985756147042025       -94.053187682064390
 123.658538395939928       -94.103765274087053
 127.405515767875343       -94.101197309311502
 131.227430214078510       -94.054660075269709
 135.125023685780207       -93.965896638646385
 139.099038134210673       -93.838890995960597
 143.150215510599764       -93.681752240713607


# Temperature: 588.000000
# Parameters: -94.115383 0.438544 4.795200 125.394499
 119.985756147042025       -94.059650928950887
 123.658538395939928       -94.110276214204362
 127.405515767875343       -94.107770739718447
 131.227430214078510       -94.061319890775508
 135.125023685780207       -93.972654618236376
 139.099038134210673       -93.845757187788124
 143.150215510599764       -93.688750600737038


# Temperature: 590.000000
# Parameters: -94.121937 0.438318 4.796061 125.399442
 119.985756147042025       -94.066128822614402
 123.658538395939928       -94.116801860174988
 127.405515767875343       -94.114358923654308
 131.227430214078510       -94.067994492975870
 135.125023685780207       -93.979427407322305
 139.099038134210673       -93.852638207767271
 143.150215510599764       -93.695763804458494


# Temperature: 592.000000
# Parameters: -94.128505 0.438091 4.796921 125.404393
 119.985756147042025       -94.072621325743583
 123.658538395939928       -94.123342178833269
 127.405515767875343       -94.120961822771321
 131.227430214078510       -94.074683843523019
 135.125023685780207       -93.986214970665685
 139.099038134210673       -93.859534019623098
 143.150215510599764       -93.702791814566609


# Temperature: 594.000000
# Parameters: -94.135088 0.437865 4.797784 125.409352
 119.985756147042025       -94.079128404136355
 123.658538395939928       -94.129897131831456
 127.405515767875343       -94.127579402867411
 131.227430214078510       -94.081387908214893
 135.125023685780207       -93.993017269918738
 139.099038134210673       -93.866444587080721
 143.150215510599764       -93.709834593750060


# Temperature: 596.000000
# Parameters: -94.141686 0.437638 4.798655 125.414318
 119.985756147042025       -94.085650021517807
 123.658538395939928       -94.136466683931047
 127.405515767875343       -94.134211625594801
 131.227430214078510       -94.088106648703729
 135.125023685780207       -93.999834270879404
 139.099038134210673       -93.873369872828761
 143.150215510599764       -93.716892106770317


# Temperature: 598.000000
# Parameters: -94.148298 0.437412 4.799517 125.419292
 119.985756147042025       -94.092186143685851
 123.658538395939928       -94.143050799893530
 127.405515767875343       -94.140858455715005
 131.227430214078510       -94.094840028714572
 135.125023685780207       -94.006665935199905
 139.099038134210673       -93.880309840592318
 143.150215510599764       -93.723964315279630


# Temperature: 600.000000
# Parameters: -94.154925 0.437186 4.800395 125.424274
 119.985756147042025       -94.098736735401999
 123.658538395939928       -94.149649443443991
 127.405515767875343       -94.147519859025962
 131.227430214078510       -94.101588014045376
 135.125023685780207       -94.013512227641726
 139.099038134210673       -93.887264453060027
 143.150215510599764       -93.731051184039487


# Temperature: 602.000000
# Parameters: -94.161567 0.436959 4.801273 125.429264
 119.985756147042025       -94.105301760391342
 123.658538395939928       -94.156262581416797
 127.405515767875343       -94.154195797179867
 131.227430214078510       -94.108350567384790
 135.125023685780207       -94.020373110893544
 139.099038134210673       -93.894233674993387
 143.150215510599764       -93.738152675738561


# Temperature: 604.000000
# Parameters: -94.168223 0.436733 4.802133 125.434261
 119.985756147042025       -94.111881185488215
 123.658538395939928       -94.162890176500596
 127.405515767875343       -94.160886237011098
 131.227430214078510       -94.115127652457900
 135.125023685780207       -94.027248550753285
 139.099038134210673       -93.901217470117501
 143.150215510599764       -93.745268754101915


# Temperature: 606.000000
# Parameters: -94.174894 0.436507 4.803029 125.439266
 119.985756147042025       -94.118474976490575
 123.658538395939928       -94.169532193456888
 127.405515767875343       -94.167591142244746
 131.227430214078510       -94.121919236099046
 135.125023685780207       -94.034138509909596
 139.099038134210673       -93.908215802157429
 143.150215510599764       -93.752399382854620


# Temperature: 608.000000
# Parameters: -94.181579 0.436281 4.803907 125.444279
 119.985756147042025       -94.125083097123479
 123.658538395939928       -94.176188599120039
 127.405515767875343       -94.174310476605854
 131.227430214078510       -94.128725279960463
 135.125023685780207       -94.041042954160403
 139.099038134210673       -93.915228634838257
 143.150215510599764       -93.759544527794631


# Temperature: 610.000000
# Parameters: -94.188279 0.436054 4.804782 125.449300
 119.985756147042025       -94.131705513184855
 123.658538395939928       -94.182859358251534
 127.405515767875343       -94.181044206928803
 131.227430214078510       -94.135545750876503
 135.125023685780207       -94.047961846194369
 139.099038134210673       -93.922255933957913
 143.150215510599764       -93.766704150574142


# Temperature: 612.000000
# Parameters: -94.194993 0.435829 4.805693 125.454328
 119.985756147042025       -94.138342192545508
 123.658538395939928       -94.189544435612888
 127.405515767875343       -94.187792297975108
 131.227430214078510       -94.142380612572254
 135.125023685780207       -94.054895152845845
 139.099038134210673       -93.929297663241471
 143.150215510599764       -93.773878218027548


# Temperature: 614.000000
# Parameters: -94.201722 0.435603 4.806566 125.459364
 119.985756147042025       -94.144993098930499
 123.658538395939928       -94.196243797002055
 127.405515767875343       -94.194554714506239
 131.227430214078510       -94.149229830845641
 135.125023685780207       -94.061842836803493
 139.099038134210673       -93.936353788486869
 143.150215510599764       -93.781066693879893


# Temperature: 616.000000
# Parameters: -94.208465 0.435376 4.807446 125.464408
 119.985756147042025       -94.151658200210619
 123.658538395939928       -94.202957408216932
 127.405515767875343       -94.201331421283726
 131.227430214078510       -94.156093370458166
 135.125023685780207       -94.068804864901637
 139.099038134210673       -93.943424272382757
 143.150215510599764       -93.788269542892692


# Temperature: 618.000000
# Parameters: -94.215222 0.435151 4.808346 125.469459
 119.985756147042025       -94.158337461147383
 123.658538395939928       -94.209685235055460
 127.405515767875343       -94.208122386178346
 131.227430214078510       -94.162971197207753
 135.125023685780207       -94.075781201901819
 139.099038134210673       -93.950509081763485
 143.150215510599764       -93.795486729827459


# Temperature: 620.000000
# Parameters: -94.221993 0.434924 4.809234 125.474517
 119.985756147042025       -94.165030849611540
 123.658538395939928       -94.216427244351991
 127.405515767875343       -94.214927571878761
 131.227430214078510       -94.169863275855931
 135.125023685780207       -94.082771812565539
 139.099038134210673       -93.957608180354129
 143.150215510599764       -93.802718219445694


# Temperature: 622.000000
# Parameters: -94.228779 0.434699 4.810128 125.479584
 119.985756147042025       -94.171738330364633
 123.658538395939928       -94.223183400868052
 127.405515767875343       -94.221746946255735
 131.227430214078510       -94.176769572200598
 135.125023685780207       -94.089776662690710
 139.099038134210673       -93.964721536025493
 143.150215510599764       -93.809963977545323


# Temperature: 624.000000
# Parameters: -94.235579 0.434473 4.811049 125.484657
 119.985756147042025       -94.178459872313852
 123.658538395939928       -94.229953672474409
 127.405515767875343       -94.228580475107208
 131.227430214078510       -94.183690053076148
 135.125023685780207       -94.096795717038830
 139.099038134210673       -93.971849111466213
 143.150215510599764       -93.817223968887859


# Temperature: 626.000000
# Parameters: -94.242393 0.434247 4.811939 125.489739
 119.985756147042025       -94.185195440220696
 123.658538395939928       -94.236738023932574
 127.405515767875343       -94.235428125267546
 131.227430214078510       -94.190624683244053
 135.125023685780207       -94.103828943480721
 139.099038134210673       -93.978990873510654
 143.150215510599764       -93.824498159271229


# Temperature: 628.000000
# Parameters: -94.249222 0.434021 4.812825 125.494828
 119.985756147042025       -94.191945001955958
 123.658538395939928       -94.243536423113312
 127.405515767875343       -94.242289860461824
 131.227430214078510       -94.197573428502253
 135.125023685780207       -94.110876305741428
 139.099038134210673       -93.986146787956727
 143.150215510599764       -93.831786515529771


# Temperature: 630.000000
# Parameters: -94.256064 0.433796 4.813745 125.499925
 119.985756147042025       -94.198708525390430
 123.658538395939928       -94.250348836851003
 127.405515767875343       -94.249165649597231
 131.227430214078510       -94.204536256721553
 135.125023685780207       -94.117937771691743
 139.099038134210673       -93.993316821638814
 143.150215510599764       -93.839089002425027


# Temperature: 632.000000
# Parameters: -94.262921 0.433570 4.814640 125.505029
 119.985756147042025       -94.205485976322038
 123.658538395939928       -94.257175230943574
 127.405515767875343       -94.256055459508147
 131.227430214078510       -94.211513132663427
 135.125023685780207       -94.125013306093166
 139.099038134210673       -94.000500938281988
 143.150215510599764       -93.846405584718468


# Temperature: 634.000000
# Parameters: -94.269792 0.433344 4.815562 125.510140
 119.985756147042025       -94.212277323657972
 123.658538395939928       -94.264015573261801
 127.405515767875343       -94.262959254956073
 131.227430214078510       -94.218504024198680
 135.125023685780207       -94.132102875780078
 139.099038134210673       -94.007699106793453
 143.150215510599764       -93.853736231317328


# Temperature: 636.000000
# Parameters: -94.276676 0.433119 4.816475 125.515259
 119.985756147042025       -94.219082533196186
 123.658538395939928       -94.270869830640038
 127.405515767875343       -94.269877003811786
 131.227430214078510       -94.225508897125223
 135.125023685780207       -94.139206447586801
 139.099038134210673       -94.014911291934709
 143.150215510599764       -93.861080905946665


# Temperature: 638.000000
# Parameters: -94.283575 0.432893 4.817392 125.520386
 119.985756147042025       -94.225901573843885
 123.658538395939928       -94.277737969912650
 127.405515767875343       -94.276808672909652
 131.227430214078510       -94.232527718277424
 135.125023685780207       -94.146323987311291
 139.099038134210673       -94.022137460540122
 143.150215510599764       -93.868439576477272


# Temperature: 640.000000
# Parameters: -94.290487 0.432667 4.818292 125.525520
 119.985756147042025       -94.232734413471846
 123.658538395939928       -94.284619959986841
 127.405515767875343       -94.283754230120437
 131.227430214078510       -94.239560455526075
 135.125023685780207       -94.153455462824311
 139.099038134210673       -94.029377579444045
 143.150215510599764       -93.875812208707089


# Temperature: 642.000000
# Parameters: -94.297414 0.432442 4.819201 125.530661
 119.985756147042025       -94.239581018914436
 123.658538395939928       -94.291515766660552
 127.405515767875343       -94.290713642278519
 131.227430214078510       -94.246607074669100
 135.125023685780207       -94.160600840960242
 139.099038134210673       -94.036631615480843
 143.150215510599764       -93.883198770506880


# Temperature: 644.000000
# Parameters: -94.304354 0.432216 4.820126 125.535810
 119.985756147042025       -94.246441359078844
 123.658538395939928       -94.298425358840987
 127.405515767875343       -94.297686876218236
 131.227430214078510       -94.253667543577279
 135.125023685780207       -94.167760088553436
 139.099038134210673       -94.043899535484854
 143.150215510599764       -93.890599227674599


# Temperature: 646.000000
# Parameters: -94.311309 0.431991 4.821045 125.540967
 119.985756147042025       -94.253315401835877
 123.658538395939928       -94.305348704398924
 127.405515767875343       -94.304673900846822
 131.227430214078510       -94.260741829084978
 135.125023685780207       -94.174933172438230
 139.099038134210673       -94.051181306290459
 143.150215510599764       -93.898013547044584


# Temperature: 648.000000
# Parameters: -94.318277 0.431765 4.821973 125.546130
 119.985756147042025       -94.260203116092740
 123.658538395939928       -94.312285770168728
 127.405515767875343       -94.311674682998614
 131.227430214078510       -94.267829900099386
 135.125023685780207       -94.182120060485431
 139.099038134210673       -94.058476895768436
 143.150215510599764       -93.905441696487628


# Temperature: 650.000000
# Parameters: -94.325259 0.431540 4.822903 125.551301
 119.985756147042025       -94.267104469720209
 123.658538395939928       -94.319236526094031
 127.405515767875343       -94.318689190544404
 131.227430214078510       -94.274931722418458
 135.125023685780207       -94.189320719529391
 139.099038134210673       -94.065786270753122
 143.150215510599764       -93.912883643874508


# Temperature: 652.000000
# Parameters: -94.332255 0.431315 4.823841 125.556480
 119.985756147042025       -94.274019430589078
 123.658538395939928       -94.326200939009183
 127.405515767875343       -94.325717391354971
 131.227430214078510       -94.282047265985824
 135.125023685780207       -94.196535118477300
 139.099038134210673       -94.073109399115324
 143.150215510599764       -93.920339355003151


# Temperature: 654.000000
# Parameters: -94.339264 0.431089 4.824758 125.561666
 119.985756147042025       -94.280947968642977
 123.658538395939928       -94.333178976784993
 127.405515767875343       -94.332759254337532
 131.227430214078510       -94.289176496599396
 135.125023685780207       -94.203763224163538
 139.099038134210673       -94.080446248725806
 143.150215510599764       -93.927808797744362


# Temperature: 656.000000
# Parameters: -94.346287 0.430864 4.825693 125.566859
 119.985756147042025       -94.287890052789109
 123.658538395939928       -94.340170609365074
 127.405515767875343       -94.339814746326425
 131.227430214078510       -94.296319383166420
 135.125023685780207       -94.211005004458883
 139.099038134210673       -94.087796787455375
 143.150215510599764       -93.935291941005318


# Temperature: 658.000000
# Parameters: -94.353324 0.430639 4.826624 125.572060
 119.985756147042025       -94.294845650898253
 123.658538395939928       -94.347175804620207
 127.405515767875343       -94.346883837265310
 131.227430214078510       -94.303475894594072
 135.125023685780207       -94.218260428270554
 139.099038134210673       -94.095160982138367
 143.150215510599764       -93.942788751620412


# Temperature: 660.000000
# Parameters: -94.360374 0.430413 4.827566 125.577268
 119.985756147042025       -94.301814732914067
 123.658538395939928       -94.354194531457622
 127.405515767875343       -94.353966495024963
 131.227430214078510       -94.310645998753145
 135.125023685780207       -94.225529462432874
 139.099038134210673       -94.102538802718428
 143.150215510599764       -93.950299198496836


# Temperature: 662.000000
# Parameters: -94.367439 0.430188 4.828514 125.582483
 119.985756147042025       -94.308797267743756
 123.658538395939928       -94.361226758784511
 127.405515767875343       -94.361062687476164
 131.227430214078510       -94.317829663514431
 135.125023685780207       -94.232812075853090
 139.099038134210673       -94.109930214993483
 143.150215510599764       -93.957823248468941


# Temperature: 664.000000
# Parameters: -94.374516 0.429963 4.829446 125.587706
 119.985756147042025       -94.315793225330950
 123.658538395939928       -94.368272456544517
 127.405515767875343       -94.368172384562556
 131.227430214078510       -94.325026857785133
 135.125023685780207       -94.240108237438406
 139.099038134210673       -94.117335188907177
 143.150215510599764       -93.965360871480371


# Temperature: 666.000000
# Parameters: -94.381607 0.429738 4.830399 125.592935
 119.985756147042025       -94.322802573546426
 123.658538395939928       -94.375331591572007
 127.405515767875343       -94.375295555191343
 131.227430214078510       -94.332237551508896
 135.125023685780207       -94.247417915059586
 139.099038134210673       -94.124753693366713
 143.150215510599764       -93.972912033329052


# Temperature: 668.000000
# Parameters: -94.388712 0.429513 4.831331 125.598173
 119.985756147042025       -94.329825283370255
 123.658538395939928       -94.382404135883448
 127.405515767875343       -94.382432168269730
 131.227430214078510       -94.339461711520073
 135.125023685780207       -94.254741078660274
 139.099038134210673       -94.132185695206445
 143.150215510599764       -93.980476704995056


# Temperature: 670.000000
# Parameters: -94.395830 0.429288 4.832276 125.603417
 119.985756147042025       -94.336861324746067
 123.658538395939928       -94.389490056313207
 127.405515767875343       -94.389582191668509
 131.227430214078510       -94.346699307762279
 135.125023685780207       -94.262077696111263
 139.099038134210673       -94.139631165406456
 143.150215510599764       -93.988054854349159


# Temperature: 672.000000
# Parameters: -94.402962 0.429063 4.833228 125.608669
 119.985756147042025       -94.343910666581081
 123.658538395939928       -94.396589323841354
 127.405515767875343       -94.396745596367737
 131.227430214078510       -94.353950309142760
 135.125023685780207       -94.269427736319756
 139.099038134210673       -94.147090070801084
 143.150215510599764       -93.995646450298580


# Temperature: 674.000000
# Parameters: -94.410107 0.428838 4.834182 125.613928
 119.985756147042025       -94.350973278818927
 123.658538395939928       -94.403701908411520
 127.405515767875343       -94.403922351274616
 131.227430214078510       -94.361214685605120
 135.125023685780207       -94.276791168192972
 139.099038134210673       -94.154562382370386
 143.150215510599764       -94.003251460714097


# Temperature: 676.000000
# Parameters: -94.417266 0.428613 4.835131 125.619195
 119.985756147042025       -94.358049132439660
 123.658538395939928       -94.410827778930923
 127.405515767875343       -94.411112425296380
 131.227430214078510       -94.368492406056603
 135.125023685780207       -94.284167961674527
 139.099038134210673       -94.162048066948742
 143.150215510599764       -94.010869856575752


# Temperature: 678.000000
# Parameters: -94.424438 0.428388 4.836090 125.624468
 119.985756147042025       -94.365138196350514
 123.658538395939928       -94.417966906379604
 127.405515767875343       -94.418315788376660
 131.227430214078510       -94.375783440440813
 135.125023685780207       -94.291558086708065
 139.099038134210673       -94.169547095516194
 143.150215510599764       -94.018501604717940


# Temperature: 680.000000
# Parameters: -94.431623 0.428163 4.837038 125.629749
 119.985756147042025       -94.372240442567957
 123.658538395939928       -94.425119258628357
 127.405515767875343       -94.425532411495496
 131.227430214078510       -94.383087756628541
 135.125023685780207       -94.298961511164393
 139.099038134210673       -94.177059436979960
 143.150215510599764       -94.026146677157115


# Temperature: 682.000000
# Parameters: -94.438821 0.427938 4.838008 125.635037
 119.985756147042025       -94.379355839999207
 123.658538395939928       -94.432284808730103
 127.405515767875343       -94.432762262523681
 131.227430214078510       -94.390405326636284
 135.125023685780207       -94.306378206023538
 139.099038134210673       -94.184585060247244
 143.150215510599764       -94.033805040727671


# Temperature: 684.000000
# Parameters: -94.446033 0.427712 4.838934 125.640333
 119.985756147042025       -94.386484359624319
 123.658538395939928       -94.439463524555634
 127.405515767875343       -94.440005313477727
 131.227430214078510       -94.397736118334834
 135.125023685780207       -94.313808139156308
 139.099038134210673       -94.192123936298117
 143.150215510599764       -94.041476666409636


# Temperature: 686.000000
# Parameters: -94.453258 0.427488 4.839924 125.645635
 119.985756147042025       -94.393625972423365
 123.658538395939928       -94.446655377084994
 127.405515767875343       -94.447261533264808
 131.227430214078510       -94.405080103740659
 135.125023685780207       -94.321251282579183
 139.099038134210673       -94.199676034039783
 143.150215510599764       -94.049161524146655


# Temperature: 688.000000
# Parameters: -94.460496 0.427263 4.840884 125.650945
 119.985756147042025       -94.400780649376401
 123.658538395939928       -94.453860338334678
 127.405515767875343       -94.454530892865009
 131.227430214078510       -94.412437251760977
 135.125023685780207       -94.328707606235795
 139.099038134210673       -94.207241323415886
 143.150215510599764       -94.056859582845959


# Temperature: 690.000000
# Parameters: -94.467748 0.427038 4.841861 125.656261
 119.985756147042025       -94.407948360427056
 123.658538395939928       -94.461078376175465
 127.405515767875343       -94.461813361185534
 131.227430214078510       -94.419807532339433
 135.125023685780207       -94.336177077996936
 139.099038134210673       -94.214819774370056
 143.150215510599764       -94.064570813487578


# Temperature: 692.000000
# Parameters: -94.475013 0.426814 4.842838 125.661585
 119.985756147042025       -94.415129077591843
 123.658538395939928       -94.468309463660276
 127.405515767875343       -94.469108911279307
 131.227430214078510       -94.427190916456070
 135.125023685780207       -94.343659670915528
 139.099038134210673       -94.222411357882351
 143.150215510599764       -94.072295184978742


# Temperature: 694.000000
# Parameters: -94.482290 0.426589 4.843801 125.666917
 119.985756147042025       -94.422322770814375
 123.658538395939928       -94.475553570732743
 127.405515767875343       -94.476417511017090
 131.227430214078510       -94.434587375090970
 135.125023685780207       -94.351155352862321
 139.099038134210673       -94.230016042860001
 143.150215510599764       -94.080032667263083


# Temperature: 696.000000
# Parameters: -94.489581 0.426364 4.844773 125.672255
 119.985756147042025       -94.429529413147577
 123.658538395939928       -94.482810669409375
 127.405515767875343       -94.483739133451820
 131.227430214078510       -94.441996878187766
 135.125023685780207       -94.358664095853854
 139.099038134210673       -94.237633800283035
 143.150215510599764       -94.087783232357097


# Temperature: 698.000000
# Parameters: -94.496885 0.426139 4.845749 125.677600
 119.985756147042025       -94.436748974535092
 123.658538395939928       -94.490080728597349
 127.405515767875343       -94.491073748527128
 131.227430214078510       -94.449419395690086
 135.125023685780207       -94.366185869833714
 139.099038134210673       -94.245264601131538
 143.150215510599764       -94.095546850204414


# Temperature: 700.000000
# Parameters: -94.504202 0.425914 4.846718 125.682953
 119.985756147042025       -94.443981428029815
 123.658538395939928       -94.497363721349600
 127.405515767875343       -94.498421327223070
 131.227430214078510       -94.456854899614413
 135.125023685780207       -94.373720646818427
 139.099038134210673       -94.252908416385580
 143.150215510599764       -94.103323490748664


# Temperature: 702.000000
# Parameters: -94.511532 0.425689 4.847690 125.688313
 119.985756147042025       -94.451226742538978
 123.658538395939928       -94.504659618646201
 127.405515767875343       -94.505781840519703
 131.227430214078510       -94.464303360940832
 135.125023685780207       -94.381268395715182
 139.099038134210673       -94.260565214952351
 143.150215510599764       -94.111113123933492


# Temperature: 704.000000
# Parameters: -94.518875 0.425465 4.848689 125.693680
 119.985756147042025       -94.458484892151901
 123.658538395939928       -94.511968391467178
 127.405515767875343       -94.513155260433535
 131.227430214078510       -94.471764749612959
 135.125023685780207       -94.388829088540476
 139.099038134210673       -94.268234968848361
 143.150215510599764       -94.118915722811806


# Temperature: 706.000000
# Parameters: -94.526231 0.425241 4.849679 125.699054
 119.985756147042025       -94.465755847848669
 123.658538395939928       -94.519290010792631
 127.405515767875343       -94.520541557944611
 131.227430214078510       -94.479239037647304
 135.125023685780207       -94.396402696274365
 139.099038134210673       -94.275917650090065
 143.150215510599764       -94.126731256290824


# Temperature: 708.000000
# Parameters: -94.533600 0.425016 4.850639 125.704435
 119.985756147042025       -94.473039580609324
 123.658538395939928       -94.526624449675452
 127.405515767875343       -94.527940702996588
 131.227430214078510       -94.486726197060321
 135.125023685780207       -94.403989189896919
 139.099038134210673       -94.283613228621135
 143.150215510599764       -94.134559696387029


# Temperature: 710.000000
# Parameters: -94.540982 0.424791 4.851621 125.709824
 119.985756147042025       -94.480336064523215
 123.658538395939928       -94.533971679095728
 127.405515767875343       -94.535352669678772
 131.227430214078510       -94.494226197795683
 135.125023685780207       -94.411588541424621
 139.099038134210673       -94.291321674385188
 143.150215510599764       -94.142401013044051


# Temperature: 712.000000
# Parameters: -94.548377 0.424567 4.852638 125.715218
 119.985756147042025       -94.487645270570411
 123.658538395939928       -94.541331672106338
 127.405515767875343       -94.542777427934837
 131.227430214078510       -94.501739012906285
 135.125023685780207       -94.419200720801101
 139.099038134210673       -94.299042961471571
 143.150215510599764       -94.150255179314826


# Temperature: 714.000000
# Parameters: -94.555784 0.424342 4.853622 125.720621
 119.985756147042025       -94.494967170767410
 123.658538395939928       -94.548704398650955
 127.405515767875343       -94.550214949781264
 131.227430214078510       -94.509264612335770
 135.125023685780207       -94.426825701079295
 139.099038134210673       -94.306777059823929
 143.150215510599764       -94.158122166179396


# Temperature: 716.000000
# Parameters: -94.563205 0.424117 4.854602 125.726031
 119.985756147042025       -94.502301737130665
 123.658538395939928       -94.556089831782458
 127.405515767875343       -94.557665207234521
 131.227430214078510       -94.516802969137046
 135.125023685780207       -94.434463453239260
 139.099038134210673       -94.314523941458731
 143.150215510599764       -94.166001943581406


# Temperature: 718.000000
# Parameters: -94.570638 0.423893 4.855605 125.731447
 119.985756147042025       -94.509648943749553
 123.658538395939928       -94.563487944553799
 127.405515767875343       -94.565128173347532
 131.227430214078510       -94.524354055326612
 135.125023685780207       -94.442113949297465
 139.099038134210673       -94.322283577356046
 143.150215510599764       -94.173894485610205


# Temperature: 720.000000
# Parameters: -94.578084 0.423668 4.856599 125.736871
 119.985756147042025       -94.517008761604117
 123.658538395939928       -94.570898707945020
 127.405515767875343       -94.572603819100365
 131.227430214078510       -94.531917841884521
 135.125023685780207       -94.449777161270418
 139.099038134210673       -94.330055939532386
 143.150215510599764       -94.181799762209408


# Temperature: 722.000000
# Parameters: -94.585542 0.423444 4.857612 125.742302
 119.985756147042025       -94.524381164783719
 123.658538395939928       -94.578322095009028
 127.405515767875343       -94.580092117545945
 131.227430214078510       -94.539494300827272
 135.125023685780207       -94.457453061174604
 139.099038134210673       -94.337841001040630
 143.150215510599764       -94.189717745395527


# Temperature: 724.000000
# Parameters: -94.593014 0.423219 4.858609 125.747740
 119.985756147042025       -94.531766124268387
 123.658538395939928       -94.585758078798762
 127.405515767875343       -94.587593039664313
 131.227430214078510       -94.547083405207772
 135.125023685780207       -94.465141619990092
 139.099038134210673       -94.345638732860863
 143.150215510599764       -94.197648407185028


# Temperature: 726.000000
# Parameters: -94.600498 0.422995 4.859602 125.753185
 119.985756147042025       -94.539163614147498
 123.658538395939928       -94.593206631330702
 127.405515767875343       -94.595106559544831
 131.227430214078510       -94.554685128078930
 135.125023685780207       -94.472842811806203
 139.099038134210673       -94.353449107009567
 143.150215510599764       -94.205591720630849


# Temperature: 728.000000
# Parameters: -94.607995 0.422770 4.860608 125.758637
 119.985756147042025       -94.546573608510371
 123.658538395939928       -94.600667725657743
 127.405515767875343       -94.602632649203969
 131.227430214078510       -94.562299440420830
 135.125023685780207       -94.480556606566594
 139.099038134210673       -94.361272096539651
 143.150215510599764       -94.213547656713033


# Temperature: 730.000000
# Parameters: -94.615504 0.422546 4.861633 125.764095
 119.985756147042025       -94.553996078337079
 123.658538395939928       -94.608141333796411
 127.405515767875343       -94.610171280658221
 131.227430214078510       -94.569926314249940
 135.125023685780207       -94.488282979397013
 139.099038134210673       -94.369107672431198
 143.150215510599764       -94.221516188484514


# Temperature: 732.000000
# Parameters: -94.623026 0.422322 4.862627 125.769562
 119.985756147042025       -94.561430996680528
 123.658538395939928       -94.615627429836010
 127.405515767875343       -94.617722426960512
 131.227430214078510       -94.577565724692036
 135.125023685780207       -94.496021901277544
 139.099038134210673       -94.376955808773531
 143.150215510599764       -94.229497287961763


# Temperature: 734.000000
# Parameters: -94.630560 0.422097 4.863617 125.775035
 119.985756147042025       -94.568878339702934
 123.658538395939928       -94.623125986829479
 127.405515767875343       -94.625286061163763
 131.227430214078510       -94.585217641690761
 135.125023685780207       -94.503773344224655
 139.099038134210673       -94.384816477583144
 143.150215510599764       -94.237490927161275


# Temperature: 736.000000
# Parameters: -94.638108 0.421873 4.864641 125.780515
 119.985756147042025       -94.576338077347899
 123.658538395939928       -94.630636976793298
 127.405515767875343       -94.632862157357280
 131.227430214078510       -94.592882040371876
 135.125023685780207       -94.511537282327708
 139.099038134210673       -94.392689650876534
 143.150215510599764       -94.245497080172399


# Temperature: 738.000000
# Parameters: -94.645667 0.421648 4.865640 125.786002
 119.985756147042025       -94.583810185777651
 123.658538395939928       -94.638160373816817
 127.405515767875343       -94.640450686521163
 131.227430214078510       -94.600558892751863
 135.125023685780207       -94.519313688639613
 139.099038134210673       -94.400575301706596
 143.150215510599764       -94.253515719011631


# Temperature: 740.000000
# Parameters: -94.653239 0.421424 4.866675 125.791496
 119.985756147042025       -94.591294638045085
 123.658538395939928       -94.645696150952929
 127.405515767875343       -94.648051623781171
 131.227430214078510       -94.608248171883645
 135.125023685780207       -94.527102535176851
 139.099038134210673       -94.408473404162692
 143.150215510599764       -94.261546816731851


# Temperature: 742.000000
# Parameters: -94.660824 0.421200 4.867701 125.796997
 119.985756147042025       -94.598791406166683
 123.658538395939928       -94.653244283327439
 127.405515767875343       -94.655664941153773
 131.227430214078510       -94.615949850820144
 135.125023685780207       -94.534903796028757
 139.099038134210673       -94.416383929224878
 143.150215510599764       -94.269590345349584


# Temperature: 744.000000
# Parameters: -94.668421 0.420975 4.868722 125.802505
 119.985756147042025       -94.606300466304674
 123.658538395939928       -94.660804741920373
 127.405515767875343       -94.663290612728332
 131.227430214078510       -94.623663902614254
 135.125023685780207       -94.542717443211842
 139.099038134210673       -94.424306852018930
 143.150215510599764       -94.277646278954151


# Temperature: 746.000000
# Parameters: -94.676030 0.420751 4.869731 125.808020
 119.985756147042025       -94.613821790475512
 123.658538395939928       -94.668377501857520
 127.405515767875343       -94.670928611557770
 131.227430214078510       -94.631390302391765
 135.125023685780207       -94.550543449778999
 139.099038134210673       -94.432242145597741
 143.150215510599764       -94.285714589562062


# Temperature: 748.000000
# Parameters: -94.683652 0.420526 4.870751 125.813542
 119.985756147042025       -94.621355354841398
 123.658538395939928       -94.675962537228216
 127.405515767875343       -94.678578912767819
 131.227430214078510       -94.639129021132732
 135.125023685780207       -94.558381790856018
 139.099038134210673       -94.440189780941381
 143.150215510599764       -94.293795252299049


# Temperature: 750.000000
# Parameters: -94.691286 0.420302 4.871770 125.819071
 119.985756147042025       -94.628901131418829
 123.658538395939928       -94.683559821085382
 127.405515767875343       -94.686241487338577
 131.227430214078510       -94.646880033962915
 135.125023685780207       -94.566232439495792
 139.099038134210673       -94.448149734212052
 143.150215510599764       -94.301888238145210


# Temperature: 752.000000
# Parameters: -94.698933 0.420078 4.872805 125.824607
 119.985756147042025       -94.636459094297152
 123.658538395939928       -94.691169327518338
 127.405515767875343       -94.693916311432233
 131.227430214078510       -94.654643314971679
 135.125023685780207       -94.574095367714818
 139.099038134210673       -94.456121977426250
 143.150215510599764       -94.309993523262719


# Temperature: 754.000000
# Parameters: -94.706592 0.419854 4.873831 125.830150
 119.985756147042025       -94.644029219638540
 123.658538395939928       -94.698791030616448
 127.405515767875343       -94.701603358101679
 131.227430214078510       -94.662418836175476
 135.125023685780207       -94.581970551675298
 139.099038134210673       -94.464106485709735
 143.150215510599764       -94.318111079668085


# Temperature: 756.000000
# Parameters: -94.714263 0.419629 4.874857 125.835700
 119.985756147042025       -94.651611481532356
 123.658538395939928       -94.706424905505472
 127.405515767875343       -94.709302601436278
 131.227430214078510       -94.670206573736536
 135.125023685780207       -94.589857963393726
 139.099038134210673       -94.472103231078989
 143.150215510599764       -94.326240880414204


# Temperature: 758.000000
# Parameters: -94.721947 0.419405 4.875915 125.841256
 119.985756147042025       -94.659205853031509
 123.658538395939928       -94.714070925238332
 127.405515767875343       -94.717014015525365
 131.227430214078510       -94.678006499671326
 135.125023685780207       -94.597757576959424
 139.099038134210673       -94.480112187623348
 143.150215510599764       -94.334382900626835


# Temperature: 760.000000
# Parameters: -94.729642 0.419181 4.876932 125.846821
 119.985756147042025       -94.666812310298184
 123.658538395939928       -94.721729065977215
 127.405515767875343       -94.724737574458288
 131.227430214078510       -94.685818589105622
 135.125023685780207       -94.605669366461740
 139.099038134210673       -94.488133330468600
 143.150215510599764       -94.342537114395356


# Temperature: 762.000000
# Parameters: -94.737350 0.418957 4.877978 125.852391
 119.985756147042025       -94.674430826385304
 123.658538395939928       -94.729399299738617
 127.405515767875343       -94.732473253360794
 131.227430214078510       -94.693642817165184
 135.125023685780207       -94.613593307026434
 139.099038134210673       -94.496166632667652
 143.150215510599764       -94.350703494772645


# Temperature: 764.000000
# Parameters: -94.745070 0.418732 4.879008 125.857969
 119.985756147042025       -94.682061377455071
 123.658538395939928       -94.737081602684711
 127.405515767875343       -94.740221026322246
 131.227430214078510       -94.701479155866508
 135.125023685780207       -94.621529371706444
 139.099038134210673       -94.504212069346281
 143.150215510599764       -94.358882015848067


# Temperature: 766.000000
# Parameters: -94.752802 0.418508 4.880051 125.863554
 119.985756147042025       -94.689703938633230
 123.658538395939928       -94.744775949941285
 127.405515767875343       -94.747980866395565
 131.227430214078510       -94.709327581371795
 135.125023685780207       -94.629477535627530
 139.099038134210673       -94.512269613557379
 143.150215510599764       -94.367072651710941


# Temperature: 768.000000
# Parameters: -94.760547 0.418284 4.881094 125.869145
 119.985756147042025       -94.697358484009143
 123.658538395939928       -94.752482314561263
 127.405515767875343       -94.755752750779351
 131.227430214078510       -94.717188066733939
 135.125023685780207       -94.637437772879025
 139.099038134210673       -94.520339240426722
 143.150215510599764       -94.375275377487071


# Temperature: 770.000000
# Parameters: -94.768303 0.418060 4.882136 125.874744
 119.985756147042025       -94.705024988708573
 123.658538395939928       -94.760200672706816
 127.405515767875343       -94.763536651490099
 131.227430214078510       -94.725060588115156
 135.125023685780207       -94.645410057550265
 139.099038134210673       -94.528420924043672
 143.150215510599764       -94.383490168302188


# Temperature: 772.000000
# Parameters: -94.776072 0.417835 4.883164 125.880350
 119.985756147042025       -94.712703427857292
 123.658538395939928       -94.767930999503719
 127.405515767875343       -94.771332545726438
 131.227430214078510       -94.732945119604793
 135.125023685780207       -94.653394364767038
 139.099038134210673       -94.536514639533962
 143.150215510599764       -94.391716996172804


# Temperature: 774.000000
# Parameters: -94.783852 0.417611 4.884219 125.885962
 119.985756147042025       -94.720393777617488
 123.658538395939928       -94.775673269041320
 127.405515767875343       -94.779140407577700
 131.227430214078510       -94.740841636328582
 135.125023685780207       -94.661390669655091
 139.099038134210673       -94.544620359950542
 143.150215510599764       -94.399955837261089


# Temperature: 776.000000
# Parameters: -94.791645 0.417387 4.885277 125.891581
 119.985756147042025       -94.728096012078495
 123.658538395939928       -94.783427456445381
 127.405515767875343       -94.786960211133220
 131.227430214078510       -94.748750112375902
 135.125023685780207       -94.669398945267361
 139.099038134210673       -94.552738062492011
 143.150215510599764       -94.408206666692848


# Temperature: 778.000000
# Parameters: -94.799450 0.417163 4.886324 125.897208
 119.985756147042025       -94.735810108438940
 123.658538395939928       -94.791193538914527
 127.405515767875343       -94.794791932555214
 131.227430214078510       -94.756670523908923
 135.125023685780207       -94.677419168802444
 139.099038134210673       -94.560867720211291
 143.150215510599764       -94.416469458557387


# Temperature: 780.000000
# Parameters: -94.807266 0.416939 4.887382 125.902841
 119.985756147042025       -94.743536039751746
 123.658538395939928       -94.798971489501668
 127.405515767875343       -94.802635546969441
 131.227430214078510       -94.764602843980569
 135.125023685780207       -94.685451314349706
 139.099038134210673       -94.569009309270584
 143.150215510599764       -94.424744187980494


# Temperature: 782.000000
# Parameters: -94.815095 0.416715 4.888436 125.908481
 119.985756147042025       -94.751273784251964
 123.658538395939928       -94.806761284369003
 127.405515767875343       -94.810491028465222
 131.227430214078510       -94.772547049789466
 135.125023685780207       -94.693495355998479
 139.099038134210673       -94.577162803759208
 143.150215510599764       -94.433030829051503


# Temperature: 784.000000
# Parameters: -94.822936 0.416490 4.889494 125.914128
 119.985756147042025       -94.759023316028902
 123.658538395939928       -94.814562899678720
 127.405515767875343       -94.818358354241212
 131.227430214078510       -94.780503116461375
 135.125023685780207       -94.701551270947377
 139.099038134210673       -94.585328178802953
 143.150215510599764       -94.441329357932617


# Temperature: 786.000000
# Parameters: -94.830788 0.416266 4.890541 125.919782
 119.985756147042025       -94.766784611244802
 123.658538395939928       -94.822376310556592
 127.405515767875343       -94.826237498386732
 131.227430214078510       -94.788471018085630
 135.125023685780207       -94.709619032249307
 139.099038134210673       -94.593505409527580
 143.150215510599764       -94.449639749749593


# Temperature: 788.000000
# Parameters: -94.838652 0.416042 4.891627 125.925442
 119.985756147042025       -94.774557646061822
 123.658538395939928       -94.830201492128396
 127.405515767875343       -94.834128437063981
 131.227430214078510       -94.796450730824446
 135.125023685780207       -94.717698617102926
 139.099038134210673       -94.601694472095289
 143.150215510599764       -94.457961979628209


# Temperature: 790.000000
# Parameters: -94.846529 0.415818 4.892697 125.931109
 119.985756147042025       -94.782342395605738
 123.658538395939928       -94.838038421592742
 127.405515767875343       -94.842031146435147
 131.227430214078510       -94.804442230840010
 135.125023685780207       -94.725790000633964
 139.099038134210673       -94.609895341631827
 143.150215510599764       -94.466296022694223


# Temperature: 792.000000
# Parameters: -94.854417 0.415594 4.893733 125.936785
 119.985756147042025       -94.790138837075176
 123.658538395939928       -94.845887074075392
 127.405515767875343       -94.849945600589578
 131.227430214078510       -94.812445493258068
 135.125023685780207       -94.733893156931771
 139.099038134210673       -94.618107993262996
 143.150215510599764       -94.474641855109823


# Temperature: 794.000000
# Parameters: -94.862317 0.415369 4.894789 125.942467
 119.985756147042025       -94.797946946632337
 123.658538395939928       -94.853747424702121
 127.405515767875343       -94.857871776725887
 131.227430214078510       -94.820460493204422
 135.125023685780207       -94.742008063194987
 139.099038134210673       -94.626332403150954
 143.150215510599764       -94.482999450964371


# Temperature: 796.000000
# Parameters: -94.870228 0.415145 4.895861 125.948155
 119.985756147042025       -94.805766700439406
 123.658538395939928       -94.861619451707966
 127.405515767875343       -94.865809651006288
 131.227430214078510       -94.828487206841231
 135.125023685780207       -94.750134695585785
 139.099038134210673       -94.634568546421491
 143.150215510599764       -94.491368787456480


# Temperature: 798.000000
# Parameters: -94.878152 0.414921 4.896918 125.953851
 119.985756147042025       -94.813598073622146
 123.658538395939928       -94.869503129182291
 127.405515767875343       -94.873759198556527
 131.227430214078510       -94.836525611367151
 135.125023685780207       -94.758273028193514
 139.099038134210673       -94.642816399236807
 143.150215510599764       -94.499749839711910


