      Step     Time          Energy          fmax
FIRE:    0 05:18:46     -231.888489        0.163737
FIRE:    1 05:18:46     -231.891800        0.057160
FIRE:    2 05:18:47     -231.891190        0.088168
FIRE:    3 05:18:47     -231.891495        0.073461
FIRE:    4 05:18:47     -231.891953        0.046550
FIRE:    5 05:18:47     -231.892273        0.031782
FIRE:    6 05:18:47     -231.892242        0.032995
FIRE:    7 05:18:47     -231.892227        0.032952
FIRE:    8 05:18:47     -231.892242        0.032872
FIRE:    9 05:18:47     -231.892242        0.032752
FIRE:   10 05:18:47     -231.892273        0.032600
FIRE:   11 05:18:47     -231.892288        0.032419
FIRE:   12 05:18:48     -231.892303        0.032218
FIRE:   13 05:18:48     -231.892319        0.032005
FIRE:   14 05:18:48     -231.892334        0.031770
FIRE:   15 05:18:48     -231.892319        0.031535
FIRE:   16 05:18:48     -231.892334        0.031322
FIRE:   17 05:18:48     -231.892365        0.031146
FIRE:   18 05:18:48     -231.892365        0.031021
FIRE:   19 05:18:48     -231.892426        0.030956
FIRE:   20 05:18:48     -231.892395        0.030942
FIRE:   21 05:18:49     -231.892471        0.030942
FIRE:   22 05:18:49     -231.892487        0.030860
FIRE:   23 05:18:49     -231.892548        0.030599
FIRE:   24 05:18:49     -231.892578        0.030096
FIRE:   25 05:18:49     -231.892654        0.029347
FIRE:   26 05:18:49     -231.892731        0.028496
FIRE:   27 05:18:49     -231.892822        0.027784
FIRE:   28 05:18:49     -231.892929        0.027256
FIRE:   29 05:18:49     -231.893036        0.026520
FIRE:   30 05:18:50     -231.893127        0.025157
FIRE:   31 05:18:50     -231.893280        0.023402
FIRE:   32 05:18:50     -231.893417        0.022183
FIRE:   33 05:18:50     -231.893585        0.020619
FIRE:   34 05:18:50     -231.893768        0.017904
FIRE:   35 05:18:50     -231.893875        0.016604
FIRE:   36 05:18:50     -231.894043        0.017607
FIRE:   37 05:18:50     -231.894073        0.013697
FIRE:   38 05:18:50     -231.894058        0.014274
FIRE:   39 05:18:50     -231.894089        0.014171
FIRE:   40 05:18:51     -231.894073        0.013985
FIRE:   41 05:18:51     -231.894089        0.013757
FIRE:   42 05:18:51     -231.894073        0.013551
FIRE:   43 05:18:51     -231.894073        0.013562
FIRE:   44 05:18:51     -231.894073        0.013580
FIRE:   45 05:18:51     -231.894089        0.013609
FIRE:   46 05:18:51     -231.894073        0.013643
FIRE:   47 05:18:51     -231.894089        0.013682
FIRE:   48 05:18:51     -231.894073        0.013721
FIRE:   49 05:18:52     -231.894119        0.013758
FIRE:   50 05:18:52     -231.894104        0.013790
FIRE:   51 05:18:52     -231.894104        0.013813
FIRE:   52 05:18:52     -231.894089        0.013821
FIRE:   53 05:18:52     -231.894104        0.013807
FIRE:   54 05:18:52     -231.894119        0.013770
FIRE:   55 05:18:52     -231.894104        0.013706
FIRE:   56 05:18:52     -231.894119        0.013627
FIRE:   57 05:18:52     -231.894119        0.013552
FIRE:   58 05:18:53     -231.894165        0.013505
FIRE:   59 05:18:53     -231.894150        0.013499
FIRE:   60 05:18:53     -231.894165        0.013518
FIRE:   61 05:18:53     -231.894196        0.013502
FIRE:   62 05:18:53     -231.894226        0.013397
FIRE:   63 05:18:53     -231.894226        0.013212
FIRE:   64 05:18:53     -231.894318        0.013067
FIRE:   65 05:18:53     -231.894318        0.013012
FIRE:   66 05:18:53     -231.894379        0.012840
FIRE:   67 05:18:53     -231.894394        0.012476
FIRE:   68 05:18:54     -231.894470        0.012303
FIRE:   69 05:18:54     -231.894562        0.011856
FIRE:   70 05:18:54     -231.894638        0.011451
FIRE:   71 05:18:54     -231.894714        0.010672
FIRE:   72 05:18:54     -231.894806        0.015803
FIRE:   73 05:18:54     -231.894501        0.056084
FIRE:   74 05:18:54     -231.894897        0.014025
FIRE:   75 05:18:54     -231.894943        0.009622
FIRE:   76 05:18:54     -231.894958        0.009290
FIRE:   77 05:18:55     -231.894958        0.008975
FIRE:   78 05:18:55     -231.894943        0.008990
FIRE:   79 05:18:55     -231.894974        0.009019
FIRE:   80 05:18:55     -231.894974        0.009059
FIRE:   81 05:18:55     -231.894928        0.009105
FIRE:   82 05:18:55     -231.894928        0.009154
FIRE:   83 05:18:55     -231.894958        0.009195
FIRE:   84 05:18:55     -231.894958        0.009225
FIRE:   85 05:18:55     -231.894958        0.009237
FIRE:   86 05:18:56     -231.894974        0.009227
FIRE:   87 05:18:56     -231.894958        0.009190
FIRE:   88 05:18:56     -231.894958        0.009124
FIRE:   89 05:18:56     -231.894958        0.009033
FIRE:   90 05:18:56     -231.894974        0.008933
FIRE:   91 05:18:56     -231.894974        0.008854
FIRE:   92 05:18:56     -231.894989        0.008816
FIRE:   93 05:18:56     -231.894989        0.008814
FIRE:   94 05:18:56     -231.895004        0.008803
FIRE:   95 05:18:57     -231.895020        0.008707
FIRE:   96 05:18:57     -231.894989        0.008503
FIRE:   97 05:18:57     -231.894989        0.008289
FIRE:   98 05:18:57     -231.895035        0.008179
FIRE:   99 05:18:57     -231.895050        0.008052
FIRE:  100 05:18:57     -231.895065        0.007688
FIRE:  101 05:18:57     -231.895081        0.007387
FIRE:  102 05:18:57     -231.895111        0.007166
FIRE:  103 05:18:57     -231.895126        0.006452
FIRE:  104 05:18:58     -231.895157        0.010179
FIRE:  105 05:18:58     -231.895187        0.006225
FIRE:  106 05:18:58     -231.895157        0.008670
FIRE:  107 05:18:58     -231.895157        0.006771
FIRE:  108 05:18:58     -231.895172        0.006030
FIRE:  109 05:18:58     -231.895157        0.006174
FIRE:  110 05:18:58     -231.895172        0.006173
FIRE:  111 05:18:58     -231.895157        0.006169
FIRE:  112 05:18:58     -231.895187        0.006162
FIRE:  113 05:18:59     -231.895172        0.006155
FIRE:  114 05:18:59     -231.895157        0.006147
FIRE:  115 05:18:59     -231.895172        0.006138
FIRE:  116 05:18:59     -231.895187        0.006128
FIRE:  117 05:18:59     -231.895172        0.006119
FIRE:  118 05:18:59     -231.895172        0.006109
FIRE:  119 05:18:59     -231.895187        0.006099
FIRE:  120 05:18:59     -231.895172        0.006091
FIRE:  121 05:18:59     -231.895187        0.006083
FIRE:  122 05:19:00     -231.895187        0.006076
FIRE:  123 05:19:00     -231.895172        0.006066
FIRE:  124 05:19:00     -231.895187        0.006048
FIRE:  125 05:19:00     -231.895172        0.006021
FIRE:  126 05:19:00     -231.895203        0.005981
FIRE:  127 05:19:00     -231.895187        0.005931
FIRE:  128 05:19:00     -231.895187        0.005878
FIRE:  129 05:19:00     -231.895203        0.005825
FIRE:  130 05:19:00     -231.895187        0.005761
FIRE:  131 05:19:01     -231.895187        0.005665
FIRE:  132 05:19:01     -231.895203        0.005542
FIRE:  133 05:19:01     -231.895218        0.005421
FIRE:  134 05:19:01     -231.895203        0.005264
FIRE:  135 05:19:01     -231.895233        0.005045
FIRE:  136 05:19:01     -231.895248        0.004860
FIRE:  137 05:19:01     -231.895264        0.004453
FIRE:  138 05:19:01     -231.895279        0.006900
FIRE:  139 05:19:01     -231.895294        0.004242
FIRE:  140 05:19:02     -231.895279        0.006037
FIRE:  141 05:19:02     -231.895279        0.004668
FIRE:  142 05:19:02     -231.895279        0.004118
FIRE:  143 05:19:02     -231.895294        0.004222
FIRE:  144 05:19:02     -231.895264        0.004219
FIRE:  145 05:19:02     -231.895294        0.004216
FIRE:  146 05:19:02     -231.895279        0.004210
FIRE:  147 05:19:02     -231.895294        0.004203
FIRE:  148 05:19:02     -231.895279        0.004195
FIRE:  149 05:19:03     -231.895279        0.004188
FIRE:  150 05:19:03     -231.895294        0.004179
FIRE:  151 05:19:03     -231.895279        0.004171
FIRE:  152 05:19:03     -231.895264        0.004163
FIRE:  153 05:19:03     -231.895264        0.004156
FIRE:  154 05:19:03     -231.895279        0.004150
FIRE:  155 05:19:03     -231.895279        0.004146
FIRE:  156 05:19:03     -231.895294        0.004141
FIRE:  157 05:19:03     -231.895294        0.004136
FIRE:  158 05:19:04     -231.895264        0.004124
FIRE:  159 05:19:04     -231.895309        0.004102
FIRE:  160 05:19:04     -231.895294        0.004070
FIRE:  161 05:19:04     -231.895279        0.004030
FIRE:  162 05:19:04     -231.895294        0.003991
FIRE:  163 05:19:04     -231.895309        0.003955
FIRE:  164 05:19:04     -231.895294        0.003909
FIRE:  165 05:19:04     -231.895294        0.003834
FIRE:  166 05:19:04     -231.895294        0.003742
FIRE:  167 05:19:04     -231.895309        0.003658
FIRE:  168 05:19:05     -231.895325        0.003538
FIRE:  169 05:19:05     -231.895355        0.003380
FIRE:  170 05:19:05     -231.895325        0.003251
FIRE:  171 05:19:05     -231.895370        0.002939
FIRE:  172 05:19:05     -231.895340        0.005746
FIRE:  173 05:19:05     -231.895370        0.002803
FIRE:  174 05:19:05     -231.895355        0.005166
FIRE:  175 05:19:05     -231.895340        0.003954
FIRE:  176 05:19:05     -231.895355        0.002711
FIRE:  177 05:19:06     -231.895355        0.002803
FIRE:  178 05:19:06     -231.895340        0.002801
FIRE:  179 05:19:06     -231.895355        0.002797
FIRE:  180 05:19:06     -231.895355        0.002791
FIRE:  181 05:19:06     -231.895355        0.002785
FIRE:  182 05:19:06     -231.895355        0.002777
FIRE:  183 05:19:06     -231.895325        0.002769
FIRE:  184 05:19:06     -231.895340        0.002761
FIRE:  185 05:19:06     -231.895325        0.002753
FIRE:  186 05:19:07     -231.895355        0.002746
FIRE:  187 05:19:07     -231.895355        0.002741
FIRE:  188 05:19:07     -231.895355        0.002739
FIRE:  189 05:19:07     -231.895355        0.002738
FIRE:  190 05:19:07     -231.895325        0.002737
FIRE:  191 05:19:07     -231.895340        0.002737
FIRE:  192 05:19:07     -231.895355        0.002730
FIRE:  193 05:19:07     -231.895325        0.002713
FIRE:  194 05:19:07     -231.895355        0.002688
FIRE:  195 05:19:08     -231.895355        0.002659
FIRE:  196 05:19:08     -231.895355        0.002634
FIRE:  197 05:19:08     -231.895325        0.002614
FIRE:  198 05:19:08     -231.895355        0.002585
FIRE:  199 05:19:08     -231.895340        0.002530
FIRE:  200 05:19:08     -231.895370        0.002467
FIRE:  201 05:19:08     -231.895355        0.002418
FIRE:  202 05:19:08     -231.895355        0.002332
FIRE:  203 05:19:08     -231.895355        0.002228
FIRE:  204 05:19:09     -231.895370        0.002145
FIRE:  205 05:19:09     -231.895355        0.001922
FIRE:  206 05:19:09     -231.895355        0.004534
FIRE:  207 05:19:09     -231.895370        0.001837
FIRE:  208 05:19:09     -231.895370        0.004131
FIRE:  209 05:19:09     -231.895386        0.003132
FIRE:  210 05:19:09     -231.895386        0.001774
FIRE:  211 05:19:09     -231.895370        0.001849
FIRE:  212 05:19:09     -231.895370        0.001847
FIRE:  213 05:19:09     -231.895355        0.001843
FIRE:  214 05:19:10     -231.895370        0.001838
FIRE:  215 05:19:10     -231.895355        0.001832
FIRE:  216 05:19:10     -231.895340        0.001824
FIRE:  217 05:19:10     -231.895355        0.001817
FIRE:  218 05:19:10     -231.895355        0.001809
FIRE:  219 05:19:10     -231.895370        0.001804
FIRE:  220 05:19:10     -231.895386        0.001798
FIRE:  221 05:19:10     -231.895355        0.001794
FIRE:  222 05:19:10     -231.895355        0.001793
FIRE:  223 05:19:11     -231.895355        0.001795
FIRE:  224 05:19:11     -231.895370        0.001797
FIRE:  225 05:19:11     -231.895355        0.001798
FIRE:  226 05:19:11     -231.895370        0.001794
FIRE:  227 05:19:11     -231.895370        0.001782
FIRE:  228 05:19:11     -231.895355        0.001762
FIRE:  229 05:19:11     -231.895386        0.001739
FIRE:  230 05:19:11     -231.895370        0.001723
FIRE:  231 05:19:11     -231.895370        0.001714
FIRE:  232 05:19:12     -231.895386        0.001695
FIRE:  233 05:19:12     -231.895355        0.001655
FIRE:  234 05:19:12     -231.895355        0.001611
FIRE:  235 05:19:12     -231.895370        0.001583
FIRE:  236 05:19:12     -231.895386        0.001523
FIRE:  237 05:19:12     -231.895386        0.001454
FIRE:  238 05:19:12     -231.895370        0.001400
FIRE:  239 05:19:12     -231.895386        0.001344
FIRE:  240 05:19:12     -231.895386        0.003455
FIRE:  241 05:19:13     -231.895370        0.001189
FIRE:  242 05:19:13     -231.895386        0.001190
FIRE:  243 05:19:13     -231.895386        0.001189
FIRE:  244 05:19:13     -231.895355        0.001188
FIRE:  245 05:19:13     -231.895386        0.001187
FIRE:  246 05:19:13     -231.895355        0.001185
FIRE:  247 05:19:13     -231.895355        0.001182
FIRE:  248 05:19:13     -231.895355        0.001177
FIRE:  249 05:19:13     -231.895386        0.001172
FIRE:  250 05:19:13     -231.895370        0.001167
FIRE:  251 05:19:14     -231.895386        0.001160
FIRE:  252 05:19:14     -231.895355        0.001152
FIRE:  253 05:19:14     -231.895355        0.001142
FIRE:  254 05:19:14     -231.895370        0.001128
FIRE:  255 05:19:14     -231.895386        0.001111
FIRE:  256 05:19:14     -231.895401        0.001091
FIRE:  257 05:19:14     -231.895386        0.001067
FIRE:  258 05:19:14     -231.895355        0.001035
FIRE:  259 05:19:14     -231.895386        0.001001
FIRE:  260 05:19:15     -231.895355        0.000951
FIRE:  261 05:19:15     -231.895386        0.000911
FIRE:  262 05:19:15     -231.895386        0.001021
FIRE:  263 05:19:15     -231.895386        0.003057
FIRE:  264 05:19:15     -231.895386        0.000757
FIRE:  265 05:19:15     -231.895401        0.000759
FIRE:  266 05:19:15     -231.895401        0.000764
FIRE:  267 05:19:15     -231.895401        0.000769
FIRE:  268 05:19:15     -231.895401        0.000772
FIRE:  269 05:19:16     -231.895386        0.000772
FIRE:  270 05:19:16     -231.895355        0.000767
FIRE:  271 05:19:16     -231.895386        0.000760
FIRE:  272 05:19:16     -231.895401        0.000752
FIRE:  273 05:19:16     -231.895386        0.000744
FIRE:  274 05:19:16     -231.895401        0.000742
FIRE:  275 05:19:16     -231.895401        0.000743
FIRE:  276 05:19:16     -231.895401        0.000740
FIRE:  277 05:19:16     -231.895401        0.000726
FIRE:  278 05:19:17     -231.895416        0.000708
FIRE:  279 05:19:17     -231.895386        0.000699
FIRE:  280 05:19:17     -231.895386        0.000691
FIRE:  281 05:19:17     -231.895386        0.000662
FIRE:  282 05:19:17     -231.895401        0.000642
FIRE:  283 05:19:17     -231.895386        0.000615
FIRE:  284 05:19:17     -231.895386        0.000565
FIRE:  285 05:19:17     -231.895386        0.001001
FIRE:  286 05:19:17     -231.895386        0.000536
FIRE:  287 05:19:18     -231.895386        0.000921
FIRE:  288 05:19:18     -231.895386        0.000691
FIRE:  289 05:19:18     -231.895386        0.000522
FIRE:  290 05:19:18     -231.895370        0.000538
FIRE:  291 05:19:18     -231.895370        0.000538
FIRE:  292 05:19:18     -231.895370        0.000537
FIRE:  293 05:19:18     -231.895401        0.000536
FIRE:  294 05:19:18     -231.895386        0.000534
FIRE:  295 05:19:18     -231.895386        0.000533
FIRE:  296 05:19:18     -231.895386        0.000531
FIRE:  297 05:19:19     -231.895401        0.000529
FIRE:  298 05:19:19     -231.895370        0.000528
FIRE:  299 05:19:19     -231.895370        0.000526
FIRE:  300 05:19:19     -231.895370        0.000525
FIRE:  301 05:19:19     -231.895370        0.000526
FIRE:  302 05:19:19     -231.895386        0.000525
FIRE:  303 05:19:19     -231.895370        0.000525
FIRE:  304 05:19:19     -231.895370        0.000525
FIRE:  305 05:19:19     -231.895386        0.000524
FIRE:  306 05:19:20     -231.895386        0.000519
FIRE:  307 05:19:20     -231.895386        0.000514
FIRE:  308 05:19:20     -231.895386        0.000507
FIRE:  309 05:19:20     -231.895386        0.000503
FIRE:  310 05:19:20     -231.895355        0.000500
FIRE:  311 05:19:20     -231.895370        0.000494
FIRE:  312 05:19:20     -231.895401        0.000482
FIRE:  313 05:19:20     -231.895386        0.000470
FIRE:  314 05:19:20     -231.895370        0.000461
FIRE:  315 05:19:21     -231.895386        0.000442
FIRE:  316 05:19:21     -231.895386        0.000423
FIRE:  317 05:19:21     -231.895386        0.000405
FIRE:  318 05:19:21     -231.895386        0.000362
FIRE:  319 05:19:21     -231.895401        0.000948
FIRE:  320 05:19:21     -231.895386        0.000343
FIRE:  321 05:19:21     -231.895386        0.000343
FIRE:  322 05:19:21     -231.895386        0.000343
FIRE:  323 05:19:21     -231.895386        0.000343
FIRE:  324 05:19:22     -231.895401        0.000342
FIRE:  325 05:19:22     -231.895386        0.000342
FIRE:  326 05:19:22     -231.895370        0.000341
FIRE:  327 05:19:22     -231.895386        0.000340
FIRE:  328 05:19:22     -231.895386        0.000338
FIRE:  329 05:19:22     -231.895370        0.000336
FIRE:  330 05:19:22     -231.895370        0.000334
FIRE:  331 05:19:22     -231.895370        0.000331
FIRE:  332 05:19:22     -231.895370        0.000329
FIRE:  333 05:19:22     -231.895370        0.000325
FIRE:  334 05:19:23     -231.895386        0.000320
FIRE:  335 05:19:23     -231.895355        0.000313
FIRE:  336 05:19:23     -231.895386        0.000307
FIRE:  337 05:19:23     -231.895386        0.000297
FIRE:  338 05:19:23     -231.895370        0.000288
FIRE:  339 05:19:23     -231.895386        0.000274
FIRE:  340 05:19:23     -231.895386        0.000261
FIRE:  341 05:19:23     -231.895386        0.000256
FIRE:  342 05:19:23     -231.895401        0.000839
FIRE:  343 05:19:24     -231.895370        0.000215
FIRE:  344 05:19:24     -231.895370        0.000216
FIRE:  345 05:19:24     -231.895386        0.000218
FIRE:  346 05:19:24     -231.895386        0.000219
FIRE:  347 05:19:24     -231.895370        0.000221
FIRE:  348 05:19:24     -231.895370        0.000221
FIRE:  349 05:19:24     -231.895370        0.000219
FIRE:  350 05:19:24     -231.895386        0.000217
FIRE:  351 05:19:24     -231.895386        0.000213
FIRE:  352 05:19:25     -231.895386        0.000212
FIRE:  353 05:19:25     -231.895370        0.000211
FIRE:  354 05:19:25     -231.895386        0.000212
FIRE:  355 05:19:25     -231.895370        0.000211
FIRE:  356 05:19:25     -231.895386        0.000207
FIRE:  357 05:19:25     -231.895370        0.000201
FIRE:  358 05:19:25     -231.895340        0.000199
FIRE:  359 05:19:25     -231.895386        0.000197
FIRE:  360 05:19:25     -231.895370        0.000188
FIRE:  361 05:19:26     -231.895370        0.000182
FIRE:  362 05:19:26     -231.895386        0.000178
FIRE:  363 05:19:26     -231.895386        0.000188
FIRE:  364 05:19:26     -231.895386        0.000446
FIRE:  365 05:19:26     -231.895386        0.000154
FIRE:  366 05:19:26     -231.895386        0.000154
FIRE:  367 05:19:26     -231.895386        0.000154
FIRE:  368 05:19:26     -231.895386        0.000154
FIRE:  369 05:19:26     -231.895386        0.000153
FIRE:  370 05:19:27     -231.895386        0.000153
FIRE:  371 05:19:27     -231.895386        0.000153
FIRE:  372 05:19:27     -231.895386        0.000152
FIRE:  373 05:19:27     -231.895386        0.000152
FIRE:  374 05:19:27     -231.895386        0.000150
FIRE:  375 05:19:27     -231.895386        0.000150
FIRE:  376 05:19:27     -231.895386        0.000149
FIRE:  377 05:19:27     -231.895401        0.000147
FIRE:  378 05:19:27     -231.895386        0.000146
FIRE:  379 05:19:28     -231.895386        0.000143
FIRE:  380 05:19:28     -231.895386        0.000140
FIRE:  381 05:19:28     -231.895401        0.000137
FIRE:  382 05:19:28     -231.895370        0.000134
FIRE:  383 05:19:28     -231.895370        0.000129
FIRE:  384 05:19:28     -231.895386        0.000124
FIRE:  385 05:19:28     -231.895386        0.000115
FIRE:  386 05:19:28     -231.895386        0.000111
FIRE:  387 05:19:28     -231.895355        0.000348
FIRE:  388 05:19:29     -231.895370        0.000100
FIRE:  389 05:19:29     -231.895386        0.000100
FIRE:  390 05:19:29     -231.895386        0.000099
FIRE:  391 05:19:29     -231.895386        0.000098
FIRE:  392 05:19:29     -231.895355        0.000097
FIRE:  393 05:19:29     -231.895386        0.000097
FIRE:  394 05:19:29     -231.895386        0.000097
FIRE:  395 05:19:29     -231.895386        0.000098
FIRE:  396 05:19:29     -231.895386        0.000097
FIRE:  397 05:19:29     -231.895386        0.000097
FIRE:  398 05:19:30     -231.895386        0.000097
FIRE:  399 05:19:30     -231.895386        0.000095
FIRE:  400 05:19:30     -231.895370        0.000094
FIRE:  401 05:19:30     -231.895370        0.000093
FIRE:  402 05:19:30     -231.895401        0.000092
FIRE:  403 05:19:30     -231.895386        0.000090
FIRE:  404 05:19:30     -231.895416        0.000087
FIRE:  405 05:19:30     -231.895386        0.000085
FIRE:  406 05:19:30     -231.895386        0.000082
FIRE:  407 05:19:31     -231.895370        0.000077
FIRE:  408 05:19:31     -231.895386        0.000076
FIRE:  409 05:19:31     -231.895370        0.000153
FIRE:  410 05:19:31     -231.895370        0.000069
FIRE:  411 05:19:31     -231.895355        0.000135
FIRE:  412 05:19:31     -231.895386        0.000099
FIRE:  413 05:19:31     -231.895386        0.000069
FIRE:  414 05:19:31     -231.895370        0.000067
FIRE:  415 05:19:31     -231.895370        0.000067
FIRE:  416 05:19:32     -231.895386        0.000068
FIRE:  417 05:19:32     -231.895386        0.000069
FIRE:  418 05:19:32     -231.895370        0.000069
FIRE:  419 05:19:32     -231.895370        0.000069
FIRE:  420 05:19:32     -231.895370        0.000069
FIRE:  421 05:19:32     -231.895386        0.000068
FIRE:  422 05:19:32     -231.895386        0.000068
FIRE:  423 05:19:32     -231.895386        0.000069
FIRE:  424 05:19:32     -231.895386        0.000068
FIRE:  425 05:19:33     -231.895386        0.000069
FIRE:  426 05:19:33     -231.895386        0.000068
FIRE:  427 05:19:33     -231.895386        0.000068
FIRE:  428 05:19:33     -231.895386        0.000067
FIRE:  429 05:19:33     -231.895370        0.000067
FIRE:  430 05:19:33     -231.895370        0.000066
FIRE:  431 05:19:33     -231.895386        0.000066
FIRE:  432 05:19:33     -231.895386        0.000066
FIRE:  433 05:19:33     -231.895386        0.000065
FIRE:  434 05:19:34     -231.895386        0.000064
FIRE:  435 05:19:34     -231.895386        0.000063
FIRE:  436 05:19:34     -231.895386        0.000062
FIRE:  437 05:19:34     -231.895386        0.000061
FIRE:  438 05:19:34     -231.895386        0.000059
FIRE:  439 05:19:34     -231.895386        0.000056
FIRE:  440 05:19:34     -231.895386        0.000055
FIRE:  441 05:19:34     -231.895370        0.000050
FIRE:  442 05:19:34     -231.895386        0.000050
FIRE:  443 05:19:34     -231.895386        0.000092
FIRE:  444 05:19:35     -231.895386        0.000045
FIRE:  445 05:19:35     -231.895386        0.000090
FIRE:  446 05:19:35     -231.895386        0.000061
FIRE:  447 05:19:35     -231.895386        0.000045
FIRE:  448 05:19:35     -231.895386        0.000044
FIRE:  449 05:19:35     -231.895386        0.000044
FIRE:  450 05:19:35     -231.895401        0.000044
FIRE:  451 05:19:35     -231.895401        0.000044
FIRE:  452 05:19:35     -231.895386        0.000044
FIRE:  453 05:19:36     -231.895386        0.000044
FIRE:  454 05:19:36     -231.895386        0.000044
FIRE:  455 05:19:36     -231.895355        0.000044
FIRE:  456 05:19:36     -231.895386        0.000044
FIRE:  457 05:19:36     -231.895386        0.000044
FIRE:  458 05:19:36     -231.895386        0.000044
FIRE:  459 05:19:36     -231.895386        0.000044
FIRE:  460 05:19:36     -231.895386        0.000044
FIRE:  461 05:19:36     -231.895386        0.000043
FIRE:  462 05:19:37     -231.895386        0.000044
FIRE:  463 05:19:37     -231.895386        0.000044
FIRE:  464 05:19:37     -231.895386        0.000043
FIRE:  465 05:19:37     -231.895386        0.000043
FIRE:  466 05:19:37     -231.895386        0.000042
FIRE:  467 05:19:37     -231.895386        0.000042
FIRE:  468 05:19:37     -231.895386        0.000042
FIRE:  469 05:19:37     -231.895386        0.000041
FIRE:  470 05:19:37     -231.895386        0.000041
FIRE:  471 05:19:38     -231.895386        0.000039
FIRE:  472 05:19:38     -231.895386        0.000038
FIRE:  473 05:19:38     -231.895386        0.000037
FIRE:  474 05:19:38     -231.895386        0.000036
FIRE:  475 05:19:38     -231.895386        0.000032
FIRE:  476 05:19:38     -231.895386        0.000053
FIRE:  477 05:19:38     -231.895370        0.000031
FIRE:  478 05:19:38     -231.895386        0.000042
FIRE:  479 05:19:38     -231.895386        0.000034
FIRE:  480 05:19:39     -231.895386        0.000030
FIRE:  481 05:19:39     -231.895386        0.000031
FIRE:  482 05:19:39     -231.895416        0.000032
FIRE:  483 05:19:39     -231.895386        0.000031
FIRE:  484 05:19:39     -231.895386        0.000031
FIRE:  485 05:19:39     -231.895386        0.000031
FIRE:  486 05:19:39     -231.895386        0.000031
FIRE:  487 05:19:39     -231.895386        0.000031
FIRE:  488 05:19:39     -231.895386        0.000031
FIRE:  489 05:19:40     -231.895386        0.000031
FIRE:  490 05:19:40     -231.895386        0.000031
FIRE:  491 05:19:40     -231.895386        0.000030
FIRE:  492 05:19:40     -231.895386        0.000030
FIRE:  493 05:19:40     -231.895386        0.000030
FIRE:  494 05:19:40     -231.895386        0.000030
FIRE:  495 05:19:40     -231.895416        0.000031
FIRE:  496 05:19:40     -231.895386        0.000030
FIRE:  497 05:19:40     -231.895386        0.000031
FIRE:  498 05:19:40     -231.895386        0.000030
FIRE:  499 05:19:41     -231.895355        0.000030
FIRE:  500 05:19:41     -231.895370        0.000029
FIRE:  501 05:19:41     -231.895386        0.000029
FIRE:  502 05:19:41     -231.895370        0.000028
FIRE:  503 05:19:41     -231.895386        0.000029
FIRE:  504 05:19:41     -231.895370        0.000028
FIRE:  505 05:19:41     -231.895386        0.000027
FIRE:  506 05:19:41     -231.895386        0.000027
FIRE:  507 05:19:41     -231.895386        0.000026
FIRE:  508 05:19:42     -231.895401        0.000027
FIRE:  509 05:19:42     -231.895355        0.000026
FIRE:  510 05:19:42     -231.895370        0.000029
FIRE:  511 05:19:42     -231.895370        0.000024
FIRE:  512 05:19:42     -231.895386        0.000023
FIRE:  513 05:19:42     -231.895386        0.000023
FIRE:  514 05:19:42     -231.895386        0.000023
FIRE:  515 05:19:42     -231.895370        0.000024
FIRE:  516 05:19:42     -231.895386        0.000024
FIRE:  517 05:19:43     -231.895386        0.000024
FIRE:  518 05:19:43     -231.895370        0.000024
FIRE:  519 05:19:43     -231.895386        0.000024
FIRE:  520 05:19:43     -231.895370        0.000024
FIRE:  521 05:19:43     -231.895386        0.000023
FIRE:  522 05:19:43     -231.895386        0.000023
FIRE:  523 05:19:43     -231.895386        0.000023
FIRE:  524 05:19:43     -231.895386        0.000023
FIRE:  525 05:19:43     -231.895386        0.000023
FIRE:  526 05:19:44     -231.895386        0.000023
FIRE:  527 05:19:44     -231.895386        0.000023
FIRE:  528 05:19:44     -231.895386        0.000023
FIRE:  529 05:19:44     -231.895386        0.000023
FIRE:  530 05:19:44     -231.895370        0.000023
FIRE:  531 05:19:44     -231.895386        0.000023
FIRE:  532 05:19:44     -231.895370        0.000023
FIRE:  533 05:19:44     -231.895370        0.000023
FIRE:  534 05:19:44     -231.895370        0.000023
FIRE:  535 05:19:45     -231.895386        0.000022
FIRE:  536 05:19:45     -231.895386        0.000022
FIRE:  537 05:19:45     -231.895386        0.000022
FIRE:  538 05:19:45     -231.895370        0.000022
FIRE:  539 05:19:45     -231.895386        0.000021
FIRE:  540 05:19:45     -231.895386        0.000021
FIRE:  541 05:19:45     -231.895386        0.000020
FIRE:  542 05:19:45     -231.895370        0.000020
FIRE:  543 05:19:45     -231.895386        0.000018
FIRE:  544 05:19:45     -231.895370        0.000019
FIRE:  545 05:19:46     -231.895386        0.000019
FIRE:  546 05:19:46     -231.895386        0.000016
FIRE:  547 05:19:46     -231.895386        0.000017
FIRE:  548 05:19:46     -231.895386        0.000017
FIRE:  549 05:19:46     -231.895386        0.000016
FIRE:  550 05:19:46     -231.895386        0.000016
FIRE:  551 05:19:46     -231.895386        0.000016
FIRE:  552 05:19:46     -231.895386        0.000016
FIRE:  553 05:19:46     -231.895386        0.000016
FIRE:  554 05:19:47     -231.895386        0.000016
FIRE:  555 05:19:47     -231.895386        0.000016
FIRE:  556 05:19:47     -231.895386        0.000016
FIRE:  557 05:19:47     -231.895386        0.000016
FIRE:  558 05:19:47     -231.895386        0.000016
FIRE:  559 05:19:47     -231.895386        0.000016
FIRE:  560 05:19:47     -231.895386        0.000016
FIRE:  561 05:19:47     -231.895386        0.000016
FIRE:  562 05:19:47     -231.895386        0.000016
FIRE:  563 05:19:48     -231.895386        0.000016
FIRE:  564 05:19:48     -231.895386        0.000016
FIRE:  565 05:19:48     -231.895386        0.000016
FIRE:  566 05:19:48     -231.895386        0.000016
FIRE:  567 05:19:48     -231.895386        0.000016
FIRE:  568 05:19:48     -231.895386        0.000015
FIRE:  569 05:19:48     -231.895386        0.000016
FIRE:  570 05:19:48     -231.895386        0.000015
FIRE:  571 05:19:48     -231.895386        0.000016
FIRE:  572 05:19:49     -231.895386        0.000015
FIRE:  573 05:19:49     -231.895386        0.000015
FIRE:  574 05:19:49     -231.895386        0.000015
FIRE:  575 05:19:49     -231.895386        0.000014
FIRE:  576 05:19:49     -231.895386        0.000014
FIRE:  577 05:19:49     -231.895386        0.000013
FIRE:  578 05:19:49     -231.895386        0.000015
FIRE:  579 05:19:49     -231.895386        0.000013
FIRE:  580 05:19:49     -231.895386        0.000012
FIRE:  581 05:19:50     -231.895386        0.000012
FIRE:  582 05:19:50     -231.895386        0.000013
FIRE:  583 05:19:50     -231.895386        0.000012
FIRE:  584 05:19:50     -231.895386        0.000012
FIRE:  585 05:19:50     -231.895370        0.000013
FIRE:  586 05:19:50     -231.895386        0.000013
FIRE:  587 05:19:50     -231.895386        0.000013
FIRE:  588 05:19:50     -231.895370        0.000012
FIRE:  589 05:19:50     -231.895386        0.000012
FIRE:  590 05:19:51     -231.895386        0.000012
FIRE:  591 05:19:51     -231.895386        0.000012
FIRE:  592 05:19:51     -231.895386        0.000012
FIRE:  593 05:19:51     -231.895386        0.000013
FIRE:  594 05:19:51     -231.895386        0.000012
FIRE:  595 05:19:51     -231.895386        0.000013
FIRE:  596 05:19:51     -231.895386        0.000012
FIRE:  597 05:19:51     -231.895386        0.000013
FIRE:  598 05:19:51     -231.895386        0.000013
FIRE:  599 05:19:51     -231.895370        0.000013
FIRE:  600 05:19:52     -231.895370        0.000013
FIRE:  601 05:19:52     -231.895386        0.000013
FIRE:  602 05:19:52     -231.895386        0.000013
FIRE:  603 05:19:52     -231.895370        0.000013
FIRE:  604 05:19:52     -231.895386        0.000012
FIRE:  605 05:19:52     -231.895370        0.000012
FIRE:  606 05:19:52     -231.895386        0.000013
FIRE:  607 05:19:52     -231.895386        0.000012
FIRE:  608 05:19:52     -231.895386        0.000011
FIRE:  609 05:19:53     -231.895386        0.000011
FIRE:  610 05:19:53     -231.895386        0.000011
FIRE:  611 05:19:53     -231.895401        0.000011
FIRE:  612 05:19:53     -231.895386        0.000010
FIRE:  613 05:19:53     -231.895386        0.000010
FIRE:  614 05:19:53     -231.895401        0.000010
FIRE:  615 05:19:53     -231.895386        0.000010
FIRE:  616 05:19:53     -231.895386        0.000016
FIRE:  617 05:19:53     -231.895386        0.000009
FIRE:  618 05:19:54     -231.895386        0.000013
FIRE:  619 05:19:54     -231.895386        0.000012
FIRE:  620 05:19:54     -231.895386        0.000008
FIRE:  621 05:19:54     -231.895386        0.000009
FIRE:  622 05:19:54     -231.895386        0.000009
FIRE:  623 05:19:54     -231.895386        0.000009
FIRE:  624 05:19:54     -231.895386        0.000009
FIRE:  625 05:19:54     -231.895386        0.000009
FIRE:  626 05:19:54     -231.895386        0.000009
FIRE:  627 05:19:55     -231.895386        0.000009
FIRE:  628 05:19:55     -231.895386        0.000009
FIRE:  629 05:19:55     -231.895386        0.000009
FIRE:  630 05:19:55     -231.895386        0.000009
FIRE:  631 05:19:55     -231.895386        0.000009
FIRE:  632 05:19:55     -231.895386        0.000009
FIRE:  633 05:19:55     -231.895386        0.000009
FIRE:  634 05:19:55     -231.895386        0.000009
FIRE:  635 05:19:55     -231.895386        0.000009
FIRE:  636 05:19:56     -231.895386        0.000009
FIRE:  637 05:19:56     -231.895386        0.000009
FIRE:  638 05:19:56     -231.895386        0.000009
FIRE:  639 05:19:56     -231.895386        0.000009
FIRE:  640 05:19:56     -231.895386        0.000009
FIRE:  641 05:19:56     -231.895386        0.000009
FIRE:  642 05:19:56     -231.895386        0.000009
FIRE:  643 05:19:56     -231.895386        0.000009
FIRE:  644 05:19:56     -231.895386        0.000009
FIRE:  645 05:19:57     -231.895386        0.000009
FIRE:  646 05:19:57     -231.895386        0.000009
FIRE:  647 05:19:57     -231.895386        0.000009
FIRE:  648 05:19:57     -231.895386        0.000008
FIRE:  649 05:19:57     -231.895401        0.000008
FIRE:  650 05:19:57     -231.895386        0.000008
FIRE:  651 05:19:57     -231.895386        0.000008
FIRE:  652 05:19:57     -231.895386        0.000008
FIRE:  653 05:19:57     -231.895386        0.000008
FIRE:  654 05:19:57     -231.895386        0.000008
FIRE:  655 05:19:58     -231.895401        0.000008
FIRE:  656 05:19:58     -231.895386        0.000008
FIRE:  657 05:19:58     -231.895386        0.000008
FIRE:  658 05:19:58     -231.895386        0.000007
FIRE:  659 05:19:58     -231.895401        0.000007
FIRE:  660 05:19:58     -231.895401        0.000007
FIRE:  661 05:19:58     -231.895386        0.000006
FIRE:  662 05:19:58     -231.895401        0.000005
FIRE:  663 05:19:58     -231.895401        0.000013
FIRE:  664 05:19:59     -231.895401        0.000005
FIRE:  665 05:19:59     -231.895401        0.000005
FIRE:  666 05:19:59     -231.895401        0.000005
FIRE:  667 05:19:59     -231.895401        0.000005
FIRE:  668 05:19:59     -231.895401        0.000005
FIRE:  669 05:19:59     -231.895401        0.000005
FIRE:  670 05:19:59     -231.895401        0.000005
FIRE:  671 05:19:59     -231.895401        0.000005
FIRE:  672 05:19:59     -231.895401        0.000006
FIRE:  673 05:20:00     -231.895401        0.000005
FIRE:  674 05:20:00     -231.895401        0.000005
FIRE:  675 05:20:00     -231.895401        0.000005
FIRE:  676 05:20:00     -231.895401        0.000005
FIRE:  677 05:20:00     -231.895386        0.000005
FIRE:  678 05:20:00     -231.895401        0.000005
FIRE:  679 05:20:00     -231.895401        0.000005
FIRE:  680 05:20:00     -231.895386        0.000005
FIRE:  681 05:20:00     -231.895401        0.000005
FIRE:  682 05:20:01     -231.895401        0.000005
FIRE:  683 05:20:01     -231.895401        0.000005
FIRE:  684 05:20:01     -231.895401        0.000005
FIRE:  685 05:20:01     -231.895401        0.000005
FIRE:  686 05:20:01     -231.895401        0.000005
FIRE:  687 05:20:01     -231.895401        0.000005
FIRE:  688 05:20:01     -231.895401        0.000005
FIRE:  689 05:20:01     -231.895401        0.000005
FIRE:  690 05:20:01     -231.895401        0.000005
FIRE:  691 05:20:02     -231.895401        0.000005
FIRE:  692 05:20:02     -231.895401        0.000005
FIRE:  693 05:20:02     -231.895401        0.000005
FIRE:  694 05:20:02     -231.895401        0.000005
FIRE:  695 05:20:02     -231.895401        0.000005
FIRE:  696 05:20:02     -231.895401        0.000005
FIRE:  697 05:20:02     -231.895401        0.000005
FIRE:  698 05:20:02     -231.895401        0.000005
FIRE:  699 05:20:02     -231.895401        0.000005
FIRE:  700 05:20:03     -231.895401        0.000005
FIRE:  701 05:20:03     -231.895401        0.000004
FIRE:  702 05:20:03     -231.895401        0.000005
FIRE:  703 05:20:03     -231.895401        0.000005
FIRE:  704 05:20:03     -231.895401        0.000005
FIRE:  705 05:20:03     -231.895401        0.000005
FIRE:  706 05:20:03     -231.895401        0.000005
FIRE:  707 05:20:03     -231.895401        0.000005
FIRE:  708 05:20:03     -231.895401        0.000005
FIRE:  709 05:20:03     -231.895386        0.000005
FIRE:  710 05:20:04     -231.895401        0.000005
FIRE:  711 05:20:04     -231.895401        0.000005
FIRE:  712 05:20:04     -231.895401        0.000005
FIRE:  713 05:20:04     -231.895386        0.000005
FIRE:  714 05:20:04     -231.895401        0.000005
FIRE:  715 05:20:04     -231.895401        0.000005
FIRE:  716 05:20:04     -231.895401        0.000005
FIRE:  717 05:20:04     -231.895401        0.000005
FIRE:  718 05:20:04     -231.895401        0.000005
FIRE:  719 05:20:05     -231.895401        0.000005
FIRE:  720 05:20:05     -231.895401        0.000005
FIRE:  721 05:20:05     -231.895401        0.000005
FIRE:  722 05:20:05     -231.895401        0.000005
FIRE:  723 05:20:05     -231.895401        0.000005
FIRE:  724 05:20:05     -231.895401        0.000005
FIRE:  725 05:20:05     -231.895401        0.000005
FIRE:  726 05:20:05     -231.895401        0.000005
FIRE:  727 05:20:05     -231.895401        0.000005
FIRE:  728 05:20:06     -231.895401        0.000005
FIRE:  729 05:20:06     -231.895401        0.000005
FIRE:  730 05:20:06     -231.895401        0.000005
FIRE:  731 05:20:06     -231.895401        0.000005
FIRE:  732 05:20:06     -231.895401        0.000005
FIRE:  733 05:20:06     -231.895401        0.000005
FIRE:  734 05:20:06     -231.895401        0.000005
FIRE:  735 05:20:06     -231.895401        0.000005
FIRE:  736 05:20:06     -231.895401        0.000005
FIRE:  737 05:20:07     -231.895401        0.000005
FIRE:  738 05:20:07     -231.895401        0.000005
FIRE:  739 05:20:07     -231.895401        0.000005
FIRE:  740 05:20:07     -231.895401        0.000005
FIRE:  741 05:20:07     -231.895401        0.000005
FIRE:  742 05:20:07     -231.895401        0.000005
FIRE:  743 05:20:07     -231.895401        0.000005
FIRE:  744 05:20:07     -231.895401        0.000005
FIRE:  745 05:20:07     -231.895401        0.000005
FIRE:  746 05:20:08     -231.895401        0.000005
FIRE:  747 05:20:08     -231.895401        0.000005
FIRE:  748 05:20:08     -231.895401        0.000005
FIRE:  749 05:20:08     -231.895401        0.000005
FIRE:  750 05:20:08     -231.895401        0.000005
FIRE:  751 05:20:08     -231.895401        0.000005
FIRE:  752 05:20:08     -231.895401        0.000005
FIRE:  753 05:20:08     -231.895401        0.000005
FIRE:  754 05:20:08     -231.895401        0.000005
FIRE:  755 05:20:09     -231.895401        0.000005
FIRE:  756 05:20:09     -231.895401        0.000005
FIRE:  757 05:20:09     -231.895401        0.000005
FIRE:  758 05:20:09     -231.895401        0.000005
FIRE:  759 05:20:09     -231.895401        0.000005
FIRE:  760 05:20:09     -231.895401        0.000005
FIRE:  761 05:20:09     -231.895401        0.000005
FIRE:  762 05:20:09     -231.895401        0.000005
FIRE:  763 05:20:09     -231.895401        0.000005
FIRE:  764 05:20:09     -231.895401        0.000005
FIRE:  765 05:20:10     -231.895401        0.000005
FIRE:  766 05:20:10     -231.895401        0.000005
FIRE:  767 05:20:10     -231.895401        0.000005
FIRE:  768 05:20:10     -231.895401        0.000005
FIRE:  769 05:20:10     -231.895401        0.000005
FIRE:  770 05:20:10     -231.895401        0.000005
FIRE:  771 05:20:10     -231.895401        0.000005
FIRE:  772 05:20:10     -231.895401        0.000005
FIRE:  773 05:20:10     -231.895401        0.000005
FIRE:  774 05:20:11     -231.895401        0.000005
FIRE:  775 05:20:11     -231.895401        0.000005
FIRE:  776 05:20:11     -231.895401        0.000005
FIRE:  777 05:20:11     -231.895401        0.000005
FIRE:  778 05:20:11     -231.895401        0.000005
FIRE:  779 05:20:11     -231.895401        0.000005
FIRE:  780 05:20:11     -231.895401        0.000005
FIRE:  781 05:20:11     -231.895401        0.000005
FIRE:  782 05:20:11     -231.895401        0.000005
FIRE:  783 05:20:12     -231.895401        0.000005
FIRE:  784 05:20:12     -231.895401        0.000005
FIRE:  785 05:20:12     -231.895401        0.000005
FIRE:  786 05:20:12     -231.895401        0.000005
FIRE:  787 05:20:12     -231.895401        0.000005
FIRE:  788 05:20:12     -231.895401        0.000005
FIRE:  789 05:20:12     -231.895401        0.000005
FIRE:  790 05:20:12     -231.895401        0.000005
FIRE:  791 05:20:12     -231.895401        0.000005
FIRE:  792 05:20:13     -231.895401        0.000005
FIRE:  793 05:20:13     -231.895401        0.000005
FIRE:  794 05:20:13     -231.895401        0.000005
FIRE:  795 05:20:13     -231.895401        0.000005
FIRE:  796 05:20:13     -231.895401        0.000005
FIRE:  797 05:20:13     -231.895401        0.000005
FIRE:  798 05:20:13     -231.895401        0.000005
FIRE:  799 05:20:13     -231.895401        0.000005
FIRE:  800 05:20:13     -231.895401        0.000005
FIRE:  801 05:20:14     -231.895401        0.000005
FIRE:  802 05:20:14     -231.895401        0.000005
FIRE:  803 05:20:14     -231.895401        0.000005
FIRE:  804 05:20:14     -231.895401        0.000005
FIRE:  805 05:20:14     -231.895401        0.000005
FIRE:  806 05:20:14     -231.895401        0.000005
FIRE:  807 05:20:14     -231.895401        0.000005
FIRE:  808 05:20:14     -231.895401        0.000005
FIRE:  809 05:20:14     -231.895401        0.000005
FIRE:  810 05:20:15     -231.895401        0.000005
FIRE:  811 05:20:15     -231.895401        0.000005
FIRE:  812 05:20:15     -231.895401        0.000005
FIRE:  813 05:20:15     -231.895401        0.000005
FIRE:  814 05:20:15     -231.895401        0.000005
FIRE:  815 05:20:15     -231.895401        0.000005
FIRE:  816 05:20:15     -231.895401        0.000005
FIRE:  817 05:20:15     -231.895386        0.000005
FIRE:  818 05:20:15     -231.895401        0.000005
FIRE:  819 05:20:16     -231.895401        0.000005
FIRE:  820 05:20:16     -231.895401        0.000005
FIRE:  821 05:20:16     -231.895401        0.000005
FIRE:  822 05:20:16     -231.895401        0.000005
FIRE:  823 05:20:16     -231.895401        0.000005
FIRE:  824 05:20:16     -231.895401        0.000005
FIRE:  825 05:20:16     -231.895401        0.000005
FIRE:  826 05:20:16     -231.895401        0.000005
FIRE:  827 05:20:16     -231.895401        0.000005
FIRE:  828 05:20:16     -231.895401        0.000005
FIRE:  829 05:20:17     -231.895401        0.000005
FIRE:  830 05:20:17     -231.895401        0.000005
FIRE:  831 05:20:17     -231.895401        0.000005
FIRE:  832 05:20:17     -231.895401        0.000005
FIRE:  833 05:20:17     -231.895401        0.000005
FIRE:  834 05:20:17     -231.895401        0.000005
FIRE:  835 05:20:17     -231.895401        0.000005
FIRE:  836 05:20:17     -231.895401        0.000005
FIRE:  837 05:20:17     -231.895401        0.000005
FIRE:  838 05:20:18     -231.895401        0.000005
FIRE:  839 05:20:18     -231.895401        0.000005
FIRE:  840 05:20:18     -231.895401        0.000005
FIRE:  841 05:20:18     -231.895401        0.000005
FIRE:  842 05:20:18     -231.895401        0.000005
FIRE:  843 05:20:18     -231.895401        0.000005
FIRE:  844 05:20:18     -231.895401        0.000005
FIRE:  845 05:20:18     -231.895401        0.000005
FIRE:  846 05:20:18     -231.895401        0.000005
FIRE:  847 05:20:19     -231.895401        0.000005
FIRE:  848 05:20:19     -231.895401        0.000005
FIRE:  849 05:20:19     -231.895401        0.000005
FIRE:  850 05:20:19     -231.895401        0.000005
FIRE:  851 05:20:19     -231.895401        0.000005
FIRE:  852 05:20:19     -231.895401        0.000005
FIRE:  853 05:20:19     -231.895401        0.000005
FIRE:  854 05:20:19     -231.895401        0.000005
FIRE:  855 05:20:19     -231.895401        0.000005
FIRE:  856 05:20:20     -231.895401        0.000005
FIRE:  857 05:20:20     -231.895401        0.000005
FIRE:  858 05:20:20     -231.895401        0.000005
FIRE:  859 05:20:20     -231.895401        0.000005
FIRE:  860 05:20:20     -231.895401        0.000005
FIRE:  861 05:20:20     -231.895401        0.000005
FIRE:  862 05:20:20     -231.895401        0.000005
FIRE:  863 05:20:20     -231.895401        0.000005
FIRE:  864 05:20:20     -231.895401        0.000005
FIRE:  865 05:20:21     -231.895401        0.000005
FIRE:  866 05:20:21     -231.895401        0.000005
FIRE:  867 05:20:21     -231.895401        0.000005
FIRE:  868 05:20:21     -231.895401        0.000005
FIRE:  869 05:20:21     -231.895401        0.000005
FIRE:  870 05:20:21     -231.895401        0.000005
FIRE:  871 05:20:21     -231.895401        0.000005
FIRE:  872 05:20:21     -231.895401        0.000005
FIRE:  873 05:20:21     -231.895401        0.000005
FIRE:  874 05:20:22     -231.895401        0.000005
FIRE:  875 05:20:22     -231.895401        0.000005
FIRE:  876 05:20:22     -231.895401        0.000005
FIRE:  877 05:20:22     -231.895401        0.000005
FIRE:  878 05:20:22     -231.895401        0.000005
FIRE:  879 05:20:22     -231.895401        0.000005
FIRE:  880 05:20:22     -231.895386        0.000005
FIRE:  881 05:20:22     -231.895401        0.000005
FIRE:  882 05:20:22     -231.895401        0.000005
FIRE:  883 05:20:22     -231.895401        0.000005
FIRE:  884 05:20:23     -231.895401        0.000005
FIRE:  885 05:20:23     -231.895401        0.000005
FIRE:  886 05:20:23     -231.895401        0.000005
FIRE:  887 05:20:23     -231.895401        0.000005
FIRE:  888 05:20:23     -231.895401        0.000005
FIRE:  889 05:20:23     -231.895401        0.000005
FIRE:  890 05:20:23     -231.895401        0.000005
FIRE:  891 05:20:23     -231.895401        0.000005
FIRE:  892 05:20:23     -231.895401        0.000005
FIRE:  893 05:20:24     -231.895401        0.000005
FIRE:  894 05:20:24     -231.895401        0.000005
FIRE:  895 05:20:24     -231.895401        0.000005
FIRE:  896 05:20:24     -231.895401        0.000005
FIRE:  897 05:20:24     -231.895401        0.000005
FIRE:  898 05:20:24     -231.895401        0.000005
FIRE:  899 05:20:24     -231.895401        0.000005
FIRE:  900 05:20:24     -231.895401        0.000005
FIRE:  901 05:20:24     -231.895401        0.000005
FIRE:  902 05:20:25     -231.895401        0.000005
FIRE:  903 05:20:25     -231.895401        0.000005
FIRE:  904 05:20:25     -231.895401        0.000005
FIRE:  905 05:20:25     -231.895401        0.000005
FIRE:  906 05:20:25     -231.895401        0.000005
FIRE:  907 05:20:25     -231.895401        0.000005
FIRE:  908 05:20:25     -231.895401        0.000005
FIRE:  909 05:20:25     -231.895401        0.000005
FIRE:  910 05:20:25     -231.895401        0.000005
FIRE:  911 05:20:26     -231.895386        0.000005
FIRE:  912 05:20:26     -231.895401        0.000005
FIRE:  913 05:20:26     -231.895401        0.000005
FIRE:  914 05:20:26     -231.895401        0.000005
FIRE:  915 05:20:26     -231.895401        0.000005
FIRE:  916 05:20:26     -231.895401        0.000005
FIRE:  917 05:20:26     -231.895401        0.000005
FIRE:  918 05:20:26     -231.895401        0.000005
FIRE:  919 05:20:26     -231.895401        0.000005
FIRE:  920 05:20:27     -231.895401        0.000005
FIRE:  921 05:20:27     -231.895401        0.000005
FIRE:  922 05:20:27     -231.895401        0.000005
FIRE:  923 05:20:27     -231.895401        0.000005
FIRE:  924 05:20:27     -231.895401        0.000005
FIRE:  925 05:20:27     -231.895401        0.000005
FIRE:  926 05:20:27     -231.895386        0.000005
FIRE:  927 05:20:27     -231.895401        0.000005
FIRE:  928 05:20:27     -231.895401        0.000005
FIRE:  929 05:20:28     -231.895401        0.000005
FIRE:  930 05:20:28     -231.895401        0.000005
FIRE:  931 05:20:28     -231.895401        0.000005
FIRE:  932 05:20:28     -231.895401        0.000005
FIRE:  933 05:20:28     -231.895401        0.000005
FIRE:  934 05:20:28     -231.895401        0.000005
FIRE:  935 05:20:28     -231.895401        0.000005
FIRE:  936 05:20:28     -231.895401        0.000005
FIRE:  937 05:20:28     -231.895401        0.000005
FIRE:  938 05:20:28     -231.895401        0.000005
FIRE:  939 05:20:29     -231.895401        0.000005
FIRE:  940 05:20:29     -231.895401        0.000005
FIRE:  941 05:20:29     -231.895401        0.000005
FIRE:  942 05:20:29     -231.895401        0.000005
FIRE:  943 05:20:29     -231.895401        0.000005
FIRE:  944 05:20:29     -231.895401        0.000005
FIRE:  945 05:20:29     -231.895401        0.000005
FIRE:  946 05:20:29     -231.895401        0.000005
FIRE:  947 05:20:29     -231.895401        0.000005
FIRE:  948 05:20:30     -231.895401        0.000005
FIRE:  949 05:20:30     -231.895401        0.000005
FIRE:  950 05:20:30     -231.895401        0.000005
FIRE:  951 05:20:30     -231.895401        0.000005
FIRE:  952 05:20:30     -231.895401        0.000005
FIRE:  953 05:20:30     -231.895401        0.000005
FIRE:  954 05:20:30     -231.895401        0.000005
FIRE:  955 05:20:30     -231.895401        0.000005
FIRE:  956 05:20:30     -231.895401        0.000005
FIRE:  957 05:20:31     -231.895401        0.000005
FIRE:  958 05:20:31     -231.895401        0.000005
FIRE:  959 05:20:31     -231.895401        0.000005
FIRE:  960 05:20:31     -231.895401        0.000005
FIRE:  961 05:20:31     -231.895401        0.000005
FIRE:  962 05:20:31     -231.895401        0.000005
FIRE:  963 05:20:31     -231.895401        0.000005
FIRE:  964 05:20:31     -231.895401        0.000005
FIRE:  965 05:20:31     -231.895401        0.000005
FIRE:  966 05:20:32     -231.895401        0.000005
FIRE:  967 05:20:32     -231.895401        0.000005
FIRE:  968 05:20:32     -231.895401        0.000005
FIRE:  969 05:20:32     -231.895401        0.000005
FIRE:  970 05:20:32     -231.895401        0.000005
FIRE:  971 05:20:32     -231.895401        0.000005
FIRE:  972 05:20:32     -231.895401        0.000005
FIRE:  973 05:20:32     -231.895401        0.000005
FIRE:  974 05:20:32     -231.895401        0.000005
FIRE:  975 05:20:33     -231.895401        0.000005
FIRE:  976 05:20:33     -231.895401        0.000005
FIRE:  977 05:20:33     -231.895401        0.000005
FIRE:  978 05:20:33     -231.895401        0.000005
FIRE:  979 05:20:33     -231.895401        0.000005
FIRE:  980 05:20:33     -231.895401        0.000005
FIRE:  981 05:20:33     -231.895401        0.000005
FIRE:  982 05:20:33     -231.895401        0.000005
FIRE:  983 05:20:33     -231.895401        0.000005
FIRE:  984 05:20:34     -231.895401        0.000005
FIRE:  985 05:20:34     -231.895401        0.000005
FIRE:  986 05:20:34     -231.895401        0.000005
FIRE:  987 05:20:34     -231.895401        0.000005
FIRE:  988 05:20:34     -231.895401        0.000005
FIRE:  989 05:20:34     -231.895401        0.000005
FIRE:  990 05:20:34     -231.895401        0.000005
FIRE:  991 05:20:34     -231.895401        0.000005
FIRE:  992 05:20:34     -231.895386        0.000005
FIRE:  993 05:20:35     -231.895401        0.000005
FIRE:  994 05:20:35     -231.895401        0.000005
FIRE:  995 05:20:35     -231.895401        0.000005
FIRE:  996 05:20:35     -231.895401        0.000005
FIRE:  997 05:20:35     -231.895401        0.000005
FIRE:  998 05:20:35     -231.895401        0.000005
FIRE:  999 05:20:35     -231.895401        0.000005
FIRE:  1000 05:20:35     -231.895386        0.000005
FIRE:  1001 05:20:35     -231.895401        0.000005
FIRE:  1002 05:20:35     -231.895401        0.000005
FIRE:  1003 05:20:36     -231.895401        0.000005
FIRE:  1004 05:20:36     -231.895401        0.000005
FIRE:  1005 05:20:36     -231.895401        0.000005
FIRE:  1006 05:20:36     -231.895401        0.000005
FIRE:  1007 05:20:36     -231.895401        0.000005
FIRE:  1008 05:20:36     -231.895401        0.000005
FIRE:  1009 05:20:36     -231.895401        0.000005
FIRE:  1010 05:20:36     -231.895401        0.000005
FIRE:  1011 05:20:36     -231.895401        0.000005
FIRE:  1012 05:20:37     -231.895401        0.000005
FIRE:  1013 05:20:37     -231.895401        0.000005
FIRE:  1014 05:20:37     -231.895401        0.000005
FIRE:  1015 05:20:37     -231.895401        0.000005
FIRE:  1016 05:20:37     -231.895401        0.000005
FIRE:  1017 05:20:37     -231.895401        0.000005
FIRE:  1018 05:20:37     -231.895401        0.000005
FIRE:  1019 05:20:37     -231.895401        0.000005
FIRE:  1020 05:20:37     -231.895401        0.000005
FIRE:  1021 05:20:38     -231.895401        0.000005
FIRE:  1022 05:20:38     -231.895401        0.000005
FIRE:  1023 05:20:38     -231.895401        0.000005
FIRE:  1024 05:20:38     -231.895401        0.000005
FIRE:  1025 05:20:38     -231.895401        0.000005
FIRE:  1026 05:20:38     -231.895401        0.000005
FIRE:  1027 05:20:38     -231.895401        0.000005
FIRE:  1028 05:20:38     -231.895401        0.000005
FIRE:  1029 05:20:38     -231.895401        0.000005
FIRE:  1030 05:20:39     -231.895401        0.000005
FIRE:  1031 05:20:39     -231.895401        0.000005
FIRE:  1032 05:20:39     -231.895401        0.000005
FIRE:  1033 05:20:39     -231.895401        0.000005
FIRE:  1034 05:20:39     -231.895401        0.000005
FIRE:  1035 05:20:39     -231.895401        0.000005
FIRE:  1036 05:20:39     -231.895401        0.000005
FIRE:  1037 05:20:39     -231.895401        0.000005
FIRE:  1038 05:20:39     -231.895401        0.000005
FIRE:  1039 05:20:40     -231.895401        0.000005
FIRE:  1040 05:20:40     -231.895401        0.000005
FIRE:  1041 05:20:40     -231.895401        0.000005
FIRE:  1042 05:20:40     -231.895401        0.000005
FIRE:  1043 05:20:40     -231.895401        0.000005
FIRE:  1044 05:20:40     -231.895401        0.000005
FIRE:  1045 05:20:40     -231.895386        0.000005
FIRE:  1046 05:20:40     -231.895401        0.000005
FIRE:  1047 05:20:40     -231.895401        0.000005
FIRE:  1048 05:20:41     -231.895401        0.000005
FIRE:  1049 05:20:41     -231.895401        0.000005
FIRE:  1050 05:20:41     -231.895401        0.000005
FIRE:  1051 05:20:41     -231.895401        0.000005
FIRE:  1052 05:20:41     -231.895401        0.000005
FIRE:  1053 05:20:41     -231.895401        0.000005
FIRE:  1054 05:20:41     -231.895401        0.000005
FIRE:  1055 05:20:41     -231.895401        0.000005
FIRE:  1056 05:20:41     -231.895401        0.000005
FIRE:  1057 05:20:42     -231.895401        0.000005
FIRE:  1058 05:20:42     -231.895401        0.000005
FIRE:  1059 05:20:42     -231.895401        0.000005
FIRE:  1060 05:20:42     -231.895401        0.000005
FIRE:  1061 05:20:42     -231.895401        0.000005
FIRE:  1062 05:20:42     -231.895401        0.000005
FIRE:  1063 05:20:42     -231.895401        0.000005
FIRE:  1064 05:20:42     -231.895401        0.000005
FIRE:  1065 05:20:42     -231.895401        0.000005
FIRE:  1066 05:20:42     -231.895401        0.000005
FIRE:  1067 05:20:43     -231.895401        0.000005
FIRE:  1068 05:20:43     -231.895401        0.000005
FIRE:  1069 05:20:43     -231.895401        0.000005
FIRE:  1070 05:20:43     -231.895401        0.000005
FIRE:  1071 05:20:43     -231.895401        0.000005
FIRE:  1072 05:20:43     -231.895401        0.000005
FIRE:  1073 05:20:43     -231.895401        0.000005
FIRE:  1074 05:20:43     -231.895401        0.000005
FIRE:  1075 05:20:43     -231.895401        0.000005
FIRE:  1076 05:20:44     -231.895401        0.000005
FIRE:  1077 05:20:44     -231.895401        0.000005
FIRE:  1078 05:20:44     -231.895401        0.000005
FIRE:  1079 05:20:44     -231.895401        0.000005
FIRE:  1080 05:20:44     -231.895401        0.000005
FIRE:  1081 05:20:44     -231.895401        0.000005
FIRE:  1082 05:20:44     -231.895401        0.000005
FIRE:  1083 05:20:44     -231.895401        0.000005
FIRE:  1084 05:20:44     -231.895401        0.000005
FIRE:  1085 05:20:45     -231.895401        0.000005
FIRE:  1086 05:20:45     -231.895401        0.000005
FIRE:  1087 05:20:45     -231.895401        0.000005
FIRE:  1088 05:20:45     -231.895401        0.000005
FIRE:  1089 05:20:45     -231.895401        0.000005
FIRE:  1090 05:20:45     -231.895401        0.000005
FIRE:  1091 05:20:45     -231.895401        0.000005
FIRE:  1092 05:20:45     -231.895401        0.000005
FIRE:  1093 05:20:45     -231.895401        0.000005
FIRE:  1094 05:20:46     -231.895401        0.000005
FIRE:  1095 05:20:46     -231.895386        0.000005
FIRE:  1096 05:20:46     -231.895401        0.000005
FIRE:  1097 05:20:46     -231.895401        0.000005
FIRE:  1098 05:20:46     -231.895401        0.000005
FIRE:  1099 05:20:46     -231.895401        0.000005
FIRE:  1100 05:20:46     -231.895401        0.000005
FIRE:  1101 05:20:46     -231.895401        0.000005
FIRE:  1102 05:20:46     -231.895401        0.000005
FIRE:  1103 05:20:47     -231.895401        0.000005
FIRE:  1104 05:20:47     -231.895401        0.000005
FIRE:  1105 05:20:47     -231.895401        0.000005
FIRE:  1106 05:20:47     -231.895401        0.000005
FIRE:  1107 05:20:47     -231.895401        0.000005
FIRE:  1108 05:20:47     -231.895401        0.000005
FIRE:  1109 05:20:47     -231.895401        0.000005
FIRE:  1110 05:20:47     -231.895401        0.000005
FIRE:  1111 05:20:47     -231.895401        0.000005
FIRE:  1112 05:20:48     -231.895401        0.000005
FIRE:  1113 05:20:48     -231.895401        0.000005
FIRE:  1114 05:20:48     -231.895401        0.000005
FIRE:  1115 05:20:48     -231.895401        0.000005
FIRE:  1116 05:20:48     -231.895401        0.000005
FIRE:  1117 05:20:48     -231.895401        0.000005
FIRE:  1118 05:20:48     -231.895401        0.000005
FIRE:  1119 05:20:48     -231.895401        0.000005
FIRE:  1120 05:20:48     -231.895401        0.000005
FIRE:  1121 05:20:49     -231.895401        0.000005
FIRE:  1122 05:20:49     -231.895401        0.000005
FIRE:  1123 05:20:49     -231.895401        0.000005
FIRE:  1124 05:20:49     -231.895401        0.000005
FIRE:  1125 05:20:49     -231.895401        0.000005
FIRE:  1126 05:20:49     -231.895401        0.000005
FIRE:  1127 05:20:49     -231.895401        0.000005
FIRE:  1128 05:20:49     -231.895401        0.000005
FIRE:  1129 05:20:49     -231.895401        0.000005
FIRE:  1130 05:20:49     -231.895401        0.000005
FIRE:  1131 05:20:50     -231.895401        0.000005
FIRE:  1132 05:20:50     -231.895401        0.000005
FIRE:  1133 05:20:50     -231.895401        0.000005
FIRE:  1134 05:20:50     -231.895401        0.000005
FIRE:  1135 05:20:50     -231.895401        0.000005
FIRE:  1136 05:20:50     -231.895401        0.000005
FIRE:  1137 05:20:50     -231.895401        0.000005
FIRE:  1138 05:20:50     -231.895401        0.000005
FIRE:  1139 05:20:50     -231.895401        0.000005
FIRE:  1140 05:20:51     -231.895401        0.000005
FIRE:  1141 05:20:51     -231.895401        0.000005
FIRE:  1142 05:20:51     -231.895401        0.000005
FIRE:  1143 05:20:51     -231.895401        0.000005
FIRE:  1144 05:20:51     -231.895401        0.000005
FIRE:  1145 05:20:51     -231.895401        0.000005
FIRE:  1146 05:20:51     -231.895401        0.000005
FIRE:  1147 05:20:51     -231.895401        0.000005
FIRE:  1148 05:20:51     -231.895401        0.000005
FIRE:  1149 05:20:52     -231.895401        0.000005
FIRE:  1150 05:20:52     -231.895401        0.000005
FIRE:  1151 05:20:52     -231.895401        0.000005
FIRE:  1152 05:20:52     -231.895401        0.000005
FIRE:  1153 05:20:52     -231.895401        0.000005
FIRE:  1154 05:20:52     -231.895401        0.000005
FIRE:  1155 05:20:52     -231.895401        0.000005
FIRE:  1156 05:20:52     -231.895401        0.000005
FIRE:  1157 05:20:52     -231.895401        0.000005
FIRE:  1158 05:20:53     -231.895401        0.000005
FIRE:  1159 05:20:53     -231.895401        0.000005
FIRE:  1160 05:20:53     -231.895401        0.000005
FIRE:  1161 05:20:53     -231.895401        0.000005
FIRE:  1162 05:20:53     -231.895401        0.000005
FIRE:  1163 05:20:53     -231.895401        0.000005
FIRE:  1164 05:20:53     -231.895401        0.000005
FIRE:  1165 05:20:53     -231.895401        0.000005
FIRE:  1166 05:20:53     -231.895401        0.000005
FIRE:  1167 05:20:54     -231.895401        0.000005
FIRE:  1168 05:20:54     -231.895401        0.000005
FIRE:  1169 05:20:54     -231.895386        0.000005
FIRE:  1170 05:20:54     -231.895401        0.000005
FIRE:  1171 05:20:54     -231.895401        0.000005
FIRE:  1172 05:20:54     -231.895401        0.000005
FIRE:  1173 05:20:54     -231.895401        0.000005
FIRE:  1174 05:20:54     -231.895401        0.000005
FIRE:  1175 05:20:54     -231.895401        0.000005
FIRE:  1176 05:20:55     -231.895401        0.000005
FIRE:  1177 05:20:55     -231.895401        0.000005
FIRE:  1178 05:20:55     -231.895401        0.000005
FIRE:  1179 05:20:55     -231.895401        0.000005
FIRE:  1180 05:20:55     -231.895401        0.000005
FIRE:  1181 05:20:55     -231.895401        0.000005
FIRE:  1182 05:20:55     -231.895401        0.000005
FIRE:  1183 05:20:55     -231.895401        0.000005
FIRE:  1184 05:20:55     -231.895401        0.000005
FIRE:  1185 05:20:56     -231.895401        0.000005
FIRE:  1186 05:20:56     -231.895401        0.000005
FIRE:  1187 05:20:56     -231.895401        0.000005
FIRE:  1188 05:20:56     -231.895401        0.000005
FIRE:  1189 05:20:56     -231.895401        0.000005
FIRE:  1190 05:20:56     -231.895401        0.000005
FIRE:  1191 05:20:56     -231.895401        0.000005
FIRE:  1192 05:20:56     -231.895401        0.000005
FIRE:  1193 05:20:56     -231.895401        0.000005
FIRE:  1194 05:20:56     -231.895401        0.000005
FIRE:  1195 05:20:57     -231.895401        0.000005
FIRE:  1196 05:20:57     -231.895401        0.000005
FIRE:  1197 05:20:57     -231.895401        0.000005
FIRE:  1198 05:20:57     -231.895401        0.000005
FIRE:  1199 05:20:57     -231.895401        0.000005
FIRE:  1200 05:20:57     -231.895401        0.000005
FIRE:  1201 05:20:57     -231.895401        0.000005
FIRE:  1202 05:20:57     -231.895401        0.000005
FIRE:  1203 05:20:57     -231.895401        0.000005
FIRE:  1204 05:20:58     -231.895401        0.000005
FIRE:  1205 05:20:58     -231.895401        0.000005
FIRE:  1206 05:20:58     -231.895401        0.000005
FIRE:  1207 05:20:58     -231.895401        0.000005
FIRE:  1208 05:20:58     -231.895401        0.000005
FIRE:  1209 05:20:58     -231.895401        0.000005
FIRE:  1210 05:20:58     -231.895401        0.000005
FIRE:  1211 05:20:58     -231.895401        0.000005
FIRE:  1212 05:20:58     -231.895401        0.000005
FIRE:  1213 05:20:59     -231.895401        0.000005
FIRE:  1214 05:20:59     -231.895401        0.000005
FIRE:  1215 05:20:59     -231.895401        0.000005
FIRE:  1216 05:20:59     -231.895401        0.000005
FIRE:  1217 05:20:59     -231.895401        0.000005
FIRE:  1218 05:20:59     -231.895386        0.000005
FIRE:  1219 05:20:59     -231.895401        0.000005
FIRE:  1220 05:20:59     -231.895401        0.000005
FIRE:  1221 05:20:59     -231.895401        0.000005
FIRE:  1222 05:21:00     -231.895401        0.000005
FIRE:  1223 05:21:00     -231.895401        0.000005
FIRE:  1224 05:21:00     -231.895401        0.000005
FIRE:  1225 05:21:00     -231.895401        0.000005
FIRE:  1226 05:21:00     -231.895401        0.000005
FIRE:  1227 05:21:00     -231.895401        0.000005
FIRE:  1228 05:21:00     -231.895401        0.000005
FIRE:  1229 05:21:00     -231.895401        0.000005
FIRE:  1230 05:21:00     -231.895386        0.000005
FIRE:  1231 05:21:01     -231.895386        0.000005
FIRE:  1232 05:21:01     -231.895401        0.000005
FIRE:  1233 05:21:01     -231.895401        0.000005
FIRE:  1234 05:21:01     -231.895401        0.000005
FIRE:  1235 05:21:01     -231.895401        0.000005
FIRE:  1236 05:21:01     -231.895401        0.000005
FIRE:  1237 05:21:01     -231.895401        0.000005
FIRE:  1238 05:21:01     -231.895401        0.000005
FIRE:  1239 05:21:01     -231.895401        0.000005
FIRE:  1240 05:21:02     -231.895401        0.000005
FIRE:  1241 05:21:02     -231.895401        0.000005
FIRE:  1242 05:21:02     -231.895401        0.000005
FIRE:  1243 05:21:02     -231.895401        0.000005
FIRE:  1244 05:21:02     -231.895401        0.000005
FIRE:  1245 05:21:02     -231.895401        0.000005
FIRE:  1246 05:21:02     -231.895401        0.000005
FIRE:  1247 05:21:02     -231.895401        0.000005
FIRE:  1248 05:21:02     -231.895401        0.000005
FIRE:  1249 05:21:03     -231.895401        0.000005
FIRE:  1250 05:21:03     -231.895401        0.000005
FIRE:  1251 05:21:03     -231.895401        0.000005
FIRE:  1252 05:21:03     -231.895401        0.000005
FIRE:  1253 05:21:03     -231.895401        0.000005
FIRE:  1254 05:21:03     -231.895401        0.000005
FIRE:  1255 05:21:03     -231.895401        0.000005
FIRE:  1256 05:21:03     -231.895401        0.000005
FIRE:  1257 05:21:03     -231.895401        0.000005
FIRE:  1258 05:21:04     -231.895401        0.000005
FIRE:  1259 05:21:04     -231.895401        0.000005
FIRE:  1260 05:21:04     -231.895401        0.000005
FIRE:  1261 05:21:04     -231.895401        0.000005
FIRE:  1262 05:21:04     -231.895401        0.000005
FIRE:  1263 05:21:04     -231.895401        0.000005
FIRE:  1264 05:21:04     -231.895401        0.000005
FIRE:  1265 05:21:04     -231.895401        0.000005
FIRE:  1266 05:21:04     -231.895401        0.000005
FIRE:  1267 05:21:04     -231.895386        0.000005
FIRE:  1268 05:21:05     -231.895401        0.000005
FIRE:  1269 05:21:05     -231.895401        0.000005
FIRE:  1270 05:21:05     -231.895401        0.000005
FIRE:  1271 05:21:05     -231.895401        0.000005
FIRE:  1272 05:21:05     -231.895401        0.000005
FIRE:  1273 05:21:05     -231.895401        0.000005
FIRE:  1274 05:21:05     -231.895401        0.000005
FIRE:  1275 05:21:05     -231.895401        0.000005
FIRE:  1276 05:21:05     -231.895401        0.000005
FIRE:  1277 05:21:06     -231.895401        0.000005
FIRE:  1278 05:21:06     -231.895401        0.000005
FIRE:  1279 05:21:06     -231.895386        0.000005
FIRE:  1280 05:21:06     -231.895401        0.000005
FIRE:  1281 05:21:06     -231.895401        0.000005
FIRE:  1282 05:21:06     -231.895401        0.000005
FIRE:  1283 05:21:06     -231.895401        0.000005
FIRE:  1284 05:21:06     -231.895401        0.000005
FIRE:  1285 05:21:06     -231.895401        0.000005
FIRE:  1286 05:21:07     -231.895401        0.000005
FIRE:  1287 05:21:07     -231.895401        0.000005
FIRE:  1288 05:21:07     -231.895401        0.000005
FIRE:  1289 05:21:07     -231.895401        0.000005
FIRE:  1290 05:21:07     -231.895401        0.000005
FIRE:  1291 05:21:07     -231.895401        0.000005
FIRE:  1292 05:21:07     -231.895401        0.000005
FIRE:  1293 05:21:07     -231.895401        0.000005
FIRE:  1294 05:21:07     -231.895401        0.000005
FIRE:  1295 05:21:08     -231.895401        0.000005
FIRE:  1296 05:21:08     -231.895401        0.000005
FIRE:  1297 05:21:08     -231.895401        0.000005
FIRE:  1298 05:21:08     -231.895401        0.000005
FIRE:  1299 05:21:08     -231.895401        0.000005
FIRE:  1300 05:21:08     -231.895401        0.000005
FIRE:  1301 05:21:08     -231.895401        0.000005
FIRE:  1302 05:21:08     -231.895401        0.000005
FIRE:  1303 05:21:08     -231.895401        0.000005
FIRE:  1304 05:21:09     -231.895401        0.000005
FIRE:  1305 05:21:09     -231.895401        0.000005
FIRE:  1306 05:21:09     -231.895401        0.000005
FIRE:  1307 05:21:09     -231.895386        0.000005
FIRE:  1308 05:21:09     -231.895401        0.000005
FIRE:  1309 05:21:09     -231.895401        0.000005
FIRE:  1310 05:21:09     -231.895401        0.000005
FIRE:  1311 05:21:09     -231.895401        0.000005
FIRE:  1312 05:21:09     -231.895401        0.000005
FIRE:  1313 05:21:10     -231.895401        0.000005
FIRE:  1314 05:21:10     -231.895401        0.000005
FIRE:  1315 05:21:10     -231.895386        0.000005
FIRE:  1316 05:21:10     -231.895401        0.000005
FIRE:  1317 05:21:10     -231.895401        0.000005
FIRE:  1318 05:21:10     -231.895401        0.000005
FIRE:  1319 05:21:10     -231.895401        0.000005
FIRE:  1320 05:21:10     -231.895401        0.000005
FIRE:  1321 05:21:10     -231.895401        0.000005
FIRE:  1322 05:21:11     -231.895401        0.000005
FIRE:  1323 05:21:11     -231.895401        0.000005
FIRE:  1324 05:21:11     -231.895401        0.000005
FIRE:  1325 05:21:11     -231.895401        0.000005
FIRE:  1326 05:21:11     -231.895401        0.000005
FIRE:  1327 05:21:11     -231.895401        0.000005
FIRE:  1328 05:21:11     -231.895401        0.000005
FIRE:  1329 05:21:11     -231.895401        0.000005
FIRE:  1330 05:21:11     -231.895401        0.000005
FIRE:  1331 05:21:12     -231.895401        0.000005
FIRE:  1332 05:21:12     -231.895401        0.000005
FIRE:  1333 05:21:12     -231.895401        0.000005
FIRE:  1334 05:21:12     -231.895401        0.000005
FIRE:  1335 05:21:12     -231.895401        0.000005
FIRE:  1336 05:21:12     -231.895401        0.000005
FIRE:  1337 05:21:12     -231.895401        0.000005
FIRE:  1338 05:21:12     -231.895401        0.000005
FIRE:  1339 05:21:12     -231.895401        0.000005
FIRE:  1340 05:21:12     -231.895401        0.000005
FIRE:  1341 05:21:13     -231.895401        0.000005
FIRE:  1342 05:21:13     -231.895401        0.000005
FIRE:  1343 05:21:13     -231.895401        0.000005
FIRE:  1344 05:21:13     -231.895401        0.000005
FIRE:  1345 05:21:13     -231.895401        0.000005
FIRE:  1346 05:21:13     -231.895401        0.000005
FIRE:  1347 05:21:13     -231.895401        0.000005
FIRE:  1348 05:21:13     -231.895401        0.000005
FIRE:  1349 05:21:13     -231.895401        0.000005
FIRE:  1350 05:21:14     -231.895401        0.000005
FIRE:  1351 05:21:14     -231.895401        0.000005
FIRE:  1352 05:21:14     -231.895401        0.000005
FIRE:  1353 05:21:14     -231.895401        0.000005
FIRE:  1354 05:21:14     -231.895401        0.000005
FIRE:  1355 05:21:14     -231.895401        0.000005
FIRE:  1356 05:21:14     -231.895401        0.000005
FIRE:  1357 05:21:14     -231.895401        0.000005
FIRE:  1358 05:21:14     -231.895401        0.000005
FIRE:  1359 05:21:15     -231.895401        0.000005
FIRE:  1360 05:21:15     -231.895401        0.000005
FIRE:  1361 05:21:15     -231.895401        0.000005
FIRE:  1362 05:21:15     -231.895401        0.000005
FIRE:  1363 05:21:15     -231.895401        0.000005
FIRE:  1364 05:21:15     -231.895401        0.000005
FIRE:  1365 05:21:15     -231.895401        0.000005
FIRE:  1366 05:21:15     -231.895401        0.000005
FIRE:  1367 05:21:15     -231.895401        0.000005
FIRE:  1368 05:21:16     -231.895401        0.000005
FIRE:  1369 05:21:16     -231.895401        0.000005
FIRE:  1370 05:21:16     -231.895401        0.000005
FIRE:  1371 05:21:16     -231.895401        0.000005
FIRE:  1372 05:21:16     -231.895401        0.000005
FIRE:  1373 05:21:16     -231.895401        0.000005
FIRE:  1374 05:21:16     -231.895401        0.000005
FIRE:  1375 05:21:16     -231.895401        0.000005
FIRE:  1376 05:21:16     -231.895401        0.000005
FIRE:  1377 05:21:17     -231.895401        0.000005
FIRE:  1378 05:21:17     -231.895401        0.000005
FIRE:  1379 05:21:17     -231.895401        0.000005
FIRE:  1380 05:21:17     -231.895401        0.000005
FIRE:  1381 05:21:17     -231.895401        0.000005
FIRE:  1382 05:21:17     -231.895401        0.000005
FIRE:  1383 05:21:17     -231.895401        0.000005
FIRE:  1384 05:21:17     -231.895401        0.000005
FIRE:  1385 05:21:17     -231.895401        0.000005
FIRE:  1386 05:21:18     -231.895401        0.000005
FIRE:  1387 05:21:18     -231.895401        0.000005
FIRE:  1388 05:21:18     -231.895401        0.000005
FIRE:  1389 05:21:18     -231.895401        0.000005
FIRE:  1390 05:21:18     -231.895401        0.000005
FIRE:  1391 05:21:18     -231.895401        0.000005
FIRE:  1392 05:21:18     -231.895401        0.000005
FIRE:  1393 05:21:18     -231.895401        0.000005
FIRE:  1394 05:21:18     -231.895401        0.000005
FIRE:  1395 05:21:19     -231.895401        0.000005
FIRE:  1396 05:21:19     -231.895401        0.000005
FIRE:  1397 05:21:19     -231.895401        0.000005
FIRE:  1398 05:21:19     -231.895401        0.000005
FIRE:  1399 05:21:19     -231.895401        0.000005
FIRE:  1400 05:21:19     -231.895401        0.000005
FIRE:  1401 05:21:19     -231.895401        0.000005
FIRE:  1402 05:21:19     -231.895401        0.000005
FIRE:  1403 05:21:19     -231.895401        0.000005
FIRE:  1404 05:21:20     -231.895401        0.000005
FIRE:  1405 05:21:20     -231.895401        0.000005
FIRE:  1406 05:21:20     -231.895401        0.000005
FIRE:  1407 05:21:20     -231.895401        0.000005
FIRE:  1408 05:21:20     -231.895401        0.000005
FIRE:  1409 05:21:20     -231.895401        0.000005
FIRE:  1410 05:21:20     -231.895401        0.000005
FIRE:  1411 05:21:20     -231.895401        0.000005
FIRE:  1412 05:21:20     -231.895401        0.000005
FIRE:  1413 05:21:20     -231.895401        0.000005
FIRE:  1414 05:21:21     -231.895401        0.000005
FIRE:  1415 05:21:21     -231.895401        0.000005
FIRE:  1416 05:21:21     -231.895401        0.000005
FIRE:  1417 05:21:21     -231.895401        0.000005
FIRE:  1418 05:21:21     -231.895401        0.000005
FIRE:  1419 05:21:21     -231.895401        0.000005
FIRE:  1420 05:21:21     -231.895401        0.000005
FIRE:  1421 05:21:21     -231.895401        0.000005
FIRE:  1422 05:21:21     -231.895401        0.000005
FIRE:  1423 05:21:22     -231.895401        0.000005
FIRE:  1424 05:21:22     -231.895401        0.000005
FIRE:  1425 05:21:22     -231.895401        0.000005
FIRE:  1426 05:21:22     -231.895401        0.000005
FIRE:  1427 05:21:22     -231.895401        0.000005
FIRE:  1428 05:21:22     -231.895401        0.000005
FIRE:  1429 05:21:22     -231.895401        0.000005
FIRE:  1430 05:21:22     -231.895401        0.000005
FIRE:  1431 05:21:22     -231.895401        0.000005
FIRE:  1432 05:21:23     -231.895401        0.000005
FIRE:  1433 05:21:23     -231.895401        0.000005
FIRE:  1434 05:21:23     -231.895401        0.000005
FIRE:  1435 05:21:23     -231.895401        0.000005
FIRE:  1436 05:21:23     -231.895401        0.000005
FIRE:  1437 05:21:23     -231.895386        0.000005
FIRE:  1438 05:21:23     -231.895401        0.000005
FIRE:  1439 05:21:23     -231.895401        0.000005
FIRE:  1440 05:21:23     -231.895401        0.000005
FIRE:  1441 05:21:24     -231.895401        0.000005
FIRE:  1442 05:21:24     -231.895401        0.000005
FIRE:  1443 05:21:24     -231.895401        0.000005
FIRE:  1444 05:21:24     -231.895401        0.000005
FIRE:  1445 05:21:24     -231.895386        0.000005
FIRE:  1446 05:21:24     -231.895401        0.000005
FIRE:  1447 05:21:24     -231.895401        0.000005
FIRE:  1448 05:21:24     -231.895401        0.000005
FIRE:  1449 05:21:24     -231.895401        0.000005
FIRE:  1450 05:21:25     -231.895401        0.000005
FIRE:  1451 05:21:25     -231.895401        0.000005
FIRE:  1452 05:21:25     -231.895401        0.000005
FIRE:  1453 05:21:25     -231.895401        0.000005
FIRE:  1454 05:21:25     -231.895401        0.000005
FIRE:  1455 05:21:25     -231.895401        0.000005
FIRE:  1456 05:21:25     -231.895401        0.000005
FIRE:  1457 05:21:25     -231.895401        0.000005
FIRE:  1458 05:21:25     -231.895401        0.000005
FIRE:  1459 05:21:26     -231.895401        0.000005
FIRE:  1460 05:21:26     -231.895401        0.000005
FIRE:  1461 05:21:26     -231.895401        0.000005
FIRE:  1462 05:21:26     -231.895401        0.000005
FIRE:  1463 05:21:26     -231.895401        0.000005
FIRE:  1464 05:21:26     -231.895401        0.000005
FIRE:  1465 05:21:26     -231.895386        0.000005
FIRE:  1466 05:21:26     -231.895401        0.000005
FIRE:  1467 05:21:26     -231.895401        0.000005
FIRE:  1468 05:21:27     -231.895401        0.000005
FIRE:  1469 05:21:27     -231.895401        0.000005
FIRE:  1470 05:21:27     -231.895401        0.000005
FIRE:  1471 05:21:27     -231.895401        0.000005
FIRE:  1472 05:21:27     -231.895401        0.000005
FIRE:  1473 05:21:27     -231.895401        0.000005
FIRE:  1474 05:21:27     -231.895401        0.000005
FIRE:  1475 05:21:27     -231.895401        0.000005
FIRE:  1476 05:21:27     -231.895401        0.000005
FIRE:  1477 05:21:28     -231.895401        0.000005
FIRE:  1478 05:21:28     -231.895401        0.000005
FIRE:  1479 05:21:28     -231.895401        0.000005
FIRE:  1480 05:21:28     -231.895401        0.000005
FIRE:  1481 05:21:28     -231.895401        0.000005
FIRE:  1482 05:21:28     -231.895401        0.000005
FIRE:  1483 05:21:28     -231.895401        0.000005
FIRE:  1484 05:21:28     -231.895401        0.000005
FIRE:  1485 05:21:28     -231.895401        0.000005
FIRE:  1486 05:21:29     -231.895401        0.000005
FIRE:  1487 05:21:29     -231.895401        0.000005
FIRE:  1488 05:21:29     -231.895401        0.000005
FIRE:  1489 05:21:29     -231.895401        0.000005
FIRE:  1490 05:21:29     -231.895401        0.000005
FIRE:  1491 05:21:29     -231.895386        0.000005
FIRE:  1492 05:21:29     -231.895401        0.000005
FIRE:  1493 05:21:29     -231.895401        0.000005
FIRE:  1494 05:21:29     -231.895401        0.000005
FIRE:  1495 05:21:29     -231.895401        0.000005
FIRE:  1496 05:21:30     -231.895401        0.000005
FIRE:  1497 05:21:30     -231.895401        0.000005
FIRE:  1498 05:21:30     -231.895401        0.000005
FIRE:  1499 05:21:30     -231.895401        0.000005
FIRE:  1500 05:21:30     -231.895401        0.000005
FIRE:  1501 05:21:30     -231.895401        0.000005
FIRE:  1502 05:21:30     -231.895401        0.000005
FIRE:  1503 05:21:30     -231.895401        0.000005
FIRE:  1504 05:21:30     -231.895401        0.000005
FIRE:  1505 05:21:31     -231.895401        0.000005
FIRE:  1506 05:21:31     -231.895401        0.000005
FIRE:  1507 05:21:31     -231.895401        0.000005
FIRE:  1508 05:21:31     -231.895401        0.000005
FIRE:  1509 05:21:31     -231.895401        0.000005
FIRE:  1510 05:21:31     -231.895401        0.000005
FIRE:  1511 05:21:31     -231.895401        0.000005
FIRE:  1512 05:21:31     -231.895401        0.000005
FIRE:  1513 05:21:31     -231.895401        0.000005
FIRE:  1514 05:21:32     -231.895401        0.000005
FIRE:  1515 05:21:32     -231.895401        0.000005
FIRE:  1516 05:21:32     -231.895401        0.000005
FIRE:  1517 05:21:32     -231.895401        0.000005
FIRE:  1518 05:21:32     -231.895401        0.000005
FIRE:  1519 05:21:32     -231.895401        0.000005
FIRE:  1520 05:21:32     -231.895401        0.000005
FIRE:  1521 05:21:32     -231.895401        0.000005
FIRE:  1522 05:21:32     -231.895401        0.000005
FIRE:  1523 05:21:33     -231.895401        0.000005
FIRE:  1524 05:21:33     -231.895401        0.000005
FIRE:  1525 05:21:33     -231.895401        0.000005
FIRE:  1526 05:21:33     -231.895401        0.000005
FIRE:  1527 05:21:33     -231.895401        0.000005
FIRE:  1528 05:21:33     -231.895401        0.000005
FIRE:  1529 05:21:33     -231.895401        0.000005
FIRE:  1530 05:21:33     -231.895401        0.000005
FIRE:  1531 05:21:33     -231.895401        0.000005
FIRE:  1532 05:21:34     -231.895401        0.000005
FIRE:  1533 05:21:34     -231.895401        0.000005
FIRE:  1534 05:21:34     -231.895401        0.000005
FIRE:  1535 05:21:34     -231.895401        0.000005
FIRE:  1536 05:21:34     -231.895401        0.000005
FIRE:  1537 05:21:34     -231.895401        0.000005
FIRE:  1538 05:21:34     -231.895401        0.000005
FIRE:  1539 05:21:34     -231.895401        0.000005
FIRE:  1540 05:21:34     -231.895401        0.000005
FIRE:  1541 05:21:35     -231.895401        0.000005
FIRE:  1542 05:21:35     -231.895401        0.000005
FIRE:  1543 05:21:35     -231.895401        0.000005
FIRE:  1544 05:21:35     -231.895401        0.000005
FIRE:  1545 05:21:35     -231.895401        0.000005
FIRE:  1546 05:21:35     -231.895401        0.000005
FIRE:  1547 05:21:35     -231.895401        0.000005
FIRE:  1548 05:21:35     -231.895401        0.000005
FIRE:  1549 05:21:35     -231.895401        0.000005
FIRE:  1550 05:21:36     -231.895401        0.000005
FIRE:  1551 05:21:36     -231.895401        0.000005
FIRE:  1552 05:21:36     -231.895401        0.000005
FIRE:  1553 05:21:36     -231.895401        0.000005
FIRE:  1554 05:21:36     -231.895401        0.000005
FIRE:  1555 05:21:36     -231.895401        0.000005
FIRE:  1556 05:21:36     -231.895401        0.000005
FIRE:  1557 05:21:36     -231.895401        0.000005
FIRE:  1558 05:21:36     -231.895401        0.000005
FIRE:  1559 05:21:37     -231.895401        0.000005
FIRE:  1560 05:21:37     -231.895401        0.000005
FIRE:  1561 05:21:37     -231.895401        0.000005
FIRE:  1562 05:21:37     -231.895401        0.000005
FIRE:  1563 05:21:37     -231.895401        0.000005
FIRE:  1564 05:21:37     -231.895401        0.000005
FIRE:  1565 05:21:37     -231.895401        0.000005
FIRE:  1566 05:21:37     -231.895401        0.000005
FIRE:  1567 05:21:37     -231.895401        0.000005
FIRE:  1568 05:21:38     -231.895401        0.000005
FIRE:  1569 05:21:38     -231.895401        0.000005
FIRE:  1570 05:21:38     -231.895401        0.000005
FIRE:  1571 05:21:38     -231.895401        0.000005
FIRE:  1572 05:21:38     -231.895401        0.000005
FIRE:  1573 05:21:38     -231.895401        0.000005
FIRE:  1574 05:21:38     -231.895401        0.000005
FIRE:  1575 05:21:38     -231.895401        0.000005
FIRE:  1576 05:21:38     -231.895401        0.000005
FIRE:  1577 05:21:39     -231.895401        0.000005
FIRE:  1578 05:21:39     -231.895401        0.000005
FIRE:  1579 05:21:39     -231.895401        0.000005
FIRE:  1580 05:21:39     -231.895401        0.000005
FIRE:  1581 05:21:39     -231.895401        0.000005
FIRE:  1582 05:21:39     -231.895401        0.000005
FIRE:  1583 05:21:39     -231.895401        0.000005
FIRE:  1584 05:21:39     -231.895401        0.000005
FIRE:  1585 05:21:39     -231.895386        0.000005
FIRE:  1586 05:21:39     -231.895401        0.000005
FIRE:  1587 05:21:40     -231.895401        0.000005
FIRE:  1588 05:21:40     -231.895401        0.000005
FIRE:  1589 05:21:40     -231.895401        0.000005
FIRE:  1590 05:21:40     -231.895401        0.000005
FIRE:  1591 05:21:40     -231.895401        0.000005
FIRE:  1592 05:21:40     -231.895401        0.000005
FIRE:  1593 05:21:40     -231.895401        0.000005
FIRE:  1594 05:21:40     -231.895401        0.000005
FIRE:  1595 05:21:40     -231.895401        0.000005
FIRE:  1596 05:21:41     -231.895401        0.000005
FIRE:  1597 05:21:41     -231.895401        0.000005
FIRE:  1598 05:21:41     -231.895401        0.000005
FIRE:  1599 05:21:41     -231.895401        0.000005
FIRE:  1600 05:21:41     -231.895401        0.000005
FIRE:  1601 05:21:41     -231.895401        0.000005
FIRE:  1602 05:21:41     -231.895401        0.000005
FIRE:  1603 05:21:41     -231.895401        0.000005
FIRE:  1604 05:21:41     -231.895401        0.000005
FIRE:  1605 05:21:42     -231.895401        0.000005
FIRE:  1606 05:21:42     -231.895386        0.000005
FIRE:  1607 05:21:42     -231.895401        0.000005
FIRE:  1608 05:21:42     -231.895401        0.000005
FIRE:  1609 05:21:42     -231.895401        0.000005
FIRE:  1610 05:21:42     -231.895401        0.000005
FIRE:  1611 05:21:42     -231.895401        0.000005
FIRE:  1612 05:21:42     -231.895401        0.000005
FIRE:  1613 05:21:42     -231.895401        0.000005
FIRE:  1614 05:21:43     -231.895401        0.000005
FIRE:  1615 05:21:43     -231.895401        0.000005
FIRE:  1616 05:21:43     -231.895401        0.000005
FIRE:  1617 05:21:43     -231.895401        0.000005
FIRE:  1618 05:21:43     -231.895401        0.000005
FIRE:  1619 05:21:43     -231.895401        0.000005
FIRE:  1620 05:21:43     -231.895386        0.000005
FIRE:  1621 05:21:43     -231.895401        0.000005
FIRE:  1622 05:21:43     -231.895401        0.000005
FIRE:  1623 05:21:44     -231.895401        0.000005
FIRE:  1624 05:21:44     -231.895401        0.000005
FIRE:  1625 05:21:44     -231.895401        0.000005
FIRE:  1626 05:21:44     -231.895401        0.000005
FIRE:  1627 05:21:44     -231.895401        0.000005
FIRE:  1628 05:21:44     -231.895401        0.000005
FIRE:  1629 05:21:44     -231.895401        0.000005
FIRE:  1630 05:21:44     -231.895401        0.000005
FIRE:  1631 05:21:44     -231.895401        0.000005
FIRE:  1632 05:21:45     -231.895401        0.000005
FIRE:  1633 05:21:45     -231.895401        0.000005
FIRE:  1634 05:21:45     -231.895401        0.000005
FIRE:  1635 05:21:45     -231.895401        0.000005
FIRE:  1636 05:21:45     -231.895401        0.000005
FIRE:  1637 05:21:45     -231.895401        0.000005
FIRE:  1638 05:21:45     -231.895401        0.000005
FIRE:  1639 05:21:45     -231.895401        0.000005
FIRE:  1640 05:21:45     -231.895401        0.000005
FIRE:  1641 05:21:46     -231.895401        0.000005
FIRE:  1642 05:21:46     -231.895401        0.000005
FIRE:  1643 05:21:46     -231.895401        0.000005
FIRE:  1644 05:21:46     -231.895401        0.000005
FIRE:  1645 05:21:46     -231.895401        0.000005
FIRE:  1646 05:21:46     -231.895401        0.000005
FIRE:  1647 05:21:46     -231.895401        0.000005
FIRE:  1648 05:21:46     -231.895401        0.000005
FIRE:  1649 05:21:46     -231.895401        0.000005
FIRE:  1650 05:21:46     -231.895401        0.000005
FIRE:  1651 05:21:47     -231.895401        0.000005
FIRE:  1652 05:21:47     -231.895401        0.000005
FIRE:  1653 05:21:47     -231.895401        0.000005
FIRE:  1654 05:21:47     -231.895401        0.000005
FIRE:  1655 05:21:47     -231.895401        0.000005
FIRE:  1656 05:21:47     -231.895401        0.000005
FIRE:  1657 05:21:47     -231.895401        0.000005
FIRE:  1658 05:21:47     -231.895401        0.000005
FIRE:  1659 05:21:47     -231.895401        0.000005
FIRE:  1660 05:21:48     -231.895401        0.000005
FIRE:  1661 05:21:48     -231.895401        0.000005
FIRE:  1662 05:21:48     -231.895401        0.000005
FIRE:  1663 05:21:48     -231.895401        0.000005
FIRE:  1664 05:21:48     -231.895401        0.000005
FIRE:  1665 05:21:48     -231.895401        0.000005
FIRE:  1666 05:21:48     -231.895401        0.000005
FIRE:  1667 05:21:48     -231.895401        0.000005
FIRE:  1668 05:21:48     -231.895401        0.000005
FIRE:  1669 05:21:49     -231.895401        0.000005
FIRE:  1670 05:21:49     -231.895401        0.000005
FIRE:  1671 05:21:49     -231.895401        0.000005
FIRE:  1672 05:21:49     -231.895401        0.000005
FIRE:  1673 05:21:49     -231.895401        0.000005
FIRE:  1674 05:21:49     -231.895401        0.000005
FIRE:  1675 05:21:49     -231.895401        0.000005
FIRE:  1676 05:21:49     -231.895401        0.000005
FIRE:  1677 05:21:49     -231.895401        0.000005
FIRE:  1678 05:21:50     -231.895401        0.000005
FIRE:  1679 05:21:50     -231.895401        0.000005
FIRE:  1680 05:21:50     -231.895401        0.000005
FIRE:  1681 05:21:50     -231.895401        0.000005
FIRE:  1682 05:21:50     -231.895401        0.000005
FIRE:  1683 05:21:50     -231.895401        0.000005
FIRE:  1684 05:21:50     -231.895401        0.000005
FIRE:  1685 05:21:50     -231.895401        0.000005
FIRE:  1686 05:21:50     -231.895401        0.000005
FIRE:  1687 05:21:51     -231.895401        0.000005
FIRE:  1688 05:21:51     -231.895386        0.000005
FIRE:  1689 05:21:51     -231.895401        0.000005
FIRE:  1690 05:21:51     -231.895401        0.000005
FIRE:  1691 05:21:51     -231.895401        0.000005
FIRE:  1692 05:21:51     -231.895386        0.000005
FIRE:  1693 05:21:51     -231.895401        0.000005
FIRE:  1694 05:21:51     -231.895401        0.000005
FIRE:  1695 05:21:51     -231.895401        0.000005
FIRE:  1696 05:21:52     -231.895401        0.000005
FIRE:  1697 05:21:52     -231.895401        0.000005
FIRE:  1698 05:21:52     -231.895401        0.000005
FIRE:  1699 05:21:52     -231.895401        0.000005
FIRE:  1700 05:21:52     -231.895401        0.000005
FIRE:  1701 05:21:52     -231.895386        0.000005
FIRE:  1702 05:21:52     -231.895401        0.000005
FIRE:  1703 05:21:52     -231.895401        0.000005
FIRE:  1704 05:21:52     -231.895401        0.000005
FIRE:  1705 05:21:53     -231.895401        0.000005
FIRE:  1706 05:21:53     -231.895401        0.000005
FIRE:  1707 05:21:53     -231.895401        0.000005
FIRE:  1708 05:21:53     -231.895401        0.000005
FIRE:  1709 05:21:53     -231.895401        0.000005
FIRE:  1710 05:21:53     -231.895401        0.000005
FIRE:  1711 05:21:53     -231.895401        0.000005
FIRE:  1712 05:21:53     -231.895401        0.000005
FIRE:  1713 05:21:53     -231.895401        0.000005
FIRE:  1714 05:21:54     -231.895401        0.000005
FIRE:  1715 05:21:54     -231.895401        0.000005
FIRE:  1716 05:21:54     -231.895401        0.000005
FIRE:  1717 05:21:54     -231.895401        0.000005
FIRE:  1718 05:21:54     -231.895401        0.000005
FIRE:  1719 05:21:54     -231.895401        0.000005
FIRE:  1720 05:21:54     -231.895401        0.000005
FIRE:  1721 05:21:54     -231.895401        0.000005
FIRE:  1722 05:21:54     -231.895401        0.000005
FIRE:  1723 05:21:54     -231.895401        0.000005
FIRE:  1724 05:21:55     -231.895401        0.000005
FIRE:  1725 05:21:55     -231.895401        0.000005
FIRE:  1726 05:21:55     -231.895401        0.000005
FIRE:  1727 05:21:55     -231.895401        0.000005
FIRE:  1728 05:21:55     -231.895401        0.000005
FIRE:  1729 05:21:55     -231.895401        0.000005
FIRE:  1730 05:21:55     -231.895401        0.000005
FIRE:  1731 05:21:55     -231.895401        0.000005
FIRE:  1732 05:21:55     -231.895401        0.000005
FIRE:  1733 05:21:56     -231.895401        0.000005
FIRE:  1734 05:21:56     -231.895401        0.000005
FIRE:  1735 05:21:56     -231.895386        0.000005
FIRE:  1736 05:21:56     -231.895401        0.000005
FIRE:  1737 05:21:56     -231.895401        0.000005
FIRE:  1738 05:21:56     -231.895401        0.000005
FIRE:  1739 05:21:56     -231.895401        0.000005
FIRE:  1740 05:21:56     -231.895401        0.000005
FIRE:  1741 05:21:56     -231.895401        0.000005
FIRE:  1742 05:21:57     -231.895401        0.000005
FIRE:  1743 05:21:57     -231.895401        0.000005
FIRE:  1744 05:21:57     -231.895401        0.000005
FIRE:  1745 05:21:57     -231.895401        0.000005
FIRE:  1746 05:21:57     -231.895401        0.000005
FIRE:  1747 05:21:57     -231.895401        0.000005
FIRE:  1748 05:21:57     -231.895401        0.000005
FIRE:  1749 05:21:57     -231.895401        0.000005
FIRE:  1750 05:21:57     -231.895401        0.000005
FIRE:  1751 05:21:58     -231.895386        0.000005
FIRE:  1752 05:21:58     -231.895401        0.000005
FIRE:  1753 05:21:58     -231.895401        0.000005
FIRE:  1754 05:21:58     -231.895386        0.000005
FIRE:  1755 05:21:58     -231.895401        0.000005
FIRE:  1756 05:21:58     -231.895401        0.000005
FIRE:  1757 05:21:58     -231.895401        0.000005
FIRE:  1758 05:21:58     -231.895401        0.000005
FIRE:  1759 05:21:58     -231.895401        0.000005
FIRE:  1760 05:21:59     -231.895401        0.000005
FIRE:  1761 05:21:59     -231.895401        0.000005
FIRE:  1762 05:21:59     -231.895401        0.000005
FIRE:  1763 05:21:59     -231.895401        0.000005
FIRE:  1764 05:21:59     -231.895401        0.000005
FIRE:  1765 05:21:59     -231.895401        0.000005
FIRE:  1766 05:21:59     -231.895401        0.000005
FIRE:  1767 05:21:59     -231.895401        0.000005
FIRE:  1768 05:21:59     -231.895401        0.000005
FIRE:  1769 05:22:00     -231.895401        0.000005
FIRE:  1770 05:22:00     -231.895401        0.000005
FIRE:  1771 05:22:00     -231.895401        0.000005
FIRE:  1772 05:22:00     -231.895401        0.000005
FIRE:  1773 05:22:00     -231.895401        0.000005
FIRE:  1774 05:22:00     -231.895401        0.000005
FIRE:  1775 05:22:00     -231.895401        0.000005
FIRE:  1776 05:22:00     -231.895401        0.000005
FIRE:  1777 05:22:00     -231.895401        0.000005
FIRE:  1778 05:22:01     -231.895401        0.000005
FIRE:  1779 05:22:01     -231.895401        0.000005
FIRE:  1780 05:22:01     -231.895386        0.000005
FIRE:  1781 05:22:01     -231.895401        0.000005
FIRE:  1782 05:22:01     -231.895401        0.000005
FIRE:  1783 05:22:01     -231.895401        0.000005
FIRE:  1784 05:22:01     -231.895401        0.000005
FIRE:  1785 05:22:01     -231.895401        0.000005
FIRE:  1786 05:22:01     -231.895401        0.000005
FIRE:  1787 05:22:02     -231.895401        0.000005
FIRE:  1788 05:22:02     -231.895401        0.000005
FIRE:  1789 05:22:02     -231.895401        0.000005
FIRE:  1790 05:22:02     -231.895401        0.000005
FIRE:  1791 05:22:02     -231.895401        0.000005
FIRE:  1792 05:22:02     -231.895401        0.000005
FIRE:  1793 05:22:02     -231.895401        0.000005
FIRE:  1794 05:22:02     -231.895401        0.000005
FIRE:  1795 05:22:02     -231.895401        0.000005
FIRE:  1796 05:22:02     -231.895401        0.000005
FIRE:  1797 05:22:03     -231.895401        0.000005
FIRE:  1798 05:22:03     -231.895401        0.000005
FIRE:  1799 05:22:03     -231.895401        0.000005
FIRE:  1800 05:22:03     -231.895401        0.000005
FIRE:  1801 05:22:03     -231.895401        0.000005
FIRE:  1802 05:22:03     -231.895401        0.000005
FIRE:  1803 05:22:03     -231.895401        0.000005
FIRE:  1804 05:22:03     -231.895401        0.000005
FIRE:  1805 05:22:03     -231.895401        0.000005
FIRE:  1806 05:22:04     -231.895401        0.000005
FIRE:  1807 05:22:04     -231.895401        0.000005
FIRE:  1808 05:22:04     -231.895401        0.000005
FIRE:  1809 05:22:04     -231.895401        0.000005
FIRE:  1810 05:22:04     -231.895401        0.000005
FIRE:  1811 05:22:04     -231.895401        0.000005
FIRE:  1812 05:22:04     -231.895401        0.000005
FIRE:  1813 05:22:04     -231.895401        0.000005
FIRE:  1814 05:22:04     -231.895401        0.000005
FIRE:  1815 05:22:05     -231.895401        0.000005
FIRE:  1816 05:22:05     -231.895401        0.000005
FIRE:  1817 05:22:05     -231.895401        0.000005
FIRE:  1818 05:22:05     -231.895401        0.000005
FIRE:  1819 05:22:05     -231.895401        0.000005
FIRE:  1820 05:22:05     -231.895401        0.000005
FIRE:  1821 05:22:05     -231.895401        0.000005
FIRE:  1822 05:22:05     -231.895401        0.000005
FIRE:  1823 05:22:05     -231.895401        0.000005
FIRE:  1824 05:22:06     -231.895401        0.000005
FIRE:  1825 05:22:06     -231.895401        0.000005
FIRE:  1826 05:22:06     -231.895401        0.000005
FIRE:  1827 05:22:06     -231.895401        0.000005
FIRE:  1828 05:22:06     -231.895401        0.000005
FIRE:  1829 05:22:06     -231.895401        0.000005
FIRE:  1830 05:22:06     -231.895401        0.000005
FIRE:  1831 05:22:06     -231.895401        0.000005
FIRE:  1832 05:22:06     -231.895401        0.000005
FIRE:  1833 05:22:07     -231.895401        0.000005
FIRE:  1834 05:22:07     -231.895401        0.000005
FIRE:  1835 05:22:07     -231.895401        0.000005
FIRE:  1836 05:22:07     -231.895401        0.000005
FIRE:  1837 05:22:07     -231.895401        0.000005
FIRE:  1838 05:22:07     -231.895401        0.000005
FIRE:  1839 05:22:07     -231.895401        0.000005
FIRE:  1840 05:22:07     -231.895401        0.000005
FIRE:  1841 05:22:07     -231.895401        0.000005
FIRE:  1842 05:22:08     -231.895401        0.000005
FIRE:  1843 05:22:08     -231.895401        0.000005
FIRE:  1844 05:22:08     -231.895401        0.000005
FIRE:  1845 05:22:08     -231.895401        0.000005
FIRE:  1846 05:22:08     -231.895401        0.000005
FIRE:  1847 05:22:08     -231.895401        0.000005
FIRE:  1848 05:22:08     -231.895401        0.000005
FIRE:  1849 05:22:08     -231.895401        0.000005
FIRE:  1850 05:22:08     -231.895401        0.000005
FIRE:  1851 05:22:09     -231.895401        0.000005
FIRE:  1852 05:22:09     -231.895401        0.000005
FIRE:  1853 05:22:09     -231.895401        0.000005
FIRE:  1854 05:22:09     -231.895401        0.000005
FIRE:  1855 05:22:09     -231.895401        0.000005
FIRE:  1856 05:22:09     -231.895401        0.000005
FIRE:  1857 05:22:09     -231.895401        0.000005
FIRE:  1858 05:22:09     -231.895401        0.000005
FIRE:  1859 05:22:09     -231.895401        0.000005
FIRE:  1860 05:22:10     -231.895401        0.000005
FIRE:  1861 05:22:10     -231.895401        0.000005
FIRE:  1862 05:22:10     -231.895401        0.000005
FIRE:  1863 05:22:10     -231.895401        0.000005
FIRE:  1864 05:22:10     -231.895401        0.000005
FIRE:  1865 05:22:10     -231.895401        0.000005
FIRE:  1866 05:22:10     -231.895401        0.000005
FIRE:  1867 05:22:10     -231.895401        0.000005
FIRE:  1868 05:22:10     -231.895401        0.000005
FIRE:  1869 05:22:10     -231.895401        0.000005
FIRE:  1870 05:22:11     -231.895401        0.000005
FIRE:  1871 05:22:11     -231.895401        0.000005
FIRE:  1872 05:22:11     -231.895401        0.000005
FIRE:  1873 05:22:11     -231.895401        0.000005
FIRE:  1874 05:22:11     -231.895401        0.000005
FIRE:  1875 05:22:11     -231.895401        0.000005
FIRE:  1876 05:22:11     -231.895401        0.000005
FIRE:  1877 05:22:11     -231.895401        0.000005
FIRE:  1878 05:22:11     -231.895401        0.000005
FIRE:  1879 05:22:12     -231.895401        0.000005
FIRE:  1880 05:22:12     -231.895401        0.000005
FIRE:  1881 05:22:12     -231.895401        0.000005
FIRE:  1882 05:22:12     -231.895401        0.000005
FIRE:  1883 05:22:12     -231.895401        0.000005
FIRE:  1884 05:22:12     -231.895401        0.000005
FIRE:  1885 05:22:12     -231.895401        0.000005
FIRE:  1886 05:22:12     -231.895401        0.000005
FIRE:  1887 05:22:12     -231.895401        0.000005
FIRE:  1888 05:22:13     -231.895401        0.000005
FIRE:  1889 05:22:13     -231.895401        0.000005
FIRE:  1890 05:22:13     -231.895401        0.000005
FIRE:  1891 05:22:13     -231.895401        0.000005
FIRE:  1892 05:22:13     -231.895401        0.000005
FIRE:  1893 05:22:13     -231.895401        0.000005
FIRE:  1894 05:22:13     -231.895401        0.000005
FIRE:  1895 05:22:13     -231.895401        0.000005
FIRE:  1896 05:22:13     -231.895401        0.000005
FIRE:  1897 05:22:14     -231.895401        0.000005
FIRE:  1898 05:22:14     -231.895401        0.000005
FIRE:  1899 05:22:14     -231.895401        0.000005
FIRE:  1900 05:22:14     -231.895401        0.000005
FIRE:  1901 05:22:14     -231.895401        0.000005
FIRE:  1902 05:22:14     -231.895401        0.000005
FIRE:  1903 05:22:14     -231.895401        0.000005
FIRE:  1904 05:22:14     -231.895401        0.000005
FIRE:  1905 05:22:14     -231.895401        0.000005
FIRE:  1906 05:22:15     -231.895401        0.000005
FIRE:  1907 05:22:15     -231.895401        0.000005
FIRE:  1908 05:22:15     -231.895401        0.000005
FIRE:  1909 05:22:15     -231.895401        0.000005
FIRE:  1910 05:22:15     -231.895401        0.000005
FIRE:  1911 05:22:15     -231.895401        0.000005
FIRE:  1912 05:22:15     -231.895401        0.000005
FIRE:  1913 05:22:15     -231.895401        0.000005
FIRE:  1914 05:22:15     -231.895401        0.000005
FIRE:  1915 05:22:16     -231.895386        0.000005
FIRE:  1916 05:22:16     -231.895401        0.000005
FIRE:  1917 05:22:16     -231.895401        0.000005
FIRE:  1918 05:22:16     -231.895401        0.000005
FIRE:  1919 05:22:16     -231.895401        0.000005
FIRE:  1920 05:22:16     -231.895401        0.000005
FIRE:  1921 05:22:16     -231.895401        0.000005
FIRE:  1922 05:22:16     -231.895401        0.000005
FIRE:  1923 05:22:16     -231.895401        0.000005
FIRE:  1924 05:22:17     -231.895401        0.000005
FIRE:  1925 05:22:17     -231.895401        0.000005
FIRE:  1926 05:22:17     -231.895401        0.000005
FIRE:  1927 05:22:17     -231.895401        0.000005
FIRE:  1928 05:22:17     -231.895401        0.000005
FIRE:  1929 05:22:17     -231.895401        0.000005
FIRE:  1930 05:22:17     -231.895401        0.000005
FIRE:  1931 05:22:17     -231.895401        0.000005
FIRE:  1932 05:22:17     -231.895401        0.000005
FIRE:  1933 05:22:18     -231.895401        0.000005
FIRE:  1934 05:22:18     -231.895401        0.000005
FIRE:  1935 05:22:18     -231.895401        0.000005
FIRE:  1936 05:22:18     -231.895401        0.000005
FIRE:  1937 05:22:18     -231.895401        0.000005
FIRE:  1938 05:22:18     -231.895401        0.000005
FIRE:  1939 05:22:18     -231.895401        0.000005
FIRE:  1940 05:22:18     -231.895401        0.000005
FIRE:  1941 05:22:18     -231.895401        0.000005
FIRE:  1942 05:22:19     -231.895401        0.000005
FIRE:  1943 05:22:19     -231.895401        0.000005
FIRE:  1944 05:22:19     -231.895401        0.000005
FIRE:  1945 05:22:19     -231.895401        0.000005
FIRE:  1946 05:22:19     -231.895401        0.000005
FIRE:  1947 05:22:19     -231.895401        0.000005
FIRE:  1948 05:22:19     -231.895401        0.000005
FIRE:  1949 05:22:19     -231.895401        0.000005
FIRE:  1950 05:22:19     -231.895401        0.000005
FIRE:  1951 05:22:19     -231.895401        0.000005
FIRE:  1952 05:22:20     -231.895401        0.000005
FIRE:  1953 05:22:20     -231.895386        0.000005
FIRE:  1954 05:22:20     -231.895401        0.000005
FIRE:  1955 05:22:20     -231.895401        0.000005
FIRE:  1956 05:22:20     -231.895386        0.000005
FIRE:  1957 05:22:20     -231.895401        0.000005
FIRE:  1958 05:22:20     -231.895401        0.000005
FIRE:  1959 05:22:20     -231.895401        0.000005
FIRE:  1960 05:22:20     -231.895401        0.000005
FIRE:  1961 05:22:21     -231.895401        0.000005
FIRE:  1962 05:22:21     -231.895401        0.000005
FIRE:  1963 05:22:21     -231.895401        0.000005
FIRE:  1964 05:22:21     -231.895401        0.000005
FIRE:  1965 05:22:21     -231.895401        0.000005
FIRE:  1966 05:22:21     -231.895401        0.000005
FIRE:  1967 05:22:21     -231.895401        0.000005
FIRE:  1968 05:22:21     -231.895401        0.000005
FIRE:  1969 05:22:21     -231.895386        0.000005
FIRE:  1970 05:22:22     -231.895401        0.000005
FIRE:  1971 05:22:22     -231.895401        0.000005
FIRE:  1972 05:22:22     -231.895386        0.000005
FIRE:  1973 05:22:22     -231.895401        0.000005
FIRE:  1974 05:22:22     -231.895401        0.000005
FIRE:  1975 05:22:22     -231.895401        0.000005
FIRE:  1976 05:22:22     -231.895401        0.000005
FIRE:  1977 05:22:22     -231.895401        0.000005
FIRE:  1978 05:22:22     -231.895401        0.000005
FIRE:  1979 05:22:23     -231.895401        0.000005
FIRE:  1980 05:22:23     -231.895386        0.000005
FIRE:  1981 05:22:23     -231.895401        0.000005
FIRE:  1982 05:22:23     -231.895401        0.000005
FIRE:  1983 05:22:23     -231.895401        0.000005
FIRE:  1984 05:22:23     -231.895401        0.000005
FIRE:  1985 05:22:23     -231.895401        0.000005
FIRE:  1986 05:22:23     -231.895401        0.000005
FIRE:  1987 05:22:23     -231.895401        0.000005
FIRE:  1988 05:22:24     -231.895401        0.000005
FIRE:  1989 05:22:24     -231.895401        0.000005
FIRE:  1990 05:22:24     -231.895401        0.000005
FIRE:  1991 05:22:24     -231.895401        0.000005
FIRE:  1992 05:22:24     -231.895401        0.000005
FIRE:  1993 05:22:24     -231.895401        0.000005
FIRE:  1994 05:22:24     -231.895401        0.000005
FIRE:  1995 05:22:24     -231.895401        0.000005
FIRE:  1996 05:22:24     -231.895401        0.000005
FIRE:  1997 05:22:25     -231.895401        0.000005
FIRE:  1998 05:22:25     -231.895401        0.000005
FIRE:  1999 05:22:25     -231.895401        0.000005
FIRE:  2000 05:22:25     -231.895401        0.000005
FIRE:  2001 05:22:25     -231.895401        0.000005
FIRE:  2002 05:22:25     -231.895401        0.000005
FIRE:  2003 05:22:25     -231.895386        0.000005
FIRE:  2004 05:22:25     -231.895386        0.000005
FIRE:  2005 05:22:25     -231.895401        0.000005
FIRE:  2006 05:22:26     -231.895401        0.000005
FIRE:  2007 05:22:26     -231.895401        0.000005
FIRE:  2008 05:22:26     -231.895401        0.000005
FIRE:  2009 05:22:26     -231.895401        0.000005
FIRE:  2010 05:22:26     -231.895401        0.000005
FIRE:  2011 05:22:26     -231.895401        0.000005
FIRE:  2012 05:22:26     -231.895401        0.000005
FIRE:  2013 05:22:26     -231.895401        0.000005
FIRE:  2014 05:22:26     -231.895401        0.000005
FIRE:  2015 05:22:27     -231.895401        0.000005
FIRE:  2016 05:22:27     -231.895401        0.000005
FIRE:  2017 05:22:27     -231.895401        0.000005
FIRE:  2018 05:22:27     -231.895401        0.000005
FIRE:  2019 05:22:27     -231.895401        0.000005
FIRE:  2020 05:22:27     -231.895401        0.000005
FIRE:  2021 05:22:27     -231.895401        0.000005
FIRE:  2022 05:22:27     -231.895401        0.000005
FIRE:  2023 05:22:27     -231.895401        0.000005
FIRE:  2024 05:22:28     -231.895401        0.000005
FIRE:  2025 05:22:28     -231.895401        0.000005
FIRE:  2026 05:22:28     -231.895401        0.000005
FIRE:  2027 05:22:28     -231.895401        0.000005
FIRE:  2028 05:22:28     -231.895401        0.000005
FIRE:  2029 05:22:28     -231.895401        0.000005
FIRE:  2030 05:22:28     -231.895401        0.000005
FIRE:  2031 05:22:28     -231.895401        0.000005
FIRE:  2032 05:22:28     -231.895401        0.000005
FIRE:  2033 05:22:28     -231.895401        0.000005
FIRE:  2034 05:22:29     -231.895401        0.000005
FIRE:  2035 05:22:29     -231.895401        0.000005
FIRE:  2036 05:22:29     -231.895401        0.000005
FIRE:  2037 05:22:29     -231.895401        0.000005
FIRE:  2038 05:22:29     -231.895401        0.000005
FIRE:  2039 05:22:29     -231.895386        0.000005
FIRE:  2040 05:22:29     -231.895401        0.000005
FIRE:  2041 05:22:29     -231.895401        0.000005
FIRE:  2042 05:22:29     -231.895401        0.000005
FIRE:  2043 05:22:30     -231.895401        0.000005
FIRE:  2044 05:22:30     -231.895401        0.000005
FIRE:  2045 05:22:30     -231.895401        0.000005
FIRE:  2046 05:22:30     -231.895401        0.000005
FIRE:  2047 05:22:30     -231.895401        0.000005
FIRE:  2048 05:22:30     -231.895401        0.000005
FIRE:  2049 05:22:30     -231.895401        0.000005
FIRE:  2050 05:22:30     -231.895401        0.000005
FIRE:  2051 05:22:30     -231.895401        0.000005
FIRE:  2052 05:22:31     -231.895401        0.000005
FIRE:  2053 05:22:31     -231.895401        0.000005
FIRE:  2054 05:22:31     -231.895401        0.000005
FIRE:  2055 05:22:31     -231.895401        0.000005
FIRE:  2056 05:22:31     -231.895401        0.000005
FIRE:  2057 05:22:31     -231.895401        0.000005
FIRE:  2058 05:22:31     -231.895401        0.000005
FIRE:  2059 05:22:31     -231.895401        0.000005
FIRE:  2060 05:22:31     -231.895401        0.000005
FIRE:  2061 05:22:32     -231.895401        0.000005
FIRE:  2062 05:22:32     -231.895401        0.000005
FIRE:  2063 05:22:32     -231.895401        0.000005
FIRE:  2064 05:22:32     -231.895401        0.000005
FIRE:  2065 05:22:32     -231.895401        0.000005
FIRE:  2066 05:22:32     -231.895401        0.000005
FIRE:  2067 05:22:32     -231.895401        0.000005
FIRE:  2068 05:22:32     -231.895401        0.000005
FIRE:  2069 05:22:32     -231.895401        0.000005
FIRE:  2070 05:22:33     -231.895401        0.000005
FIRE:  2071 05:22:33     -231.895401        0.000005
FIRE:  2072 05:22:33     -231.895401        0.000005
FIRE:  2073 05:22:33     -231.895401        0.000005
FIRE:  2074 05:22:33     -231.895401        0.000005
FIRE:  2075 05:22:33     -231.895401        0.000005
FIRE:  2076 05:22:33     -231.895401        0.000005
FIRE:  2077 05:22:33     -231.895401        0.000005
FIRE:  2078 05:22:33     -231.895401        0.000005
FIRE:  2079 05:22:34     -231.895401        0.000005
FIRE:  2080 05:22:34     -231.895401        0.000005
FIRE:  2081 05:22:34     -231.895401        0.000005
FIRE:  2082 05:22:34     -231.895401        0.000005
FIRE:  2083 05:22:34     -231.895401        0.000005
FIRE:  2084 05:22:34     -231.895401        0.000005
FIRE:  2085 05:22:34     -231.895401        0.000005
FIRE:  2086 05:22:34     -231.895401        0.000005
FIRE:  2087 05:22:34     -231.895401        0.000005
FIRE:  2088 05:22:35     -231.895401        0.000005
FIRE:  2089 05:22:35     -231.895401        0.000005
FIRE:  2090 05:22:35     -231.895401        0.000005
FIRE:  2091 05:22:35     -231.895401        0.000005
FIRE:  2092 05:22:35     -231.895401        0.000005
FIRE:  2093 05:22:35     -231.895401        0.000005
FIRE:  2094 05:22:35     -231.895401        0.000005
FIRE:  2095 05:22:35     -231.895401        0.000005
FIRE:  2096 05:22:35     -231.895401        0.000005
FIRE:  2097 05:22:36     -231.895401        0.000005
FIRE:  2098 05:22:36     -231.895401        0.000005
FIRE:  2099 05:22:36     -231.895401        0.000005
FIRE:  2100 05:22:36     -231.895401        0.000005
FIRE:  2101 05:22:36     -231.895401        0.000005
FIRE:  2102 05:22:36     -231.895401        0.000005
FIRE:  2103 05:22:36     -231.895401        0.000005
FIRE:  2104 05:22:36     -231.895401        0.000005
FIRE:  2105 05:22:36     -231.895401        0.000005
FIRE:  2106 05:22:37     -231.895401        0.000005
FIRE:  2107 05:22:37     -231.895401        0.000005
FIRE:  2108 05:22:37     -231.895401        0.000005
FIRE:  2109 05:22:37     -231.895401        0.000005
FIRE:  2110 05:22:37     -231.895401        0.000005
FIRE:  2111 05:22:37     -231.895401        0.000005
FIRE:  2112 05:22:37     -231.895401        0.000005
FIRE:  2113 05:22:37     -231.895401        0.000005
FIRE:  2114 05:22:37     -231.895401        0.000005
FIRE:  2115 05:22:38     -231.895401        0.000005
FIRE:  2116 05:22:38     -231.895401        0.000005
FIRE:  2117 05:22:38     -231.895401        0.000005
FIRE:  2118 05:22:38     -231.895401        0.000005
FIRE:  2119 05:22:38     -231.895401        0.000005
FIRE:  2120 05:22:38     -231.895401        0.000005
FIRE:  2121 05:22:38     -231.895401        0.000005
FIRE:  2122 05:22:38     -231.895401        0.000005
FIRE:  2123 05:22:38     -231.895401        0.000005
FIRE:  2124 05:22:39     -231.895401        0.000005
FIRE:  2125 05:22:39     -231.895401        0.000005
FIRE:  2126 05:22:39     -231.895401        0.000005
FIRE:  2127 05:22:39     -231.895401        0.000005
FIRE:  2128 05:22:39     -231.895401        0.000005
FIRE:  2129 05:22:39     -231.895401        0.000005
FIRE:  2130 05:22:39     -231.895401        0.000005
FIRE:  2131 05:22:39     -231.895401        0.000005
FIRE:  2132 05:22:39     -231.895401        0.000005
FIRE:  2133 05:22:40     -231.895401        0.000005
FIRE:  2134 05:22:40     -231.895401        0.000005
FIRE:  2135 05:22:40     -231.895401        0.000005
FIRE:  2136 05:22:40     -231.895401        0.000005
FIRE:  2137 05:22:40     -231.895401        0.000005
FIRE:  2138 05:22:40     -231.895401        0.000005
FIRE:  2139 05:22:40     -231.895401        0.000005
FIRE:  2140 05:22:40     -231.895401        0.000005
FIRE:  2141 05:22:40     -231.895401        0.000005
FIRE:  2142 05:22:40     -231.895401        0.000005
FIRE:  2143 05:22:41     -231.895401        0.000005
FIRE:  2144 05:22:41     -231.895401        0.000005
FIRE:  2145 05:22:41     -231.895401        0.000005
FIRE:  2146 05:22:41     -231.895401        0.000005
FIRE:  2147 05:22:41     -231.895401        0.000005
FIRE:  2148 05:22:41     -231.895401        0.000005
FIRE:  2149 05:22:41     -231.895401        0.000005
FIRE:  2150 05:22:41     -231.895401        0.000005
FIRE:  2151 05:22:41     -231.895401        0.000005
FIRE:  2152 05:22:42     -231.895401        0.000005
FIRE:  2153 05:22:42     -231.895401        0.000005
FIRE:  2154 05:22:42     -231.895401        0.000005
FIRE:  2155 05:22:42     -231.895401        0.000005
FIRE:  2156 05:22:42     -231.895401        0.000005
FIRE:  2157 05:22:42     -231.895401        0.000005
FIRE:  2158 05:22:42     -231.895401        0.000005
FIRE:  2159 05:22:42     -231.895401        0.000005
FIRE:  2160 05:22:42     -231.895401        0.000005
FIRE:  2161 05:22:43     -231.895401        0.000005
FIRE:  2162 05:22:43     -231.895401        0.000005
FIRE:  2163 05:22:43     -231.895401        0.000005
FIRE:  2164 05:22:43     -231.895401        0.000005
FIRE:  2165 05:22:43     -231.895401        0.000005
FIRE:  2166 05:22:43     -231.895401        0.000005
FIRE:  2167 05:22:43     -231.895401        0.000005
FIRE:  2168 05:22:43     -231.895401        0.000005
FIRE:  2169 05:22:43     -231.895401        0.000005
FIRE:  2170 05:22:44     -231.895401        0.000005
FIRE:  2171 05:22:44     -231.895401        0.000005
FIRE:  2172 05:22:44     -231.895401        0.000005
FIRE:  2173 05:22:44     -231.895401        0.000005
FIRE:  2174 05:22:44     -231.895401        0.000005
FIRE:  2175 05:22:44     -231.895401        0.000005
FIRE:  2176 05:22:44     -231.895401        0.000005
FIRE:  2177 05:22:44     -231.895401        0.000005
FIRE:  2178 05:22:44     -231.895401        0.000005
FIRE:  2179 05:22:45     -231.895401        0.000005
FIRE:  2180 05:22:45     -231.895401        0.000005
FIRE:  2181 05:22:45     -231.895401        0.000005
FIRE:  2182 05:22:45     -231.895401        0.000005
FIRE:  2183 05:22:45     -231.895401        0.000005
FIRE:  2184 05:22:45     -231.895401        0.000005
FIRE:  2185 05:22:45     -231.895401        0.000005
FIRE:  2186 05:22:45     -231.895401        0.000005
FIRE:  2187 05:22:45     -231.895401        0.000005
FIRE:  2188 05:22:46     -231.895401        0.000005
FIRE:  2189 05:22:46     -231.895401        0.000005
FIRE:  2190 05:22:46     -231.895401        0.000005
FIRE:  2191 05:22:46     -231.895401        0.000005
FIRE:  2192 05:22:46     -231.895401        0.000005
FIRE:  2193 05:22:46     -231.895401        0.000005
FIRE:  2194 05:22:46     -231.895401        0.000005
FIRE:  2195 05:22:46     -231.895401        0.000005
FIRE:  2196 05:22:46     -231.895401        0.000005
FIRE:  2197 05:22:47     -231.895401        0.000005
FIRE:  2198 05:22:47     -231.895401        0.000005
FIRE:  2199 05:22:47     -231.895401        0.000005
FIRE:  2200 05:22:47     -231.895401        0.000005
FIRE:  2201 05:22:47     -231.895401        0.000005
FIRE:  2202 05:22:47     -231.895401        0.000005
FIRE:  2203 05:22:47     -231.895401        0.000005
FIRE:  2204 05:22:47     -231.895401        0.000005
FIRE:  2205 05:22:47     -231.895401        0.000005
FIRE:  2206 05:22:48     -231.895401        0.000005
FIRE:  2207 05:22:48     -231.895401        0.000005
FIRE:  2208 05:22:48     -231.895401        0.000005
FIRE:  2209 05:22:48     -231.895401        0.000005
FIRE:  2210 05:22:48     -231.895401        0.000005
FIRE:  2211 05:22:48     -231.895401        0.000005
FIRE:  2212 05:22:48     -231.895401        0.000005
FIRE:  2213 05:22:48     -231.895401        0.000005
FIRE:  2214 05:22:48     -231.895401        0.000005
FIRE:  2215 05:22:48     -231.895401        0.000005
FIRE:  2216 05:22:49     -231.895401        0.000005
FIRE:  2217 05:22:49     -231.895401        0.000005
FIRE:  2218 05:22:49     -231.895401        0.000005
FIRE:  2219 05:22:49     -231.895401        0.000005
FIRE:  2220 05:22:49     -231.895401        0.000005
FIRE:  2221 05:22:49     -231.895401        0.000005
FIRE:  2222 05:22:49     -231.895401        0.000005
FIRE:  2223 05:22:49     -231.895401        0.000005
FIRE:  2224 05:22:49     -231.895401        0.000005
FIRE:  2225 05:22:50     -231.895401        0.000005
FIRE:  2226 05:22:50     -231.895401        0.000005
FIRE:  2227 05:22:50     -231.895401        0.000005
FIRE:  2228 05:22:50     -231.895386        0.000005
FIRE:  2229 05:22:50     -231.895401        0.000005
FIRE:  2230 05:22:50     -231.895401        0.000005
FIRE:  2231 05:22:50     -231.895401        0.000005
FIRE:  2232 05:22:50     -231.895401        0.000005
FIRE:  2233 05:22:50     -231.895401        0.000005
FIRE:  2234 05:22:51     -231.895401        0.000005
FIRE:  2235 05:22:51     -231.895401        0.000005
FIRE:  2236 05:22:51     -231.895401        0.000005
FIRE:  2237 05:22:51     -231.895401        0.000005
FIRE:  2238 05:22:51     -231.895401        0.000005
FIRE:  2239 05:22:51     -231.895401        0.000005
FIRE:  2240 05:22:51     -231.895401        0.000005
FIRE:  2241 05:22:51     -231.895401        0.000005
FIRE:  2242 05:22:51     -231.895401        0.000005
FIRE:  2243 05:22:52     -231.895401        0.000005
FIRE:  2244 05:22:52     -231.895401        0.000005
FIRE:  2245 05:22:52     -231.895401        0.000005
FIRE:  2246 05:22:52     -231.895401        0.000005
FIRE:  2247 05:22:52     -231.895401        0.000005
FIRE:  2248 05:22:52     -231.895401        0.000005
FIRE:  2249 05:22:52     -231.895401        0.000005
FIRE:  2250 05:22:52     -231.895401        0.000005
FIRE:  2251 05:22:52     -231.895401        0.000005
FIRE:  2252 05:22:53     -231.895401        0.000005
FIRE:  2253 05:22:53     -231.895401        0.000005
FIRE:  2254 05:22:53     -231.895401        0.000005
FIRE:  2255 05:22:53     -231.895401        0.000005
FIRE:  2256 05:22:53     -231.895401        0.000005
FIRE:  2257 05:22:53     -231.895401        0.000005
FIRE:  2258 05:22:53     -231.895401        0.000005
FIRE:  2259 05:22:53     -231.895401        0.000005
FIRE:  2260 05:22:53     -231.895401        0.000005
FIRE:  2261 05:22:54     -231.895401        0.000005
FIRE:  2262 05:22:54     -231.895401        0.000005
FIRE:  2263 05:22:54     -231.895401        0.000005
FIRE:  2264 05:22:54     -231.895401        0.000005
FIRE:  2265 05:22:54     -231.895401        0.000005
FIRE:  2266 05:22:54     -231.895401        0.000005
FIRE:  2267 05:22:54     -231.895401        0.000005
FIRE:  2268 05:22:54     -231.895401        0.000005
FIRE:  2269 05:22:54     -231.895401        0.000005
FIRE:  2270 05:22:55     -231.895401        0.000005
FIRE:  2271 05:22:55     -231.895401        0.000005
FIRE:  2272 05:22:55     -231.895401        0.000005
FIRE:  2273 05:22:55     -231.895401        0.000005
FIRE:  2274 05:22:55     -231.895401        0.000005
FIRE:  2275 05:22:55     -231.895401        0.000005
FIRE:  2276 05:22:55     -231.895401        0.000005
FIRE:  2277 05:22:55     -231.895401        0.000005
FIRE:  2278 05:22:55     -231.895401        0.000005
FIRE:  2279 05:22:55     -231.895401        0.000005
FIRE:  2280 05:22:56     -231.895401        0.000005
FIRE:  2281 05:22:56     -231.895401        0.000005
FIRE:  2282 05:22:56     -231.895401        0.000005
FIRE:  2283 05:22:56     -231.895401        0.000005
FIRE:  2284 05:22:56     -231.895401        0.000005
FIRE:  2285 05:22:56     -231.895401        0.000005
FIRE:  2286 05:22:56     -231.895401        0.000005
FIRE:  2287 05:22:56     -231.895401        0.000005
FIRE:  2288 05:22:56     -231.895401        0.000005
FIRE:  2289 05:22:57     -231.895401        0.000005
FIRE:  2290 05:22:57     -231.895401        0.000005
FIRE:  2291 05:22:57     -231.895401        0.000005
FIRE:  2292 05:22:57     -231.895401        0.000005
FIRE:  2293 05:22:57     -231.895401        0.000005
FIRE:  2294 05:22:57     -231.895401        0.000005
FIRE:  2295 05:22:57     -231.895401        0.000005
FIRE:  2296 05:22:57     -231.895401        0.000005
FIRE:  2297 05:22:57     -231.895401        0.000005
FIRE:  2298 05:22:58     -231.895401        0.000005
FIRE:  2299 05:22:58     -231.895401        0.000005
FIRE:  2300 05:22:58     -231.895401        0.000005
FIRE:  2301 05:22:58     -231.895401        0.000005
FIRE:  2302 05:22:58     -231.895401        0.000005
FIRE:  2303 05:22:58     -231.895401        0.000005
FIRE:  2304 05:22:58     -231.895401        0.000005
FIRE:  2305 05:22:58     -231.895401        0.000005
FIRE:  2306 05:22:58     -231.895401        0.000005
FIRE:  2307 05:22:59     -231.895401        0.000005
FIRE:  2308 05:22:59     -231.895401        0.000005
FIRE:  2309 05:22:59     -231.895401        0.000005
FIRE:  2310 05:22:59     -231.895401        0.000005
FIRE:  2311 05:22:59     -231.895401        0.000005
FIRE:  2312 05:22:59     -231.895401        0.000005
FIRE:  2313 05:22:59     -231.895401        0.000005
FIRE:  2314 05:22:59     -231.895401        0.000005
FIRE:  2315 05:22:59     -231.895401        0.000005
FIRE:  2316 05:23:00     -231.895401        0.000005
FIRE:  2317 05:23:00     -231.895401        0.000005
FIRE:  2318 05:23:00     -231.895401        0.000005
FIRE:  2319 05:23:00     -231.895401        0.000005
FIRE:  2320 05:23:00     -231.895401        0.000005
FIRE:  2321 05:23:00     -231.895401        0.000005
FIRE:  2322 05:23:00     -231.895401        0.000005
FIRE:  2323 05:23:00     -231.895401        0.000005
FIRE:  2324 05:23:00     -231.895401        0.000005
FIRE:  2325 05:23:01     -231.895401        0.000005
FIRE:  2326 05:23:01     -231.895401        0.000005
FIRE:  2327 05:23:01     -231.895401        0.000005
FIRE:  2328 05:23:01     -231.895401        0.000005
FIRE:  2329 05:23:01     -231.895401        0.000005
FIRE:  2330 05:23:01     -231.895401        0.000005
FIRE:  2331 05:23:01     -231.895401        0.000005
FIRE:  2332 05:23:01     -231.895401        0.000005
FIRE:  2333 05:23:01     -231.895401        0.000005
FIRE:  2334 05:23:02     -231.895401        0.000005
FIRE:  2335 05:23:02     -231.895401        0.000005
FIRE:  2336 05:23:02     -231.895401        0.000005
FIRE:  2337 05:23:02     -231.895401        0.000005
FIRE:  2338 05:23:02     -231.895401        0.000005
FIRE:  2339 05:23:02     -231.895401        0.000005
FIRE:  2340 05:23:02     -231.895401        0.000005
FIRE:  2341 05:23:02     -231.895401        0.000005
FIRE:  2342 05:23:02     -231.895401        0.000005
FIRE:  2343 05:23:02     -231.895401        0.000005
FIRE:  2344 05:23:03     -231.895401        0.000005
FIRE:  2345 05:23:03     -231.895401        0.000005
FIRE:  2346 05:23:03     -231.895401        0.000005
FIRE:  2347 05:23:03     -231.895401        0.000005
FIRE:  2348 05:23:03     -231.895401        0.000005
FIRE:  2349 05:23:03     -231.895401        0.000005
FIRE:  2350 05:23:03     -231.895401        0.000005
FIRE:  2351 05:23:03     -231.895401        0.000005
FIRE:  2352 05:23:03     -231.895401        0.000005
FIRE:  2353 05:23:04     -231.895401        0.000005
FIRE:  2354 05:23:04     -231.895401        0.000005
FIRE:  2355 05:23:04     -231.895401        0.000005
FIRE:  2356 05:23:04     -231.895401        0.000005
FIRE:  2357 05:23:04     -231.895401        0.000005
FIRE:  2358 05:23:04     -231.895401        0.000005
FIRE:  2359 05:23:04     -231.895401        0.000005
FIRE:  2360 05:23:04     -231.895401        0.000005
FIRE:  2361 05:23:04     -231.895401        0.000005
FIRE:  2362 05:23:05     -231.895401        0.000005
FIRE:  2363 05:23:05     -231.895401        0.000005
FIRE:  2364 05:23:05     -231.895401        0.000005
FIRE:  2365 05:23:05     -231.895401        0.000005
FIRE:  2366 05:23:05     -231.895401        0.000005
FIRE:  2367 05:23:05     -231.895386        0.000004
FIRE:  2368 05:23:05     -231.895401        0.000004
FIRE:  2369 05:23:05     -231.895401        0.000004
FIRE:  2370 05:23:05     -231.895401        0.000007
FIRE:  2371 05:23:06     -231.895401        0.000004
FIRE:  2372 05:23:06     -231.895401        0.000004
FIRE:  2373 05:23:06     -231.895401        0.000004
FIRE:  2374 05:23:06     -231.895401        0.000004
FIRE:  2375 05:23:06     -231.895401        0.000004
FIRE:  2376 05:23:06     -231.895401        0.000004
FIRE:  2377 05:23:06     -231.895401        0.000004
FIRE:  2378 05:23:06     -231.895401        0.000004
FIRE:  2379 05:23:06     -231.895401        0.000004
FIRE:  2380 05:23:07     -231.895401        0.000004
FIRE:  2381 05:23:07     -231.895401        0.000004
FIRE:  2382 05:23:07     -231.895401        0.000004
FIRE:  2383 05:23:07     -231.895401        0.000004
FIRE:  2384 05:23:07     -231.895401        0.000004
FIRE:  2385 05:23:07     -231.895401        0.000004
FIRE:  2386 05:23:07     -231.895386        0.000004
FIRE:  2387 05:23:07     -231.895401        0.000004
FIRE:  2388 05:23:07     -231.895401        0.000004
FIRE:  2389 05:23:08     -231.895401        0.000004
FIRE:  2390 05:23:08     -231.895401        0.000004
FIRE:  2391 05:23:08     -231.895401        0.000004
FIRE:  2392 05:23:08     -231.895401        0.000004
FIRE:  2393 05:23:08     -231.895401        0.000004
FIRE:  2394 05:23:08     -231.895401        0.000004
FIRE:  2395 05:23:08     -231.895401        0.000004
FIRE:  2396 05:23:08     -231.895401        0.000004
FIRE:  2397 05:23:08     -231.895401        0.000004
FIRE:  2398 05:23:09     -231.895401        0.000004
FIRE:  2399 05:23:09     -231.895401        0.000004
FIRE:  2400 05:23:09     -231.895401        0.000004
FIRE:  2401 05:23:09     -231.895401        0.000004
FIRE:  2402 05:23:09     -231.895401        0.000004
FIRE:  2403 05:23:09     -231.895401        0.000004
FIRE:  2404 05:23:09     -231.895401        0.000004
FIRE:  2405 05:23:09     -231.895401        0.000004
FIRE:  2406 05:23:09     -231.895386        0.000004
FIRE:  2407 05:23:10     -231.895401        0.000004
FIRE:  2408 05:23:10     -231.895401        0.000004
FIRE:  2409 05:23:10     -231.895401        0.000004
FIRE:  2410 05:23:10     -231.895401        0.000004
FIRE:  2411 05:23:10     -231.895401        0.000004
FIRE:  2412 05:23:10     -231.895401        0.000004
FIRE:  2413 05:23:10     -231.895401        0.000004
FIRE:  2414 05:23:10     -231.895401        0.000004
FIRE:  2415 05:23:10     -231.895401        0.000004
FIRE:  2416 05:23:10     -231.895401        0.000004
FIRE:  2417 05:23:11     -231.895401        0.000004
FIRE:  2418 05:23:11     -231.895401        0.000004
FIRE:  2419 05:23:11     -231.895401        0.000004
FIRE:  2420 05:23:11     -231.895401        0.000004
FIRE:  2421 05:23:11     -231.895386        0.000004
FIRE:  2422 05:23:11     -231.895401        0.000004
FIRE:  2423 05:23:11     -231.895401        0.000004
FIRE:  2424 05:23:11     -231.895401        0.000004
FIRE:  2425 05:23:11     -231.895401        0.000004
FIRE:  2426 05:23:12     -231.895401        0.000004
FIRE:  2427 05:23:12     -231.895401        0.000004
FIRE:  2428 05:23:12     -231.895401        0.000004
FIRE:  2429 05:23:12     -231.895401        0.000004
FIRE:  2430 05:23:12     -231.895401        0.000004
FIRE:  2431 05:23:12     -231.895401        0.000004
FIRE:  2432 05:23:12     -231.895401        0.000004
FIRE:  2433 05:23:12     -231.895401        0.000004
FIRE:  2434 05:23:12     -231.895401        0.000004
FIRE:  2435 05:23:13     -231.895401        0.000004
FIRE:  2436 05:23:13     -231.895401        0.000004
FIRE:  2437 05:23:13     -231.895401        0.000004
FIRE:  2438 05:23:13     -231.895401        0.000004
FIRE:  2439 05:23:13     -231.895401        0.000004
FIRE:  2440 05:23:13     -231.895401        0.000004
FIRE:  2441 05:23:13     -231.895401        0.000004
FIRE:  2442 05:23:13     -231.895401        0.000004
FIRE:  2443 05:23:13     -231.895401        0.000004
FIRE:  2444 05:23:14     -231.895401        0.000004
FIRE:  2445 05:23:14     -231.895401        0.000004
FIRE:  2446 05:23:14     -231.895401        0.000004
FIRE:  2447 05:23:14     -231.895401        0.000004
FIRE:  2448 05:23:14     -231.895401        0.000004
FIRE:  2449 05:23:14     -231.895401        0.000004
FIRE:  2450 05:23:14     -231.895401        0.000004
FIRE:  2451 05:23:14     -231.895401        0.000004
FIRE:  2452 05:23:14     -231.895401        0.000004
FIRE:  2453 05:23:15     -231.895401        0.000004
FIRE:  2454 05:23:15     -231.895401        0.000004
FIRE:  2455 05:23:15     -231.895401        0.000004
FIRE:  2456 05:23:15     -231.895386        0.000004
FIRE:  2457 05:23:15     -231.895401        0.000004
FIRE:  2458 05:23:15     -231.895401        0.000004
FIRE:  2459 05:23:15     -231.895401        0.000004
FIRE:  2460 05:23:15     -231.895401        0.000004
FIRE:  2461 05:23:15     -231.895401        0.000004
FIRE:  2462 05:23:16     -231.895401        0.000004
FIRE:  2463 05:23:16     -231.895401        0.000004
FIRE:  2464 05:23:16     -231.895401        0.000004
FIRE:  2465 05:23:16     -231.895401        0.000004
FIRE:  2466 05:23:16     -231.895386        0.000004
FIRE:  2467 05:23:16     -231.895401        0.000004
FIRE:  2468 05:23:16     -231.895401        0.000004
FIRE:  2469 05:23:16     -231.895401        0.000004
FIRE:  2470 05:23:16     -231.895401        0.000004
FIRE:  2471 05:23:17     -231.895401        0.000004
FIRE:  2472 05:23:17     -231.895401        0.000004
FIRE:  2473 05:23:17     -231.895401        0.000004
FIRE:  2474 05:23:17     -231.895401        0.000004
FIRE:  2475 05:23:17     -231.895401        0.000004
FIRE:  2476 05:23:17     -231.895401        0.000004
FIRE:  2477 05:23:17     -231.895401        0.000004
FIRE:  2478 05:23:17     -231.895401        0.000004
FIRE:  2479 05:23:17     -231.895401        0.000004
FIRE:  2480 05:23:17     -231.895401        0.000004
FIRE:  2481 05:23:18     -231.895401        0.000004
FIRE:  2482 05:23:18     -231.895401        0.000004
FIRE:  2483 05:23:18     -231.895401        0.000004
FIRE:  2484 05:23:18     -231.895401        0.000004
FIRE:  2485 05:23:18     -231.895401        0.000004
FIRE:  2486 05:23:18     -231.895401        0.000004
FIRE:  2487 05:23:18     -231.895386        0.000004
FIRE:  2488 05:23:18     -231.895401        0.000004
FIRE:  2489 05:23:18     -231.895401        0.000004
FIRE:  2490 05:23:19     -231.895401        0.000004
FIRE:  2491 05:23:19     -231.895386        0.000004
FIRE:  2492 05:23:19     -231.895401        0.000004
FIRE:  2493 05:23:19     -231.895401        0.000004
FIRE:  2494 05:23:19     -231.895401        0.000004
FIRE:  2495 05:23:19     -231.895401        0.000004
FIRE:  2496 05:23:19     -231.895401        0.000004
FIRE:  2497 05:23:19     -231.895401        0.000004
FIRE:  2498 05:23:19     -231.895401        0.000004
FIRE:  2499 05:23:20     -231.895401        0.000004
FIRE:  2500 05:23:20     -231.895401        0.000004
      Step     Time          Energy          fmax
FIRE:    0 05:23:20     -231.895401        0.000004
