      Step     Time          Energy          fmax
FIRE:    0 05:03:22     -282.037598        0.309830
FIRE:    1 05:03:22     -282.049408        0.109326
FIRE:    2 05:03:22     -282.047821        0.165967
FIRE:    3 05:03:22     -282.049072        0.152915
FIRE:    4 05:03:22     -282.050903        0.135390
FIRE:    5 05:03:22     -282.052124        0.113012
FIRE:    6 05:03:22     -282.052338        0.104248
FIRE:    7 05:03:23     -282.052368        0.104141
FIRE:    8 05:03:23     -282.052460        0.103928
FIRE:    9 05:03:23     -282.052551        0.103618
FIRE:   10 05:03:23     -282.052704        0.103220
FIRE:   11 05:03:23     -282.052856        0.102747
FIRE:   12 05:03:23     -282.053040        0.102215
FIRE:   13 05:03:23     -282.053192        0.102672
FIRE:   14 05:03:23     -282.053345        0.105003
FIRE:   15 05:03:23     -282.053589        0.107008
FIRE:   16 05:03:24     -282.053894        0.108307
FIRE:   17 05:03:24     -282.054199        0.108476
FIRE:   18 05:03:24     -282.054688        0.107122
FIRE:   19 05:03:24     -282.055206        0.104000
FIRE:   20 05:03:24     -282.055908        0.099188
FIRE:   21 05:03:24     -282.056641        0.095872
FIRE:   22 05:03:24     -282.057556        0.094578
FIRE:   23 05:03:24     -282.058655        0.092628
FIRE:   24 05:03:24     -282.059998        0.089861
FIRE:   25 05:03:25     -282.061523        0.086348
FIRE:   26 05:03:25     -282.063232        0.082939
FIRE:   27 05:03:25     -282.065216        0.078651
FIRE:   28 05:03:25     -282.067352        0.074388
FIRE:   29 05:03:25     -282.069641        0.068443
FIRE:   30 05:03:25     -282.072021        0.060651
FIRE:   31 05:03:25     -282.074310        0.053225
FIRE:   32 05:03:25     -282.076355        0.044674
FIRE:   33 05:03:25     -282.077820        0.032757
FIRE:   34 05:03:26     -282.078552        0.043277
FIRE:   35 05:03:28     -282.078766        0.024023
FIRE:   36 05:03:28     -282.078766        0.022651
FIRE:   37 05:03:28     -282.078796        0.022733
FIRE:   38 05:03:28     -282.078796        0.022884
FIRE:   39 05:03:28     -282.078827        0.023079
FIRE:   40 05:03:28     -282.078857        0.023276
FIRE:   41 05:03:28     -282.078827        0.023422
FIRE:   42 05:03:28     -282.078857        0.023410
FIRE:   43 05:03:29     -282.078857        0.023387
FIRE:   44 05:03:29     -282.078796        0.023355
FIRE:   45 05:03:29     -282.078827        0.023313
FIRE:   46 05:03:29     -282.078857        0.023264
FIRE:   47 05:03:29     -282.078827        0.023209
FIRE:   48 05:03:29     -282.078857        0.023150
FIRE:   49 05:03:29     -282.078857        0.023084
FIRE:   50 05:03:29     -282.078827        0.023014
FIRE:   51 05:03:29     -282.078888        0.022944
FIRE:   52 05:03:30     -282.078857        0.022882
FIRE:   53 05:03:30     -282.078857        0.022830
FIRE:   54 05:03:30     -282.078857        0.022794
FIRE:   55 05:03:30     -282.078888        0.022776
FIRE:   56 05:03:30     -282.078918        0.022764
FIRE:   57 05:03:30     -282.078918        0.022740
FIRE:   58 05:03:30     -282.078979        0.022671
FIRE:   59 05:03:30     -282.078979        0.022530
FIRE:   60 05:03:30     -282.078979        0.022303
FIRE:   61 05:03:31     -282.079041        0.022016
FIRE:   62 05:03:31     -282.079041        0.021736
FIRE:   63 05:03:31     -282.079132        0.021506
FIRE:   64 05:03:31     -282.079163        0.021254
FIRE:   65 05:03:31     -282.079254        0.020816
FIRE:   66 05:03:31     -282.079315        0.020180
FIRE:   67 05:03:31     -282.079437        0.019615
FIRE:   68 05:03:31     -282.079529        0.019036
FIRE:   69 05:03:31     -282.079651        0.017983
FIRE:   70 05:03:31     -282.079834        0.017240
FIRE:   71 05:03:32     -282.079987        0.015749
FIRE:   72 05:03:32     -282.080139        0.016765
FIRE:   73 05:03:32     -282.080109        0.045314
FIRE:   74 05:03:32     -282.080383        0.013392
FIRE:   75 05:03:32     -282.080383        0.013365
FIRE:   76 05:03:32     -282.080383        0.013319
FIRE:   77 05:03:32     -282.080383        0.013261
FIRE:   78 05:03:32     -282.080383        0.013211
FIRE:   79 05:03:32     -282.080383        0.013179
FIRE:   80 05:03:33     -282.080414        0.013165
FIRE:   81 05:03:33     -282.080383        0.013167
FIRE:   82 05:03:33     -282.080383        0.013168
FIRE:   83 05:03:33     -282.080414        0.013141
FIRE:   84 05:03:33     -282.080444        0.013064
FIRE:   85 05:03:33     -282.080444        0.012940
FIRE:   86 05:03:33     -282.080475        0.012810
FIRE:   87 05:03:33     -282.080536        0.012718
FIRE:   88 05:03:33     -282.080536        0.012620
FIRE:   89 05:03:34     -282.080566        0.012402
FIRE:   90 05:03:34     -282.080597        0.012112
FIRE:   91 05:03:34     -282.080627        0.011911
FIRE:   92 05:03:34     -282.080688        0.011482
FIRE:   93 05:03:34     -282.080780        0.011114
FIRE:   94 05:03:34     -282.080841        0.010406
FIRE:   95 05:03:34     -282.080933        0.012158
FIRE:   96 05:03:34     -282.080811        0.039380
FIRE:   97 05:03:34     -282.080994        0.009326
FIRE:   98 05:03:35     -282.080994        0.009261
FIRE:   99 05:03:35     -282.081024        0.009149
FIRE:  100 05:03:35     -282.081024        0.009023
FIRE:  101 05:03:35     -282.081024        0.009027
FIRE:  102 05:03:35     -282.081024        0.009032
FIRE:  103 05:03:35     -282.080994        0.009041
FIRE:  104 05:03:35     -282.080994        0.009052
FIRE:  105 05:03:35     -282.081024        0.009061
FIRE:  106 05:03:35     -282.081024        0.009070
FIRE:  107 05:03:35     -282.080994        0.009074
FIRE:  108 05:03:36     -282.081024        0.009074
FIRE:  109 05:03:36     -282.080994        0.009065
FIRE:  110 05:03:36     -282.081024        0.009046
FIRE:  111 05:03:36     -282.081055        0.009015
FIRE:  112 05:03:36     -282.081055        0.008972
FIRE:  113 05:03:36     -282.081024        0.008923
FIRE:  114 05:03:36     -282.080994        0.008874
FIRE:  115 05:03:36     -282.081055        0.008830
FIRE:  116 05:03:36     -282.081055        0.008792
FIRE:  117 05:03:37     -282.081055        0.008743
FIRE:  118 05:03:37     -282.081055        0.008660
FIRE:  119 05:03:37     -282.081085        0.008529
FIRE:  120 05:03:37     -282.081085        0.008381
FIRE:  121 05:03:37     -282.081085        0.008247
FIRE:  122 05:03:37     -282.081116        0.008084
FIRE:  123 05:03:37     -282.081116        0.007818
FIRE:  124 05:03:37     -282.081146        0.007557
FIRE:  125 05:03:37     -282.081177        0.007254
FIRE:  126 05:03:38     -282.081238        0.006781
FIRE:  127 05:03:38     -282.081238        0.006571
FIRE:  128 05:03:38     -282.081268        0.013858
FIRE:  129 05:03:38     -282.081238        0.005850
FIRE:  130 05:03:38     -282.081268        0.012284
FIRE:  131 05:03:38     -282.081238        0.009264
FIRE:  132 05:03:38     -282.081299        0.005979
FIRE:  133 05:03:38     -282.081299        0.005740
FIRE:  134 05:03:38     -282.081268        0.005746
FIRE:  135 05:03:38     -282.081268        0.005753
FIRE:  136 05:03:39     -282.081268        0.005765
FIRE:  137 05:03:39     -282.081268        0.005779
FIRE:  138 05:03:39     -282.081238        0.005795
FIRE:  139 05:03:39     -282.081299        0.005810
FIRE:  140 05:03:39     -282.081238        0.005823
FIRE:  141 05:03:39     -282.081268        0.005832
FIRE:  142 05:03:39     -282.081268        0.005834
FIRE:  143 05:03:39     -282.081299        0.005828
FIRE:  144 05:03:39     -282.081238        0.005811
FIRE:  145 05:03:40     -282.081299        0.005782
FIRE:  146 05:03:40     -282.081268        0.005744
FIRE:  147 05:03:40     -282.081238        0.005703
FIRE:  148 05:03:40     -282.081299        0.005670
FIRE:  149 05:03:40     -282.081299        0.005650
FIRE:  150 05:03:40     -282.081299        0.005642
FIRE:  151 05:03:40     -282.081299        0.005624
FIRE:  152 05:03:40     -282.081299        0.005569
FIRE:  153 05:03:40     -282.081268        0.005471
FIRE:  154 05:03:41     -282.081299        0.005376
FIRE:  155 05:03:41     -282.081299        0.005312
FIRE:  156 05:03:41     -282.081299        0.005221
FIRE:  157 05:03:41     -282.081299        0.005033
FIRE:  158 05:03:41     -282.081299        0.004890
FIRE:  159 05:03:41     -282.081329        0.004704
FIRE:  160 05:03:41     -282.081390        0.004385
FIRE:  161 05:03:41     -282.081360        0.004321
FIRE:  162 05:03:41     -282.081360        0.011341
FIRE:  163 05:03:42     -282.081390        0.003833
FIRE:  164 05:03:42     -282.081421        0.003831
FIRE:  165 05:03:42     -282.081421        0.003826
FIRE:  166 05:03:42     -282.081390        0.003818
FIRE:  167 05:03:42     -282.081390        0.003810
FIRE:  168 05:03:42     -282.081360        0.003801
FIRE:  169 05:03:42     -282.081390        0.003791
FIRE:  170 05:03:42     -282.081390        0.003781
FIRE:  171 05:03:42     -282.081360        0.003770
FIRE:  172 05:03:43     -282.081421        0.003753
FIRE:  173 05:03:43     -282.081390        0.003730
FIRE:  174 05:03:43     -282.081421        0.003698
FIRE:  175 05:03:43     -282.081421        0.003661
FIRE:  176 05:03:43     -282.081421        0.003619
FIRE:  177 05:03:43     -282.081421        0.003568
FIRE:  178 05:03:43     -282.081421        0.003501
FIRE:  179 05:03:43     -282.081421        0.003415
FIRE:  180 05:03:43     -282.081421        0.003321
FIRE:  181 05:03:43     -282.081421        0.003197
FIRE:  182 05:03:44     -282.081421        0.003052
FIRE:  183 05:03:44     -282.081421        0.002876
FIRE:  184 05:03:44     -282.081421        0.002658
FIRE:  185 05:03:44     -282.081451        0.002454
FIRE:  186 05:03:44     -282.081421        0.006798
FIRE:  187 05:03:44     -282.081421        0.002231
FIRE:  188 05:03:44     -282.081451        0.002176
FIRE:  189 05:03:44     -282.081451        0.002126
FIRE:  190 05:03:44     -282.081482        0.002076
FIRE:  191 05:03:45     -282.081421        0.002079
FIRE:  192 05:03:45     -282.081421        0.002084
FIRE:  193 05:03:45     -282.081421        0.002091
FIRE:  194 05:03:45     -282.081421        0.002100
FIRE:  195 05:03:45     -282.081451        0.002109
FIRE:  196 05:03:45     -282.081451        0.002116
FIRE:  197 05:03:45     -282.081482        0.002121
FIRE:  198 05:03:45     -282.081451        0.002122
FIRE:  199 05:03:45     -282.081451        0.002120
FIRE:  200 05:03:46     -282.081451        0.002111
FIRE:  201 05:03:46     -282.081451        0.002096
FIRE:  202 05:03:46     -282.081451        0.002079
FIRE:  203 05:03:46     -282.081451        0.002061
FIRE:  204 05:03:46     -282.081451        0.002049
FIRE:  205 05:03:46     -282.081482        0.002045
FIRE:  206 05:03:46     -282.081451        0.002044
FIRE:  207 05:03:46     -282.081451        0.002036
FIRE:  208 05:03:46     -282.081451        0.002008
FIRE:  209 05:03:47     -282.081421        0.001963
FIRE:  210 05:03:47     -282.081421        0.001931
FIRE:  211 05:03:47     -282.081421        0.001913
FIRE:  212 05:03:47     -282.081421        0.001862
FIRE:  213 05:03:47     -282.081451        0.001782
FIRE:  214 05:03:47     -282.081482        0.001750
FIRE:  215 05:03:47     -282.081421        0.001634
FIRE:  216 05:03:47     -282.081421        0.001595
FIRE:  217 05:03:47     -282.081451        0.002415
FIRE:  218 05:03:47     -282.081421        0.001445
FIRE:  219 05:03:48     -282.081482        0.002086
FIRE:  220 05:03:48     -282.081482        0.001588
FIRE:  221 05:03:48     -282.081421        0.001469
FIRE:  222 05:03:48     -282.081451        0.001428
FIRE:  223 05:03:48     -282.081451        0.001429
FIRE:  224 05:03:48     -282.081451        0.001430
FIRE:  225 05:03:48     -282.081421        0.001432
FIRE:  226 05:03:48     -282.081421        0.001433
FIRE:  227 05:03:48     -282.081451        0.001435
FIRE:  228 05:03:49     -282.081451        0.001438
FIRE:  229 05:03:49     -282.081451        0.001438
FIRE:  230 05:03:49     -282.081421        0.001438
FIRE:  231 05:03:49     -282.081482        0.001439
FIRE:  232 05:03:49     -282.081421        0.001437
FIRE:  233 05:03:49     -282.081421        0.001433
FIRE:  234 05:03:49     -282.081451        0.001428
FIRE:  235 05:03:49     -282.081451        0.001421
FIRE:  236 05:03:49     -282.081451        0.001413
FIRE:  237 05:03:50     -282.081482        0.001406
FIRE:  238 05:03:50     -282.081451        0.001400
FIRE:  239 05:03:50     -282.081451        0.001394
FIRE:  240 05:03:50     -282.081421        0.001386
FIRE:  241 05:03:50     -282.081421        0.001372
FIRE:  242 05:03:50     -282.081482        0.001353
FIRE:  243 05:03:50     -282.081451        0.001330
FIRE:  244 05:03:50     -282.081482        0.001310
FIRE:  245 05:03:50     -282.081482        0.001283
FIRE:  246 05:03:51     -282.081482        0.001242
FIRE:  247 05:03:51     -282.081482        0.001202
FIRE:  248 05:03:51     -282.081451        0.001154
FIRE:  249 05:03:51     -282.081421        0.001079
FIRE:  250 05:03:51     -282.081482        0.001045
FIRE:  251 05:03:51     -282.081451        0.002218
FIRE:  252 05:03:51     -282.081421        0.000932
FIRE:  253 05:03:51     -282.081482        0.001960
FIRE:  254 05:03:51     -282.081482        0.001481
FIRE:  255 05:03:51     -282.081421        0.000952
FIRE:  256 05:03:52     -282.081482        0.000913
FIRE:  257 05:03:52     -282.081482        0.000914
FIRE:  258 05:03:52     -282.081451        0.000915
FIRE:  259 05:03:52     -282.081451        0.000918
FIRE:  260 05:03:52     -282.081451        0.000919
FIRE:  261 05:03:52     -282.081482        0.000923
FIRE:  262 05:03:52     -282.081421        0.000925
FIRE:  263 05:03:52     -282.081451        0.000926
FIRE:  264 05:03:52     -282.081421        0.000927
FIRE:  265 05:03:53     -282.081482        0.000928
FIRE:  266 05:03:53     -282.081482        0.000927
FIRE:  267 05:03:53     -282.081421        0.000924
FIRE:  268 05:03:53     -282.081451        0.000919
FIRE:  269 05:03:53     -282.081451        0.000914
FIRE:  270 05:03:53     -282.081421        0.000907
FIRE:  271 05:03:53     -282.081451        0.000902
FIRE:  272 05:03:53     -282.081421        0.000898
FIRE:  273 05:03:53     -282.081451        0.000896
FIRE:  274 05:03:54     -282.081451        0.000893
FIRE:  275 05:03:54     -282.081482        0.000883
FIRE:  276 05:03:54     -282.081451        0.000868
FIRE:  277 05:03:54     -282.081482        0.000852
FIRE:  278 05:03:54     -282.081451        0.000840
FIRE:  279 05:03:54     -282.081451        0.000825
FIRE:  280 05:03:54     -282.081451        0.000794
FIRE:  281 05:03:54     -282.081451        0.000770
FIRE:  282 05:03:54     -282.081482        0.000740
FIRE:  283 05:03:55     -282.081482        0.000686
FIRE:  284 05:03:55     -282.081482        0.000726
FIRE:  285 05:03:55     -282.081482        0.001842
FIRE:  286 05:03:55     -282.081482        0.000598
FIRE:  287 05:03:55     -282.081482        0.000598
FIRE:  288 05:03:55     -282.081482        0.000597
FIRE:  289 05:03:55     -282.081482        0.000596
FIRE:  290 05:03:55     -282.081482        0.000594
FIRE:  291 05:03:55     -282.081482        0.000593
FIRE:  292 05:03:56     -282.081482        0.000592
FIRE:  293 05:03:56     -282.081482        0.000591
FIRE:  294 05:03:56     -282.081482        0.000588
FIRE:  295 05:03:56     -282.081482        0.000585
FIRE:  296 05:03:56     -282.081482        0.000582
FIRE:  297 05:03:56     -282.081482        0.000577
FIRE:  298 05:03:56     -282.081482        0.000571
FIRE:  299 05:03:56     -282.081482        0.000564
FIRE:  300 05:03:56     -282.081482        0.000556
FIRE:  301 05:03:56     -282.081482        0.000546
FIRE:  302 05:03:57     -282.081482        0.000531
FIRE:  303 05:03:57     -282.081451        0.000517
FIRE:  304 05:03:57     -282.081482        0.000498
FIRE:  305 05:03:57     -282.081482        0.000474
FIRE:  306 05:03:57     -282.081451        0.000451
FIRE:  307 05:03:57     -282.081482        0.000410
FIRE:  308 05:03:57     -282.081482        0.001340
FIRE:  309 05:03:57     -282.081451        0.000373
FIRE:  310 05:03:57     -282.081482        0.000373
FIRE:  311 05:03:58     -282.081482        0.000376
FIRE:  312 05:03:58     -282.081451        0.000378
FIRE:  313 05:03:58     -282.081451        0.000380
FIRE:  314 05:03:58     -282.081451        0.000379
FIRE:  315 05:03:58     -282.081451        0.000376
FIRE:  316 05:03:58     -282.081482        0.000374
FIRE:  317 05:03:58     -282.081482        0.000369
FIRE:  318 05:03:58     -282.081482        0.000366
FIRE:  319 05:03:58     -282.081451        0.000366
FIRE:  320 05:03:59     -282.081482        0.000365
FIRE:  321 05:03:59     -282.081451        0.000363
FIRE:  322 05:03:59     -282.081482        0.000358
FIRE:  323 05:03:59     -282.081482        0.000349
FIRE:  324 05:03:59     -282.081482        0.000344
FIRE:  325 05:03:59     -282.081451        0.000338
FIRE:  326 05:03:59     -282.081451        0.000323
FIRE:  327 05:03:59     -282.081482        0.000315
FIRE:  328 05:03:59     -282.081451        0.000297
FIRE:  329 05:04:00     -282.081451        0.000287
FIRE:  330 05:04:00     -282.081451        0.000500
FIRE:  331 05:04:00     -282.081451        0.000260
FIRE:  332 05:04:00     -282.081451        0.000436
FIRE:  333 05:04:00     -282.081482        0.000327
FIRE:  334 05:04:00     -282.081451        0.000265
FIRE:  335 05:04:00     -282.081451        0.000255
FIRE:  336 05:04:00     -282.081451        0.000256
FIRE:  337 05:04:00     -282.081451        0.000256
FIRE:  338 05:04:01     -282.081451        0.000257
FIRE:  339 05:04:01     -282.081451        0.000257
FIRE:  340 05:04:01     -282.081451        0.000258
FIRE:  341 05:04:01     -282.081451        0.000258
FIRE:  342 05:04:01     -282.081451        0.000259
FIRE:  343 05:04:01     -282.081451        0.000260
FIRE:  344 05:04:01     -282.081451        0.000259
FIRE:  345 05:04:01     -282.081482        0.000259
FIRE:  346 05:04:01     -282.081451        0.000258
FIRE:  347 05:04:02     -282.081482        0.000257
FIRE:  348 05:04:02     -282.081482        0.000255
FIRE:  349 05:04:02     -282.081482        0.000253
FIRE:  350 05:04:02     -282.081451        0.000251
FIRE:  351 05:04:02     -282.081482        0.000250
FIRE:  352 05:04:02     -282.081482        0.000250
FIRE:  353 05:04:02     -282.081482        0.000248
FIRE:  354 05:04:02     -282.081482        0.000246
FIRE:  355 05:04:02     -282.081482        0.000241
FIRE:  356 05:04:02     -282.081451        0.000237
FIRE:  357 05:04:03     -282.081482        0.000233
FIRE:  358 05:04:03     -282.081482        0.000229
FIRE:  359 05:04:03     -282.081482        0.000220
FIRE:  360 05:04:03     -282.081482        0.000214
FIRE:  361 05:04:03     -282.081482        0.000204
FIRE:  362 05:04:03     -282.081451        0.000193
FIRE:  363 05:04:03     -282.081451        0.000177
FIRE:  364 05:04:03     -282.081482        0.000230
FIRE:  365 05:04:03     -282.081482        0.000842
FIRE:  366 05:04:04     -282.081482        0.000203
FIRE:  367 05:04:04     -282.081482        0.000151
FIRE:  368 05:04:04     -282.081482        0.000146
FIRE:  369 05:04:04     -282.081451        0.000142
FIRE:  370 05:04:04     -282.081451        0.000142
FIRE:  371 05:04:04     -282.081451        0.000142
FIRE:  372 05:04:04     -282.081451        0.000144
FIRE:  373 05:04:04     -282.081451        0.000143
FIRE:  374 05:04:04     -282.081451        0.000144
FIRE:  375 05:04:05     -282.081482        0.000145
FIRE:  376 05:04:05     -282.081482        0.000145
FIRE:  377 05:04:05     -282.081482        0.000146
FIRE:  378 05:04:05     -282.081482        0.000145
FIRE:  379 05:04:05     -282.081482        0.000146
FIRE:  380 05:04:05     -282.081482        0.000143
FIRE:  381 05:04:05     -282.081451        0.000143
FIRE:  382 05:04:05     -282.081451        0.000141
FIRE:  383 05:04:05     -282.081451        0.000141
FIRE:  384 05:04:06     -282.081451        0.000140
FIRE:  385 05:04:06     -282.081451        0.000140
FIRE:  386 05:04:06     -282.081451        0.000140
FIRE:  387 05:04:06     -282.081451        0.000138
FIRE:  388 05:04:06     -282.081451        0.000135
FIRE:  389 05:04:06     -282.081451        0.000132
FIRE:  390 05:04:06     -282.081451        0.000130
FIRE:  391 05:04:06     -282.081421        0.000129
FIRE:  392 05:04:06     -282.081421        0.000124
FIRE:  393 05:04:07     -282.081421        0.000119
FIRE:  394 05:04:07     -282.081482        0.000116
FIRE:  395 05:04:07     -282.081451        0.000104
FIRE:  396 05:04:07     -282.081451        0.000189
FIRE:  397 05:04:07     -282.081482        0.000102
FIRE:  398 05:04:07     -282.081451        0.000164
FIRE:  399 05:04:07     -282.081451        0.000126
FIRE:  400 05:04:07     -282.081451        0.000097
FIRE:  401 05:04:07     -282.081482        0.000101
FIRE:  402 05:04:07     -282.081482        0.000101
FIRE:  403 05:04:08     -282.081482        0.000101
FIRE:  404 05:04:08     -282.081482        0.000101
FIRE:  405 05:04:08     -282.081482        0.000101
FIRE:  406 05:04:08     -282.081482        0.000101
FIRE:  407 05:04:08     -282.081482        0.000100
FIRE:  408 05:04:08     -282.081482        0.000101
FIRE:  409 05:04:08     -282.081482        0.000100
FIRE:  410 05:04:08     -282.081482        0.000100
FIRE:  411 05:04:08     -282.081451        0.000100
FIRE:  412 05:04:09     -282.081451        0.000099
FIRE:  413 05:04:09     -282.081482        0.000098
FIRE:  414 05:04:09     -282.081482        0.000098
FIRE:  415 05:04:09     -282.081482        0.000098
FIRE:  416 05:04:09     -282.081482        0.000098
FIRE:  417 05:04:09     -282.081482        0.000098
FIRE:  418 05:04:09     -282.081482        0.000097
FIRE:  419 05:04:09     -282.081482        0.000096
FIRE:  420 05:04:09     -282.081421        0.000095
FIRE:  421 05:04:10     -282.081482        0.000095
FIRE:  422 05:04:10     -282.081482        0.000093
FIRE:  423 05:04:10     -282.081482        0.000092
FIRE:  424 05:04:10     -282.081482        0.000090
FIRE:  425 05:04:10     -282.081451        0.000087
FIRE:  426 05:04:10     -282.081421        0.000085
FIRE:  427 05:04:10     -282.081421        0.000081
FIRE:  428 05:04:10     -282.081421        0.000078
FIRE:  429 05:04:10     -282.081482        0.000070
FIRE:  430 05:04:11     -282.081482        0.000120
FIRE:  431 05:04:11     -282.081421        0.000069
FIRE:  432 05:04:11     -282.081482        0.000107
FIRE:  433 05:04:11     -282.081482        0.000086
FIRE:  434 05:04:11     -282.081482        0.000065
FIRE:  435 05:04:11     -282.081421        0.000068
FIRE:  436 05:04:11     -282.081421        0.000068
FIRE:  437 05:04:11     -282.081421        0.000068
FIRE:  438 05:04:11     -282.081421        0.000068
FIRE:  439 05:04:12     -282.081421        0.000067
FIRE:  440 05:04:12     -282.081421        0.000067
FIRE:  441 05:04:12     -282.081451        0.000067
FIRE:  442 05:04:12     -282.081482        0.000067
FIRE:  443 05:04:12     -282.081451        0.000067
FIRE:  444 05:04:12     -282.081451        0.000067
FIRE:  445 05:04:12     -282.081421        0.000067
FIRE:  446 05:04:12     -282.081482        0.000066
FIRE:  447 05:04:12     -282.081451        0.000067
FIRE:  448 05:04:12     -282.081421        0.000066
FIRE:  449 05:04:13     -282.081421        0.000066
FIRE:  450 05:04:13     -282.081421        0.000066
FIRE:  451 05:04:13     -282.081451        0.000065
FIRE:  452 05:04:13     -282.081421        0.000066
FIRE:  453 05:04:13     -282.081482        0.000065
FIRE:  454 05:04:13     -282.081451        0.000064
FIRE:  455 05:04:13     -282.081482        0.000063
FIRE:  456 05:04:13     -282.081451        0.000063
FIRE:  457 05:04:13     -282.081482        0.000061
FIRE:  458 05:04:14     -282.081451        0.000059
FIRE:  459 05:04:14     -282.081421        0.000058
FIRE:  460 05:04:14     -282.081482        0.000055
FIRE:  461 05:04:14     -282.081421        0.000054
FIRE:  462 05:04:14     -282.081482        0.000051
FIRE:  463 05:04:14     -282.081451        0.000050
FIRE:  464 05:04:14     -282.081482        0.000108
FIRE:  465 05:04:14     -282.081451        0.000045
FIRE:  466 05:04:14     -282.081482        0.000101
FIRE:  467 05:04:15     -282.081482        0.000074
FIRE:  468 05:04:15     -282.081451        0.000046
FIRE:  469 05:04:15     -282.081451        0.000043
FIRE:  470 05:04:15     -282.081421        0.000043
FIRE:  471 05:04:15     -282.081421        0.000043
FIRE:  472 05:04:15     -282.081451        0.000044
FIRE:  473 05:04:15     -282.081451        0.000044
FIRE:  474 05:04:15     -282.081451        0.000044
FIRE:  475 05:04:15     -282.081482        0.000045
FIRE:  476 05:04:16     -282.081482        0.000045
FIRE:  477 05:04:16     -282.081482        0.000045
FIRE:  478 05:04:16     -282.081482        0.000044
FIRE:  479 05:04:16     -282.081451        0.000044
FIRE:  480 05:04:16     -282.081482        0.000044
FIRE:  481 05:04:16     -282.081482        0.000044
FIRE:  482 05:04:16     -282.081451        0.000044
FIRE:  483 05:04:16     -282.081451        0.000044
FIRE:  484 05:04:16     -282.081451        0.000043
FIRE:  485 05:04:17     -282.081451        0.000043
FIRE:  486 05:04:17     -282.081451        0.000043
FIRE:  487 05:04:17     -282.081451        0.000043
FIRE:  488 05:04:17     -282.081451        0.000042
FIRE:  489 05:04:17     -282.081451        0.000042
FIRE:  490 05:04:17     -282.081451        0.000041
FIRE:  491 05:04:17     -282.081451        0.000040
FIRE:  492 05:04:17     -282.081451        0.000039
FIRE:  493 05:04:17     -282.081451        0.000038
FIRE:  494 05:04:18     -282.081451        0.000036
FIRE:  495 05:04:18     -282.081451        0.000036
FIRE:  496 05:04:18     -282.081451        0.000033
FIRE:  497 05:04:18     -282.081451        0.000032
FIRE:  498 05:04:18     -282.081482        0.000051
FIRE:  499 05:04:18     -282.081451        0.000029
FIRE:  500 05:04:18     -282.081451        0.000052
FIRE:  501 05:04:18     -282.081451        0.000037
FIRE:  502 05:04:18     -282.081451        0.000029
FIRE:  503 05:04:19     -282.081451        0.000029
FIRE:  504 05:04:19     -282.081451        0.000029
FIRE:  505 05:04:19     -282.081451        0.000029
FIRE:  506 05:04:19     -282.081451        0.000029
FIRE:  507 05:04:19     -282.081451        0.000029
FIRE:  508 05:04:19     -282.081451        0.000030
FIRE:  509 05:04:19     -282.081451        0.000030
FIRE:  510 05:04:19     -282.081451        0.000028
FIRE:  511 05:04:19     -282.081451        0.000029
FIRE:  512 05:04:19     -282.081451        0.000029
FIRE:  513 05:04:20     -282.081451        0.000029
FIRE:  514 05:04:20     -282.081451        0.000029
FIRE:  515 05:04:20     -282.081451        0.000029
FIRE:  516 05:04:20     -282.081451        0.000028
FIRE:  517 05:04:20     -282.081451        0.000029
FIRE:  518 05:04:20     -282.081451        0.000029
FIRE:  519 05:04:20     -282.081451        0.000028
FIRE:  520 05:04:20     -282.081451        0.000028
FIRE:  521 05:04:20     -282.081451        0.000029
FIRE:  522 05:04:21     -282.081451        0.000028
FIRE:  523 05:04:21     -282.081451        0.000027
FIRE:  524 05:04:21     -282.081451        0.000026
FIRE:  525 05:04:21     -282.081451        0.000027
FIRE:  526 05:04:21     -282.081451        0.000026
FIRE:  527 05:04:21     -282.081451        0.000025
FIRE:  528 05:04:21     -282.081451        0.000025
FIRE:  529 05:04:21     -282.081451        0.000023
FIRE:  530 05:04:21     -282.081451        0.000023
FIRE:  531 05:04:22     -282.081451        0.000020
FIRE:  532 05:04:22     -282.081451        0.000039
FIRE:  533 05:04:22     -282.081451        0.000019
FIRE:  534 05:04:22     -282.081451        0.000040
FIRE:  535 05:04:22     -282.081451        0.000030
FIRE:  536 05:04:22     -282.081451        0.000018
FIRE:  537 05:04:22     -282.081451        0.000019
FIRE:  538 05:04:22     -282.081451        0.000019
FIRE:  539 05:04:22     -282.081451        0.000019
FIRE:  540 05:04:23     -282.081451        0.000019
FIRE:  541 05:04:23     -282.081451        0.000019
FIRE:  542 05:04:23     -282.081451        0.000019
FIRE:  543 05:04:23     -282.081451        0.000019
FIRE:  544 05:04:23     -282.081451        0.000018
FIRE:  545 05:04:23     -282.081451        0.000019
FIRE:  546 05:04:23     -282.081451        0.000019
FIRE:  547 05:04:23     -282.081451        0.000018
FIRE:  548 05:04:23     -282.081451        0.000019
FIRE:  549 05:04:24     -282.081451        0.000018
FIRE:  550 05:04:24     -282.081451        0.000019
FIRE:  551 05:04:24     -282.081451        0.000019
FIRE:  552 05:04:24     -282.081451        0.000019
FIRE:  553 05:04:24     -282.081451        0.000018
FIRE:  554 05:04:24     -282.081451        0.000018
FIRE:  555 05:04:24     -282.081451        0.000018
FIRE:  556 05:04:24     -282.081451        0.000018
FIRE:  557 05:04:24     -282.081451        0.000018
FIRE:  558 05:04:25     -282.081451        0.000018
FIRE:  559 05:04:25     -282.081451        0.000017
FIRE:  560 05:04:25     -282.081451        0.000016
FIRE:  561 05:04:25     -282.081451        0.000017
FIRE:  562 05:04:25     -282.081451        0.000016
FIRE:  563 05:04:25     -282.081482        0.000017
FIRE:  564 05:04:25     -282.081451        0.000021
FIRE:  565 05:04:25     -282.081451        0.000015
FIRE:  566 05:04:25     -282.081451        0.000014
FIRE:  567 05:04:26     -282.081451        0.000015
FIRE:  568 05:04:26     -282.081451        0.000015
FIRE:  569 05:04:26     -282.081451        0.000015
FIRE:  570 05:04:26     -282.081451        0.000015
FIRE:  571 05:04:26     -282.081451        0.000015
FIRE:  572 05:04:26     -282.081451        0.000015
FIRE:  573 05:04:26     -282.081451        0.000015
FIRE:  574 05:04:26     -282.081451        0.000015
FIRE:  575 05:04:26     -282.081451        0.000015
FIRE:  576 05:04:26     -282.081451        0.000015
FIRE:  577 05:04:27     -282.081451        0.000015
FIRE:  578 05:04:27     -282.081451        0.000015
FIRE:  579 05:04:27     -282.081451        0.000015
FIRE:  580 05:04:27     -282.081451        0.000015
FIRE:  581 05:04:27     -282.081451        0.000015
FIRE:  582 05:04:27     -282.081451        0.000015
FIRE:  583 05:04:27     -282.081451        0.000015
FIRE:  584 05:04:27     -282.081451        0.000015
FIRE:  585 05:04:27     -282.081451        0.000015
FIRE:  586 05:04:28     -282.081451        0.000015
FIRE:  587 05:04:28     -282.081451        0.000015
FIRE:  588 05:04:28     -282.081451        0.000015
FIRE:  589 05:04:28     -282.081451        0.000015
FIRE:  590 05:04:28     -282.081451        0.000015
FIRE:  591 05:04:28     -282.081451        0.000015
FIRE:  592 05:04:28     -282.081451        0.000015
FIRE:  593 05:04:28     -282.081451        0.000015
FIRE:  594 05:04:28     -282.081451        0.000014
FIRE:  595 05:04:29     -282.081451        0.000014
FIRE:  596 05:04:29     -282.081451        0.000014
FIRE:  597 05:04:29     -282.081451        0.000014
FIRE:  598 05:04:29     -282.081451        0.000014
FIRE:  599 05:04:29     -282.081451        0.000014
FIRE:  600 05:04:29     -282.081451        0.000015
FIRE:  601 05:04:29     -282.081451        0.000014
FIRE:  602 05:04:29     -282.081451        0.000014
FIRE:  603 05:04:29     -282.081451        0.000014
FIRE:  604 05:04:30     -282.081451        0.000014
FIRE:  605 05:04:30     -282.081451        0.000014
FIRE:  606 05:04:30     -282.081451        0.000014
FIRE:  607 05:04:30     -282.081451        0.000014
FIRE:  608 05:04:30     -282.081451        0.000013
FIRE:  609 05:04:30     -282.081482        0.000014
FIRE:  610 05:04:30     -282.081451        0.000013
FIRE:  611 05:04:30     -282.081451        0.000012
FIRE:  612 05:04:30     -282.081451        0.000015
FIRE:  613 05:04:31     -282.081451        0.000012
FIRE:  614 05:04:31     -282.081451        0.000011
FIRE:  615 05:04:31     -282.081451        0.000011
FIRE:  616 05:04:31     -282.081451        0.000011
FIRE:  617 05:04:31     -282.081451        0.000011
FIRE:  618 05:04:31     -282.081451        0.000011
FIRE:  619 05:04:31     -282.081451        0.000012
FIRE:  620 05:04:31     -282.081451        0.000011
FIRE:  621 05:04:31     -282.081451        0.000011
FIRE:  622 05:04:32     -282.081451        0.000011
FIRE:  623 05:04:32     -282.081451        0.000011
FIRE:  624 05:04:32     -282.081451        0.000011
FIRE:  625 05:04:32     -282.081451        0.000011
FIRE:  626 05:04:32     -282.081451        0.000011
FIRE:  627 05:04:32     -282.081451        0.000011
FIRE:  628 05:04:32     -282.081451        0.000011
FIRE:  629 05:04:32     -282.081451        0.000011
FIRE:  630 05:04:32     -282.081451        0.000011
FIRE:  631 05:04:33     -282.081451        0.000011
FIRE:  632 05:04:33     -282.081451        0.000011
FIRE:  633 05:04:33     -282.081451        0.000011
FIRE:  634 05:04:33     -282.081451        0.000011
FIRE:  635 05:04:33     -282.081451        0.000011
FIRE:  636 05:04:33     -282.081451        0.000011
FIRE:  637 05:04:33     -282.081451        0.000011
FIRE:  638 05:04:33     -282.081451        0.000011
FIRE:  639 05:04:33     -282.081451        0.000011
FIRE:  640 05:04:34     -282.081451        0.000011
FIRE:  641 05:04:34     -282.081451        0.000011
FIRE:  642 05:04:34     -282.081451        0.000011
FIRE:  643 05:04:34     -282.081451        0.000011
FIRE:  644 05:04:34     -282.081451        0.000011
FIRE:  645 05:04:34     -282.081451        0.000011
FIRE:  646 05:04:34     -282.081451        0.000011
FIRE:  647 05:04:34     -282.081451        0.000011
FIRE:  648 05:04:34     -282.081451        0.000011
FIRE:  649 05:04:34     -282.081451        0.000011
FIRE:  650 05:04:35     -282.081451        0.000011
FIRE:  651 05:04:35     -282.081451        0.000011
FIRE:  652 05:04:35     -282.081451        0.000011
FIRE:  653 05:04:35     -282.081451        0.000011
FIRE:  654 05:04:35     -282.081451        0.000011
FIRE:  655 05:04:35     -282.081451        0.000011
FIRE:  656 05:04:35     -282.081451        0.000011
FIRE:  657 05:04:35     -282.081451        0.000011
FIRE:  658 05:04:35     -282.081451        0.000011
FIRE:  659 05:04:36     -282.081451        0.000011
FIRE:  660 05:04:36     -282.081451        0.000011
FIRE:  661 05:04:36     -282.081451        0.000011
FIRE:  662 05:04:36     -282.081451        0.000011
FIRE:  663 05:04:36     -282.081451        0.000011
FIRE:  664 05:04:36     -282.081451        0.000011
FIRE:  665 05:04:36     -282.081451        0.000011
FIRE:  666 05:04:36     -282.081451        0.000011
FIRE:  667 05:04:36     -282.081451        0.000011
FIRE:  668 05:04:37     -282.081451        0.000011
FIRE:  669 05:04:37     -282.081451        0.000011
FIRE:  670 05:04:37     -282.081451        0.000011
FIRE:  671 05:04:37     -282.081451        0.000011
FIRE:  672 05:04:37     -282.081451        0.000011
FIRE:  673 05:04:37     -282.081451        0.000011
FIRE:  674 05:04:37     -282.081451        0.000011
FIRE:  675 05:04:37     -282.081451        0.000011
FIRE:  676 05:04:37     -282.081451        0.000011
FIRE:  677 05:04:38     -282.081451        0.000011
FIRE:  678 05:04:38     -282.081451        0.000011
FIRE:  679 05:04:38     -282.081451        0.000011
FIRE:  680 05:04:38     -282.081451        0.000011
FIRE:  681 05:04:38     -282.081451        0.000011
FIRE:  682 05:04:38     -282.081482        0.000011
FIRE:  683 05:04:38     -282.081451        0.000011
FIRE:  684 05:04:38     -282.081451        0.000011
FIRE:  685 05:04:38     -282.081451        0.000011
FIRE:  686 05:04:39     -282.081451        0.000011
FIRE:  687 05:04:39     -282.081451        0.000011
FIRE:  688 05:04:39     -282.081451        0.000011
FIRE:  689 05:04:39     -282.081451        0.000011
FIRE:  690 05:04:39     -282.081451        0.000011
FIRE:  691 05:04:39     -282.081451        0.000011
FIRE:  692 05:04:39     -282.081451        0.000011
FIRE:  693 05:04:39     -282.081451        0.000011
FIRE:  694 05:04:39     -282.081451        0.000011
FIRE:  695 05:04:40     -282.081451        0.000011
FIRE:  696 05:04:40     -282.081451        0.000011
FIRE:  697 05:04:40     -282.081451        0.000011
FIRE:  698 05:04:40     -282.081451        0.000011
FIRE:  699 05:04:40     -282.081451        0.000011
FIRE:  700 05:04:40     -282.081451        0.000011
FIRE:  701 05:04:40     -282.081451        0.000011
FIRE:  702 05:04:40     -282.081451        0.000011
FIRE:  703 05:04:40     -282.081451        0.000011
FIRE:  704 05:04:41     -282.081451        0.000011
FIRE:  705 05:04:41     -282.081451        0.000011
FIRE:  706 05:04:41     -282.081451        0.000011
FIRE:  707 05:04:41     -282.081451        0.000011
FIRE:  708 05:04:41     -282.081451        0.000011
FIRE:  709 05:04:41     -282.081451        0.000011
FIRE:  710 05:04:41     -282.081451        0.000011
FIRE:  711 05:04:41     -282.081451        0.000011
FIRE:  712 05:04:41     -282.081451        0.000011
FIRE:  713 05:04:41     -282.081451        0.000011
FIRE:  714 05:04:42     -282.081451        0.000011
FIRE:  715 05:04:42     -282.081451        0.000011
FIRE:  716 05:04:42     -282.081451        0.000011
FIRE:  717 05:04:42     -282.081451        0.000011
FIRE:  718 05:04:42     -282.081451        0.000012
FIRE:  719 05:04:42     -282.081451        0.000011
FIRE:  720 05:04:42     -282.081451        0.000011
FIRE:  721 05:04:42     -282.081451        0.000011
FIRE:  722 05:04:43     -282.081451        0.000011
FIRE:  723 05:04:43     -282.081451        0.000011
FIRE:  724 05:04:43     -282.081451        0.000011
FIRE:  725 05:04:43     -282.081451        0.000011
FIRE:  726 05:04:43     -282.081451        0.000011
FIRE:  727 05:04:43     -282.081451        0.000011
FIRE:  728 05:04:43     -282.081451        0.000011
FIRE:  729 05:04:43     -282.081451        0.000011
FIRE:  730 05:04:43     -282.081451        0.000011
FIRE:  731 05:04:44     -282.081451        0.000011
FIRE:  732 05:04:44     -282.081451        0.000011
FIRE:  733 05:04:44     -282.081451        0.000011
FIRE:  734 05:04:44     -282.081451        0.000011
FIRE:  735 05:04:44     -282.081451        0.000011
FIRE:  736 05:04:44     -282.081451        0.000011
FIRE:  737 05:04:44     -282.081451        0.000011
FIRE:  738 05:04:44     -282.081451        0.000011
FIRE:  739 05:04:44     -282.081451        0.000011
FIRE:  740 05:04:44     -282.081451        0.000011
FIRE:  741 05:04:45     -282.081451        0.000011
FIRE:  742 05:04:45     -282.081451        0.000011
FIRE:  743 05:04:45     -282.081451        0.000011
FIRE:  744 05:04:45     -282.081451        0.000011
FIRE:  745 05:04:45     -282.081451        0.000011
FIRE:  746 05:04:45     -282.081451        0.000011
FIRE:  747 05:04:45     -282.081451        0.000011
FIRE:  748 05:04:45     -282.081451        0.000011
FIRE:  749 05:04:45     -282.081451        0.000012
FIRE:  750 05:04:46     -282.081451        0.000011
FIRE:  751 05:04:46     -282.081451        0.000011
FIRE:  752 05:04:46     -282.081451        0.000011
FIRE:  753 05:04:46     -282.081451        0.000011
FIRE:  754 05:04:46     -282.081451        0.000011
FIRE:  755 05:04:46     -282.081451        0.000011
FIRE:  756 05:04:46     -282.081451        0.000011
FIRE:  757 05:04:46     -282.081451        0.000011
FIRE:  758 05:04:46     -282.081451        0.000011
FIRE:  759 05:04:47     -282.081451        0.000011
FIRE:  760 05:04:47     -282.081451        0.000011
FIRE:  761 05:04:47     -282.081451        0.000011
FIRE:  762 05:04:47     -282.081451        0.000011
FIRE:  763 05:04:47     -282.081451        0.000011
FIRE:  764 05:04:47     -282.081451        0.000011
FIRE:  765 05:04:47     -282.081451        0.000011
FIRE:  766 05:04:47     -282.081451        0.000011
FIRE:  767 05:04:47     -282.081451        0.000011
FIRE:  768 05:04:48     -282.081451        0.000011
FIRE:  769 05:04:48     -282.081451        0.000011
FIRE:  770 05:04:48     -282.081451        0.000011
FIRE:  771 05:04:48     -282.081451        0.000011
FIRE:  772 05:04:48     -282.081451        0.000011
FIRE:  773 05:04:48     -282.081451        0.000011
FIRE:  774 05:04:48     -282.081451        0.000011
FIRE:  775 05:04:48     -282.081451        0.000011
FIRE:  776 05:04:48     -282.081451        0.000011
FIRE:  777 05:04:49     -282.081451        0.000011
FIRE:  778 05:04:49     -282.081451        0.000011
FIRE:  779 05:04:49     -282.081451        0.000011
FIRE:  780 05:04:49     -282.081451        0.000011
FIRE:  781 05:04:49     -282.081451        0.000011
FIRE:  782 05:04:49     -282.081451        0.000011
FIRE:  783 05:04:49     -282.081451        0.000011
FIRE:  784 05:04:49     -282.081451        0.000011
FIRE:  785 05:04:49     -282.081451        0.000011
FIRE:  786 05:04:50     -282.081451        0.000011
FIRE:  787 05:04:50     -282.081451        0.000011
FIRE:  788 05:04:50     -282.081451        0.000011
FIRE:  789 05:04:50     -282.081451        0.000012
FIRE:  790 05:04:50     -282.081451        0.000011
FIRE:  791 05:04:50     -282.081451        0.000011
FIRE:  792 05:04:50     -282.081451        0.000011
FIRE:  793 05:04:50     -282.081451        0.000011
FIRE:  794 05:04:50     -282.081451        0.000011
FIRE:  795 05:04:50     -282.081451        0.000011
FIRE:  796 05:04:51     -282.081451        0.000011
FIRE:  797 05:04:51     -282.081451        0.000011
FIRE:  798 05:04:51     -282.081451        0.000011
FIRE:  799 05:04:51     -282.081451        0.000011
FIRE:  800 05:04:51     -282.081451        0.000011
FIRE:  801 05:04:51     -282.081451        0.000011
FIRE:  802 05:04:51     -282.081451        0.000011
FIRE:  803 05:04:51     -282.081451        0.000011
FIRE:  804 05:04:51     -282.081451        0.000011
FIRE:  805 05:04:52     -282.081451        0.000011
FIRE:  806 05:04:52     -282.081451        0.000011
FIRE:  807 05:04:52     -282.081451        0.000011
FIRE:  808 05:04:52     -282.081451        0.000011
FIRE:  809 05:04:52     -282.081451        0.000011
FIRE:  810 05:04:52     -282.081451        0.000011
FIRE:  811 05:04:52     -282.081451        0.000011
FIRE:  812 05:04:52     -282.081451        0.000011
FIRE:  813 05:04:52     -282.081451        0.000011
FIRE:  814 05:04:53     -282.081451        0.000011
FIRE:  815 05:04:53     -282.081451        0.000011
FIRE:  816 05:04:53     -282.081451        0.000011
FIRE:  817 05:04:53     -282.081451        0.000011
FIRE:  818 05:04:53     -282.081451        0.000011
FIRE:  819 05:04:53     -282.081451        0.000011
FIRE:  820 05:04:53     -282.081451        0.000011
FIRE:  821 05:04:53     -282.081451        0.000011
FIRE:  822 05:04:53     -282.081451        0.000011
FIRE:  823 05:04:54     -282.081451        0.000011
FIRE:  824 05:04:54     -282.081451        0.000011
FIRE:  825 05:04:54     -282.081451        0.000011
FIRE:  826 05:04:54     -282.081451        0.000011
FIRE:  827 05:04:54     -282.081451        0.000011
FIRE:  828 05:04:54     -282.081451        0.000011
FIRE:  829 05:04:54     -282.081451        0.000011
FIRE:  830 05:04:54     -282.081451        0.000011
FIRE:  831 05:04:54     -282.081451        0.000012
FIRE:  832 05:04:55     -282.081451        0.000011
FIRE:  833 05:04:55     -282.081451        0.000011
FIRE:  834 05:04:55     -282.081451        0.000011
FIRE:  835 05:04:55     -282.081451        0.000011
FIRE:  836 05:04:55     -282.081451        0.000011
FIRE:  837 05:04:55     -282.081451        0.000012
FIRE:  838 05:04:55     -282.081451        0.000011
FIRE:  839 05:04:55     -282.081451        0.000011
FIRE:  840 05:04:55     -282.081451        0.000011
FIRE:  841 05:04:56     -282.081451        0.000011
FIRE:  842 05:04:56     -282.081451        0.000011
FIRE:  843 05:04:56     -282.081451        0.000011
FIRE:  844 05:04:56     -282.081451        0.000011
FIRE:  845 05:04:56     -282.081451        0.000011
FIRE:  846 05:04:56     -282.081451        0.000011
FIRE:  847 05:04:56     -282.081451        0.000012
FIRE:  848 05:04:56     -282.081451        0.000011
FIRE:  849 05:04:56     -282.081451        0.000011
FIRE:  850 05:04:57     -282.081451        0.000011
FIRE:  851 05:04:57     -282.081451        0.000011
FIRE:  852 05:04:57     -282.081451        0.000011
FIRE:  853 05:04:57     -282.081451        0.000011
FIRE:  854 05:04:57     -282.081451        0.000011
FIRE:  855 05:04:57     -282.081451        0.000011
FIRE:  856 05:04:57     -282.081451        0.000011
FIRE:  857 05:04:57     -282.081482        0.000011
FIRE:  858 05:04:57     -282.081451        0.000011
FIRE:  859 05:04:58     -282.081451        0.000011
FIRE:  860 05:04:58     -282.081451        0.000011
FIRE:  861 05:04:58     -282.081451        0.000011
FIRE:  862 05:04:58     -282.081451        0.000011
FIRE:  863 05:04:58     -282.081451        0.000011
FIRE:  864 05:04:58     -282.081451        0.000011
FIRE:  865 05:04:58     -282.081451        0.000011
FIRE:  866 05:04:58     -282.081451        0.000011
FIRE:  867 05:04:58     -282.081451        0.000011
FIRE:  868 05:04:59     -282.081451        0.000011
FIRE:  869 05:04:59     -282.081451        0.000011
FIRE:  870 05:04:59     -282.081451        0.000011
FIRE:  871 05:04:59     -282.081451        0.000011
FIRE:  872 05:04:59     -282.081451        0.000011
FIRE:  873 05:04:59     -282.081451        0.000011
FIRE:  874 05:04:59     -282.081451        0.000011
FIRE:  875 05:04:59     -282.081451        0.000011
FIRE:  876 05:04:59     -282.081451        0.000011
FIRE:  877 05:05:00     -282.081451        0.000011
FIRE:  878 05:05:00     -282.081451        0.000011
FIRE:  879 05:05:00     -282.081451        0.000011
FIRE:  880 05:05:00     -282.081451        0.000011
FIRE:  881 05:05:00     -282.081451        0.000011
FIRE:  882 05:05:00     -282.081451        0.000011
FIRE:  883 05:05:00     -282.081451        0.000011
FIRE:  884 05:05:00     -282.081451        0.000011
FIRE:  885 05:05:00     -282.081451        0.000011
FIRE:  886 05:05:01     -282.081451        0.000011
FIRE:  887 05:05:01     -282.081451        0.000011
FIRE:  888 05:05:01     -282.081451        0.000011
FIRE:  889 05:05:01     -282.081451        0.000011
FIRE:  890 05:05:01     -282.081451        0.000011
FIRE:  891 05:05:01     -282.081451        0.000011
FIRE:  892 05:05:01     -282.081451        0.000011
FIRE:  893 05:05:01     -282.081451        0.000011
FIRE:  894 05:05:01     -282.081451        0.000012
FIRE:  895 05:05:02     -282.081451        0.000011
FIRE:  896 05:05:02     -282.081451        0.000011
FIRE:  897 05:05:02     -282.081451        0.000011
FIRE:  898 05:05:02     -282.081451        0.000011
FIRE:  899 05:05:02     -282.081451        0.000011
FIRE:  900 05:05:02     -282.081451        0.000011
FIRE:  901 05:05:02     -282.081451        0.000011
FIRE:  902 05:05:02     -282.081451        0.000011
FIRE:  903 05:05:03     -282.081451        0.000011
FIRE:  904 05:05:03     -282.081451        0.000011
FIRE:  905 05:05:03     -282.081451        0.000011
FIRE:  906 05:05:03     -282.081451        0.000011
FIRE:  907 05:05:03     -282.081451        0.000011
FIRE:  908 05:05:03     -282.081451        0.000011
FIRE:  909 05:05:03     -282.081451        0.000011
FIRE:  910 05:05:03     -282.081451        0.000011
FIRE:  911 05:05:03     -282.081451        0.000011
FIRE:  912 05:05:04     -282.081451        0.000011
FIRE:  913 05:05:04     -282.081451        0.000011
FIRE:  914 05:05:04     -282.081451        0.000011
FIRE:  915 05:05:04     -282.081451        0.000011
FIRE:  916 05:05:04     -282.081451        0.000011
FIRE:  917 05:05:04     -282.081451        0.000011
FIRE:  918 05:05:04     -282.081451        0.000011
FIRE:  919 05:05:04     -282.081451        0.000011
FIRE:  920 05:05:04     -282.081451        0.000011
FIRE:  921 05:05:05     -282.081451        0.000011
FIRE:  922 05:05:05     -282.081451        0.000011
FIRE:  923 05:05:05     -282.081451        0.000011
FIRE:  924 05:05:05     -282.081451        0.000011
FIRE:  925 05:05:05     -282.081451        0.000011
FIRE:  926 05:05:05     -282.081451        0.000011
FIRE:  927 05:05:05     -282.081451        0.000011
FIRE:  928 05:05:05     -282.081451        0.000011
FIRE:  929 05:05:05     -282.081451        0.000011
FIRE:  930 05:05:06     -282.081451        0.000011
FIRE:  931 05:05:06     -282.081451        0.000011
FIRE:  932 05:05:06     -282.081482        0.000011
FIRE:  933 05:05:06     -282.081451        0.000011
FIRE:  934 05:05:06     -282.081451        0.000011
FIRE:  935 05:05:06     -282.081451        0.000011
FIRE:  936 05:05:06     -282.081451        0.000011
FIRE:  937 05:05:06     -282.081451        0.000011
FIRE:  938 05:05:06     -282.081451        0.000011
FIRE:  939 05:05:07     -282.081451        0.000011
FIRE:  940 05:05:07     -282.081451        0.000011
FIRE:  941 05:05:07     -282.081451        0.000011
FIRE:  942 05:05:07     -282.081451        0.000011
FIRE:  943 05:05:07     -282.081451        0.000011
FIRE:  944 05:05:07     -282.081451        0.000011
FIRE:  945 05:05:07     -282.081451        0.000011
FIRE:  946 05:05:07     -282.081451        0.000011
FIRE:  947 05:05:07     -282.081451        0.000011
FIRE:  948 05:05:08     -282.081451        0.000011
FIRE:  949 05:05:08     -282.081451        0.000011
FIRE:  950 05:05:08     -282.081451        0.000011
FIRE:  951 05:05:08     -282.081451        0.000011
FIRE:  952 05:05:08     -282.081451        0.000011
FIRE:  953 05:05:08     -282.081451        0.000011
FIRE:  954 05:05:08     -282.081451        0.000011
FIRE:  955 05:05:08     -282.081451        0.000011
FIRE:  956 05:05:08     -282.081451        0.000011
FIRE:  957 05:05:09     -282.081451        0.000011
FIRE:  958 05:05:09     -282.081451        0.000011
FIRE:  959 05:05:09     -282.081451        0.000011
FIRE:  960 05:05:09     -282.081451        0.000011
FIRE:  961 05:05:09     -282.081451        0.000011
FIRE:  962 05:05:09     -282.081451        0.000011
FIRE:  963 05:05:09     -282.081451        0.000011
FIRE:  964 05:05:09     -282.081451        0.000011
FIRE:  965 05:05:09     -282.081451        0.000011
FIRE:  966 05:05:10     -282.081451        0.000011
FIRE:  967 05:05:10     -282.081451        0.000011
FIRE:  968 05:05:10     -282.081451        0.000011
FIRE:  969 05:05:10     -282.081451        0.000011
FIRE:  970 05:05:10     -282.081451        0.000011
FIRE:  971 05:05:10     -282.081451        0.000011
FIRE:  972 05:05:10     -282.081451        0.000011
FIRE:  973 05:05:10     -282.081451        0.000011
FIRE:  974 05:05:10     -282.081451        0.000011
FIRE:  975 05:05:11     -282.081451        0.000011
FIRE:  976 05:05:11     -282.081451        0.000011
FIRE:  977 05:05:11     -282.081451        0.000011
FIRE:  978 05:05:11     -282.081451        0.000011
FIRE:  979 05:05:11     -282.081451        0.000011
FIRE:  980 05:05:11     -282.081451        0.000011
FIRE:  981 05:05:11     -282.081451        0.000011
FIRE:  982 05:05:11     -282.081451        0.000011
FIRE:  983 05:05:11     -282.081451        0.000011
FIRE:  984 05:05:12     -282.081451        0.000011
FIRE:  985 05:05:12     -282.081451        0.000011
FIRE:  986 05:05:12     -282.081451        0.000011
FIRE:  987 05:05:12     -282.081451        0.000011
FIRE:  988 05:05:12     -282.081451        0.000011
FIRE:  989 05:05:12     -282.081451        0.000011
FIRE:  990 05:05:12     -282.081451        0.000011
FIRE:  991 05:05:12     -282.081451        0.000011
FIRE:  992 05:05:12     -282.081451        0.000011
FIRE:  993 05:05:13     -282.081451        0.000011
FIRE:  994 05:05:13     -282.081451        0.000011
FIRE:  995 05:05:13     -282.081451        0.000011
FIRE:  996 05:05:13     -282.081451        0.000011
FIRE:  997 05:05:13     -282.081451        0.000011
FIRE:  998 05:05:13     -282.081451        0.000011
FIRE:  999 05:05:13     -282.081451        0.000011
FIRE:  1000 05:05:13     -282.081451        0.000011
FIRE:  1001 05:05:13     -282.081451        0.000011
FIRE:  1002 05:05:14     -282.081451        0.000011
FIRE:  1003 05:05:14     -282.081451        0.000011
FIRE:  1004 05:05:14     -282.081451        0.000011
FIRE:  1005 05:05:14     -282.081451        0.000011
FIRE:  1006 05:05:14     -282.081451        0.000011
FIRE:  1007 05:05:14     -282.081451        0.000011
FIRE:  1008 05:05:14     -282.081451        0.000011
FIRE:  1009 05:05:14     -282.081451        0.000011
FIRE:  1010 05:05:14     -282.081451        0.000011
FIRE:  1011 05:05:15     -282.081451        0.000011
FIRE:  1012 05:05:15     -282.081451        0.000011
FIRE:  1013 05:05:15     -282.081451        0.000011
FIRE:  1014 05:05:15     -282.081451        0.000011
FIRE:  1015 05:05:15     -282.081451        0.000011
FIRE:  1016 05:05:15     -282.081451        0.000011
FIRE:  1017 05:05:15     -282.081451        0.000011
FIRE:  1018 05:05:15     -282.081451        0.000011
FIRE:  1019 05:05:15     -282.081451        0.000011
FIRE:  1020 05:05:16     -282.081451        0.000012
FIRE:  1021 05:05:16     -282.081451        0.000011
FIRE:  1022 05:05:16     -282.081451        0.000011
FIRE:  1023 05:05:16     -282.081451        0.000011
FIRE:  1024 05:05:16     -282.081451        0.000011
FIRE:  1025 05:05:16     -282.081451        0.000011
FIRE:  1026 05:05:16     -282.081451        0.000011
FIRE:  1027 05:05:16     -282.081451        0.000011
FIRE:  1028 05:05:16     -282.081451        0.000011
FIRE:  1029 05:05:17     -282.081451        0.000011
FIRE:  1030 05:05:17     -282.081451        0.000011
FIRE:  1031 05:05:17     -282.081451        0.000011
FIRE:  1032 05:05:17     -282.081451        0.000011
FIRE:  1033 05:05:17     -282.081451        0.000011
FIRE:  1034 05:05:17     -282.081451        0.000011
FIRE:  1035 05:05:17     -282.081451        0.000011
FIRE:  1036 05:05:17     -282.081451        0.000011
FIRE:  1037 05:05:17     -282.081451        0.000011
FIRE:  1038 05:05:18     -282.081451        0.000011
FIRE:  1039 05:05:18     -282.081451        0.000011
FIRE:  1040 05:05:18     -282.081451        0.000011
FIRE:  1041 05:05:18     -282.081451        0.000011
FIRE:  1042 05:05:18     -282.081451        0.000011
FIRE:  1043 05:05:18     -282.081451        0.000011
FIRE:  1044 05:05:18     -282.081451        0.000011
FIRE:  1045 05:05:18     -282.081451        0.000011
FIRE:  1046 05:05:18     -282.081451        0.000011
FIRE:  1047 05:05:19     -282.081451        0.000011
FIRE:  1048 05:05:19     -282.081451        0.000011
FIRE:  1049 05:05:19     -282.081451        0.000011
FIRE:  1050 05:05:19     -282.081451        0.000011
FIRE:  1051 05:05:19     -282.081451        0.000011
FIRE:  1052 05:05:19     -282.081451        0.000011
FIRE:  1053 05:05:19     -282.081451        0.000011
FIRE:  1054 05:05:19     -282.081451        0.000011
FIRE:  1055 05:05:19     -282.081451        0.000011
FIRE:  1056 05:05:20     -282.081451        0.000011
FIRE:  1057 05:05:20     -282.081451        0.000011
FIRE:  1058 05:05:20     -282.081451        0.000011
FIRE:  1059 05:05:20     -282.081451        0.000011
FIRE:  1060 05:05:20     -282.081451        0.000011
FIRE:  1061 05:05:20     -282.081451        0.000011
FIRE:  1062 05:05:20     -282.081451        0.000011
FIRE:  1063 05:05:20     -282.081451        0.000011
FIRE:  1064 05:05:20     -282.081451        0.000011
FIRE:  1065 05:05:21     -282.081451        0.000011
FIRE:  1066 05:05:21     -282.081451        0.000011
FIRE:  1067 05:05:21     -282.081451        0.000011
FIRE:  1068 05:05:21     -282.081451        0.000011
FIRE:  1069 05:05:21     -282.081451        0.000011
FIRE:  1070 05:05:21     -282.081451        0.000011
FIRE:  1071 05:05:21     -282.081451        0.000011
FIRE:  1072 05:05:21     -282.081451        0.000011
FIRE:  1073 05:05:21     -282.081451        0.000011
FIRE:  1074 05:05:22     -282.081451        0.000011
FIRE:  1075 05:05:22     -282.081451        0.000011
FIRE:  1076 05:05:22     -282.081451        0.000011
FIRE:  1077 05:05:22     -282.081451        0.000011
FIRE:  1078 05:05:22     -282.081451        0.000011
FIRE:  1079 05:05:22     -282.081451        0.000011
FIRE:  1080 05:05:22     -282.081451        0.000011
FIRE:  1081 05:05:22     -282.081451        0.000011
FIRE:  1082 05:05:22     -282.081451        0.000011
FIRE:  1083 05:05:23     -282.081451        0.000011
FIRE:  1084 05:05:23     -282.081451        0.000011
FIRE:  1085 05:05:23     -282.081451        0.000011
FIRE:  1086 05:05:23     -282.081451        0.000011
FIRE:  1087 05:05:23     -282.081451        0.000011
FIRE:  1088 05:05:23     -282.081451        0.000011
FIRE:  1089 05:05:23     -282.081451        0.000011
FIRE:  1090 05:05:23     -282.081451        0.000011
FIRE:  1091 05:05:23     -282.081451        0.000011
FIRE:  1092 05:05:24     -282.081451        0.000011
FIRE:  1093 05:05:24     -282.081482        0.000011
FIRE:  1094 05:05:24     -282.081451        0.000011
FIRE:  1095 05:05:24     -282.081451        0.000011
FIRE:  1096 05:05:24     -282.081451        0.000011
FIRE:  1097 05:05:24     -282.081451        0.000011
FIRE:  1098 05:05:24     -282.081451        0.000011
FIRE:  1099 05:05:24     -282.081451        0.000011
FIRE:  1100 05:05:24     -282.081451        0.000011
FIRE:  1101 05:05:25     -282.081451        0.000011
FIRE:  1102 05:05:25     -282.081451        0.000011
FIRE:  1103 05:05:25     -282.081451        0.000011
FIRE:  1104 05:05:25     -282.081451        0.000011
FIRE:  1105 05:05:25     -282.081451        0.000012
FIRE:  1106 05:05:25     -282.081451        0.000011
FIRE:  1107 05:05:25     -282.081451        0.000011
FIRE:  1108 05:05:25     -282.081451        0.000011
FIRE:  1109 05:05:25     -282.081451        0.000011
FIRE:  1110 05:05:26     -282.081451        0.000011
FIRE:  1111 05:05:26     -282.081451        0.000011
FIRE:  1112 05:05:26     -282.081451        0.000011
FIRE:  1113 05:05:26     -282.081451        0.000011
FIRE:  1114 05:05:26     -282.081451        0.000011
FIRE:  1115 05:05:26     -282.081451        0.000011
FIRE:  1116 05:05:26     -282.081451        0.000011
FIRE:  1117 05:05:26     -282.081451        0.000011
FIRE:  1118 05:05:26     -282.081451        0.000011
FIRE:  1119 05:05:27     -282.081451        0.000011
FIRE:  1120 05:05:27     -282.081451        0.000011
FIRE:  1121 05:05:27     -282.081451        0.000011
FIRE:  1122 05:05:27     -282.081451        0.000011
FIRE:  1123 05:05:27     -282.081451        0.000012
FIRE:  1124 05:05:27     -282.081451        0.000011
FIRE:  1125 05:05:27     -282.081451        0.000011
FIRE:  1126 05:05:27     -282.081451        0.000011
FIRE:  1127 05:05:27     -282.081451        0.000011
FIRE:  1128 05:05:28     -282.081451        0.000011
FIRE:  1129 05:05:28     -282.081451        0.000011
FIRE:  1130 05:05:28     -282.081451        0.000011
FIRE:  1131 05:05:28     -282.081451        0.000011
FIRE:  1132 05:05:28     -282.081451        0.000011
FIRE:  1133 05:05:28     -282.081451        0.000011
FIRE:  1134 05:05:28     -282.081451        0.000011
FIRE:  1135 05:05:28     -282.081451        0.000011
FIRE:  1136 05:05:28     -282.081451        0.000011
FIRE:  1137 05:05:29     -282.081451        0.000011
FIRE:  1138 05:05:29     -282.081451        0.000011
FIRE:  1139 05:05:29     -282.081451        0.000011
FIRE:  1140 05:05:29     -282.081451        0.000011
FIRE:  1141 05:05:29     -282.081451        0.000011
FIRE:  1142 05:05:29     -282.081451        0.000011
FIRE:  1143 05:05:29     -282.081451        0.000011
FIRE:  1144 05:05:29     -282.081451        0.000011
FIRE:  1145 05:05:29     -282.081451        0.000011
FIRE:  1146 05:05:30     -282.081451        0.000011
FIRE:  1147 05:05:30     -282.081451        0.000011
FIRE:  1148 05:05:30     -282.081451        0.000011
FIRE:  1149 05:05:30     -282.081451        0.000011
FIRE:  1150 05:05:30     -282.081451        0.000011
FIRE:  1151 05:05:30     -282.081451        0.000011
FIRE:  1152 05:05:30     -282.081451        0.000011
FIRE:  1153 05:05:30     -282.081451        0.000011
FIRE:  1154 05:05:30     -282.081451        0.000011
FIRE:  1155 05:05:31     -282.081451        0.000011
FIRE:  1156 05:05:31     -282.081451        0.000011
FIRE:  1157 05:05:31     -282.081451        0.000011
FIRE:  1158 05:05:31     -282.081451        0.000011
FIRE:  1159 05:05:31     -282.081451        0.000011
FIRE:  1160 05:05:31     -282.081451        0.000011
FIRE:  1161 05:05:31     -282.081451        0.000011
FIRE:  1162 05:05:31     -282.081451        0.000011
FIRE:  1163 05:05:31     -282.081451        0.000011
FIRE:  1164 05:05:31     -282.081451        0.000011
FIRE:  1165 05:05:32     -282.081482        0.000011
FIRE:  1166 05:05:32     -282.081451        0.000011
FIRE:  1167 05:05:32     -282.081451        0.000011
FIRE:  1168 05:05:32     -282.081451        0.000011
FIRE:  1169 05:05:32     -282.081451        0.000011
FIRE:  1170 05:05:32     -282.081451        0.000011
FIRE:  1171 05:05:32     -282.081451        0.000011
FIRE:  1172 05:05:32     -282.081451        0.000011
FIRE:  1173 05:05:32     -282.081451        0.000011
FIRE:  1174 05:05:33     -282.081451        0.000011
FIRE:  1175 05:05:33     -282.081451        0.000011
FIRE:  1176 05:05:33     -282.081451        0.000011
FIRE:  1177 05:05:33     -282.081451        0.000011
FIRE:  1178 05:05:33     -282.081451        0.000011
FIRE:  1179 05:05:33     -282.081451        0.000011
FIRE:  1180 05:05:33     -282.081451        0.000011
FIRE:  1181 05:05:33     -282.081451        0.000011
FIRE:  1182 05:05:33     -282.081451        0.000011
FIRE:  1183 05:05:34     -282.081451        0.000011
FIRE:  1184 05:05:34     -282.081451        0.000011
FIRE:  1185 05:05:34     -282.081451        0.000011
FIRE:  1186 05:05:34     -282.081451        0.000011
FIRE:  1187 05:05:34     -282.081451        0.000011
FIRE:  1188 05:05:34     -282.081451        0.000011
FIRE:  1189 05:05:34     -282.081451        0.000011
FIRE:  1190 05:05:34     -282.081451        0.000011
FIRE:  1191 05:05:34     -282.081451        0.000011
FIRE:  1192 05:05:35     -282.081451        0.000011
FIRE:  1193 05:05:35     -282.081451        0.000011
FIRE:  1194 05:05:35     -282.081451        0.000011
FIRE:  1195 05:05:35     -282.081451        0.000011
FIRE:  1196 05:05:35     -282.081451        0.000011
FIRE:  1197 05:05:35     -282.081451        0.000011
FIRE:  1198 05:05:35     -282.081451        0.000011
FIRE:  1199 05:05:35     -282.081451        0.000011
FIRE:  1200 05:05:35     -282.081451        0.000011
FIRE:  1201 05:05:36     -282.081451        0.000011
FIRE:  1202 05:05:36     -282.081451        0.000011
FIRE:  1203 05:05:36     -282.081451        0.000011
FIRE:  1204 05:05:36     -282.081451        0.000011
FIRE:  1205 05:05:36     -282.081451        0.000011
FIRE:  1206 05:05:36     -282.081451        0.000011
FIRE:  1207 05:05:36     -282.081451        0.000011
FIRE:  1208 05:05:36     -282.081451        0.000011
FIRE:  1209 05:05:36     -282.081451        0.000011
FIRE:  1210 05:05:37     -282.081451        0.000011
FIRE:  1211 05:05:37     -282.081451        0.000011
FIRE:  1212 05:05:37     -282.081451        0.000011
FIRE:  1213 05:05:37     -282.081451        0.000012
FIRE:  1214 05:05:37     -282.081451        0.000011
FIRE:  1215 05:05:37     -282.081451        0.000011
FIRE:  1216 05:05:37     -282.081451        0.000011
FIRE:  1217 05:05:37     -282.081451        0.000011
FIRE:  1218 05:05:37     -282.081451        0.000011
FIRE:  1219 05:05:38     -282.081451        0.000011
FIRE:  1220 05:05:38     -282.081451        0.000011
FIRE:  1221 05:05:38     -282.081451        0.000011
FIRE:  1222 05:05:38     -282.081451        0.000011
FIRE:  1223 05:05:38     -282.081451        0.000011
FIRE:  1224 05:05:38     -282.081451        0.000011
FIRE:  1225 05:05:38     -282.081451        0.000011
FIRE:  1226 05:05:38     -282.081451        0.000011
FIRE:  1227 05:05:38     -282.081451        0.000011
FIRE:  1228 05:05:39     -282.081451        0.000011
FIRE:  1229 05:05:39     -282.081451        0.000011
FIRE:  1230 05:05:39     -282.081451        0.000011
FIRE:  1231 05:05:39     -282.081451        0.000011
FIRE:  1232 05:05:39     -282.081451        0.000011
FIRE:  1233 05:05:39     -282.081451        0.000011
FIRE:  1234 05:05:39     -282.081451        0.000011
FIRE:  1235 05:05:39     -282.081451        0.000011
FIRE:  1236 05:05:39     -282.081451        0.000011
FIRE:  1237 05:05:40     -282.081451        0.000011
FIRE:  1238 05:05:40     -282.081451        0.000011
FIRE:  1239 05:05:40     -282.081451        0.000011
FIRE:  1240 05:05:40     -282.081451        0.000011
FIRE:  1241 05:05:40     -282.081451        0.000011
FIRE:  1242 05:05:40     -282.081451        0.000011
FIRE:  1243 05:05:40     -282.081451        0.000011
FIRE:  1244 05:05:40     -282.081451        0.000011
FIRE:  1245 05:05:40     -282.081451        0.000011
FIRE:  1246 05:05:41     -282.081451        0.000011
FIRE:  1247 05:05:41     -282.081451        0.000011
FIRE:  1248 05:05:41     -282.081451        0.000011
FIRE:  1249 05:05:41     -282.081451        0.000011
FIRE:  1250 05:05:41     -282.081482        0.000011
FIRE:  1251 05:05:41     -282.081451        0.000011
FIRE:  1252 05:05:41     -282.081451        0.000011
FIRE:  1253 05:05:41     -282.081451        0.000011
FIRE:  1254 05:05:41     -282.081451        0.000011
FIRE:  1255 05:05:42     -282.081451        0.000011
FIRE:  1256 05:05:42     -282.081451        0.000011
FIRE:  1257 05:05:42     -282.081451        0.000011
FIRE:  1258 05:05:42     -282.081451        0.000011
FIRE:  1259 05:05:42     -282.081451        0.000011
FIRE:  1260 05:05:42     -282.081451        0.000011
FIRE:  1261 05:05:42     -282.081451        0.000011
FIRE:  1262 05:05:42     -282.081451        0.000011
FIRE:  1263 05:05:42     -282.081451        0.000011
FIRE:  1264 05:05:43     -282.081451        0.000011
FIRE:  1265 05:05:43     -282.081451        0.000011
FIRE:  1266 05:05:43     -282.081451        0.000011
FIRE:  1267 05:05:43     -282.081451        0.000011
FIRE:  1268 05:05:43     -282.081451        0.000011
FIRE:  1269 05:05:43     -282.081451        0.000011
FIRE:  1270 05:05:43     -282.081451        0.000011
FIRE:  1271 05:05:43     -282.081451        0.000011
FIRE:  1272 05:05:43     -282.081451        0.000011
FIRE:  1273 05:05:44     -282.081451        0.000011
FIRE:  1274 05:05:44     -282.081451        0.000011
FIRE:  1275 05:05:44     -282.081451        0.000011
FIRE:  1276 05:05:44     -282.081451        0.000011
FIRE:  1277 05:05:44     -282.081451        0.000011
FIRE:  1278 05:05:44     -282.081451        0.000011
FIRE:  1279 05:05:44     -282.081451        0.000011
FIRE:  1280 05:05:44     -282.081451        0.000011
FIRE:  1281 05:05:44     -282.081451        0.000011
FIRE:  1282 05:05:45     -282.081451        0.000011
FIRE:  1283 05:05:45     -282.081451        0.000011
FIRE:  1284 05:05:45     -282.081451        0.000011
FIRE:  1285 05:05:45     -282.081451        0.000011
FIRE:  1286 05:05:45     -282.081451        0.000011
FIRE:  1287 05:05:45     -282.081451        0.000011
FIRE:  1288 05:05:45     -282.081451        0.000011
FIRE:  1289 05:05:45     -282.081451        0.000011
FIRE:  1290 05:05:45     -282.081451        0.000011
FIRE:  1291 05:05:46     -282.081451        0.000011
FIRE:  1292 05:05:46     -282.081451        0.000011
FIRE:  1293 05:05:46     -282.081451        0.000011
FIRE:  1294 05:05:46     -282.081451        0.000011
FIRE:  1295 05:05:46     -282.081451        0.000011
FIRE:  1296 05:05:46     -282.081451        0.000011
FIRE:  1297 05:05:46     -282.081451        0.000011
FIRE:  1298 05:05:46     -282.081451        0.000011
FIRE:  1299 05:05:46     -282.081451        0.000011
FIRE:  1300 05:05:47     -282.081451        0.000011
FIRE:  1301 05:05:47     -282.081451        0.000011
FIRE:  1302 05:05:47     -282.081451        0.000011
FIRE:  1303 05:05:47     -282.081451        0.000011
FIRE:  1304 05:05:47     -282.081451        0.000011
FIRE:  1305 05:05:47     -282.081451        0.000011
FIRE:  1306 05:05:47     -282.081451        0.000011
FIRE:  1307 05:05:47     -282.081451        0.000011
FIRE:  1308 05:05:47     -282.081451        0.000011
FIRE:  1309 05:05:48     -282.081451        0.000011
FIRE:  1310 05:05:48     -282.081451        0.000011
FIRE:  1311 05:05:48     -282.081451        0.000011
FIRE:  1312 05:05:48     -282.081451        0.000011
FIRE:  1313 05:05:48     -282.081451        0.000011
FIRE:  1314 05:05:48     -282.081451        0.000011
FIRE:  1315 05:05:48     -282.081451        0.000011
FIRE:  1316 05:05:48     -282.081451        0.000011
FIRE:  1317 05:05:48     -282.081451        0.000011
FIRE:  1318 05:05:49     -282.081451        0.000011
FIRE:  1319 05:05:49     -282.081451        0.000011
FIRE:  1320 05:05:49     -282.081451        0.000011
FIRE:  1321 05:05:49     -282.081451        0.000011
FIRE:  1322 05:05:49     -282.081451        0.000011
FIRE:  1323 05:05:49     -282.081451        0.000011
FIRE:  1324 05:05:49     -282.081451        0.000011
FIRE:  1325 05:05:49     -282.081451        0.000011
FIRE:  1326 05:05:49     -282.081451        0.000011
FIRE:  1327 05:05:50     -282.081451        0.000011
FIRE:  1328 05:05:50     -282.081451        0.000011
FIRE:  1329 05:05:50     -282.081451        0.000011
FIRE:  1330 05:05:50     -282.081451        0.000011
FIRE:  1331 05:05:50     -282.081451        0.000011
FIRE:  1332 05:05:50     -282.081451        0.000011
FIRE:  1333 05:05:50     -282.081451        0.000011
FIRE:  1334 05:05:50     -282.081451        0.000011
FIRE:  1335 05:05:50     -282.081451        0.000011
FIRE:  1336 05:05:51     -282.081451        0.000011
FIRE:  1337 05:05:51     -282.081451        0.000011
FIRE:  1338 05:05:51     -282.081451        0.000011
FIRE:  1339 05:05:51     -282.081451        0.000011
FIRE:  1340 05:05:51     -282.081451        0.000011
FIRE:  1341 05:05:51     -282.081451        0.000011
FIRE:  1342 05:05:51     -282.081451        0.000011
FIRE:  1343 05:05:51     -282.081451        0.000011
FIRE:  1344 05:05:51     -282.081451        0.000011
FIRE:  1345 05:05:52     -282.081451        0.000011
FIRE:  1346 05:05:52     -282.081451        0.000011
FIRE:  1347 05:05:52     -282.081451        0.000011
FIRE:  1348 05:05:52     -282.081451        0.000011
FIRE:  1349 05:05:52     -282.081451        0.000011
FIRE:  1350 05:05:52     -282.081451        0.000011
FIRE:  1351 05:05:52     -282.081451        0.000011
FIRE:  1352 05:05:52     -282.081451        0.000011
FIRE:  1353 05:05:52     -282.081451        0.000011
FIRE:  1354 05:05:53     -282.081451        0.000011
FIRE:  1355 05:05:53     -282.081451        0.000011
FIRE:  1356 05:05:53     -282.081451        0.000011
FIRE:  1357 05:05:53     -282.081451        0.000011
FIRE:  1358 05:05:53     -282.081451        0.000011
FIRE:  1359 05:05:53     -282.081451        0.000011
FIRE:  1360 05:05:53     -282.081451        0.000011
FIRE:  1361 05:05:53     -282.081451        0.000011
FIRE:  1362 05:05:54     -282.081451        0.000011
FIRE:  1363 05:05:54     -282.081451        0.000011
FIRE:  1364 05:05:54     -282.081451        0.000011
FIRE:  1365 05:05:54     -282.081451        0.000011
FIRE:  1366 05:05:54     -282.081451        0.000011
FIRE:  1367 05:05:54     -282.081451        0.000011
FIRE:  1368 05:05:54     -282.081451        0.000011
FIRE:  1369 05:05:54     -282.081451        0.000011
FIRE:  1370 05:05:54     -282.081451        0.000011
FIRE:  1371 05:05:55     -282.081451        0.000011
FIRE:  1372 05:05:55     -282.081451        0.000011
FIRE:  1373 05:05:55     -282.081451        0.000011
FIRE:  1374 05:05:55     -282.081451        0.000011
FIRE:  1375 05:05:55     -282.081451        0.000011
FIRE:  1376 05:05:55     -282.081451        0.000011
FIRE:  1377 05:05:55     -282.081451        0.000011
FIRE:  1378 05:05:55     -282.081451        0.000011
FIRE:  1379 05:05:55     -282.081451        0.000011
FIRE:  1380 05:05:56     -282.081451        0.000011
FIRE:  1381 05:05:56     -282.081451        0.000011
FIRE:  1382 05:05:56     -282.081451        0.000011
FIRE:  1383 05:05:56     -282.081451        0.000011
FIRE:  1384 05:05:56     -282.081451        0.000011
FIRE:  1385 05:05:56     -282.081451        0.000011
FIRE:  1386 05:05:56     -282.081451        0.000011
FIRE:  1387 05:05:56     -282.081451        0.000011
FIRE:  1388 05:05:56     -282.081451        0.000011
FIRE:  1389 05:05:57     -282.081451        0.000011
FIRE:  1390 05:05:57     -282.081451        0.000011
FIRE:  1391 05:05:57     -282.081451        0.000011
FIRE:  1392 05:05:57     -282.081451        0.000012
FIRE:  1393 05:05:57     -282.081451        0.000011
FIRE:  1394 05:05:57     -282.081451        0.000011
FIRE:  1395 05:05:57     -282.081451        0.000011
FIRE:  1396 05:05:57     -282.081451        0.000011
FIRE:  1397 05:05:57     -282.081451        0.000011
FIRE:  1398 05:05:58     -282.081451        0.000011
FIRE:  1399 05:05:58     -282.081451        0.000011
FIRE:  1400 05:05:58     -282.081451        0.000011
FIRE:  1401 05:05:58     -282.081451        0.000011
FIRE:  1402 05:05:58     -282.081451        0.000011
FIRE:  1403 05:05:58     -282.081451        0.000011
FIRE:  1404 05:05:58     -282.081451        0.000011
FIRE:  1405 05:05:58     -282.081451        0.000011
FIRE:  1406 05:05:58     -282.081451        0.000011
FIRE:  1407 05:05:59     -282.081451        0.000011
FIRE:  1408 05:05:59     -282.081451        0.000011
FIRE:  1409 05:05:59     -282.081451        0.000011
FIRE:  1410 05:05:59     -282.081451        0.000011
FIRE:  1411 05:05:59     -282.081451        0.000011
FIRE:  1412 05:05:59     -282.081451        0.000011
FIRE:  1413 05:05:59     -282.081451        0.000011
FIRE:  1414 05:05:59     -282.081451        0.000011
FIRE:  1415 05:05:59     -282.081451        0.000011
FIRE:  1416 05:06:00     -282.081451        0.000011
FIRE:  1417 05:06:00     -282.081451        0.000011
FIRE:  1418 05:06:00     -282.081451        0.000011
FIRE:  1419 05:06:00     -282.081451        0.000011
FIRE:  1420 05:06:00     -282.081451        0.000011
FIRE:  1421 05:06:00     -282.081451        0.000011
FIRE:  1422 05:06:00     -282.081451        0.000011
FIRE:  1423 05:06:00     -282.081451        0.000011
FIRE:  1424 05:06:00     -282.081451        0.000011
FIRE:  1425 05:06:01     -282.081451        0.000011
FIRE:  1426 05:06:01     -282.081451        0.000011
FIRE:  1427 05:06:01     -282.081451        0.000011
FIRE:  1428 05:06:01     -282.081451        0.000011
FIRE:  1429 05:06:01     -282.081451        0.000011
FIRE:  1430 05:06:01     -282.081451        0.000011
FIRE:  1431 05:06:01     -282.081451        0.000011
FIRE:  1432 05:06:01     -282.081451        0.000011
FIRE:  1433 05:06:01     -282.081451        0.000011
FIRE:  1434 05:06:02     -282.081451        0.000011
FIRE:  1435 05:06:02     -282.081451        0.000011
FIRE:  1436 05:06:02     -282.081451        0.000011
FIRE:  1437 05:06:02     -282.081451        0.000011
FIRE:  1438 05:06:02     -282.081451        0.000011
FIRE:  1439 05:06:02     -282.081451        0.000011
FIRE:  1440 05:06:02     -282.081451        0.000011
FIRE:  1441 05:06:02     -282.081451        0.000011
FIRE:  1442 05:06:02     -282.081451        0.000011
FIRE:  1443 05:06:03     -282.081451        0.000011
FIRE:  1444 05:06:03     -282.081451        0.000011
FIRE:  1445 05:06:03     -282.081451        0.000011
FIRE:  1446 05:06:03     -282.081451        0.000011
FIRE:  1447 05:06:03     -282.081451        0.000011
FIRE:  1448 05:06:03     -282.081451        0.000011
FIRE:  1449 05:06:03     -282.081451        0.000011
FIRE:  1450 05:06:03     -282.081451        0.000011
FIRE:  1451 05:06:03     -282.081451        0.000011
FIRE:  1452 05:06:04     -282.081451        0.000011
FIRE:  1453 05:06:04     -282.081451        0.000011
FIRE:  1454 05:06:04     -282.081451        0.000011
FIRE:  1455 05:06:04     -282.081451        0.000011
FIRE:  1456 05:06:04     -282.081451        0.000011
FIRE:  1457 05:06:04     -282.081451        0.000011
FIRE:  1458 05:06:04     -282.081451        0.000011
FIRE:  1459 05:06:04     -282.081451        0.000011
FIRE:  1460 05:06:04     -282.081451        0.000011
FIRE:  1461 05:06:05     -282.081451        0.000011
FIRE:  1462 05:06:05     -282.081451        0.000011
FIRE:  1463 05:06:05     -282.081451        0.000011
FIRE:  1464 05:06:05     -282.081451        0.000011
FIRE:  1465 05:06:05     -282.081451        0.000011
FIRE:  1466 05:06:05     -282.081451        0.000011
FIRE:  1467 05:06:05     -282.081451        0.000011
FIRE:  1468 05:06:05     -282.081451        0.000011
FIRE:  1469 05:06:05     -282.081451        0.000011
FIRE:  1470 05:06:06     -282.081451        0.000011
FIRE:  1471 05:06:06     -282.081451        0.000011
FIRE:  1472 05:06:06     -282.081451        0.000011
FIRE:  1473 05:06:06     -282.081451        0.000011
FIRE:  1474 05:06:06     -282.081451        0.000011
FIRE:  1475 05:06:06     -282.081451        0.000011
FIRE:  1476 05:06:06     -282.081451        0.000011
FIRE:  1477 05:06:06     -282.081451        0.000011
FIRE:  1478 05:06:06     -282.081451        0.000011
FIRE:  1479 05:06:07     -282.081451        0.000011
FIRE:  1480 05:06:07     -282.081451        0.000011
FIRE:  1481 05:06:07     -282.081451        0.000011
FIRE:  1482 05:06:07     -282.081451        0.000011
FIRE:  1483 05:06:07     -282.081451        0.000011
FIRE:  1484 05:06:07     -282.081451        0.000011
FIRE:  1485 05:06:07     -282.081451        0.000011
FIRE:  1486 05:06:07     -282.081451        0.000011
FIRE:  1487 05:06:07     -282.081451        0.000011
FIRE:  1488 05:06:08     -282.081451        0.000011
FIRE:  1489 05:06:08     -282.081451        0.000011
FIRE:  1490 05:06:08     -282.081451        0.000011
FIRE:  1491 05:06:08     -282.081451        0.000011
FIRE:  1492 05:06:08     -282.081451        0.000011
FIRE:  1493 05:06:08     -282.081451        0.000011
FIRE:  1494 05:06:08     -282.081451        0.000011
FIRE:  1495 05:06:08     -282.081451        0.000011
FIRE:  1496 05:06:08     -282.081451        0.000011
FIRE:  1497 05:06:09     -282.081451        0.000011
FIRE:  1498 05:06:09     -282.081451        0.000011
FIRE:  1499 05:06:09     -282.081451        0.000011
FIRE:  1500 05:06:09     -282.081451        0.000011
FIRE:  1501 05:06:09     -282.081451        0.000011
FIRE:  1502 05:06:09     -282.081451        0.000011
FIRE:  1503 05:06:09     -282.081451        0.000011
FIRE:  1504 05:06:09     -282.081451        0.000011
FIRE:  1505 05:06:09     -282.081451        0.000011
FIRE:  1506 05:06:10     -282.081451        0.000011
FIRE:  1507 05:06:10     -282.081451        0.000011
FIRE:  1508 05:06:10     -282.081451        0.000011
FIRE:  1509 05:06:10     -282.081451        0.000011
FIRE:  1510 05:06:10     -282.081451        0.000011
FIRE:  1511 05:06:10     -282.081451        0.000011
FIRE:  1512 05:06:10     -282.081451        0.000011
FIRE:  1513 05:06:10     -282.081451        0.000011
FIRE:  1514 05:06:10     -282.081451        0.000011
FIRE:  1515 05:06:11     -282.081451        0.000011
FIRE:  1516 05:06:11     -282.081451        0.000011
FIRE:  1517 05:06:11     -282.081451        0.000011
FIRE:  1518 05:06:11     -282.081451        0.000011
FIRE:  1519 05:06:11     -282.081451        0.000011
FIRE:  1520 05:06:11     -282.081451        0.000011
FIRE:  1521 05:06:11     -282.081451        0.000011
FIRE:  1522 05:06:11     -282.081451        0.000011
FIRE:  1523 05:06:11     -282.081451        0.000011
FIRE:  1524 05:06:12     -282.081451        0.000011
FIRE:  1525 05:06:12     -282.081451        0.000011
FIRE:  1526 05:06:12     -282.081451        0.000011
FIRE:  1527 05:06:12     -282.081451        0.000011
FIRE:  1528 05:06:12     -282.081451        0.000011
FIRE:  1529 05:06:12     -282.081451        0.000011
FIRE:  1530 05:06:12     -282.081451        0.000011
FIRE:  1531 05:06:12     -282.081451        0.000011
FIRE:  1532 05:06:12     -282.081451        0.000011
FIRE:  1533 05:06:13     -282.081451        0.000011
FIRE:  1534 05:06:13     -282.081451        0.000011
FIRE:  1535 05:06:13     -282.081451        0.000011
FIRE:  1536 05:06:13     -282.081451        0.000011
FIRE:  1537 05:06:13     -282.081451        0.000011
FIRE:  1538 05:06:13     -282.081451        0.000011
FIRE:  1539 05:06:13     -282.081451        0.000011
FIRE:  1540 05:06:13     -282.081451        0.000011
FIRE:  1541 05:06:13     -282.081451        0.000011
FIRE:  1542 05:06:14     -282.081451        0.000011
FIRE:  1543 05:06:14     -282.081451        0.000011
FIRE:  1544 05:06:14     -282.081451        0.000011
FIRE:  1545 05:06:14     -282.081451        0.000011
FIRE:  1546 05:06:14     -282.081451        0.000011
FIRE:  1547 05:06:14     -282.081451        0.000011
FIRE:  1548 05:06:14     -282.081451        0.000011
FIRE:  1549 05:06:14     -282.081451        0.000011
FIRE:  1550 05:06:14     -282.081451        0.000011
FIRE:  1551 05:06:15     -282.081451        0.000011
FIRE:  1552 05:06:15     -282.081451        0.000011
FIRE:  1553 05:06:15     -282.081451        0.000011
FIRE:  1554 05:06:15     -282.081451        0.000011
FIRE:  1555 05:06:15     -282.081451        0.000011
FIRE:  1556 05:06:15     -282.081451        0.000011
FIRE:  1557 05:06:15     -282.081451        0.000011
FIRE:  1558 05:06:15     -282.081451        0.000011
FIRE:  1559 05:06:15     -282.081451        0.000011
FIRE:  1560 05:06:16     -282.081451        0.000012
FIRE:  1561 05:06:16     -282.081451        0.000011
FIRE:  1562 05:06:16     -282.081451        0.000011
FIRE:  1563 05:06:16     -282.081451        0.000011
FIRE:  1564 05:06:16     -282.081451        0.000011
FIRE:  1565 05:06:16     -282.081451        0.000011
FIRE:  1566 05:06:16     -282.081451        0.000011
FIRE:  1567 05:06:16     -282.081451        0.000011
FIRE:  1568 05:06:16     -282.081451        0.000011
FIRE:  1569 05:06:17     -282.081451        0.000011
FIRE:  1570 05:06:17     -282.081451        0.000011
FIRE:  1571 05:06:17     -282.081451        0.000011
FIRE:  1572 05:06:17     -282.081451        0.000011
FIRE:  1573 05:06:17     -282.081451        0.000011
FIRE:  1574 05:06:17     -282.081451        0.000011
FIRE:  1575 05:06:17     -282.081451        0.000011
FIRE:  1576 05:06:17     -282.081451        0.000011
FIRE:  1577 05:06:17     -282.081482        0.000011
FIRE:  1578 05:06:18     -282.081451        0.000011
FIRE:  1579 05:06:18     -282.081451        0.000011
FIRE:  1580 05:06:18     -282.081451        0.000011
FIRE:  1581 05:06:18     -282.081451        0.000011
FIRE:  1582 05:06:18     -282.081451        0.000011
FIRE:  1583 05:06:18     -282.081451        0.000011
FIRE:  1584 05:06:18     -282.081451        0.000011
FIRE:  1585 05:06:18     -282.081451        0.000011
FIRE:  1586 05:06:18     -282.081451        0.000011
FIRE:  1587 05:06:19     -282.081451        0.000011
FIRE:  1588 05:06:19     -282.081451        0.000011
FIRE:  1589 05:06:19     -282.081451        0.000011
FIRE:  1590 05:06:19     -282.081451        0.000011
FIRE:  1591 05:06:19     -282.081451        0.000011
FIRE:  1592 05:06:19     -282.081451        0.000011
FIRE:  1593 05:06:19     -282.081451        0.000011
FIRE:  1594 05:06:19     -282.081451        0.000011
FIRE:  1595 05:06:19     -282.081451        0.000011
FIRE:  1596 05:06:20     -282.081451        0.000011
FIRE:  1597 05:06:20     -282.081451        0.000011
FIRE:  1598 05:06:20     -282.081451        0.000011
FIRE:  1599 05:06:20     -282.081451        0.000011
FIRE:  1600 05:06:20     -282.081451        0.000011
FIRE:  1601 05:06:20     -282.081451        0.000011
FIRE:  1602 05:06:20     -282.081451        0.000011
FIRE:  1603 05:06:20     -282.081451        0.000011
FIRE:  1604 05:06:20     -282.081451        0.000011
FIRE:  1605 05:06:21     -282.081451        0.000011
FIRE:  1606 05:06:21     -282.081451        0.000011
FIRE:  1607 05:06:21     -282.081451        0.000011
FIRE:  1608 05:06:21     -282.081451        0.000011
FIRE:  1609 05:06:21     -282.081451        0.000011
FIRE:  1610 05:06:21     -282.081451        0.000011
FIRE:  1611 05:06:21     -282.081451        0.000011
FIRE:  1612 05:06:21     -282.081451        0.000011
FIRE:  1613 05:06:21     -282.081451        0.000011
FIRE:  1614 05:06:22     -282.081451        0.000011
FIRE:  1615 05:06:22     -282.081451        0.000011
FIRE:  1616 05:06:22     -282.081451        0.000011
FIRE:  1617 05:06:22     -282.081451        0.000011
FIRE:  1618 05:06:22     -282.081451        0.000011
FIRE:  1619 05:06:22     -282.081451        0.000011
FIRE:  1620 05:06:22     -282.081451        0.000011
FIRE:  1621 05:06:22     -282.081451        0.000011
FIRE:  1622 05:06:22     -282.081451        0.000011
FIRE:  1623 05:06:23     -282.081451        0.000011
FIRE:  1624 05:06:23     -282.081451        0.000011
FIRE:  1625 05:06:23     -282.081451        0.000011
FIRE:  1626 05:06:23     -282.081451        0.000011
FIRE:  1627 05:06:23     -282.081451        0.000011
FIRE:  1628 05:06:23     -282.081451        0.000011
FIRE:  1629 05:06:23     -282.081451        0.000011
FIRE:  1630 05:06:23     -282.081451        0.000011
FIRE:  1631 05:06:23     -282.081451        0.000011
FIRE:  1632 05:06:24     -282.081451        0.000011
FIRE:  1633 05:06:24     -282.081451        0.000011
FIRE:  1634 05:06:24     -282.081451        0.000011
FIRE:  1635 05:06:24     -282.081451        0.000011
FIRE:  1636 05:06:24     -282.081451        0.000011
FIRE:  1637 05:06:24     -282.081451        0.000011
FIRE:  1638 05:06:24     -282.081451        0.000011
FIRE:  1639 05:06:24     -282.081451        0.000011
FIRE:  1640 05:06:24     -282.081451        0.000011
FIRE:  1641 05:06:25     -282.081451        0.000011
FIRE:  1642 05:06:25     -282.081451        0.000011
FIRE:  1643 05:06:25     -282.081451        0.000011
FIRE:  1644 05:06:25     -282.081451        0.000011
FIRE:  1645 05:06:25     -282.081451        0.000011
FIRE:  1646 05:06:25     -282.081451        0.000011
FIRE:  1647 05:06:25     -282.081451        0.000011
FIRE:  1648 05:06:25     -282.081451        0.000011
FIRE:  1649 05:06:25     -282.081451        0.000011
FIRE:  1650 05:06:26     -282.081451        0.000011
FIRE:  1651 05:06:26     -282.081451        0.000011
FIRE:  1652 05:06:26     -282.081451        0.000011
FIRE:  1653 05:06:26     -282.081451        0.000011
FIRE:  1654 05:06:26     -282.081451        0.000011
FIRE:  1655 05:06:26     -282.081451        0.000011
FIRE:  1656 05:06:26     -282.081451        0.000011
FIRE:  1657 05:06:26     -282.081451        0.000011
FIRE:  1658 05:06:26     -282.081451        0.000011
FIRE:  1659 05:06:27     -282.081451        0.000011
FIRE:  1660 05:06:27     -282.081451        0.000011
FIRE:  1661 05:06:27     -282.081451        0.000011
FIRE:  1662 05:06:27     -282.081451        0.000011
FIRE:  1663 05:06:27     -282.081451        0.000011
FIRE:  1664 05:06:27     -282.081451        0.000011
FIRE:  1665 05:06:27     -282.081451        0.000011
FIRE:  1666 05:06:27     -282.081451        0.000011
FIRE:  1667 05:06:27     -282.081451        0.000011
FIRE:  1668 05:06:28     -282.081451        0.000011
FIRE:  1669 05:06:28     -282.081451        0.000011
FIRE:  1670 05:06:28     -282.081451        0.000011
FIRE:  1671 05:06:28     -282.081451        0.000011
FIRE:  1672 05:06:28     -282.081451        0.000012
FIRE:  1673 05:06:28     -282.081451        0.000011
FIRE:  1674 05:06:28     -282.081451        0.000011
FIRE:  1675 05:06:28     -282.081451        0.000011
FIRE:  1676 05:06:28     -282.081451        0.000011
FIRE:  1677 05:06:29     -282.081451        0.000011
FIRE:  1678 05:06:29     -282.081451        0.000011
FIRE:  1679 05:06:29     -282.081451        0.000011
FIRE:  1680 05:06:29     -282.081451        0.000011
FIRE:  1681 05:06:29     -282.081451        0.000011
FIRE:  1682 05:06:29     -282.081451        0.000011
FIRE:  1683 05:06:29     -282.081451        0.000011
FIRE:  1684 05:06:29     -282.081451        0.000011
FIRE:  1685 05:06:29     -282.081451        0.000011
FIRE:  1686 05:06:30     -282.081451        0.000011
FIRE:  1687 05:06:30     -282.081451        0.000011
FIRE:  1688 05:06:30     -282.081451        0.000011
FIRE:  1689 05:06:30     -282.081451        0.000011
FIRE:  1690 05:06:30     -282.081451        0.000011
FIRE:  1691 05:06:30     -282.081451        0.000011
FIRE:  1692 05:06:30     -282.081451        0.000011
FIRE:  1693 05:06:30     -282.081451        0.000011
FIRE:  1694 05:06:30     -282.081451        0.000011
FIRE:  1695 05:06:31     -282.081451        0.000011
FIRE:  1696 05:06:31     -282.081451        0.000011
FIRE:  1697 05:06:31     -282.081451        0.000011
FIRE:  1698 05:06:31     -282.081451        0.000011
FIRE:  1699 05:06:31     -282.081451        0.000011
FIRE:  1700 05:06:31     -282.081451        0.000011
FIRE:  1701 05:06:31     -282.081451        0.000011
FIRE:  1702 05:06:31     -282.081451        0.000011
FIRE:  1703 05:06:31     -282.081451        0.000011
FIRE:  1704 05:06:32     -282.081451        0.000011
FIRE:  1705 05:06:32     -282.081451        0.000011
FIRE:  1706 05:06:32     -282.081451        0.000011
FIRE:  1707 05:06:32     -282.081451        0.000011
FIRE:  1708 05:06:32     -282.081451        0.000011
FIRE:  1709 05:06:32     -282.081451        0.000011
FIRE:  1710 05:06:32     -282.081451        0.000011
FIRE:  1711 05:06:32     -282.081451        0.000011
FIRE:  1712 05:06:32     -282.081451        0.000011
FIRE:  1713 05:06:33     -282.081451        0.000011
FIRE:  1714 05:06:33     -282.081451        0.000011
FIRE:  1715 05:06:33     -282.081451        0.000011
FIRE:  1716 05:06:33     -282.081451        0.000011
FIRE:  1717 05:06:33     -282.081451        0.000011
FIRE:  1718 05:06:33     -282.081451        0.000011
FIRE:  1719 05:06:33     -282.081451        0.000011
FIRE:  1720 05:06:33     -282.081451        0.000011
FIRE:  1721 05:06:33     -282.081451        0.000011
FIRE:  1722 05:06:34     -282.081451        0.000011
FIRE:  1723 05:06:34     -282.081451        0.000011
FIRE:  1724 05:06:34     -282.081451        0.000011
FIRE:  1725 05:06:34     -282.081451        0.000011
FIRE:  1726 05:06:34     -282.081451        0.000011
FIRE:  1727 05:06:34     -282.081451        0.000011
FIRE:  1728 05:06:34     -282.081451        0.000011
FIRE:  1729 05:06:34     -282.081451        0.000011
FIRE:  1730 05:06:34     -282.081451        0.000011
FIRE:  1731 05:06:35     -282.081451        0.000011
FIRE:  1732 05:06:35     -282.081451        0.000011
FIRE:  1733 05:06:35     -282.081451        0.000011
FIRE:  1734 05:06:35     -282.081451        0.000011
FIRE:  1735 05:06:35     -282.081451        0.000011
FIRE:  1736 05:06:35     -282.081451        0.000011
FIRE:  1737 05:06:35     -282.081451        0.000011
FIRE:  1738 05:06:35     -282.081451        0.000011
FIRE:  1739 05:06:35     -282.081451        0.000011
FIRE:  1740 05:06:36     -282.081451        0.000011
FIRE:  1741 05:06:36     -282.081451        0.000011
FIRE:  1742 05:06:36     -282.081451        0.000011
FIRE:  1743 05:06:36     -282.081451        0.000011
FIRE:  1744 05:06:36     -282.081451        0.000011
FIRE:  1745 05:06:36     -282.081451        0.000011
FIRE:  1746 05:06:36     -282.081451        0.000011
FIRE:  1747 05:06:36     -282.081451        0.000011
FIRE:  1748 05:06:37     -282.081451        0.000011
FIRE:  1749 05:06:37     -282.081451        0.000011
FIRE:  1750 05:06:37     -282.081451        0.000011
FIRE:  1751 05:06:37     -282.081451        0.000011
FIRE:  1752 05:06:37     -282.081451        0.000011
FIRE:  1753 05:06:37     -282.081451        0.000011
FIRE:  1754 05:06:37     -282.081451        0.000011
FIRE:  1755 05:06:37     -282.081451        0.000011
FIRE:  1756 05:06:37     -282.081451        0.000011
FIRE:  1757 05:06:38     -282.081451        0.000011
FIRE:  1758 05:06:38     -282.081451        0.000011
FIRE:  1759 05:06:38     -282.081451        0.000011
FIRE:  1760 05:06:38     -282.081451        0.000011
FIRE:  1761 05:06:38     -282.081451        0.000011
FIRE:  1762 05:06:38     -282.081451        0.000011
FIRE:  1763 05:06:38     -282.081451        0.000011
FIRE:  1764 05:06:38     -282.081451        0.000011
FIRE:  1765 05:06:38     -282.081451        0.000011
FIRE:  1766 05:06:39     -282.081451        0.000011
FIRE:  1767 05:06:39     -282.081451        0.000011
FIRE:  1768 05:06:39     -282.081451        0.000011
FIRE:  1769 05:06:39     -282.081451        0.000011
FIRE:  1770 05:06:39     -282.081451        0.000011
FIRE:  1771 05:06:39     -282.081451        0.000011
FIRE:  1772 05:06:39     -282.081451        0.000011
FIRE:  1773 05:06:39     -282.081451        0.000011
FIRE:  1774 05:06:39     -282.081451        0.000011
FIRE:  1775 05:06:40     -282.081451        0.000011
FIRE:  1776 05:06:40     -282.081451        0.000011
FIRE:  1777 05:06:40     -282.081451        0.000011
FIRE:  1778 05:06:40     -282.081451        0.000011
FIRE:  1779 05:06:40     -282.081451        0.000011
FIRE:  1780 05:06:40     -282.081451        0.000011
FIRE:  1781 05:06:40     -282.081451        0.000011
FIRE:  1782 05:06:40     -282.081451        0.000011
FIRE:  1783 05:06:40     -282.081451        0.000011
FIRE:  1784 05:06:41     -282.081451        0.000011
FIRE:  1785 05:06:41     -282.081451        0.000011
FIRE:  1786 05:06:41     -282.081451        0.000011
FIRE:  1787 05:06:41     -282.081451        0.000011
FIRE:  1788 05:06:41     -282.081451        0.000011
FIRE:  1789 05:06:41     -282.081451        0.000011
FIRE:  1790 05:06:41     -282.081451        0.000011
FIRE:  1791 05:06:41     -282.081451        0.000011
FIRE:  1792 05:06:41     -282.081451        0.000011
FIRE:  1793 05:06:42     -282.081451        0.000011
FIRE:  1794 05:06:42     -282.081451        0.000011
FIRE:  1795 05:06:42     -282.081451        0.000011
FIRE:  1796 05:06:42     -282.081451        0.000011
FIRE:  1797 05:06:42     -282.081451        0.000011
FIRE:  1798 05:06:42     -282.081451        0.000011
FIRE:  1799 05:06:42     -282.081451        0.000011
FIRE:  1800 05:06:42     -282.081451        0.000011
FIRE:  1801 05:06:42     -282.081451        0.000011
FIRE:  1802 05:06:43     -282.081451        0.000011
FIRE:  1803 05:06:43     -282.081451        0.000011
FIRE:  1804 05:06:43     -282.081451        0.000011
FIRE:  1805 05:06:43     -282.081451        0.000011
FIRE:  1806 05:06:43     -282.081451        0.000011
FIRE:  1807 05:06:43     -282.081451        0.000011
FIRE:  1808 05:06:43     -282.081451        0.000011
FIRE:  1809 05:06:43     -282.081451        0.000011
FIRE:  1810 05:06:43     -282.081451        0.000011
FIRE:  1811 05:06:44     -282.081451        0.000011
FIRE:  1812 05:06:44     -282.081451        0.000011
FIRE:  1813 05:06:44     -282.081451        0.000011
FIRE:  1814 05:06:44     -282.081451        0.000011
FIRE:  1815 05:06:44     -282.081451        0.000011
FIRE:  1816 05:06:44     -282.081451        0.000011
FIRE:  1817 05:06:44     -282.081451        0.000011
FIRE:  1818 05:06:44     -282.081451        0.000011
FIRE:  1819 05:06:44     -282.081451        0.000011
FIRE:  1820 05:06:45     -282.081451        0.000011
FIRE:  1821 05:06:45     -282.081451        0.000011
FIRE:  1822 05:06:45     -282.081451        0.000011
FIRE:  1823 05:06:45     -282.081451        0.000011
FIRE:  1824 05:06:45     -282.081451        0.000011
FIRE:  1825 05:06:45     -282.081451        0.000011
FIRE:  1826 05:06:45     -282.081451        0.000011
FIRE:  1827 05:06:45     -282.081451        0.000011
FIRE:  1828 05:06:45     -282.081451        0.000011
FIRE:  1829 05:06:46     -282.081451        0.000011
FIRE:  1830 05:06:46     -282.081451        0.000011
FIRE:  1831 05:06:46     -282.081451        0.000011
FIRE:  1832 05:06:46     -282.081451        0.000011
FIRE:  1833 05:06:46     -282.081451        0.000011
FIRE:  1834 05:06:46     -282.081451        0.000011
FIRE:  1835 05:06:46     -282.081451        0.000012
FIRE:  1836 05:06:46     -282.081451        0.000011
FIRE:  1837 05:06:46     -282.081451        0.000011
FIRE:  1838 05:06:47     -282.081451        0.000011
FIRE:  1839 05:06:47     -282.081451        0.000011
FIRE:  1840 05:06:47     -282.081451        0.000011
FIRE:  1841 05:06:47     -282.081451        0.000011
FIRE:  1842 05:06:47     -282.081451        0.000011
FIRE:  1843 05:06:47     -282.081451        0.000011
FIRE:  1844 05:06:47     -282.081451        0.000011
FIRE:  1845 05:06:47     -282.081451        0.000011
FIRE:  1846 05:06:47     -282.081451        0.000011
FIRE:  1847 05:06:48     -282.081451        0.000011
FIRE:  1848 05:06:48     -282.081451        0.000011
FIRE:  1849 05:06:48     -282.081451        0.000011
FIRE:  1850 05:06:48     -282.081451        0.000011
FIRE:  1851 05:06:48     -282.081451        0.000011
FIRE:  1852 05:06:48     -282.081451        0.000011
FIRE:  1853 05:06:48     -282.081451        0.000011
FIRE:  1854 05:06:48     -282.081451        0.000011
FIRE:  1855 05:06:48     -282.081451        0.000011
FIRE:  1856 05:06:49     -282.081451        0.000011
FIRE:  1857 05:06:49     -282.081451        0.000011
FIRE:  1858 05:06:49     -282.081451        0.000011
FIRE:  1859 05:06:49     -282.081451        0.000011
FIRE:  1860 05:06:49     -282.081451        0.000011
FIRE:  1861 05:06:49     -282.081451        0.000011
FIRE:  1862 05:06:49     -282.081451        0.000011
FIRE:  1863 05:06:49     -282.081451        0.000011
FIRE:  1864 05:06:49     -282.081451        0.000011
FIRE:  1865 05:06:50     -282.081451        0.000011
FIRE:  1866 05:06:50     -282.081451        0.000011
FIRE:  1867 05:06:50     -282.081451        0.000011
FIRE:  1868 05:06:50     -282.081451        0.000011
FIRE:  1869 05:06:50     -282.081451        0.000011
FIRE:  1870 05:06:50     -282.081451        0.000011
FIRE:  1871 05:06:50     -282.081451        0.000011
FIRE:  1872 05:06:50     -282.081451        0.000011
FIRE:  1873 05:06:50     -282.081451        0.000011
FIRE:  1874 05:06:51     -282.081451        0.000011
FIRE:  1875 05:06:51     -282.081451        0.000011
FIRE:  1876 05:06:51     -282.081451        0.000011
FIRE:  1877 05:06:51     -282.081451        0.000011
FIRE:  1878 05:06:51     -282.081451        0.000011
FIRE:  1879 05:06:51     -282.081451        0.000011
FIRE:  1880 05:06:51     -282.081451        0.000011
FIRE:  1881 05:06:51     -282.081451        0.000011
FIRE:  1882 05:06:51     -282.081451        0.000011
FIRE:  1883 05:06:52     -282.081451        0.000011
FIRE:  1884 05:06:52     -282.081451        0.000011
FIRE:  1885 05:06:52     -282.081451        0.000011
FIRE:  1886 05:06:52     -282.081451        0.000011
FIRE:  1887 05:06:52     -282.081451        0.000011
FIRE:  1888 05:06:52     -282.081451        0.000011
FIRE:  1889 05:06:52     -282.081451        0.000011
FIRE:  1890 05:06:52     -282.081451        0.000011
FIRE:  1891 05:06:52     -282.081451        0.000011
FIRE:  1892 05:06:53     -282.081451        0.000011
FIRE:  1893 05:06:53     -282.081451        0.000011
FIRE:  1894 05:06:53     -282.081451        0.000011
FIRE:  1895 05:06:53     -282.081451        0.000011
FIRE:  1896 05:06:53     -282.081451        0.000011
FIRE:  1897 05:06:53     -282.081451        0.000011
FIRE:  1898 05:06:53     -282.081451        0.000011
FIRE:  1899 05:06:53     -282.081451        0.000011
FIRE:  1900 05:06:53     -282.081451        0.000011
FIRE:  1901 05:06:54     -282.081451        0.000011
FIRE:  1902 05:06:54     -282.081451        0.000011
FIRE:  1903 05:06:54     -282.081451        0.000011
FIRE:  1904 05:06:54     -282.081451        0.000011
FIRE:  1905 05:06:54     -282.081451        0.000011
FIRE:  1906 05:06:54     -282.081451        0.000011
FIRE:  1907 05:06:54     -282.081451        0.000011
FIRE:  1908 05:06:54     -282.081451        0.000011
FIRE:  1909 05:06:54     -282.081451        0.000011
FIRE:  1910 05:06:55     -282.081451        0.000011
FIRE:  1911 05:06:55     -282.081451        0.000011
FIRE:  1912 05:06:55     -282.081451        0.000011
FIRE:  1913 05:06:55     -282.081451        0.000011
FIRE:  1914 05:06:55     -282.081451        0.000011
FIRE:  1915 05:06:55     -282.081451        0.000011
FIRE:  1916 05:06:55     -282.081451        0.000011
FIRE:  1917 05:06:55     -282.081451        0.000011
FIRE:  1918 05:06:55     -282.081451        0.000011
FIRE:  1919 05:06:56     -282.081451        0.000011
FIRE:  1920 05:06:56     -282.081451        0.000011
FIRE:  1921 05:06:56     -282.081451        0.000011
FIRE:  1922 05:06:56     -282.081451        0.000011
FIRE:  1923 05:06:56     -282.081451        0.000011
FIRE:  1924 05:06:56     -282.081451        0.000011
FIRE:  1925 05:06:56     -282.081451        0.000011
FIRE:  1926 05:06:56     -282.081451        0.000011
FIRE:  1927 05:06:56     -282.081451        0.000011
FIRE:  1928 05:06:57     -282.081451        0.000011
FIRE:  1929 05:06:57     -282.081451        0.000011
FIRE:  1930 05:06:57     -282.081451        0.000011
FIRE:  1931 05:06:57     -282.081451        0.000011
FIRE:  1932 05:06:57     -282.081451        0.000011
FIRE:  1933 05:06:57     -282.081451        0.000011
FIRE:  1934 05:06:57     -282.081451        0.000011
FIRE:  1935 05:06:57     -282.081451        0.000011
FIRE:  1936 05:06:57     -282.081451        0.000011
FIRE:  1937 05:06:58     -282.081451        0.000011
FIRE:  1938 05:06:58     -282.081451        0.000011
FIRE:  1939 05:06:58     -282.081451        0.000011
FIRE:  1940 05:06:58     -282.081451        0.000011
FIRE:  1941 05:06:58     -282.081451        0.000011
FIRE:  1942 05:06:58     -282.081451        0.000012
FIRE:  1943 05:06:58     -282.081451        0.000011
FIRE:  1944 05:06:58     -282.081451        0.000011
FIRE:  1945 05:06:58     -282.081451        0.000011
FIRE:  1946 05:06:59     -282.081451        0.000011
FIRE:  1947 05:06:59     -282.081451        0.000012
FIRE:  1948 05:06:59     -282.081451        0.000011
FIRE:  1949 05:06:59     -282.081451        0.000011
FIRE:  1950 05:06:59     -282.081451        0.000011
FIRE:  1951 05:06:59     -282.081451        0.000011
FIRE:  1952 05:06:59     -282.081451        0.000011
FIRE:  1953 05:06:59     -282.081451        0.000011
FIRE:  1954 05:06:59     -282.081451        0.000011
FIRE:  1955 05:07:00     -282.081451        0.000011
FIRE:  1956 05:07:00     -282.081451        0.000011
FIRE:  1957 05:07:00     -282.081451        0.000011
FIRE:  1958 05:07:00     -282.081451        0.000011
FIRE:  1959 05:07:00     -282.081451        0.000011
FIRE:  1960 05:07:00     -282.081451        0.000011
FIRE:  1961 05:07:00     -282.081451        0.000011
FIRE:  1962 05:07:00     -282.081451        0.000011
FIRE:  1963 05:07:00     -282.081451        0.000011
FIRE:  1964 05:07:01     -282.081451        0.000011
FIRE:  1965 05:07:01     -282.081451        0.000011
FIRE:  1966 05:07:01     -282.081451        0.000011
FIRE:  1967 05:07:01     -282.081451        0.000011
FIRE:  1968 05:07:01     -282.081451        0.000011
FIRE:  1969 05:07:01     -282.081451        0.000011
FIRE:  1970 05:07:01     -282.081451        0.000011
FIRE:  1971 05:07:01     -282.081451        0.000011
FIRE:  1972 05:07:01     -282.081451        0.000011
FIRE:  1973 05:07:02     -282.081451        0.000011
FIRE:  1974 05:07:02     -282.081451        0.000011
FIRE:  1975 05:07:02     -282.081451        0.000011
FIRE:  1976 05:07:02     -282.081451        0.000011
FIRE:  1977 05:07:02     -282.081451        0.000011
FIRE:  1978 05:07:02     -282.081451        0.000011
FIRE:  1979 05:07:02     -282.081451        0.000011
FIRE:  1980 05:07:02     -282.081451        0.000011
FIRE:  1981 05:07:02     -282.081451        0.000011
FIRE:  1982 05:07:03     -282.081451        0.000011
FIRE:  1983 05:07:03     -282.081451        0.000011
FIRE:  1984 05:07:03     -282.081451        0.000011
FIRE:  1985 05:07:03     -282.081451        0.000011
FIRE:  1986 05:07:03     -282.081451        0.000011
FIRE:  1987 05:07:03     -282.081451        0.000011
FIRE:  1988 05:07:03     -282.081451        0.000011
FIRE:  1989 05:07:03     -282.081451        0.000011
FIRE:  1990 05:07:03     -282.081451        0.000011
FIRE:  1991 05:07:04     -282.081451        0.000011
FIRE:  1992 05:07:04     -282.081451        0.000011
FIRE:  1993 05:07:04     -282.081451        0.000011
FIRE:  1994 05:07:04     -282.081451        0.000011
FIRE:  1995 05:07:04     -282.081451        0.000011
FIRE:  1996 05:07:04     -282.081451        0.000011
FIRE:  1997 05:07:04     -282.081451        0.000011
FIRE:  1998 05:07:04     -282.081451        0.000011
FIRE:  1999 05:07:04     -282.081451        0.000011
FIRE:  2000 05:07:05     -282.081451        0.000011
FIRE:  2001 05:07:05     -282.081451        0.000011
FIRE:  2002 05:07:05     -282.081451        0.000011
FIRE:  2003 05:07:05     -282.081451        0.000011
FIRE:  2004 05:07:05     -282.081451        0.000011
FIRE:  2005 05:07:05     -282.081451        0.000011
FIRE:  2006 05:07:05     -282.081451        0.000012
FIRE:  2007 05:07:05     -282.081451        0.000011
FIRE:  2008 05:07:05     -282.081451        0.000011
FIRE:  2009 05:07:06     -282.081451        0.000011
FIRE:  2010 05:07:06     -282.081451        0.000011
FIRE:  2011 05:07:06     -282.081451        0.000011
FIRE:  2012 05:07:06     -282.081451        0.000011
FIRE:  2013 05:07:06     -282.081451        0.000011
FIRE:  2014 05:07:06     -282.081451        0.000011
FIRE:  2015 05:07:06     -282.081451        0.000011
FIRE:  2016 05:07:06     -282.081451        0.000011
FIRE:  2017 05:07:06     -282.081451        0.000011
FIRE:  2018 05:07:07     -282.081451        0.000011
FIRE:  2019 05:07:07     -282.081451        0.000011
FIRE:  2020 05:07:07     -282.081451        0.000011
FIRE:  2021 05:07:07     -282.081451        0.000011
FIRE:  2022 05:07:07     -282.081451        0.000011
FIRE:  2023 05:07:07     -282.081451        0.000011
FIRE:  2024 05:07:07     -282.081451        0.000011
FIRE:  2025 05:07:07     -282.081451        0.000011
FIRE:  2026 05:07:07     -282.081451        0.000011
FIRE:  2027 05:07:08     -282.081451        0.000011
FIRE:  2028 05:07:08     -282.081451        0.000011
FIRE:  2029 05:07:08     -282.081451        0.000011
FIRE:  2030 05:07:08     -282.081451        0.000011
FIRE:  2031 05:07:08     -282.081451        0.000011
FIRE:  2032 05:07:08     -282.081451        0.000011
FIRE:  2033 05:07:08     -282.081451        0.000011
FIRE:  2034 05:07:08     -282.081451        0.000011
FIRE:  2035 05:07:09     -282.081451        0.000011
FIRE:  2036 05:07:09     -282.081451        0.000011
FIRE:  2037 05:07:09     -282.081451        0.000011
FIRE:  2038 05:07:09     -282.081451        0.000011
FIRE:  2039 05:07:09     -282.081451        0.000011
FIRE:  2040 05:07:09     -282.081451        0.000011
FIRE:  2041 05:07:09     -282.081451        0.000011
FIRE:  2042 05:07:09     -282.081451        0.000011
FIRE:  2043 05:07:09     -282.081451        0.000011
FIRE:  2044 05:07:10     -282.081451        0.000011
FIRE:  2045 05:07:10     -282.081451        0.000011
FIRE:  2046 05:07:10     -282.081451        0.000011
FIRE:  2047 05:07:10     -282.081451        0.000011
FIRE:  2048 05:07:10     -282.081451        0.000011
FIRE:  2049 05:07:10     -282.081451        0.000011
FIRE:  2050 05:07:10     -282.081451        0.000011
FIRE:  2051 05:07:10     -282.081451        0.000011
FIRE:  2052 05:07:10     -282.081451        0.000011
FIRE:  2053 05:07:11     -282.081451        0.000011
FIRE:  2054 05:07:11     -282.081451        0.000011
FIRE:  2055 05:07:11     -282.081451        0.000012
FIRE:  2056 05:07:11     -282.081451        0.000011
FIRE:  2057 05:07:11     -282.081451        0.000011
FIRE:  2058 05:07:11     -282.081451        0.000011
FIRE:  2059 05:07:11     -282.081451        0.000011
FIRE:  2060 05:07:11     -282.081451        0.000011
FIRE:  2061 05:07:11     -282.081451        0.000011
FIRE:  2062 05:07:12     -282.081451        0.000011
FIRE:  2063 05:07:12     -282.081451        0.000011
FIRE:  2064 05:07:12     -282.081451        0.000011
FIRE:  2065 05:07:12     -282.081451        0.000011
FIRE:  2066 05:07:12     -282.081451        0.000011
FIRE:  2067 05:07:12     -282.081451        0.000011
FIRE:  2068 05:07:12     -282.081451        0.000011
FIRE:  2069 05:07:12     -282.081451        0.000011
FIRE:  2070 05:07:12     -282.081451        0.000011
FIRE:  2071 05:07:13     -282.081451        0.000011
FIRE:  2072 05:07:13     -282.081451        0.000011
FIRE:  2073 05:07:13     -282.081451        0.000011
FIRE:  2074 05:07:13     -282.081451        0.000011
FIRE:  2075 05:07:13     -282.081451        0.000011
FIRE:  2076 05:07:13     -282.081451        0.000011
FIRE:  2077 05:07:13     -282.081451        0.000011
FIRE:  2078 05:07:13     -282.081451        0.000011
FIRE:  2079 05:07:13     -282.081451        0.000011
FIRE:  2080 05:07:14     -282.081451        0.000011
FIRE:  2081 05:07:14     -282.081451        0.000011
FIRE:  2082 05:07:14     -282.081451        0.000011
FIRE:  2083 05:07:14     -282.081451        0.000011
FIRE:  2084 05:07:14     -282.081451        0.000011
FIRE:  2085 05:07:14     -282.081451        0.000011
FIRE:  2086 05:07:14     -282.081451        0.000011
FIRE:  2087 05:07:14     -282.081451        0.000011
FIRE:  2088 05:07:14     -282.081451        0.000011
FIRE:  2089 05:07:15     -282.081451        0.000011
FIRE:  2090 05:07:15     -282.081451        0.000011
FIRE:  2091 05:07:15     -282.081451        0.000011
FIRE:  2092 05:07:15     -282.081451        0.000011
FIRE:  2093 05:07:15     -282.081451        0.000011
FIRE:  2094 05:07:15     -282.081451        0.000011
FIRE:  2095 05:07:15     -282.081451        0.000011
FIRE:  2096 05:07:15     -282.081451        0.000011
FIRE:  2097 05:07:15     -282.081451        0.000011
FIRE:  2098 05:07:16     -282.081451        0.000012
FIRE:  2099 05:07:16     -282.081451        0.000011
FIRE:  2100 05:07:16     -282.081451        0.000011
FIRE:  2101 05:07:16     -282.081451        0.000011
FIRE:  2102 05:07:16     -282.081451        0.000011
FIRE:  2103 05:07:16     -282.081451        0.000011
FIRE:  2104 05:07:16     -282.081451        0.000011
FIRE:  2105 05:07:16     -282.081451        0.000011
FIRE:  2106 05:07:16     -282.081451        0.000011
FIRE:  2107 05:07:17     -282.081451        0.000011
FIRE:  2108 05:07:17     -282.081451        0.000011
FIRE:  2109 05:07:17     -282.081451        0.000011
FIRE:  2110 05:07:17     -282.081451        0.000011
FIRE:  2111 05:07:17     -282.081451        0.000011
FIRE:  2112 05:07:17     -282.081451        0.000011
FIRE:  2113 05:07:17     -282.081451        0.000011
FIRE:  2114 05:07:17     -282.081451        0.000011
FIRE:  2115 05:07:17     -282.081451        0.000011
FIRE:  2116 05:07:18     -282.081451        0.000011
FIRE:  2117 05:07:18     -282.081451        0.000011
FIRE:  2118 05:07:18     -282.081451        0.000011
FIRE:  2119 05:07:18     -282.081451        0.000011
FIRE:  2120 05:07:18     -282.081451        0.000011
FIRE:  2121 05:07:18     -282.081451        0.000011
FIRE:  2122 05:07:18     -282.081451        0.000011
FIRE:  2123 05:07:18     -282.081451        0.000011
FIRE:  2124 05:07:18     -282.081451        0.000011
FIRE:  2125 05:07:19     -282.081451        0.000011
FIRE:  2126 05:07:19     -282.081451        0.000012
FIRE:  2127 05:07:19     -282.081451        0.000011
FIRE:  2128 05:07:19     -282.081451        0.000011
FIRE:  2129 05:07:19     -282.081451        0.000011
FIRE:  2130 05:07:19     -282.081451        0.000011
FIRE:  2131 05:07:19     -282.081451        0.000011
FIRE:  2132 05:07:19     -282.081451        0.000011
FIRE:  2133 05:07:19     -282.081451        0.000011
FIRE:  2134 05:07:20     -282.081451        0.000011
FIRE:  2135 05:07:20     -282.081451        0.000011
FIRE:  2136 05:07:20     -282.081451        0.000011
FIRE:  2137 05:07:20     -282.081451        0.000011
FIRE:  2138 05:07:20     -282.081451        0.000011
FIRE:  2139 05:07:20     -282.081451        0.000011
FIRE:  2140 05:07:20     -282.081451        0.000011
FIRE:  2141 05:07:20     -282.081451        0.000011
FIRE:  2142 05:07:20     -282.081451        0.000011
FIRE:  2143 05:07:21     -282.081451        0.000011
FIRE:  2144 05:07:21     -282.081451        0.000011
FIRE:  2145 05:07:21     -282.081451        0.000011
FIRE:  2146 05:07:21     -282.081451        0.000011
FIRE:  2147 05:07:21     -282.081451        0.000011
FIRE:  2148 05:07:21     -282.081451        0.000011
FIRE:  2149 05:07:21     -282.081451        0.000011
FIRE:  2150 05:07:21     -282.081451        0.000011
FIRE:  2151 05:07:21     -282.081451        0.000011
FIRE:  2152 05:07:22     -282.081451        0.000011
FIRE:  2153 05:07:22     -282.081451        0.000011
FIRE:  2154 05:07:22     -282.081451        0.000011
FIRE:  2155 05:07:22     -282.081451        0.000011
FIRE:  2156 05:07:22     -282.081451        0.000011
FIRE:  2157 05:07:22     -282.081451        0.000011
FIRE:  2158 05:07:22     -282.081451        0.000011
FIRE:  2159 05:07:22     -282.081451        0.000011
FIRE:  2160 05:07:22     -282.081451        0.000011
FIRE:  2161 05:07:23     -282.081451        0.000011
FIRE:  2162 05:07:23     -282.081451        0.000011
FIRE:  2163 05:07:23     -282.081451        0.000011
FIRE:  2164 05:07:23     -282.081451        0.000011
FIRE:  2165 05:07:23     -282.081451        0.000011
FIRE:  2166 05:07:23     -282.081451        0.000011
FIRE:  2167 05:07:23     -282.081451        0.000011
FIRE:  2168 05:07:23     -282.081451        0.000011
FIRE:  2169 05:07:23     -282.081451        0.000011
FIRE:  2170 05:07:24     -282.081451        0.000011
FIRE:  2171 05:07:24     -282.081451        0.000011
FIRE:  2172 05:07:24     -282.081451        0.000011
FIRE:  2173 05:07:24     -282.081451        0.000011
FIRE:  2174 05:07:24     -282.081451        0.000011
FIRE:  2175 05:07:24     -282.081451        0.000011
FIRE:  2176 05:07:24     -282.081451        0.000011
FIRE:  2177 05:07:24     -282.081451        0.000011
FIRE:  2178 05:07:24     -282.081451        0.000011
FIRE:  2179 05:07:25     -282.081451        0.000011
FIRE:  2180 05:07:25     -282.081451        0.000011
FIRE:  2181 05:07:25     -282.081451        0.000011
FIRE:  2182 05:07:25     -282.081451        0.000011
FIRE:  2183 05:07:25     -282.081451        0.000011
FIRE:  2184 05:07:25     -282.081451        0.000011
FIRE:  2185 05:07:25     -282.081451        0.000011
FIRE:  2186 05:07:25     -282.081451        0.000011
FIRE:  2187 05:07:25     -282.081482        0.000011
FIRE:  2188 05:07:26     -282.081451        0.000011
FIRE:  2189 05:07:26     -282.081451        0.000011
FIRE:  2190 05:07:26     -282.081451        0.000011
FIRE:  2191 05:07:26     -282.081451        0.000011
FIRE:  2192 05:07:26     -282.081451        0.000011
FIRE:  2193 05:07:26     -282.081451        0.000011
FIRE:  2194 05:07:26     -282.081451        0.000011
FIRE:  2195 05:07:26     -282.081451        0.000011
FIRE:  2196 05:07:26     -282.081451        0.000011
FIRE:  2197 05:07:27     -282.081451        0.000011
FIRE:  2198 05:07:27     -282.081451        0.000011
FIRE:  2199 05:07:27     -282.081451        0.000011
FIRE:  2200 05:07:27     -282.081451        0.000011
FIRE:  2201 05:07:27     -282.081451        0.000011
FIRE:  2202 05:07:27     -282.081451        0.000011
FIRE:  2203 05:07:27     -282.081451        0.000011
FIRE:  2204 05:07:27     -282.081451        0.000011
FIRE:  2205 05:07:27     -282.081451        0.000011
FIRE:  2206 05:07:28     -282.081451        0.000011
FIRE:  2207 05:07:28     -282.081451        0.000011
FIRE:  2208 05:07:28     -282.081451        0.000011
FIRE:  2209 05:07:28     -282.081451        0.000011
FIRE:  2210 05:07:28     -282.081451        0.000011
FIRE:  2211 05:07:28     -282.081451        0.000011
FIRE:  2212 05:07:28     -282.081451        0.000011
FIRE:  2213 05:07:28     -282.081451        0.000011
FIRE:  2214 05:07:28     -282.081451        0.000011
FIRE:  2215 05:07:29     -282.081451        0.000011
FIRE:  2216 05:07:29     -282.081451        0.000011
FIRE:  2217 05:07:29     -282.081451        0.000011
FIRE:  2218 05:07:29     -282.081451        0.000011
FIRE:  2219 05:07:29     -282.081451        0.000011
FIRE:  2220 05:07:29     -282.081451        0.000011
FIRE:  2221 05:07:29     -282.081451        0.000011
FIRE:  2222 05:07:29     -282.081451        0.000011
FIRE:  2223 05:07:29     -282.081451        0.000011
FIRE:  2224 05:07:30     -282.081451        0.000011
FIRE:  2225 05:07:30     -282.081451        0.000011
FIRE:  2226 05:07:30     -282.081451        0.000011
FIRE:  2227 05:07:30     -282.081451        0.000011
FIRE:  2228 05:07:30     -282.081451        0.000011
FIRE:  2229 05:07:30     -282.081451        0.000011
FIRE:  2230 05:07:30     -282.081451        0.000011
FIRE:  2231 05:07:30     -282.081451        0.000011
FIRE:  2232 05:07:30     -282.081451        0.000011
FIRE:  2233 05:07:31     -282.081451        0.000011
FIRE:  2234 05:07:31     -282.081451        0.000011
FIRE:  2235 05:07:31     -282.081451        0.000011
FIRE:  2236 05:07:31     -282.081451        0.000011
FIRE:  2237 05:07:31     -282.081451        0.000011
FIRE:  2238 05:07:31     -282.081451        0.000011
FIRE:  2239 05:07:31     -282.081451        0.000011
FIRE:  2240 05:07:31     -282.081451        0.000011
FIRE:  2241 05:07:31     -282.081451        0.000011
FIRE:  2242 05:07:32     -282.081451        0.000011
FIRE:  2243 05:07:32     -282.081451        0.000011
FIRE:  2244 05:07:32     -282.081451        0.000011
FIRE:  2245 05:07:32     -282.081451        0.000011
FIRE:  2246 05:07:32     -282.081451        0.000011
FIRE:  2247 05:07:32     -282.081451        0.000011
FIRE:  2248 05:07:32     -282.081451        0.000011
FIRE:  2249 05:07:32     -282.081451        0.000011
FIRE:  2250 05:07:32     -282.081451        0.000011
FIRE:  2251 05:07:33     -282.081451        0.000011
FIRE:  2252 05:07:33     -282.081451        0.000011
FIRE:  2253 05:07:33     -282.081451        0.000011
FIRE:  2254 05:07:33     -282.081451        0.000011
FIRE:  2255 05:07:33     -282.081451        0.000011
FIRE:  2256 05:07:33     -282.081451        0.000011
FIRE:  2257 05:07:33     -282.081451        0.000011
FIRE:  2258 05:07:33     -282.081451        0.000011
FIRE:  2259 05:07:33     -282.081451        0.000011
FIRE:  2260 05:07:34     -282.081451        0.000011
FIRE:  2261 05:07:34     -282.081451        0.000011
FIRE:  2262 05:07:34     -282.081451        0.000011
FIRE:  2263 05:07:34     -282.081451        0.000011
FIRE:  2264 05:07:34     -282.081451        0.000011
FIRE:  2265 05:07:34     -282.081451        0.000011
FIRE:  2266 05:07:34     -282.081451        0.000011
FIRE:  2267 05:07:34     -282.081451        0.000011
FIRE:  2268 05:07:34     -282.081451        0.000011
FIRE:  2269 05:07:35     -282.081451        0.000011
FIRE:  2270 05:07:35     -282.081451        0.000011
FIRE:  2271 05:07:35     -282.081451        0.000011
FIRE:  2272 05:07:35     -282.081451        0.000011
FIRE:  2273 05:07:35     -282.081451        0.000012
FIRE:  2274 05:07:35     -282.081451        0.000011
FIRE:  2275 05:07:35     -282.081451        0.000011
FIRE:  2276 05:07:35     -282.081451        0.000011
FIRE:  2277 05:07:35     -282.081451        0.000011
FIRE:  2278 05:07:36     -282.081451        0.000011
FIRE:  2279 05:07:36     -282.081451        0.000011
FIRE:  2280 05:07:36     -282.081451        0.000011
FIRE:  2281 05:07:36     -282.081451        0.000011
FIRE:  2282 05:07:36     -282.081451        0.000011
FIRE:  2283 05:07:36     -282.081451        0.000011
FIRE:  2284 05:07:36     -282.081451        0.000011
FIRE:  2285 05:07:36     -282.081451        0.000011
FIRE:  2286 05:07:36     -282.081451        0.000011
FIRE:  2287 05:07:37     -282.081451        0.000011
FIRE:  2288 05:07:37     -282.081451        0.000011
FIRE:  2289 05:07:37     -282.081451        0.000011
FIRE:  2290 05:07:37     -282.081451        0.000011
FIRE:  2291 05:07:37     -282.081451        0.000011
FIRE:  2292 05:07:37     -282.081451        0.000011
FIRE:  2293 05:07:37     -282.081451        0.000011
FIRE:  2294 05:07:37     -282.081451        0.000011
FIRE:  2295 05:07:38     -282.081451        0.000011
FIRE:  2296 05:07:38     -282.081451        0.000011
FIRE:  2297 05:07:38     -282.081451        0.000011
FIRE:  2298 05:07:38     -282.081451        0.000011
FIRE:  2299 05:07:38     -282.081451        0.000011
FIRE:  2300 05:07:38     -282.081451        0.000011
FIRE:  2301 05:07:38     -282.081451        0.000011
FIRE:  2302 05:07:38     -282.081451        0.000011
FIRE:  2303 05:07:38     -282.081451        0.000011
FIRE:  2304 05:07:39     -282.081451        0.000011
FIRE:  2305 05:07:39     -282.081451        0.000011
FIRE:  2306 05:07:39     -282.081451        0.000011
FIRE:  2307 05:07:39     -282.081451        0.000011
FIRE:  2308 05:07:39     -282.081451        0.000011
FIRE:  2309 05:07:39     -282.081451        0.000011
FIRE:  2310 05:07:39     -282.081451        0.000011
FIRE:  2311 05:07:39     -282.081451        0.000011
FIRE:  2312 05:07:39     -282.081451        0.000011
FIRE:  2313 05:07:40     -282.081451        0.000011
FIRE:  2314 05:07:40     -282.081451        0.000011
FIRE:  2315 05:07:40     -282.081451        0.000011
FIRE:  2316 05:07:40     -282.081451        0.000011
FIRE:  2317 05:07:40     -282.081451        0.000011
FIRE:  2318 05:07:40     -282.081451        0.000011
FIRE:  2319 05:07:40     -282.081451        0.000011
FIRE:  2320 05:07:40     -282.081451        0.000011
FIRE:  2321 05:07:40     -282.081451        0.000011
FIRE:  2322 05:07:41     -282.081451        0.000011
FIRE:  2323 05:07:41     -282.081451        0.000011
FIRE:  2324 05:07:41     -282.081451        0.000011
FIRE:  2325 05:07:41     -282.081451        0.000011
FIRE:  2326 05:07:41     -282.081451        0.000011
FIRE:  2327 05:07:41     -282.081451        0.000011
FIRE:  2328 05:07:41     -282.081451        0.000011
FIRE:  2329 05:07:41     -282.081451        0.000011
FIRE:  2330 05:07:41     -282.081451        0.000011
FIRE:  2331 05:07:42     -282.081451        0.000011
FIRE:  2332 05:07:42     -282.081451        0.000011
FIRE:  2333 05:07:42     -282.081451        0.000011
FIRE:  2334 05:07:42     -282.081451        0.000011
FIRE:  2335 05:07:42     -282.081451        0.000011
FIRE:  2336 05:07:42     -282.081451        0.000011
FIRE:  2337 05:07:42     -282.081451        0.000011
FIRE:  2338 05:07:42     -282.081451        0.000011
FIRE:  2339 05:07:42     -282.081451        0.000011
FIRE:  2340 05:07:43     -282.081451        0.000011
FIRE:  2341 05:07:43     -282.081451        0.000011
FIRE:  2342 05:07:43     -282.081451        0.000011
FIRE:  2343 05:07:43     -282.081451        0.000011
FIRE:  2344 05:07:43     -282.081451        0.000011
FIRE:  2345 05:07:43     -282.081451        0.000011
FIRE:  2346 05:07:43     -282.081451        0.000011
FIRE:  2347 05:07:43     -282.081451        0.000011
FIRE:  2348 05:07:43     -282.081451        0.000011
FIRE:  2349 05:07:44     -282.081451        0.000011
FIRE:  2350 05:07:44     -282.081451        0.000011
FIRE:  2351 05:07:44     -282.081451        0.000011
FIRE:  2352 05:07:44     -282.081451        0.000011
FIRE:  2353 05:07:44     -282.081451        0.000011
FIRE:  2354 05:07:44     -282.081451        0.000011
FIRE:  2355 05:07:44     -282.081451        0.000011
FIRE:  2356 05:07:44     -282.081451        0.000011
FIRE:  2357 05:07:44     -282.081451        0.000011
FIRE:  2358 05:07:45     -282.081451        0.000011
FIRE:  2359 05:07:45     -282.081451        0.000011
FIRE:  2360 05:07:45     -282.081451        0.000011
FIRE:  2361 05:07:45     -282.081451        0.000011
FIRE:  2362 05:07:45     -282.081451        0.000011
FIRE:  2363 05:07:45     -282.081451        0.000011
FIRE:  2364 05:07:45     -282.081451        0.000011
FIRE:  2365 05:07:45     -282.081451        0.000011
FIRE:  2366 05:07:45     -282.081451        0.000011
FIRE:  2367 05:07:46     -282.081451        0.000011
FIRE:  2368 05:07:46     -282.081451        0.000011
FIRE:  2369 05:07:46     -282.081451        0.000011
FIRE:  2370 05:07:46     -282.081451        0.000011
FIRE:  2371 05:07:46     -282.081451        0.000011
FIRE:  2372 05:07:46     -282.081451        0.000011
FIRE:  2373 05:07:46     -282.081451        0.000011
FIRE:  2374 05:07:46     -282.081451        0.000011
FIRE:  2375 05:07:46     -282.081451        0.000011
FIRE:  2376 05:07:47     -282.081451        0.000011
FIRE:  2377 05:07:47     -282.081451        0.000011
FIRE:  2378 05:07:47     -282.081451        0.000011
FIRE:  2379 05:07:47     -282.081451        0.000011
FIRE:  2380 05:07:47     -282.081451        0.000011
FIRE:  2381 05:07:47     -282.081451        0.000011
FIRE:  2382 05:07:47     -282.081451        0.000011
FIRE:  2383 05:07:47     -282.081451        0.000011
FIRE:  2384 05:07:47     -282.081451        0.000011
FIRE:  2385 05:07:48     -282.081451        0.000011
FIRE:  2386 05:07:48     -282.081451        0.000011
FIRE:  2387 05:07:48     -282.081451        0.000011
FIRE:  2388 05:07:48     -282.081451        0.000011
FIRE:  2389 05:07:48     -282.081451        0.000012
FIRE:  2390 05:07:48     -282.081451        0.000011
FIRE:  2391 05:07:48     -282.081451        0.000011
FIRE:  2392 05:07:48     -282.081451        0.000011
FIRE:  2393 05:07:48     -282.081451        0.000011
FIRE:  2394 05:07:49     -282.081451        0.000011
FIRE:  2395 05:07:49     -282.081451        0.000011
FIRE:  2396 05:07:49     -282.081451        0.000011
FIRE:  2397 05:07:49     -282.081451        0.000011
FIRE:  2398 05:07:49     -282.081451        0.000011
FIRE:  2399 05:07:49     -282.081451        0.000012
FIRE:  2400 05:07:49     -282.081451        0.000011
FIRE:  2401 05:07:49     -282.081451        0.000011
FIRE:  2402 05:07:49     -282.081451        0.000011
FIRE:  2403 05:07:50     -282.081451        0.000011
FIRE:  2404 05:07:50     -282.081451        0.000011
FIRE:  2405 05:07:50     -282.081451        0.000011
FIRE:  2406 05:07:50     -282.081451        0.000011
FIRE:  2407 05:07:50     -282.081451        0.000011
FIRE:  2408 05:07:50     -282.081451        0.000011
FIRE:  2409 05:07:50     -282.081451        0.000011
FIRE:  2410 05:07:50     -282.081451        0.000011
FIRE:  2411 05:07:50     -282.081451        0.000011
FIRE:  2412 05:07:51     -282.081451        0.000011
FIRE:  2413 05:07:51     -282.081451        0.000011
FIRE:  2414 05:07:51     -282.081451        0.000011
FIRE:  2415 05:07:51     -282.081451        0.000011
FIRE:  2416 05:07:51     -282.081451        0.000011
FIRE:  2417 05:07:51     -282.081451        0.000011
FIRE:  2418 05:07:51     -282.081451        0.000011
FIRE:  2419 05:07:51     -282.081451        0.000011
FIRE:  2420 05:07:51     -282.081451        0.000011
FIRE:  2421 05:07:52     -282.081451        0.000011
FIRE:  2422 05:07:52     -282.081451        0.000011
FIRE:  2423 05:07:52     -282.081451        0.000011
FIRE:  2424 05:07:52     -282.081451        0.000011
FIRE:  2425 05:07:52     -282.081451        0.000011
FIRE:  2426 05:07:52     -282.081451        0.000011
FIRE:  2427 05:07:52     -282.081451        0.000011
FIRE:  2428 05:07:52     -282.081451        0.000011
FIRE:  2429 05:07:52     -282.081451        0.000011
FIRE:  2430 05:07:53     -282.081451        0.000011
FIRE:  2431 05:07:53     -282.081451        0.000011
FIRE:  2432 05:07:53     -282.081451        0.000011
FIRE:  2433 05:07:53     -282.081451        0.000011
FIRE:  2434 05:07:53     -282.081451        0.000011
FIRE:  2435 05:07:53     -282.081451        0.000011
FIRE:  2436 05:07:53     -282.081451        0.000011
FIRE:  2437 05:07:53     -282.081451        0.000011
FIRE:  2438 05:07:53     -282.081451        0.000011
FIRE:  2439 05:07:54     -282.081451        0.000011
FIRE:  2440 05:07:54     -282.081451        0.000011
FIRE:  2441 05:07:54     -282.081451        0.000011
FIRE:  2442 05:07:54     -282.081451        0.000011
FIRE:  2443 05:07:54     -282.081451        0.000011
FIRE:  2444 05:07:54     -282.081451        0.000011
FIRE:  2445 05:07:54     -282.081451        0.000011
FIRE:  2446 05:07:54     -282.081451        0.000011
FIRE:  2447 05:07:54     -282.081451        0.000011
FIRE:  2448 05:07:55     -282.081451        0.000011
FIRE:  2449 05:07:55     -282.081451        0.000011
FIRE:  2450 05:07:55     -282.081451        0.000011
FIRE:  2451 05:07:55     -282.081451        0.000011
FIRE:  2452 05:07:55     -282.081451        0.000011
FIRE:  2453 05:07:55     -282.081451        0.000011
FIRE:  2454 05:07:55     -282.081451        0.000011
FIRE:  2455 05:07:55     -282.081451        0.000011
FIRE:  2456 05:07:55     -282.081451        0.000011
FIRE:  2457 05:07:56     -282.081451        0.000011
FIRE:  2458 05:07:56     -282.081451        0.000011
FIRE:  2459 05:07:56     -282.081451        0.000011
FIRE:  2460 05:07:56     -282.081451        0.000011
FIRE:  2461 05:07:56     -282.081451        0.000011
FIRE:  2462 05:07:56     -282.081451        0.000011
FIRE:  2463 05:07:56     -282.081451        0.000011
FIRE:  2464 05:07:56     -282.081451        0.000011
FIRE:  2465 05:07:56     -282.081451        0.000011
FIRE:  2466 05:07:57     -282.081451        0.000011
FIRE:  2467 05:07:57     -282.081451        0.000011
FIRE:  2468 05:07:57     -282.081451        0.000011
FIRE:  2469 05:07:57     -282.081451        0.000011
FIRE:  2470 05:07:57     -282.081451        0.000011
FIRE:  2471 05:07:57     -282.081451        0.000011
FIRE:  2472 05:07:57     -282.081451        0.000011
FIRE:  2473 05:07:57     -282.081451        0.000011
FIRE:  2474 05:07:57     -282.081451        0.000011
FIRE:  2475 05:07:58     -282.081451        0.000011
FIRE:  2476 05:07:58     -282.081451        0.000011
FIRE:  2477 05:07:58     -282.081451        0.000011
FIRE:  2478 05:07:58     -282.081451        0.000011
FIRE:  2479 05:07:58     -282.081451        0.000011
FIRE:  2480 05:07:58     -282.081451        0.000011
FIRE:  2481 05:07:58     -282.081451        0.000011
FIRE:  2482 05:07:58     -282.081451        0.000011
FIRE:  2483 05:07:58     -282.081451        0.000011
FIRE:  2484 05:07:59     -282.081451        0.000011
FIRE:  2485 05:07:59     -282.081451        0.000011
FIRE:  2486 05:07:59     -282.081451        0.000011
FIRE:  2487 05:07:59     -282.081451        0.000011
FIRE:  2488 05:07:59     -282.081451        0.000011
FIRE:  2489 05:07:59     -282.081451        0.000011
FIRE:  2490 05:07:59     -282.081451        0.000011
FIRE:  2491 05:07:59     -282.081451        0.000011
FIRE:  2492 05:07:59     -282.081451        0.000011
FIRE:  2493 05:08:00     -282.081451        0.000011
FIRE:  2494 05:08:00     -282.081451        0.000011
FIRE:  2495 05:08:00     -282.081451        0.000011
FIRE:  2496 05:08:00     -282.081451        0.000011
FIRE:  2497 05:08:00     -282.081451        0.000011
FIRE:  2498 05:08:00     -282.081451        0.000011
FIRE:  2499 05:08:00     -282.081451        0.000011
FIRE:  2500 05:08:00     -282.081451        0.000011
      Step     Time          Energy          fmax
FIRE:    0 05:08:01     -282.081451        0.000011
FIRE:    1 05:08:01     -282.081451        0.000011
FIRE:    2 05:08:01     -282.081451        0.000011
FIRE:    3 05:08:01     -282.081451        0.000011
FIRE:    4 05:08:01     -282.081451        0.000011
FIRE:    5 05:08:01     -282.081451        0.000011
FIRE:    6 05:08:01     -282.081451        0.000011
FIRE:    7 05:08:01     -282.081451        0.000011
FIRE:    8 05:08:01     -282.081451        0.000011
FIRE:    9 05:08:02     -282.081451        0.000011
FIRE:   10 05:08:02     -282.081451        0.000011
FIRE:   11 05:08:02     -282.081451        0.000011
FIRE:   12 05:08:02     -282.081451        0.000011
FIRE:   13 05:08:02     -282.081451        0.000011
FIRE:   14 05:08:02     -282.081451        0.000011
FIRE:   15 05:08:02     -282.081451        0.000011
FIRE:   16 05:08:02     -282.081451        0.000011
FIRE:   17 05:08:02     -282.081451        0.000011
FIRE:   18 05:08:03     -282.081451        0.000011
FIRE:   19 05:08:03     -282.081451        0.000011
FIRE:   20 05:08:03     -282.081451        0.000011
FIRE:   21 05:08:03     -282.081451        0.000011
FIRE:   22 05:08:03     -282.081451        0.000011
FIRE:   23 05:08:03     -282.081451        0.000011
FIRE:   24 05:08:03     -282.081451        0.000011
FIRE:   25 05:08:03     -282.081451        0.000011
FIRE:   26 05:08:03     -282.081451        0.000011
FIRE:   27 05:08:04     -282.081451        0.000011
FIRE:   28 05:08:04     -282.081451        0.000011
FIRE:   29 05:08:04     -282.081451        0.000011
FIRE:   30 05:08:04     -282.081451        0.000011
FIRE:   31 05:08:04     -282.081451        0.000011
FIRE:   32 05:08:04     -282.081451        0.000011
FIRE:   33 05:08:04     -282.081451        0.000011
FIRE:   34 05:08:04     -282.081451        0.000011
FIRE:   35 05:08:04     -282.081451        0.000011
FIRE:   36 05:08:05     -282.081451        0.000011
FIRE:   37 05:08:05     -282.081451        0.000011
FIRE:   38 05:08:05     -282.081451        0.000011
FIRE:   39 05:08:05     -282.081451        0.000011
FIRE:   40 05:08:05     -282.081451        0.000011
FIRE:   41 05:08:05     -282.081451        0.000011
FIRE:   42 05:08:05     -282.081451        0.000011
FIRE:   43 05:08:05     -282.081451        0.000011
FIRE:   44 05:08:05     -282.081451        0.000011
FIRE:   45 05:08:06     -282.081451        0.000011
FIRE:   46 05:08:06     -282.081451        0.000011
FIRE:   47 05:08:06     -282.081451        0.000011
FIRE:   48 05:08:06     -282.081451        0.000011
FIRE:   49 05:08:06     -282.081451        0.000011
FIRE:   50 05:08:06     -282.081451        0.000011
FIRE:   51 05:08:06     -282.081451        0.000011
FIRE:   52 05:08:06     -282.081451        0.000011
FIRE:   53 05:08:06     -282.081451        0.000011
FIRE:   54 05:08:07     -282.081451        0.000011
FIRE:   55 05:08:07     -282.081451        0.000011
FIRE:   56 05:08:07     -282.081451        0.000011
FIRE:   57 05:08:07     -282.081451        0.000011
FIRE:   58 05:08:07     -282.081451        0.000011
FIRE:   59 05:08:07     -282.081451        0.000011
FIRE:   60 05:08:07     -282.081451        0.000011
FIRE:   61 05:08:07     -282.081451        0.000011
FIRE:   62 05:08:07     -282.081451        0.000011
FIRE:   63 05:08:08     -282.081451        0.000011
FIRE:   64 05:08:08     -282.081451        0.000011
FIRE:   65 05:08:08     -282.081451        0.000011
FIRE:   66 05:08:08     -282.081451        0.000011
FIRE:   67 05:08:08     -282.081451        0.000011
FIRE:   68 05:08:08     -282.081451        0.000011
FIRE:   69 05:08:08     -282.081451        0.000011
FIRE:   70 05:08:08     -282.081451        0.000011
FIRE:   71 05:08:08     -282.081451        0.000011
FIRE:   72 05:08:09     -282.081451        0.000011
FIRE:   73 05:08:09     -282.081451        0.000011
FIRE:   74 05:08:09     -282.081451        0.000011
FIRE:   75 05:08:09     -282.081451        0.000011
FIRE:   76 05:08:09     -282.081451        0.000011
FIRE:   77 05:08:09     -282.081451        0.000011
FIRE:   78 05:08:09     -282.081451        0.000011
FIRE:   79 05:08:09     -282.081451        0.000011
FIRE:   80 05:08:09     -282.081451        0.000011
FIRE:   81 05:08:10     -282.081451        0.000011
FIRE:   82 05:08:10     -282.081451        0.000011
FIRE:   83 05:08:10     -282.081451        0.000011
FIRE:   84 05:08:10     -282.081451        0.000011
FIRE:   85 05:08:10     -282.081451        0.000011
FIRE:   86 05:08:10     -282.081451        0.000011
FIRE:   87 05:08:10     -282.081451        0.000011
FIRE:   88 05:08:10     -282.081451        0.000011
FIRE:   89 05:08:10     -282.081451        0.000011
FIRE:   90 05:08:11     -282.081451        0.000011
FIRE:   91 05:08:11     -282.081451        0.000011
FIRE:   92 05:08:11     -282.081451        0.000011
FIRE:   93 05:08:11     -282.081451        0.000011
FIRE:   94 05:08:11     -282.081451        0.000011
FIRE:   95 05:08:11     -282.081451        0.000011
FIRE:   96 05:08:11     -282.081451        0.000011
FIRE:   97 05:08:11     -282.081451        0.000011
FIRE:   98 05:08:11     -282.081451        0.000011
FIRE:   99 05:08:12     -282.081451        0.000011
FIRE:  100 05:08:12     -282.081451        0.000011
FIRE:  101 05:08:12     -282.081451        0.000011
FIRE:  102 05:08:12     -282.081451        0.000011
FIRE:  103 05:08:12     -282.081451        0.000011
FIRE:  104 05:08:12     -282.081451        0.000011
FIRE:  105 05:08:12     -282.081451        0.000011
FIRE:  106 05:08:12     -282.081451        0.000011
FIRE:  107 05:08:12     -282.081451        0.000011
FIRE:  108 05:08:13     -282.081451        0.000011
FIRE:  109 05:08:13     -282.081451        0.000011
FIRE:  110 05:08:13     -282.081451        0.000011
FIRE:  111 05:08:13     -282.081451        0.000011
FIRE:  112 05:08:13     -282.081451        0.000011
FIRE:  113 05:08:13     -282.081451        0.000011
FIRE:  114 05:08:13     -282.081451        0.000011
FIRE:  115 05:08:13     -282.081451        0.000011
FIRE:  116 05:08:13     -282.081451        0.000011
FIRE:  117 05:08:14     -282.081451        0.000011
FIRE:  118 05:08:14     -282.081451        0.000011
FIRE:  119 05:08:14     -282.081451        0.000011
FIRE:  120 05:08:14     -282.081451        0.000011
FIRE:  121 05:08:14     -282.081451        0.000011
FIRE:  122 05:08:14     -282.081451        0.000011
FIRE:  123 05:08:14     -282.081451        0.000011
FIRE:  124 05:08:14     -282.081451        0.000011
FIRE:  125 05:08:14     -282.081451        0.000011
FIRE:  126 05:08:15     -282.081451        0.000011
FIRE:  127 05:08:15     -282.081451        0.000011
FIRE:  128 05:08:15     -282.081451        0.000011
FIRE:  129 05:08:15     -282.081451        0.000011
FIRE:  130 05:08:15     -282.081451        0.000011
FIRE:  131 05:08:15     -282.081451        0.000011
FIRE:  132 05:08:15     -282.081451        0.000011
FIRE:  133 05:08:15     -282.081451        0.000011
FIRE:  134 05:08:15     -282.081451        0.000011
FIRE:  135 05:08:16     -282.081451        0.000011
FIRE:  136 05:08:16     -282.081451        0.000011
FIRE:  137 05:08:16     -282.081451        0.000011
FIRE:  138 05:08:16     -282.081451        0.000011
FIRE:  139 05:08:16     -282.081451        0.000011
FIRE:  140 05:08:16     -282.081451        0.000011
FIRE:  141 05:08:16     -282.081451        0.000011
FIRE:  142 05:08:16     -282.081451        0.000011
FIRE:  143 05:08:17     -282.081451        0.000011
FIRE:  144 05:08:17     -282.081451        0.000011
FIRE:  145 05:08:17     -282.081451        0.000011
FIRE:  146 05:08:17     -282.081451        0.000011
FIRE:  147 05:08:17     -282.081451        0.000011
FIRE:  148 05:08:17     -282.081451        0.000011
FIRE:  149 05:08:17     -282.081451        0.000011
FIRE:  150 05:08:17     -282.081451        0.000011
FIRE:  151 05:08:17     -282.081451        0.000011
FIRE:  152 05:08:18     -282.081451        0.000011
FIRE:  153 05:08:18     -282.081451        0.000011
FIRE:  154 05:08:18     -282.081451        0.000011
FIRE:  155 05:08:18     -282.081451        0.000011
FIRE:  156 05:08:18     -282.081451        0.000011
FIRE:  157 05:08:18     -282.081451        0.000011
FIRE:  158 05:08:18     -282.081451        0.000011
FIRE:  159 05:08:18     -282.081451        0.000011
FIRE:  160 05:08:18     -282.081451        0.000011
FIRE:  161 05:08:19     -282.081451        0.000011
FIRE:  162 05:08:19     -282.081451        0.000011
FIRE:  163 05:08:19     -282.081451        0.000011
FIRE:  164 05:08:19     -282.081451        0.000011
FIRE:  165 05:08:19     -282.081451        0.000011
FIRE:  166 05:08:19     -282.081451        0.000011
FIRE:  167 05:08:19     -282.081451        0.000011
FIRE:  168 05:08:19     -282.081451        0.000011
FIRE:  169 05:08:19     -282.081451        0.000011
FIRE:  170 05:08:20     -282.081451        0.000011
FIRE:  171 05:08:20     -282.081451        0.000011
FIRE:  172 05:08:20     -282.081451        0.000011
FIRE:  173 05:08:20     -282.081451        0.000011
FIRE:  174 05:08:20     -282.081451        0.000011
FIRE:  175 05:08:20     -282.081451        0.000011
FIRE:  176 05:08:20     -282.081451        0.000011
FIRE:  177 05:08:20     -282.081451        0.000011
FIRE:  178 05:08:20     -282.081451        0.000011
FIRE:  179 05:08:21     -282.081451        0.000011
FIRE:  180 05:08:21     -282.081451        0.000011
FIRE:  181 05:08:21     -282.081451        0.000011
FIRE:  182 05:08:21     -282.081451        0.000011
FIRE:  183 05:08:21     -282.081451        0.000011
FIRE:  184 05:08:21     -282.081451        0.000011
FIRE:  185 05:08:21     -282.081451        0.000011
FIRE:  186 05:08:21     -282.081451        0.000011
FIRE:  187 05:08:21     -282.081451        0.000011
FIRE:  188 05:08:22     -282.081451        0.000011
FIRE:  189 05:08:22     -282.081451        0.000011
FIRE:  190 05:08:22     -282.081451        0.000011
FIRE:  191 05:08:22     -282.081451        0.000011
FIRE:  192 05:08:22     -282.081451        0.000011
FIRE:  193 05:08:22     -282.081451        0.000011
FIRE:  194 05:08:22     -282.081451        0.000011
FIRE:  195 05:08:22     -282.081451        0.000011
FIRE:  196 05:08:22     -282.081451        0.000011
FIRE:  197 05:08:23     -282.081451        0.000011
FIRE:  198 05:08:23     -282.081451        0.000011
FIRE:  199 05:08:23     -282.081451        0.000011
FIRE:  200 05:08:23     -282.081451        0.000011
FIRE:  201 05:08:23     -282.081451        0.000011
FIRE:  202 05:08:23     -282.081451        0.000011
FIRE:  203 05:08:23     -282.081451        0.000011
FIRE:  204 05:08:23     -282.081451        0.000011
FIRE:  205 05:08:23     -282.081451        0.000011
FIRE:  206 05:08:24     -282.081451        0.000011
FIRE:  207 05:08:24     -282.081451        0.000011
FIRE:  208 05:08:24     -282.081451        0.000011
FIRE:  209 05:08:24     -282.081451        0.000011
FIRE:  210 05:08:24     -282.081451        0.000011
FIRE:  211 05:08:24     -282.081451        0.000011
FIRE:  212 05:08:24     -282.081451        0.000011
FIRE:  213 05:08:24     -282.081451        0.000011
FIRE:  214 05:08:24     -282.081451        0.000011
FIRE:  215 05:08:25     -282.081451        0.000011
FIRE:  216 05:08:25     -282.081451        0.000011
FIRE:  217 05:08:25     -282.081451        0.000011
FIRE:  218 05:08:25     -282.081451        0.000011
FIRE:  219 05:08:25     -282.081451        0.000011
FIRE:  220 05:08:25     -282.081451        0.000011
FIRE:  221 05:08:25     -282.081451        0.000011
FIRE:  222 05:08:25     -282.081451        0.000012
FIRE:  223 05:08:25     -282.081451        0.000011
FIRE:  224 05:08:26     -282.081451        0.000011
FIRE:  225 05:08:26     -282.081451        0.000011
FIRE:  226 05:08:26     -282.081451        0.000011
FIRE:  227 05:08:26     -282.081451        0.000011
FIRE:  228 05:08:26     -282.081451        0.000011
FIRE:  229 05:08:26     -282.081451        0.000011
FIRE:  230 05:08:26     -282.081451        0.000011
FIRE:  231 05:08:26     -282.081451        0.000011
FIRE:  232 05:08:26     -282.081451        0.000011
FIRE:  233 05:08:27     -282.081451        0.000011
FIRE:  234 05:08:27     -282.081451        0.000011
FIRE:  235 05:08:27     -282.081451        0.000011
FIRE:  236 05:08:27     -282.081451        0.000011
FIRE:  237 05:08:27     -282.081451        0.000011
FIRE:  238 05:08:27     -282.081451        0.000011
FIRE:  239 05:08:27     -282.081451        0.000011
FIRE:  240 05:08:27     -282.081451        0.000011
FIRE:  241 05:08:27     -282.081451        0.000011
FIRE:  242 05:08:28     -282.081451        0.000011
FIRE:  243 05:08:28     -282.081451        0.000011
FIRE:  244 05:08:28     -282.081451        0.000011
FIRE:  245 05:08:28     -282.081451        0.000011
FIRE:  246 05:08:28     -282.081451        0.000011
FIRE:  247 05:08:28     -282.081451        0.000011
FIRE:  248 05:08:28     -282.081451        0.000011
FIRE:  249 05:08:28     -282.081451        0.000011
FIRE:  250 05:08:28     -282.081451        0.000011
FIRE:  251 05:08:29     -282.081451        0.000011
FIRE:  252 05:08:29     -282.081451        0.000011
FIRE:  253 05:08:29     -282.081451        0.000011
FIRE:  254 05:08:29     -282.081451        0.000011
FIRE:  255 05:08:29     -282.081451        0.000011
FIRE:  256 05:08:29     -282.081451        0.000011
FIRE:  257 05:08:29     -282.081451        0.000011
FIRE:  258 05:08:29     -282.081451        0.000011
FIRE:  259 05:08:30     -282.081451        0.000011
FIRE:  260 05:08:30     -282.081451        0.000011
FIRE:  261 05:08:30     -282.081451        0.000012
FIRE:  262 05:08:30     -282.081451        0.000011
FIRE:  263 05:08:30     -282.081451        0.000011
FIRE:  264 05:08:30     -282.081451        0.000011
FIRE:  265 05:08:30     -282.081451        0.000011
FIRE:  266 05:08:30     -282.081451        0.000011
FIRE:  267 05:08:31     -282.081451        0.000011
FIRE:  268 05:08:31     -282.081451        0.000011
FIRE:  269 05:08:31     -282.081451        0.000011
FIRE:  270 05:08:31     -282.081451        0.000011
FIRE:  271 05:08:31     -282.081451        0.000011
FIRE:  272 05:08:31     -282.081451        0.000011
FIRE:  273 05:08:31     -282.081451        0.000011
FIRE:  274 05:08:31     -282.081451        0.000011
FIRE:  275 05:08:31     -282.081451        0.000011
FIRE:  276 05:08:32     -282.081451        0.000011
FIRE:  277 05:08:32     -282.081451        0.000011
FIRE:  278 05:08:32     -282.081451        0.000011
FIRE:  279 05:08:32     -282.081451        0.000011
FIRE:  280 05:08:32     -282.081451        0.000011
FIRE:  281 05:08:32     -282.081451        0.000011
FIRE:  282 05:08:32     -282.081451        0.000011
FIRE:  283 05:08:32     -282.081451        0.000011
FIRE:  284 05:08:33     -282.081451        0.000011
FIRE:  285 05:08:33     -282.081451        0.000011
FIRE:  286 05:08:33     -282.081451        0.000011
FIRE:  287 05:08:33     -282.081451        0.000011
FIRE:  288 05:08:33     -282.081451        0.000011
FIRE:  289 05:08:33     -282.081451        0.000011
FIRE:  290 05:08:33     -282.081451        0.000011
FIRE:  291 05:08:33     -282.081451        0.000011
FIRE:  292 05:08:33     -282.081451        0.000011
FIRE:  293 05:08:34     -282.081451        0.000011
FIRE:  294 05:08:34     -282.081451        0.000011
FIRE:  295 05:08:34     -282.081451        0.000011
FIRE:  296 05:08:34     -282.081451        0.000011
FIRE:  297 05:08:34     -282.081451        0.000011
FIRE:  298 05:08:34     -282.081451        0.000011
FIRE:  299 05:08:34     -282.081451        0.000011
FIRE:  300 05:08:34     -282.081451        0.000011
FIRE:  301 05:08:35     -282.081451        0.000011
FIRE:  302 05:08:35     -282.081451        0.000011
FIRE:  303 05:08:35     -282.081451        0.000011
FIRE:  304 05:08:35     -282.081451        0.000011
FIRE:  305 05:08:35     -282.081451        0.000011
FIRE:  306 05:08:35     -282.081451        0.000011
FIRE:  307 05:08:35     -282.081451        0.000011
FIRE:  308 05:08:35     -282.081451        0.000011
FIRE:  309 05:08:36     -282.081451        0.000011
FIRE:  310 05:08:36     -282.081451        0.000011
FIRE:  311 05:08:36     -282.081451        0.000011
FIRE:  312 05:08:36     -282.081451        0.000011
FIRE:  313 05:08:36     -282.081451        0.000011
FIRE:  314 05:08:36     -282.081451        0.000011
FIRE:  315 05:08:36     -282.081451        0.000011
FIRE:  316 05:08:36     -282.081451        0.000011
FIRE:  317 05:08:36     -282.081451        0.000011
FIRE:  318 05:08:37     -282.081451        0.000011
FIRE:  319 05:08:37     -282.081451        0.000011
FIRE:  320 05:08:37     -282.081451        0.000011
FIRE:  321 05:08:37     -282.081451        0.000011
FIRE:  322 05:08:37     -282.081451        0.000011
FIRE:  323 05:08:37     -282.081451        0.000011
FIRE:  324 05:08:37     -282.081451        0.000011
FIRE:  325 05:08:37     -282.081451        0.000011
FIRE:  326 05:08:38     -282.081451        0.000011
FIRE:  327 05:08:38     -282.081451        0.000011
FIRE:  328 05:08:38     -282.081451        0.000011
FIRE:  329 05:08:38     -282.081451        0.000011
FIRE:  330 05:08:38     -282.081451        0.000011
FIRE:  331 05:08:38     -282.081451        0.000011
FIRE:  332 05:08:38     -282.081451        0.000011
FIRE:  333 05:08:38     -282.081451        0.000011
FIRE:  334 05:08:38     -282.081451        0.000011
FIRE:  335 05:08:39     -282.081451        0.000011
FIRE:  336 05:08:39     -282.081451        0.000011
FIRE:  337 05:08:39     -282.081451        0.000011
FIRE:  338 05:08:39     -282.081451        0.000011
FIRE:  339 05:08:39     -282.081451        0.000011
FIRE:  340 05:08:39     -282.081451        0.000011
FIRE:  341 05:08:39     -282.081451        0.000011
FIRE:  342 05:08:39     -282.081451        0.000011
FIRE:  343 05:08:40     -282.081451        0.000011
FIRE:  344 05:08:40     -282.081451        0.000011
FIRE:  345 05:08:40     -282.081451        0.000011
FIRE:  346 05:08:40     -282.081451        0.000011
FIRE:  347 05:08:40     -282.081451        0.000011
FIRE:  348 05:08:40     -282.081451        0.000011
FIRE:  349 05:08:40     -282.081451        0.000011
FIRE:  350 05:08:40     -282.081451        0.000011
FIRE:  351 05:08:41     -282.081451        0.000011
FIRE:  352 05:08:41     -282.081451        0.000011
FIRE:  353 05:08:41     -282.081451        0.000011
FIRE:  354 05:08:41     -282.081451        0.000011
FIRE:  355 05:08:41     -282.081451        0.000011
FIRE:  356 05:08:41     -282.081451        0.000011
FIRE:  357 05:08:41     -282.081451        0.000011
FIRE:  358 05:08:41     -282.081451        0.000011
FIRE:  359 05:08:41     -282.081451        0.000011
FIRE:  360 05:08:42     -282.081451        0.000011
FIRE:  361 05:08:42     -282.081451        0.000011
FIRE:  362 05:08:42     -282.081451        0.000011
FIRE:  363 05:08:42     -282.081451        0.000011
FIRE:  364 05:08:42     -282.081451        0.000011
FIRE:  365 05:08:42     -282.081451        0.000011
FIRE:  366 05:08:42     -282.081451        0.000011
FIRE:  367 05:08:42     -282.081451        0.000011
FIRE:  368 05:08:43     -282.081451        0.000011
FIRE:  369 05:08:43     -282.081451        0.000011
FIRE:  370 05:08:43     -282.081451        0.000011
FIRE:  371 05:08:43     -282.081451        0.000011
FIRE:  372 05:08:43     -282.081451        0.000011
FIRE:  373 05:08:43     -282.081451        0.000011
FIRE:  374 05:08:43     -282.081451        0.000011
FIRE:  375 05:08:43     -282.081451        0.000011
FIRE:  376 05:08:43     -282.081451        0.000011
FIRE:  377 05:08:44     -282.081451        0.000011
FIRE:  378 05:08:44     -282.081451        0.000011
FIRE:  379 05:08:44     -282.081451        0.000011
FIRE:  380 05:08:44     -282.081451        0.000011
FIRE:  381 05:08:44     -282.081451        0.000011
FIRE:  382 05:08:44     -282.081451        0.000011
FIRE:  383 05:08:44     -282.081451        0.000011
FIRE:  384 05:08:44     -282.081451        0.000011
FIRE:  385 05:08:45     -282.081451        0.000011
FIRE:  386 05:08:45     -282.081451        0.000011
FIRE:  387 05:08:45     -282.081451        0.000011
FIRE:  388 05:08:45     -282.081451        0.000011
FIRE:  389 05:08:45     -282.081451        0.000011
FIRE:  390 05:08:45     -282.081451        0.000011
FIRE:  391 05:08:45     -282.081451        0.000011
FIRE:  392 05:08:45     -282.081451        0.000011
FIRE:  393 05:08:45     -282.081451        0.000011
FIRE:  394 05:08:46     -282.081451        0.000011
FIRE:  395 05:08:46     -282.081451        0.000011
FIRE:  396 05:08:46     -282.081451        0.000011
FIRE:  397 05:08:46     -282.081451        0.000011
FIRE:  398 05:08:46     -282.081451        0.000011
FIRE:  399 05:08:46     -282.081451        0.000011
FIRE:  400 05:08:46     -282.081451        0.000011
FIRE:  401 05:08:46     -282.081451        0.000011
FIRE:  402 05:08:47     -282.081451        0.000011
FIRE:  403 05:08:47     -282.081451        0.000011
FIRE:  404 05:08:47     -282.081451        0.000011
FIRE:  405 05:08:47     -282.081451        0.000011
FIRE:  406 05:08:47     -282.081451        0.000011
FIRE:  407 05:08:47     -282.081451        0.000011
FIRE:  408 05:08:47     -282.081451        0.000011
FIRE:  409 05:08:47     -282.081451        0.000011
FIRE:  410 05:08:48     -282.081451        0.000011
FIRE:  411 05:08:48     -282.081451        0.000011
FIRE:  412 05:08:48     -282.081451        0.000011
FIRE:  413 05:08:48     -282.081451        0.000011
FIRE:  414 05:08:48     -282.081451        0.000011
FIRE:  415 05:08:48     -282.081451        0.000011
FIRE:  416 05:08:48     -282.081451        0.000011
FIRE:  417 05:08:48     -282.081451        0.000011
FIRE:  418 05:08:48     -282.081451        0.000011
FIRE:  419 05:08:49     -282.081451        0.000011
FIRE:  420 05:08:49     -282.081451        0.000011
FIRE:  421 05:08:49     -282.081451        0.000011
FIRE:  422 05:08:49     -282.081451        0.000011
FIRE:  423 05:08:49     -282.081451        0.000011
FIRE:  424 05:08:49     -282.081451        0.000011
FIRE:  425 05:08:49     -282.081451        0.000011
FIRE:  426 05:08:49     -282.081451        0.000011
FIRE:  427 05:08:50     -282.081451        0.000011
FIRE:  428 05:08:50     -282.081451        0.000011
FIRE:  429 05:08:50     -282.081451        0.000011
FIRE:  430 05:08:50     -282.081451        0.000011
FIRE:  431 05:08:50     -282.081451        0.000011
FIRE:  432 05:08:50     -282.081451        0.000011
FIRE:  433 05:08:50     -282.081451        0.000011
FIRE:  434 05:08:50     -282.081451        0.000011
FIRE:  435 05:08:51     -282.081451        0.000011
FIRE:  436 05:08:51     -282.081451        0.000011
FIRE:  437 05:08:51     -282.081451        0.000011
FIRE:  438 05:08:51     -282.081451        0.000011
FIRE:  439 05:08:51     -282.081451        0.000011
FIRE:  440 05:08:51     -282.081451        0.000011
FIRE:  441 05:08:51     -282.081451        0.000011
FIRE:  442 05:08:51     -282.081451        0.000011
FIRE:  443 05:08:51     -282.081451        0.000011
FIRE:  444 05:08:52     -282.081451        0.000011
FIRE:  445 05:08:52     -282.081451        0.000011
FIRE:  446 05:08:52     -282.081451        0.000011
FIRE:  447 05:08:52     -282.081451        0.000011
FIRE:  448 05:08:52     -282.081451        0.000011
FIRE:  449 05:08:52     -282.081451        0.000011
FIRE:  450 05:08:52     -282.081451        0.000011
FIRE:  451 05:08:52     -282.081451        0.000011
FIRE:  452 05:08:53     -282.081451        0.000011
FIRE:  453 05:08:53     -282.081451        0.000011
FIRE:  454 05:08:53     -282.081451        0.000011
FIRE:  455 05:08:53     -282.081451        0.000011
FIRE:  456 05:08:53     -282.081451        0.000011
FIRE:  457 05:08:53     -282.081451        0.000011
FIRE:  458 05:08:53     -282.081451        0.000011
FIRE:  459 05:08:53     -282.081451        0.000011
FIRE:  460 05:08:53     -282.081451        0.000011
FIRE:  461 05:08:54     -282.081451        0.000011
FIRE:  462 05:08:54     -282.081451        0.000011
FIRE:  463 05:08:54     -282.081451        0.000011
FIRE:  464 05:08:54     -282.081451        0.000011
FIRE:  465 05:08:54     -282.081451        0.000011
FIRE:  466 05:08:54     -282.081451        0.000011
FIRE:  467 05:08:54     -282.081451        0.000011
FIRE:  468 05:08:54     -282.081451        0.000011
FIRE:  469 05:08:55     -282.081451        0.000011
FIRE:  470 05:08:55     -282.081451        0.000011
FIRE:  471 05:08:55     -282.081451        0.000011
FIRE:  472 05:08:55     -282.081451        0.000011
FIRE:  473 05:08:55     -282.081451        0.000011
FIRE:  474 05:08:55     -282.081451        0.000011
FIRE:  475 05:08:55     -282.081451        0.000011
FIRE:  476 05:08:55     -282.081451        0.000011
FIRE:  477 05:08:56     -282.081451        0.000011
FIRE:  478 05:08:56     -282.081451        0.000011
FIRE:  479 05:08:56     -282.081482        0.000011
FIRE:  480 05:08:56     -282.081451        0.000011
FIRE:  481 05:08:56     -282.081451        0.000011
FIRE:  482 05:08:56     -282.081451        0.000011
FIRE:  483 05:08:56     -282.081451        0.000011
FIRE:  484 05:08:56     -282.081451        0.000011
FIRE:  485 05:08:56     -282.081451        0.000011
FIRE:  486 05:08:57     -282.081451        0.000011
FIRE:  487 05:08:57     -282.081451        0.000011
FIRE:  488 05:08:57     -282.081451        0.000011
FIRE:  489 05:08:57     -282.081451        0.000011
FIRE:  490 05:08:57     -282.081451        0.000011
FIRE:  491 05:08:57     -282.081451        0.000011
FIRE:  492 05:08:57     -282.081451        0.000011
FIRE:  493 05:08:57     -282.081451        0.000011
FIRE:  494 05:08:58     -282.081451        0.000011
FIRE:  495 05:08:58     -282.081451        0.000011
FIRE:  496 05:08:58     -282.081451        0.000011
FIRE:  497 05:08:58     -282.081451        0.000011
FIRE:  498 05:08:58     -282.081451        0.000011
FIRE:  499 05:08:58     -282.081451        0.000011
FIRE:  500 05:08:58     -282.081451        0.000011
FIRE:  501 05:08:58     -282.081451        0.000011
FIRE:  502 05:08:58     -282.081451        0.000011
FIRE:  503 05:08:59     -282.081451        0.000011
FIRE:  504 05:08:59     -282.081451        0.000011
FIRE:  505 05:08:59     -282.081451        0.000011
FIRE:  506 05:08:59     -282.081451        0.000011
FIRE:  507 05:08:59     -282.081451        0.000011
FIRE:  508 05:08:59     -282.081451        0.000011
FIRE:  509 05:08:59     -282.081451        0.000011
FIRE:  510 05:08:59     -282.081451        0.000011
FIRE:  511 05:09:00     -282.081451        0.000011
FIRE:  512 05:09:00     -282.081451        0.000011
FIRE:  513 05:09:00     -282.081451        0.000011
FIRE:  514 05:09:00     -282.081451        0.000011
FIRE:  515 05:09:00     -282.081451        0.000011
FIRE:  516 05:09:00     -282.081451        0.000011
FIRE:  517 05:09:00     -282.081451        0.000011
FIRE:  518 05:09:00     -282.081451        0.000011
FIRE:  519 05:09:01     -282.081451        0.000011
FIRE:  520 05:09:01     -282.081451        0.000011
FIRE:  521 05:09:01     -282.081451        0.000011
FIRE:  522 05:09:01     -282.081451        0.000011
FIRE:  523 05:09:01     -282.081451        0.000011
FIRE:  524 05:09:01     -282.081451        0.000011
FIRE:  525 05:09:01     -282.081451        0.000011
FIRE:  526 05:09:01     -282.081451        0.000011
FIRE:  527 05:09:01     -282.081451        0.000011
FIRE:  528 05:09:02     -282.081451        0.000011
FIRE:  529 05:09:02     -282.081451        0.000011
FIRE:  530 05:09:02     -282.081482        0.000011
FIRE:  531 05:09:02     -282.081451        0.000011
FIRE:  532 05:09:02     -282.081451        0.000011
FIRE:  533 05:09:02     -282.081451        0.000011
FIRE:  534 05:09:02     -282.081451        0.000012
FIRE:  535 05:09:02     -282.081451        0.000011
FIRE:  536 05:09:03     -282.081451        0.000011
FIRE:  537 05:09:03     -282.081451        0.000011
FIRE:  538 05:09:03     -282.081451        0.000011
FIRE:  539 05:09:03     -282.081451        0.000011
FIRE:  540 05:09:03     -282.081451        0.000011
FIRE:  541 05:09:03     -282.081451        0.000011
FIRE:  542 05:09:03     -282.081451        0.000011
FIRE:  543 05:09:03     -282.081451        0.000011
FIRE:  544 05:09:03     -282.081451        0.000011
FIRE:  545 05:09:04     -282.081451        0.000011
FIRE:  546 05:09:04     -282.081451        0.000011
FIRE:  547 05:09:04     -282.081451        0.000011
FIRE:  548 05:09:04     -282.081451        0.000011
FIRE:  549 05:09:04     -282.081451        0.000011
FIRE:  550 05:09:04     -282.081451        0.000011
FIRE:  551 05:09:04     -282.081451        0.000011
FIRE:  552 05:09:04     -282.081451        0.000011
FIRE:  553 05:09:05     -282.081451        0.000011
FIRE:  554 05:09:05     -282.081451        0.000011
FIRE:  555 05:09:05     -282.081451        0.000011
FIRE:  556 05:09:05     -282.081451        0.000011
FIRE:  557 05:09:05     -282.081451        0.000011
FIRE:  558 05:09:05     -282.081451        0.000011
FIRE:  559 05:09:05     -282.081451        0.000011
FIRE:  560 05:09:05     -282.081451        0.000011
FIRE:  561 05:09:05     -282.081451        0.000011
FIRE:  562 05:09:06     -282.081451        0.000011
FIRE:  563 05:09:06     -282.081451        0.000011
FIRE:  564 05:09:06     -282.081451        0.000011
FIRE:  565 05:09:06     -282.081451        0.000011
FIRE:  566 05:09:06     -282.081451        0.000011
FIRE:  567 05:09:06     -282.081451        0.000011
FIRE:  568 05:09:06     -282.081451        0.000011
FIRE:  569 05:09:06     -282.081451        0.000011
FIRE:  570 05:09:07     -282.081451        0.000011
FIRE:  571 05:09:07     -282.081451        0.000011
FIRE:  572 05:09:07     -282.081451        0.000011
FIRE:  573 05:09:07     -282.081451        0.000011
FIRE:  574 05:09:07     -282.081451        0.000011
FIRE:  575 05:09:07     -282.081451        0.000011
FIRE:  576 05:09:07     -282.081451        0.000011
FIRE:  577 05:09:07     -282.081451        0.000011
FIRE:  578 05:09:08     -282.081451        0.000011
FIRE:  579 05:09:08     -282.081451        0.000011
FIRE:  580 05:09:08     -282.081451        0.000011
FIRE:  581 05:09:08     -282.081451        0.000011
FIRE:  582 05:09:08     -282.081451        0.000011
FIRE:  583 05:09:08     -282.081451        0.000011
FIRE:  584 05:09:08     -282.081451        0.000011
FIRE:  585 05:09:08     -282.081451        0.000011
FIRE:  586 05:09:08     -282.081451        0.000011
FIRE:  587 05:09:09     -282.081451        0.000011
FIRE:  588 05:09:09     -282.081451        0.000011
FIRE:  589 05:09:09     -282.081451        0.000011
FIRE:  590 05:09:09     -282.081451        0.000011
FIRE:  591 05:09:09     -282.081451        0.000011
FIRE:  592 05:09:09     -282.081451        0.000011
FIRE:  593 05:09:09     -282.081451        0.000011
FIRE:  594 05:09:09     -282.081451        0.000011
FIRE:  595 05:09:10     -282.081451        0.000011
FIRE:  596 05:09:10     -282.081451        0.000011
FIRE:  597 05:09:10     -282.081451        0.000011
FIRE:  598 05:09:10     -282.081451        0.000011
FIRE:  599 05:09:10     -282.081451        0.000011
FIRE:  600 05:09:10     -282.081451        0.000011
FIRE:  601 05:09:10     -282.081451        0.000011
FIRE:  602 05:09:10     -282.081451        0.000011
FIRE:  603 05:09:10     -282.081451        0.000011
FIRE:  604 05:09:11     -282.081451        0.000011
FIRE:  605 05:09:11     -282.081451        0.000011
FIRE:  606 05:09:11     -282.081451        0.000011
FIRE:  607 05:09:11     -282.081451        0.000011
FIRE:  608 05:09:11     -282.081451        0.000011
FIRE:  609 05:09:11     -282.081451        0.000011
FIRE:  610 05:09:11     -282.081451        0.000011
FIRE:  611 05:09:11     -282.081451        0.000011
FIRE:  612 05:09:12     -282.081451        0.000011
FIRE:  613 05:09:12     -282.081451        0.000011
FIRE:  614 05:09:12     -282.081451        0.000011
FIRE:  615 05:09:12     -282.081451        0.000011
FIRE:  616 05:09:12     -282.081451        0.000011
FIRE:  617 05:09:12     -282.081451        0.000011
FIRE:  618 05:09:12     -282.081451        0.000011
FIRE:  619 05:09:12     -282.081451        0.000011
FIRE:  620 05:09:13     -282.081451        0.000011
FIRE:  621 05:09:13     -282.081451        0.000011
FIRE:  622 05:09:13     -282.081451        0.000011
FIRE:  623 05:09:13     -282.081451        0.000011
FIRE:  624 05:09:13     -282.081451        0.000011
FIRE:  625 05:09:13     -282.081451        0.000011
FIRE:  626 05:09:13     -282.081451        0.000011
FIRE:  627 05:09:13     -282.081451        0.000011
FIRE:  628 05:09:13     -282.081451        0.000011
FIRE:  629 05:09:14     -282.081451        0.000011
FIRE:  630 05:09:14     -282.081451        0.000011
FIRE:  631 05:09:14     -282.081451        0.000011
FIRE:  632 05:09:14     -282.081451        0.000011
FIRE:  633 05:09:14     -282.081451        0.000011
FIRE:  634 05:09:14     -282.081451        0.000012
FIRE:  635 05:09:14     -282.081451        0.000011
FIRE:  636 05:09:14     -282.081451        0.000011
FIRE:  637 05:09:15     -282.081451        0.000011
FIRE:  638 05:09:15     -282.081451        0.000011
FIRE:  639 05:09:15     -282.081451        0.000011
FIRE:  640 05:09:15     -282.081451        0.000011
FIRE:  641 05:09:15     -282.081451        0.000011
FIRE:  642 05:09:15     -282.081451        0.000011
FIRE:  643 05:09:15     -282.081451        0.000011
FIRE:  644 05:09:15     -282.081451        0.000011
FIRE:  645 05:09:15     -282.081451        0.000011
FIRE:  646 05:09:16     -282.081451        0.000011
FIRE:  647 05:09:16     -282.081451        0.000011
FIRE:  648 05:09:16     -282.081451        0.000011
FIRE:  649 05:09:16     -282.081451        0.000011
FIRE:  650 05:09:16     -282.081451        0.000011
FIRE:  651 05:09:16     -282.081451        0.000011
FIRE:  652 05:09:16     -282.081451        0.000011
FIRE:  653 05:09:16     -282.081451        0.000011
FIRE:  654 05:09:17     -282.081451        0.000011
FIRE:  655 05:09:17     -282.081451        0.000011
FIRE:  656 05:09:17     -282.081451        0.000011
FIRE:  657 05:09:17     -282.081451        0.000011
FIRE:  658 05:09:17     -282.081451        0.000011
FIRE:  659 05:09:17     -282.081451        0.000011
FIRE:  660 05:09:17     -282.081451        0.000011
FIRE:  661 05:09:17     -282.081451        0.000011
FIRE:  662 05:09:18     -282.081451        0.000011
FIRE:  663 05:09:18     -282.081451        0.000011
FIRE:  664 05:09:18     -282.081451        0.000011
FIRE:  665 05:09:18     -282.081451        0.000011
FIRE:  666 05:09:18     -282.081451        0.000011
FIRE:  667 05:09:18     -282.081451        0.000011
FIRE:  668 05:09:18     -282.081451        0.000011
FIRE:  669 05:09:18     -282.081451        0.000011
FIRE:  670 05:09:18     -282.081451        0.000011
FIRE:  671 05:09:19     -282.081451        0.000011
FIRE:  672 05:09:19     -282.081451        0.000011
FIRE:  673 05:09:19     -282.081451        0.000011
FIRE:  674 05:09:19     -282.081451        0.000011
FIRE:  675 05:09:19     -282.081451        0.000011
FIRE:  676 05:09:19     -282.081451        0.000011
FIRE:  677 05:09:19     -282.081451        0.000011
FIRE:  678 05:09:19     -282.081451        0.000011
FIRE:  679 05:09:20     -282.081451        0.000011
FIRE:  680 05:09:20     -282.081451        0.000011
FIRE:  681 05:09:20     -282.081451        0.000011
FIRE:  682 05:09:20     -282.081451        0.000011
FIRE:  683 05:09:20     -282.081451        0.000011
FIRE:  684 05:09:20     -282.081451        0.000011
FIRE:  685 05:09:20     -282.081451        0.000011
FIRE:  686 05:09:20     -282.081451        0.000011
FIRE:  687 05:09:20     -282.081451        0.000011
FIRE:  688 05:09:21     -282.081451        0.000011
FIRE:  689 05:09:21     -282.081451        0.000011
FIRE:  690 05:09:21     -282.081451        0.000011
FIRE:  691 05:09:21     -282.081451        0.000011
FIRE:  692 05:09:21     -282.081451        0.000011
FIRE:  693 05:09:21     -282.081451        0.000011
FIRE:  694 05:09:21     -282.081451        0.000011
FIRE:  695 05:09:21     -282.081451        0.000011
FIRE:  696 05:09:22     -282.081451        0.000011
FIRE:  697 05:09:22     -282.081451        0.000011
FIRE:  698 05:09:22     -282.081451        0.000011
FIRE:  699 05:09:22     -282.081451        0.000011
FIRE:  700 05:09:22     -282.081451        0.000011
FIRE:  701 05:09:22     -282.081451        0.000011
FIRE:  702 05:09:22     -282.081451        0.000011
FIRE:  703 05:09:22     -282.081451        0.000011
FIRE:  704 05:09:23     -282.081451        0.000011
FIRE:  705 05:09:23     -282.081451        0.000011
FIRE:  706 05:09:23     -282.081451        0.000011
FIRE:  707 05:09:23     -282.081451        0.000011
FIRE:  708 05:09:23     -282.081451        0.000011
FIRE:  709 05:09:23     -282.081451        0.000011
FIRE:  710 05:09:23     -282.081451        0.000011
FIRE:  711 05:09:23     -282.081451        0.000011
FIRE:  712 05:09:23     -282.081451        0.000011
FIRE:  713 05:09:24     -282.081451        0.000011
FIRE:  714 05:09:24     -282.081451        0.000011
FIRE:  715 05:09:24     -282.081451        0.000011
FIRE:  716 05:09:24     -282.081451        0.000011
FIRE:  717 05:09:24     -282.081451        0.000011
FIRE:  718 05:09:24     -282.081451        0.000011
FIRE:  719 05:09:24     -282.081451        0.000011
FIRE:  720 05:09:24     -282.081451        0.000011
FIRE:  721 05:09:25     -282.081451        0.000011
FIRE:  722 05:09:25     -282.081451        0.000011
FIRE:  723 05:09:25     -282.081451        0.000011
FIRE:  724 05:09:25     -282.081451        0.000011
FIRE:  725 05:09:25     -282.081451        0.000011
FIRE:  726 05:09:25     -282.081451        0.000011
FIRE:  727 05:09:25     -282.081451        0.000011
FIRE:  728 05:09:25     -282.081451        0.000011
FIRE:  729 05:09:25     -282.081451        0.000011
FIRE:  730 05:09:26     -282.081451        0.000011
FIRE:  731 05:09:26     -282.081451        0.000011
FIRE:  732 05:09:26     -282.081451        0.000011
FIRE:  733 05:09:26     -282.081451        0.000011
FIRE:  734 05:09:26     -282.081451        0.000011
FIRE:  735 05:09:26     -282.081451        0.000011
FIRE:  736 05:09:26     -282.081482        0.000011
FIRE:  737 05:09:26     -282.081451        0.000011
FIRE:  738 05:09:27     -282.081451        0.000011
FIRE:  739 05:09:27     -282.081451        0.000011
FIRE:  740 05:09:27     -282.081451        0.000011
FIRE:  741 05:09:27     -282.081451        0.000011
FIRE:  742 05:09:27     -282.081451        0.000011
FIRE:  743 05:09:27     -282.081451        0.000011
FIRE:  744 05:09:27     -282.081451        0.000011
FIRE:  745 05:09:27     -282.081451        0.000011
FIRE:  746 05:09:27     -282.081451        0.000011
FIRE:  747 05:09:28     -282.081451        0.000011
FIRE:  748 05:09:28     -282.081451        0.000011
FIRE:  749 05:09:28     -282.081451        0.000011
FIRE:  750 05:09:28     -282.081451        0.000011
FIRE:  751 05:09:28     -282.081451        0.000011
FIRE:  752 05:09:28     -282.081451        0.000011
FIRE:  753 05:09:28     -282.081451        0.000011
FIRE:  754 05:09:28     -282.081451        0.000011
FIRE:  755 05:09:29     -282.081451        0.000011
FIRE:  756 05:09:29     -282.081451        0.000011
FIRE:  757 05:09:29     -282.081451        0.000011
FIRE:  758 05:09:29     -282.081451        0.000011
FIRE:  759 05:09:29     -282.081451        0.000011
FIRE:  760 05:09:29     -282.081451        0.000011
FIRE:  761 05:09:29     -282.081451        0.000011
FIRE:  762 05:09:29     -282.081451        0.000011
FIRE:  763 05:09:30     -282.081451        0.000011
FIRE:  764 05:09:30     -282.081451        0.000011
FIRE:  765 05:09:30     -282.081451        0.000011
FIRE:  766 05:09:30     -282.081451        0.000011
FIRE:  767 05:09:30     -282.081451        0.000011
FIRE:  768 05:09:30     -282.081451        0.000011
FIRE:  769 05:09:30     -282.081451        0.000011
FIRE:  770 05:09:30     -282.081451        0.000011
FIRE:  771 05:09:30     -282.081451        0.000011
FIRE:  772 05:09:31     -282.081451        0.000011
FIRE:  773 05:09:31     -282.081451        0.000011
FIRE:  774 05:09:31     -282.081451        0.000011
FIRE:  775 05:09:31     -282.081451        0.000011
FIRE:  776 05:09:31     -282.081451        0.000011
FIRE:  777 05:09:31     -282.081451        0.000011
FIRE:  778 05:09:31     -282.081451        0.000011
FIRE:  779 05:09:31     -282.081451        0.000011
FIRE:  780 05:09:32     -282.081451        0.000011
FIRE:  781 05:09:32     -282.081451        0.000011
FIRE:  782 05:09:32     -282.081451        0.000011
FIRE:  783 05:09:32     -282.081451        0.000011
FIRE:  784 05:09:32     -282.081451        0.000011
FIRE:  785 05:09:32     -282.081451        0.000011
FIRE:  786 05:09:32     -282.081451        0.000011
FIRE:  787 05:09:32     -282.081451        0.000011
FIRE:  788 05:09:32     -282.081451        0.000011
FIRE:  789 05:09:33     -282.081451        0.000011
FIRE:  790 05:09:33     -282.081451        0.000011
FIRE:  791 05:09:33     -282.081451        0.000011
FIRE:  792 05:09:33     -282.081451        0.000011
FIRE:  793 05:09:33     -282.081451        0.000011
FIRE:  794 05:09:33     -282.081451        0.000011
FIRE:  795 05:09:33     -282.081451        0.000011
FIRE:  796 05:09:33     -282.081451        0.000011
FIRE:  797 05:09:34     -282.081451        0.000011
FIRE:  798 05:09:34     -282.081451        0.000011
FIRE:  799 05:09:34     -282.081451        0.000011
FIRE:  800 05:09:34     -282.081451        0.000011
FIRE:  801 05:09:34     -282.081451        0.000011
FIRE:  802 05:09:34     -282.081451        0.000011
FIRE:  803 05:09:34     -282.081451        0.000011
FIRE:  804 05:09:34     -282.081451        0.000011
FIRE:  805 05:09:34     -282.081451        0.000011
FIRE:  806 05:09:35     -282.081451        0.000011
FIRE:  807 05:09:35     -282.081451        0.000011
FIRE:  808 05:09:35     -282.081451        0.000011
FIRE:  809 05:09:35     -282.081451        0.000011
FIRE:  810 05:09:35     -282.081451        0.000011
FIRE:  811 05:09:35     -282.081451        0.000011
FIRE:  812 05:09:35     -282.081451        0.000011
FIRE:  813 05:09:35     -282.081451        0.000011
FIRE:  814 05:09:36     -282.081451        0.000011
FIRE:  815 05:09:36     -282.081451        0.000011
FIRE:  816 05:09:36     -282.081451        0.000011
FIRE:  817 05:09:36     -282.081451        0.000011
FIRE:  818 05:09:36     -282.081451        0.000011
FIRE:  819 05:09:36     -282.081451        0.000011
FIRE:  820 05:09:36     -282.081451        0.000011
FIRE:  821 05:09:36     -282.081451        0.000011
FIRE:  822 05:09:36     -282.081451        0.000011
FIRE:  823 05:09:37     -282.081451        0.000011
FIRE:  824 05:09:37     -282.081451        0.000011
FIRE:  825 05:09:37     -282.081451        0.000011
FIRE:  826 05:09:37     -282.081451        0.000011
FIRE:  827 05:09:37     -282.081451        0.000011
FIRE:  828 05:09:37     -282.081451        0.000011
FIRE:  829 05:09:37     -282.081451        0.000011
FIRE:  830 05:09:37     -282.081451        0.000011
FIRE:  831 05:09:38     -282.081451        0.000011
FIRE:  832 05:09:38     -282.081451        0.000011
FIRE:  833 05:09:38     -282.081451        0.000011
FIRE:  834 05:09:38     -282.081451        0.000011
FIRE:  835 05:09:38     -282.081451        0.000011
FIRE:  836 05:09:38     -282.081451        0.000011
FIRE:  837 05:09:38     -282.081451        0.000011
FIRE:  838 05:09:38     -282.081451        0.000011
FIRE:  839 05:09:39     -282.081451        0.000011
FIRE:  840 05:09:39     -282.081451        0.000011
FIRE:  841 05:09:39     -282.081451        0.000011
FIRE:  842 05:09:39     -282.081451        0.000011
FIRE:  843 05:09:39     -282.081451        0.000011
FIRE:  844 05:09:39     -282.081451        0.000011
FIRE:  845 05:09:39     -282.081451        0.000011
FIRE:  846 05:09:39     -282.081451        0.000011
FIRE:  847 05:09:39     -282.081451        0.000011
FIRE:  848 05:09:40     -282.081451        0.000011
FIRE:  849 05:09:40     -282.081451        0.000011
FIRE:  850 05:09:40     -282.081451        0.000011
FIRE:  851 05:09:40     -282.081451        0.000011
FIRE:  852 05:09:40     -282.081451        0.000011
FIRE:  853 05:09:40     -282.081451        0.000011
FIRE:  854 05:09:40     -282.081451        0.000011
FIRE:  855 05:09:40     -282.081451        0.000011
FIRE:  856 05:09:41     -282.081451        0.000011
FIRE:  857 05:09:41     -282.081451        0.000011
FIRE:  858 05:09:41     -282.081451        0.000011
FIRE:  859 05:09:41     -282.081451        0.000011
FIRE:  860 05:09:41     -282.081451        0.000011
FIRE:  861 05:09:41     -282.081451        0.000011
FIRE:  862 05:09:41     -282.081451        0.000011
FIRE:  863 05:09:41     -282.081451        0.000011
FIRE:  864 05:09:41     -282.081451        0.000011
FIRE:  865 05:09:42     -282.081451        0.000011
FIRE:  866 05:09:42     -282.081451        0.000011
FIRE:  867 05:09:42     -282.081451        0.000011
FIRE:  868 05:09:42     -282.081451        0.000011
FIRE:  869 05:09:42     -282.081451        0.000011
FIRE:  870 05:09:42     -282.081451        0.000011
FIRE:  871 05:09:42     -282.081451        0.000011
FIRE:  872 05:09:42     -282.081451        0.000011
FIRE:  873 05:09:43     -282.081451        0.000011
FIRE:  874 05:09:43     -282.081451        0.000011
FIRE:  875 05:09:43     -282.081451        0.000011
FIRE:  876 05:09:43     -282.081451        0.000011
FIRE:  877 05:09:43     -282.081451        0.000011
FIRE:  878 05:09:43     -282.081451        0.000011
FIRE:  879 05:09:43     -282.081451        0.000011
FIRE:  880 05:09:43     -282.081451        0.000011
FIRE:  881 05:09:43     -282.081451        0.000011
FIRE:  882 05:09:44     -282.081451        0.000011
FIRE:  883 05:09:44     -282.081451        0.000011
FIRE:  884 05:09:44     -282.081451        0.000011
FIRE:  885 05:09:44     -282.081451        0.000011
FIRE:  886 05:09:44     -282.081451        0.000011
FIRE:  887 05:09:44     -282.081451        0.000011
FIRE:  888 05:09:44     -282.081451        0.000011
FIRE:  889 05:09:44     -282.081451        0.000011
FIRE:  890 05:09:45     -282.081451        0.000011
FIRE:  891 05:09:45     -282.081451        0.000011
FIRE:  892 05:09:45     -282.081451        0.000011
FIRE:  893 05:09:45     -282.081451        0.000011
FIRE:  894 05:09:45     -282.081451        0.000011
FIRE:  895 05:09:45     -282.081451        0.000011
FIRE:  896 05:09:45     -282.081451        0.000011
FIRE:  897 05:09:45     -282.081451        0.000011
FIRE:  898 05:09:46     -282.081451        0.000011
FIRE:  899 05:09:46     -282.081451        0.000011
FIRE:  900 05:09:46     -282.081451        0.000011
FIRE:  901 05:09:46     -282.081451        0.000011
FIRE:  902 05:09:46     -282.081451        0.000011
FIRE:  903 05:09:46     -282.081451        0.000011
FIRE:  904 05:09:46     -282.081451        0.000011
FIRE:  905 05:09:46     -282.081451        0.000011
FIRE:  906 05:09:46     -282.081451        0.000011
FIRE:  907 05:09:47     -282.081451        0.000011
FIRE:  908 05:09:47     -282.081451        0.000011
FIRE:  909 05:09:47     -282.081451        0.000011
FIRE:  910 05:09:47     -282.081451        0.000011
FIRE:  911 05:09:47     -282.081451        0.000011
FIRE:  912 05:09:47     -282.081451        0.000011
FIRE:  913 05:09:47     -282.081451        0.000011
FIRE:  914 05:09:47     -282.081451        0.000011
FIRE:  915 05:09:48     -282.081451        0.000011
FIRE:  916 05:09:48     -282.081451        0.000011
FIRE:  917 05:09:48     -282.081451        0.000011
FIRE:  918 05:09:48     -282.081451        0.000011
FIRE:  919 05:09:48     -282.081451        0.000011
FIRE:  920 05:09:48     -282.081451        0.000011
FIRE:  921 05:09:48     -282.081451        0.000011
FIRE:  922 05:09:48     -282.081451        0.000011
FIRE:  923 05:09:48     -282.081451        0.000011
FIRE:  924 05:09:49     -282.081451        0.000011
FIRE:  925 05:09:49     -282.081451        0.000011
FIRE:  926 05:09:49     -282.081451        0.000011
FIRE:  927 05:09:49     -282.081451        0.000011
FIRE:  928 05:09:49     -282.081451        0.000011
FIRE:  929 05:09:49     -282.081451        0.000011
FIRE:  930 05:09:49     -282.081451        0.000011
FIRE:  931 05:09:49     -282.081451        0.000011
FIRE:  932 05:09:50     -282.081451        0.000011
FIRE:  933 05:09:50     -282.081451        0.000011
FIRE:  934 05:09:50     -282.081451        0.000011
FIRE:  935 05:09:50     -282.081451        0.000011
FIRE:  936 05:09:50     -282.081451        0.000011
FIRE:  937 05:09:50     -282.081451        0.000011
FIRE:  938 05:09:50     -282.081451        0.000011
FIRE:  939 05:09:50     -282.081451        0.000011
FIRE:  940 05:09:50     -282.081451        0.000011
FIRE:  941 05:09:51     -282.081451        0.000011
FIRE:  942 05:09:51     -282.081451        0.000011
FIRE:  943 05:09:51     -282.081451        0.000011
FIRE:  944 05:09:51     -282.081451        0.000011
FIRE:  945 05:09:51     -282.081451        0.000011
FIRE:  946 05:09:51     -282.081451        0.000011
FIRE:  947 05:09:51     -282.081451        0.000011
FIRE:  948 05:09:51     -282.081451        0.000011
FIRE:  949 05:09:52     -282.081451        0.000011
FIRE:  950 05:09:52     -282.081451        0.000011
FIRE:  951 05:09:52     -282.081451        0.000011
FIRE:  952 05:09:52     -282.081451        0.000011
FIRE:  953 05:09:52     -282.081451        0.000011
FIRE:  954 05:09:52     -282.081451        0.000011
FIRE:  955 05:09:52     -282.081451        0.000011
FIRE:  956 05:09:52     -282.081451        0.000011
FIRE:  957 05:09:53     -282.081451        0.000011
FIRE:  958 05:09:53     -282.081451        0.000011
FIRE:  959 05:09:53     -282.081451        0.000011
FIRE:  960 05:09:53     -282.081451        0.000011
FIRE:  961 05:09:53     -282.081451        0.000011
FIRE:  962 05:09:53     -282.081451        0.000011
FIRE:  963 05:09:53     -282.081451        0.000011
FIRE:  964 05:09:53     -282.081451        0.000011
FIRE:  965 05:09:53     -282.081451        0.000011
FIRE:  966 05:09:54     -282.081451        0.000011
FIRE:  967 05:09:54     -282.081451        0.000011
FIRE:  968 05:09:54     -282.081451        0.000011
FIRE:  969 05:09:54     -282.081451        0.000011
FIRE:  970 05:09:54     -282.081451        0.000011
FIRE:  971 05:09:54     -282.081451        0.000011
FIRE:  972 05:09:54     -282.081451        0.000011
FIRE:  973 05:09:54     -282.081451        0.000011
FIRE:  974 05:09:55     -282.081451        0.000011
FIRE:  975 05:09:55     -282.081451        0.000011
FIRE:  976 05:09:55     -282.081451        0.000011
FIRE:  977 05:09:55     -282.081451        0.000011
FIRE:  978 05:09:55     -282.081451        0.000011
FIRE:  979 05:09:55     -282.081451        0.000011
FIRE:  980 05:09:55     -282.081451        0.000011
FIRE:  981 05:09:55     -282.081451        0.000011
FIRE:  982 05:09:55     -282.081451        0.000011
FIRE:  983 05:09:56     -282.081451        0.000011
FIRE:  984 05:09:56     -282.081451        0.000011
FIRE:  985 05:09:56     -282.081451        0.000011
FIRE:  986 05:09:56     -282.081451        0.000011
FIRE:  987 05:09:56     -282.081451        0.000011
FIRE:  988 05:09:56     -282.081451        0.000011
FIRE:  989 05:09:56     -282.081451        0.000011
FIRE:  990 05:09:56     -282.081451        0.000011
FIRE:  991 05:09:57     -282.081451        0.000011
FIRE:  992 05:09:57     -282.081451        0.000011
FIRE:  993 05:09:57     -282.081451        0.000011
FIRE:  994 05:09:57     -282.081451        0.000011
FIRE:  995 05:09:57     -282.081451        0.000011
FIRE:  996 05:09:57     -282.081451        0.000011
FIRE:  997 05:09:57     -282.081451        0.000011
FIRE:  998 05:09:57     -282.081451        0.000011
FIRE:  999 05:09:57     -282.081451        0.000011
FIRE:  1000 05:09:58     -282.081451        0.000011
FIRE:  1001 05:09:58     -282.081451        0.000011
FIRE:  1002 05:09:58     -282.081451        0.000011
FIRE:  1003 05:09:58     -282.081451        0.000011
FIRE:  1004 05:09:58     -282.081451        0.000011
FIRE:  1005 05:09:58     -282.081451        0.000011
FIRE:  1006 05:09:58     -282.081451        0.000011
FIRE:  1007 05:09:58     -282.081451        0.000011
FIRE:  1008 05:09:59     -282.081451        0.000011
FIRE:  1009 05:09:59     -282.081451        0.000011
FIRE:  1010 05:09:59     -282.081451        0.000011
FIRE:  1011 05:09:59     -282.081451        0.000011
FIRE:  1012 05:09:59     -282.081451        0.000011
FIRE:  1013 05:09:59     -282.081451        0.000011
FIRE:  1014 05:09:59     -282.081451        0.000011
FIRE:  1015 05:09:59     -282.081451        0.000011
FIRE:  1016 05:09:59     -282.081451        0.000011
FIRE:  1017 05:10:00     -282.081451        0.000011
FIRE:  1018 05:10:00     -282.081451        0.000011
FIRE:  1019 05:10:00     -282.081451        0.000011
FIRE:  1020 05:10:00     -282.081451        0.000011
FIRE:  1021 05:10:00     -282.081451        0.000011
FIRE:  1022 05:10:00     -282.081451        0.000011
FIRE:  1023 05:10:00     -282.081451        0.000011
FIRE:  1024 05:10:00     -282.081451        0.000011
FIRE:  1025 05:10:01     -282.081451        0.000011
FIRE:  1026 05:10:01     -282.081451        0.000011
FIRE:  1027 05:10:01     -282.081451        0.000011
FIRE:  1028 05:10:01     -282.081451        0.000011
FIRE:  1029 05:10:01     -282.081451        0.000011
FIRE:  1030 05:10:01     -282.081451        0.000011
FIRE:  1031 05:10:01     -282.081451        0.000011
FIRE:  1032 05:10:01     -282.081451        0.000011
FIRE:  1033 05:10:02     -282.081451        0.000011
FIRE:  1034 05:10:02     -282.081451        0.000011
FIRE:  1035 05:10:02     -282.081451        0.000011
FIRE:  1036 05:10:02     -282.081451        0.000011
FIRE:  1037 05:10:02     -282.081451        0.000011
FIRE:  1038 05:10:02     -282.081451        0.000011
FIRE:  1039 05:10:02     -282.081451        0.000011
FIRE:  1040 05:10:02     -282.081451        0.000011
FIRE:  1041 05:10:02     -282.081451        0.000011
FIRE:  1042 05:10:03     -282.081451        0.000011
FIRE:  1043 05:10:03     -282.081451        0.000011
FIRE:  1044 05:10:03     -282.081451        0.000011
FIRE:  1045 05:10:03     -282.081451        0.000011
FIRE:  1046 05:10:03     -282.081451        0.000011
FIRE:  1047 05:10:03     -282.081451        0.000011
FIRE:  1048 05:10:03     -282.081451        0.000011
FIRE:  1049 05:10:03     -282.081451        0.000011
FIRE:  1050 05:10:04     -282.081451        0.000011
FIRE:  1051 05:10:04     -282.081451        0.000011
FIRE:  1052 05:10:04     -282.081451        0.000011
FIRE:  1053 05:10:04     -282.081451        0.000011
FIRE:  1054 05:10:04     -282.081451        0.000011
FIRE:  1055 05:10:04     -282.081451        0.000011
FIRE:  1056 05:10:04     -282.081451        0.000011
FIRE:  1057 05:10:04     -282.081451        0.000011
FIRE:  1058 05:10:04     -282.081451        0.000011
FIRE:  1059 05:10:05     -282.081451        0.000011
FIRE:  1060 05:10:05     -282.081451        0.000011
FIRE:  1061 05:10:05     -282.081451        0.000011
FIRE:  1062 05:10:05     -282.081451        0.000011
FIRE:  1063 05:10:05     -282.081451        0.000011
FIRE:  1064 05:10:05     -282.081451        0.000011
FIRE:  1065 05:10:05     -282.081451        0.000011
FIRE:  1066 05:10:05     -282.081451        0.000011
FIRE:  1067 05:10:06     -282.081451        0.000011
FIRE:  1068 05:10:06     -282.081451        0.000011
FIRE:  1069 05:10:06     -282.081451        0.000011
FIRE:  1070 05:10:06     -282.081451        0.000011
FIRE:  1071 05:10:06     -282.081451        0.000011
FIRE:  1072 05:10:06     -282.081451        0.000011
FIRE:  1073 05:10:06     -282.081451        0.000011
FIRE:  1074 05:10:06     -282.081451        0.000011
FIRE:  1075 05:10:06     -282.081451        0.000011
FIRE:  1076 05:10:07     -282.081482        0.000011
FIRE:  1077 05:10:07     -282.081451        0.000011
FIRE:  1078 05:10:07     -282.081451        0.000011
FIRE:  1079 05:10:07     -282.081451        0.000011
FIRE:  1080 05:10:07     -282.081451        0.000011
FIRE:  1081 05:10:07     -282.081451        0.000011
FIRE:  1082 05:10:07     -282.081451        0.000011
FIRE:  1083 05:10:07     -282.081451        0.000011
FIRE:  1084 05:10:08     -282.081451        0.000011
FIRE:  1085 05:10:08     -282.081451        0.000011
FIRE:  1086 05:10:08     -282.081451        0.000011
FIRE:  1087 05:10:08     -282.081451        0.000011
FIRE:  1088 05:10:08     -282.081451        0.000011
FIRE:  1089 05:10:08     -282.081451        0.000011
FIRE:  1090 05:10:08     -282.081451        0.000011
FIRE:  1091 05:10:08     -282.081451        0.000011
FIRE:  1092 05:10:09     -282.081451        0.000011
FIRE:  1093 05:10:09     -282.081451        0.000011
FIRE:  1094 05:10:09     -282.081451        0.000011
FIRE:  1095 05:10:09     -282.081451        0.000011
FIRE:  1096 05:10:09     -282.081451        0.000011
FIRE:  1097 05:10:09     -282.081451        0.000011
FIRE:  1098 05:10:09     -282.081451        0.000011
FIRE:  1099 05:10:09     -282.081451        0.000011
FIRE:  1100 05:10:09     -282.081451        0.000011
FIRE:  1101 05:10:10     -282.081451        0.000011
FIRE:  1102 05:10:10     -282.081451        0.000011
FIRE:  1103 05:10:10     -282.081451        0.000011
FIRE:  1104 05:10:10     -282.081451        0.000011
FIRE:  1105 05:10:10     -282.081451        0.000011
FIRE:  1106 05:10:10     -282.081451        0.000011
FIRE:  1107 05:10:10     -282.081451        0.000011
FIRE:  1108 05:10:10     -282.081451        0.000011
FIRE:  1109 05:10:11     -282.081451        0.000011
FIRE:  1110 05:10:11     -282.081451        0.000011
FIRE:  1111 05:10:11     -282.081451        0.000011
FIRE:  1112 05:10:11     -282.081451        0.000011
FIRE:  1113 05:10:11     -282.081451        0.000011
FIRE:  1114 05:10:11     -282.081451        0.000011
FIRE:  1115 05:10:11     -282.081451        0.000011
FIRE:  1116 05:10:11     -282.081451        0.000011
FIRE:  1117 05:10:11     -282.081451        0.000011
FIRE:  1118 05:10:12     -282.081451        0.000011
FIRE:  1119 05:10:12     -282.081451        0.000011
FIRE:  1120 05:10:12     -282.081451        0.000011
FIRE:  1121 05:10:12     -282.081451        0.000011
FIRE:  1122 05:10:12     -282.081451        0.000011
FIRE:  1123 05:10:12     -282.081451        0.000011
FIRE:  1124 05:10:12     -282.081451        0.000011
FIRE:  1125 05:10:12     -282.081451        0.000011
FIRE:  1126 05:10:13     -282.081451        0.000011
FIRE:  1127 05:10:13     -282.081451        0.000011
FIRE:  1128 05:10:13     -282.081451        0.000011
FIRE:  1129 05:10:13     -282.081451        0.000011
FIRE:  1130 05:10:13     -282.081451        0.000011
FIRE:  1131 05:10:13     -282.081451        0.000011
FIRE:  1132 05:10:13     -282.081451        0.000011
FIRE:  1133 05:10:13     -282.081451        0.000011
FIRE:  1134 05:10:13     -282.081451        0.000011
FIRE:  1135 05:10:14     -282.081451        0.000011
FIRE:  1136 05:10:14     -282.081451        0.000011
FIRE:  1137 05:10:14     -282.081451        0.000011
FIRE:  1138 05:10:14     -282.081451        0.000011
FIRE:  1139 05:10:14     -282.081451        0.000011
FIRE:  1140 05:10:14     -282.081451        0.000011
FIRE:  1141 05:10:14     -282.081451        0.000011
FIRE:  1142 05:10:14     -282.081451        0.000011
FIRE:  1143 05:10:15     -282.081451        0.000011
FIRE:  1144 05:10:15     -282.081451        0.000011
FIRE:  1145 05:10:15     -282.081451        0.000011
FIRE:  1146 05:10:15     -282.081451        0.000011
FIRE:  1147 05:10:15     -282.081451        0.000011
FIRE:  1148 05:10:15     -282.081451        0.000011
FIRE:  1149 05:10:15     -282.081451        0.000011
FIRE:  1150 05:10:15     -282.081451        0.000011
FIRE:  1151 05:10:15     -282.081451        0.000011
FIRE:  1152 05:10:16     -282.081451        0.000011
FIRE:  1153 05:10:16     -282.081451        0.000011
FIRE:  1154 05:10:16     -282.081451        0.000011
FIRE:  1155 05:10:16     -282.081451        0.000011
FIRE:  1156 05:10:16     -282.081451        0.000011
FIRE:  1157 05:10:16     -282.081451        0.000011
FIRE:  1158 05:10:16     -282.081451        0.000011
FIRE:  1159 05:10:16     -282.081451        0.000011
FIRE:  1160 05:10:17     -282.081451        0.000011
FIRE:  1161 05:10:17     -282.081451        0.000011
FIRE:  1162 05:10:17     -282.081451        0.000011
FIRE:  1163 05:10:17     -282.081451        0.000011
FIRE:  1164 05:10:17     -282.081451        0.000011
FIRE:  1165 05:10:17     -282.081451        0.000011
FIRE:  1166 05:10:17     -282.081451        0.000011
FIRE:  1167 05:10:17     -282.081451        0.000011
FIRE:  1168 05:10:18     -282.081451        0.000011
FIRE:  1169 05:10:18     -282.081451        0.000011
FIRE:  1170 05:10:18     -282.081451        0.000011
FIRE:  1171 05:10:18     -282.081451        0.000011
FIRE:  1172 05:10:18     -282.081451        0.000011
FIRE:  1173 05:10:18     -282.081451        0.000011
FIRE:  1174 05:10:18     -282.081451        0.000011
FIRE:  1175 05:10:18     -282.081451        0.000011
FIRE:  1176 05:10:18     -282.081451        0.000011
FIRE:  1177 05:10:19     -282.081451        0.000011
FIRE:  1178 05:10:19     -282.081451        0.000011
FIRE:  1179 05:10:19     -282.081451        0.000011
FIRE:  1180 05:10:19     -282.081451        0.000011
FIRE:  1181 05:10:19     -282.081451        0.000011
FIRE:  1182 05:10:19     -282.081451        0.000011
FIRE:  1183 05:10:19     -282.081451        0.000011
FIRE:  1184 05:10:19     -282.081451        0.000011
FIRE:  1185 05:10:20     -282.081451        0.000011
FIRE:  1186 05:10:20     -282.081451        0.000011
FIRE:  1187 05:10:20     -282.081451        0.000011
FIRE:  1188 05:10:20     -282.081451        0.000011
FIRE:  1189 05:10:20     -282.081451        0.000011
FIRE:  1190 05:10:20     -282.081451        0.000011
FIRE:  1191 05:10:20     -282.081451        0.000011
FIRE:  1192 05:10:20     -282.081451        0.000011
FIRE:  1193 05:10:20     -282.081451        0.000011
FIRE:  1194 05:10:21     -282.081451        0.000011
FIRE:  1195 05:10:21     -282.081451        0.000011
FIRE:  1196 05:10:21     -282.081451        0.000011
FIRE:  1197 05:10:21     -282.081451        0.000011
FIRE:  1198 05:10:21     -282.081451        0.000011
FIRE:  1199 05:10:21     -282.081451        0.000012
FIRE:  1200 05:10:21     -282.081451        0.000011
FIRE:  1201 05:10:21     -282.081451        0.000011
FIRE:  1202 05:10:22     -282.081451        0.000011
FIRE:  1203 05:10:22     -282.081451        0.000011
FIRE:  1204 05:10:22     -282.081451        0.000011
FIRE:  1205 05:10:22     -282.081451        0.000011
FIRE:  1206 05:10:22     -282.081451        0.000011
FIRE:  1207 05:10:22     -282.081451        0.000011
FIRE:  1208 05:10:22     -282.081451        0.000011
FIRE:  1209 05:10:22     -282.081451        0.000011
FIRE:  1210 05:10:22     -282.081451        0.000011
FIRE:  1211 05:10:23     -282.081451        0.000011
FIRE:  1212 05:10:23     -282.081451        0.000011
FIRE:  1213 05:10:23     -282.081451        0.000011
FIRE:  1214 05:10:23     -282.081451        0.000011
FIRE:  1215 05:10:23     -282.081451        0.000011
FIRE:  1216 05:10:23     -282.081451        0.000011
FIRE:  1217 05:10:23     -282.081451        0.000011
FIRE:  1218 05:10:23     -282.081451        0.000011
FIRE:  1219 05:10:24     -282.081451        0.000011
FIRE:  1220 05:10:24     -282.081451        0.000011
FIRE:  1221 05:10:24     -282.081451        0.000011
FIRE:  1222 05:10:24     -282.081451        0.000011
FIRE:  1223 05:10:24     -282.081451        0.000011
FIRE:  1224 05:10:24     -282.081451        0.000011
FIRE:  1225 05:10:24     -282.081451        0.000011
FIRE:  1226 05:10:24     -282.081451        0.000011
FIRE:  1227 05:10:25     -282.081451        0.000011
FIRE:  1228 05:10:25     -282.081451        0.000011
FIRE:  1229 05:10:25     -282.081451        0.000011
FIRE:  1230 05:10:25     -282.081451        0.000011
FIRE:  1231 05:10:25     -282.081451        0.000011
FIRE:  1232 05:10:25     -282.081451        0.000011
FIRE:  1233 05:10:25     -282.081451        0.000011
FIRE:  1234 05:10:25     -282.081451        0.000011
FIRE:  1235 05:10:25     -282.081451        0.000011
FIRE:  1236 05:10:26     -282.081451        0.000011
FIRE:  1237 05:10:26     -282.081451        0.000011
FIRE:  1238 05:10:26     -282.081451        0.000011
FIRE:  1239 05:10:26     -282.081451        0.000011
FIRE:  1240 05:10:26     -282.081451        0.000011
FIRE:  1241 05:10:26     -282.081451        0.000011
FIRE:  1242 05:10:26     -282.081451        0.000011
FIRE:  1243 05:10:26     -282.081451        0.000011
FIRE:  1244 05:10:27     -282.081451        0.000011
FIRE:  1245 05:10:27     -282.081451        0.000011
FIRE:  1246 05:10:27     -282.081451        0.000011
FIRE:  1247 05:10:27     -282.081451        0.000011
FIRE:  1248 05:10:27     -282.081451        0.000011
FIRE:  1249 05:10:27     -282.081451        0.000011
FIRE:  1250 05:10:27     -282.081451        0.000011
FIRE:  1251 05:10:27     -282.081451        0.000011
FIRE:  1252 05:10:27     -282.081451        0.000011
FIRE:  1253 05:10:28     -282.081451        0.000011
FIRE:  1254 05:10:28     -282.081451        0.000011
FIRE:  1255 05:10:28     -282.081451        0.000011
FIRE:  1256 05:10:28     -282.081451        0.000011
FIRE:  1257 05:10:28     -282.081451        0.000011
FIRE:  1258 05:10:28     -282.081451        0.000011
FIRE:  1259 05:10:28     -282.081451        0.000011
FIRE:  1260 05:10:28     -282.081451        0.000011
FIRE:  1261 05:10:29     -282.081451        0.000011
FIRE:  1262 05:10:29     -282.081451        0.000011
FIRE:  1263 05:10:29     -282.081451        0.000011
FIRE:  1264 05:10:29     -282.081451        0.000011
FIRE:  1265 05:10:29     -282.081451        0.000011
FIRE:  1266 05:10:29     -282.081451        0.000011
FIRE:  1267 05:10:29     -282.081451        0.000011
FIRE:  1268 05:10:29     -282.081451        0.000011
FIRE:  1269 05:10:29     -282.081451        0.000011
FIRE:  1270 05:10:30     -282.081451        0.000011
FIRE:  1271 05:10:30     -282.081451        0.000011
FIRE:  1272 05:10:30     -282.081451        0.000011
FIRE:  1273 05:10:30     -282.081451        0.000011
FIRE:  1274 05:10:30     -282.081451        0.000011
FIRE:  1275 05:10:30     -282.081451        0.000011
FIRE:  1276 05:10:30     -282.081451        0.000011
FIRE:  1277 05:10:30     -282.081451        0.000011
FIRE:  1278 05:10:31     -282.081451        0.000011
FIRE:  1279 05:10:31     -282.081451        0.000011
FIRE:  1280 05:10:31     -282.081451        0.000011
FIRE:  1281 05:10:31     -282.081451        0.000011
FIRE:  1282 05:10:31     -282.081451        0.000011
FIRE:  1283 05:10:31     -282.081451        0.000011
FIRE:  1284 05:10:31     -282.081451        0.000011
FIRE:  1285 05:10:31     -282.081451        0.000011
FIRE:  1286 05:10:32     -282.081451        0.000011
FIRE:  1287 05:10:32     -282.081451        0.000011
FIRE:  1288 05:10:32     -282.081451        0.000011
FIRE:  1289 05:10:32     -282.081451        0.000012
FIRE:  1290 05:10:32     -282.081451        0.000011
FIRE:  1291 05:10:32     -282.081451        0.000011
FIRE:  1292 05:10:32     -282.081451        0.000011
FIRE:  1293 05:10:32     -282.081451        0.000011
FIRE:  1294 05:10:32     -282.081451        0.000011
FIRE:  1295 05:10:33     -282.081451        0.000011
FIRE:  1296 05:10:33     -282.081451        0.000011
FIRE:  1297 05:10:33     -282.081451        0.000011
FIRE:  1298 05:10:33     -282.081451        0.000011
FIRE:  1299 05:10:33     -282.081451        0.000011
FIRE:  1300 05:10:33     -282.081451        0.000011
FIRE:  1301 05:10:33     -282.081451        0.000011
FIRE:  1302 05:10:33     -282.081451        0.000011
FIRE:  1303 05:10:34     -282.081451        0.000011
FIRE:  1304 05:10:34     -282.081451        0.000011
FIRE:  1305 05:10:34     -282.081451        0.000011
FIRE:  1306 05:10:34     -282.081451        0.000011
FIRE:  1307 05:10:34     -282.081451        0.000011
FIRE:  1308 05:10:34     -282.081451        0.000011
FIRE:  1309 05:10:34     -282.081451        0.000012
FIRE:  1310 05:10:34     -282.081451        0.000011
FIRE:  1311 05:10:34     -282.081451        0.000011
FIRE:  1312 05:10:35     -282.081451        0.000011
FIRE:  1313 05:10:35     -282.081451        0.000011
FIRE:  1314 05:10:35     -282.081451        0.000011
FIRE:  1315 05:10:35     -282.081451        0.000011
FIRE:  1316 05:10:35     -282.081451        0.000011
FIRE:  1317 05:10:35     -282.081451        0.000011
FIRE:  1318 05:10:35     -282.081451        0.000011
FIRE:  1319 05:10:35     -282.081451        0.000011
FIRE:  1320 05:10:36     -282.081451        0.000011
FIRE:  1321 05:10:36     -282.081451        0.000011
FIRE:  1322 05:10:36     -282.081451        0.000011
FIRE:  1323 05:10:36     -282.081451        0.000011
FIRE:  1324 05:10:36     -282.081451        0.000011
FIRE:  1325 05:10:36     -282.081451        0.000011
FIRE:  1326 05:10:36     -282.081451        0.000011
FIRE:  1327 05:10:36     -282.081451        0.000011
FIRE:  1328 05:10:36     -282.081451        0.000011
FIRE:  1329 05:10:37     -282.081451        0.000011
FIRE:  1330 05:10:37     -282.081451        0.000011
FIRE:  1331 05:10:37     -282.081451        0.000011
FIRE:  1332 05:10:37     -282.081451        0.000011
FIRE:  1333 05:10:37     -282.081451        0.000011
FIRE:  1334 05:10:37     -282.081451        0.000011
FIRE:  1335 05:10:37     -282.081451        0.000011
FIRE:  1336 05:10:37     -282.081451        0.000011
FIRE:  1337 05:10:38     -282.081451        0.000011
FIRE:  1338 05:10:38     -282.081451        0.000011
FIRE:  1339 05:10:38     -282.081451        0.000011
FIRE:  1340 05:10:38     -282.081451        0.000011
FIRE:  1341 05:10:38     -282.081451        0.000011
FIRE:  1342 05:10:38     -282.081451        0.000011
FIRE:  1343 05:10:38     -282.081451        0.000011
FIRE:  1344 05:10:38     -282.081451        0.000011
FIRE:  1345 05:10:38     -282.081451        0.000011
FIRE:  1346 05:10:39     -282.081451        0.000011
FIRE:  1347 05:10:39     -282.081451        0.000011
FIRE:  1348 05:10:39     -282.081451        0.000011
FIRE:  1349 05:10:39     -282.081451        0.000011
FIRE:  1350 05:10:39     -282.081451        0.000011
FIRE:  1351 05:10:39     -282.081451        0.000011
FIRE:  1352 05:10:39     -282.081451        0.000011
FIRE:  1353 05:10:39     -282.081451        0.000011
FIRE:  1354 05:10:40     -282.081451        0.000011
FIRE:  1355 05:10:40     -282.081451        0.000011
FIRE:  1356 05:10:40     -282.081451        0.000011
FIRE:  1357 05:10:40     -282.081451        0.000011
FIRE:  1358 05:10:40     -282.081451        0.000011
FIRE:  1359 05:10:40     -282.081451        0.000011
FIRE:  1360 05:10:40     -282.081451        0.000011
FIRE:  1361 05:10:40     -282.081451        0.000011
FIRE:  1362 05:10:41     -282.081451        0.000011
FIRE:  1363 05:10:41     -282.081451        0.000011
FIRE:  1364 05:10:41     -282.081451        0.000011
FIRE:  1365 05:10:41     -282.081451        0.000011
FIRE:  1366 05:10:41     -282.081451        0.000011
FIRE:  1367 05:10:41     -282.081451        0.000011
FIRE:  1368 05:10:41     -282.081451        0.000011
FIRE:  1369 05:10:41     -282.081451        0.000011
FIRE:  1370 05:10:41     -282.081451        0.000011
FIRE:  1371 05:10:42     -282.081451        0.000011
FIRE:  1372 05:10:42     -282.081451        0.000011
FIRE:  1373 05:10:42     -282.081451        0.000011
FIRE:  1374 05:10:42     -282.081451        0.000011
FIRE:  1375 05:10:42     -282.081451        0.000011
FIRE:  1376 05:10:42     -282.081451        0.000011
FIRE:  1377 05:10:42     -282.081451        0.000011
FIRE:  1378 05:10:42     -282.081451        0.000011
FIRE:  1379 05:10:43     -282.081451        0.000011
FIRE:  1380 05:10:43     -282.081451        0.000011
FIRE:  1381 05:10:43     -282.081451        0.000011
FIRE:  1382 05:10:43     -282.081451        0.000011
FIRE:  1383 05:10:43     -282.081451        0.000011
FIRE:  1384 05:10:43     -282.081451        0.000011
FIRE:  1385 05:10:43     -282.081451        0.000011
FIRE:  1386 05:10:43     -282.081451        0.000011
FIRE:  1387 05:10:43     -282.081451        0.000011
FIRE:  1388 05:10:44     -282.081451        0.000011
FIRE:  1389 05:10:44     -282.081451        0.000011
FIRE:  1390 05:10:44     -282.081451        0.000011
FIRE:  1391 05:10:44     -282.081451        0.000011
FIRE:  1392 05:10:44     -282.081451        0.000011
FIRE:  1393 05:10:44     -282.081451        0.000011
FIRE:  1394 05:10:44     -282.081451        0.000011
FIRE:  1395 05:10:44     -282.081451        0.000011
FIRE:  1396 05:10:45     -282.081451        0.000011
FIRE:  1397 05:10:45     -282.081451        0.000011
FIRE:  1398 05:10:45     -282.081451        0.000011
FIRE:  1399 05:10:45     -282.081451        0.000011
FIRE:  1400 05:10:45     -282.081451        0.000011
FIRE:  1401 05:10:45     -282.081451        0.000011
FIRE:  1402 05:10:45     -282.081451        0.000011
FIRE:  1403 05:10:45     -282.081451        0.000011
FIRE:  1404 05:10:45     -282.081451        0.000011
FIRE:  1405 05:10:46     -282.081451        0.000011
FIRE:  1406 05:10:46     -282.081451        0.000011
FIRE:  1407 05:10:46     -282.081451        0.000011
FIRE:  1408 05:10:46     -282.081451        0.000011
FIRE:  1409 05:10:46     -282.081451        0.000011
FIRE:  1410 05:10:46     -282.081451        0.000011
FIRE:  1411 05:10:46     -282.081451        0.000011
FIRE:  1412 05:10:46     -282.081451        0.000011
FIRE:  1413 05:10:47     -282.081451        0.000011
FIRE:  1414 05:10:47     -282.081451        0.000011
FIRE:  1415 05:10:47     -282.081451        0.000011
FIRE:  1416 05:10:47     -282.081451        0.000011
FIRE:  1417 05:10:47     -282.081451        0.000011
FIRE:  1418 05:10:47     -282.081451        0.000011
FIRE:  1419 05:10:47     -282.081451        0.000011
FIRE:  1420 05:10:47     -282.081451        0.000011
FIRE:  1421 05:10:48     -282.081451        0.000011
FIRE:  1422 05:10:48     -282.081451        0.000011
FIRE:  1423 05:10:48     -282.081451        0.000011
FIRE:  1424 05:10:48     -282.081451        0.000011
FIRE:  1425 05:10:48     -282.081451        0.000011
FIRE:  1426 05:10:48     -282.081451        0.000011
FIRE:  1427 05:10:48     -282.081451        0.000011
FIRE:  1428 05:10:48     -282.081451        0.000011
FIRE:  1429 05:10:48     -282.081451        0.000011
FIRE:  1430 05:10:49     -282.081451        0.000011
FIRE:  1431 05:10:49     -282.081451        0.000011
FIRE:  1432 05:10:49     -282.081451        0.000011
FIRE:  1433 05:10:49     -282.081451        0.000011
FIRE:  1434 05:10:49     -282.081451        0.000011
FIRE:  1435 05:10:49     -282.081451        0.000011
FIRE:  1436 05:10:49     -282.081451        0.000011
FIRE:  1437 05:10:49     -282.081451        0.000011
FIRE:  1438 05:10:50     -282.081451        0.000011
FIRE:  1439 05:10:50     -282.081451        0.000011
FIRE:  1440 05:10:50     -282.081451        0.000011
FIRE:  1441 05:10:50     -282.081451        0.000011
FIRE:  1442 05:10:50     -282.081451        0.000011
FIRE:  1443 05:10:50     -282.081451        0.000011
FIRE:  1444 05:10:50     -282.081451        0.000011
FIRE:  1445 05:10:50     -282.081451        0.000011
FIRE:  1446 05:10:50     -282.081451        0.000011
FIRE:  1447 05:10:51     -282.081451        0.000011
FIRE:  1448 05:10:51     -282.081451        0.000011
FIRE:  1449 05:10:51     -282.081451        0.000011
FIRE:  1450 05:10:51     -282.081451        0.000011
FIRE:  1451 05:10:51     -282.081451        0.000011
FIRE:  1452 05:10:51     -282.081451        0.000011
FIRE:  1453 05:10:51     -282.081451        0.000011
FIRE:  1454 05:10:51     -282.081451        0.000011
FIRE:  1455 05:10:52     -282.081451        0.000011
FIRE:  1456 05:10:52     -282.081451        0.000011
FIRE:  1457 05:10:52     -282.081451        0.000011
FIRE:  1458 05:10:52     -282.081451        0.000011
FIRE:  1459 05:10:52     -282.081451        0.000011
FIRE:  1460 05:10:52     -282.081451        0.000011
FIRE:  1461 05:10:52     -282.081451        0.000011
FIRE:  1462 05:10:52     -282.081451        0.000011
FIRE:  1463 05:10:52     -282.081451        0.000011
FIRE:  1464 05:10:53     -282.081451        0.000011
FIRE:  1465 05:10:53     -282.081451        0.000011
FIRE:  1466 05:10:53     -282.081451        0.000011
FIRE:  1467 05:10:53     -282.081451        0.000011
FIRE:  1468 05:10:53     -282.081451        0.000011
FIRE:  1469 05:10:53     -282.081451        0.000011
FIRE:  1470 05:10:53     -282.081451        0.000011
FIRE:  1471 05:10:53     -282.081451        0.000011
FIRE:  1472 05:10:54     -282.081451        0.000011
FIRE:  1473 05:10:54     -282.081451        0.000011
FIRE:  1474 05:10:54     -282.081451        0.000011
FIRE:  1475 05:10:54     -282.081451        0.000011
FIRE:  1476 05:10:54     -282.081451        0.000011
FIRE:  1477 05:10:54     -282.081451        0.000011
FIRE:  1478 05:10:54     -282.081451        0.000011
FIRE:  1479 05:10:54     -282.081451        0.000011
FIRE:  1480 05:10:55     -282.081451        0.000011
FIRE:  1481 05:10:55     -282.081451        0.000011
FIRE:  1482 05:10:55     -282.081451        0.000011
FIRE:  1483 05:10:55     -282.081451        0.000011
FIRE:  1484 05:10:55     -282.081451        0.000011
FIRE:  1485 05:10:55     -282.081451        0.000011
FIRE:  1486 05:10:55     -282.081451        0.000011
FIRE:  1487 05:10:55     -282.081451        0.000011
FIRE:  1488 05:10:55     -282.081451        0.000011
FIRE:  1489 05:10:56     -282.081451        0.000011
FIRE:  1490 05:10:56     -282.081451        0.000011
FIRE:  1491 05:10:56     -282.081451        0.000011
FIRE:  1492 05:10:56     -282.081451        0.000011
FIRE:  1493 05:10:56     -282.081451        0.000011
FIRE:  1494 05:10:56     -282.081451        0.000011
FIRE:  1495 05:10:56     -282.081451        0.000011
FIRE:  1496 05:10:56     -282.081451        0.000011
FIRE:  1497 05:10:57     -282.081451        0.000011
FIRE:  1498 05:10:57     -282.081451        0.000011
FIRE:  1499 05:10:57     -282.081451        0.000011
FIRE:  1500 05:10:57     -282.081451        0.000011
FIRE:  1501 05:10:57     -282.081451        0.000011
FIRE:  1502 05:10:57     -282.081451        0.000011
FIRE:  1503 05:10:57     -282.081451        0.000011
FIRE:  1504 05:10:57     -282.081451        0.000011
FIRE:  1505 05:10:57     -282.081451        0.000011
FIRE:  1506 05:10:58     -282.081451        0.000011
FIRE:  1507 05:10:58     -282.081451        0.000011
FIRE:  1508 05:10:58     -282.081451        0.000011
FIRE:  1509 05:10:58     -282.081451        0.000011
FIRE:  1510 05:10:58     -282.081451        0.000011
FIRE:  1511 05:10:58     -282.081451        0.000011
FIRE:  1512 05:10:58     -282.081451        0.000011
FIRE:  1513 05:10:58     -282.081451        0.000011
FIRE:  1514 05:10:59     -282.081451        0.000011
FIRE:  1515 05:10:59     -282.081451        0.000011
FIRE:  1516 05:10:59     -282.081451        0.000011
FIRE:  1517 05:10:59     -282.081451        0.000011
FIRE:  1518 05:10:59     -282.081451        0.000011
FIRE:  1519 05:10:59     -282.081451        0.000011
FIRE:  1520 05:10:59     -282.081451        0.000011
FIRE:  1521 05:10:59     -282.081451        0.000011
FIRE:  1522 05:10:59     -282.081451        0.000011
FIRE:  1523 05:11:00     -282.081451        0.000011
FIRE:  1524 05:11:00     -282.081451        0.000011
FIRE:  1525 05:11:00     -282.081451        0.000011
FIRE:  1526 05:11:00     -282.081451        0.000011
FIRE:  1527 05:11:00     -282.081451        0.000011
FIRE:  1528 05:11:00     -282.081451        0.000011
FIRE:  1529 05:11:00     -282.081451        0.000011
FIRE:  1530 05:11:00     -282.081451        0.000011
FIRE:  1531 05:11:01     -282.081451        0.000011
FIRE:  1532 05:11:01     -282.081451        0.000011
FIRE:  1533 05:11:01     -282.081451        0.000011
FIRE:  1534 05:11:01     -282.081451        0.000011
FIRE:  1535 05:11:01     -282.081451        0.000011
FIRE:  1536 05:11:01     -282.081451        0.000011
FIRE:  1537 05:11:01     -282.081451        0.000011
FIRE:  1538 05:11:01     -282.081451        0.000011
FIRE:  1539 05:11:01     -282.081451        0.000011
FIRE:  1540 05:11:02     -282.081451        0.000011
FIRE:  1541 05:11:02     -282.081451        0.000011
FIRE:  1542 05:11:02     -282.081451        0.000011
FIRE:  1543 05:11:02     -282.081451        0.000011
FIRE:  1544 05:11:02     -282.081451        0.000011
FIRE:  1545 05:11:02     -282.081451        0.000011
FIRE:  1546 05:11:02     -282.081451        0.000011
FIRE:  1547 05:11:02     -282.081451        0.000011
FIRE:  1548 05:11:03     -282.081451        0.000011
FIRE:  1549 05:11:03     -282.081451        0.000011
FIRE:  1550 05:11:03     -282.081451        0.000011
FIRE:  1551 05:11:03     -282.081451        0.000011
FIRE:  1552 05:11:03     -282.081451        0.000011
FIRE:  1553 05:11:03     -282.081451        0.000011
FIRE:  1554 05:11:03     -282.081451        0.000011
FIRE:  1555 05:11:03     -282.081451        0.000011
FIRE:  1556 05:11:04     -282.081451        0.000011
FIRE:  1557 05:11:04     -282.081451        0.000011
FIRE:  1558 05:11:04     -282.081451        0.000011
FIRE:  1559 05:11:04     -282.081451        0.000011
FIRE:  1560 05:11:04     -282.081451        0.000011
FIRE:  1561 05:11:04     -282.081451        0.000011
FIRE:  1562 05:11:04     -282.081451        0.000011
FIRE:  1563 05:11:04     -282.081451        0.000011
FIRE:  1564 05:11:04     -282.081451        0.000011
FIRE:  1565 05:11:05     -282.081451        0.000011
FIRE:  1566 05:11:05     -282.081451        0.000011
FIRE:  1567 05:11:05     -282.081451        0.000011
FIRE:  1568 05:11:05     -282.081451        0.000011
FIRE:  1569 05:11:05     -282.081451        0.000011
FIRE:  1570 05:11:05     -282.081451        0.000011
FIRE:  1571 05:11:05     -282.081451        0.000011
FIRE:  1572 05:11:05     -282.081451        0.000011
FIRE:  1573 05:11:06     -282.081451        0.000011
FIRE:  1574 05:11:06     -282.081451        0.000011
FIRE:  1575 05:11:06     -282.081451        0.000011
FIRE:  1576 05:11:06     -282.081451        0.000011
FIRE:  1577 05:11:06     -282.081451        0.000011
FIRE:  1578 05:11:06     -282.081451        0.000011
FIRE:  1579 05:11:06     -282.081451        0.000011
FIRE:  1580 05:11:06     -282.081451        0.000011
FIRE:  1581 05:11:06     -282.081451        0.000011
FIRE:  1582 05:11:07     -282.081451        0.000011
FIRE:  1583 05:11:07     -282.081451        0.000011
FIRE:  1584 05:11:07     -282.081451        0.000011
FIRE:  1585 05:11:07     -282.081451        0.000011
FIRE:  1586 05:11:07     -282.081451        0.000011
FIRE:  1587 05:11:07     -282.081451        0.000011
FIRE:  1588 05:11:07     -282.081451        0.000011
FIRE:  1589 05:11:07     -282.081451        0.000011
FIRE:  1590 05:11:08     -282.081451        0.000011
FIRE:  1591 05:11:08     -282.081451        0.000011
FIRE:  1592 05:11:08     -282.081451        0.000011
FIRE:  1593 05:11:08     -282.081451        0.000011
FIRE:  1594 05:11:08     -282.081451        0.000011
FIRE:  1595 05:11:08     -282.081451        0.000011
FIRE:  1596 05:11:08     -282.081451        0.000011
FIRE:  1597 05:11:08     -282.081451        0.000011
FIRE:  1598 05:11:08     -282.081451        0.000011
FIRE:  1599 05:11:09     -282.081451        0.000011
FIRE:  1600 05:11:09     -282.081451        0.000011
FIRE:  1601 05:11:09     -282.081451        0.000011
FIRE:  1602 05:11:09     -282.081451        0.000011
FIRE:  1603 05:11:09     -282.081451        0.000011
FIRE:  1604 05:11:09     -282.081451        0.000011
FIRE:  1605 05:11:09     -282.081451        0.000011
FIRE:  1606 05:11:09     -282.081451        0.000011
FIRE:  1607 05:11:10     -282.081451        0.000011
FIRE:  1608 05:11:10     -282.081451        0.000011
FIRE:  1609 05:11:10     -282.081451        0.000011
FIRE:  1610 05:11:10     -282.081451        0.000011
FIRE:  1611 05:11:10     -282.081451        0.000011
FIRE:  1612 05:11:10     -282.081451        0.000011
FIRE:  1613 05:11:10     -282.081451        0.000011
FIRE:  1614 05:11:10     -282.081451        0.000011
FIRE:  1615 05:11:10     -282.081451        0.000011
FIRE:  1616 05:11:11     -282.081451        0.000011
FIRE:  1617 05:11:11     -282.081451        0.000011
FIRE:  1618 05:11:11     -282.081451        0.000011
FIRE:  1619 05:11:11     -282.081451        0.000011
FIRE:  1620 05:11:11     -282.081451        0.000011
FIRE:  1621 05:11:11     -282.081451        0.000011
FIRE:  1622 05:11:11     -282.081451        0.000011
FIRE:  1623 05:11:11     -282.081451        0.000011
FIRE:  1624 05:11:12     -282.081451        0.000012
FIRE:  1625 05:11:12     -282.081451        0.000011
FIRE:  1626 05:11:12     -282.081451        0.000011
FIRE:  1627 05:11:12     -282.081451        0.000011
FIRE:  1628 05:11:12     -282.081451        0.000011
FIRE:  1629 05:11:12     -282.081451        0.000011
FIRE:  1630 05:11:12     -282.081451        0.000011
FIRE:  1631 05:11:12     -282.081451        0.000011
FIRE:  1632 05:11:13     -282.081451        0.000011
FIRE:  1633 05:11:13     -282.081451        0.000011
FIRE:  1634 05:11:13     -282.081451        0.000011
FIRE:  1635 05:11:13     -282.081451        0.000011
FIRE:  1636 05:11:13     -282.081451        0.000011
FIRE:  1637 05:11:13     -282.081451        0.000011
FIRE:  1638 05:11:13     -282.081451        0.000011
FIRE:  1639 05:11:13     -282.081451        0.000011
FIRE:  1640 05:11:13     -282.081451        0.000011
FIRE:  1641 05:11:14     -282.081451        0.000011
FIRE:  1642 05:11:14     -282.081451        0.000011
FIRE:  1643 05:11:14     -282.081451        0.000011
FIRE:  1644 05:11:14     -282.081451        0.000011
FIRE:  1645 05:11:14     -282.081451        0.000011
FIRE:  1646 05:11:14     -282.081451        0.000011
FIRE:  1647 05:11:14     -282.081451        0.000011
FIRE:  1648 05:11:14     -282.081451        0.000011
FIRE:  1649 05:11:15     -282.081451        0.000011
FIRE:  1650 05:11:15     -282.081451        0.000011
FIRE:  1651 05:11:15     -282.081451        0.000011
FIRE:  1652 05:11:15     -282.081451        0.000011
FIRE:  1653 05:11:15     -282.081451        0.000011
FIRE:  1654 05:11:15     -282.081451        0.000011
FIRE:  1655 05:11:15     -282.081451        0.000011
FIRE:  1656 05:11:15     -282.081451        0.000011
FIRE:  1657 05:11:15     -282.081451        0.000011
FIRE:  1658 05:11:16     -282.081451        0.000011
FIRE:  1659 05:11:16     -282.081451        0.000011
FIRE:  1660 05:11:16     -282.081451        0.000011
FIRE:  1661 05:11:16     -282.081451        0.000011
FIRE:  1662 05:11:16     -282.081451        0.000011
FIRE:  1663 05:11:16     -282.081451        0.000011
FIRE:  1664 05:11:16     -282.081451        0.000011
FIRE:  1665 05:11:16     -282.081451        0.000011
FIRE:  1666 05:11:17     -282.081451        0.000011
FIRE:  1667 05:11:17     -282.081451        0.000011
FIRE:  1668 05:11:17     -282.081451        0.000011
FIRE:  1669 05:11:17     -282.081451        0.000011
FIRE:  1670 05:11:17     -282.081451        0.000011
FIRE:  1671 05:11:17     -282.081451        0.000011
FIRE:  1672 05:11:17     -282.081482        0.000011
FIRE:  1673 05:11:17     -282.081451        0.000011
FIRE:  1674 05:11:17     -282.081451        0.000011
FIRE:  1675 05:11:18     -282.081451        0.000011
FIRE:  1676 05:11:18     -282.081451        0.000011
FIRE:  1677 05:11:18     -282.081451        0.000011
FIRE:  1678 05:11:18     -282.081451        0.000011
FIRE:  1679 05:11:18     -282.081451        0.000011
FIRE:  1680 05:11:18     -282.081451        0.000011
FIRE:  1681 05:11:18     -282.081451        0.000011
FIRE:  1682 05:11:18     -282.081451        0.000011
FIRE:  1683 05:11:19     -282.081451        0.000011
FIRE:  1684 05:11:19     -282.081451        0.000011
FIRE:  1685 05:11:19     -282.081451        0.000011
FIRE:  1686 05:11:19     -282.081451        0.000011
FIRE:  1687 05:11:19     -282.081451        0.000011
FIRE:  1688 05:11:19     -282.081451        0.000011
FIRE:  1689 05:11:19     -282.081451        0.000011
FIRE:  1690 05:11:19     -282.081451        0.000011
FIRE:  1691 05:11:19     -282.081451        0.000011
FIRE:  1692 05:11:20     -282.081451        0.000011
FIRE:  1693 05:11:20     -282.081451        0.000011
FIRE:  1694 05:11:20     -282.081451        0.000011
FIRE:  1695 05:11:20     -282.081451        0.000011
FIRE:  1696 05:11:20     -282.081451        0.000011
FIRE:  1697 05:11:20     -282.081451        0.000011
FIRE:  1698 05:11:20     -282.081451        0.000011
FIRE:  1699 05:11:20     -282.081451        0.000011
FIRE:  1700 05:11:21     -282.081451        0.000011
FIRE:  1701 05:11:21     -282.081451        0.000011
FIRE:  1702 05:11:21     -282.081451        0.000011
FIRE:  1703 05:11:21     -282.081451        0.000011
FIRE:  1704 05:11:21     -282.081451        0.000011
FIRE:  1705 05:11:21     -282.081451        0.000011
FIRE:  1706 05:11:21     -282.081451        0.000011
FIRE:  1707 05:11:21     -282.081451        0.000011
FIRE:  1708 05:11:22     -282.081451        0.000011
FIRE:  1709 05:11:22     -282.081451        0.000011
FIRE:  1710 05:11:22     -282.081451        0.000011
FIRE:  1711 05:11:22     -282.081451        0.000011
FIRE:  1712 05:11:22     -282.081451        0.000011
FIRE:  1713 05:11:22     -282.081451        0.000011
FIRE:  1714 05:11:22     -282.081451        0.000011
FIRE:  1715 05:11:22     -282.081451        0.000011
FIRE:  1716 05:11:22     -282.081451        0.000011
FIRE:  1717 05:11:23     -282.081451        0.000011
FIRE:  1718 05:11:23     -282.081451        0.000011
FIRE:  1719 05:11:23     -282.081451        0.000011
FIRE:  1720 05:11:23     -282.081451        0.000011
FIRE:  1721 05:11:23     -282.081451        0.000011
FIRE:  1722 05:11:23     -282.081451        0.000011
FIRE:  1723 05:11:23     -282.081451        0.000011
FIRE:  1724 05:11:23     -282.081451        0.000011
FIRE:  1725 05:11:24     -282.081451        0.000011
FIRE:  1726 05:11:24     -282.081451        0.000011
FIRE:  1727 05:11:24     -282.081451        0.000011
FIRE:  1728 05:11:24     -282.081451        0.000012
FIRE:  1729 05:11:24     -282.081451        0.000011
FIRE:  1730 05:11:24     -282.081451        0.000011
FIRE:  1731 05:11:24     -282.081451        0.000011
FIRE:  1732 05:11:24     -282.081451        0.000011
FIRE:  1733 05:11:24     -282.081451        0.000011
FIRE:  1734 05:11:25     -282.081451        0.000012
FIRE:  1735 05:11:25     -282.081451        0.000011
FIRE:  1736 05:11:25     -282.081451        0.000011
FIRE:  1737 05:11:25     -282.081451        0.000011
FIRE:  1738 05:11:25     -282.081451        0.000011
FIRE:  1739 05:11:25     -282.081451        0.000011
FIRE:  1740 05:11:25     -282.081451        0.000011
FIRE:  1741 05:11:25     -282.081451        0.000011
FIRE:  1742 05:11:26     -282.081451        0.000011
FIRE:  1743 05:11:26     -282.081451        0.000011
FIRE:  1744 05:11:26     -282.081451        0.000011
FIRE:  1745 05:11:26     -282.081451        0.000011
FIRE:  1746 05:11:26     -282.081451        0.000011
FIRE:  1747 05:11:26     -282.081451        0.000011
FIRE:  1748 05:11:26     -282.081451        0.000011
FIRE:  1749 05:11:26     -282.081451        0.000011
FIRE:  1750 05:11:26     -282.081451        0.000011
FIRE:  1751 05:11:27     -282.081451        0.000011
FIRE:  1752 05:11:27     -282.081451        0.000011
FIRE:  1753 05:11:27     -282.081451        0.000011
FIRE:  1754 05:11:27     -282.081451        0.000011
FIRE:  1755 05:11:27     -282.081451        0.000011
FIRE:  1756 05:11:27     -282.081451        0.000011
FIRE:  1757 05:11:27     -282.081451        0.000011
FIRE:  1758 05:11:27     -282.081451        0.000011
FIRE:  1759 05:11:28     -282.081451        0.000011
FIRE:  1760 05:11:28     -282.081451        0.000011
FIRE:  1761 05:11:28     -282.081451        0.000011
FIRE:  1762 05:11:28     -282.081451        0.000011
FIRE:  1763 05:11:28     -282.081451        0.000011
FIRE:  1764 05:11:28     -282.081451        0.000011
FIRE:  1765 05:11:28     -282.081451        0.000011
FIRE:  1766 05:11:28     -282.081451        0.000011
FIRE:  1767 05:11:28     -282.081451        0.000011
FIRE:  1768 05:11:29     -282.081451        0.000011
FIRE:  1769 05:11:29     -282.081451        0.000011
FIRE:  1770 05:11:29     -282.081451        0.000011
FIRE:  1771 05:11:29     -282.081451        0.000011
FIRE:  1772 05:11:29     -282.081451        0.000011
FIRE:  1773 05:11:29     -282.081451        0.000011
FIRE:  1774 05:11:29     -282.081451        0.000011
FIRE:  1775 05:11:29     -282.081451        0.000011
FIRE:  1776 05:11:30     -282.081451        0.000011
FIRE:  1777 05:11:30     -282.081451        0.000011
FIRE:  1778 05:11:30     -282.081451        0.000011
FIRE:  1779 05:11:30     -282.081451        0.000011
FIRE:  1780 05:11:30     -282.081451        0.000011
FIRE:  1781 05:11:30     -282.081451        0.000011
FIRE:  1782 05:11:30     -282.081451        0.000011
FIRE:  1783 05:11:30     -282.081451        0.000011
FIRE:  1784 05:11:31     -282.081451        0.000011
FIRE:  1785 05:11:31     -282.081451        0.000011
FIRE:  1786 05:11:31     -282.081451        0.000011
FIRE:  1787 05:11:31     -282.081451        0.000011
FIRE:  1788 05:11:31     -282.081451        0.000011
FIRE:  1789 05:11:31     -282.081451        0.000011
FIRE:  1790 05:11:31     -282.081451        0.000011
FIRE:  1791 05:11:31     -282.081451        0.000011
FIRE:  1792 05:11:31     -282.081451        0.000011
FIRE:  1793 05:11:32     -282.081451        0.000011
FIRE:  1794 05:11:32     -282.081451        0.000011
FIRE:  1795 05:11:32     -282.081451        0.000011
FIRE:  1796 05:11:32     -282.081451        0.000011
FIRE:  1797 05:11:32     -282.081451        0.000011
FIRE:  1798 05:11:32     -282.081451        0.000011
FIRE:  1799 05:11:32     -282.081451        0.000011
FIRE:  1800 05:11:32     -282.081451        0.000011
FIRE:  1801 05:11:33     -282.081451        0.000011
FIRE:  1802 05:11:33     -282.081451        0.000011
FIRE:  1803 05:11:33     -282.081451        0.000011
FIRE:  1804 05:11:33     -282.081451        0.000011
FIRE:  1805 05:11:33     -282.081451        0.000011
FIRE:  1806 05:11:33     -282.081451        0.000011
FIRE:  1807 05:11:33     -282.081451        0.000011
FIRE:  1808 05:11:33     -282.081451        0.000011
FIRE:  1809 05:11:33     -282.081451        0.000011
FIRE:  1810 05:11:34     -282.081451        0.000011
FIRE:  1811 05:11:34     -282.081451        0.000011
FIRE:  1812 05:11:34     -282.081451        0.000011
FIRE:  1813 05:11:34     -282.081451        0.000011
FIRE:  1814 05:11:34     -282.081451        0.000011
FIRE:  1815 05:11:34     -282.081451        0.000011
FIRE:  1816 05:11:34     -282.081451        0.000011
FIRE:  1817 05:11:34     -282.081451        0.000011
FIRE:  1818 05:11:35     -282.081451        0.000011
FIRE:  1819 05:11:35     -282.081451        0.000011
FIRE:  1820 05:11:35     -282.081451        0.000011
FIRE:  1821 05:11:35     -282.081451        0.000011
FIRE:  1822 05:11:35     -282.081451        0.000011
FIRE:  1823 05:11:35     -282.081451        0.000011
FIRE:  1824 05:11:35     -282.081451        0.000011
FIRE:  1825 05:11:35     -282.081451        0.000011
FIRE:  1826 05:11:35     -282.081451        0.000011
FIRE:  1827 05:11:36     -282.081451        0.000012
FIRE:  1828 05:11:36     -282.081451        0.000012
FIRE:  1829 05:11:36     -282.081451        0.000011
FIRE:  1830 05:11:36     -282.081451        0.000011
FIRE:  1831 05:11:36     -282.081451        0.000011
FIRE:  1832 05:11:36     -282.081451        0.000011
FIRE:  1833 05:11:36     -282.081451        0.000011
FIRE:  1834 05:11:36     -282.081451        0.000011
FIRE:  1835 05:11:37     -282.081451        0.000011
FIRE:  1836 05:11:37     -282.081451        0.000011
FIRE:  1837 05:11:37     -282.081451        0.000011
FIRE:  1838 05:11:37     -282.081451        0.000011
FIRE:  1839 05:11:37     -282.081451        0.000011
FIRE:  1840 05:11:37     -282.081451        0.000011
FIRE:  1841 05:11:37     -282.081451        0.000010
FIRE:  1842 05:11:37     -282.081451        0.000010
FIRE:  1843 05:11:38     -282.081451        0.000010
