  64   64
1 1
    14.036572029044692     0.000000000000000    -0.000000000000000
     0.000000000000000    14.036572029044692    -0.000000000000000
    -0.000000000000000    -0.000000000000000    14.036572029044686
1 2
    -0.067616379192259     0.000000000000000    -0.000000000000000
    -0.000000000000000    -0.063411041583095     0.000000000000000
     0.000000000000000    -0.000000000000000    -0.063411041583095
1 3
    -0.063411041583095     0.000000000000000    -0.000000000000000
    -0.000000000000000    -0.067616379192259     0.000000000000000
     0.000000000000000    -0.000000000000000    -0.063411041583095
1 4
    -0.002013487346630    -0.000000000000000    -0.000000000000000
    -0.000000000000000    -0.002013487346631    -0.000000000000000
    -0.000000000000000     0.000000000000000     0.192951181134049
1 5
    -0.063411041583095    -0.000000000000000    -0.000000000000000
     0.000000000000000    -0.063411041583095     0.000000000000000
     0.000000000000000    -0.000000000000000    -0.067616379192259
1 6
    -0.002013487346630     0.000000000000000    -0.000000000000000
     0.000000000000000     0.192951181134049     0.000000000000000
     0.000000000000000     0.000000000000000    -0.002013487346630
1 7
     0.192951181134049     0.000000000000000     0.000000000000000
    -0.000000000000000    -0.002013487346631    -0.000000000000000
     0.000000000000000     0.000000000000000    -0.002013487346630
1 8
    -0.008785683121459    -0.000000000000000    -0.000000000000000
     0.000000000000000    -0.008785683121460     0.000000000000000
    -0.000000000000000    -0.000000000000000    -0.008785683121459
1 9
     0.060418029943321     0.037259271994117     0.022368424833985
     0.037259271994117     0.030353763622770    -0.037259271994117
     0.022368424833985    -0.037259271994117     0.060418029943321
1 10
    -0.025183232673953     0.029356550294324     0.040372017974732
     0.029356550294324    -0.025183232673953    -0.040372017974732
     0.040372017974732    -0.040372017974732    -0.104555772804815
1 11
    -3.322380731651720     2.515143668279051     2.515143668279051
     2.515143668279053    -3.322380731651720    -2.515143668279052
     2.515143668279052    -2.515143668279051    -3.322380731651718
1 12
     0.030353763622770     0.037259271994117     0.037259271994117
     0.037259271994117     0.060418029943321    -0.022368424833985
     0.037259271994117    -0.022368424833985     0.060418029943321
1 13
    -0.104555772804815     0.040372017974732     0.040372017974732
     0.040372017974732    -0.025183232673953    -0.029356550294324
     0.040372017974732    -0.029356550294324    -0.025183232673953
1 14
     0.005425711287899     0.007810478928150     0.007810478928150
     0.007810478928150     0.005425711287899    -0.007810478928150
     0.007810478928150    -0.007810478928150     0.005425711287899
1 15
     0.060418029943321     0.022368424833985     0.037259271994117
     0.022368424833985     0.060418029943321    -0.037259271994117
     0.037259271994117    -0.037259271994117     0.030353763622770
1 16
    -0.025183232673953     0.040372017974732     0.029356550294324
     0.040372017974732    -0.104555772804815    -0.040372017974732
     0.029356550294324    -0.040372017974732    -0.025183232673953
1 17
     0.326937544787143    -0.048642867113813     0.048642867113813
     0.048642867113813    -0.230686433451410     0.234968497534283
    -0.048642867113813     0.234968497534283    -0.230686433451410
1 18
     0.003309412613817    -0.010440718779137     0.010440718779137
     0.010440718779137    -0.026877338996201    -0.040986281237565
    -0.010440718779137    -0.040986281237565    -0.026877338996201
1 19
     0.326937544787143    -0.048642867113813    -0.048642867113813
     0.048642867113813    -0.230686433451410    -0.234968497534283
     0.048642867113813    -0.234968497534282    -0.230686433451410
1 20
     0.003309412613817    -0.010440718779137    -0.010440718779137
     0.010440718779137    -0.026877338996201     0.040986281237565
     0.010440718779137     0.040986281237565    -0.026877338996201
1 21
     0.326937544787143     0.048642867113813     0.048642867113813
    -0.048642867113813    -0.230686433451410    -0.234968497534283
    -0.048642867113813    -0.234968497534282    -0.230686433451410
1 22
     0.003309412613817     0.010440718779137     0.010440718779137
    -0.010440718779137    -0.026877338996201     0.040986281237565
    -0.010440718779137     0.040986281237565    -0.026877338996201
1 23
     0.326937544787143     0.048642867113813    -0.048642867113813
    -0.048642867113813    -0.230686433451410     0.234968497534283
     0.048642867113813     0.234968497534283    -0.230686433451410
1 24
     0.003309412613817     0.010440718779137    -0.010440718779137
    -0.010440718779137    -0.026877338996201    -0.040986281237565
     0.010440718779137    -0.040986281237565    -0.026877338996201
1 25
    -3.322380731651720    -2.515143668279051    -2.515143668279051
    -2.515143668279053    -3.322380731651720    -2.515143668279052
    -2.515143668279052    -2.515143668279051    -3.322380731651718
1 26
     0.030353763622770    -0.037259271994117    -0.037259271994117
    -0.037259271994117     0.060418029943321    -0.022368424833985
    -0.037259271994117    -0.022368424833985     0.060418029943321
1 27
     0.060418029943321    -0.037259271994117    -0.022368424833985
    -0.037259271994117     0.030353763622770    -0.037259271994117
    -0.022368424833985    -0.037259271994117     0.060418029943321
1 28
    -0.025183232673953    -0.029356550294324    -0.040372017974732
    -0.029356550294324    -0.025183232673953    -0.040372017974732
    -0.040372017974732    -0.040372017974732    -0.104555772804815
1 29
     0.060418029943321    -0.022368424833985    -0.037259271994117
    -0.022368424833985     0.060418029943321    -0.037259271994117
    -0.037259271994117    -0.037259271994117     0.030353763622770
1 30
    -0.025183232673953    -0.040372017974732    -0.029356550294324
    -0.040372017974732    -0.104555772804815    -0.040372017974732
    -0.029356550294324    -0.040372017974732    -0.025183232673953
1 31
    -0.104555772804815    -0.040372017974732    -0.040372017974732
    -0.040372017974732    -0.025183232673953    -0.029356550294324
    -0.040372017974732    -0.029356550294324    -0.025183232673953
1 32
     0.005425711287899    -0.007810478928150    -0.007810478928150
    -0.007810478928150     0.005425711287898    -0.007810478928150
    -0.007810478928150    -0.007810478928150     0.005425711287899
1 33
    -0.230686433451410     0.048642867113813    -0.234968497534282
    -0.048642867113813     0.326937544787142    -0.048642867113813
    -0.234968497534282     0.048642867113813    -0.230686433451410
1 34
    -0.230686433451410     0.048642867113813     0.234968497534282
    -0.048642867113813     0.326937544787142     0.048642867113813
     0.234968497534282    -0.048642867113813    -0.230686433451410
1 35
    -0.026877338996201     0.010440718779137     0.040986281237565
    -0.010440718779137     0.003309412613817    -0.010440718779137
     0.040986281237565     0.010440718779137    -0.026877338996201
1 36
    -0.026877338996201     0.010440718779137    -0.040986281237565
    -0.010440718779137     0.003309412613817     0.010440718779137
    -0.040986281237565    -0.010440718779137    -0.026877338996201
1 37
    -0.230686433451410    -0.048642867113813     0.234968497534282
     0.048642867113813     0.326937544787143    -0.048642867113813
     0.234968497534282     0.048642867113813    -0.230686433451410
1 38
    -0.230686433451410    -0.048642867113813    -0.234968497534282
     0.048642867113813     0.326937544787142     0.048642867113813
    -0.234968497534283    -0.048642867113813    -0.230686433451410
1 39
    -0.026877338996201    -0.010440718779137    -0.040986281237565
     0.010440718779137     0.003309412613817    -0.010440718779137
    -0.040986281237565     0.010440718779137    -0.026877338996201
1 40
    -0.026877338996201    -0.010440718779137     0.040986281237565
     0.010440718779137     0.003309412613817     0.010440718779137
     0.040986281237565    -0.010440718779137    -0.026877338996201
1 41
     0.060418029943321    -0.037259271994117     0.022368424833985
    -0.037259271994117     0.030353763622770     0.037259271994117
     0.022368424833985     0.037259271994117     0.060418029943321
1 42
    -0.025183232673953    -0.029356550294324     0.040372017974732
    -0.029356550294324    -0.025183232673953     0.040372017974732
     0.040372017974732     0.040372017974732    -0.104555772804815
1 43
    -3.322380731651720    -2.515143668279051     2.515143668279051
    -2.515143668279053    -3.322380731651720     2.515143668279052
     2.515143668279052     2.515143668279051    -3.322380731651718
1 44
     0.030353763622770    -0.037259271994117     0.037259271994117
    -0.037259271994117     0.060418029943321     0.022368424833985
     0.037259271994117     0.022368424833985     0.060418029943321
1 45
    -0.104555772804815    -0.040372017974732     0.040372017974732
    -0.040372017974732    -0.025183232673953     0.029356550294324
     0.040372017974732     0.029356550294324    -0.025183232673953
1 46
     0.005425711287899    -0.007810478928150     0.007810478928150
    -0.007810478928150     0.005425711287899     0.007810478928150
     0.007810478928150     0.007810478928150     0.005425711287899
1 47
     0.060418029943321    -0.022368424833985     0.037259271994117
    -0.022368424833985     0.060418029943321     0.037259271994117
     0.037259271994117     0.037259271994117     0.030353763622770
1 48
    -0.025183232673953    -0.040372017974732     0.029356550294324
    -0.040372017974732    -0.104555772804815     0.040372017974732
     0.029356550294324     0.040372017974732    -0.025183232673953
1 49
    -0.230686433451410     0.234968497534283    -0.048642867113813
     0.234968497534283    -0.230686433451410     0.048642867113813
     0.048642867113813    -0.048642867113813     0.326937544787142
1 50
    -0.230686433451410    -0.234968497534282    -0.048642867113813
    -0.234968497534283    -0.230686433451410    -0.048642867113813
     0.048642867113813     0.048642867113813     0.326937544787143
1 51
    -0.230686433451410    -0.234968497534283     0.048642867113813
    -0.234968497534283    -0.230686433451410     0.048642867113813
    -0.048642867113813    -0.048642867113813     0.326937544787142
1 52
    -0.230686433451410     0.234968497534282     0.048642867113813
     0.234968497534283    -0.230686433451410    -0.048642867113813
    -0.048642867113813     0.048642867113813     0.326937544787142
1 53
    -0.026877338996201    -0.040986281237565    -0.010440718779137
    -0.040986281237565    -0.026877338996201     0.010440718779137
     0.010440718779137    -0.010440718779137     0.003309412613817
1 54
    -0.026877338996201     0.040986281237565    -0.010440718779137
     0.040986281237565    -0.026877338996201    -0.010440718779137
     0.010440718779137     0.010440718779137     0.003309412613817
1 55
    -0.026877338996201     0.040986281237565     0.010440718779137
     0.040986281237565    -0.026877338996201     0.010440718779137
    -0.010440718779137    -0.010440718779137     0.003309412613817
1 56
    -0.026877338996201    -0.040986281237565     0.010440718779137
    -0.040986281237565    -0.026877338996201    -0.010440718779137
    -0.010440718779137     0.010440718779137     0.003309412613817
1 57
    -3.322380731651720     2.515143668279051    -2.515143668279051
     2.515143668279053    -3.322380731651720     2.515143668279052
    -2.515143668279052     2.515143668279051    -3.322380731651718
1 58
     0.030353763622770     0.037259271994117    -0.037259271994117
     0.037259271994117     0.060418029943321     0.022368424833985
    -0.037259271994117     0.022368424833985     0.060418029943321
1 59
     0.060418029943321     0.037259271994117    -0.022368424833985
     0.037259271994117     0.030353763622770     0.037259271994117
    -0.022368424833985     0.037259271994117     0.060418029943321
1 60
    -0.025183232673953     0.029356550294324    -0.040372017974732
     0.029356550294324    -0.025183232673953     0.040372017974732
    -0.040372017974732     0.040372017974732    -0.104555772804815
1 61
     0.060418029943321     0.022368424833985    -0.037259271994117
     0.022368424833985     0.060418029943321     0.037259271994117
    -0.037259271994117     0.037259271994117     0.030353763622770
1 62
    -0.025183232673953     0.040372017974732    -0.029356550294324
     0.040372017974732    -0.104555772804815     0.040372017974732
    -0.029356550294324     0.040372017974732    -0.025183232673953
1 63
    -0.104555772804815     0.040372017974732    -0.040372017974732
     0.040372017974732    -0.025183232673953     0.029356550294324
    -0.040372017974732     0.029356550294324    -0.025183232673953
1 64
     0.005425711287899     0.007810478928150    -0.007810478928150
     0.007810478928150     0.005425711287898     0.007810478928150
    -0.007810478928150     0.007810478928150     0.005425711287899
2 1
    -0.067616379192259    -0.000000000000000     0.000000000000000
     0.000000000000000    -0.063411041583095    -0.000000000000000
    -0.000000000000000     0.000000000000000    -0.063411041583095
2 2
    14.036572029044695     0.000000000000000     0.000000000000000
     0.000000000000000    14.036572029044686    -0.000000000000000
     0.000000000000000    -0.000000000000000    14.036572029044686
2 3
    -0.002013487346630     0.000000000000000    -0.000000000000000
     0.000000000000000    -0.002013487346630     0.000000000000000
    -0.000000000000000    -0.000000000000000     0.192951181134049
2 4
    -0.063411041583095    -0.000000000000000     0.000000000000000
    -0.000000000000000    -0.067616379192259    -0.000000000000000
    -0.000000000000000     0.000000000000000    -0.063411041583095
2 5
    -0.002013487346630    -0.000000000000000    -0.000000000000000
     0.000000000000000     0.192951181134049    -0.000000000000000
    -0.000000000000000    -0.000000000000000    -0.002013487346630
2 6
    -0.063411041583095    -0.000000000000000     0.000000000000000
     0.000000000000000    -0.063411041583095    -0.000000000000000
    -0.000000000000000     0.000000000000000    -0.067616379192259
2 7
    -0.008785683121459     0.000000000000000     0.000000000000000
     0.000000000000000    -0.008785683121459    -0.000000000000000
    -0.000000000000000    -0.000000000000000    -0.008785683121459
2 8
     0.192951181134049    -0.000000000000000    -0.000000000000000
     0.000000000000000    -0.002013487346630     0.000000000000000
    -0.000000000000000    -0.000000000000000    -0.002013487346630
2 9
    -0.025183232673953     0.029356550294324     0.040372017974732
     0.029356550294324    -0.025183232673953    -0.040372017974732
     0.040372017974732    -0.040372017974732    -0.104555772804815
2 10
     0.060418029943321     0.037259271994117     0.022368424833985
     0.037259271994117     0.030353763622770    -0.037259271994117
     0.022368424833985    -0.037259271994117     0.060418029943321
2 11
     0.030353763622770     0.037259271994117     0.037259271994117
     0.037259271994117     0.060418029943321    -0.022368424833985
     0.037259271994117    -0.022368424833985     0.060418029943321
2 12
    -3.322380731651720     2.515143668279052     2.515143668279052
     2.515143668279052    -3.322380731651718    -2.515143668279051
     2.515143668279052    -2.515143668279051    -3.322380731651718
2 13
     0.005425711287899     0.007810478928150     0.007810478928150
     0.007810478928150     0.005425711287899    -0.007810478928150
     0.007810478928150    -0.007810478928150     0.005425711287899
2 14
    -0.104555772804815     0.040372017974732     0.040372017974732
     0.040372017974732    -0.025183232673953    -0.029356550294324
     0.040372017974732    -0.029356550294324    -0.025183232673953
2 15
    -0.025183232673953     0.040372017974732     0.029356550294324
     0.040372017974732    -0.104555772804815    -0.040372017974732
     0.029356550294324    -0.040372017974732    -0.025183232673953
2 16
     0.060418029943321     0.022368424833985     0.037259271994117
     0.022368424833985     0.060418029943321    -0.037259271994117
     0.037259271994117    -0.037259271994117     0.030353763622770
2 17
     0.003309412613817    -0.010440718779137     0.010440718779137
     0.010440718779137    -0.026877338996201    -0.040986281237565
    -0.010440718779137    -0.040986281237565    -0.026877338996201
2 18
     0.326937544787142    -0.048642867113813     0.048642867113813
     0.048642867113813    -0.230686433451410     0.234968497534282
    -0.048642867113813     0.234968497534282    -0.230686433451410
2 19
     0.003309412613817    -0.010440718779137    -0.010440718779137
     0.010440718779137    -0.026877338996201     0.040986281237565
     0.010440718779137     0.040986281237565    -0.026877338996201
2 20
     0.326937544787143    -0.048642867113813    -0.048642867113813
     0.048642867113813    -0.230686433451410    -0.234968497534282
     0.048642867113813    -0.234968497534282    -0.230686433451410
2 21
     0.003309412613817     0.010440718779137     0.010440718779137
    -0.010440718779137    -0.026877338996201     0.040986281237565
    -0.010440718779137     0.040986281237565    -0.026877338996201
2 22
     0.326937544787143     0.048642867113813     0.048642867113813
    -0.048642867113813    -0.230686433451410    -0.234968497534282
    -0.048642867113813    -0.234968497534282    -0.230686433451410
2 23
     0.003309412613817     0.010440718779137    -0.010440718779137
    -0.010440718779137    -0.026877338996201    -0.040986281237565
     0.010440718779137    -0.040986281237565    -0.026877338996201
2 24
     0.326937544787143     0.048642867113813    -0.048642867113813
    -0.048642867113813    -0.230686433451410     0.234968497534283
     0.048642867113813     0.234968497534282    -0.230686433451410
2 25
     0.030353763622770    -0.037259271994117    -0.037259271994117
    -0.037259271994117     0.060418029943321    -0.022368424833985
    -0.037259271994117    -0.022368424833985     0.060418029943321
2 26
    -3.322380731651720    -2.515143668279052    -2.515143668279052
    -2.515143668279052    -3.322380731651718    -2.515143668279051
    -2.515143668279052    -2.515143668279051    -3.322380731651718
2 27
    -0.025183232673953    -0.029356550294324    -0.040372017974732
    -0.029356550294324    -0.025183232673953    -0.040372017974732
    -0.040372017974732    -0.040372017974732    -0.104555772804815
2 28
     0.060418029943321    -0.037259271994117    -0.022368424833985
    -0.037259271994117     0.030353763622770    -0.037259271994117
    -0.022368424833985    -0.037259271994117     0.060418029943321
2 29
    -0.025183232673953    -0.040372017974732    -0.029356550294324
    -0.040372017974732    -0.104555772804815    -0.040372017974732
    -0.029356550294324    -0.040372017974732    -0.025183232673953
2 30
     0.060418029943321    -0.022368424833985    -0.037259271994117
    -0.022368424833985     0.060418029943321    -0.037259271994117
    -0.037259271994117    -0.037259271994117     0.030353763622770
2 31
     0.005425711287898    -0.007810478928150    -0.007810478928150
    -0.007810478928150     0.005425711287899    -0.007810478928150
    -0.007810478928150    -0.007810478928150     0.005425711287899
2 32
    -0.104555772804815    -0.040372017974732    -0.040372017974732
    -0.040372017974732    -0.025183232673953    -0.029356550294324
    -0.040372017974732    -0.029356550294324    -0.025183232673953
2 33
    -0.230686433451410     0.048642867113813     0.234968497534283
    -0.048642867113813     0.326937544787142     0.048642867113813
     0.234968497534282    -0.048642867113813    -0.230686433451410
2 34
    -0.230686433451410     0.048642867113813    -0.234968497534283
    -0.048642867113813     0.326937544787142    -0.048642867113813
    -0.234968497534282     0.048642867113813    -0.230686433451410
2 35
    -0.026877338996201     0.010440718779137    -0.040986281237565
    -0.010440718779137     0.003309412613817     0.010440718779137
    -0.040986281237565    -0.010440718779137    -0.026877338996201
2 36
    -0.026877338996201     0.010440718779137     0.040986281237565
    -0.010440718779137     0.003309412613817    -0.010440718779137
     0.040986281237565     0.010440718779137    -0.026877338996201
2 37
    -0.230686433451410    -0.048642867113813    -0.234968497534283
     0.048642867113813     0.326937544787142     0.048642867113813
    -0.234968497534282    -0.048642867113813    -0.230686433451410
2 38
    -0.230686433451410    -0.048642867113813     0.234968497534283
     0.048642867113813     0.326937544787142    -0.048642867113813
     0.234968497534282     0.048642867113813    -0.230686433451410
2 39
    -0.026877338996201    -0.010440718779137     0.040986281237565
     0.010440718779137     0.003309412613817     0.010440718779137
     0.040986281237565    -0.010440718779137    -0.026877338996201
2 40
    -0.026877338996201    -0.010440718779137    -0.040986281237565
     0.010440718779137     0.003309412613817    -0.010440718779137
    -0.040986281237565     0.010440718779137    -0.026877338996201
2 41
    -0.025183232673953    -0.029356550294324     0.040372017974732
    -0.029356550294324    -0.025183232673953     0.040372017974732
     0.040372017974732     0.040372017974732    -0.104555772804815
2 42
     0.060418029943321    -0.037259271994117     0.022368424833985
    -0.037259271994117     0.030353763622770     0.037259271994117
     0.022368424833985     0.037259271994117     0.060418029943321
2 43
     0.030353763622770    -0.037259271994117     0.037259271994117
    -0.037259271994117     0.060418029943321     0.022368424833985
     0.037259271994117     0.022368424833985     0.060418029943321
2 44
    -3.322380731651720    -2.515143668279052     2.515143668279052
    -2.515143668279052    -3.322380731651718     2.515143668279051
     2.515143668279052     2.515143668279051    -3.322380731651718
2 45
     0.005425711287899    -0.007810478928150     0.007810478928150
    -0.007810478928150     0.005425711287899     0.007810478928150
     0.007810478928150     0.007810478928150     0.005425711287899
2 46
    -0.104555772804815    -0.040372017974732     0.040372017974732
    -0.040372017974732    -0.025183232673953     0.029356550294324
     0.040372017974732     0.029356550294324    -0.025183232673953
2 47
    -0.025183232673953    -0.040372017974732     0.029356550294324
    -0.040372017974732    -0.104555772804815     0.040372017974732
     0.029356550294324     0.040372017974732    -0.025183232673953
2 48
     0.060418029943321    -0.022368424833985     0.037259271994117
    -0.022368424833985     0.060418029943321     0.037259271994117
     0.037259271994117     0.037259271994117     0.030353763622770
2 49
    -0.230686433451410    -0.234968497534283    -0.048642867113813
    -0.234968497534282    -0.230686433451410    -0.048642867113813
     0.048642867113813     0.048642867113813     0.326937544787142
2 50
    -0.230686433451410     0.234968497534283    -0.048642867113813
     0.234968497534282    -0.230686433451410     0.048642867113813
     0.048642867113813    -0.048642867113813     0.326937544787143
2 51
    -0.230686433451410     0.234968497534283     0.048642867113813
     0.234968497534282    -0.230686433451410    -0.048642867113813
    -0.048642867113813     0.048642867113813     0.326937544787142
2 52
    -0.230686433451410    -0.234968497534283     0.048642867113813
    -0.234968497534282    -0.230686433451410     0.048642867113813
    -0.048642867113813    -0.048642867113813     0.326937544787142
2 53
    -0.026877338996201     0.040986281237565    -0.010440718779137
     0.040986281237565    -0.026877338996201    -0.010440718779137
     0.010440718779137     0.010440718779137     0.003309412613817
2 54
    -0.026877338996201    -0.040986281237565    -0.010440718779137
    -0.040986281237565    -0.026877338996201     0.010440718779137
     0.010440718779137    -0.010440718779137     0.003309412613817
2 55
    -0.026877338996201    -0.040986281237565     0.010440718779137
    -0.040986281237565    -0.026877338996201    -0.010440718779137
    -0.010440718779137     0.010440718779137     0.003309412613817
2 56
    -0.026877338996201     0.040986281237565     0.010440718779137
     0.040986281237565    -0.026877338996201     0.010440718779137
    -0.010440718779137    -0.010440718779137     0.003309412613817
2 57
     0.030353763622770     0.037259271994117    -0.037259271994117
     0.037259271994117     0.060418029943321     0.022368424833985
    -0.037259271994117     0.022368424833985     0.060418029943321
2 58
    -3.322380731651720     2.515143668279052    -2.515143668279053
     2.515143668279051    -3.322380731651718     2.515143668279052
    -2.515143668279051     2.515143668279051    -3.322380731651720
2 59
    -0.025183232673953     0.029356550294324    -0.040372017974732
     0.029356550294324    -0.025183232673953     0.040372017974732
    -0.040372017974732     0.040372017974732    -0.104555772804815
2 60
     0.060418029943321     0.037259271994117    -0.022368424833985
     0.037259271994117     0.030353763622770     0.037259271994117
    -0.022368424833985     0.037259271994117     0.060418029943321
2 61
    -0.025183232673953     0.040372017974732    -0.029356550294324
     0.040372017974732    -0.104555772804815     0.040372017974732
    -0.029356550294324     0.040372017974732    -0.025183232673953
2 62
     0.060418029943321     0.022368424833985    -0.037259271994117
     0.022368424833985     0.060418029943321     0.037259271994117
    -0.037259271994117     0.037259271994117     0.030353763622770
2 63
     0.005425711287899     0.007810478928150    -0.007810478928150
     0.007810478928150     0.005425711287899     0.007810478928150
    -0.007810478928150     0.007810478928150     0.005425711287899
2 64
    -0.104555772804815     0.040372017974732    -0.040372017974732
     0.040372017974732    -0.025183232673953     0.029356550294324
    -0.040372017974732     0.029356550294324    -0.025183232673953
3 1
    -0.063411041583095    -0.000000000000000     0.000000000000000
     0.000000000000000    -0.067616379192259    -0.000000000000000
    -0.000000000000000     0.000000000000000    -0.063411041583095
3 2
    -0.002013487346630     0.000000000000000    -0.000000000000000
     0.000000000000000    -0.002013487346630    -0.000000000000000
    -0.000000000000000     0.000000000000000     0.192951181134049
3 3
    14.036572029044686     0.000000000000000    -0.000000000000000
     0.000000000000000    14.036572029044695     0.000000000000000
    -0.000000000000000     0.000000000000000    14.036572029044688
3 4
    -0.067616379192259    -0.000000000000000     0.000000000000000
    -0.000000000000000    -0.063411041583095    -0.000000000000000
    -0.000000000000000     0.000000000000000    -0.063411041583095
3 5
     0.192951181134049    -0.000000000000000    -0.000000000000000
     0.000000000000000    -0.002013487346631    -0.000000000000000
    -0.000000000000000     0.000000000000000    -0.002013487346630
3 6
    -0.008785683121459    -0.000000000000000     0.000000000000000
     0.000000000000000    -0.008785683121460    -0.000000000000000
    -0.000000000000000     0.000000000000000    -0.008785683121459
3 7
    -0.063411041583095     0.000000000000000     0.000000000000000
    -0.000000000000000    -0.063411041583095    -0.000000000000000
    -0.000000000000000     0.000000000000000    -0.067616379192259
3 8
    -0.002013487346631    -0.000000000000000    -0.000000000000000
     0.000000000000000     0.192951181134049     0.000000000000000
    -0.000000000000000     0.000000000000000    -0.002013487346630
3 9
    -3.322380731651718     2.515143668279052     2.515143668279051
     2.515143668279052    -3.322380731651720    -2.515143668279052
     2.515143668279051    -2.515143668279052    -3.322380731651718
3 10
     0.030353763622770     0.037259271994117     0.037259271994117
     0.037259271994117     0.060418029943321    -0.022368424833985
     0.037259271994117    -0.022368424833985     0.060418029943321
3 11
     0.060418029943321     0.037259271994117     0.022368424833985
     0.037259271994117     0.030353763622770    -0.037259271994117
     0.022368424833985    -0.037259271994117     0.060418029943321
3 12
    -0.025183232673953     0.029356550294324     0.040372017974732
     0.029356550294324    -0.025183232673953    -0.040372017974732
     0.040372017974732    -0.040372017974732    -0.104555772804815
3 13
     0.060418029943321     0.022368424833985     0.037259271994117
     0.022368424833985     0.060418029943321    -0.037259271994117
     0.037259271994117    -0.037259271994117     0.030353763622770
3 14
    -0.025183232673953     0.040372017974732     0.029356550294324
     0.040372017974732    -0.104555772804815    -0.040372017974732
     0.029356550294324    -0.040372017974732    -0.025183232673953
3 15
    -0.104555772804815     0.040372017974732     0.040372017974732
     0.040372017974732    -0.025183232673953    -0.029356550294324
     0.040372017974732    -0.029356550294324    -0.025183232673953
3 16
     0.005425711287898     0.007810478928150     0.007810478928150
     0.007810478928150     0.005425711287899    -0.007810478928150
     0.007810478928150    -0.007810478928150     0.005425711287899
3 17
     0.326937544787142    -0.048642867113813    -0.048642867113813
     0.048642867113813    -0.230686433451410    -0.234968497534283
     0.048642867113813    -0.234968497534282    -0.230686433451410
3 18
     0.003309412613817    -0.010440718779137    -0.010440718779137
     0.010440718779137    -0.026877338996201     0.040986281237565
     0.010440718779137     0.040986281237565    -0.026877338996201
3 19
     0.326937544787142    -0.048642867113813     0.048642867113813
     0.048642867113813    -0.230686433451410     0.234968497534283
    -0.048642867113813     0.234968497534282    -0.230686433451410
3 20
     0.003309412613817    -0.010440718779137     0.010440718779137
     0.010440718779137    -0.026877338996201    -0.040986281237565
    -0.010440718779137    -0.040986281237565    -0.026877338996201
3 21
     0.326937544787142     0.048642867113813    -0.048642867113813
    -0.048642867113813    -0.230686433451410     0.234968497534283
     0.048642867113813     0.234968497534282    -0.230686433451410
3 22
     0.003309412613817     0.010440718779137    -0.010440718779137
    -0.010440718779137    -0.026877338996201    -0.040986281237565
     0.010440718779137    -0.040986281237565    -0.026877338996201
3 23
     0.326937544787142     0.048642867113813     0.048642867113813
    -0.048642867113813    -0.230686433451410    -0.234968497534283
    -0.048642867113813    -0.234968497534282    -0.230686433451410
3 24
     0.003309412613817     0.010440718779137     0.010440718779137
    -0.010440718779137    -0.026877338996201     0.040986281237565
    -0.010440718779137     0.040986281237565    -0.026877338996201
3 25
     0.060418029943321    -0.037259271994117    -0.022368424833985
    -0.037259271994117     0.030353763622770    -0.037259271994117
    -0.022368424833985    -0.037259271994117     0.060418029943321
3 26
    -0.025183232673953    -0.029356550294324    -0.040372017974732
    -0.029356550294324    -0.025183232673953    -0.040372017974732
    -0.040372017974732    -0.040372017974732    -0.104555772804815
3 27
    -3.322380731651718    -2.515143668279052    -2.515143668279051
    -2.515143668279052    -3.322380731651720    -2.515143668279052
    -2.515143668279051    -2.515143668279052    -3.322380731651718
3 28
     0.030353763622770    -0.037259271994117    -0.037259271994117
    -0.037259271994117     0.060418029943321    -0.022368424833985
    -0.037259271994117    -0.022368424833985     0.060418029943321
3 29
    -0.104555772804815    -0.040372017974732    -0.040372017974732
    -0.040372017974732    -0.025183232673953    -0.029356550294324
    -0.040372017974732    -0.029356550294324    -0.025183232673953
3 30
     0.005425711287899    -0.007810478928150    -0.007810478928150
    -0.007810478928150     0.005425711287899    -0.007810478928150
    -0.007810478928150    -0.007810478928150     0.005425711287899
3 31
     0.060418029943321    -0.022368424833985    -0.037259271994117
    -0.022368424833985     0.060418029943321    -0.037259271994117
    -0.037259271994117    -0.037259271994117     0.030353763622770
3 32
    -0.025183232673953    -0.040372017974732    -0.029356550294324
    -0.040372017974732    -0.104555772804815    -0.040372017974732
    -0.029356550294324    -0.040372017974732    -0.025183232673953
3 33
    -0.026877338996201     0.010440718779137     0.040986281237565
    -0.010440718779137     0.003309412613817    -0.010440718779137
     0.040986281237565     0.010440718779137    -0.026877338996201
3 34
    -0.026877338996201     0.010440718779137    -0.040986281237565
    -0.010440718779137     0.003309412613817     0.010440718779137
    -0.040986281237565    -0.010440718779137    -0.026877338996201
3 35
    -0.230686433451410     0.048642867113813    -0.234968497534282
    -0.048642867113813     0.326937544787143    -0.048642867113813
    -0.234968497534282     0.048642867113813    -0.230686433451410
3 36
    -0.230686433451410     0.048642867113813     0.234968497534282
    -0.048642867113813     0.326937544787143     0.048642867113813
     0.234968497534282    -0.048642867113813    -0.230686433451410
3 37
    -0.026877338996201    -0.010440718779137    -0.040986281237565
     0.010440718779137     0.003309412613817    -0.010440718779137
    -0.040986281237565     0.010440718779137    -0.026877338996201
3 38
    -0.026877338996201    -0.010440718779137     0.040986281237565
     0.010440718779137     0.003309412613817     0.010440718779137
     0.040986281237565    -0.010440718779137    -0.026877338996201
3 39
    -0.230686433451410    -0.048642867113813     0.234968497534282
     0.048642867113813     0.326937544787143    -0.048642867113813
     0.234968497534282     0.048642867113813    -0.230686433451410
3 40
    -0.230686433451410    -0.048642867113813    -0.234968497534282
     0.048642867113813     0.326937544787143     0.048642867113813
    -0.234968497534283    -0.048642867113813    -0.230686433451410
3 41
    -3.322380731651720    -2.515143668279051     2.515143668279051
    -2.515143668279053    -3.322380731651720     2.515143668279052
     2.515143668279052     2.515143668279051    -3.322380731651718
3 42
     0.030353763622770    -0.037259271994117     0.037259271994117
    -0.037259271994117     0.060418029943321     0.022368424833985
     0.037259271994117     0.022368424833985     0.060418029943321
3 43
     0.060418029943321    -0.037259271994117     0.022368424833985
    -0.037259271994117     0.030353763622770     0.037259271994117
     0.022368424833985     0.037259271994117     0.060418029943321
3 44
    -0.025183232673953    -0.029356550294324     0.040372017974732
    -0.029356550294324    -0.025183232673953     0.040372017974732
     0.040372017974732     0.040372017974732    -0.104555772804815
3 45
     0.060418029943321    -0.022368424833985     0.037259271994117
    -0.022368424833985     0.060418029943321     0.037259271994117
     0.037259271994117     0.037259271994117     0.030353763622770
3 46
    -0.025183232673953    -0.040372017974732     0.029356550294324
    -0.040372017974732    -0.104555772804815     0.040372017974732
     0.029356550294324     0.040372017974732    -0.025183232673953
3 47
    -0.104555772804815    -0.040372017974732     0.040372017974732
    -0.040372017974732    -0.025183232673953     0.029356550294324
     0.040372017974732     0.029356550294324    -0.025183232673953
3 48
     0.005425711287899    -0.007810478928150     0.007810478928150
    -0.007810478928150     0.005425711287899     0.007810478928150
     0.007810478928150     0.007810478928150     0.005425711287899
3 49
    -0.230686433451410    -0.234968497534282     0.048642867113813
    -0.234968497534282    -0.230686433451410     0.048642867113813
    -0.048642867113813    -0.048642867113813     0.326937544787142
3 50
    -0.230686433451410     0.234968497534282     0.048642867113813
     0.234968497534283    -0.230686433451410    -0.048642867113813
    -0.048642867113813     0.048642867113813     0.326937544787143
3 51
    -0.230686433451410     0.234968497534283    -0.048642867113813
     0.234968497534283    -0.230686433451410     0.048642867113813
     0.048642867113813    -0.048642867113813     0.326937544787142
3 52
    -0.230686433451410    -0.234968497534282    -0.048642867113813
    -0.234968497534283    -0.230686433451410    -0.048642867113813
     0.048642867113813     0.048642867113813     0.326937544787142
3 53
    -0.026877338996201     0.040986281237565     0.010440718779137
     0.040986281237565    -0.026877338996201     0.010440718779137
    -0.010440718779137    -0.010440718779137     0.003309412613817
3 54
    -0.026877338996201    -0.040986281237565     0.010440718779137
    -0.040986281237565    -0.026877338996201    -0.010440718779137
    -0.010440718779137     0.010440718779137     0.003309412613817
3 55
    -0.026877338996201    -0.040986281237565    -0.010440718779137
    -0.040986281237565    -0.026877338996201     0.010440718779137
     0.010440718779137    -0.010440718779137     0.003309412613817
3 56
    -0.026877338996201     0.040986281237565    -0.010440718779137
     0.040986281237565    -0.026877338996201    -0.010440718779137
     0.010440718779137     0.010440718779137     0.003309412613817
3 57
     0.060418029943321     0.037259271994117    -0.022368424833985
     0.037259271994117     0.030353763622770     0.037259271994117
    -0.022368424833985     0.037259271994117     0.060418029943321
3 58
    -0.025183232673953     0.029356550294324    -0.040372017974732
     0.029356550294324    -0.025183232673953     0.040372017974732
    -0.040372017974732     0.040372017974732    -0.104555772804815
3 59
    -3.322380731651718     2.515143668279051    -2.515143668279052
     2.515143668279052    -3.322380731651720     2.515143668279053
    -2.515143668279051     2.515143668279051    -3.322380731651720
3 60
     0.030353763622770     0.037259271994117    -0.037259271994117
     0.037259271994117     0.060418029943321     0.022368424833985
    -0.037259271994117     0.022368424833985     0.060418029943321
3 61
    -0.104555772804815     0.040372017974732    -0.040372017974732
     0.040372017974732    -0.025183232673953     0.029356550294324
    -0.040372017974732     0.029356550294324    -0.025183232673953
3 62
     0.005425711287899     0.007810478928150    -0.007810478928150
     0.007810478928150     0.005425711287899     0.007810478928150
    -0.007810478928150     0.007810478928150     0.005425711287899
3 63
     0.060418029943321     0.022368424833985    -0.037259271994117
     0.022368424833985     0.060418029943321     0.037259271994117
    -0.037259271994117     0.037259271994117     0.030353763622770
3 64
    -0.025183232673953     0.040372017974732    -0.029356550294324
     0.040372017974732    -0.104555772804815     0.040372017974732
    -0.029356550294324     0.040372017974732    -0.025183232673953
4 1
    -0.002013487346630    -0.000000000000000    -0.000000000000000
    -0.000000000000000    -0.002013487346631     0.000000000000000
    -0.000000000000000    -0.000000000000000     0.192951181134049
4 2
    -0.063411041583095    -0.000000000000000    -0.000000000000000
    -0.000000000000000    -0.067616379192259     0.000000000000000
     0.000000000000000    -0.000000000000000    -0.063411041583095
4 3
    -0.067616379192259    -0.000000000000000    -0.000000000000000
    -0.000000000000000    -0.063411041583095     0.000000000000000
     0.000000000000000    -0.000000000000000    -0.063411041583095
4 4
    14.036572029044692    -0.000000000000000    -0.000000000000000
    -0.000000000000000    14.036572029044688     0.000000000000000
    -0.000000000000000     0.000000000000000    14.036572029044688
4 5
    -0.008785683121460    -0.000000000000000    -0.000000000000000
     0.000000000000000    -0.008785683121459     0.000000000000000
     0.000000000000000    -0.000000000000000    -0.008785683121459
4 6
     0.192951181134049    -0.000000000000000    -0.000000000000000
    -0.000000000000000    -0.002013487346631     0.000000000000000
     0.000000000000000    -0.000000000000000    -0.002013487346630
4 7
    -0.002013487346631    -0.000000000000000     0.000000000000000
    -0.000000000000000     0.192951181134049     0.000000000000000
     0.000000000000000    -0.000000000000000    -0.002013487346630
4 8
    -0.063411041583095    -0.000000000000000    -0.000000000000000
     0.000000000000000    -0.063411041583095     0.000000000000000
    -0.000000000000000    -0.000000000000000    -0.067616379192259
4 9
     0.030353763622770     0.037259271994117     0.037259271994117
     0.037259271994117     0.060418029943321    -0.022368424833985
     0.037259271994117    -0.022368424833985     0.060418029943321
4 10
    -3.322380731651720     2.515143668279052     2.515143668279053
     2.515143668279051    -3.322380731651718    -2.515143668279052
     2.515143668279051    -2.515143668279051    -3.322380731651720
4 11
    -0.025183232673953     0.029356550294324     0.040372017974732
     0.029356550294324    -0.025183232673953    -0.040372017974732
     0.040372017974732    -0.040372017974732    -0.104555772804815
4 12
     0.060418029943321     0.037259271994117     0.022368424833985
     0.037259271994117     0.030353763622770    -0.037259271994117
     0.022368424833985    -0.037259271994117     0.060418029943321
4 13
    -0.025183232673953     0.040372017974732     0.029356550294324
     0.040372017974732    -0.104555772804815    -0.040372017974732
     0.029356550294324    -0.040372017974732    -0.025183232673953
4 14
     0.060418029943321     0.022368424833985     0.037259271994117
     0.022368424833985     0.060418029943321    -0.037259271994117
     0.037259271994117    -0.037259271994117     0.030353763622770
4 15
     0.005425711287898     0.007810478928150     0.007810478928150
     0.007810478928150     0.005425711287899    -0.007810478928150
     0.007810478928150    -0.007810478928150     0.005425711287899
4 16
    -0.104555772804815     0.040372017974732     0.040372017974732
     0.040372017974732    -0.025183232673953    -0.029356550294324
     0.040372017974732    -0.029356550294324    -0.025183232673953
4 17
     0.003309412613817    -0.010440718779137    -0.010440718779137
     0.010440718779137    -0.026877338996201     0.040986281237565
     0.010440718779137     0.040986281237565    -0.026877338996201
4 18
     0.326937544787142    -0.048642867113813    -0.048642867113813
     0.048642867113813    -0.230686433451410    -0.234968497534282
     0.048642867113813    -0.234968497534282    -0.230686433451410
4 19
     0.003309412613817    -0.010440718779137     0.010440718779137
     0.010440718779137    -0.026877338996201    -0.040986281237565
    -0.010440718779137    -0.040986281237565    -0.026877338996201
4 20
     0.326937544787142    -0.048642867113813     0.048642867113813
     0.048642867113813    -0.230686433451410     0.234968497534282
    -0.048642867113813     0.234968497534283    -0.230686433451410
4 21
     0.003309412613817     0.010440718779137    -0.010440718779137
    -0.010440718779137    -0.026877338996201    -0.040986281237565
     0.010440718779137    -0.040986281237565    -0.026877338996201
4 22
     0.326937544787143     0.048642867113813    -0.048642867113813
    -0.048642867113813    -0.230686433451410     0.234968497534282
     0.048642867113813     0.234968497534282    -0.230686433451410
4 23
     0.003309412613817     0.010440718779137     0.010440718779137
    -0.010440718779137    -0.026877338996201     0.040986281237565
    -0.010440718779137     0.040986281237565    -0.026877338996201
4 24
     0.326937544787142     0.048642867113813     0.048642867113813
    -0.048642867113813    -0.230686433451410    -0.234968497534282
    -0.048642867113813    -0.234968497534282    -0.230686433451410
4 25
    -0.025183232673953    -0.029356550294324    -0.040372017974732
    -0.029356550294324    -0.025183232673953    -0.040372017974732
    -0.040372017974732    -0.040372017974732    -0.104555772804815
4 26
     0.060418029943321    -0.037259271994117    -0.022368424833985
    -0.037259271994117     0.030353763622770    -0.037259271994117
    -0.022368424833985    -0.037259271994117     0.060418029943321
4 27
     0.030353763622770    -0.037259271994117    -0.037259271994117
    -0.037259271994117     0.060418029943321    -0.022368424833985
    -0.037259271994117    -0.022368424833985     0.060418029943321
4 28
    -3.322380731651720    -2.515143668279052    -2.515143668279053
    -2.515143668279051    -3.322380731651718    -2.515143668279052
    -2.515143668279051    -2.515143668279051    -3.322380731651720
4 29
     0.005425711287899    -0.007810478928150    -0.007810478928150
    -0.007810478928150     0.005425711287899    -0.007810478928150
    -0.007810478928150    -0.007810478928150     0.005425711287899
4 30
    -0.104555772804815    -0.040372017974732    -0.040372017974732
    -0.040372017974732    -0.025183232673953    -0.029356550294324
    -0.040372017974732    -0.029356550294324    -0.025183232673953
4 31
    -0.025183232673953    -0.040372017974732    -0.029356550294324
    -0.040372017974732    -0.104555772804815    -0.040372017974732
    -0.029356550294324    -0.040372017974732    -0.025183232673953
4 32
     0.060418029943321    -0.022368424833985    -0.037259271994117
    -0.022368424833985     0.060418029943321    -0.037259271994117
    -0.037259271994117    -0.037259271994117     0.030353763622770
4 33
    -0.026877338996201     0.010440718779137    -0.040986281237565
    -0.010440718779137     0.003309412613817     0.010440718779137
    -0.040986281237565    -0.010440718779137    -0.026877338996201
4 34
    -0.026877338996201     0.010440718779137     0.040986281237565
    -0.010440718779137     0.003309412613817    -0.010440718779137
     0.040986281237565     0.010440718779137    -0.026877338996201
4 35
    -0.230686433451410     0.048642867113813     0.234968497534283
    -0.048642867113813     0.326937544787142     0.048642867113813
     0.234968497534282    -0.048642867113813    -0.230686433451410
4 36
    -0.230686433451410     0.048642867113813    -0.234968497534283
    -0.048642867113813     0.326937544787142    -0.048642867113813
    -0.234968497534283     0.048642867113813    -0.230686433451410
4 37
    -0.026877338996201    -0.010440718779137     0.040986281237565
     0.010440718779137     0.003309412613817     0.010440718779137
     0.040986281237565    -0.010440718779137    -0.026877338996201
4 38
    -0.026877338996201    -0.010440718779137    -0.040986281237565
     0.010440718779137     0.003309412613817    -0.010440718779137
    -0.040986281237565     0.010440718779137    -0.026877338996201
4 39
    -0.230686433451410    -0.048642867113813    -0.234968497534283
     0.048642867113813     0.326937544787142     0.048642867113813
    -0.234968497534282    -0.048642867113813    -0.230686433451410
4 40
    -0.230686433451410    -0.048642867113813     0.234968497534282
     0.048642867113813     0.326937544787142    -0.048642867113813
     0.234968497534283     0.048642867113813    -0.230686433451410
4 41
     0.030353763622770    -0.037259271994117     0.037259271994117
    -0.037259271994117     0.060418029943321     0.022368424833985
     0.037259271994117     0.022368424833985     0.060418029943321
4 42
    -3.322380731651720    -2.515143668279052     2.515143668279053
    -2.515143668279051    -3.322380731651718     2.515143668279052
     2.515143668279051     2.515143668279051    -3.322380731651720
4 43
    -0.025183232673953    -0.029356550294324     0.040372017974732
    -0.029356550294324    -0.025183232673953     0.040372017974732
     0.040372017974732     0.040372017974732    -0.104555772804815
4 44
     0.060418029943321    -0.037259271994117     0.022368424833985
    -0.037259271994117     0.030353763622770     0.037259271994117
     0.022368424833985     0.037259271994117     0.060418029943321
4 45
    -0.025183232673953    -0.040372017974732     0.029356550294324
    -0.040372017974732    -0.104555772804815     0.040372017974732
     0.029356550294324     0.040372017974732    -0.025183232673953
4 46
     0.060418029943321    -0.022368424833985     0.037259271994117
    -0.022368424833985     0.060418029943321     0.037259271994117
     0.037259271994117     0.037259271994117     0.030353763622770
4 47
     0.005425711287899    -0.007810478928150     0.007810478928150
    -0.007810478928150     0.005425711287899     0.007810478928150
     0.007810478928150     0.007810478928150     0.005425711287899
4 48
    -0.104555772804815    -0.040372017974732     0.040372017974732
    -0.040372017974732    -0.025183232673953     0.029356550294324
     0.040372017974732     0.029356550294324    -0.025183232673953
4 49
    -0.230686433451410     0.234968497534283     0.048642867113813
     0.234968497534282    -0.230686433451410    -0.048642867113813
    -0.048642867113813     0.048642867113813     0.326937544787143
4 50
    -0.230686433451410    -0.234968497534283     0.048642867113813
    -0.234968497534282    -0.230686433451410     0.048642867113813
    -0.048642867113813    -0.048642867113813     0.326937544787143
4 51
    -0.230686433451410    -0.234968497534283    -0.048642867113813
    -0.234968497534282    -0.230686433451410    -0.048642867113813
     0.048642867113813     0.048642867113813     0.326937544787143
4 52
    -0.230686433451410     0.234968497534282    -0.048642867113813
     0.234968497534283    -0.230686433451410     0.048642867113813
     0.048642867113813    -0.048642867113813     0.326937544787142
4 53
    -0.026877338996201    -0.040986281237565     0.010440718779137
    -0.040986281237565    -0.026877338996201    -0.010440718779137
    -0.010440718779137     0.010440718779137     0.003309412613817
4 54
    -0.026877338996201     0.040986281237565     0.010440718779137
     0.040986281237565    -0.026877338996201     0.010440718779137
    -0.010440718779137    -0.010440718779137     0.003309412613817
4 55
    -0.026877338996201     0.040986281237565    -0.010440718779137
     0.040986281237565    -0.026877338996201    -0.010440718779137
     0.010440718779137     0.010440718779137     0.003309412613817
4 56
    -0.026877338996201    -0.040986281237565    -0.010440718779137
    -0.040986281237565    -0.026877338996201     0.010440718779137
     0.010440718779137    -0.010440718779137     0.003309412613817
4 57
    -0.025183232673953     0.029356550294324    -0.040372017974732
     0.029356550294324    -0.025183232673953     0.040372017974732
    -0.040372017974732     0.040372017974732    -0.104555772804815
4 58
     0.060418029943321     0.037259271994117    -0.022368424833985
     0.037259271994117     0.030353763622770     0.037259271994117
    -0.022368424833985     0.037259271994117     0.060418029943321
4 59
     0.030353763622770     0.037259271994117    -0.037259271994117
     0.037259271994117     0.060418029943321     0.022368424833985
    -0.037259271994117     0.022368424833985     0.060418029943321
4 60
    -3.322380731651720     2.515143668279053    -2.515143668279052
     2.515143668279051    -3.322380731651720     2.515143668279051
    -2.515143668279051     2.515143668279052    -3.322380731651718
4 61
     0.005425711287898     0.007810478928150    -0.007810478928150
     0.007810478928150     0.005425711287899     0.007810478928150
    -0.007810478928150     0.007810478928150     0.005425711287899
4 62
    -0.104555772804815     0.040372017974732    -0.040372017974732
     0.040372017974732    -0.025183232673953     0.029356550294324
    -0.040372017974732     0.029356550294324    -0.025183232673953
4 63
    -0.025183232673953     0.040372017974732    -0.029356550294324
     0.040372017974732    -0.104555772804815     0.040372017974732
    -0.029356550294324     0.040372017974732    -0.025183232673953
4 64
     0.060418029943321     0.022368424833985    -0.037259271994117
     0.022368424833985     0.060418029943321     0.037259271994117
    -0.037259271994117     0.037259271994117     0.030353763622770
5 1
    -0.063411041583095     0.000000000000000     0.000000000000000
    -0.000000000000000    -0.063411041583095    -0.000000000000000
    -0.000000000000000     0.000000000000000    -0.067616379192259
5 2
    -0.002013487346630     0.000000000000000    -0.000000000000000
    -0.000000000000000     0.192951181134049    -0.000000000000000
    -0.000000000000000    -0.000000000000000    -0.002013487346630
5 3
     0.192951181134049     0.000000000000000    -0.000000000000000
    -0.000000000000000    -0.002013487346631     0.000000000000000
    -0.000000000000000    -0.000000000000000    -0.002013487346630
5 4
    -0.008785683121460     0.000000000000000     0.000000000000000
    -0.000000000000000    -0.008785683121459    -0.000000000000000
    -0.000000000000000     0.000000000000000    -0.008785683121459
5 5
    14.036572029044686    -0.000000000000000    -0.000000000000000
    -0.000000000000000    14.036572029044695    -0.000000000000000
    -0.000000000000000    -0.000000000000000    14.036572029044686
5 6
    -0.067616379192259     0.000000000000000     0.000000000000000
    -0.000000000000000    -0.063411041583095    -0.000000000000000
    -0.000000000000000     0.000000000000000    -0.063411041583095
5 7
    -0.063411041583095     0.000000000000000     0.000000000000000
    -0.000000000000000    -0.067616379192259    -0.000000000000000
    -0.000000000000000    -0.000000000000000    -0.063411041583095
5 8
    -0.002013487346630     0.000000000000000    -0.000000000000000
     0.000000000000000    -0.002013487346630     0.000000000000000
    -0.000000000000000    -0.000000000000000     0.192951181134049
5 9
    -0.104555772804815     0.040372017974732     0.040372017974732
     0.040372017974732    -0.025183232673953    -0.029356550294324
     0.040372017974732    -0.029356550294324    -0.025183232673953
5 10
     0.005425711287899     0.007810478928150     0.007810478928150
     0.007810478928150     0.005425711287899    -0.007810478928150
     0.007810478928150    -0.007810478928150     0.005425711287899
5 11
     0.060418029943321     0.022368424833985     0.037259271994117
     0.022368424833985     0.060418029943321    -0.037259271994117
     0.037259271994117    -0.037259271994117     0.030353763622770
5 12
    -0.025183232673953     0.040372017974732     0.029356550294324
     0.040372017974732    -0.104555772804815    -0.040372017974732
     0.029356550294324    -0.040372017974732    -0.025183232673953
5 13
     0.060418029943321     0.037259271994117     0.022368424833985
     0.037259271994117     0.030353763622770    -0.037259271994117
     0.022368424833985    -0.037259271994117     0.060418029943321
5 14
    -0.025183232673953     0.029356550294324     0.040372017974732
     0.029356550294324    -0.025183232673953    -0.040372017974732
     0.040372017974732    -0.040372017974732    -0.104555772804815
5 15
    -3.322380731651720     2.515143668279051     2.515143668279051
     2.515143668279053    -3.322380731651720    -2.515143668279052
     2.515143668279052    -2.515143668279051    -3.322380731651718
5 16
     0.030353763622770     0.037259271994117     0.037259271994117
     0.037259271994117     0.060418029943321    -0.022368424833985
     0.037259271994117    -0.022368424833985     0.060418029943321
5 17
     0.326937544787142     0.048642867113813     0.048642867113813
    -0.048642867113813    -0.230686433451410    -0.234968497534283
    -0.048642867113813    -0.234968497534283    -0.230686433451410
5 18
     0.003309412613817     0.010440718779137     0.010440718779137
    -0.010440718779137    -0.026877338996201     0.040986281237565
    -0.010440718779137     0.040986281237565    -0.026877338996201
5 19
     0.326937544787142     0.048642867113813    -0.048642867113813
    -0.048642867113813    -0.230686433451410     0.234968497534283
     0.048642867113813     0.234968497534282    -0.230686433451410
5 20
     0.003309412613817     0.010440718779137    -0.010440718779137
    -0.010440718779137    -0.026877338996201    -0.040986281237565
     0.010440718779137    -0.040986281237565    -0.026877338996201
5 21
     0.326937544787142    -0.048642867113813     0.048642867113813
     0.048642867113813    -0.230686433451410     0.234968497534283
    -0.048642867113813     0.234968497534282    -0.230686433451410
5 22
     0.003309412613817    -0.010440718779137     0.010440718779137
     0.010440718779137    -0.026877338996201    -0.040986281237565
    -0.010440718779137    -0.040986281237565    -0.026877338996201
5 23
     0.326937544787142    -0.048642867113813    -0.048642867113813
     0.048642867113813    -0.230686433451410    -0.234968497534283
     0.048642867113813    -0.234968497534283    -0.230686433451410
5 24
     0.003309412613817    -0.010440718779137    -0.010440718779137
     0.010440718779137    -0.026877338996201     0.040986281237565
     0.010440718779137     0.040986281237565    -0.026877338996201
5 25
     0.060418029943321    -0.022368424833985    -0.037259271994117
    -0.022368424833985     0.060418029943321    -0.037259271994117
    -0.037259271994117    -0.037259271994117     0.030353763622770
5 26
    -0.025183232673953    -0.040372017974732    -0.029356550294324
    -0.040372017974732    -0.104555772804815    -0.040372017974732
    -0.029356550294324    -0.040372017974732    -0.025183232673953
5 27
    -0.104555772804815    -0.040372017974732    -0.040372017974732
    -0.040372017974732    -0.025183232673953    -0.029356550294324
    -0.040372017974732    -0.029356550294324    -0.025183232673953
5 28
     0.005425711287899    -0.007810478928150    -0.007810478928150
    -0.007810478928150     0.005425711287899    -0.007810478928150
    -0.007810478928150    -0.007810478928150     0.005425711287899
5 29
    -3.322380731651718    -2.515143668279052    -2.515143668279051
    -2.515143668279052    -3.322380731651720    -2.515143668279052
    -2.515143668279051    -2.515143668279052    -3.322380731651718
5 30
     0.030353763622770    -0.037259271994117    -0.037259271994117
    -0.037259271994117     0.060418029943321    -0.022368424833985
    -0.037259271994117    -0.022368424833985     0.060418029943321
5 31
     0.060418029943321    -0.037259271994117    -0.022368424833985
    -0.037259271994117     0.030353763622770    -0.037259271994117
    -0.022368424833985    -0.037259271994117     0.060418029943321
5 32
    -0.025183232673953    -0.029356550294324    -0.040372017974732
    -0.029356550294324    -0.025183232673953    -0.040372017974732
    -0.040372017974732    -0.040372017974732    -0.104555772804815
5 33
    -0.230686433451410    -0.048642867113813     0.234968497534283
     0.048642867113813     0.326937544787143    -0.048642867113813
     0.234968497534282     0.048642867113813    -0.230686433451410
5 34
    -0.230686433451410    -0.048642867113813    -0.234968497534283
     0.048642867113813     0.326937544787143     0.048642867113813
    -0.234968497534282    -0.048642867113813    -0.230686433451410
5 35
    -0.026877338996201    -0.010440718779137    -0.040986281237565
     0.010440718779137     0.003309412613817    -0.010440718779137
    -0.040986281237565     0.010440718779137    -0.026877338996201
5 36
    -0.026877338996201    -0.010440718779137     0.040986281237565
     0.010440718779137     0.003309412613817     0.010440718779137
     0.040986281237565    -0.010440718779137    -0.026877338996201
5 37
    -0.230686433451410     0.048642867113813    -0.234968497534282
    -0.048642867113813     0.326937544787143    -0.048642867113813
    -0.234968497534282     0.048642867113813    -0.230686433451410
5 38
    -0.230686433451410     0.048642867113813     0.234968497534282
    -0.048642867113813     0.326937544787143     0.048642867113813
     0.234968497534282    -0.048642867113813    -0.230686433451410
5 39
    -0.026877338996201     0.010440718779137     0.040986281237565
    -0.010440718779137     0.003309412613817    -0.010440718779137
     0.040986281237565     0.010440718779137    -0.026877338996201
5 40
    -0.026877338996201     0.010440718779137    -0.040986281237565
    -0.010440718779137     0.003309412613817     0.010440718779137
    -0.040986281237565    -0.010440718779137    -0.026877338996201
5 41
    -0.104555772804815    -0.040372017974732     0.040372017974732
    -0.040372017974732    -0.025183232673953     0.029356550294324
     0.040372017974732     0.029356550294324    -0.025183232673953
5 42
     0.005425711287899    -0.007810478928150     0.007810478928150
    -0.007810478928150     0.005425711287899     0.007810478928150
     0.007810478928150     0.007810478928150     0.005425711287899
5 43
     0.060418029943321    -0.022368424833985     0.037259271994117
    -0.022368424833985     0.060418029943321     0.037259271994117
     0.037259271994117     0.037259271994117     0.030353763622770
5 44
    -0.025183232673953    -0.040372017974732     0.029356550294324
    -0.040372017974732    -0.104555772804815     0.040372017974732
     0.029356550294324     0.040372017974732    -0.025183232673953
5 45
     0.060418029943321    -0.037259271994117     0.022368424833985
    -0.037259271994117     0.030353763622770     0.037259271994117
     0.022368424833985     0.037259271994117     0.060418029943321
5 46
    -0.025183232673953    -0.029356550294324     0.040372017974732
    -0.029356550294324    -0.025183232673953     0.040372017974732
     0.040372017974732     0.040372017974732    -0.104555772804815
5 47
    -3.322380731651718    -2.515143668279052     2.515143668279051
    -2.515143668279052    -3.322380731651720     2.515143668279052
     2.515143668279051     2.515143668279052    -3.322380731651718
5 48
     0.030353763622770    -0.037259271994117     0.037259271994117
    -0.037259271994117     0.060418029943321     0.022368424833985
     0.037259271994117     0.022368424833985     0.060418029943321
5 49
    -0.026877338996201    -0.040986281237565    -0.010440718779137
    -0.040986281237565    -0.026877338996201     0.010440718779137
     0.010440718779137    -0.010440718779137     0.003309412613817
5 50
    -0.026877338996201     0.040986281237565    -0.010440718779137
     0.040986281237565    -0.026877338996201    -0.010440718779137
     0.010440718779137     0.010440718779137     0.003309412613817
5 51
    -0.026877338996201     0.040986281237565     0.010440718779137
     0.040986281237565    -0.026877338996201     0.010440718779137
    -0.010440718779137    -0.010440718779137     0.003309412613817
5 52
    -0.026877338996201    -0.040986281237565     0.010440718779137
    -0.040986281237565    -0.026877338996201    -0.010440718779137
    -0.010440718779137     0.010440718779137     0.003309412613817
5 53
    -0.230686433451410     0.234968497534282    -0.048642867113813
     0.234968497534283    -0.230686433451410     0.048642867113813
     0.048642867113813    -0.048642867113813     0.326937544787142
5 54
    -0.230686433451410    -0.234968497534282    -0.048642867113813
    -0.234968497534283    -0.230686433451410    -0.048642867113813
     0.048642867113813     0.048642867113813     0.326937544787142
5 55
    -0.230686433451410    -0.234968497534282     0.048642867113813
    -0.234968497534282    -0.230686433451410     0.048642867113813
    -0.048642867113813    -0.048642867113813     0.326937544787142
5 56
    -0.230686433451410     0.234968497534282     0.048642867113813
     0.234968497534283    -0.230686433451410    -0.048642867113813
    -0.048642867113813     0.048642867113813     0.326937544787142
5 57
     0.060418029943321     0.022368424833985    -0.037259271994117
     0.022368424833985     0.060418029943321     0.037259271994117
    -0.037259271994117     0.037259271994117     0.030353763622770
5 58
    -0.025183232673953     0.040372017974732    -0.029356550294324
     0.040372017974732    -0.104555772804815     0.040372017974732
    -0.029356550294324     0.040372017974732    -0.025183232673953
5 59
    -0.104555772804815     0.040372017974732    -0.040372017974732
     0.040372017974732    -0.025183232673953     0.029356550294324
    -0.040372017974732     0.029356550294324    -0.025183232673953
5 60
     0.005425711287899     0.007810478928150    -0.007810478928150
     0.007810478928150     0.005425711287898     0.007810478928150
    -0.007810478928150     0.007810478928150     0.005425711287899
5 61
    -3.322380731651718     2.515143668279051    -2.515143668279052
     2.515143668279052    -3.322380731651720     2.515143668279053
    -2.515143668279051     2.515143668279051    -3.322380731651720
5 62
     0.030353763622770     0.037259271994117    -0.037259271994117
     0.037259271994117     0.060418029943321     0.022368424833985
    -0.037259271994117     0.022368424833985     0.060418029943321
5 63
     0.060418029943321     0.037259271994117    -0.022368424833985
     0.037259271994117     0.030353763622770     0.037259271994117
    -0.022368424833985     0.037259271994117     0.060418029943321
5 64
    -0.025183232673953     0.029356550294324    -0.040372017974732
     0.029356550294324    -0.025183232673953     0.040372017974732
    -0.040372017974732     0.040372017974732    -0.104555772804815
6 1
    -0.002013487346630     0.000000000000000     0.000000000000000
     0.000000000000000     0.192951181134049     0.000000000000000
    -0.000000000000000     0.000000000000000    -0.002013487346630
6 2
    -0.063411041583095     0.000000000000000    -0.000000000000000
    -0.000000000000000    -0.063411041583095     0.000000000000000
     0.000000000000000    -0.000000000000000    -0.067616379192259
6 3
    -0.008785683121459     0.000000000000000    -0.000000000000000
    -0.000000000000000    -0.008785683121460     0.000000000000000
     0.000000000000000    -0.000000000000000    -0.008785683121459
6 4
     0.192951181134049    -0.000000000000000     0.000000000000000
    -0.000000000000000    -0.002013487346631    -0.000000000000000
    -0.000000000000000     0.000000000000000    -0.002013487346630
6 5
    -0.067616379192259    -0.000000000000000    -0.000000000000000
     0.000000000000000    -0.063411041583095     0.000000000000000
     0.000000000000000    -0.000000000000000    -0.063411041583095
6 6
    14.036572029044692     0.000000000000000    -0.000000000000000
     0.000000000000000    14.036572029044693    -0.000000000000000
    -0.000000000000000    -0.000000000000000    14.036572029044684
6 7
    -0.002013487346630     0.000000000000000     0.000000000000000
    -0.000000000000000    -0.002013487346631    -0.000000000000000
    -0.000000000000000     0.000000000000000     0.192951181134049
6 8
    -0.063411041583095    -0.000000000000000    -0.000000000000000
     0.000000000000000    -0.067616379192259     0.000000000000000
    -0.000000000000000    -0.000000000000000    -0.063411041583095
6 9
     0.005425711287899     0.007810478928150     0.007810478928150
     0.007810478928150     0.005425711287898    -0.007810478928150
     0.007810478928150    -0.007810478928150     0.005425711287899
6 10
    -0.104555772804815     0.040372017974732     0.040372017974732
     0.040372017974732    -0.025183232673953    -0.029356550294324
     0.040372017974732    -0.029356550294324    -0.025183232673953
6 11
    -0.025183232673953     0.040372017974732     0.029356550294324
     0.040372017974732    -0.104555772804815    -0.040372017974732
     0.029356550294324    -0.040372017974732    -0.025183232673953
6 12
     0.060418029943321     0.022368424833985     0.037259271994117
     0.022368424833985     0.060418029943321    -0.037259271994117
     0.037259271994117    -0.037259271994117     0.030353763622770
6 13
    -0.025183232673953     0.029356550294324     0.040372017974732
     0.029356550294324    -0.025183232673953    -0.040372017974732
     0.040372017974732    -0.040372017974732    -0.104555772804815
6 14
     0.060418029943321     0.037259271994117     0.022368424833985
     0.037259271994117     0.030353763622770    -0.037259271994117
     0.022368424833985    -0.037259271994117     0.060418029943321
6 15
     0.030353763622770     0.037259271994117     0.037259271994117
     0.037259271994117     0.060418029943321    -0.022368424833985
     0.037259271994117    -0.022368424833985     0.060418029943321
6 16
    -3.322380731651720     2.515143668279051     2.515143668279051
     2.515143668279053    -3.322380731651720    -2.515143668279052
     2.515143668279052    -2.515143668279051    -3.322380731651718
6 17
     0.003309412613817     0.010440718779137     0.010440718779137
    -0.010440718779137    -0.026877338996201     0.040986281237565
    -0.010440718779137     0.040986281237565    -0.026877338996201
6 18
     0.326937544787143     0.048642867113813     0.048642867113813
    -0.048642867113813    -0.230686433451410    -0.234968497534283
    -0.048642867113813    -0.234968497534282    -0.230686433451410
6 19
     0.003309412613817     0.010440718779137    -0.010440718779137
    -0.010440718779137    -0.026877338996201    -0.040986281237565
     0.010440718779137    -0.040986281237565    -0.026877338996201
6 20
     0.326937544787143     0.048642867113813    -0.048642867113813
    -0.048642867113813    -0.230686433451410     0.234968497534283
     0.048642867113813     0.234968497534283    -0.230686433451410
6 21
     0.003309412613817    -0.010440718779137     0.010440718779137
     0.010440718779137    -0.026877338996201    -0.040986281237565
    -0.010440718779137    -0.040986281237565    -0.026877338996201
6 22
     0.326937544787143    -0.048642867113813     0.048642867113813
     0.048642867113813    -0.230686433451410     0.234968497534283
    -0.048642867113813     0.234968497534282    -0.230686433451410
6 23
     0.003309412613817    -0.010440718779137    -0.010440718779137
     0.010440718779137    -0.026877338996201     0.040986281237565
     0.010440718779137     0.040986281237565    -0.026877338996201
6 24
     0.326937544787143    -0.048642867113813    -0.048642867113813
     0.048642867113813    -0.230686433451410    -0.234968497534283
     0.048642867113813    -0.234968497534282    -0.230686433451410
6 25
    -0.025183232673953    -0.040372017974732    -0.029356550294324
    -0.040372017974732    -0.104555772804815    -0.040372017974732
    -0.029356550294324    -0.040372017974732    -0.025183232673953
6 26
     0.060418029943321    -0.022368424833985    -0.037259271994117
    -0.022368424833985     0.060418029943321    -0.037259271994117
    -0.037259271994117    -0.037259271994117     0.030353763622770
6 27
     0.005425711287899    -0.007810478928150    -0.007810478928150
    -0.007810478928150     0.005425711287898    -0.007810478928150
    -0.007810478928150    -0.007810478928150     0.005425711287899
6 28
    -0.104555772804815    -0.040372017974732    -0.040372017974732
    -0.040372017974732    -0.025183232673953    -0.029356550294324
    -0.040372017974732    -0.029356550294324    -0.025183232673953
6 29
     0.030353763622770    -0.037259271994117    -0.037259271994117
    -0.037259271994117     0.060418029943321    -0.022368424833985
    -0.037259271994117    -0.022368424833985     0.060418029943321
6 30
    -3.322380731651720    -2.515143668279051    -2.515143668279051
    -2.515143668279053    -3.322380731651720    -2.515143668279052
    -2.515143668279052    -2.515143668279051    -3.322380731651718
6 31
    -0.025183232673953    -0.029356550294324    -0.040372017974732
    -0.029356550294324    -0.025183232673953    -0.040372017974732
    -0.040372017974732    -0.040372017974732    -0.104555772804815
6 32
     0.060418029943321    -0.037259271994117    -0.022368424833985
    -0.037259271994117     0.030353763622770    -0.037259271994117
    -0.022368424833985    -0.037259271994117     0.060418029943321
6 33
    -0.230686433451410    -0.048642867113813    -0.234968497534282
     0.048642867113813     0.326937544787142     0.048642867113813
    -0.234968497534282    -0.048642867113813    -0.230686433451410
6 34
    -0.230686433451410    -0.048642867113813     0.234968497534282
     0.048642867113813     0.326937544787142    -0.048642867113813
     0.234968497534282     0.048642867113813    -0.230686433451410
6 35
    -0.026877338996201    -0.010440718779137     0.040986281237565
     0.010440718779137     0.003309412613817     0.010440718779137
     0.040986281237565    -0.010440718779137    -0.026877338996201
6 36
    -0.026877338996201    -0.010440718779137    -0.040986281237565
     0.010440718779137     0.003309412613817    -0.010440718779137
    -0.040986281237565     0.010440718779137    -0.026877338996201
6 37
    -0.230686433451410     0.048642867113813     0.234968497534282
    -0.048642867113813     0.326937544787143     0.048642867113813
     0.234968497534282    -0.048642867113813    -0.230686433451410
6 38
    -0.230686433451410     0.048642867113813    -0.234968497534282
    -0.048642867113813     0.326937544787142    -0.048642867113813
    -0.234968497534283     0.048642867113813    -0.230686433451410
6 39
    -0.026877338996201     0.010440718779137    -0.040986281237565
    -0.010440718779137     0.003309412613817     0.010440718779137
    -0.040986281237565    -0.010440718779137    -0.026877338996201
6 40
    -0.026877338996201     0.010440718779137     0.040986281237565
    -0.010440718779137     0.003309412613817    -0.010440718779137
     0.040986281237565     0.010440718779137    -0.026877338996201
6 41
     0.005425711287899    -0.007810478928150     0.007810478928150
    -0.007810478928150     0.005425711287899     0.007810478928150
     0.007810478928150     0.007810478928150     0.005425711287899
6 42
    -0.104555772804815    -0.040372017974732     0.040372017974732
    -0.040372017974732    -0.025183232673953     0.029356550294324
     0.040372017974732     0.029356550294324    -0.025183232673953
6 43
    -0.025183232673953    -0.040372017974732     0.029356550294324
    -0.040372017974732    -0.104555772804815     0.040372017974732
     0.029356550294324     0.040372017974732    -0.025183232673953
6 44
     0.060418029943321    -0.022368424833985     0.037259271994117
    -0.022368424833985     0.060418029943321     0.037259271994117
     0.037259271994117     0.037259271994117     0.030353763622770
6 45
    -0.025183232673953    -0.029356550294324     0.040372017974732
    -0.029356550294324    -0.025183232673953     0.040372017974732
     0.040372017974732     0.040372017974732    -0.104555772804815
6 46
     0.060418029943321    -0.037259271994117     0.022368424833985
    -0.037259271994117     0.030353763622770     0.037259271994117
     0.022368424833985     0.037259271994117     0.060418029943321
6 47
     0.030353763622770    -0.037259271994117     0.037259271994117
    -0.037259271994117     0.060418029943321     0.022368424833985
     0.037259271994117     0.022368424833985     0.060418029943321
6 48
    -3.322380731651720    -2.515143668279051     2.515143668279051
    -2.515143668279053    -3.322380731651720     2.515143668279052
     2.515143668279052     2.515143668279051    -3.322380731651718
6 49
    -0.026877338996201     0.040986281237565    -0.010440718779137
     0.040986281237565    -0.026877338996201    -0.010440718779137
     0.010440718779137     0.010440718779137     0.003309412613817
6 50
    -0.026877338996201    -0.040986281237565    -0.010440718779137
    -0.040986281237565    -0.026877338996201     0.010440718779137
     0.010440718779137    -0.010440718779137     0.003309412613817
6 51
    -0.026877338996201    -0.040986281237565     0.010440718779137
    -0.040986281237565    -0.026877338996201    -0.010440718779137
    -0.010440718779137     0.010440718779137     0.003309412613817
6 52
    -0.026877338996201     0.040986281237565     0.010440718779137
     0.040986281237565    -0.026877338996201     0.010440718779137
    -0.010440718779137    -0.010440718779137     0.003309412613817
6 53
    -0.230686433451410    -0.234968497534282    -0.048642867113813
    -0.234968497534282    -0.230686433451410    -0.048642867113813
     0.048642867113813     0.048642867113813     0.326937544787142
6 54
    -0.230686433451410     0.234968497534282    -0.048642867113813
     0.234968497534283    -0.230686433451410     0.048642867113813
     0.048642867113813    -0.048642867113813     0.326937544787142
6 55
    -0.230686433451410     0.234968497534282     0.048642867113813
     0.234968497534283    -0.230686433451410    -0.048642867113813
    -0.048642867113813     0.048642867113813     0.326937544787142
6 56
    -0.230686433451410    -0.234968497534282     0.048642867113813
    -0.234968497534283    -0.230686433451410     0.048642867113813
    -0.048642867113813    -0.048642867113813     0.326937544787142
6 57
    -0.025183232673953     0.040372017974732    -0.029356550294324
     0.040372017974732    -0.104555772804815     0.040372017974732
    -0.029356550294324     0.040372017974732    -0.025183232673953
6 58
     0.060418029943321     0.022368424833985    -0.037259271994117
     0.022368424833985     0.060418029943321     0.037259271994117
    -0.037259271994117     0.037259271994117     0.030353763622770
6 59
     0.005425711287899     0.007810478928150    -0.007810478928150
     0.007810478928150     0.005425711287899     0.007810478928150
    -0.007810478928150     0.007810478928150     0.005425711287899
6 60
    -0.104555772804815     0.040372017974732    -0.040372017974732
     0.040372017974732    -0.025183232673953     0.029356550294324
    -0.040372017974732     0.029356550294324    -0.025183232673953
6 61
     0.030353763622770     0.037259271994117    -0.037259271994117
     0.037259271994117     0.060418029943321     0.022368424833985
    -0.037259271994117     0.022368424833985     0.060418029943321
6 62
    -3.322380731651720     2.515143668279051    -2.515143668279051
     2.515143668279053    -3.322380731651720     2.515143668279052
    -2.515143668279052     2.515143668279051    -3.322380731651718
6 63
    -0.025183232673953     0.029356550294324    -0.040372017974732
     0.029356550294324    -0.025183232673953     0.040372017974732
    -0.040372017974732     0.040372017974732    -0.104555772804815
6 64
     0.060418029943321     0.037259271994117    -0.022368424833985
     0.037259271994117     0.030353763622770     0.037259271994117
    -0.022368424833985     0.037259271994117     0.060418029943321
7 1
     0.192951181134049    -0.000000000000000     0.000000000000000
     0.000000000000000    -0.002013487346631     0.000000000000000
     0.000000000000000    -0.000000000000000    -0.002013487346630
7 2
    -0.008785683121459     0.000000000000000    -0.000000000000000
     0.000000000000000    -0.008785683121459    -0.000000000000000
     0.000000000000000    -0.000000000000000    -0.008785683121459
7 3
    -0.063411041583095    -0.000000000000000    -0.000000000000000
     0.000000000000000    -0.063411041583095     0.000000000000000
     0.000000000000000    -0.000000000000000    -0.067616379192259
7 4
    -0.002013487346631    -0.000000000000000     0.000000000000000
    -0.000000000000000     0.192951181134049    -0.000000000000000
     0.000000000000000     0.000000000000000    -0.002013487346630
7 5
    -0.063411041583095    -0.000000000000000    -0.000000000000000
     0.000000000000000    -0.067616379192259    -0.000000000000000
     0.000000000000000    -0.000000000000000    -0.063411041583095
7 6
    -0.002013487346630    -0.000000000000000    -0.000000000000000
     0.000000000000000    -0.002013487346631     0.000000000000000
     0.000000000000000    -0.000000000000000     0.192951181134049
7 7
    14.036572029044688     0.000000000000000     0.000000000000000
     0.000000000000000    14.036572029044695    -0.000000000000000
     0.000000000000000    -0.000000000000000    14.036572029044686
7 8
    -0.067616379192259    -0.000000000000000    -0.000000000000000
     0.000000000000000    -0.063411041583095     0.000000000000000
     0.000000000000000    -0.000000000000000    -0.063411041583095
7 9
     0.060418029943321     0.022368424833985     0.037259271994117
     0.022368424833985     0.060418029943321    -0.037259271994117
     0.037259271994117    -0.037259271994117     0.030353763622770
7 10
    -0.025183232673953     0.040372017974732     0.029356550294324
     0.040372017974732    -0.104555772804815    -0.040372017974732
     0.029356550294324    -0.040372017974732    -0.025183232673953
7 11
    -0.104555772804815     0.040372017974732     0.040372017974732
     0.040372017974732    -0.025183232673953    -0.029356550294324
     0.040372017974732    -0.029356550294324    -0.025183232673953
7 12
     0.005425711287899     0.007810478928150     0.007810478928150
     0.007810478928150     0.005425711287899    -0.007810478928150
     0.007810478928150    -0.007810478928150     0.005425711287899
7 13
    -3.322380731651718     2.515143668279052     2.515143668279051
     2.515143668279052    -3.322380731651720    -2.515143668279052
     2.515143668279051    -2.515143668279052    -3.322380731651718
7 14
     0.030353763622770     0.037259271994117     0.037259271994117
     0.037259271994117     0.060418029943321    -0.022368424833985
     0.037259271994117    -0.022368424833985     0.060418029943321
7 15
     0.060418029943321     0.037259271994117     0.022368424833985
     0.037259271994117     0.030353763622770    -0.037259271994117
     0.022368424833985    -0.037259271994117     0.060418029943321
7 16
    -0.025183232673953     0.029356550294324     0.040372017974732
     0.029356550294324    -0.025183232673953    -0.040372017974732
     0.040372017974732    -0.040372017974732    -0.104555772804815
7 17
     0.326937544787142     0.048642867113813    -0.048642867113813
    -0.048642867113813    -0.230686433451410     0.234968497534283
     0.048642867113813     0.234968497534282    -0.230686433451410
7 18
     0.003309412613817     0.010440718779137    -0.010440718779137
    -0.010440718779137    -0.026877338996201    -0.040986281237565
     0.010440718779137    -0.040986281237565    -0.026877338996201
7 19
     0.326937544787142     0.048642867113813     0.048642867113813
    -0.048642867113813    -0.230686433451410    -0.234968497534283
    -0.048642867113813    -0.234968497534282    -0.230686433451410
7 20
     0.003309412613817     0.010440718779137     0.010440718779137
    -0.010440718779137    -0.026877338996201     0.040986281237565
    -0.010440718779137     0.040986281237565    -0.026877338996201
7 21
     0.326937544787142    -0.048642867113813    -0.048642867113813
     0.048642867113813    -0.230686433451410    -0.234968497534283
     0.048642867113813    -0.234968497534282    -0.230686433451410
7 22
     0.003309412613817    -0.010440718779137    -0.010440718779137
     0.010440718779137    -0.026877338996201     0.040986281237565
     0.010440718779137     0.040986281237565    -0.026877338996201
7 23
     0.326937544787142    -0.048642867113813     0.048642867113813
     0.048642867113813    -0.230686433451410     0.234968497534282
    -0.048642867113813     0.234968497534282    -0.230686433451410
7 24
     0.003309412613817    -0.010440718779137     0.010440718779137
     0.010440718779137    -0.026877338996201    -0.040986281237565
    -0.010440718779137    -0.040986281237565    -0.026877338996201
7 25
    -0.104555772804815    -0.040372017974732    -0.040372017974732
    -0.040372017974732    -0.025183232673953    -0.029356550294324
    -0.040372017974732    -0.029356550294324    -0.025183232673953
7 26
     0.005425711287899    -0.007810478928150    -0.007810478928150
    -0.007810478928150     0.005425711287899    -0.007810478928150
    -0.007810478928150    -0.007810478928150     0.005425711287899
7 27
     0.060418029943321    -0.022368424833985    -0.037259271994117
    -0.022368424833985     0.060418029943321    -0.037259271994117
    -0.037259271994117    -0.037259271994117     0.030353763622770
7 28
    -0.025183232673953    -0.040372017974732    -0.029356550294324
    -0.040372017974732    -0.104555772804815    -0.040372017974732
    -0.029356550294324    -0.040372017974732    -0.025183232673953
7 29
     0.060418029943321    -0.037259271994117    -0.022368424833985
    -0.037259271994117     0.030353763622770    -0.037259271994117
    -0.022368424833985    -0.037259271994117     0.060418029943321
7 30
    -0.025183232673953    -0.029356550294324    -0.040372017974732
    -0.029356550294324    -0.025183232673953    -0.040372017974732
    -0.040372017974732    -0.040372017974732    -0.104555772804815
7 31
    -3.322380731651720    -2.515143668279051    -2.515143668279051
    -2.515143668279053    -3.322380731651720    -2.515143668279052
    -2.515143668279052    -2.515143668279051    -3.322380731651718
7 32
     0.030353763622770    -0.037259271994117    -0.037259271994117
    -0.037259271994117     0.060418029943321    -0.022368424833985
    -0.037259271994117    -0.022368424833985     0.060418029943321
7 33
    -0.026877338996201    -0.010440718779137    -0.040986281237565
     0.010440718779137     0.003309412613817    -0.010440718779137
    -0.040986281237565     0.010440718779137    -0.026877338996201
7 34
    -0.026877338996201    -0.010440718779137     0.040986281237565
     0.010440718779137     0.003309412613817     0.010440718779137
     0.040986281237565    -0.010440718779137    -0.026877338996201
7 35
    -0.230686433451410    -0.048642867113813     0.234968497534283
     0.048642867113813     0.326937544787143    -0.048642867113813
     0.234968497534282     0.048642867113813    -0.230686433451410
7 36
    -0.230686433451410    -0.048642867113813    -0.234968497534282
     0.048642867113813     0.326937544787143     0.048642867113813
    -0.234968497534283    -0.048642867113813    -0.230686433451410
7 37
    -0.026877338996201     0.010440718779137     0.040986281237565
    -0.010440718779137     0.003309412613817    -0.010440718779137
     0.040986281237565     0.010440718779137    -0.026877338996201
7 38
    -0.026877338996201     0.010440718779137    -0.040986281237565
    -0.010440718779137     0.003309412613817     0.010440718779137
    -0.040986281237565    -0.010440718779137    -0.026877338996201
7 39
    -0.230686433451410     0.048642867113813    -0.234968497534282
    -0.048642867113813     0.326937544787143    -0.048642867113813
    -0.234968497534282     0.048642867113813    -0.230686433451410
7 40
    -0.230686433451410     0.048642867113813     0.234968497534282
    -0.048642867113813     0.326937544787143     0.048642867113813
     0.234968497534283    -0.048642867113813    -0.230686433451410
7 41
     0.060418029943321    -0.022368424833985     0.037259271994117
    -0.022368424833985     0.060418029943321     0.037259271994117
     0.037259271994117     0.037259271994117     0.030353763622770
7 42
    -0.025183232673953    -0.040372017974732     0.029356550294324
    -0.040372017974732    -0.104555772804815     0.040372017974732
     0.029356550294324     0.040372017974732    -0.025183232673953
7 43
    -0.104555772804815    -0.040372017974732     0.040372017974732
    -0.040372017974732    -0.025183232673953     0.029356550294324
     0.040372017974732     0.029356550294324    -0.025183232673953
7 44
     0.005425711287899    -0.007810478928150     0.007810478928150
    -0.007810478928150     0.005425711287899     0.007810478928150
     0.007810478928150     0.007810478928150     0.005425711287899
7 45
    -3.322380731651718    -2.515143668279052     2.515143668279051
    -2.515143668279052    -3.322380731651720     2.515143668279052
     2.515143668279051     2.515143668279052    -3.322380731651718
7 46
     0.030353763622770    -0.037259271994117     0.037259271994117
    -0.037259271994117     0.060418029943321     0.022368424833985
     0.037259271994117     0.022368424833985     0.060418029943321
7 47
     0.060418029943321    -0.037259271994117     0.022368424833985
    -0.037259271994117     0.030353763622770     0.037259271994117
     0.022368424833985     0.037259271994117     0.060418029943321
7 48
    -0.025183232673953    -0.029356550294324     0.040372017974732
    -0.029356550294324    -0.025183232673953     0.040372017974732
     0.040372017974732     0.040372017974732    -0.104555772804815
7 49
    -0.026877338996201     0.040986281237565     0.010440718779137
     0.040986281237565    -0.026877338996201     0.010440718779137
    -0.010440718779137    -0.010440718779137     0.003309412613817
7 50
    -0.026877338996201    -0.040986281237565     0.010440718779137
    -0.040986281237565    -0.026877338996201    -0.010440718779137
    -0.010440718779137     0.010440718779137     0.003309412613817
7 51
    -0.026877338996201    -0.040986281237565    -0.010440718779137
    -0.040986281237565    -0.026877338996201     0.010440718779137
     0.010440718779137    -0.010440718779137     0.003309412613817
7 52
    -0.026877338996201     0.040986281237565    -0.010440718779137
     0.040986281237565    -0.026877338996201    -0.010440718779137
     0.010440718779137     0.010440718779137     0.003309412613817
7 53
    -0.230686433451410    -0.234968497534282     0.048642867113813
    -0.234968497534282    -0.230686433451410     0.048642867113813
    -0.048642867113813    -0.048642867113813     0.326937544787142
7 54
    -0.230686433451410     0.234968497534282     0.048642867113813
     0.234968497534283    -0.230686433451410    -0.048642867113813
    -0.048642867113813     0.048642867113813     0.326937544787142
7 55
    -0.230686433451410     0.234968497534282    -0.048642867113813
     0.234968497534283    -0.230686433451410     0.048642867113813
     0.048642867113813    -0.048642867113813     0.326937544787142
7 56
    -0.230686433451410    -0.234968497534282    -0.048642867113813
    -0.234968497534282    -0.230686433451410    -0.048642867113813
     0.048642867113813     0.048642867113813     0.326937544787142
7 57
    -0.104555772804815     0.040372017974732    -0.040372017974732
     0.040372017974732    -0.025183232673953     0.029356550294324
    -0.040372017974732     0.029356550294324    -0.025183232673953
7 58
     0.005425711287899     0.007810478928150    -0.007810478928150
     0.007810478928150     0.005425711287899     0.007810478928150
    -0.007810478928150     0.007810478928150     0.005425711287899
7 59
     0.060418029943321     0.022368424833985    -0.037259271994117
     0.022368424833985     0.060418029943321     0.037259271994117
    -0.037259271994117     0.037259271994117     0.030353763622770
7 60
    -0.025183232673953     0.040372017974732    -0.029356550294324
     0.040372017974732    -0.104555772804815     0.040372017974732
    -0.029356550294324     0.040372017974732    -0.025183232673953
7 61
     0.060418029943321     0.037259271994117    -0.022368424833985
     0.037259271994117     0.030353763622770     0.037259271994117
    -0.022368424833985     0.037259271994117     0.060418029943321
7 62
    -0.025183232673953     0.029356550294324    -0.040372017974732
     0.029356550294324    -0.025183232673953     0.040372017974732
    -0.040372017974732     0.040372017974732    -0.104555772804815
7 63
    -3.322380731651718     2.515143668279052    -2.515143668279051
     2.515143668279052    -3.322380731651720     2.515143668279052
    -2.515143668279051     2.515143668279052    -3.322380731651718
7 64
     0.030353763622770     0.037259271994117    -0.037259271994117
     0.037259271994117     0.060418029943321     0.022368424833985
    -0.037259271994117     0.022368424833985     0.060418029943321
8 1
    -0.008785683121459     0.000000000000000    -0.000000000000000
    -0.000000000000000    -0.008785683121460    -0.000000000000000
    -0.000000000000000     0.000000000000000    -0.008785683121459
8 2
     0.192951181134049     0.000000000000000    -0.000000000000000
    -0.000000000000000    -0.002013487346630    -0.000000000000000
    -0.000000000000000     0.000000000000000    -0.002013487346630
8 3
    -0.002013487346631     0.000000000000000    -0.000000000000000
    -0.000000000000000     0.192951181134049     0.000000000000000
    -0.000000000000000     0.000000000000000    -0.002013487346630
8 4
    -0.063411041583095     0.000000000000000    -0.000000000000000
    -0.000000000000000    -0.063411041583095    -0.000000000000000
    -0.000000000000000     0.000000000000000    -0.067616379192259
8 5
    -0.002013487346630     0.000000000000000    -0.000000000000000
     0.000000000000000    -0.002013487346630    -0.000000000000000
    -0.000000000000000     0.000000000000000     0.192951181134049
8 6
    -0.063411041583095     0.000000000000000    -0.000000000000000
    -0.000000000000000    -0.067616379192259    -0.000000000000000
    -0.000000000000000     0.000000000000000    -0.063411041583095
8 7
    -0.067616379192259     0.000000000000000     0.000000000000000
    -0.000000000000000    -0.063411041583095    -0.000000000000000
    -0.000000000000000     0.000000000000000    -0.063411041583095
8 8
    14.036572029044693     0.000000000000000    -0.000000000000000
     0.000000000000000    14.036572029044688    -0.000000000000000
    -0.000000000000000    -0.000000000000000    14.036572029044688
8 9
    -0.025183232673953     0.040372017974732     0.029356550294324
     0.040372017974732    -0.104555772804815    -0.040372017974732
     0.029356550294324    -0.040372017974732    -0.025183232673953
8 10
     0.060418029943321     0.022368424833985     0.037259271994117
     0.022368424833985     0.060418029943321    -0.037259271994117
     0.037259271994117    -0.037259271994117     0.030353763622770
8 11
     0.005425711287898     0.007810478928150     0.007810478928150
     0.007810478928150     0.005425711287899    -0.007810478928150
     0.007810478928150    -0.007810478928150     0.005425711287899
8 12
    -0.104555772804815     0.040372017974732     0.040372017974732
     0.040372017974732    -0.025183232673953    -0.029356550294324
     0.040372017974732    -0.029356550294324    -0.025183232673953
8 13
     0.030353763622770     0.037259271994117     0.037259271994117
     0.037259271994117     0.060418029943321    -0.022368424833985
     0.037259271994117    -0.022368424833985     0.060418029943321
8 14
    -3.322380731651720     2.515143668279052     2.515143668279052
     2.515143668279052    -3.322380731651718    -2.515143668279051
     2.515143668279052    -2.515143668279051    -3.322380731651718
8 15
    -0.025183232673953     0.029356550294324     0.040372017974732
     0.029356550294324    -0.025183232673953    -0.040372017974732
     0.040372017974732    -0.040372017974732    -0.104555772804815
8 16
     0.060418029943321     0.037259271994117     0.022368424833985
     0.037259271994117     0.030353763622770    -0.037259271994117
     0.022368424833985    -0.037259271994117     0.060418029943321
8 17
     0.003309412613817     0.010440718779137    -0.010440718779137
    -0.010440718779137    -0.026877338996201    -0.040986281237565
     0.010440718779137    -0.040986281237565    -0.026877338996201
8 18
     0.326937544787142     0.048642867113813    -0.048642867113813
    -0.048642867113813    -0.230686433451410     0.234968497534282
     0.048642867113813     0.234968497534282    -0.230686433451410
8 19
     0.003309412613817     0.010440718779137     0.010440718779137
    -0.010440718779137    -0.026877338996201     0.040986281237565
    -0.010440718779137     0.040986281237565    -0.026877338996201
8 20
     0.326937544787142     0.048642867113813     0.048642867113813
    -0.048642867113813    -0.230686433451410    -0.234968497534282
    -0.048642867113813    -0.234968497534282    -0.230686433451410
8 21
     0.003309412613817    -0.010440718779137    -0.010440718779137
     0.010440718779137    -0.026877338996201     0.040986281237565
     0.010440718779137     0.040986281237565    -0.026877338996201
8 22
     0.326937544787143    -0.048642867113813    -0.048642867113813
     0.048642867113813    -0.230686433451410    -0.234968497534282
     0.048642867113813    -0.234968497534282    -0.230686433451410
8 23
     0.003309412613817    -0.010440718779137     0.010440718779137
     0.010440718779137    -0.026877338996201    -0.040986281237565
    -0.010440718779137    -0.040986281237565    -0.026877338996201
8 24
     0.326937544787142    -0.048642867113813     0.048642867113813
     0.048642867113813    -0.230686433451410     0.234968497534282
    -0.048642867113813     0.234968497534282    -0.230686433451410
8 25
     0.005425711287898    -0.007810478928150    -0.007810478928150
    -0.007810478928150     0.005425711287899    -0.007810478928150
    -0.007810478928150    -0.007810478928150     0.005425711287899
8 26
    -0.104555772804815    -0.040372017974732    -0.040372017974732
    -0.040372017974732    -0.025183232673953    -0.029356550294324
    -0.040372017974732    -0.029356550294324    -0.025183232673953
8 27
    -0.025183232673953    -0.040372017974732    -0.029356550294324
    -0.040372017974732    -0.104555772804815    -0.040372017974732
    -0.029356550294324    -0.040372017974732    -0.025183232673953
8 28
     0.060418029943321    -0.022368424833985    -0.037259271994117
    -0.022368424833985     0.060418029943321    -0.037259271994117
    -0.037259271994117    -0.037259271994117     0.030353763622770
8 29
    -0.025183232673953    -0.029356550294324    -0.040372017974732
    -0.029356550294324    -0.025183232673953    -0.040372017974732
    -0.040372017974732    -0.040372017974732    -0.104555772804815
8 30
     0.060418029943321    -0.037259271994117    -0.022368424833985
    -0.037259271994117     0.030353763622770    -0.037259271994117
    -0.022368424833985    -0.037259271994117     0.060418029943321
8 31
     0.030353763622770    -0.037259271994117    -0.037259271994117
    -0.037259271994117     0.060418029943321    -0.022368424833985
    -0.037259271994117    -0.022368424833985     0.060418029943321
8 32
    -3.322380731651720    -2.515143668279053    -2.515143668279052
    -2.515143668279051    -3.322380731651720    -2.515143668279051
    -2.515143668279051    -2.515143668279052    -3.322380731651718
8 33
    -0.026877338996201    -0.010440718779137     0.040986281237565
     0.010440718779137     0.003309412613817     0.010440718779137
     0.040986281237565    -0.010440718779137    -0.026877338996201
8 34
    -0.026877338996201    -0.010440718779137    -0.040986281237565
     0.010440718779137     0.003309412613817    -0.010440718779137
    -0.040986281237565     0.010440718779137    -0.026877338996201
8 35
    -0.230686433451410    -0.048642867113813    -0.234968497534283
     0.048642867113813     0.326937544787142     0.048642867113813
    -0.234968497534282    -0.048642867113813    -0.230686433451410
8 36
    -0.230686433451410    -0.048642867113813     0.234968497534283
     0.048642867113813     0.326937544787142    -0.048642867113813
     0.234968497534282     0.048642867113813    -0.230686433451410
8 37
    -0.026877338996201     0.010440718779137    -0.040986281237565
    -0.010440718779137     0.003309412613817     0.010440718779137
    -0.040986281237565    -0.010440718779137    -0.026877338996201
8 38
    -0.026877338996201     0.010440718779137     0.040986281237565
    -0.010440718779137     0.003309412613817    -0.010440718779137
     0.040986281237565     0.010440718779137    -0.026877338996201
8 39
    -0.230686433451410     0.048642867113813     0.234968497534282
    -0.048642867113813     0.326937544787143     0.048642867113813
     0.234968497534282    -0.048642867113813    -0.230686433451410
8 40
    -0.230686433451410     0.048642867113813    -0.234968497534283
    -0.048642867113813     0.326937544787142    -0.048642867113813
    -0.234968497534283     0.048642867113813    -0.230686433451410
8 41
    -0.025183232673953    -0.040372017974732     0.029356550294324
    -0.040372017974732    -0.104555772804815     0.040372017974732
     0.029356550294324     0.040372017974732    -0.025183232673953
8 42
     0.060418029943321    -0.022368424833985     0.037259271994117
    -0.022368424833985     0.060418029943321     0.037259271994117
     0.037259271994117     0.037259271994117     0.030353763622770
8 43
     0.005425711287898    -0.007810478928150     0.007810478928150
    -0.007810478928150     0.005425711287899     0.007810478928150
     0.007810478928150     0.007810478928150     0.005425711287899
8 44
    -0.104555772804815    -0.040372017974732     0.040372017974732
    -0.040372017974732    -0.025183232673953     0.029356550294324
     0.040372017974732     0.029356550294324    -0.025183232673953
8 45
     0.030353763622770    -0.037259271994117     0.037259271994117
    -0.037259271994117     0.060418029943321     0.022368424833985
     0.037259271994117     0.022368424833985     0.060418029943321
8 46
    -3.322380731651720    -2.515143668279052     2.515143668279053
    -2.515143668279051    -3.322380731651718     2.515143668279052
     2.515143668279051     2.515143668279051    -3.322380731651720
8 47
    -0.025183232673953    -0.029356550294324     0.040372017974732
    -0.029356550294324    -0.025183232673953     0.040372017974732
     0.040372017974732     0.040372017974732    -0.104555772804815
8 48
     0.060418029943321    -0.037259271994117     0.022368424833985
    -0.037259271994117     0.030353763622770     0.037259271994117
     0.022368424833985     0.037259271994117     0.060418029943321
8 49
    -0.026877338996201    -0.040986281237565     0.010440718779137
    -0.040986281237565    -0.026877338996201    -0.010440718779137
    -0.010440718779137     0.010440718779137     0.003309412613817
8 50
    -0.026877338996201     0.040986281237565     0.010440718779137
     0.040986281237565    -0.026877338996201     0.010440718779137
    -0.010440718779137    -0.010440718779137     0.003309412613817
8 51
    -0.026877338996201     0.040986281237565    -0.010440718779137
     0.040986281237565    -0.026877338996201    -0.010440718779137
     0.010440718779137     0.010440718779137     0.003309412613817
8 52
    -0.026877338996201    -0.040986281237565    -0.010440718779137
    -0.040986281237565    -0.026877338996201     0.010440718779137
     0.010440718779137    -0.010440718779137     0.003309412613817
8 53
    -0.230686433451410     0.234968497534283     0.048642867113813
     0.234968497534282    -0.230686433451410    -0.048642867113813
    -0.048642867113813     0.048642867113813     0.326937544787143
8 54
    -0.230686433451410    -0.234968497534283     0.048642867113813
    -0.234968497534283    -0.230686433451410     0.048642867113813
    -0.048642867113813    -0.048642867113813     0.326937544787142
8 55
    -0.230686433451410    -0.234968497534283    -0.048642867113813
    -0.234968497534282    -0.230686433451410    -0.048642867113813
     0.048642867113813     0.048642867113813     0.326937544787143
8 56
    -0.230686433451410     0.234968497534283    -0.048642867113813
     0.234968497534282    -0.230686433451410     0.048642867113813
     0.048642867113813    -0.048642867113813     0.326937544787143
8 57
     0.005425711287898     0.007810478928150    -0.007810478928150
     0.007810478928150     0.005425711287899     0.007810478928150
    -0.007810478928150     0.007810478928150     0.005425711287899
8 58
    -0.104555772804815     0.040372017974732    -0.040372017974732
     0.040372017974732    -0.025183232673953     0.029356550294324
    -0.040372017974732     0.029356550294324    -0.025183232673953
8 59
    -0.025183232673953     0.040372017974732    -0.029356550294324
     0.040372017974732    -0.104555772804815     0.040372017974732
    -0.029356550294324     0.040372017974732    -0.025183232673953
8 60
     0.060418029943321     0.022368424833985    -0.037259271994117
     0.022368424833985     0.060418029943321     0.037259271994117
    -0.037259271994117     0.037259271994117     0.030353763622770
8 61
    -0.025183232673953     0.029356550294324    -0.040372017974732
     0.029356550294324    -0.025183232673953     0.040372017974732
    -0.040372017974732     0.040372017974732    -0.104555772804815
8 62
     0.060418029943321     0.037259271994117    -0.022368424833985
     0.037259271994117     0.030353763622770     0.037259271994117
    -0.022368424833985     0.037259271994117     0.060418029943321
8 63
     0.030353763622770     0.037259271994117    -0.037259271994117
     0.037259271994117     0.060418029943321     0.022368424833985
    -0.037259271994117     0.022368424833985     0.060418029943321
8 64
    -3.322380731651720     2.515143668279052    -2.515143668279053
     2.515143668279051    -3.322380731651718     2.515143668279052
    -2.515143668279051     2.515143668279051    -3.322380731651720
9 1
     0.060418029943321     0.037259271994117     0.022368424833985
     0.037259271994117     0.030353763622770    -0.037259271994117
     0.022368424833985    -0.037259271994117     0.060418029943321
9 2
    -0.025183232673953     0.029356550294324     0.040372017974732
     0.029356550294324    -0.025183232673953    -0.040372017974732
     0.040372017974732    -0.040372017974732    -0.104555772804815
9 3
    -3.322380731651718     2.515143668279052     2.515143668279051
     2.515143668279052    -3.322380731651720    -2.515143668279052
     2.515143668279051    -2.515143668279052    -3.322380731651718
9 4
     0.030353763622770     0.037259271994117     0.037259271994117
     0.037259271994117     0.060418029943321    -0.022368424833985
     0.037259271994117    -0.022368424833985     0.060418029943321
9 5
    -0.104555772804815     0.040372017974732     0.040372017974732
     0.040372017974732    -0.025183232673953    -0.029356550294324
     0.040372017974732    -0.029356550294324    -0.025183232673953
9 6
     0.005425711287899     0.007810478928150     0.007810478928150
     0.007810478928150     0.005425711287898    -0.007810478928150
     0.007810478928150    -0.007810478928150     0.005425711287899
9 7
     0.060418029943321     0.022368424833985     0.037259271994117
     0.022368424833985     0.060418029943321    -0.037259271994117
     0.037259271994117    -0.037259271994117     0.030353763622770
9 8
    -0.025183232673953     0.040372017974732     0.029356550294324
     0.040372017974732    -0.104555772804815    -0.040372017974732
     0.029356550294324    -0.040372017974732    -0.025183232673953
9 9
    14.036572029044686     0.000000000000000    -0.000000000000000
     0.000000000000000    14.036572029044693     0.000000000000000
    -0.000000000000000     0.000000000000000    14.036572029044688
9 10
    -0.067616379192259    -0.000000000000000    -0.000000000000000
     0.000000000000000    -0.063411041583095    -0.000000000000000
    -0.000000000000000     0.000000000000000    -0.063411041583095
9 11
    -0.063411041583095    -0.000000000000000     0.000000000000000
     0.000000000000000    -0.067616379192259    -0.000000000000000
    -0.000000000000000     0.000000000000000    -0.063411041583095
9 12
    -0.002013487346631    -0.000000000000000    -0.000000000000000
     0.000000000000000    -0.002013487346630    -0.000000000000000
    -0.000000000000000     0.000000000000000     0.192951181134049
9 13
    -0.063411041583095     0.000000000000000     0.000000000000000
     0.000000000000000    -0.063411041583095    -0.000000000000000
    -0.000000000000000     0.000000000000000    -0.067616379192259
9 14
    -0.002013487346630     0.000000000000000     0.000000000000000
     0.000000000000000     0.192951181134049    -0.000000000000000
     0.000000000000000     0.000000000000000    -0.002013487346630
9 15
     0.192951181134049     0.000000000000000    -0.000000000000000
     0.000000000000000    -0.002013487346630     0.000000000000000
    -0.000000000000000     0.000000000000000    -0.002013487346630
9 16
    -0.008785683121460     0.000000000000000     0.000000000000000
     0.000000000000000    -0.008785683121459    -0.000000000000000
     0.000000000000000     0.000000000000000    -0.008785683121459
9 17
    -3.322380731651718    -2.515143668279052    -2.515143668279051
    -2.515143668279052    -3.322380731651720    -2.515143668279052
    -2.515143668279051    -2.515143668279052    -3.322380731651718
9 18
     0.030353763622770    -0.037259271994117    -0.037259271994117
    -0.037259271994117     0.060418029943321    -0.022368424833985
    -0.037259271994117    -0.022368424833985     0.060418029943321
9 19
     0.060418029943321    -0.037259271994117    -0.022368424833985
    -0.037259271994117     0.030353763622770    -0.037259271994117
    -0.022368424833985    -0.037259271994117     0.060418029943321
9 20
    -0.025183232673953    -0.029356550294324    -0.040372017974732
    -0.029356550294324    -0.025183232673953    -0.040372017974732
    -0.040372017974732    -0.040372017974732    -0.104555772804815
9 21
     0.060418029943321    -0.022368424833985    -0.037259271994117
    -0.022368424833985     0.060418029943321    -0.037259271994117
    -0.037259271994117    -0.037259271994117     0.030353763622770
9 22
    -0.025183232673953    -0.040372017974732    -0.029356550294324
    -0.040372017974732    -0.104555772804815    -0.040372017974732
    -0.029356550294324    -0.040372017974732    -0.025183232673953
9 23
    -0.104555772804815    -0.040372017974732    -0.040372017974732
    -0.040372017974732    -0.025183232673953    -0.029356550294324
    -0.040372017974732    -0.029356550294324    -0.025183232673953
9 24
     0.005425711287899    -0.007810478928150    -0.007810478928150
    -0.007810478928150     0.005425711287899    -0.007810478928150
    -0.007810478928150    -0.007810478928150     0.005425711287899
9 25
     0.326937544787142    -0.048642867113813     0.048642867113813
     0.048642867113813    -0.230686433451410     0.234968497534283
    -0.048642867113813     0.234968497534282    -0.230686433451410
9 26
     0.003309412613817    -0.010440718779137     0.010440718779137
     0.010440718779137    -0.026877338996201    -0.040986281237565
    -0.010440718779137    -0.040986281237565    -0.026877338996201
9 27
     0.326937544787142    -0.048642867113813    -0.048642867113813
     0.048642867113813    -0.230686433451410    -0.234968497534282
     0.048642867113813    -0.234968497534282    -0.230686433451410
9 28
     0.003309412613817    -0.010440718779137    -0.010440718779137
     0.010440718779137    -0.026877338996201     0.040986281237565
     0.010440718779137     0.040986281237565    -0.026877338996201
9 29
     0.326937544787142     0.048642867113813     0.048642867113813
    -0.048642867113813    -0.230686433451410    -0.234968497534282
    -0.048642867113813    -0.234968497534282    -0.230686433451410
9 30
     0.003309412613817     0.010440718779137     0.010440718779137
    -0.010440718779137    -0.026877338996201     0.040986281237565
    -0.010440718779137     0.040986281237565    -0.026877338996201
9 31
     0.326937544787142     0.048642867113813    -0.048642867113813
    -0.048642867113813    -0.230686433451410     0.234968497534283
     0.048642867113813     0.234968497534282    -0.230686433451410
9 32
     0.003309412613817     0.010440718779137    -0.010440718779137
    -0.010440718779137    -0.026877338996201    -0.040986281237565
     0.010440718779137    -0.040986281237565    -0.026877338996201
9 33
    -0.025183232673953    -0.029356550294324     0.040372017974732
    -0.029356550294324    -0.025183232673953     0.040372017974732
     0.040372017974732     0.040372017974732    -0.104555772804815
9 34
     0.060418029943321    -0.037259271994117     0.022368424833985
    -0.037259271994117     0.030353763622770     0.037259271994117
     0.022368424833985     0.037259271994117     0.060418029943321
9 35
     0.030353763622770    -0.037259271994117     0.037259271994117
    -0.037259271994117     0.060418029943321     0.022368424833985
     0.037259271994117     0.022368424833985     0.060418029943321
9 36
    -3.322380731651720    -2.515143668279051     2.515143668279051
    -2.515143668279053    -3.322380731651720     2.515143668279052
     2.515143668279052     2.515143668279051    -3.322380731651718
9 37
     0.005425711287899    -0.007810478928150     0.007810478928150
    -0.007810478928150     0.005425711287898     0.007810478928150
     0.007810478928150     0.007810478928150     0.005425711287899
9 38
    -0.104555772804815    -0.040372017974732     0.040372017974732
    -0.040372017974732    -0.025183232673953     0.029356550294324
     0.040372017974732     0.029356550294324    -0.025183232673953
9 39
    -0.025183232673953    -0.040372017974732     0.029356550294324
    -0.040372017974732    -0.104555772804815     0.040372017974732
     0.029356550294324     0.040372017974732    -0.025183232673953
9 40
     0.060418029943321    -0.022368424833985     0.037259271994117
    -0.022368424833985     0.060418029943321     0.037259271994117
     0.037259271994117     0.037259271994117     0.030353763622770
9 41
    -0.230686433451410     0.048642867113813     0.234968497534282
    -0.048642867113813     0.326937544787143     0.048642867113813
     0.234968497534283    -0.048642867113813    -0.230686433451410
9 42
    -0.230686433451410     0.048642867113813    -0.234968497534283
    -0.048642867113813     0.326937544787142    -0.048642867113813
    -0.234968497534282     0.048642867113813    -0.230686433451410
9 43
    -0.026877338996201     0.010440718779137    -0.040986281237565
    -0.010440718779137     0.003309412613817     0.010440718779137
    -0.040986281237565    -0.010440718779137    -0.026877338996201
9 44
    -0.026877338996201     0.010440718779137     0.040986281237565
    -0.010440718779137     0.003309412613817    -0.010440718779137
     0.040986281237565     0.010440718779137    -0.026877338996201
9 45
    -0.230686433451410    -0.048642867113813    -0.234968497534282
     0.048642867113813     0.326937544787143     0.048642867113813
    -0.234968497534282    -0.048642867113813    -0.230686433451410
9 46
    -0.230686433451410    -0.048642867113813     0.234968497534283
     0.048642867113813     0.326937544787142    -0.048642867113813
     0.234968497534282     0.048642867113813    -0.230686433451410
9 47
    -0.026877338996201    -0.010440718779137     0.040986281237565
     0.010440718779137     0.003309412613817     0.010440718779137
     0.040986281237565    -0.010440718779137    -0.026877338996201
9 48
    -0.026877338996201    -0.010440718779137    -0.040986281237565
     0.010440718779137     0.003309412613817    -0.010440718779137
    -0.040986281237565     0.010440718779137    -0.026877338996201
9 49
     0.030353763622770     0.037259271994117    -0.037259271994117
     0.037259271994117     0.060418029943321     0.022368424833985
    -0.037259271994117     0.022368424833985     0.060418029943321
9 50
    -3.322380731651718     2.515143668279051    -2.515143668279052
     2.515143668279052    -3.322380731651720     2.515143668279053
    -2.515143668279051     2.515143668279051    -3.322380731651720
9 51
    -0.025183232673953     0.029356550294324    -0.040372017974732
     0.029356550294324    -0.025183232673953     0.040372017974732
    -0.040372017974732     0.040372017974732    -0.104555772804815
9 52
     0.060418029943321     0.037259271994117    -0.022368424833985
     0.037259271994117     0.030353763622770     0.037259271994117
    -0.022368424833985     0.037259271994117     0.060418029943321
9 53
    -0.025183232673953     0.040372017974732    -0.029356550294324
     0.040372017974732    -0.104555772804815     0.040372017974732
    -0.029356550294324     0.040372017974732    -0.025183232673953
9 54
     0.060418029943321     0.022368424833985    -0.037259271994117
     0.022368424833985     0.060418029943321     0.037259271994117
    -0.037259271994117     0.037259271994117     0.030353763622770
9 55
     0.005425711287899     0.007810478928150    -0.007810478928150
     0.007810478928150     0.005425711287899     0.007810478928150
    -0.007810478928150     0.007810478928150     0.005425711287899
9 56
    -0.104555772804815     0.040372017974732    -0.040372017974732
     0.040372017974732    -0.025183232673953     0.029356550294324
    -0.040372017974732     0.029356550294324    -0.025183232673953
9 57
    -0.230686433451410    -0.234968497534282    -0.048642867113813
    -0.234968497534283    -0.230686433451410    -0.048642867113813
     0.048642867113813     0.048642867113813     0.326937544787142
9 58
    -0.230686433451410     0.234968497534282    -0.048642867113813
     0.234968497534283    -0.230686433451410     0.048642867113813
     0.048642867113813    -0.048642867113813     0.326937544787143
9 59
    -0.230686433451410     0.234968497534282     0.048642867113813
     0.234968497534283    -0.230686433451410    -0.048642867113813
    -0.048642867113813     0.048642867113813     0.326937544787142
9 60
    -0.230686433451410    -0.234968497534283     0.048642867113813
    -0.234968497534282    -0.230686433451410     0.048642867113813
    -0.048642867113813    -0.048642867113813     0.326937544787142
9 61
    -0.026877338996201     0.040986281237565    -0.010440718779137
     0.040986281237565    -0.026877338996201    -0.010440718779137
     0.010440718779137     0.010440718779137     0.003309412613817
9 62
    -0.026877338996201    -0.040986281237565    -0.010440718779137
    -0.040986281237565    -0.026877338996201     0.010440718779137
     0.010440718779137    -0.010440718779137     0.003309412613817
9 63
    -0.026877338996201    -0.040986281237565     0.010440718779137
    -0.040986281237565    -0.026877338996201    -0.010440718779137
    -0.010440718779137     0.010440718779137     0.003309412613817
9 64
    -0.026877338996201     0.040986281237565     0.010440718779137
     0.040986281237565    -0.026877338996201     0.010440718779137
    -0.010440718779137    -0.010440718779137     0.003309412613817
10 1
    -0.025183232673953     0.029356550294324     0.040372017974732
     0.029356550294324    -0.025183232673953    -0.040372017974732
     0.040372017974732    -0.040372017974732    -0.104555772804815
10 2
     0.060418029943321     0.037259271994117     0.022368424833985
     0.037259271994117     0.030353763622770    -0.037259271994117
     0.022368424833985    -0.037259271994117     0.060418029943321
10 3
     0.030353763622770     0.037259271994117     0.037259271994117
     0.037259271994117     0.060418029943321    -0.022368424833985
     0.037259271994117    -0.022368424833985     0.060418029943321
10 4
    -3.322380731651720     2.515143668279051     2.515143668279051
     2.515143668279052    -3.322380731651718    -2.515143668279051
     2.515143668279053    -2.515143668279052    -3.322380731651720
10 5
     0.005425711287899     0.007810478928150     0.007810478928150
     0.007810478928150     0.005425711287899    -0.007810478928150
     0.007810478928150    -0.007810478928150     0.005425711287899
10 6
    -0.104555772804815     0.040372017974732     0.040372017974732
     0.040372017974732    -0.025183232673953    -0.029356550294324
     0.040372017974732    -0.029356550294324    -0.025183232673953
10 7
    -0.025183232673953     0.040372017974732     0.029356550294324
     0.040372017974732    -0.104555772804815    -0.040372017974732
     0.029356550294324    -0.040372017974732    -0.025183232673953
10 8
     0.060418029943321     0.022368424833985     0.037259271994117
     0.022368424833985     0.060418029943321    -0.037259271994117
     0.037259271994117    -0.037259271994117     0.030353763622770
10 9
    -0.067616379192259     0.000000000000000    -0.000000000000000
    -0.000000000000000    -0.063411041583095     0.000000000000000
    -0.000000000000000    -0.000000000000000    -0.063411041583095
10 10
    14.036572029044686    -0.000000000000001    -0.000000000000000
    -0.000000000000001    14.036572029044688    -0.000000000000000
    -0.000000000000000    -0.000000000000000    14.036572029044693
10 11
    -0.002013487346631    -0.000000000000000     0.000000000000000
    -0.000000000000000    -0.002013487346630     0.000000000000000
    -0.000000000000000    -0.000000000000000     0.192951181134049
10 12
    -0.063411041583095    -0.000000000000000    -0.000000000000000
    -0.000000000000000    -0.067616379192259     0.000000000000000
    -0.000000000000000    -0.000000000000000    -0.063411041583095
10 13
    -0.002013487346630    -0.000000000000000    -0.000000000000000
    -0.000000000000000     0.192951181134049     0.000000000000000
    -0.000000000000000    -0.000000000000000    -0.002013487346630
10 14
    -0.063411041583095    -0.000000000000000     0.000000000000000
     0.000000000000000    -0.063411041583095    -0.000000000000000
     0.000000000000000    -0.000000000000000    -0.067616379192259
10 15
    -0.008785683121460     0.000000000000000    -0.000000000000000
    -0.000000000000000    -0.008785683121459     0.000000000000000
    -0.000000000000000    -0.000000000000000    -0.008785683121459
10 16
     0.192951181134049    -0.000000000000000    -0.000000000000000
    -0.000000000000000    -0.002013487346630     0.000000000000000
     0.000000000000000    -0.000000000000000    -0.002013487346630
10 17
     0.030353763622770    -0.037259271994117    -0.037259271994117
    -0.037259271994117     0.060418029943321    -0.022368424833985
    -0.037259271994117    -0.022368424833985     0.060418029943321
10 18
    -3.322380731651718    -2.515143668279051    -2.515143668279052
    -2.515143668279051    -3.322380731651718    -2.515143668279052
    -2.515143668279052    -2.515143668279052    -3.322380731651720
10 19
    -0.025183232673953    -0.029356550294324    -0.040372017974732
    -0.029356550294324    -0.025183232673953    -0.040372017974732
    -0.040372017974732    -0.040372017974732    -0.104555772804815
10 20
     0.060418029943321    -0.037259271994117    -0.022368424833985
    -0.037259271994117     0.030353763622770    -0.037259271994117
    -0.022368424833985    -0.037259271994117     0.060418029943321
10 21
    -0.025183232673953    -0.040372017974732    -0.029356550294324
    -0.040372017974732    -0.104555772804815    -0.040372017974732
    -0.029356550294324    -0.040372017974732    -0.025183232673953
10 22
     0.060418029943321    -0.022368424833985    -0.037259271994117
    -0.022368424833985     0.060418029943321    -0.037259271994117
    -0.037259271994117    -0.037259271994117     0.030353763622770
10 23
     0.005425711287899    -0.007810478928150    -0.007810478928150
    -0.007810478928150     0.005425711287899    -0.007810478928150
    -0.007810478928150    -0.007810478928150     0.005425711287899
10 24
    -0.104555772804815    -0.040372017974732    -0.040372017974732
    -0.040372017974732    -0.025183232673953    -0.029356550294324
    -0.040372017974732    -0.029356550294324    -0.025183232673953
10 25
     0.003309412613817    -0.010440718779137     0.010440718779137
     0.010440718779137    -0.026877338996201    -0.040986281237565
    -0.010440718779137    -0.040986281237565    -0.026877338996201
10 26
     0.326937544787143    -0.048642867113813     0.048642867113813
     0.048642867113813    -0.230686433451410     0.234968497534282
    -0.048642867113813     0.234968497534282    -0.230686433451410
10 27
     0.003309412613817    -0.010440718779137    -0.010440718779137
     0.010440718779137    -0.026877338996201     0.040986281237565
     0.010440718779137     0.040986281237565    -0.026877338996201
10 28
     0.326937544787142    -0.048642867113813    -0.048642867113813
     0.048642867113813    -0.230686433451410    -0.234968497534283
     0.048642867113813    -0.234968497534282    -0.230686433451410
10 29
     0.003309412613817     0.010440718779137     0.010440718779137
    -0.010440718779137    -0.026877338996201     0.040986281237565
    -0.010440718779137     0.040986281237565    -0.026877338996201
10 30
     0.326937544787142     0.048642867113813     0.048642867113813
    -0.048642867113813    -0.230686433451410    -0.234968497534282
    -0.048642867113813    -0.234968497534283    -0.230686433451410
10 31
     0.003309412613817     0.010440718779137    -0.010440718779137
    -0.010440718779137    -0.026877338996201    -0.040986281237565
     0.010440718779137    -0.040986281237565    -0.026877338996201
10 32
     0.326937544787142     0.048642867113813    -0.048642867113813
    -0.048642867113813    -0.230686433451410     0.234968497534282
     0.048642867113813     0.234968497534283    -0.230686433451410
10 33
     0.060418029943321    -0.037259271994117     0.022368424833985
    -0.037259271994117     0.030353763622770     0.037259271994117
     0.022368424833985     0.037259271994117     0.060418029943321
10 34
    -0.025183232673953    -0.029356550294324     0.040372017974732
    -0.029356550294324    -0.025183232673953     0.040372017974732
     0.040372017974732     0.040372017974732    -0.104555772804815
10 35
    -3.322380731651718    -2.515143668279051     2.515143668279052
    -2.515143668279051    -3.322380731651718     2.515143668279052
     2.515143668279052     2.515143668279052    -3.322380731651720
10 36
     0.030353763622770    -0.037259271994117     0.037259271994117
    -0.037259271994117     0.060418029943321     0.022368424833985
     0.037259271994117     0.022368424833985     0.060418029943321
10 37
    -0.104555772804815    -0.040372017974732     0.040372017974732
    -0.040372017974732    -0.025183232673953     0.029356550294324
     0.040372017974732     0.029356550294324    -0.025183232673953
10 38
     0.005425711287899    -0.007810478928150     0.007810478928150
    -0.007810478928150     0.005425711287899     0.007810478928150
     0.007810478928150     0.007810478928150     0.005425711287899
10 39
     0.060418029943321    -0.022368424833985     0.037259271994117
    -0.022368424833985     0.060418029943321     0.037259271994117
     0.037259271994117     0.037259271994117     0.030353763622770
10 40
    -0.025183232673953    -0.040372017974732     0.029356550294324
    -0.040372017974732    -0.104555772804815     0.040372017974732
     0.029356550294324     0.040372017974732    -0.025183232673953
10 41
    -0.230686433451410     0.048642867113813    -0.234968497534282
    -0.048642867113813     0.326937544787142    -0.048642867113813
    -0.234968497534283     0.048642867113813    -0.230686433451410
10 42
    -0.230686433451410     0.048642867113813     0.234968497534282
    -0.048642867113813     0.326937544787142     0.048642867113813
     0.234968497534282    -0.048642867113813    -0.230686433451410
10 43
    -0.026877338996201     0.010440718779137     0.040986281237565
    -0.010440718779137     0.003309412613817    -0.010440718779137
     0.040986281237565     0.010440718779137    -0.026877338996201
10 44
    -0.026877338996201     0.010440718779137    -0.040986281237565
    -0.010440718779137     0.003309412613817     0.010440718779137
    -0.040986281237565    -0.010440718779137    -0.026877338996201
10 45
    -0.230686433451410    -0.048642867113813     0.234968497534282
     0.048642867113813     0.326937544787143    -0.048642867113813
     0.234968497534282     0.048642867113813    -0.230686433451410
10 46
    -0.230686433451410    -0.048642867113813    -0.234968497534283
     0.048642867113813     0.326937544787142     0.048642867113813
    -0.234968497534283    -0.048642867113813    -0.230686433451410
10 47
    -0.026877338996201    -0.010440718779137    -0.040986281237565
     0.010440718779137     0.003309412613817    -0.010440718779137
    -0.040986281237565     0.010440718779137    -0.026877338996201
10 48
    -0.026877338996201    -0.010440718779137     0.040986281237565
     0.010440718779137     0.003309412613817     0.010440718779137
     0.040986281237565    -0.010440718779137    -0.026877338996201
10 49
    -3.322380731651718     2.515143668279052    -2.515143668279051
     2.515143668279051    -3.322380731651720     2.515143668279051
    -2.515143668279052     2.515143668279053    -3.322380731651720
10 50
     0.030353763622770     0.037259271994117    -0.037259271994117
     0.037259271994117     0.060418029943321     0.022368424833985
    -0.037259271994117     0.022368424833985     0.060418029943321
10 51
     0.060418029943321     0.037259271994117    -0.022368424833985
     0.037259271994117     0.030353763622770     0.037259271994117
    -0.022368424833985     0.037259271994117     0.060418029943321
10 52
    -0.025183232673953     0.029356550294324    -0.040372017974732
     0.029356550294324    -0.025183232673953     0.040372017974732
    -0.040372017974732     0.040372017974732    -0.104555772804815
10 53
     0.060418029943321     0.022368424833985    -0.037259271994117
     0.022368424833985     0.060418029943321     0.037259271994117
    -0.037259271994117     0.037259271994117     0.030353763622770
10 54
    -0.025183232673953     0.040372017974732    -0.029356550294324
     0.040372017974732    -0.104555772804815     0.040372017974732
    -0.029356550294324     0.040372017974732    -0.025183232673953
10 55
    -0.104555772804815     0.040372017974732    -0.040372017974732
     0.040372017974732    -0.025183232673953     0.029356550294324
    -0.040372017974732     0.029356550294324    -0.025183232673953
10 56
     0.005425711287899     0.007810478928150    -0.007810478928150
     0.007810478928150     0.005425711287899     0.007810478928150
    -0.007810478928150     0.007810478928150     0.005425711287898
10 57
    -0.230686433451410     0.234968497534282    -0.048642867113813
     0.234968497534282    -0.230686433451410     0.048642867113813
     0.048642867113813    -0.048642867113813     0.326937544787143
10 58
    -0.230686433451410    -0.234968497534282    -0.048642867113813
    -0.234968497534282    -0.230686433451410    -0.048642867113813
     0.048642867113813     0.048642867113813     0.326937544787143
10 59
    -0.230686433451410    -0.234968497534282     0.048642867113813
    -0.234968497534282    -0.230686433451410     0.048642867113813
    -0.048642867113813    -0.048642867113813     0.326937544787143
10 60
    -0.230686433451410     0.234968497534282     0.048642867113813
     0.234968497534282    -0.230686433451410    -0.048642867113813
    -0.048642867113813     0.048642867113813     0.326937544787143
10 61
    -0.026877338996201    -0.040986281237565    -0.010440718779137
    -0.040986281237565    -0.026877338996201     0.010440718779137
     0.010440718779137    -0.010440718779137     0.003309412613817
10 62
    -0.026877338996201     0.040986281237565    -0.010440718779137
     0.040986281237565    -0.026877338996201    -0.010440718779137
     0.010440718779137     0.010440718779137     0.003309412613817
10 63
    -0.026877338996201     0.040986281237565     0.010440718779137
     0.040986281237565    -0.026877338996201     0.010440718779137
    -0.010440718779137    -0.010440718779137     0.003309412613817
10 64
    -0.026877338996201    -0.040986281237565     0.010440718779137
    -0.040986281237565    -0.026877338996201    -0.010440718779137
    -0.010440718779137     0.010440718779137     0.003309412613817
11 1
    -3.322380731651720     2.515143668279053     2.515143668279052
     2.515143668279051    -3.322380731651720    -2.515143668279051
     2.515143668279051    -2.515143668279052    -3.322380731651718
11 2
     0.030353763622770     0.037259271994117     0.037259271994117
     0.037259271994117     0.060418029943321    -0.022368424833985
     0.037259271994117    -0.022368424833985     0.060418029943321
11 3
     0.060418029943321     0.037259271994117     0.022368424833985
     0.037259271994117     0.030353763622770    -0.037259271994117
     0.022368424833985    -0.037259271994117     0.060418029943321
11 4
    -0.025183232673953     0.029356550294324     0.040372017974732
     0.029356550294324    -0.025183232673953    -0.040372017974732
     0.040372017974732    -0.040372017974732    -0.104555772804815
11 5
     0.060418029943321     0.022368424833985     0.037259271994117
     0.022368424833985     0.060418029943321    -0.037259271994117
     0.037259271994117    -0.037259271994117     0.030353763622770
11 6
    -0.025183232673953     0.040372017974732     0.029356550294324
     0.040372017974732    -0.104555772804815    -0.040372017974732
     0.029356550294324    -0.040372017974732    -0.025183232673953
11 7
    -0.104555772804815     0.040372017974732     0.040372017974732
     0.040372017974732    -0.025183232673953    -0.029356550294324
     0.040372017974732    -0.029356550294324    -0.025183232673953
11 8
     0.005425711287898     0.007810478928150     0.007810478928150
     0.007810478928150     0.005425711287899    -0.007810478928150
     0.007810478928150    -0.007810478928150     0.005425711287899
11 9
    -0.063411041583095     0.000000000000000    -0.000000000000000
    -0.000000000000000    -0.067616379192259     0.000000000000000
     0.000000000000000    -0.000000000000000    -0.063411041583095
11 10
    -0.002013487346631    -0.000000000000000    -0.000000000000000
    -0.000000000000000    -0.002013487346630    -0.000000000000000
     0.000000000000000     0.000000000000000     0.192951181134049
11 11
    14.036572029044692    -0.000000000000000     0.000000000000000
    -0.000000000000000    14.036572029044686     0.000000000000000
     0.000000000000000     0.000000000000000    14.036572029044688
11 12
    -0.067616379192259    -0.000000000000000    -0.000000000000000
    -0.000000000000000    -0.063411041583095     0.000000000000000
     0.000000000000000     0.000000000000000    -0.063411041583095
11 13
     0.192951181134049    -0.000000000000000     0.000000000000000
    -0.000000000000000    -0.002013487346630     0.000000000000000
     0.000000000000000     0.000000000000000    -0.002013487346630
11 14
    -0.008785683121460    -0.000000000000000     0.000000000000000
    -0.000000000000000    -0.008785683121459    -0.000000000000000
     0.000000000000000     0.000000000000000    -0.008785683121459
11 15
    -0.063411041583095    -0.000000000000000    -0.000000000000000
    -0.000000000000000    -0.063411041583095     0.000000000000000
     0.000000000000000     0.000000000000000    -0.067616379192259
11 16
    -0.002013487346631    -0.000000000000000     0.000000000000000
    -0.000000000000000     0.192951181134049     0.000000000000000
     0.000000000000000     0.000000000000000    -0.002013487346630
11 17
     0.060418029943321    -0.037259271994117    -0.022368424833985
    -0.037259271994117     0.030353763622770    -0.037259271994117
    -0.022368424833985    -0.037259271994117     0.060418029943321
11 18
    -0.025183232673953    -0.029356550294324    -0.040372017974732
    -0.029356550294324    -0.025183232673953    -0.040372017974732
    -0.040372017974732    -0.040372017974732    -0.104555772804815
11 19
    -3.322380731651720    -2.515143668279052    -2.515143668279053
    -2.515143668279051    -3.322380731651718    -2.515143668279052
    -2.515143668279051    -2.515143668279051    -3.322380731651720
11 20
     0.030353763622770    -0.037259271994117    -0.037259271994117
    -0.037259271994117     0.060418029943321    -0.022368424833985
    -0.037259271994117    -0.022368424833985     0.060418029943321
11 21
    -0.104555772804815    -0.040372017974732    -0.040372017974732
    -0.040372017974732    -0.025183232673953    -0.029356550294324
    -0.040372017974732    -0.029356550294324    -0.025183232673953
11 22
     0.005425711287898    -0.007810478928150    -0.007810478928150
    -0.007810478928150     0.005425711287899    -0.007810478928150
    -0.007810478928150    -0.007810478928150     0.005425711287899
11 23
     0.060418029943321    -0.022368424833985    -0.037259271994117
    -0.022368424833985     0.060418029943321    -0.037259271994117
    -0.037259271994117    -0.037259271994117     0.030353763622770
11 24
    -0.025183232673953    -0.040372017974732    -0.029356550294324
    -0.040372017974732    -0.104555772804815    -0.040372017974732
    -0.029356550294324    -0.040372017974732    -0.025183232673953
11 25
     0.326937544787143    -0.048642867113813    -0.048642867113813
     0.048642867113813    -0.230686433451410    -0.234968497534282
     0.048642867113813    -0.234968497534282    -0.230686433451410
11 26
     0.003309412613817    -0.010440718779137    -0.010440718779137
     0.010440718779137    -0.026877338996201     0.040986281237565
     0.010440718779137     0.040986281237565    -0.026877338996201
11 27
     0.326937544787143    -0.048642867113813     0.048642867113813
     0.048642867113813    -0.230686433451410     0.234968497534282
    -0.048642867113813     0.234968497534283    -0.230686433451410
11 28
     0.003309412613817    -0.010440718779137     0.010440718779137
     0.010440718779137    -0.026877338996201    -0.040986281237565
    -0.010440718779137    -0.040986281237565    -0.026877338996201
11 29
     0.326937544787143     0.048642867113813    -0.048642867113813
    -0.048642867113813    -0.230686433451410     0.234968497534282
     0.048642867113813     0.234968497534283    -0.230686433451410
11 30
     0.003309412613817     0.010440718779137    -0.010440718779137
    -0.010440718779137    -0.026877338996201    -0.040986281237565
     0.010440718779137    -0.040986281237565    -0.026877338996201
11 31
     0.326937544787143     0.048642867113813     0.048642867113813
    -0.048642867113813    -0.230686433451410    -0.234968497534282
    -0.048642867113813    -0.234968497534282    -0.230686433451410
11 32
     0.003309412613817     0.010440718779137     0.010440718779137
    -0.010440718779137    -0.026877338996201     0.040986281237565
    -0.010440718779137     0.040986281237565    -0.026877338996201
11 33
     0.030353763622770    -0.037259271994117     0.037259271994117
    -0.037259271994117     0.060418029943321     0.022368424833985
     0.037259271994117     0.022368424833985     0.060418029943321
11 34
    -3.322380731651720    -2.515143668279052     2.515143668279053
    -2.515143668279051    -3.322380731651718     2.515143668279052
     2.515143668279051     2.515143668279051    -3.322380731651720
11 35
    -0.025183232673953    -0.029356550294324     0.040372017974732
    -0.029356550294324    -0.025183232673953     0.040372017974732
     0.040372017974732     0.040372017974732    -0.104555772804815
11 36
     0.060418029943321    -0.037259271994117     0.022368424833985
    -0.037259271994117     0.030353763622770     0.037259271994117
     0.022368424833985     0.037259271994117     0.060418029943321
11 37
    -0.025183232673953    -0.040372017974732     0.029356550294324
    -0.040372017974732    -0.104555772804815     0.040372017974732
     0.029356550294324     0.040372017974732    -0.025183232673953
11 38
     0.060418029943321    -0.022368424833985     0.037259271994117
    -0.022368424833985     0.060418029943321     0.037259271994117
     0.037259271994117     0.037259271994117     0.030353763622770
11 39
     0.005425711287899    -0.007810478928150     0.007810478928150
    -0.007810478928150     0.005425711287899     0.007810478928150
     0.007810478928150     0.007810478928150     0.005425711287899
11 40
    -0.104555772804815    -0.040372017974732     0.040372017974732
    -0.040372017974732    -0.025183232673953     0.029356550294324
     0.040372017974732     0.029356550294324    -0.025183232673953
11 41
    -0.026877338996201     0.010440718779137    -0.040986281237565
    -0.010440718779137     0.003309412613817     0.010440718779137
    -0.040986281237565    -0.010440718779137    -0.026877338996201
11 42
    -0.026877338996201     0.010440718779137     0.040986281237565
    -0.010440718779137     0.003309412613817    -0.010440718779137
     0.040986281237565     0.010440718779137    -0.026877338996201
11 43
    -0.230686433451410     0.048642867113813     0.234968497534283
    -0.048642867113813     0.326937544787143     0.048642867113813
     0.234968497534283    -0.048642867113813    -0.230686433451410
11 44
    -0.230686433451410     0.048642867113813    -0.234968497534283
    -0.048642867113813     0.326937544787142    -0.048642867113813
    -0.234968497534282     0.048642867113813    -0.230686433451410
11 45
    -0.026877338996201    -0.010440718779137     0.040986281237565
     0.010440718779137     0.003309412613817     0.010440718779137
     0.040986281237565    -0.010440718779137    -0.026877338996201
11 46
    -0.026877338996201    -0.010440718779137    -0.040986281237565
     0.010440718779137     0.003309412613817    -0.010440718779137
    -0.040986281237565     0.010440718779137    -0.026877338996201
11 47
    -0.230686433451410    -0.048642867113813    -0.234968497534283
     0.048642867113813     0.326937544787143     0.048642867113813
    -0.234968497534282    -0.048642867113813    -0.230686433451410
11 48
    -0.230686433451410    -0.048642867113813     0.234968497534283
     0.048642867113813     0.326937544787142    -0.048642867113813
     0.234968497534283     0.048642867113813    -0.230686433451410
11 49
    -0.025183232673953     0.029356550294324    -0.040372017974732
     0.029356550294324    -0.025183232673953     0.040372017974732
    -0.040372017974732     0.040372017974732    -0.104555772804815
11 50
     0.060418029943321     0.037259271994117    -0.022368424833985
     0.037259271994117     0.030353763622770     0.037259271994117
    -0.022368424833985     0.037259271994117     0.060418029943321
11 51
     0.030353763622770     0.037259271994117    -0.037259271994117
     0.037259271994117     0.060418029943321     0.022368424833985
    -0.037259271994117     0.022368424833985     0.060418029943321
11 52
    -3.322380731651720     2.515143668279052    -2.515143668279052
     2.515143668279052    -3.322380731651718     2.515143668279051
    -2.515143668279052     2.515143668279051    -3.322380731651718
11 53
     0.005425711287899     0.007810478928150    -0.007810478928150
     0.007810478928150     0.005425711287899     0.007810478928150
    -0.007810478928150     0.007810478928150     0.005425711287899
11 54
    -0.104555772804815     0.040372017974732    -0.040372017974732
     0.040372017974732    -0.025183232673953     0.029356550294324
    -0.040372017974732     0.029356550294324    -0.025183232673953
11 55
    -0.025183232673953     0.040372017974732    -0.029356550294324
     0.040372017974732    -0.104555772804815     0.040372017974732
    -0.029356550294324     0.040372017974732    -0.025183232673953
11 56
     0.060418029943321     0.022368424833985    -0.037259271994117
     0.022368424833985     0.060418029943321     0.037259271994117
    -0.037259271994117     0.037259271994117     0.030353763622770
11 57
    -0.230686433451410     0.234968497534282     0.048642867113813
     0.234968497534282    -0.230686433451410    -0.048642867113813
    -0.048642867113813     0.048642867113813     0.326937544787142
11 58
    -0.230686433451410    -0.234968497534283     0.048642867113813
    -0.234968497534282    -0.230686433451410     0.048642867113813
    -0.048642867113813    -0.048642867113813     0.326937544787143
11 59
    -0.230686433451410    -0.234968497534283    -0.048642867113813
    -0.234968497534282    -0.230686433451410    -0.048642867113813
     0.048642867113813     0.048642867113813     0.326937544787143
11 60
    -0.230686433451410     0.234968497534283    -0.048642867113813
     0.234968497534282    -0.230686433451410     0.048642867113813
     0.048642867113813    -0.048642867113813     0.326937544787142
11 61
    -0.026877338996201    -0.040986281237565     0.010440718779137
    -0.040986281237565    -0.026877338996201    -0.010440718779137
    -0.010440718779137     0.010440718779137     0.003309412613817
11 62
    -0.026877338996201     0.040986281237565     0.010440718779137
     0.040986281237565    -0.026877338996201     0.010440718779137
    -0.010440718779137    -0.010440718779137     0.003309412613817
11 63
    -0.026877338996201     0.040986281237565    -0.010440718779137
     0.040986281237565    -0.026877338996201    -0.010440718779137
     0.010440718779137     0.010440718779137     0.003309412613817
11 64
    -0.026877338996201    -0.040986281237565    -0.010440718779137
    -0.040986281237565    -0.026877338996201     0.010440718779137
     0.010440718779137    -0.010440718779137     0.003309412613817
12 1
     0.030353763622770     0.037259271994117     0.037259271994117
     0.037259271994117     0.060418029943321    -0.022368424833985
     0.037259271994117    -0.022368424833985     0.060418029943321
12 2
    -3.322380731651720     2.515143668279052     2.515143668279052
     2.515143668279052    -3.322380731651718    -2.515143668279051
     2.515143668279052    -2.515143668279051    -3.322380731651718
12 3
    -0.025183232673953     0.029356550294324     0.040372017974732
     0.029356550294324    -0.025183232673953    -0.040372017974732
     0.040372017974732    -0.040372017974732    -0.104555772804815
12 4
     0.060418029943321     0.037259271994117     0.022368424833985
     0.037259271994117     0.030353763622770    -0.037259271994117
     0.022368424833985    -0.037259271994117     0.060418029943321
12 5
    -0.025183232673953     0.040372017974732     0.029356550294324
     0.040372017974732    -0.104555772804815    -0.040372017974732
     0.029356550294324    -0.040372017974732    -0.025183232673953
12 6
     0.060418029943321     0.022368424833985     0.037259271994117
     0.022368424833985     0.060418029943321    -0.037259271994117
     0.037259271994117    -0.037259271994117     0.030353763622770
12 7
     0.005425711287899     0.007810478928150     0.007810478928150
     0.007810478928150     0.005425711287899    -0.007810478928150
     0.007810478928150    -0.007810478928150     0.005425711287899
12 8
    -0.104555772804815     0.040372017974732     0.040372017974732
     0.040372017974732    -0.025183232673953    -0.029356550294324
     0.040372017974732    -0.029356550294324    -0.025183232673953
12 9
    -0.002013487346631     0.000000000000000    -0.000000000000000
    -0.000000000000000    -0.002013487346630     0.000000000000000
    -0.000000000000000    -0.000000000000000     0.192951181134049
12 10
    -0.063411041583095    -0.000000000000000    -0.000000000000000
    -0.000000000000000    -0.067616379192259    -0.000000000000000
    -0.000000000000000     0.000000000000000    -0.063411041583095
12 11
    -0.067616379192259    -0.000000000000000     0.000000000000000
    -0.000000000000000    -0.063411041583095     0.000000000000000
    -0.000000000000000     0.000000000000000    -0.063411041583095
12 12
    14.036572029044692    -0.000000000000000    -0.000000000000001
    -0.000000000000000    14.036572029044688    -0.000000000000000
    -0.000000000000001    -0.000000000000000    14.036572029044686
12 13
    -0.008785683121460     0.000000000000000    -0.000000000000000
    -0.000000000000000    -0.008785683121459    -0.000000000000000
    -0.000000000000000     0.000000000000000    -0.008785683121459
12 14
     0.192951181134049     0.000000000000000    -0.000000000000000
     0.000000000000000    -0.002013487346630    -0.000000000000000
     0.000000000000000    -0.000000000000000    -0.002013487346630
12 15
    -0.002013487346631     0.000000000000000    -0.000000000000000
    -0.000000000000000     0.192951181134049     0.000000000000000
    -0.000000000000000    -0.000000000000000    -0.002013487346630
12 16
    -0.063411041583095     0.000000000000000    -0.000000000000000
    -0.000000000000000    -0.063411041583095    -0.000000000000000
     0.000000000000000     0.000000000000000    -0.067616379192259
12 17
    -0.025183232673953    -0.029356550294324    -0.040372017974732
    -0.029356550294324    -0.025183232673953    -0.040372017974732
    -0.040372017974732    -0.040372017974732    -0.104555772804815
12 18
     0.060418029943321    -0.037259271994117    -0.022368424833985
    -0.037259271994117     0.030353763622770    -0.037259271994117
    -0.022368424833985    -0.037259271994117     0.060418029943321
12 19
     0.030353763622770    -0.037259271994117    -0.037259271994117
    -0.037259271994117     0.060418029943321    -0.022368424833985
    -0.037259271994117    -0.022368424833985     0.060418029943321
12 20
    -3.322380731651720    -2.515143668279053    -2.515143668279052
    -2.515143668279051    -3.322380731651720    -2.515143668279051
    -2.515143668279051    -2.515143668279052    -3.322380731651718
12 21
     0.005425711287899    -0.007810478928150    -0.007810478928150
    -0.007810478928150     0.005425711287899    -0.007810478928150
    -0.007810478928150    -0.007810478928150     0.005425711287899
12 22
    -0.104555772804815    -0.040372017974732    -0.040372017974732
    -0.040372017974732    -0.025183232673953    -0.029356550294324
    -0.040372017974732    -0.029356550294324    -0.025183232673953
12 23
    -0.025183232673953    -0.040372017974732    -0.029356550294324
    -0.040372017974732    -0.104555772804815    -0.040372017974732
    -0.029356550294324    -0.040372017974732    -0.025183232673953
12 24
     0.060418029943321    -0.022368424833985    -0.037259271994117
    -0.022368424833985     0.060418029943321    -0.037259271994117
    -0.037259271994117    -0.037259271994117     0.030353763622770
12 25
     0.003309412613817    -0.010440718779137    -0.010440718779137
     0.010440718779137    -0.026877338996201     0.040986281237565
     0.010440718779137     0.040986281237565    -0.026877338996201
12 26
     0.326937544787143    -0.048642867113813    -0.048642867113813
     0.048642867113813    -0.230686433451410    -0.234968497534282
     0.048642867113813    -0.234968497534282    -0.230686433451410
12 27
     0.003309412613817    -0.010440718779137     0.010440718779137
     0.010440718779137    -0.026877338996201    -0.040986281237565
    -0.010440718779137    -0.040986281237565    -0.026877338996201
12 28
     0.326937544787143    -0.048642867113813     0.048642867113813
     0.048642867113813    -0.230686433451410     0.234968497534282
    -0.048642867113813     0.234968497534282    -0.230686433451410
12 29
     0.003309412613817     0.010440718779137    -0.010440718779137
    -0.010440718779137    -0.026877338996201    -0.040986281237565
     0.010440718779137    -0.040986281237565    -0.026877338996201
12 30
     0.326937544787143     0.048642867113813    -0.048642867113813
    -0.048642867113813    -0.230686433451410     0.234968497534282
     0.048642867113813     0.234968497534282    -0.230686433451410
12 31
     0.003309412613817     0.010440718779137     0.010440718779137
    -0.010440718779137    -0.026877338996201     0.040986281237565
    -0.010440718779137     0.040986281237565    -0.026877338996201
12 32
     0.326937544787143     0.048642867113813     0.048642867113813
    -0.048642867113813    -0.230686433451410    -0.234968497534282
    -0.048642867113813    -0.234968497534283    -0.230686433451410
12 33
    -3.322380731651720    -2.515143668279052     2.515143668279053
    -2.515143668279051    -3.322380731651718     2.515143668279052
     2.515143668279051     2.515143668279051    -3.322380731651720
12 34
     0.030353763622770    -0.037259271994117     0.037259271994117
    -0.037259271994117     0.060418029943321     0.022368424833985
     0.037259271994117     0.022368424833985     0.060418029943321
12 35
     0.060418029943321    -0.037259271994117     0.022368424833985
    -0.037259271994117     0.030353763622770     0.037259271994117
     0.022368424833985     0.037259271994117     0.060418029943321
12 36
    -0.025183232673953    -0.029356550294324     0.040372017974732
    -0.029356550294324    -0.025183232673953     0.040372017974732
     0.040372017974732     0.040372017974732    -0.104555772804815
12 37
     0.060418029943321    -0.022368424833985     0.037259271994117
    -0.022368424833985     0.060418029943321     0.037259271994117
     0.037259271994117     0.037259271994117     0.030353763622770
12 38
    -0.025183232673953    -0.040372017974732     0.029356550294324
    -0.040372017974732    -0.104555772804815     0.040372017974732
     0.029356550294324     0.040372017974732    -0.025183232673953
12 39
    -0.104555772804815    -0.040372017974732     0.040372017974732
    -0.040372017974732    -0.025183232673953     0.029356550294324
     0.040372017974732     0.029356550294324    -0.025183232673953
12 40
     0.005425711287898    -0.007810478928150     0.007810478928150
    -0.007810478928150     0.005425711287899     0.007810478928150
     0.007810478928150     0.007810478928150     0.005425711287899
12 41
    -0.026877338996201     0.010440718779137     0.040986281237565
    -0.010440718779137     0.003309412613817    -0.010440718779137
     0.040986281237565     0.010440718779137    -0.026877338996201
12 42
    -0.026877338996201     0.010440718779137    -0.040986281237565
    -0.010440718779137     0.003309412613817     0.010440718779137
    -0.040986281237565    -0.010440718779137    -0.026877338996201
12 43
    -0.230686433451410     0.048642867113813    -0.234968497534283
    -0.048642867113813     0.326937544787143    -0.048642867113813
    -0.234968497534283     0.048642867113813    -0.230686433451410
12 44
    -0.230686433451410     0.048642867113813     0.234968497534282
    -0.048642867113813     0.326937544787142     0.048642867113813
     0.234968497534283    -0.048642867113813    -0.230686433451410
12 45
    -0.026877338996201    -0.010440718779137    -0.040986281237565
     0.010440718779137     0.003309412613817    -0.010440718779137
    -0.040986281237565     0.010440718779137    -0.026877338996201
12 46
    -0.026877338996201    -0.010440718779137     0.040986281237565
     0.010440718779137     0.003309412613817     0.010440718779137
     0.040986281237565    -0.010440718779137    -0.026877338996201
12 47
    -0.230686433451410    -0.048642867113813     0.234968497534282
     0.048642867113813     0.326937544787143    -0.048642867113813
     0.234968497534282     0.048642867113813    -0.230686433451410
12 48
    -0.230686433451410    -0.048642867113813    -0.234968497534283
     0.048642867113813     0.326937544787142     0.048642867113813
    -0.234968497534283    -0.048642867113813    -0.230686433451410
12 49
     0.060418029943321     0.037259271994117    -0.022368424833985
     0.037259271994117     0.030353763622770     0.037259271994117
    -0.022368424833985     0.037259271994117     0.060418029943321
12 50
    -0.025183232673953     0.029356550294324    -0.040372017974732
     0.029356550294324    -0.025183232673953     0.040372017974732
    -0.040372017974732     0.040372017974732    -0.104555772804815
12 51
    -3.322380731651720     2.515143668279053    -2.515143668279052
     2.515143668279051    -3.322380731651720     2.515143668279051
    -2.515143668279051     2.515143668279052    -3.322380731651718
12 52
     0.030353763622770     0.037259271994117    -0.037259271994117
     0.037259271994117     0.060418029943321     0.022368424833985
    -0.037259271994117     0.022368424833985     0.060418029943321
12 53
    -0.104555772804815     0.040372017974732    -0.040372017974732
     0.040372017974732    -0.025183232673953     0.029356550294324
    -0.040372017974732     0.029356550294324    -0.025183232673953
12 54
     0.005425711287898     0.007810478928150    -0.007810478928150
     0.007810478928150     0.005425711287899     0.007810478928150
    -0.007810478928150     0.007810478928150     0.005425711287899
12 55
     0.060418029943321     0.022368424833985    -0.037259271994117
     0.022368424833985     0.060418029943321     0.037259271994117
    -0.037259271994117     0.037259271994117     0.030353763622770
12 56
    -0.025183232673953     0.040372017974732    -0.029356550294324
     0.040372017974732    -0.104555772804815     0.040372017974732
    -0.029356550294324     0.040372017974732    -0.025183232673953
12 57
    -0.230686433451410    -0.234968497534282     0.048642867113813
    -0.234968497534283    -0.230686433451410     0.048642867113813
    -0.048642867113813    -0.048642867113813     0.326937544787142
12 58
    -0.230686433451410     0.234968497534283     0.048642867113813
     0.234968497534282    -0.230686433451410    -0.048642867113813
    -0.048642867113813     0.048642867113813     0.326937544787143
12 59
    -0.230686433451410     0.234968497534283    -0.048642867113813
     0.234968497534282    -0.230686433451410     0.048642867113813
     0.048642867113813    -0.048642867113813     0.326937544787142
12 60
    -0.230686433451410    -0.234968497534283    -0.048642867113813
    -0.234968497534282    -0.230686433451410    -0.048642867113813
     0.048642867113813     0.048642867113813     0.326937544787142
12 61
    -0.026877338996201     0.040986281237565     0.010440718779137
     0.040986281237565    -0.026877338996201     0.010440718779137
    -0.010440718779137    -0.010440718779137     0.003309412613817
12 62
    -0.026877338996201    -0.040986281237565     0.010440718779137
    -0.040986281237565    -0.026877338996201    -0.010440718779137
    -0.010440718779137     0.010440718779137     0.003309412613817
12 63
    -0.026877338996201    -0.040986281237565    -0.010440718779137
    -0.040986281237565    -0.026877338996201     0.010440718779137
     0.010440718779137    -0.010440718779137     0.003309412613817
12 64
    -0.026877338996201     0.040986281237565    -0.010440718779137
     0.040986281237565    -0.026877338996201    -0.010440718779137
     0.010440718779137     0.010440718779137     0.003309412613817
13 1
    -0.104555772804815     0.040372017974732     0.040372017974732
     0.040372017974732    -0.025183232673953    -0.029356550294324
     0.040372017974732    -0.029356550294324    -0.025183232673953
13 2
     0.005425711287899     0.007810478928150     0.007810478928150
     0.007810478928150     0.005425711287899    -0.007810478928150
     0.007810478928150    -0.007810478928150     0.005425711287899
13 3
     0.060418029943321     0.022368424833985     0.037259271994117
     0.022368424833985     0.060418029943321    -0.037259271994117
     0.037259271994117    -0.037259271994117     0.030353763622770
13 4
    -0.025183232673953     0.040372017974732     0.029356550294324
     0.040372017974732    -0.104555772804815    -0.040372017974732
     0.029356550294324    -0.040372017974732    -0.025183232673953
13 5
     0.060418029943321     0.037259271994117     0.022368424833985
     0.037259271994117     0.030353763622770    -0.037259271994117
     0.022368424833985    -0.037259271994117     0.060418029943321
13 6
    -0.025183232673953     0.029356550294324     0.040372017974732
     0.029356550294324    -0.025183232673953    -0.040372017974732
     0.040372017974732    -0.040372017974732    -0.104555772804815
13 7
    -3.322380731651718     2.515143668279052     2.515143668279051
     2.515143668279052    -3.322380731651720    -2.515143668279052
     2.515143668279051    -2.515143668279052    -3.322380731651718
13 8
     0.030353763622770     0.037259271994117     0.037259271994117
     0.037259271994117     0.060418029943321    -0.022368424833985
     0.037259271994117    -0.022368424833985     0.060418029943321
13 9
    -0.063411041583095     0.000000000000000    -0.000000000000000
     0.000000000000000    -0.063411041583095     0.000000000000000
     0.000000000000000    -0.000000000000000    -0.067616379192259
13 10
    -0.002013487346630    -0.000000000000000    -0.000000000000000
    -0.000000000000000     0.192951181134049    -0.000000000000000
    -0.000000000000000     0.000000000000000    -0.002013487346630
13 11
     0.192951181134049    -0.000000000000000     0.000000000000000
    -0.000000000000000    -0.002013487346630     0.000000000000000
     0.000000000000000     0.000000000000000    -0.002013487346630
13 12
    -0.008785683121460    -0.000000000000000    -0.000000000000000
     0.000000000000000    -0.008785683121459     0.000000000000000
    -0.000000000000000    -0.000000000000000    -0.008785683121459
13 13
    14.036572029044688    -0.000000000000000     0.000000000000000
    -0.000000000000000    14.036572029044693     0.000000000000001
     0.000000000000000     0.000000000000001    14.036572029044686
13 14
    -0.067616379192259    -0.000000000000000     0.000000000000000
     0.000000000000000    -0.063411041583095    -0.000000000000000
     0.000000000000000    -0.000000000000000    -0.063411041583095
13 15
    -0.063411041583095     0.000000000000000    -0.000000000000000
     0.000000000000000    -0.067616379192259     0.000000000000000
     0.000000000000000    -0.000000000000000    -0.063411041583095
13 16
    -0.002013487346631    -0.000000000000000     0.000000000000000
    -0.000000000000000    -0.002013487346630     0.000000000000000
     0.000000000000000     0.000000000000000     0.192951181134049
13 17
     0.060418029943321    -0.022368424833985    -0.037259271994117
    -0.022368424833985     0.060418029943321    -0.037259271994117
    -0.037259271994117    -0.037259271994117     0.030353763622770
13 18
    -0.025183232673953    -0.040372017974732    -0.029356550294324
    -0.040372017974732    -0.104555772804815    -0.040372017974732
    -0.029356550294324    -0.040372017974732    -0.025183232673953
13 19
    -0.104555772804815    -0.040372017974732    -0.040372017974732
    -0.040372017974732    -0.025183232673953    -0.029356550294324
    -0.040372017974732    -0.029356550294324    -0.025183232673953
13 20
     0.005425711287899    -0.007810478928150    -0.007810478928150
    -0.007810478928150     0.005425711287899    -0.007810478928150
    -0.007810478928150    -0.007810478928150     0.005425711287899
13 21
    -3.322380731651718    -2.515143668279051    -2.515143668279052
    -2.515143668279052    -3.322380731651720    -2.515143668279053
    -2.515143668279051    -2.515143668279051    -3.322380731651720
13 22
     0.030353763622770    -0.037259271994117    -0.037259271994117
    -0.037259271994117     0.060418029943321    -0.022368424833985
    -0.037259271994117    -0.022368424833985     0.060418029943321
13 23
     0.060418029943321    -0.037259271994117    -0.022368424833985
    -0.037259271994117     0.030353763622770    -0.037259271994117
    -0.022368424833985    -0.037259271994117     0.060418029943321
13 24
    -0.025183232673953    -0.029356550294324    -0.040372017974732
    -0.029356550294324    -0.025183232673953    -0.040372017974732
    -0.040372017974732    -0.040372017974732    -0.104555772804815
13 25
     0.326937544787143     0.048642867113813     0.048642867113813
    -0.048642867113813    -0.230686433451410    -0.234968497534282
    -0.048642867113813    -0.234968497534282    -0.230686433451410
13 26
     0.003309412613817     0.010440718779137     0.010440718779137
    -0.010440718779137    -0.026877338996201     0.040986281237565
    -0.010440718779137     0.040986281237565    -0.026877338996201
13 27
     0.326937544787142     0.048642867113813    -0.048642867113813
    -0.048642867113813    -0.230686433451410     0.234968497534283
     0.048642867113813     0.234968497534283    -0.230686433451410
13 28
     0.003309412613817     0.010440718779137    -0.010440718779137
    -0.010440718779137    -0.026877338996201    -0.040986281237565
     0.010440718779137    -0.040986281237565    -0.026877338996201
13 29
     0.326937544787142    -0.048642867113813     0.048642867113813
     0.048642867113813    -0.230686433451410     0.234968497534283
    -0.048642867113813     0.234968497534282    -0.230686433451410
13 30
     0.003309412613817    -0.010440718779137     0.010440718779137
     0.010440718779137    -0.026877338996201    -0.040986281237565
    -0.010440718779137    -0.040986281237565    -0.026877338996201
13 31
     0.326937544787143    -0.048642867113813    -0.048642867113813
     0.048642867113813    -0.230686433451410    -0.234968497534282
     0.048642867113813    -0.234968497534282    -0.230686433451410
13 32
     0.003309412613817    -0.010440718779137    -0.010440718779137
     0.010440718779137    -0.026877338996201     0.040986281237565
     0.010440718779137     0.040986281237565    -0.026877338996201
13 33
     0.005425711287899    -0.007810478928150     0.007810478928150
    -0.007810478928150     0.005425711287899     0.007810478928150
     0.007810478928150     0.007810478928150     0.005425711287899
13 34
    -0.104555772804815    -0.040372017974732     0.040372017974732
    -0.040372017974732    -0.025183232673953     0.029356550294324
     0.040372017974732     0.029356550294324    -0.025183232673953
13 35
    -0.025183232673953    -0.040372017974732     0.029356550294324
    -0.040372017974732    -0.104555772804815     0.040372017974732
     0.029356550294324     0.040372017974732    -0.025183232673953
13 36
     0.060418029943321    -0.022368424833985     0.037259271994117
    -0.022368424833985     0.060418029943321     0.037259271994117
     0.037259271994117     0.037259271994117     0.030353763622770
13 37
    -0.025183232673953    -0.029356550294324     0.040372017974732
    -0.029356550294324    -0.025183232673953     0.040372017974732
     0.040372017974732     0.040372017974732    -0.104555772804815
13 38
     0.060418029943321    -0.037259271994117     0.022368424833985
    -0.037259271994117     0.030353763622770     0.037259271994117
     0.022368424833985     0.037259271994117     0.060418029943321
13 39
     0.030353763622770    -0.037259271994117     0.037259271994117
    -0.037259271994117     0.060418029943321     0.022368424833985
     0.037259271994117     0.022368424833985     0.060418029943321
13 40
    -3.322380731651720    -2.515143668279051     2.515143668279051
    -2.515143668279053    -3.322380731651720     2.515143668279052
     2.515143668279052     2.515143668279051    -3.322380731651718
13 41
    -0.230686433451410    -0.048642867113813    -0.234968497534282
     0.048642867113813     0.326937544787143     0.048642867113813
    -0.234968497534282    -0.048642867113813    -0.230686433451410
13 42
    -0.230686433451410    -0.048642867113813     0.234968497534283
     0.048642867113813     0.326937544787142    -0.048642867113813
     0.234968497534282     0.048642867113813    -0.230686433451410
13 43
    -0.026877338996201    -0.010440718779137     0.040986281237565
     0.010440718779137     0.003309412613817     0.010440718779137
     0.040986281237565    -0.010440718779137    -0.026877338996201
13 44
    -0.026877338996201    -0.010440718779137    -0.040986281237565
     0.010440718779137     0.003309412613817    -0.010440718779137
    -0.040986281237565     0.010440718779137    -0.026877338996201
13 45
    -0.230686433451410     0.048642867113813     0.234968497534282
    -0.048642867113813     0.326937544787143     0.048642867113813
     0.234968497534282    -0.048642867113813    -0.230686433451410
13 46
    -0.230686433451410     0.048642867113813    -0.234968497534283
    -0.048642867113813     0.326937544787142    -0.048642867113813
    -0.234968497534282     0.048642867113813    -0.230686433451410
13 47
    -0.026877338996201     0.010440718779137    -0.040986281237565
    -0.010440718779137     0.003309412613817     0.010440718779137
    -0.040986281237565    -0.010440718779137    -0.026877338996201
13 48
    -0.026877338996201     0.010440718779137     0.040986281237565
    -0.010440718779137     0.003309412613817    -0.010440718779137
     0.040986281237565     0.010440718779137    -0.026877338996201
13 49
    -0.025183232673953     0.040372017974732    -0.029356550294324
     0.040372017974732    -0.104555772804815     0.040372017974732
    -0.029356550294324     0.040372017974732    -0.025183232673953
13 50
     0.060418029943321     0.022368424833985    -0.037259271994117
     0.022368424833985     0.060418029943321     0.037259271994117
    -0.037259271994117     0.037259271994117     0.030353763622770
13 51
     0.005425711287899     0.007810478928150    -0.007810478928150
     0.007810478928150     0.005425711287898     0.007810478928150
    -0.007810478928150     0.007810478928150     0.005425711287899
13 52
    -0.104555772804815     0.040372017974732    -0.040372017974732
     0.040372017974732    -0.025183232673953     0.029356550294324
    -0.040372017974732     0.029356550294324    -0.025183232673953
13 53
     0.030353763622770     0.037259271994117    -0.037259271994117
     0.037259271994117     0.060418029943321     0.022368424833985
    -0.037259271994117     0.022368424833985     0.060418029943321
13 54
    -3.322380731651720     2.515143668279051    -2.515143668279051
     2.515143668279053    -3.322380731651720     2.515143668279052
    -2.515143668279052     2.515143668279051    -3.322380731651718
13 55
    -0.025183232673953     0.029356550294324    -0.040372017974732
     0.029356550294324    -0.025183232673953     0.040372017974732
    -0.040372017974732     0.040372017974732    -0.104555772804815
13 56
     0.060418029943321     0.037259271994117    -0.022368424833985
     0.037259271994117     0.030353763622770     0.037259271994117
    -0.022368424833985     0.037259271994117     0.060418029943321
13 57
    -0.026877338996201     0.040986281237565    -0.010440718779137
     0.040986281237565    -0.026877338996201    -0.010440718779137
     0.010440718779137     0.010440718779137     0.003309412613817
13 58
    -0.026877338996201    -0.040986281237565    -0.010440718779137
    -0.040986281237565    -0.026877338996201     0.010440718779137
     0.010440718779137    -0.010440718779137     0.003309412613817
13 59
    -0.026877338996201    -0.040986281237565     0.010440718779137
    -0.040986281237565    -0.026877338996201    -0.010440718779137
    -0.010440718779137     0.010440718779137     0.003309412613817
13 60
    -0.026877338996201     0.040986281237565     0.010440718779137
     0.040986281237565    -0.026877338996201     0.010440718779137
    -0.010440718779137    -0.010440718779137     0.003309412613817
13 61
    -0.230686433451410    -0.234968497534282    -0.048642867113813
    -0.234968497534283    -0.230686433451410    -0.048642867113813
     0.048642867113813     0.048642867113813     0.326937544787143
13 62
    -0.230686433451410     0.234968497534282    -0.048642867113813
     0.234968497534283    -0.230686433451410     0.048642867113813
     0.048642867113813    -0.048642867113813     0.326937544787142
13 63
    -0.230686433451410     0.234968497534282     0.048642867113813
     0.234968497534283    -0.230686433451410    -0.048642867113813
    -0.048642867113813     0.048642867113813     0.326937544787142
13 64
    -0.230686433451410    -0.234968497534282     0.048642867113813
    -0.234968497534283    -0.230686433451410     0.048642867113813
    -0.048642867113813    -0.048642867113813     0.326937544787143
14 1
     0.005425711287899     0.007810478928150     0.007810478928150
     0.007810478928150     0.005425711287899    -0.007810478928150
     0.007810478928150    -0.007810478928150     0.005425711287899
14 2
    -0.104555772804815     0.040372017974732     0.040372017974732
     0.040372017974732    -0.025183232673953    -0.029356550294324
     0.040372017974732    -0.029356550294324    -0.025183232673953
14 3
    -0.025183232673953     0.040372017974732     0.029356550294324
     0.040372017974732    -0.104555772804815    -0.040372017974732
     0.029356550294324    -0.040372017974732    -0.025183232673953
14 4
     0.060418029943321     0.022368424833985     0.037259271994117
     0.022368424833985     0.060418029943321    -0.037259271994117
     0.037259271994117    -0.037259271994117     0.030353763622770
14 5
    -0.025183232673953     0.029356550294324     0.040372017974732
     0.029356550294324    -0.025183232673953    -0.040372017974732
     0.040372017974732    -0.040372017974732    -0.104555772804815
14 6
     0.060418029943321     0.037259271994117     0.022368424833985
     0.037259271994117     0.030353763622770    -0.037259271994117
     0.022368424833985    -0.037259271994117     0.060418029943321
14 7
     0.030353763622770     0.037259271994117     0.037259271994117
     0.037259271994117     0.060418029943321    -0.022368424833985
     0.037259271994117    -0.022368424833985     0.060418029943321
14 8
    -3.322380731651720     2.515143668279052     2.515143668279052
     2.515143668279052    -3.322380731651718    -2.515143668279051
     2.515143668279052    -2.515143668279051    -3.322380731651718
14 9
    -0.002013487346630     0.000000000000000     0.000000000000000
     0.000000000000000     0.192951181134049     0.000000000000000
     0.000000000000000    -0.000000000000000    -0.002013487346630
14 10
    -0.063411041583095     0.000000000000000     0.000000000000000
    -0.000000000000000    -0.063411041583095    -0.000000000000000
     0.000000000000000    -0.000000000000000    -0.067616379192259
14 11
    -0.008785683121460    -0.000000000000000     0.000000000000000
    -0.000000000000000    -0.008785683121459     0.000000000000000
     0.000000000000000    -0.000000000000000    -0.008785683121459
14 12
     0.192951181134049     0.000000000000000     0.000000000000000
     0.000000000000000    -0.002013487346630    -0.000000000000000
    -0.000000000000000    -0.000000000000000    -0.002013487346630
14 13
    -0.067616379192259     0.000000000000000     0.000000000000000
    -0.000000000000000    -0.063411041583095    -0.000000000000000
     0.000000000000000    -0.000000000000000    -0.063411041583095
14 14
    14.036572029044693     0.000000000000000     0.000000000000000
     0.000000000000000    14.036572029044688    -0.000000000000001
     0.000000000000000    -0.000000000000001    14.036572029044688
14 15
    -0.002013487346631     0.000000000000000     0.000000000000000
     0.000000000000000    -0.002013487346630     0.000000000000000
     0.000000000000000    -0.000000000000000     0.192951181134049
14 16
    -0.063411041583095     0.000000000000000     0.000000000000000
    -0.000000000000000    -0.067616379192259    -0.000000000000000
     0.000000000000000    -0.000000000000000    -0.063411041583095
14 17
    -0.025183232673953    -0.040372017974732    -0.029356550294324
    -0.040372017974732    -0.104555772804815    -0.040372017974732
    -0.029356550294324    -0.040372017974732    -0.025183232673953
14 18
     0.060418029943321    -0.022368424833985    -0.037259271994117
    -0.022368424833985     0.060418029943321    -0.037259271994117
    -0.037259271994117    -0.037259271994117     0.030353763622770
14 19
     0.005425711287899    -0.007810478928150    -0.007810478928150
    -0.007810478928150     0.005425711287899    -0.007810478928150
    -0.007810478928150    -0.007810478928150     0.005425711287899
14 20
    -0.104555772804815    -0.040372017974732    -0.040372017974732
    -0.040372017974732    -0.025183232673953    -0.029356550294324
    -0.040372017974732    -0.029356550294324    -0.025183232673953
14 21
     0.030353763622770    -0.037259271994117    -0.037259271994117
    -0.037259271994117     0.060418029943321    -0.022368424833985
    -0.037259271994117    -0.022368424833985     0.060418029943321
14 22
    -3.322380731651720    -2.515143668279052    -2.515143668279052
    -2.515143668279052    -3.322380731651718    -2.515143668279051
    -2.515143668279052    -2.515143668279051    -3.322380731651718
14 23
    -0.025183232673953    -0.029356550294324    -0.040372017974732
    -0.029356550294324    -0.025183232673953    -0.040372017974732
    -0.040372017974732    -0.040372017974732    -0.104555772804815
14 24
     0.060418029943321    -0.037259271994117    -0.022368424833985
    -0.037259271994117     0.030353763622770    -0.037259271994117
    -0.022368424833985    -0.037259271994117     0.060418029943321
14 25
     0.003309412613817     0.010440718779137     0.010440718779137
    -0.010440718779137    -0.026877338996201     0.040986281237565
    -0.010440718779137     0.040986281237565    -0.026877338996201
14 26
     0.326937544787143     0.048642867113813     0.048642867113813
    -0.048642867113813    -0.230686433451410    -0.234968497534282
    -0.048642867113813    -0.234968497534282    -0.230686433451410
14 27
     0.003309412613817     0.010440718779137    -0.010440718779137
    -0.010440718779137    -0.026877338996201    -0.040986281237565
     0.010440718779137    -0.040986281237565    -0.026877338996201
14 28
     0.326937544787143     0.048642867113813    -0.048642867113813
    -0.048642867113813    -0.230686433451410     0.234968497534282
     0.048642867113813     0.234968497534282    -0.230686433451410
14 29
     0.003309412613817    -0.010440718779137     0.010440718779137
     0.010440718779137    -0.026877338996201    -0.040986281237565
    -0.010440718779137    -0.040986281237565    -0.026877338996201
14 30
     0.326937544787143    -0.048642867113813     0.048642867113813
     0.048642867113813    -0.230686433451410     0.234968497534282
    -0.048642867113813     0.234968497534282    -0.230686433451410
14 31
     0.003309412613817    -0.010440718779137    -0.010440718779137
     0.010440718779137    -0.026877338996201     0.040986281237565
     0.010440718779137     0.040986281237565    -0.026877338996201
14 32
     0.326937544787143    -0.048642867113813    -0.048642867113813
     0.048642867113813    -0.230686433451410    -0.234968497534282
     0.048642867113813    -0.234968497534283    -0.230686433451410
14 33
    -0.104555772804815    -0.040372017974732     0.040372017974732
    -0.040372017974732    -0.025183232673953     0.029356550294324
     0.040372017974732     0.029356550294324    -0.025183232673953
14 34
     0.005425711287899    -0.007810478928150     0.007810478928150
    -0.007810478928150     0.005425711287899     0.007810478928150
     0.007810478928150     0.007810478928150     0.005425711287899
14 35
     0.060418029943321    -0.022368424833985     0.037259271994117
    -0.022368424833985     0.060418029943321     0.037259271994117
     0.037259271994117     0.037259271994117     0.030353763622770
14 36
    -0.025183232673953    -0.040372017974732     0.029356550294324
    -0.040372017974732    -0.104555772804815     0.040372017974732
     0.029356550294324     0.040372017974732    -0.025183232673953
14 37
     0.060418029943321    -0.037259271994117     0.022368424833985
    -0.037259271994117     0.030353763622770     0.037259271994117
     0.022368424833985     0.037259271994117     0.060418029943321
14 38
    -0.025183232673953    -0.029356550294324     0.040372017974732
    -0.029356550294324    -0.025183232673953     0.040372017974732
     0.040372017974732     0.040372017974732    -0.104555772804815
14 39
    -3.322380731651720    -2.515143668279053     2.515143668279052
    -2.515143668279051    -3.322380731651720     2.515143668279051
     2.515143668279051     2.515143668279052    -3.322380731651718
14 40
     0.030353763622770    -0.037259271994117     0.037259271994117
    -0.037259271994117     0.060418029943321     0.022368424833985
     0.037259271994117     0.022368424833985     0.060418029943321
14 41
    -0.230686433451410    -0.048642867113813     0.234968497534283
     0.048642867113813     0.326937544787142    -0.048642867113813
     0.234968497534283     0.048642867113813    -0.230686433451410
14 42
    -0.230686433451410    -0.048642867113813    -0.234968497534283
     0.048642867113813     0.326937544787142     0.048642867113813
    -0.234968497534282    -0.048642867113813    -0.230686433451410
14 43
    -0.026877338996201    -0.010440718779137    -0.040986281237565
     0.010440718779137     0.003309412613817    -0.010440718779137
    -0.040986281237565     0.010440718779137    -0.026877338996201
14 44
    -0.026877338996201    -0.010440718779137     0.040986281237565
     0.010440718779137     0.003309412613817     0.010440718779137
     0.040986281237565    -0.010440718779137    -0.026877338996201
14 45
    -0.230686433451410     0.048642867113813    -0.234968497534282
    -0.048642867113813     0.326937544787143    -0.048642867113813
    -0.234968497534282     0.048642867113813    -0.230686433451410
14 46
    -0.230686433451410     0.048642867113813     0.234968497534283
    -0.048642867113813     0.326937544787142     0.048642867113813
     0.234968497534282    -0.048642867113813    -0.230686433451410
14 47
    -0.026877338996201     0.010440718779137     0.040986281237565
    -0.010440718779137     0.003309412613817    -0.010440718779137
     0.040986281237565     0.010440718779137    -0.026877338996201
14 48
    -0.026877338996201     0.010440718779137    -0.040986281237565
    -0.010440718779137     0.003309412613817     0.010440718779137
    -0.040986281237565    -0.010440718779137    -0.026877338996201
14 49
     0.060418029943321     0.022368424833985    -0.037259271994117
     0.022368424833985     0.060418029943321     0.037259271994117
    -0.037259271994117     0.037259271994117     0.030353763622770
14 50
    -0.025183232673953     0.040372017974732    -0.029356550294324
     0.040372017974732    -0.104555772804815     0.040372017974732
    -0.029356550294324     0.040372017974732    -0.025183232673953
14 51
    -0.104555772804815     0.040372017974732    -0.040372017974732
     0.040372017974732    -0.025183232673953     0.029356550294324
    -0.040372017974732     0.029356550294324    -0.025183232673953
14 52
     0.005425711287899     0.007810478928150    -0.007810478928150
     0.007810478928150     0.005425711287899     0.007810478928150
    -0.007810478928150     0.007810478928150     0.005425711287899
14 53
    -3.322380731651720     2.515143668279052    -2.515143668279053
     2.515143668279051    -3.322380731651718     2.515143668279052
    -2.515143668279051     2.515143668279051    -3.322380731651720
14 54
     0.030353763622770     0.037259271994117    -0.037259271994117
     0.037259271994117     0.060418029943321     0.022368424833985
    -0.037259271994117     0.022368424833985     0.060418029943321
14 55
     0.060418029943321     0.037259271994117    -0.022368424833985
     0.037259271994117     0.030353763622770     0.037259271994117
    -0.022368424833985     0.037259271994117     0.060418029943321
14 56
    -0.025183232673953     0.029356550294324    -0.040372017974732
     0.029356550294324    -0.025183232673953     0.040372017974732
    -0.040372017974732     0.040372017974732    -0.104555772804815
14 57
    -0.026877338996201    -0.040986281237565    -0.010440718779137
    -0.040986281237565    -0.026877338996201     0.010440718779137
     0.010440718779137    -0.010440718779137     0.003309412613817
14 58
    -0.026877338996201     0.040986281237565    -0.010440718779137
     0.040986281237565    -0.026877338996201    -0.010440718779137
     0.010440718779137     0.010440718779137     0.003309412613817
14 59
    -0.026877338996201     0.040986281237565     0.010440718779137
     0.040986281237565    -0.026877338996201     0.010440718779137
    -0.010440718779137    -0.010440718779137     0.003309412613817
14 60
    -0.026877338996201    -0.040986281237565     0.010440718779137
    -0.040986281237565    -0.026877338996201    -0.010440718779137
    -0.010440718779137     0.010440718779137     0.003309412613817
14 61
    -0.230686433451410     0.234968497534283    -0.048642867113813
     0.234968497534282    -0.230686433451410     0.048642867113813
     0.048642867113813    -0.048642867113813     0.326937544787143
14 62
    -0.230686433451410    -0.234968497534282    -0.048642867113813
    -0.234968497534283    -0.230686433451410    -0.048642867113813
     0.048642867113813     0.048642867113813     0.326937544787142
14 63
    -0.230686433451410    -0.234968497534283     0.048642867113813
    -0.234968497534282    -0.230686433451410     0.048642867113813
    -0.048642867113813    -0.048642867113813     0.326937544787142
14 64
    -0.230686433451410     0.234968497534283     0.048642867113813
     0.234968497534282    -0.230686433451410    -0.048642867113813
    -0.048642867113813     0.048642867113813     0.326937544787143
15 1
     0.060418029943321     0.022368424833985     0.037259271994117
     0.022368424833985     0.060418029943321    -0.037259271994117
     0.037259271994117    -0.037259271994117     0.030353763622770
15 2
    -0.025183232673953     0.040372017974732     0.029356550294324
     0.040372017974732    -0.104555772804815    -0.040372017974732
     0.029356550294324    -0.040372017974732    -0.025183232673953
15 3
    -0.104555772804815     0.040372017974732     0.040372017974732
     0.040372017974732    -0.025183232673953    -0.029356550294324
     0.040372017974732    -0.029356550294324    -0.025183232673953
15 4
     0.005425711287898     0.007810478928150     0.007810478928150
     0.007810478928150     0.005425711287899    -0.007810478928150
     0.007810478928150    -0.007810478928150     0.005425711287899
15 5
    -3.322380731651720     2.515143668279053     2.515143668279052
     2.515143668279051    -3.322380731651720    -2.515143668279051
     2.515143668279051    -2.515143668279052    -3.322380731651718
15 6
     0.030353763622770     0.037259271994117     0.037259271994117
     0.037259271994117     0.060418029943321    -0.022368424833985
     0.037259271994117    -0.022368424833985     0.060418029943321
15 7
     0.060418029943321     0.037259271994117     0.022368424833985
     0.037259271994117     0.030353763622770    -0.037259271994117
     0.022368424833985    -0.037259271994117     0.060418029943321
15 8
    -0.025183232673953     0.029356550294324     0.040372017974732
     0.029356550294324    -0.025183232673953    -0.040372017974732
     0.040372017974732    -0.040372017974732    -0.104555772804815
15 9
     0.192951181134049     0.000000000000000    -0.000000000000000
     0.000000000000000    -0.002013487346630     0.000000000000000
    -0.000000000000000     0.000000000000000    -0.002013487346630
15 10
    -0.008785683121460    -0.000000000000000    -0.000000000000000
     0.000000000000000    -0.008785683121459    -0.000000000000000
    -0.000000000000000     0.000000000000000    -0.008785683121459
15 11
    -0.063411041583095    -0.000000000000000     0.000000000000000
    -0.000000000000000    -0.063411041583095     0.000000000000000
    -0.000000000000000     0.000000000000000    -0.067616379192259
15 12
    -0.002013487346631    -0.000000000000000    -0.000000000000000
     0.000000000000000     0.192951181134049    -0.000000000000000
    -0.000000000000000     0.000000000000000    -0.002013487346630
15 13
    -0.063411041583095     0.000000000000000     0.000000000000000
     0.000000000000000    -0.067616379192259    -0.000000000000000
    -0.000000000000000     0.000000000000000    -0.063411041583095
15 14
    -0.002013487346631     0.000000000000000     0.000000000000000
     0.000000000000000    -0.002013487346630    -0.000000000000000
     0.000000000000000     0.000000000000000     0.192951181134049
15 15
    14.036572029044692     0.000000000000000     0.000000000000000
     0.000000000000000    14.036572029044688     0.000000000000000
     0.000000000000000     0.000000000000000    14.036572029044688
15 16
    -0.067616379192259    -0.000000000000000     0.000000000000000
     0.000000000000000    -0.063411041583095    -0.000000000000000
     0.000000000000000     0.000000000000000    -0.063411041583095
15 17
    -0.104555772804815    -0.040372017974732    -0.040372017974732
    -0.040372017974732    -0.025183232673953    -0.029356550294324
    -0.040372017974732    -0.029356550294324    -0.025183232673953
15 18
     0.005425711287899    -0.007810478928150    -0.007810478928150
    -0.007810478928150     0.005425711287899    -0.007810478928150
    -0.007810478928150    -0.007810478928150     0.005425711287899
15 19
     0.060418029943321    -0.022368424833985    -0.037259271994117
    -0.022368424833985     0.060418029943321    -0.037259271994117
    -0.037259271994117    -0.037259271994117     0.030353763622770
15 20
    -0.025183232673953    -0.040372017974732    -0.029356550294324
    -0.040372017974732    -0.104555772804815    -0.040372017974732
    -0.029356550294324    -0.040372017974732    -0.025183232673953
15 21
     0.060418029943321    -0.037259271994117    -0.022368424833985
    -0.037259271994117     0.030353763622770    -0.037259271994117
    -0.022368424833985    -0.037259271994117     0.060418029943321
15 22
    -0.025183232673953    -0.029356550294324    -0.040372017974732
    -0.029356550294324    -0.025183232673953    -0.040372017974732
    -0.040372017974732    -0.040372017974732    -0.104555772804815
15 23
    -3.322380731651720    -2.515143668279053    -2.515143668279052
    -2.515143668279051    -3.322380731651720    -2.515143668279051
    -2.515143668279051    -2.515143668279052    -3.322380731651718
15 24
     0.030353763622770    -0.037259271994117    -0.037259271994117
    -0.037259271994117     0.060418029943321    -0.022368424833985
    -0.037259271994117    -0.022368424833985     0.060418029943321
15 25
     0.326937544787143     0.048642867113813    -0.048642867113813
    -0.048642867113813    -0.230686433451410     0.234968497534282
     0.048642867113813     0.234968497534282    -0.230686433451410
15 26
     0.003309412613817     0.010440718779137    -0.010440718779137
    -0.010440718779137    -0.026877338996201    -0.040986281237565
     0.010440718779137    -0.040986281237565    -0.026877338996201
15 27
     0.326937544787143     0.048642867113813     0.048642867113813
    -0.048642867113813    -0.230686433451410    -0.234968497534282
    -0.048642867113813    -0.234968497534282    -0.230686433451410
15 28
     0.003309412613817     0.010440718779137     0.010440718779137
    -0.010440718779137    -0.026877338996201     0.040986281237565
    -0.010440718779137     0.040986281237565    -0.026877338996201
15 29
     0.326937544787143    -0.048642867113813    -0.048642867113813
     0.048642867113813    -0.230686433451410    -0.234968497534282
     0.048642867113813    -0.234968497534282    -0.230686433451410
15 30
     0.003309412613817    -0.010440718779137    -0.010440718779137
     0.010440718779137    -0.026877338996201     0.040986281237565
     0.010440718779137     0.040986281237565    -0.026877338996201
15 31
     0.326937544787143    -0.048642867113813     0.048642867113813
     0.048642867113813    -0.230686433451410     0.234968497534282
    -0.048642867113813     0.234968497534282    -0.230686433451410
15 32
     0.003309412613817    -0.010440718779137     0.010440718779137
     0.010440718779137    -0.026877338996201    -0.040986281237565
    -0.010440718779137    -0.040986281237565    -0.026877338996201
15 33
    -0.025183232673953    -0.040372017974732     0.029356550294324
    -0.040372017974732    -0.104555772804815     0.040372017974732
     0.029356550294324     0.040372017974732    -0.025183232673953
15 34
     0.060418029943321    -0.022368424833985     0.037259271994117
    -0.022368424833985     0.060418029943321     0.037259271994117
     0.037259271994117     0.037259271994117     0.030353763622770
15 35
     0.005425711287899    -0.007810478928150     0.007810478928150
    -0.007810478928150     0.005425711287899     0.007810478928150
     0.007810478928150     0.007810478928150     0.005425711287899
15 36
    -0.104555772804815    -0.040372017974732     0.040372017974732
    -0.040372017974732    -0.025183232673953     0.029356550294324
     0.040372017974732     0.029356550294324    -0.025183232673953
15 37
     0.030353763622770    -0.037259271994117     0.037259271994117
    -0.037259271994117     0.060418029943321     0.022368424833985
     0.037259271994117     0.022368424833985     0.060418029943321
15 38
    -3.322380731651720    -2.515143668279052     2.515143668279052
    -2.515143668279052    -3.322380731651718     2.515143668279051
     2.515143668279052     2.515143668279051    -3.322380731651718
15 39
    -0.025183232673953    -0.029356550294324     0.040372017974732
    -0.029356550294324    -0.025183232673953     0.040372017974732
     0.040372017974732     0.040372017974732    -0.104555772804815
15 40
     0.060418029943321    -0.037259271994117     0.022368424833985
    -0.037259271994117     0.030353763622770     0.037259271994117
     0.022368424833985     0.037259271994117     0.060418029943321
15 41
    -0.026877338996201    -0.010440718779137     0.040986281237565
     0.010440718779137     0.003309412613817     0.010440718779137
     0.040986281237565    -0.010440718779137    -0.026877338996201
15 42
    -0.026877338996201    -0.010440718779137    -0.040986281237565
     0.010440718779137     0.003309412613817    -0.010440718779137
    -0.040986281237565     0.010440718779137    -0.026877338996201
15 43
    -0.230686433451410    -0.048642867113813    -0.234968497534282
     0.048642867113813     0.326937544787143     0.048642867113813
    -0.234968497534283    -0.048642867113813    -0.230686433451410
15 44
    -0.230686433451410    -0.048642867113813     0.234968497534283
     0.048642867113813     0.326937544787142    -0.048642867113813
     0.234968497534283     0.048642867113813    -0.230686433451410
15 45
    -0.026877338996201     0.010440718779137    -0.040986281237565
    -0.010440718779137     0.003309412613817     0.010440718779137
    -0.040986281237565    -0.010440718779137    -0.026877338996201
15 46
    -0.026877338996201     0.010440718779137     0.040986281237565
    -0.010440718779137     0.003309412613817    -0.010440718779137
     0.040986281237565     0.010440718779137    -0.026877338996201
15 47
    -0.230686433451410     0.048642867113813     0.234968497534283
    -0.048642867113813     0.326937544787143     0.048642867113813
     0.234968497534282    -0.048642867113813    -0.230686433451410
15 48
    -0.230686433451410     0.048642867113813    -0.234968497534282
    -0.048642867113813     0.326937544787142    -0.048642867113813
    -0.234968497534283     0.048642867113813    -0.230686433451410
15 49
     0.005425711287899     0.007810478928150    -0.007810478928150
     0.007810478928150     0.005425711287899     0.007810478928150
    -0.007810478928150     0.007810478928150     0.005425711287899
15 50
    -0.104555772804815     0.040372017974732    -0.040372017974732
     0.040372017974732    -0.025183232673953     0.029356550294324
    -0.040372017974732     0.029356550294324    -0.025183232673953
15 51
    -0.025183232673953     0.040372017974732    -0.029356550294324
     0.040372017974732    -0.104555772804815     0.040372017974732
    -0.029356550294324     0.040372017974732    -0.025183232673953
15 52
     0.060418029943321     0.022368424833985    -0.037259271994117
     0.022368424833985     0.060418029943321     0.037259271994117
    -0.037259271994117     0.037259271994117     0.030353763622770
15 53
    -0.025183232673953     0.029356550294324    -0.040372017974732
     0.029356550294324    -0.025183232673953     0.040372017974732
    -0.040372017974732     0.040372017974732    -0.104555772804815
15 54
     0.060418029943321     0.037259271994117    -0.022368424833985
     0.037259271994117     0.030353763622770     0.037259271994117
    -0.022368424833985     0.037259271994117     0.060418029943321
15 55
     0.030353763622770     0.037259271994117    -0.037259271994117
     0.037259271994117     0.060418029943321     0.022368424833985
    -0.037259271994117     0.022368424833985     0.060418029943321
15 56
    -3.322380731651720     2.515143668279052    -2.515143668279053
     2.515143668279051    -3.322380731651718     2.515143668279052
    -2.515143668279051     2.515143668279051    -3.322380731651720
15 57
    -0.026877338996201    -0.040986281237565     0.010440718779137
    -0.040986281237565    -0.026877338996201    -0.010440718779137
    -0.010440718779137     0.010440718779137     0.003309412613817
15 58
    -0.026877338996201     0.040986281237565     0.010440718779137
     0.040986281237565    -0.026877338996201     0.010440718779137
    -0.010440718779137    -0.010440718779137     0.003309412613817
15 59
    -0.026877338996201     0.040986281237565    -0.010440718779137
     0.040986281237565    -0.026877338996201    -0.010440718779137
     0.010440718779137     0.010440718779137     0.003309412613817
15 60
    -0.026877338996201    -0.040986281237565    -0.010440718779137
    -0.040986281237565    -0.026877338996201     0.010440718779137
     0.010440718779137    -0.010440718779137     0.003309412613817
15 61
    -0.230686433451410     0.234968497534283     0.048642867113813
     0.234968497534282    -0.230686433451410    -0.048642867113813
    -0.048642867113813     0.048642867113813     0.326937544787143
15 62
    -0.230686433451410    -0.234968497534282     0.048642867113813
    -0.234968497534283    -0.230686433451410     0.048642867113813
    -0.048642867113813    -0.048642867113813     0.326937544787142
15 63
    -0.230686433451410    -0.234968497534283    -0.048642867113813
    -0.234968497534282    -0.230686433451410    -0.048642867113813
     0.048642867113813     0.048642867113813     0.326937544787142
15 64
    -0.230686433451410     0.234968497534283    -0.048642867113813
     0.234968497534282    -0.230686433451410     0.048642867113813
     0.048642867113813    -0.048642867113813     0.326937544787143
16 1
    -0.025183232673953     0.040372017974732     0.029356550294324
     0.040372017974732    -0.104555772804815    -0.040372017974732
     0.029356550294324    -0.040372017974732    -0.025183232673953
16 2
     0.060418029943321     0.022368424833985     0.037259271994117
     0.022368424833985     0.060418029943321    -0.037259271994117
     0.037259271994117    -0.037259271994117     0.030353763622770
16 3
     0.005425711287898     0.007810478928150     0.007810478928150
     0.007810478928150     0.005425711287899    -0.007810478928150
     0.007810478928150    -0.007810478928150     0.005425711287899
16 4
    -0.104555772804815     0.040372017974732     0.040372017974732
     0.040372017974732    -0.025183232673953    -0.029356550294324
     0.040372017974732    -0.029356550294324    -0.025183232673953
16 5
     0.030353763622770     0.037259271994117     0.037259271994117
     0.037259271994117     0.060418029943321    -0.022368424833985
     0.037259271994117    -0.022368424833985     0.060418029943321
16 6
    -3.322380731651720     2.515143668279053     2.515143668279052
     2.515143668279051    -3.322380731651720    -2.515143668279051
     2.515143668279051    -2.515143668279052    -3.322380731651718
16 7
    -0.025183232673953     0.029356550294324     0.040372017974732
     0.029356550294324    -0.025183232673953    -0.040372017974732
     0.040372017974732    -0.040372017974732    -0.104555772804815
16 8
     0.060418029943321     0.037259271994117     0.022368424833985
     0.037259271994117     0.030353763622770    -0.037259271994117
     0.022368424833985    -0.037259271994117     0.060418029943321
16 9
    -0.008785683121460     0.000000000000000     0.000000000000000
     0.000000000000000    -0.008785683121459     0.000000000000000
     0.000000000000000    -0.000000000000000    -0.008785683121459
16 10
     0.192951181134049    -0.000000000000000     0.000000000000000
    -0.000000000000000    -0.002013487346630    -0.000000000000000
    -0.000000000000000     0.000000000000000    -0.002013487346630
16 11
    -0.002013487346631    -0.000000000000000     0.000000000000000
    -0.000000000000000     0.192951181134049     0.000000000000000
     0.000000000000000     0.000000000000000    -0.002013487346630
16 12
    -0.063411041583095    -0.000000000000000     0.000000000000000
     0.000000000000000    -0.063411041583095     0.000000000000000
    -0.000000000000000    -0.000000000000000    -0.067616379192259
16 13
    -0.002013487346631    -0.000000000000000     0.000000000000000
    -0.000000000000000    -0.002013487346630     0.000000000000000
     0.000000000000000     0.000000000000000     0.192951181134049
16 14
    -0.063411041583095    -0.000000000000000     0.000000000000000
     0.000000000000000    -0.067616379192259    -0.000000000000000
     0.000000000000000    -0.000000000000000    -0.063411041583095
16 15
    -0.067616379192259     0.000000000000000     0.000000000000000
    -0.000000000000000    -0.063411041583095     0.000000000000000
     0.000000000000000    -0.000000000000000    -0.063411041583095
16 16
    14.036572029044692    -0.000000000000000     0.000000000000001
    -0.000000000000000    14.036572029044688     0.000000000000000
     0.000000000000001     0.000000000000000    14.036572029044688
16 17
     0.005425711287899    -0.007810478928150    -0.007810478928150
    -0.007810478928150     0.005425711287899    -0.007810478928150
    -0.007810478928150    -0.007810478928150     0.005425711287899
16 18
    -0.104555772804815    -0.040372017974732    -0.040372017974732
    -0.040372017974732    -0.025183232673953    -0.029356550294324
    -0.040372017974732    -0.029356550294324    -0.025183232673953
16 19
    -0.025183232673953    -0.040372017974732    -0.029356550294324
    -0.040372017974732    -0.104555772804815    -0.040372017974732
    -0.029356550294324    -0.040372017974732    -0.025183232673953
16 20
     0.060418029943321    -0.022368424833985    -0.037259271994117
    -0.022368424833985     0.060418029943321    -0.037259271994117
    -0.037259271994117    -0.037259271994117     0.030353763622770
16 21
    -0.025183232673953    -0.029356550294324    -0.040372017974732
    -0.029356550294324    -0.025183232673953    -0.040372017974732
    -0.040372017974732    -0.040372017974732    -0.104555772804815
16 22
     0.060418029943321    -0.037259271994117    -0.022368424833985
    -0.037259271994117     0.030353763622770    -0.037259271994117
    -0.022368424833985    -0.037259271994117     0.060418029943321
16 23
     0.030353763622770    -0.037259271994117    -0.037259271994117
    -0.037259271994117     0.060418029943321    -0.022368424833985
    -0.037259271994117    -0.022368424833985     0.060418029943321
16 24
    -3.322380731651720    -2.515143668279052    -2.515143668279053
    -2.515143668279051    -3.322380731651718    -2.515143668279052
    -2.515143668279051    -2.515143668279051    -3.322380731651720
16 25
     0.003309412613817     0.010440718779137    -0.010440718779137
    -0.010440718779137    -0.026877338996201    -0.040986281237565
     0.010440718779137    -0.040986281237565    -0.026877338996201
16 26
     0.326937544787143     0.048642867113813    -0.048642867113813
    -0.048642867113813    -0.230686433451410     0.234968497534282
     0.048642867113813     0.234968497534282    -0.230686433451410
16 27
     0.003309412613817     0.010440718779137     0.010440718779137
    -0.010440718779137    -0.026877338996201     0.040986281237565
    -0.010440718779137     0.040986281237565    -0.026877338996201
16 28
     0.326937544787142     0.048642867113813     0.048642867113813
    -0.048642867113813    -0.230686433451410    -0.234968497534283
    -0.048642867113813    -0.234968497534282    -0.230686433451410
16 29
     0.003309412613817    -0.010440718779137    -0.010440718779137
     0.010440718779137    -0.026877338996201     0.040986281237565
     0.010440718779137     0.040986281237565    -0.026877338996201
16 30
     0.326937544787142    -0.048642867113813    -0.048642867113813
     0.048642867113813    -0.230686433451410    -0.234968497534282
     0.048642867113813    -0.234968497534282    -0.230686433451410
16 31
     0.003309412613817    -0.010440718779137     0.010440718779137
     0.010440718779137    -0.026877338996201    -0.040986281237565
    -0.010440718779137    -0.040986281237565    -0.026877338996201
16 32
     0.326937544787142    -0.048642867113813     0.048642867113813
     0.048642867113813    -0.230686433451410     0.234968497534282
    -0.048642867113813     0.234968497534282    -0.230686433451410
16 33
     0.060418029943321    -0.022368424833985     0.037259271994117
    -0.022368424833985     0.060418029943321     0.037259271994117
     0.037259271994117     0.037259271994117     0.030353763622770
16 34
    -0.025183232673953    -0.040372017974732     0.029356550294324
    -0.040372017974732    -0.104555772804815     0.040372017974732
     0.029356550294324     0.040372017974732    -0.025183232673953
16 35
    -0.104555772804815    -0.040372017974732     0.040372017974732
    -0.040372017974732    -0.025183232673953     0.029356550294324
     0.040372017974732     0.029356550294324    -0.025183232673953
16 36
     0.005425711287898    -0.007810478928150     0.007810478928150
    -0.007810478928150     0.005425711287899     0.007810478928150
     0.007810478928150     0.007810478928150     0.005425711287899
16 37
    -3.322380731651720    -2.515143668279053     2.515143668279052
    -2.515143668279051    -3.322380731651720     2.515143668279051
     2.515143668279051     2.515143668279052    -3.322380731651718
16 38
     0.030353763622770    -0.037259271994117     0.037259271994117
    -0.037259271994117     0.060418029943321     0.022368424833985
     0.037259271994117     0.022368424833985     0.060418029943321
16 39
     0.060418029943321    -0.037259271994117     0.022368424833985
    -0.037259271994117     0.030353763622770     0.037259271994117
     0.022368424833985     0.037259271994117     0.060418029943321
16 40
    -0.025183232673953    -0.029356550294324     0.040372017974732
    -0.029356550294324    -0.025183232673953     0.040372017974732
     0.040372017974732     0.040372017974732    -0.104555772804815
16 41
    -0.026877338996201    -0.010440718779137    -0.040986281237565
     0.010440718779137     0.003309412613817    -0.010440718779137
    -0.040986281237565     0.010440718779137    -0.026877338996201
16 42
    -0.026877338996201    -0.010440718779137     0.040986281237565
     0.010440718779137     0.003309412613817     0.010440718779137
     0.040986281237565    -0.010440718779137    -0.026877338996201
16 43
    -0.230686433451410    -0.048642867113813     0.234968497534283
     0.048642867113813     0.326937544787143    -0.048642867113813
     0.234968497534283     0.048642867113813    -0.230686433451410
16 44
    -0.230686433451410    -0.048642867113813    -0.234968497534282
     0.048642867113813     0.326937544787142     0.048642867113813
    -0.234968497534282    -0.048642867113813    -0.230686433451410
16 45
    -0.026877338996201     0.010440718779137     0.040986281237565
    -0.010440718779137     0.003309412613817    -0.010440718779137
     0.040986281237565     0.010440718779137    -0.026877338996201
16 46
    -0.026877338996201     0.010440718779137    -0.040986281237565
    -0.010440718779137     0.003309412613817     0.010440718779137
    -0.040986281237565    -0.010440718779137    -0.026877338996201
16 47
    -0.230686433451410     0.048642867113813    -0.234968497534282
    -0.048642867113813     0.326937544787143    -0.048642867113813
    -0.234968497534282     0.048642867113813    -0.230686433451410
16 48
    -0.230686433451410     0.048642867113813     0.234968497534283
    -0.048642867113813     0.326937544787142     0.048642867113813
     0.234968497534282    -0.048642867113813    -0.230686433451410
16 49
    -0.104555772804815     0.040372017974732    -0.040372017974732
     0.040372017974732    -0.025183232673953     0.029356550294324
    -0.040372017974732     0.029356550294324    -0.025183232673953
16 50
     0.005425711287899     0.007810478928150    -0.007810478928150
     0.007810478928150     0.005425711287899     0.007810478928150
    -0.007810478928150     0.007810478928150     0.005425711287899
16 51
     0.060418029943321     0.022368424833985    -0.037259271994117
     0.022368424833985     0.060418029943321     0.037259271994117
    -0.037259271994117     0.037259271994117     0.030353763622770
16 52
    -0.025183232673953     0.040372017974732    -0.029356550294324
     0.040372017974732    -0.104555772804815     0.040372017974732
    -0.029356550294324     0.040372017974732    -0.025183232673953
16 53
     0.060418029943321     0.037259271994117    -0.022368424833985
     0.037259271994117     0.030353763622770     0.037259271994117
    -0.022368424833985     0.037259271994117     0.060418029943321
16 54
    -0.025183232673953     0.029356550294324    -0.040372017974732
     0.029356550294324    -0.025183232673953     0.040372017974732
    -0.040372017974732     0.040372017974732    -0.104555772804815
16 55
    -3.322380731651720     2.515143668279052    -2.515143668279053
     2.515143668279051    -3.322380731651718     2.515143668279052
    -2.515143668279051     2.515143668279051    -3.322380731651720
16 56
     0.030353763622770     0.037259271994117    -0.037259271994117
     0.037259271994117     0.060418029943321     0.022368424833985
    -0.037259271994117     0.022368424833985     0.060418029943321
16 57
    -0.026877338996201     0.040986281237565     0.010440718779137
     0.040986281237565    -0.026877338996201     0.010440718779137
    -0.010440718779137    -0.010440718779137     0.003309412613817
16 58
    -0.026877338996201    -0.040986281237565     0.010440718779137
    -0.040986281237565    -0.026877338996201    -0.010440718779137
    -0.010440718779137     0.010440718779137     0.003309412613817
16 59
    -0.026877338996201    -0.040986281237565    -0.010440718779137
    -0.040986281237565    -0.026877338996201     0.010440718779137
     0.010440718779137    -0.010440718779137     0.003309412613817
16 60
    -0.026877338996201     0.040986281237565    -0.010440718779137
     0.040986281237565    -0.026877338996201    -0.010440718779137
     0.010440718779137     0.010440718779137     0.003309412613817
16 61
    -0.230686433451410    -0.234968497534283     0.048642867113813
    -0.234968497534282    -0.230686433451410     0.048642867113813
    -0.048642867113813    -0.048642867113813     0.326937544787143
16 62
    -0.230686433451410     0.234968497534283     0.048642867113813
     0.234968497534282    -0.230686433451410    -0.048642867113813
    -0.048642867113813     0.048642867113813     0.326937544787142
16 63
    -0.230686433451410     0.234968497534283    -0.048642867113813
     0.234968497534282    -0.230686433451410     0.048642867113813
     0.048642867113813    -0.048642867113813     0.326937544787142
16 64
    -0.230686433451410    -0.234968497534283    -0.048642867113813
    -0.234968497534282    -0.230686433451410    -0.048642867113813
     0.048642867113813     0.048642867113813     0.326937544787143
17 1
     0.326937544787143     0.048642867113813    -0.048642867113813
    -0.048642867113813    -0.230686433451410     0.234968497534283
     0.048642867113813     0.234968497534283    -0.230686433451410
17 2
     0.003309412613817     0.010440718779137    -0.010440718779137
    -0.010440718779137    -0.026877338996201    -0.040986281237565
     0.010440718779137    -0.040986281237565    -0.026877338996201
17 3
     0.326937544787142     0.048642867113813     0.048642867113813
    -0.048642867113813    -0.230686433451410    -0.234968497534282
    -0.048642867113813    -0.234968497534283    -0.230686433451410
17 4
     0.003309412613817     0.010440718779137     0.010440718779137
    -0.010440718779137    -0.026877338996201     0.040986281237565
    -0.010440718779137     0.040986281237565    -0.026877338996201
17 5
     0.326937544787142    -0.048642867113813    -0.048642867113813
     0.048642867113813    -0.230686433451410    -0.234968497534283
     0.048642867113813    -0.234968497534283    -0.230686433451410
17 6
     0.003309412613817    -0.010440718779137    -0.010440718779137
     0.010440718779137    -0.026877338996201     0.040986281237565
     0.010440718779137     0.040986281237565    -0.026877338996201
17 7
     0.326937544787142    -0.048642867113813     0.048642867113813
     0.048642867113813    -0.230686433451410     0.234968497534282
    -0.048642867113813     0.234968497534283    -0.230686433451410
17 8
     0.003309412613817    -0.010440718779137     0.010440718779137
     0.010440718779137    -0.026877338996201    -0.040986281237565
    -0.010440718779137    -0.040986281237565    -0.026877338996201
17 9
    -3.322380731651718    -2.515143668279052    -2.515143668279051
    -2.515143668279052    -3.322380731651720    -2.515143668279052
    -2.515143668279051    -2.515143668279052    -3.322380731651718
17 10
     0.030353763622770    -0.037259271994117    -0.037259271994117
    -0.037259271994117     0.060418029943321    -0.022368424833985
    -0.037259271994117    -0.022368424833985     0.060418029943321
17 11
     0.060418029943321    -0.037259271994117    -0.022368424833985
    -0.037259271994117     0.030353763622770    -0.037259271994117
    -0.022368424833985    -0.037259271994117     0.060418029943321
17 12
    -0.025183232673953    -0.029356550294324    -0.040372017974732
    -0.029356550294324    -0.025183232673953    -0.040372017974732
    -0.040372017974732    -0.040372017974732    -0.104555772804815
17 13
     0.060418029943321    -0.022368424833985    -0.037259271994117
    -0.022368424833985     0.060418029943321    -0.037259271994117
    -0.037259271994117    -0.037259271994117     0.030353763622770
17 14
    -0.025183232673953    -0.040372017974732    -0.029356550294324
    -0.040372017974732    -0.104555772804815    -0.040372017974732
    -0.029356550294324    -0.040372017974732    -0.025183232673953
17 15
    -0.104555772804815    -0.040372017974732    -0.040372017974732
    -0.040372017974732    -0.025183232673953    -0.029356550294324
    -0.040372017974732    -0.029356550294324    -0.025183232673953
17 16
     0.005425711287899    -0.007810478928150    -0.007810478928150
    -0.007810478928150     0.005425711287899    -0.007810478928150
    -0.007810478928150    -0.007810478928150     0.005425711287899
17 17
    14.036572029044688     0.000000000000000    -0.000000000000000
     0.000000000000000    14.036572029044695     0.000000000000000
    -0.000000000000000     0.000000000000000    14.036572029044684
17 18
    -0.067616379192259    -0.000000000000000    -0.000000000000000
     0.000000000000000    -0.063411041583095    -0.000000000000000
     0.000000000000000    -0.000000000000000    -0.063411041583095
17 19
    -0.063411041583095    -0.000000000000000     0.000000000000000
    -0.000000000000000    -0.067616379192259    -0.000000000000000
    -0.000000000000000    -0.000000000000000    -0.063411041583095
17 20
    -0.002013487346630    -0.000000000000000     0.000000000000000
     0.000000000000000    -0.002013487346630    -0.000000000000000
    -0.000000000000000     0.000000000000000     0.192951181134049
17 21
    -0.063411041583095    -0.000000000000000     0.000000000000000
     0.000000000000000    -0.063411041583095     0.000000000000000
    -0.000000000000000     0.000000000000000    -0.067616379192259
17 22
    -0.002013487346630     0.000000000000000    -0.000000000000000
     0.000000000000000     0.192951181134049    -0.000000000000000
     0.000000000000000     0.000000000000000    -0.002013487346630
17 23
     0.192951181134049    -0.000000000000000     0.000000000000000
     0.000000000000000    -0.002013487346630    -0.000000000000000
    -0.000000000000000     0.000000000000000    -0.002013487346630
17 24
    -0.008785683121459    -0.000000000000000     0.000000000000000
     0.000000000000000    -0.008785683121459     0.000000000000000
    -0.000000000000000     0.000000000000000    -0.008785683121460
17 25
     0.060418029943321     0.022368424833985     0.037259271994117
     0.022368424833985     0.060418029943321    -0.037259271994117
     0.037259271994117    -0.037259271994117     0.030353763622770
17 26
    -0.025183232673953     0.040372017974732     0.029356550294324
     0.040372017974732    -0.104555772804815    -0.040372017974732
     0.029356550294324    -0.040372017974732    -0.025183232673953
17 27
    -0.104555772804815     0.040372017974732     0.040372017974732
     0.040372017974732    -0.025183232673953    -0.029356550294324
     0.040372017974732    -0.029356550294324    -0.025183232673953
17 28
     0.005425711287899     0.007810478928150     0.007810478928150
     0.007810478928150     0.005425711287899    -0.007810478928150
     0.007810478928150    -0.007810478928150     0.005425711287899
17 29
    -3.322380731651718     2.515143668279052     2.515143668279051
     2.515143668279052    -3.322380731651720    -2.515143668279052
     2.515143668279051    -2.515143668279052    -3.322380731651718
17 30
     0.030353763622770     0.037259271994117     0.037259271994117
     0.037259271994117     0.060418029943321    -0.022368424833985
     0.037259271994117    -0.022368424833985     0.060418029943321
17 31
     0.060418029943321     0.037259271994117     0.022368424833985
     0.037259271994117     0.030353763622770    -0.037259271994117
     0.022368424833985    -0.037259271994117     0.060418029943321
17 32
    -0.025183232673953     0.029356550294324     0.040372017974732
     0.029356550294324    -0.025183232673953    -0.040372017974732
     0.040372017974732    -0.040372017974732    -0.104555772804815
17 33
    -0.230686433451410    -0.234968497534282     0.048642867113813
    -0.234968497534283    -0.230686433451410     0.048642867113813
    -0.048642867113813    -0.048642867113813     0.326937544787142
17 34
    -0.230686433451410     0.234968497534282     0.048642867113813
     0.234968497534283    -0.230686433451410    -0.048642867113813
    -0.048642867113813     0.048642867113813     0.326937544787142
17 35
    -0.230686433451410     0.234968497534282    -0.048642867113813
     0.234968497534282    -0.230686433451410     0.048642867113813
     0.048642867113813    -0.048642867113813     0.326937544787142
17 36
    -0.230686433451410    -0.234968497534282    -0.048642867113813
    -0.234968497534283    -0.230686433451410    -0.048642867113813
     0.048642867113813     0.048642867113813     0.326937544787142
17 37
    -0.026877338996201     0.040986281237565     0.010440718779137
     0.040986281237565    -0.026877338996201     0.010440718779137
    -0.010440718779137    -0.010440718779137     0.003309412613817
17 38
    -0.026877338996201    -0.040986281237565     0.010440718779137
    -0.040986281237565    -0.026877338996201    -0.010440718779137
    -0.010440718779137     0.010440718779137     0.003309412613817
17 39
    -0.026877338996201    -0.040986281237565    -0.010440718779137
    -0.040986281237565    -0.026877338996201     0.010440718779137
     0.010440718779137    -0.010440718779137     0.003309412613817
17 40
    -0.026877338996201     0.040986281237565    -0.010440718779137
     0.040986281237565    -0.026877338996201    -0.010440718779137
     0.010440718779137     0.010440718779137     0.003309412613817
17 41
     0.060418029943321     0.022368424833985    -0.037259271994117
     0.022368424833985     0.060418029943321     0.037259271994117
    -0.037259271994117     0.037259271994117     0.030353763622770
17 42
    -0.025183232673953     0.040372017974732    -0.029356550294324
     0.040372017974732    -0.104555772804815     0.040372017974732
    -0.029356550294324     0.040372017974732    -0.025183232673953
17 43
    -0.104555772804815     0.040372017974732    -0.040372017974732
     0.040372017974732    -0.025183232673953     0.029356550294324
    -0.040372017974732     0.029356550294324    -0.025183232673953
17 44
     0.005425711287899     0.007810478928150    -0.007810478928150
     0.007810478928150     0.005425711287899     0.007810478928150
    -0.007810478928150     0.007810478928150     0.005425711287899
17 45
    -3.322380731651718     2.515143668279052    -2.515143668279051
     2.515143668279052    -3.322380731651720     2.515143668279052
    -2.515143668279051     2.515143668279052    -3.322380731651718
17 46
     0.030353763622770     0.037259271994117    -0.037259271994117
     0.037259271994117     0.060418029943321     0.022368424833985
    -0.037259271994117     0.022368424833985     0.060418029943321
17 47
     0.060418029943321     0.037259271994117    -0.022368424833985
     0.037259271994117     0.030353763622770     0.037259271994117
    -0.022368424833985     0.037259271994117     0.060418029943321
17 48
    -0.025183232673953     0.029356550294324    -0.040372017974732
     0.029356550294324    -0.025183232673953     0.040372017974732
    -0.040372017974732     0.040372017974732    -0.104555772804815
17 49
    -0.230686433451410    -0.048642867113813     0.234968497534282
     0.048642867113813     0.326937544787143    -0.048642867113813
     0.234968497534282     0.048642867113813    -0.230686433451410
17 50
    -0.230686433451410    -0.048642867113813    -0.234968497534283
     0.048642867113813     0.326937544787143     0.048642867113813
    -0.234968497534282    -0.048642867113813    -0.230686433451410
17 51
    -0.026877338996201    -0.010440718779137    -0.040986281237565
     0.010440718779137     0.003309412613817    -0.010440718779137
    -0.040986281237565     0.010440718779137    -0.026877338996201
17 52
    -0.026877338996201    -0.010440718779137     0.040986281237565
     0.010440718779137     0.003309412613817     0.010440718779137
     0.040986281237565    -0.010440718779137    -0.026877338996201
17 53
    -0.230686433451410     0.048642867113813    -0.234968497534283
    -0.048642867113813     0.326937544787143    -0.048642867113813
    -0.234968497534282     0.048642867113813    -0.230686433451410
17 54
    -0.230686433451410     0.048642867113813     0.234968497534282
    -0.048642867113813     0.326937544787143     0.048642867113813
     0.234968497534283    -0.048642867113813    -0.230686433451410
17 55
    -0.026877338996201     0.010440718779137     0.040986281237565
    -0.010440718779137     0.003309412613817    -0.010440718779137
     0.040986281237565     0.010440718779137    -0.026877338996201
17 56
    -0.026877338996201     0.010440718779137    -0.040986281237565
    -0.010440718779137     0.003309412613817     0.010440718779137
    -0.040986281237565    -0.010440718779137    -0.026877338996201
17 57
    -3.322380731651720    -2.515143668279051     2.515143668279051
    -2.515143668279053    -3.322380731651720     2.515143668279052
     2.515143668279052     2.515143668279051    -3.322380731651718
17 58
     0.030353763622770    -0.037259271994117     0.037259271994117
    -0.037259271994117     0.060418029943321     0.022368424833985
     0.037259271994117     0.022368424833985     0.060418029943321
17 59
     0.060418029943321    -0.037259271994117     0.022368424833985
    -0.037259271994117     0.030353763622770     0.037259271994117
     0.022368424833985     0.037259271994117     0.060418029943321
17 60
    -0.025183232673953    -0.029356550294324     0.040372017974732
    -0.029356550294324    -0.025183232673953     0.040372017974732
     0.040372017974732     0.040372017974732    -0.104555772804815
17 61
     0.060418029943321    -0.022368424833985     0.037259271994117
    -0.022368424833985     0.060418029943321     0.037259271994117
     0.037259271994117     0.037259271994117     0.030353763622770
17 62
    -0.025183232673953    -0.040372017974732     0.029356550294324
    -0.040372017974732    -0.104555772804815     0.040372017974732
     0.029356550294324     0.040372017974732    -0.025183232673953
17 63
    -0.104555772804815    -0.040372017974732     0.040372017974732
    -0.040372017974732    -0.025183232673953     0.029356550294324
     0.040372017974732     0.029356550294324    -0.025183232673953
17 64
     0.005425711287899    -0.007810478928150     0.007810478928150
    -0.007810478928150     0.005425711287899     0.007810478928150
     0.007810478928150     0.007810478928150     0.005425711287899
18 1
     0.003309412613817     0.010440718779137    -0.010440718779137
    -0.010440718779137    -0.026877338996201    -0.040986281237565
     0.010440718779137    -0.040986281237565    -0.026877338996201
18 2
     0.326937544787142     0.048642867113813    -0.048642867113813
    -0.048642867113813    -0.230686433451410     0.234968497534282
     0.048642867113813     0.234968497534282    -0.230686433451410
18 3
     0.003309412613817     0.010440718779137     0.010440718779137
    -0.010440718779137    -0.026877338996201     0.040986281237565
    -0.010440718779137     0.040986281237565    -0.026877338996201
18 4
     0.326937544787142     0.048642867113813     0.048642867113813
    -0.048642867113813    -0.230686433451410    -0.234968497534282
    -0.048642867113813    -0.234968497534282    -0.230686433451410
18 5
     0.003309412613817    -0.010440718779137    -0.010440718779137
     0.010440718779137    -0.026877338996201     0.040986281237565
     0.010440718779137     0.040986281237565    -0.026877338996201
18 6
     0.326937544787143    -0.048642867113813    -0.048642867113813
     0.048642867113813    -0.230686433451410    -0.234968497534282
     0.048642867113813    -0.234968497534283    -0.230686433451410
18 7
     0.003309412613817    -0.010440718779137     0.010440718779137
     0.010440718779137    -0.026877338996201    -0.040986281237565
    -0.010440718779137    -0.040986281237565    -0.026877338996201
18 8
     0.326937544787142    -0.048642867113813     0.048642867113813
     0.048642867113813    -0.230686433451410     0.234968497534282
    -0.048642867113813     0.234968497534282    -0.230686433451410
18 9
     0.030353763622770    -0.037259271994117    -0.037259271994117
    -0.037259271994117     0.060418029943321    -0.022368424833985
    -0.037259271994117    -0.022368424833985     0.060418029943321
18 10
    -3.322380731651718    -2.515143668279051    -2.515143668279052
    -2.515143668279051    -3.322380731651718    -2.515143668279052
    -2.515143668279052    -2.515143668279052    -3.322380731651720
18 11
    -0.025183232673953    -0.029356550294324    -0.040372017974732
    -0.029356550294324    -0.025183232673953    -0.040372017974732
    -0.040372017974732    -0.040372017974732    -0.104555772804815
18 12
     0.060418029943321    -0.037259271994117    -0.022368424833985
    -0.037259271994117     0.030353763622770    -0.037259271994117
    -0.022368424833985    -0.037259271994117     0.060418029943321
18 13
    -0.025183232673953    -0.040372017974732    -0.029356550294324
    -0.040372017974732    -0.104555772804815    -0.040372017974732
    -0.029356550294324    -0.040372017974732    -0.025183232673953
18 14
     0.060418029943321    -0.022368424833985    -0.037259271994117
    -0.022368424833985     0.060418029943321    -0.037259271994117
    -0.037259271994117    -0.037259271994117     0.030353763622770
18 15
     0.005425711287899    -0.007810478928150    -0.007810478928150
    -0.007810478928150     0.005425711287899    -0.007810478928150
    -0.007810478928150    -0.007810478928150     0.005425711287899
18 16
    -0.104555772804815    -0.040372017974732    -0.040372017974732
    -0.040372017974732    -0.025183232673953    -0.029356550294324
    -0.040372017974732    -0.029356550294324    -0.025183232673953
18 17
    -0.067616379192259     0.000000000000000     0.000000000000000
    -0.000000000000000    -0.063411041583095    -0.000000000000000
    -0.000000000000000    -0.000000000000000    -0.063411041583095
18 18
    14.036572029044686    -0.000000000000000     0.000000000000000
    -0.000000000000000    14.036572029044686    -0.000000000000000
     0.000000000000000    -0.000000000000000    14.036572029044695
18 19
    -0.002013487346630    -0.000000000000000     0.000000000000000
    -0.000000000000000    -0.002013487346630    -0.000000000000000
    -0.000000000000000    -0.000000000000000     0.192951181134049
18 20
    -0.063411041583095    -0.000000000000000     0.000000000000000
    -0.000000000000000    -0.067616379192259    -0.000000000000000
    -0.000000000000000     0.000000000000000    -0.063411041583095
18 21
    -0.002013487346630    -0.000000000000000     0.000000000000000
    -0.000000000000000     0.192951181134049     0.000000000000000
    -0.000000000000000    -0.000000000000000    -0.002013487346631
18 22
    -0.063411041583095     0.000000000000000     0.000000000000000
    -0.000000000000000    -0.063411041583095    -0.000000000000000
     0.000000000000000    -0.000000000000000    -0.067616379192259
18 23
    -0.008785683121459    -0.000000000000000     0.000000000000000
    -0.000000000000000    -0.008785683121459    -0.000000000000000
    -0.000000000000000    -0.000000000000000    -0.008785683121459
18 24
     0.192951181134049    -0.000000000000000     0.000000000000000
    -0.000000000000000    -0.002013487346630    -0.000000000000000
    -0.000000000000000    -0.000000000000000    -0.002013487346631
18 25
    -0.025183232673953     0.040372017974732     0.029356550294324
     0.040372017974732    -0.104555772804815    -0.040372017974732
     0.029356550294324    -0.040372017974732    -0.025183232673953
18 26
     0.060418029943321     0.022368424833985     0.037259271994117
     0.022368424833985     0.060418029943321    -0.037259271994117
     0.037259271994117    -0.037259271994117     0.030353763622770
18 27
     0.005425711287899     0.007810478928150     0.007810478928150
     0.007810478928150     0.005425711287899    -0.007810478928150
     0.007810478928150    -0.007810478928150     0.005425711287899
18 28
    -0.104555772804815     0.040372017974732     0.040372017974732
     0.040372017974732    -0.025183232673953    -0.029356550294324
     0.040372017974732    -0.029356550294324    -0.025183232673953
18 29
     0.030353763622770     0.037259271994117     0.037259271994117
     0.037259271994117     0.060418029943321    -0.022368424833985
     0.037259271994117    -0.022368424833985     0.060418029943321
18 30
    -3.322380731651720     2.515143668279051     2.515143668279051
     2.515143668279052    -3.322380731651718    -2.515143668279051
     2.515143668279053    -2.515143668279052    -3.322380731651720
18 31
    -0.025183232673953     0.029356550294324     0.040372017974732
     0.029356550294324    -0.025183232673953    -0.040372017974732
     0.040372017974732    -0.040372017974732    -0.104555772804815
18 32
     0.060418029943321     0.037259271994117     0.022368424833985
     0.037259271994117     0.030353763622770    -0.037259271994117
     0.022368424833985    -0.037259271994117     0.060418029943321
18 33
    -0.230686433451410     0.234968497534282     0.048642867113813
     0.234968497534282    -0.230686433451410    -0.048642867113813
    -0.048642867113813     0.048642867113813     0.326937544787143
18 34
    -0.230686433451410    -0.234968497534282     0.048642867113813
    -0.234968497534282    -0.230686433451410     0.048642867113813
    -0.048642867113813    -0.048642867113813     0.326937544787143
18 35
    -0.230686433451410    -0.234968497534282    -0.048642867113813
    -0.234968497534282    -0.230686433451410    -0.048642867113813
     0.048642867113813     0.048642867113813     0.326937544787143
18 36
    -0.230686433451410     0.234968497534282    -0.048642867113813
     0.234968497534283    -0.230686433451410     0.048642867113813
     0.048642867113813    -0.048642867113813     0.326937544787143
18 37
    -0.026877338996201    -0.040986281237565     0.010440718779137
    -0.040986281237565    -0.026877338996201    -0.010440718779137
    -0.010440718779137     0.010440718779137     0.003309412613817
18 38
    -0.026877338996201     0.040986281237565     0.010440718779137
     0.040986281237565    -0.026877338996201     0.010440718779137
    -0.010440718779137    -0.010440718779137     0.003309412613817
18 39
    -0.026877338996201     0.040986281237565    -0.010440718779137
     0.040986281237565    -0.026877338996201    -0.010440718779137
     0.010440718779137     0.010440718779137     0.003309412613817
18 40
    -0.026877338996201    -0.040986281237565    -0.010440718779137
    -0.040986281237565    -0.026877338996201     0.010440718779137
     0.010440718779137    -0.010440718779137     0.003309412613817
18 41
    -0.025183232673953     0.040372017974732    -0.029356550294324
     0.040372017974732    -0.104555772804815     0.040372017974732
    -0.029356550294324     0.040372017974732    -0.025183232673953
18 42
     0.060418029943321     0.022368424833985    -0.037259271994117
     0.022368424833985     0.060418029943321     0.037259271994117
    -0.037259271994117     0.037259271994117     0.030353763622770
18 43
     0.005425711287899     0.007810478928150    -0.007810478928150
     0.007810478928150     0.005425711287899     0.007810478928150
    -0.007810478928150     0.007810478928150     0.005425711287899
18 44
    -0.104555772804815     0.040372017974732    -0.040372017974732
     0.040372017974732    -0.025183232673953     0.029356550294324
    -0.040372017974732     0.029356550294324    -0.025183232673953
18 45
     0.030353763622770     0.037259271994117    -0.037259271994117
     0.037259271994117     0.060418029943321     0.022368424833985
    -0.037259271994117     0.022368424833985     0.060418029943321
18 46
    -3.322380731651718     2.515143668279051    -2.515143668279052
     2.515143668279051    -3.322380731651718     2.515143668279052
    -2.515143668279052     2.515143668279052    -3.322380731651720
18 47
    -0.025183232673953     0.029356550294324    -0.040372017974732
     0.029356550294324    -0.025183232673953     0.040372017974732
    -0.040372017974732     0.040372017974732    -0.104555772804815
18 48
     0.060418029943321     0.037259271994117    -0.022368424833985
     0.037259271994117     0.030353763622770     0.037259271994117
    -0.022368424833985     0.037259271994117     0.060418029943321
18 49
    -0.230686433451410    -0.048642867113813    -0.234968497534282
     0.048642867113813     0.326937544787142     0.048642867113813
    -0.234968497534283    -0.048642867113813    -0.230686433451410
18 50
    -0.230686433451410    -0.048642867113813     0.234968497534283
     0.048642867113813     0.326937544787142    -0.048642867113813
     0.234968497534282     0.048642867113813    -0.230686433451410
18 51
    -0.026877338996201    -0.010440718779137     0.040986281237565
     0.010440718779137     0.003309412613817     0.010440718779137
     0.040986281237565    -0.010440718779137    -0.026877338996201
18 52
    -0.026877338996201    -0.010440718779137    -0.040986281237565
     0.010440718779137     0.003309412613817    -0.010440718779137
    -0.040986281237565     0.010440718779137    -0.026877338996201
18 53
    -0.230686433451410     0.048642867113813     0.234968497534283
    -0.048642867113813     0.326937544787142     0.048642867113813
     0.234968497534282    -0.048642867113813    -0.230686433451410
18 54
    -0.230686433451410     0.048642867113813    -0.234968497534282
    -0.048642867113813     0.326937544787142    -0.048642867113813
    -0.234968497534283     0.048642867113813    -0.230686433451410
18 55
    -0.026877338996201     0.010440718779137    -0.040986281237565
    -0.010440718779137     0.003309412613817     0.010440718779137
    -0.040986281237565    -0.010440718779137    -0.026877338996201
18 56
    -0.026877338996201     0.010440718779137     0.040986281237565
    -0.010440718779137     0.003309412613817    -0.010440718779137
     0.040986281237565     0.010440718779137    -0.026877338996201
18 57
     0.030353763622770    -0.037259271994117     0.037259271994117
    -0.037259271994117     0.060418029943321     0.022368424833985
     0.037259271994117     0.022368424833985     0.060418029943321
18 58
    -3.322380731651718    -2.515143668279051     2.515143668279052
    -2.515143668279051    -3.322380731651718     2.515143668279052
     2.515143668279052     2.515143668279052    -3.322380731651720
18 59
    -0.025183232673953    -0.029356550294324     0.040372017974732
    -0.029356550294324    -0.025183232673953     0.040372017974732
     0.040372017974732     0.040372017974732    -0.104555772804815
18 60
     0.060418029943321    -0.037259271994117     0.022368424833985
    -0.037259271994117     0.030353763622770     0.037259271994117
     0.022368424833985     0.037259271994117     0.060418029943321
18 61
    -0.025183232673953    -0.040372017974732     0.029356550294324
    -0.040372017974732    -0.104555772804815     0.040372017974732
     0.029356550294324     0.040372017974732    -0.025183232673953
18 62
     0.060418029943321    -0.022368424833985     0.037259271994117
    -0.022368424833985     0.060418029943321     0.037259271994117
     0.037259271994117     0.037259271994117     0.030353763622770
18 63
     0.005425711287899    -0.007810478928150     0.007810478928150
    -0.007810478928150     0.005425711287899     0.007810478928150
     0.007810478928150     0.007810478928150     0.005425711287899
18 64
    -0.104555772804815    -0.040372017974732     0.040372017974732
    -0.040372017974732    -0.025183232673953     0.029356550294324
     0.040372017974732     0.029356550294324    -0.025183232673953
19 1
     0.326937544787143     0.048642867113813     0.048642867113813
    -0.048642867113813    -0.230686433451410    -0.234968497534282
    -0.048642867113813    -0.234968497534283    -0.230686433451410
19 2
     0.003309412613817     0.010440718779137     0.010440718779137
    -0.010440718779137    -0.026877338996201     0.040986281237565
    -0.010440718779137     0.040986281237565    -0.026877338996201
19 3
     0.326937544787142     0.048642867113813    -0.048642867113813
    -0.048642867113813    -0.230686433451410     0.234968497534282
     0.048642867113813     0.234968497534283    -0.230686433451410
19 4
     0.003309412613817     0.010440718779137    -0.010440718779137
    -0.010440718779137    -0.026877338996201    -0.040986281237565
     0.010440718779137    -0.040986281237565    -0.026877338996201
19 5
     0.326937544787142    -0.048642867113813     0.048642867113813
     0.048642867113813    -0.230686433451410     0.234968497534282
    -0.048642867113813     0.234968497534283    -0.230686433451410
19 6
     0.003309412613817    -0.010440718779137     0.010440718779137
     0.010440718779137    -0.026877338996201    -0.040986281237565
    -0.010440718779137    -0.040986281237565    -0.026877338996201
19 7
     0.326937544787142    -0.048642867113813    -0.048642867113813
     0.048642867113813    -0.230686433451410    -0.234968497534282
     0.048642867113813    -0.234968497534283    -0.230686433451410
19 8
     0.003309412613817    -0.010440718779137    -0.010440718779137
     0.010440718779137    -0.026877338996201     0.040986281237565
     0.010440718779137     0.040986281237565    -0.026877338996201
19 9
     0.060418029943321    -0.037259271994117    -0.022368424833985
    -0.037259271994117     0.030353763622770    -0.037259271994117
    -0.022368424833985    -0.037259271994117     0.060418029943321
19 10
    -0.025183232673953    -0.029356550294324    -0.040372017974732
    -0.029356550294324    -0.025183232673953    -0.040372017974732
    -0.040372017974732    -0.040372017974732    -0.104555772804815
19 11
    -3.322380731651720    -2.515143668279051    -2.515143668279051
    -2.515143668279052    -3.322380731651718    -2.515143668279051
    -2.515143668279053    -2.515143668279052    -3.322380731651720
19 12
     0.030353763622770    -0.037259271994117    -0.037259271994117
    -0.037259271994117     0.060418029943321    -0.022368424833985
    -0.037259271994117    -0.022368424833985     0.060418029943321
19 13
    -0.104555772804815    -0.040372017974732    -0.040372017974732
    -0.040372017974732    -0.025183232673953    -0.029356550294324
    -0.040372017974732    -0.029356550294324    -0.025183232673953
19 14
     0.005425711287899    -0.007810478928150    -0.007810478928150
    -0.007810478928150     0.005425711287899    -0.007810478928150
    -0.007810478928150    -0.007810478928150     0.005425711287899
19 15
     0.060418029943321    -0.022368424833985    -0.037259271994117
    -0.022368424833985     0.060418029943321    -0.037259271994117
    -0.037259271994117    -0.037259271994117     0.030353763622770
19 16
    -0.025183232673953    -0.040372017974732    -0.029356550294324
    -0.040372017974732    -0.104555772804815    -0.040372017974732
    -0.029356550294324    -0.040372017974732    -0.025183232673953
19 17
    -0.063411041583095    -0.000000000000000    -0.000000000000000
    -0.000000000000000    -0.067616379192259    -0.000000000000000
     0.000000000000000    -0.000000000000000    -0.063411041583095
19 18
    -0.002013487346630    -0.000000000000000    -0.000000000000000
    -0.000000000000000    -0.002013487346630    -0.000000000000000
     0.000000000000000    -0.000000000000000     0.192951181134049
19 19
    14.036572029044688    -0.000000000000000    -0.000000000000000
    -0.000000000000000    14.036572029044686    -0.000000000000001
    -0.000000000000000    -0.000000000000001    14.036572029044692
19 20
    -0.067616379192259    -0.000000000000000     0.000000000000000
    -0.000000000000000    -0.063411041583095    -0.000000000000000
     0.000000000000000    -0.000000000000000    -0.063411041583095
19 21
     0.192951181134049    -0.000000000000000    -0.000000000000000
     0.000000000000000    -0.002013487346630     0.000000000000000
    -0.000000000000000    -0.000000000000000    -0.002013487346631
19 22
    -0.008785683121459     0.000000000000000    -0.000000000000000
     0.000000000000000    -0.008785683121459    -0.000000000000000
     0.000000000000000    -0.000000000000000    -0.008785683121460
19 23
    -0.063411041583095    -0.000000000000000     0.000000000000000
    -0.000000000000000    -0.063411041583095    -0.000000000000000
     0.000000000000000    -0.000000000000000    -0.067616379192259
19 24
    -0.002013487346630    -0.000000000000000     0.000000000000000
    -0.000000000000000     0.192951181134049    -0.000000000000000
    -0.000000000000000    -0.000000000000000    -0.002013487346631
19 25
    -0.104555772804815     0.040372017974732     0.040372017974732
     0.040372017974732    -0.025183232673953    -0.029356550294324
     0.040372017974732    -0.029356550294324    -0.025183232673953
19 26
     0.005425711287899     0.007810478928150     0.007810478928150
     0.007810478928150     0.005425711287899    -0.007810478928150
     0.007810478928150    -0.007810478928150     0.005425711287899
19 27
     0.060418029943321     0.022368424833985     0.037259271994117
     0.022368424833985     0.060418029943321    -0.037259271994117
     0.037259271994117    -0.037259271994117     0.030353763622770
19 28
    -0.025183232673953     0.040372017974732     0.029356550294324
     0.040372017974732    -0.104555772804815    -0.040372017974732
     0.029356550294324    -0.040372017974732    -0.025183232673953
19 29
     0.060418029943321     0.037259271994117     0.022368424833985
     0.037259271994117     0.030353763622770    -0.037259271994117
     0.022368424833985    -0.037259271994117     0.060418029943321
19 30
    -0.025183232673953     0.029356550294324     0.040372017974732
     0.029356550294324    -0.025183232673953    -0.040372017974732
     0.040372017974732    -0.040372017974732    -0.104555772804815
19 31
    -3.322380731651720     2.515143668279051     2.515143668279051
     2.515143668279052    -3.322380731651718    -2.515143668279051
     2.515143668279053    -2.515143668279052    -3.322380731651720
19 32
     0.030353763622770     0.037259271994117     0.037259271994117
     0.037259271994117     0.060418029943321    -0.022368424833985
     0.037259271994117    -0.022368424833985     0.060418029943321
19 33
    -0.230686433451410     0.234968497534282    -0.048642867113813
     0.234968497534282    -0.230686433451410     0.048642867113813
     0.048642867113813    -0.048642867113813     0.326937544787143
19 34
    -0.230686433451410    -0.234968497534282    -0.048642867113813
    -0.234968497534282    -0.230686433451410    -0.048642867113813
     0.048642867113813     0.048642867113813     0.326937544787143
19 35
    -0.230686433451410    -0.234968497534282     0.048642867113813
    -0.234968497534282    -0.230686433451410     0.048642867113813
    -0.048642867113813    -0.048642867113813     0.326937544787143
19 36
    -0.230686433451410     0.234968497534282     0.048642867113813
     0.234968497534283    -0.230686433451410    -0.048642867113813
    -0.048642867113813     0.048642867113813     0.326937544787142
19 37
    -0.026877338996201    -0.040986281237565    -0.010440718779137
    -0.040986281237565    -0.026877338996201     0.010440718779137
     0.010440718779137    -0.010440718779137     0.003309412613817
19 38
    -0.026877338996201     0.040986281237565    -0.010440718779137
     0.040986281237565    -0.026877338996201    -0.010440718779137
     0.010440718779137     0.010440718779137     0.003309412613817
19 39
    -0.026877338996201     0.040986281237565     0.010440718779137
     0.040986281237565    -0.026877338996201     0.010440718779137
    -0.010440718779137    -0.010440718779137     0.003309412613817
19 40
    -0.026877338996201    -0.040986281237565     0.010440718779137
    -0.040986281237565    -0.026877338996201    -0.010440718779137
    -0.010440718779137     0.010440718779137     0.003309412613817
19 41
    -0.104555772804815     0.040372017974732    -0.040372017974732
     0.040372017974732    -0.025183232673953     0.029356550294324
    -0.040372017974732     0.029356550294324    -0.025183232673953
19 42
     0.005425711287899     0.007810478928150    -0.007810478928150
     0.007810478928150     0.005425711287899     0.007810478928150
    -0.007810478928150     0.007810478928150     0.005425711287898
19 43
     0.060418029943321     0.022368424833985    -0.037259271994117
     0.022368424833985     0.060418029943321     0.037259271994117
    -0.037259271994117     0.037259271994117     0.030353763622770
19 44
    -0.025183232673953     0.040372017974732    -0.029356550294324
     0.040372017974732    -0.104555772804815     0.040372017974732
    -0.029356550294324     0.040372017974732    -0.025183232673953
19 45
     0.060418029943321     0.037259271994117    -0.022368424833985
     0.037259271994117     0.030353763622770     0.037259271994117
    -0.022368424833985     0.037259271994117     0.060418029943321
19 46
    -0.025183232673953     0.029356550294324    -0.040372017974732
     0.029356550294324    -0.025183232673953     0.040372017974732
    -0.040372017974732     0.040372017974732    -0.104555772804815
19 47
    -3.322380731651718     2.515143668279052    -2.515143668279051
     2.515143668279051    -3.322380731651720     2.515143668279051
    -2.515143668279052     2.515143668279053    -3.322380731651720
19 48
     0.030353763622770     0.037259271994117    -0.037259271994117
     0.037259271994117     0.060418029943321     0.022368424833985
    -0.037259271994117     0.022368424833985     0.060418029943321
19 49
    -0.026877338996201    -0.010440718779137    -0.040986281237565
     0.010440718779137     0.003309412613817    -0.010440718779137
    -0.040986281237565     0.010440718779137    -0.026877338996201
19 50
    -0.026877338996201    -0.010440718779137     0.040986281237565
     0.010440718779137     0.003309412613817     0.010440718779137
     0.040986281237565    -0.010440718779137    -0.026877338996201
19 51
    -0.230686433451410    -0.048642867113813     0.234968497534282
     0.048642867113813     0.326937544787142    -0.048642867113813
     0.234968497534282     0.048642867113813    -0.230686433451410
19 52
    -0.230686433451410    -0.048642867113813    -0.234968497534282
     0.048642867113813     0.326937544787142     0.048642867113813
    -0.234968497534283    -0.048642867113813    -0.230686433451410
19 53
    -0.026877338996201     0.010440718779137     0.040986281237565
    -0.010440718779137     0.003309412613817    -0.010440718779137
     0.040986281237565     0.010440718779137    -0.026877338996201
19 54
    -0.026877338996201     0.010440718779137    -0.040986281237565
    -0.010440718779137     0.003309412613817     0.010440718779137
    -0.040986281237565    -0.010440718779137    -0.026877338996201
19 55
    -0.230686433451410     0.048642867113813    -0.234968497534282
    -0.048642867113813     0.326937544787142    -0.048642867113813
    -0.234968497534283     0.048642867113813    -0.230686433451410
19 56
    -0.230686433451410     0.048642867113813     0.234968497534283
    -0.048642867113813     0.326937544787142     0.048642867113813
     0.234968497534282    -0.048642867113813    -0.230686433451410
19 57
     0.060418029943321    -0.037259271994117     0.022368424833985
    -0.037259271994117     0.030353763622770     0.037259271994117
     0.022368424833985     0.037259271994117     0.060418029943321
19 58
    -0.025183232673953    -0.029356550294324     0.040372017974732
    -0.029356550294324    -0.025183232673953     0.040372017974732
     0.040372017974732     0.040372017974732    -0.104555772804815
19 59
    -3.322380731651718    -2.515143668279051     2.515143668279052
    -2.515143668279051    -3.322380731651718     2.515143668279052
     2.515143668279052     2.515143668279052    -3.322380731651720
19 60
     0.030353763622770    -0.037259271994117     0.037259271994117
    -0.037259271994117     0.060418029943321     0.022368424833985
     0.037259271994117     0.022368424833985     0.060418029943321
19 61
    -0.104555772804815    -0.040372017974732     0.040372017974732
    -0.040372017974732    -0.025183232673953     0.029356550294324
     0.040372017974732     0.029356550294324    -0.025183232673953
19 62
     0.005425711287899    -0.007810478928150     0.007810478928150
    -0.007810478928150     0.005425711287899     0.007810478928150
     0.007810478928150     0.007810478928150     0.005425711287899
19 63
     0.060418029943321    -0.022368424833985     0.037259271994117
    -0.022368424833985     0.060418029943321     0.037259271994117
     0.037259271994117     0.037259271994117     0.030353763622770
19 64
    -0.025183232673953    -0.040372017974732     0.029356550294324
    -0.040372017974732    -0.104555772804815     0.040372017974732
     0.029356550294324     0.040372017974732    -0.025183232673953
20 1
     0.003309412613817     0.010440718779137     0.010440718779137
    -0.010440718779137    -0.026877338996201     0.040986281237565
    -0.010440718779137     0.040986281237565    -0.026877338996201
20 2
     0.326937544787143     0.048642867113813     0.048642867113813
    -0.048642867113813    -0.230686433451410    -0.234968497534282
    -0.048642867113813    -0.234968497534282    -0.230686433451410
20 3
     0.003309412613817     0.010440718779137    -0.010440718779137
    -0.010440718779137    -0.026877338996201    -0.040986281237565
     0.010440718779137    -0.040986281237565    -0.026877338996201
20 4
     0.326937544787142     0.048642867113813    -0.048642867113813
    -0.048642867113813    -0.230686433451410     0.234968497534283
     0.048642867113813     0.234968497534282    -0.230686433451410
20 5
     0.003309412613817    -0.010440718779137     0.010440718779137
     0.010440718779137    -0.026877338996201    -0.040986281237565
    -0.010440718779137    -0.040986281237565    -0.026877338996201
20 6
     0.326937544787143    -0.048642867113813     0.048642867113813
     0.048642867113813    -0.230686433451410     0.234968497534283
    -0.048642867113813     0.234968497534283    -0.230686433451410
20 7
     0.003309412613817    -0.010440718779137    -0.010440718779137
     0.010440718779137    -0.026877338996201     0.040986281237565
     0.010440718779137     0.040986281237565    -0.026877338996201
20 8
     0.326937544787142    -0.048642867113813    -0.048642867113813
     0.048642867113813    -0.230686433451410    -0.234968497534282
     0.048642867113813    -0.234968497534282    -0.230686433451410
20 9
    -0.025183232673953    -0.029356550294324    -0.040372017974732
    -0.029356550294324    -0.025183232673953    -0.040372017974732
    -0.040372017974732    -0.040372017974732    -0.104555772804815
20 10
     0.060418029943321    -0.037259271994117    -0.022368424833985
    -0.037259271994117     0.030353763622770    -0.037259271994117
    -0.022368424833985    -0.037259271994117     0.060418029943321
20 11
     0.030353763622770    -0.037259271994117    -0.037259271994117
    -0.037259271994117     0.060418029943321    -0.022368424833985
    -0.037259271994117    -0.022368424833985     0.060418029943321
20 12
    -3.322380731651720    -2.515143668279051    -2.515143668279051
    -2.515143668279053    -3.322380731651720    -2.515143668279052
    -2.515143668279052    -2.515143668279051    -3.322380731651718
20 13
     0.005425711287899    -0.007810478928150    -0.007810478928150
    -0.007810478928150     0.005425711287899    -0.007810478928150
    -0.007810478928150    -0.007810478928150     0.005425711287899
20 14
    -0.104555772804815    -0.040372017974732    -0.040372017974732
    -0.040372017974732    -0.025183232673953    -0.029356550294324
    -0.040372017974732    -0.029356550294324    -0.025183232673953
20 15
    -0.025183232673953    -0.040372017974732    -0.029356550294324
    -0.040372017974732    -0.104555772804815    -0.040372017974732
    -0.029356550294324    -0.040372017974732    -0.025183232673953
20 16
     0.060418029943321    -0.022368424833985    -0.037259271994117
    -0.022368424833985     0.060418029943321    -0.037259271994117
    -0.037259271994117    -0.037259271994117     0.030353763622770
20 17
    -0.002013487346630     0.000000000000000    -0.000000000000000
    -0.000000000000000    -0.002013487346630     0.000000000000000
     0.000000000000000    -0.000000000000000     0.192951181134049
20 18
    -0.063411041583095    -0.000000000000000    -0.000000000000000
    -0.000000000000000    -0.067616379192259     0.000000000000000
     0.000000000000000    -0.000000000000000    -0.063411041583095
20 19
    -0.067616379192259    -0.000000000000000     0.000000000000000
    -0.000000000000000    -0.063411041583095    -0.000000000000000
     0.000000000000000    -0.000000000000000    -0.063411041583095
20 20
    14.036572029044688    -0.000000000000000     0.000000000000000
    -0.000000000000000    14.036572029044695     0.000000000000000
     0.000000000000000     0.000000000000000    14.036572029044684
20 21
    -0.008785683121459    -0.000000000000000     0.000000000000000
     0.000000000000000    -0.008785683121459     0.000000000000000
     0.000000000000000    -0.000000000000000    -0.008785683121460
20 22
     0.192951181134049     0.000000000000000    -0.000000000000000
     0.000000000000000    -0.002013487346630     0.000000000000000
     0.000000000000000    -0.000000000000000    -0.002013487346630
20 23
    -0.002013487346630    -0.000000000000000     0.000000000000000
    -0.000000000000000     0.192951181134049     0.000000000000000
     0.000000000000000     0.000000000000000    -0.002013487346630
20 24
    -0.063411041583095    -0.000000000000000     0.000000000000000
     0.000000000000000    -0.063411041583095     0.000000000000000
    -0.000000000000000     0.000000000000000    -0.067616379192259
20 25
     0.005425711287899     0.007810478928150     0.007810478928150
     0.007810478928150     0.005425711287899    -0.007810478928150
     0.007810478928150    -0.007810478928150     0.005425711287899
20 26
    -0.104555772804815     0.040372017974732     0.040372017974732
     0.040372017974732    -0.025183232673953    -0.029356550294324
     0.040372017974732    -0.029356550294324    -0.025183232673953
20 27
    -0.025183232673953     0.040372017974732     0.029356550294324
     0.040372017974732    -0.104555772804815    -0.040372017974732
     0.029356550294324    -0.040372017974732    -0.025183232673953
20 28
     0.060418029943321     0.022368424833985     0.037259271994117
     0.022368424833985     0.060418029943321    -0.037259271994117
     0.037259271994117    -0.037259271994117     0.030353763622770
20 29
    -0.025183232673953     0.029356550294324     0.040372017974732
     0.029356550294324    -0.025183232673953    -0.040372017974732
     0.040372017974732    -0.040372017974732    -0.104555772804815
20 30
     0.060418029943321     0.037259271994117     0.022368424833985
     0.037259271994117     0.030353763622770    -0.037259271994117
     0.022368424833985    -0.037259271994117     0.060418029943321
20 31
     0.030353763622770     0.037259271994117     0.037259271994117
     0.037259271994117     0.060418029943321    -0.022368424833985
     0.037259271994117    -0.022368424833985     0.060418029943321
20 32
    -3.322380731651718     2.515143668279052     2.515143668279051
     2.515143668279052    -3.322380731651720    -2.515143668279052
     2.515143668279051    -2.515143668279052    -3.322380731651718
20 33
    -0.230686433451410    -0.234968497534282    -0.048642867113813
    -0.234968497534283    -0.230686433451410    -0.048642867113813
     0.048642867113813     0.048642867113813     0.326937544787142
20 34
    -0.230686433451410     0.234968497534282    -0.048642867113813
     0.234968497534282    -0.230686433451410     0.048642867113813
     0.048642867113813    -0.048642867113813     0.326937544787142
20 35
    -0.230686433451410     0.234968497534282     0.048642867113813
     0.234968497534282    -0.230686433451410    -0.048642867113813
    -0.048642867113813     0.048642867113813     0.326937544787142
20 36
    -0.230686433451410    -0.234968497534282     0.048642867113813
    -0.234968497534283    -0.230686433451410     0.048642867113813
    -0.048642867113813    -0.048642867113813     0.326937544787142
20 37
    -0.026877338996201     0.040986281237565    -0.010440718779137
     0.040986281237565    -0.026877338996201    -0.010440718779137
     0.010440718779137     0.010440718779137     0.003309412613817
20 38
    -0.026877338996201    -0.040986281237565    -0.010440718779137
    -0.040986281237565    -0.026877338996201     0.010440718779137
     0.010440718779137    -0.010440718779137     0.003309412613817
20 39
    -0.026877338996201    -0.040986281237565     0.010440718779137
    -0.040986281237565    -0.026877338996201    -0.010440718779137
    -0.010440718779137     0.010440718779137     0.003309412613817
20 40
    -0.026877338996201     0.040986281237565     0.010440718779137
     0.040986281237565    -0.026877338996201     0.010440718779137
    -0.010440718779137    -0.010440718779137     0.003309412613817
20 41
     0.005425711287899     0.007810478928150    -0.007810478928150
     0.007810478928150     0.005425711287899     0.007810478928150
    -0.007810478928150     0.007810478928150     0.005425711287899
20 42
    -0.104555772804815     0.040372017974732    -0.040372017974732
     0.040372017974732    -0.025183232673953     0.029356550294324
    -0.040372017974732     0.029356550294324    -0.025183232673953
20 43
    -0.025183232673953     0.040372017974732    -0.029356550294324
     0.040372017974732    -0.104555772804815     0.040372017974732
    -0.029356550294324     0.040372017974732    -0.025183232673953
20 44
     0.060418029943321     0.022368424833985    -0.037259271994117
     0.022368424833985     0.060418029943321     0.037259271994117
    -0.037259271994117     0.037259271994117     0.030353763622770
20 45
    -0.025183232673953     0.029356550294324    -0.040372017974732
     0.029356550294324    -0.025183232673953     0.040372017974732
    -0.040372017974732     0.040372017974732    -0.104555772804815
20 46
     0.060418029943321     0.037259271994117    -0.022368424833985
     0.037259271994117     0.030353763622770     0.037259271994117
    -0.022368424833985     0.037259271994117     0.060418029943321
20 47
     0.030353763622770     0.037259271994117    -0.037259271994117
     0.037259271994117     0.060418029943321     0.022368424833985
    -0.037259271994117     0.022368424833985     0.060418029943321
20 48
    -3.322380731651720     2.515143668279051    -2.515143668279051
     2.515143668279053    -3.322380731651720     2.515143668279052
    -2.515143668279052     2.515143668279051    -3.322380731651718
20 49
    -0.026877338996201    -0.010440718779137     0.040986281237565
     0.010440718779137     0.003309412613817     0.010440718779137
     0.040986281237565    -0.010440718779137    -0.026877338996201
20 50
    -0.026877338996201    -0.010440718779137    -0.040986281237565
     0.010440718779137     0.003309412613817    -0.010440718779137
    -0.040986281237565     0.010440718779137    -0.026877338996201
20 51
    -0.230686433451410    -0.048642867113813    -0.234968497534282
     0.048642867113813     0.326937544787143     0.048642867113813
    -0.234968497534282    -0.048642867113813    -0.230686433451410
20 52
    -0.230686433451410    -0.048642867113813     0.234968497534282
     0.048642867113813     0.326937544787143    -0.048642867113813
     0.234968497534283     0.048642867113813    -0.230686433451410
20 53
    -0.026877338996201     0.010440718779137    -0.040986281237565
    -0.010440718779137     0.003309412613817     0.010440718779137
    -0.040986281237565    -0.010440718779137    -0.026877338996201
20 54
    -0.026877338996201     0.010440718779137     0.040986281237565
    -0.010440718779137     0.003309412613817    -0.010440718779137
     0.040986281237565     0.010440718779137    -0.026877338996201
20 55
    -0.230686433451410     0.048642867113813     0.234968497534283
    -0.048642867113813     0.326937544787143     0.048642867113813
     0.234968497534282    -0.048642867113813    -0.230686433451410
20 56
    -0.230686433451410     0.048642867113813    -0.234968497534282
    -0.048642867113813     0.326937544787143    -0.048642867113813
    -0.234968497534282     0.048642867113813    -0.230686433451410
20 57
    -0.025183232673953    -0.029356550294324     0.040372017974732
    -0.029356550294324    -0.025183232673953     0.040372017974732
     0.040372017974732     0.040372017974732    -0.104555772804815
20 58
     0.060418029943321    -0.037259271994117     0.022368424833985
    -0.037259271994117     0.030353763622770     0.037259271994117
     0.022368424833985     0.037259271994117     0.060418029943321
20 59
     0.030353763622770    -0.037259271994117     0.037259271994117
    -0.037259271994117     0.060418029943321     0.022368424833985
     0.037259271994117     0.022368424833985     0.060418029943321
20 60
    -3.322380731651718    -2.515143668279052     2.515143668279051
    -2.515143668279052    -3.322380731651720     2.515143668279052
     2.515143668279051     2.515143668279052    -3.322380731651718
20 61
     0.005425711287899    -0.007810478928150     0.007810478928150
    -0.007810478928150     0.005425711287899     0.007810478928150
     0.007810478928150     0.007810478928150     0.005425711287899
20 62
    -0.104555772804815    -0.040372017974732     0.040372017974732
    -0.040372017974732    -0.025183232673953     0.029356550294324
     0.040372017974732     0.029356550294324    -0.025183232673953
20 63
    -0.025183232673953    -0.040372017974732     0.029356550294324
    -0.040372017974732    -0.104555772804815     0.040372017974732
     0.029356550294324     0.040372017974732    -0.025183232673953
20 64
     0.060418029943321    -0.022368424833985     0.037259271994117
    -0.022368424833985     0.060418029943321     0.037259271994117
     0.037259271994117     0.037259271994117     0.030353763622770
21 1
     0.326937544787143    -0.048642867113813    -0.048642867113813
     0.048642867113813    -0.230686433451410    -0.234968497534282
     0.048642867113813    -0.234968497534283    -0.230686433451410
21 2
     0.003309412613817    -0.010440718779137    -0.010440718779137
     0.010440718779137    -0.026877338996201     0.040986281237565
     0.010440718779137     0.040986281237565    -0.026877338996201
21 3
     0.326937544787142    -0.048642867113813     0.048642867113813
     0.048642867113813    -0.230686433451410     0.234968497534282
    -0.048642867113813     0.234968497534283    -0.230686433451410
21 4
     0.003309412613817    -0.010440718779137     0.010440718779137
     0.010440718779137    -0.026877338996201    -0.040986281237565
    -0.010440718779137    -0.040986281237565    -0.026877338996201
21 5
     0.326937544787142     0.048642867113813    -0.048642867113813
    -0.048642867113813    -0.230686433451410     0.234968497534282
     0.048642867113813     0.234968497534283    -0.230686433451410
21 6
     0.003309412613817     0.010440718779137    -0.010440718779137
    -0.010440718779137    -0.026877338996201    -0.040986281237565
     0.010440718779137    -0.040986281237565    -0.026877338996201
21 7
     0.326937544787142     0.048642867113813     0.048642867113813
    -0.048642867113813    -0.230686433451410    -0.234968497534282
    -0.048642867113813    -0.234968497534283    -0.230686433451410
21 8
     0.003309412613817     0.010440718779137     0.010440718779137
    -0.010440718779137    -0.026877338996201     0.040986281237565
    -0.010440718779137     0.040986281237565    -0.026877338996201
21 9
     0.060418029943321    -0.022368424833985    -0.037259271994117
    -0.022368424833985     0.060418029943321    -0.037259271994117
    -0.037259271994117    -0.037259271994117     0.030353763622770
21 10
    -0.025183232673953    -0.040372017974732    -0.029356550294324
    -0.040372017974732    -0.104555772804815    -0.040372017974732
    -0.029356550294324    -0.040372017974732    -0.025183232673953
21 11
    -0.104555772804815    -0.040372017974732    -0.040372017974732
    -0.040372017974732    -0.025183232673953    -0.029356550294324
    -0.040372017974732    -0.029356550294324    -0.025183232673953
21 12
     0.005425711287899    -0.007810478928150    -0.007810478928150
    -0.007810478928150     0.005425711287899    -0.007810478928150
    -0.007810478928150    -0.007810478928150     0.005425711287899
21 13
    -3.322380731651718    -2.515143668279052    -2.515143668279051
    -2.515143668279051    -3.322380731651720    -2.515143668279051
    -2.515143668279052    -2.515143668279053    -3.322380731651720
21 14
     0.030353763622770    -0.037259271994117    -0.037259271994117
    -0.037259271994117     0.060418029943321    -0.022368424833985
    -0.037259271994117    -0.022368424833985     0.060418029943321
21 15
     0.060418029943321    -0.037259271994117    -0.022368424833985
    -0.037259271994117     0.030353763622770    -0.037259271994117
    -0.022368424833985    -0.037259271994117     0.060418029943321
21 16
    -0.025183232673953    -0.029356550294324    -0.040372017974732
    -0.029356550294324    -0.025183232673953    -0.040372017974732
    -0.040372017974732    -0.040372017974732    -0.104555772804815
21 17
    -0.063411041583095     0.000000000000000    -0.000000000000000
    -0.000000000000000    -0.063411041583095     0.000000000000000
     0.000000000000000     0.000000000000000    -0.067616379192259
21 18
    -0.002013487346630    -0.000000000000000    -0.000000000000000
    -0.000000000000000     0.192951181134049    -0.000000000000000
     0.000000000000000     0.000000000000000    -0.002013487346631
21 19
     0.192951181134049     0.000000000000000    -0.000000000000000
    -0.000000000000000    -0.002013487346630    -0.000000000000000
    -0.000000000000000     0.000000000000000    -0.002013487346631
21 20
    -0.008785683121459     0.000000000000000     0.000000000000000
    -0.000000000000000    -0.008785683121459    -0.000000000000000
     0.000000000000000     0.000000000000000    -0.008785683121460
21 21
    14.036572029044690    -0.000000000000000    -0.000000000000000
    -0.000000000000000    14.036572029044686     0.000000000000000
    -0.000000000000000     0.000000000000000    14.036572029044692
21 22
    -0.067616379192259     0.000000000000000    -0.000000000000000
    -0.000000000000000    -0.063411041583095    -0.000000000000000
     0.000000000000000     0.000000000000000    -0.063411041583095
21 23
    -0.063411041583095     0.000000000000000     0.000000000000000
    -0.000000000000000    -0.067616379192259    -0.000000000000000
     0.000000000000000     0.000000000000000    -0.063411041583095
21 24
    -0.002013487346630     0.000000000000000     0.000000000000000
    -0.000000000000000    -0.002013487346630    -0.000000000000000
    -0.000000000000000     0.000000000000000     0.192951181134049
21 25
    -3.322380731651720     2.515143668279051     2.515143668279051
     2.515143668279052    -3.322380731651718    -2.515143668279051
     2.515143668279053    -2.515143668279052    -3.322380731651720
21 26
     0.030353763622770     0.037259271994117     0.037259271994117
     0.037259271994117     0.060418029943321    -0.022368424833985
     0.037259271994117    -0.022368424833985     0.060418029943321
21 27
     0.060418029943321     0.037259271994117     0.022368424833985
     0.037259271994117     0.030353763622770    -0.037259271994117
     0.022368424833985    -0.037259271994117     0.060418029943321
21 28
    -0.025183232673953     0.029356550294324     0.040372017974732
     0.029356550294324    -0.025183232673953    -0.040372017974732
     0.040372017974732    -0.040372017974732    -0.104555772804815
21 29
     0.060418029943321     0.022368424833985     0.037259271994117
     0.022368424833985     0.060418029943321    -0.037259271994117
     0.037259271994117    -0.037259271994117     0.030353763622770
21 30
    -0.025183232673953     0.040372017974732     0.029356550294324
     0.040372017974732    -0.104555772804815    -0.040372017974732
     0.029356550294324    -0.040372017974732    -0.025183232673953
21 31
    -0.104555772804815     0.040372017974732     0.040372017974732
     0.040372017974732    -0.025183232673953    -0.029356550294324
     0.040372017974732    -0.029356550294324    -0.025183232673953
21 32
     0.005425711287899     0.007810478928150     0.007810478928150
     0.007810478928150     0.005425711287899    -0.007810478928150
     0.007810478928150    -0.007810478928150     0.005425711287899
21 33
    -0.026877338996201     0.040986281237565     0.010440718779137
     0.040986281237565    -0.026877338996201     0.010440718779137
    -0.010440718779137    -0.010440718779137     0.003309412613817
21 34
    -0.026877338996201    -0.040986281237565     0.010440718779137
    -0.040986281237565    -0.026877338996201    -0.010440718779137
    -0.010440718779137     0.010440718779137     0.003309412613817
21 35
    -0.026877338996201    -0.040986281237565    -0.010440718779137
    -0.040986281237565    -0.026877338996201     0.010440718779137
     0.010440718779137    -0.010440718779137     0.003309412613817
21 36
    -0.026877338996201     0.040986281237565    -0.010440718779137
     0.040986281237565    -0.026877338996201    -0.010440718779137
     0.010440718779137     0.010440718779137     0.003309412613817
21 37
    -0.230686433451410    -0.234968497534283     0.048642867113813
    -0.234968497534282    -0.230686433451410     0.048642867113813
    -0.048642867113813    -0.048642867113813     0.326937544787142
21 38
    -0.230686433451410     0.234968497534282     0.048642867113813
     0.234968497534282    -0.230686433451410    -0.048642867113813
    -0.048642867113813     0.048642867113813     0.326937544787142
21 39
    -0.230686433451410     0.234968497534283    -0.048642867113813
     0.234968497534282    -0.230686433451410     0.048642867113813
     0.048642867113813    -0.048642867113813     0.326937544787143
21 40
    -0.230686433451410    -0.234968497534282    -0.048642867113813
    -0.234968497534283    -0.230686433451410    -0.048642867113813
     0.048642867113813     0.048642867113813     0.326937544787143
21 41
    -3.322380731651720     2.515143668279051    -2.515143668279051
     2.515143668279052    -3.322380731651718     2.515143668279051
    -2.515143668279053     2.515143668279052    -3.322380731651720
21 42
     0.030353763622770     0.037259271994117    -0.037259271994117
     0.037259271994117     0.060418029943321     0.022368424833985
    -0.037259271994117     0.022368424833985     0.060418029943321
21 43
     0.060418029943321     0.037259271994117    -0.022368424833985
     0.037259271994117     0.030353763622770     0.037259271994117
    -0.022368424833985     0.037259271994117     0.060418029943321
21 44
    -0.025183232673953     0.029356550294324    -0.040372017974732
     0.029356550294324    -0.025183232673953     0.040372017974732
    -0.040372017974732     0.040372017974732    -0.104555772804815
21 45
     0.060418029943321     0.022368424833985    -0.037259271994117
     0.022368424833985     0.060418029943321     0.037259271994117
    -0.037259271994117     0.037259271994117     0.030353763622770
21 46
    -0.025183232673953     0.040372017974732    -0.029356550294324
     0.040372017974732    -0.104555772804815     0.040372017974732
    -0.029356550294324     0.040372017974732    -0.025183232673953
21 47
    -0.104555772804815     0.040372017974732    -0.040372017974732
     0.040372017974732    -0.025183232673953     0.029356550294324
    -0.040372017974732     0.029356550294324    -0.025183232673953
21 48
     0.005425711287899     0.007810478928150    -0.007810478928150
     0.007810478928150     0.005425711287899     0.007810478928150
    -0.007810478928150     0.007810478928150     0.005425711287899
21 49
    -0.230686433451410     0.048642867113813    -0.234968497534282
    -0.048642867113813     0.326937544787142    -0.048642867113813
    -0.234968497534282     0.048642867113813    -0.230686433451410
21 50
    -0.230686433451410     0.048642867113813     0.234968497534282
    -0.048642867113813     0.326937544787142     0.048642867113813
     0.234968497534283    -0.048642867113813    -0.230686433451410
21 51
    -0.026877338996201     0.010440718779137     0.040986281237565
    -0.010440718779137     0.003309412613817    -0.010440718779137
     0.040986281237565     0.010440718779137    -0.026877338996201
21 52
    -0.026877338996201     0.010440718779137    -0.040986281237565
    -0.010440718779137     0.003309412613817     0.010440718779137
    -0.040986281237565    -0.010440718779137    -0.026877338996201
21 53
    -0.230686433451410    -0.048642867113813     0.234968497534282
     0.048642867113813     0.326937544787142    -0.048642867113813
     0.234968497534282     0.048642867113813    -0.230686433451410
21 54
    -0.230686433451410    -0.048642867113813    -0.234968497534282
     0.048642867113813     0.326937544787142     0.048642867113813
    -0.234968497534283    -0.048642867113813    -0.230686433451410
21 55
    -0.026877338996201    -0.010440718779137    -0.040986281237565
     0.010440718779137     0.003309412613817    -0.010440718779137
    -0.040986281237565     0.010440718779137    -0.026877338996201
21 56
    -0.026877338996201    -0.010440718779137     0.040986281237565
     0.010440718779137     0.003309412613817     0.010440718779137
     0.040986281237565    -0.010440718779137    -0.026877338996201
21 57
     0.060418029943321    -0.022368424833985     0.037259271994117
    -0.022368424833985     0.060418029943321     0.037259271994117
     0.037259271994117     0.037259271994117     0.030353763622770
21 58
    -0.025183232673953    -0.040372017974732     0.029356550294324
    -0.040372017974732    -0.104555772804815     0.040372017974732
     0.029356550294324     0.040372017974732    -0.025183232673953
21 59
    -0.104555772804815    -0.040372017974732     0.040372017974732
    -0.040372017974732    -0.025183232673953     0.029356550294324
     0.040372017974732     0.029356550294324    -0.025183232673953
21 60
     0.005425711287899    -0.007810478928150     0.007810478928150
    -0.007810478928150     0.005425711287899     0.007810478928150
     0.007810478928150     0.007810478928150     0.005425711287899
21 61
    -3.322380731651718    -2.515143668279051     2.515143668279052
    -2.515143668279051    -3.322380731651718     2.515143668279052
     2.515143668279052     2.515143668279052    -3.322380731651720
21 62
     0.030353763622770    -0.037259271994117     0.037259271994117
    -0.037259271994117     0.060418029943321     0.022368424833985
     0.037259271994117     0.022368424833985     0.060418029943321
21 63
     0.060418029943321    -0.037259271994117     0.022368424833985
    -0.037259271994117     0.030353763622770     0.037259271994117
     0.022368424833985     0.037259271994117     0.060418029943321
21 64
    -0.025183232673953    -0.029356550294324     0.040372017974732
    -0.029356550294324    -0.025183232673953     0.040372017974732
     0.040372017974732     0.040372017974732    -0.104555772804815
22 1
     0.003309412613817    -0.010440718779137    -0.010440718779137
     0.010440718779137    -0.026877338996201     0.040986281237565
     0.010440718779137     0.040986281237565    -0.026877338996201
22 2
     0.326937544787143    -0.048642867113813    -0.048642867113813
     0.048642867113813    -0.230686433451410    -0.234968497534282
     0.048642867113813    -0.234968497534282    -0.230686433451410
22 3
     0.003309412613817    -0.010440718779137     0.010440718779137
     0.010440718779137    -0.026877338996201    -0.040986281237565
    -0.010440718779137    -0.040986281237565    -0.026877338996201
22 4
     0.326937544787143    -0.048642867113813     0.048642867113813
     0.048642867113813    -0.230686433451410     0.234968497534282
    -0.048642867113813     0.234968497534282    -0.230686433451410
22 5
     0.003309412613817     0.010440718779137    -0.010440718779137
    -0.010440718779137    -0.026877338996201    -0.040986281237565
     0.010440718779137    -0.040986281237565    -0.026877338996201
22 6
     0.326937544787143     0.048642867113813    -0.048642867113813
    -0.048642867113813    -0.230686433451410     0.234968497534282
     0.048642867113813     0.234968497534283    -0.230686433451410
22 7
     0.003309412613817     0.010440718779137     0.010440718779137
    -0.010440718779137    -0.026877338996201     0.040986281237565
    -0.010440718779137     0.040986281237565    -0.026877338996201
22 8
     0.326937544787143     0.048642867113813     0.048642867113813
    -0.048642867113813    -0.230686433451410    -0.234968497534282
    -0.048642867113813    -0.234968497534282    -0.230686433451410
22 9
    -0.025183232673953    -0.040372017974732    -0.029356550294324
    -0.040372017974732    -0.104555772804815    -0.040372017974732
    -0.029356550294324    -0.040372017974732    -0.025183232673953
22 10
     0.060418029943321    -0.022368424833985    -0.037259271994117
    -0.022368424833985     0.060418029943321    -0.037259271994117
    -0.037259271994117    -0.037259271994117     0.030353763622770
22 11
     0.005425711287898    -0.007810478928150    -0.007810478928150
    -0.007810478928150     0.005425711287899    -0.007810478928150
    -0.007810478928150    -0.007810478928150     0.005425711287899
22 12
    -0.104555772804815    -0.040372017974732    -0.040372017974732
    -0.040372017974732    -0.025183232673953    -0.029356550294324
    -0.040372017974732    -0.029356550294324    -0.025183232673953
22 13
     0.030353763622770    -0.037259271994117    -0.037259271994117
    -0.037259271994117     0.060418029943321    -0.022368424833985
    -0.037259271994117    -0.022368424833985     0.060418029943321
22 14
    -3.322380731651720    -2.515143668279052    -2.515143668279052
    -2.515143668279052    -3.322380731651718    -2.515143668279051
    -2.515143668279052    -2.515143668279051    -3.322380731651718
22 15
    -0.025183232673953    -0.029356550294324    -0.040372017974732
    -0.029356550294324    -0.025183232673953    -0.040372017974732
    -0.040372017974732    -0.040372017974732    -0.104555772804815
22 16
     0.060418029943321    -0.037259271994117    -0.022368424833985
    -0.037259271994117     0.030353763622770    -0.037259271994117
    -0.022368424833985    -0.037259271994117     0.060418029943321
22 17
    -0.002013487346630     0.000000000000000     0.000000000000000
     0.000000000000000     0.192951181134049     0.000000000000000
    -0.000000000000000    -0.000000000000000    -0.002013487346630
22 18
    -0.063411041583095    -0.000000000000000     0.000000000000000
     0.000000000000000    -0.063411041583095    -0.000000000000000
     0.000000000000000    -0.000000000000000    -0.067616379192259
22 19
    -0.008785683121459     0.000000000000000     0.000000000000000
     0.000000000000000    -0.008785683121459    -0.000000000000000
    -0.000000000000000    -0.000000000000000    -0.008785683121460
22 20
     0.192951181134049     0.000000000000000     0.000000000000000
     0.000000000000000    -0.002013487346630    -0.000000000000000
    -0.000000000000000     0.000000000000000    -0.002013487346630
22 21
    -0.067616379192259    -0.000000000000000     0.000000000000000
     0.000000000000000    -0.063411041583095     0.000000000000000
    -0.000000000000000    -0.000000000000000    -0.063411041583095
22 22
    14.036572029044695     0.000000000000000     0.000000000000000
     0.000000000000000    14.036572029044684    -0.000000000000000
     0.000000000000000    -0.000000000000000    14.036572029044686
22 23
    -0.002013487346630     0.000000000000000     0.000000000000000
     0.000000000000000    -0.002013487346630    -0.000000000000000
    -0.000000000000000     0.000000000000000     0.192951181134049
22 24
    -0.063411041583095     0.000000000000000     0.000000000000000
     0.000000000000000    -0.067616379192259    -0.000000000000000
    -0.000000000000000     0.000000000000000    -0.063411041583095
22 25
     0.030353763622770     0.037259271994117     0.037259271994117
     0.037259271994117     0.060418029943321    -0.022368424833985
     0.037259271994117    -0.022368424833985     0.060418029943321
22 26
    -3.322380731651720     2.515143668279052     2.515143668279052
     2.515143668279052    -3.322380731651718    -2.515143668279051
     2.515143668279052    -2.515143668279051    -3.322380731651718
22 27
    -0.025183232673953     0.029356550294324     0.040372017974732
     0.029356550294324    -0.025183232673953    -0.040372017974732
     0.040372017974732    -0.040372017974732    -0.104555772804815
22 28
     0.060418029943321     0.037259271994117     0.022368424833985
     0.037259271994117     0.030353763622770    -0.037259271994117
     0.022368424833985    -0.037259271994117     0.060418029943321
22 29
    -0.025183232673953     0.040372017974732     0.029356550294324
     0.040372017974732    -0.104555772804815    -0.040372017974732
     0.029356550294324    -0.040372017974732    -0.025183232673953
22 30
     0.060418029943321     0.022368424833985     0.037259271994117
     0.022368424833985     0.060418029943321    -0.037259271994117
     0.037259271994117    -0.037259271994117     0.030353763622770
22 31
     0.005425711287898     0.007810478928150     0.007810478928150
     0.007810478928150     0.005425711287899    -0.007810478928150
     0.007810478928150    -0.007810478928150     0.005425711287899
22 32
    -0.104555772804815     0.040372017974732     0.040372017974732
     0.040372017974732    -0.025183232673953    -0.029356550294324
     0.040372017974732    -0.029356550294324    -0.025183232673953
22 33
    -0.026877338996201    -0.040986281237565     0.010440718779137
    -0.040986281237565    -0.026877338996201    -0.010440718779137
    -0.010440718779137     0.010440718779137     0.003309412613817
22 34
    -0.026877338996201     0.040986281237565     0.010440718779137
     0.040986281237565    -0.026877338996201     0.010440718779137
    -0.010440718779137    -0.010440718779137     0.003309412613817
22 35
    -0.026877338996201     0.040986281237565    -0.010440718779137
     0.040986281237565    -0.026877338996201    -0.010440718779137
     0.010440718779137     0.010440718779137     0.003309412613817
22 36
    -0.026877338996201    -0.040986281237565    -0.010440718779137
    -0.040986281237565    -0.026877338996201     0.010440718779137
     0.010440718779137    -0.010440718779137     0.003309412613817
22 37
    -0.230686433451410     0.234968497534283     0.048642867113813
     0.234968497534282    -0.230686433451410    -0.048642867113813
    -0.048642867113813     0.048642867113813     0.326937544787142
22 38
    -0.230686433451410    -0.234968497534283     0.048642867113813
    -0.234968497534282    -0.230686433451410     0.048642867113813
    -0.048642867113813    -0.048642867113813     0.326937544787142
22 39
    -0.230686433451410    -0.234968497534283    -0.048642867113813
    -0.234968497534282    -0.230686433451410    -0.048642867113813
     0.048642867113813     0.048642867113813     0.326937544787142
22 40
    -0.230686433451410     0.234968497534283    -0.048642867113813
     0.234968497534283    -0.230686433451410     0.048642867113813
     0.048642867113813    -0.048642867113813     0.326937544787142
22 41
     0.030353763622770     0.037259271994117    -0.037259271994117
     0.037259271994117     0.060418029943321     0.022368424833985
    -0.037259271994117     0.022368424833985     0.060418029943321
22 42
    -3.322380731651720     2.515143668279052    -2.515143668279053
     2.515143668279051    -3.322380731651718     2.515143668279052
    -2.515143668279051     2.515143668279051    -3.322380731651720
22 43
    -0.025183232673953     0.029356550294324    -0.040372017974732
     0.029356550294324    -0.025183232673953     0.040372017974732
    -0.040372017974732     0.040372017974732    -0.104555772804815
22 44
     0.060418029943321     0.037259271994117    -0.022368424833985
     0.037259271994117     0.030353763622770     0.037259271994117
    -0.022368424833985     0.037259271994117     0.060418029943321
22 45
    -0.025183232673953     0.040372017974732    -0.029356550294324
     0.040372017974732    -0.104555772804815     0.040372017974732
    -0.029356550294324     0.040372017974732    -0.025183232673953
22 46
     0.060418029943321     0.022368424833985    -0.037259271994117
     0.022368424833985     0.060418029943321     0.037259271994117
    -0.037259271994117     0.037259271994117     0.030353763622770
22 47
     0.005425711287899     0.007810478928150    -0.007810478928150
     0.007810478928150     0.005425711287899     0.007810478928150
    -0.007810478928150     0.007810478928150     0.005425711287899
22 48
    -0.104555772804815     0.040372017974732    -0.040372017974732
     0.040372017974732    -0.025183232673953     0.029356550294324
    -0.040372017974732     0.029356550294324    -0.025183232673953
22 49
    -0.230686433451410     0.048642867113813     0.234968497534283
    -0.048642867113813     0.326937544787142     0.048642867113813
     0.234968497534282    -0.048642867113813    -0.230686433451410
22 50
    -0.230686433451410     0.048642867113813    -0.234968497534283
    -0.048642867113813     0.326937544787142    -0.048642867113813
    -0.234968497534282     0.048642867113813    -0.230686433451410
22 51
    -0.026877338996201     0.010440718779137    -0.040986281237565
    -0.010440718779137     0.003309412613817     0.010440718779137
    -0.040986281237565    -0.010440718779137    -0.026877338996201
22 52
    -0.026877338996201     0.010440718779137     0.040986281237565
    -0.010440718779137     0.003309412613817    -0.010440718779137
     0.040986281237565     0.010440718779137    -0.026877338996201
22 53
    -0.230686433451410    -0.048642867113813    -0.234968497534283
     0.048642867113813     0.326937544787142     0.048642867113813
    -0.234968497534282    -0.048642867113813    -0.230686433451410
22 54
    -0.230686433451410    -0.048642867113813     0.234968497534283
     0.048642867113813     0.326937544787142    -0.048642867113813
     0.234968497534283     0.048642867113813    -0.230686433451410
22 55
    -0.026877338996201    -0.010440718779137     0.040986281237565
     0.010440718779137     0.003309412613817     0.010440718779137
     0.040986281237565    -0.010440718779137    -0.026877338996201
22 56
    -0.026877338996201    -0.010440718779137    -0.040986281237565
     0.010440718779137     0.003309412613817    -0.010440718779137
    -0.040986281237565     0.010440718779137    -0.026877338996201
22 57
    -0.025183232673953    -0.040372017974732     0.029356550294324
    -0.040372017974732    -0.104555772804815     0.040372017974732
     0.029356550294324     0.040372017974732    -0.025183232673953
22 58
     0.060418029943321    -0.022368424833985     0.037259271994117
    -0.022368424833985     0.060418029943321     0.037259271994117
     0.037259271994117     0.037259271994117     0.030353763622770
22 59
     0.005425711287899    -0.007810478928150     0.007810478928150
    -0.007810478928150     0.005425711287899     0.007810478928150
     0.007810478928150     0.007810478928150     0.005425711287899
22 60
    -0.104555772804815    -0.040372017974732     0.040372017974732
    -0.040372017974732    -0.025183232673953     0.029356550294324
     0.040372017974732     0.029356550294324    -0.025183232673953
22 61
     0.030353763622770    -0.037259271994117     0.037259271994117
    -0.037259271994117     0.060418029943321     0.022368424833985
     0.037259271994117     0.022368424833985     0.060418029943321
22 62
    -3.322380731651720    -2.515143668279052     2.515143668279052
    -2.515143668279052    -3.322380731651718     2.515143668279051
     2.515143668279052     2.515143668279051    -3.322380731651718
22 63
    -0.025183232673953    -0.029356550294324     0.040372017974732
    -0.029356550294324    -0.025183232673953     0.040372017974732
     0.040372017974732     0.040372017974732    -0.104555772804815
22 64
     0.060418029943321    -0.037259271994117     0.022368424833985
    -0.037259271994117     0.030353763622770     0.037259271994117
     0.022368424833985     0.037259271994117     0.060418029943321
23 1
     0.326937544787143    -0.048642867113813     0.048642867113813
     0.048642867113813    -0.230686433451410     0.234968497534283
    -0.048642867113813     0.234968497534283    -0.230686433451410
23 2
     0.003309412613817    -0.010440718779137     0.010440718779137
     0.010440718779137    -0.026877338996201    -0.040986281237565
    -0.010440718779137    -0.040986281237565    -0.026877338996201
23 3
     0.326937544787142    -0.048642867113813    -0.048642867113813
     0.048642867113813    -0.230686433451410    -0.234968497534282
     0.048642867113813    -0.234968497534283    -0.230686433451410
23 4
     0.003309412613817    -0.010440718779137    -0.010440718779137
     0.010440718779137    -0.026877338996201     0.040986281237565
     0.010440718779137     0.040986281237565    -0.026877338996201
23 5
     0.326937544787142     0.048642867113813     0.048642867113813
    -0.048642867113813    -0.230686433451410    -0.234968497534283
    -0.048642867113813    -0.234968497534283    -0.230686433451410
23 6
     0.003309412613817     0.010440718779137     0.010440718779137
    -0.010440718779137    -0.026877338996201     0.040986281237565
    -0.010440718779137     0.040986281237565    -0.026877338996201
23 7
     0.326937544787142     0.048642867113813    -0.048642867113813
    -0.048642867113813    -0.230686433451410     0.234968497534282
     0.048642867113813     0.234968497534282    -0.230686433451410
23 8
     0.003309412613817     0.010440718779137    -0.010440718779137
    -0.010440718779137    -0.026877338996201    -0.040986281237565
     0.010440718779137    -0.040986281237565    -0.026877338996201
23 9
    -0.104555772804815    -0.040372017974732    -0.040372017974732
    -0.040372017974732    -0.025183232673953    -0.029356550294324
    -0.040372017974732    -0.029356550294324    -0.025183232673953
23 10
     0.005425711287899    -0.007810478928150    -0.007810478928150
    -0.007810478928150     0.005425711287899    -0.007810478928150
    -0.007810478928150    -0.007810478928150     0.005425711287899
23 11
     0.060418029943321    -0.022368424833985    -0.037259271994117
    -0.022368424833985     0.060418029943321    -0.037259271994117
    -0.037259271994117    -0.037259271994117     0.030353763622770
23 12
    -0.025183232673953    -0.040372017974732    -0.029356550294324
    -0.040372017974732    -0.104555772804815    -0.040372017974732
    -0.029356550294324    -0.040372017974732    -0.025183232673953
23 13
     0.060418029943321    -0.037259271994117    -0.022368424833985
    -0.037259271994117     0.030353763622770    -0.037259271994117
    -0.022368424833985    -0.037259271994117     0.060418029943321
23 14
    -0.025183232673953    -0.029356550294324    -0.040372017974732
    -0.029356550294324    -0.025183232673953    -0.040372017974732
    -0.040372017974732    -0.040372017974732    -0.104555772804815
23 15
    -3.322380731651720    -2.515143668279051    -2.515143668279051
    -2.515143668279053    -3.322380731651720    -2.515143668279052
    -2.515143668279052    -2.515143668279051    -3.322380731651718
23 16
     0.030353763622770    -0.037259271994117    -0.037259271994117
    -0.037259271994117     0.060418029943321    -0.022368424833985
    -0.037259271994117    -0.022368424833985     0.060418029943321
23 17
     0.192951181134049     0.000000000000000    -0.000000000000000
    -0.000000000000000    -0.002013487346630     0.000000000000000
     0.000000000000000    -0.000000000000000    -0.002013487346630
23 18
    -0.008785683121459    -0.000000000000000    -0.000000000000000
    -0.000000000000000    -0.008785683121459    -0.000000000000000
     0.000000000000000    -0.000000000000000    -0.008785683121459
23 19
    -0.063411041583095    -0.000000000000000     0.000000000000000
    -0.000000000000000    -0.063411041583095    -0.000000000000000
     0.000000000000000    -0.000000000000000    -0.067616379192259
23 20
    -0.002013487346630    -0.000000000000000     0.000000000000000
    -0.000000000000000     0.192951181134049     0.000000000000000
     0.000000000000000     0.000000000000000    -0.002013487346630
23 21
    -0.063411041583095    -0.000000000000000     0.000000000000000
     0.000000000000000    -0.067616379192259     0.000000000000000
     0.000000000000000    -0.000000000000000    -0.063411041583095
23 22
    -0.002013487346630     0.000000000000000    -0.000000000000000
     0.000000000000000    -0.002013487346630     0.000000000000000
     0.000000000000000    -0.000000000000000     0.192951181134049
23 23
    14.036572029044688    -0.000000000000000     0.000000000000000
    -0.000000000000000    14.036572029044695     0.000000000000000
     0.000000000000000     0.000000000000000    14.036572029044684
23 24
    -0.067616379192259    -0.000000000000000     0.000000000000000
    -0.000000000000000    -0.063411041583095     0.000000000000000
     0.000000000000000     0.000000000000000    -0.063411041583095
23 25
     0.060418029943321     0.037259271994117     0.022368424833985
     0.037259271994117     0.030353763622770    -0.037259271994117
     0.022368424833985    -0.037259271994117     0.060418029943321
23 26
    -0.025183232673953     0.029356550294324     0.040372017974732
     0.029356550294324    -0.025183232673953    -0.040372017974732
     0.040372017974732    -0.040372017974732    -0.104555772804815
23 27
    -3.322380731651718     2.515143668279052     2.515143668279051
     2.515143668279052    -3.322380731651720    -2.515143668279052
     2.515143668279051    -2.515143668279052    -3.322380731651718
23 28
     0.030353763622770     0.037259271994117     0.037259271994117
     0.037259271994117     0.060418029943321    -0.022368424833985
     0.037259271994117    -0.022368424833985     0.060418029943321
23 29
    -0.104555772804815     0.040372017974732     0.040372017974732
     0.040372017974732    -0.025183232673953    -0.029356550294324
     0.040372017974732    -0.029356550294324    -0.025183232673953
23 30
     0.005425711287899     0.007810478928150     0.007810478928150
     0.007810478928150     0.005425711287899    -0.007810478928150
     0.007810478928150    -0.007810478928150     0.005425711287899
23 31
     0.060418029943321     0.022368424833985     0.037259271994117
     0.022368424833985     0.060418029943321    -0.037259271994117
     0.037259271994117    -0.037259271994117     0.030353763622770
23 32
    -0.025183232673953     0.040372017974732     0.029356550294324
     0.040372017974732    -0.104555772804815    -0.040372017974732
     0.029356550294324    -0.040372017974732    -0.025183232673953
23 33
    -0.026877338996201    -0.040986281237565    -0.010440718779137
    -0.040986281237565    -0.026877338996201     0.010440718779137
     0.010440718779137    -0.010440718779137     0.003309412613817
23 34
    -0.026877338996201     0.040986281237565    -0.010440718779137
     0.040986281237565    -0.026877338996201    -0.010440718779137
     0.010440718779137     0.010440718779137     0.003309412613817
23 35
    -0.026877338996201     0.040986281237565     0.010440718779137
     0.040986281237565    -0.026877338996201     0.010440718779137
    -0.010440718779137    -0.010440718779137     0.003309412613817
23 36
    -0.026877338996201    -0.040986281237565     0.010440718779137
    -0.040986281237565    -0.026877338996201    -0.010440718779137
    -0.010440718779137     0.010440718779137     0.003309412613817
23 37
    -0.230686433451410     0.234968497534282    -0.048642867113813
     0.234968497534283    -0.230686433451410     0.048642867113813
     0.048642867113813    -0.048642867113813     0.326937544787142
23 38
    -0.230686433451410    -0.234968497534282    -0.048642867113813
    -0.234968497534283    -0.230686433451410    -0.048642867113813
     0.048642867113813     0.048642867113813     0.326937544787142
23 39
    -0.230686433451410    -0.234968497534283     0.048642867113813
    -0.234968497534282    -0.230686433451410     0.048642867113813
    -0.048642867113813    -0.048642867113813     0.326937544787142
23 40
    -0.230686433451410     0.234968497534282     0.048642867113813
     0.234968497534283    -0.230686433451410    -0.048642867113813
    -0.048642867113813     0.048642867113813     0.326937544787142
23 41
     0.060418029943321     0.037259271994117    -0.022368424833985
     0.037259271994117     0.030353763622770     0.037259271994117
    -0.022368424833985     0.037259271994117     0.060418029943321
23 42
    -0.025183232673953     0.029356550294324    -0.040372017974732
     0.029356550294324    -0.025183232673953     0.040372017974732
    -0.040372017974732     0.040372017974732    -0.104555772804815
23 43
    -3.322380731651720     2.515143668279051    -2.515143668279051
     2.515143668279053    -3.322380731651720     2.515143668279052
    -2.515143668279052     2.515143668279051    -3.322380731651718
23 44
     0.030353763622770     0.037259271994117    -0.037259271994117
     0.037259271994117     0.060418029943321     0.022368424833985
    -0.037259271994117     0.022368424833985     0.060418029943321
23 45
    -0.104555772804815     0.040372017974732    -0.040372017974732
     0.040372017974732    -0.025183232673953     0.029356550294324
    -0.040372017974732     0.029356550294324    -0.025183232673953
23 46
     0.005425711287899     0.007810478928150    -0.007810478928150
     0.007810478928150     0.005425711287899     0.007810478928150
    -0.007810478928150     0.007810478928150     0.005425711287899
23 47
     0.060418029943321     0.022368424833985    -0.037259271994117
     0.022368424833985     0.060418029943321     0.037259271994117
    -0.037259271994117     0.037259271994117     0.030353763622770
23 48
    -0.025183232673953     0.040372017974732    -0.029356550294324
     0.040372017974732    -0.104555772804815     0.040372017974732
    -0.029356550294324     0.040372017974732    -0.025183232673953
23 49
    -0.026877338996201     0.010440718779137     0.040986281237565
    -0.010440718779137     0.003309412613817    -0.010440718779137
     0.040986281237565     0.010440718779137    -0.026877338996201
23 50
    -0.026877338996201     0.010440718779137    -0.040986281237565
    -0.010440718779137     0.003309412613817     0.010440718779137
    -0.040986281237565    -0.010440718779137    -0.026877338996201
23 51
    -0.230686433451410     0.048642867113813    -0.234968497534282
    -0.048642867113813     0.326937544787143    -0.048642867113813
    -0.234968497534282     0.048642867113813    -0.230686433451410
23 52
    -0.230686433451410     0.048642867113813     0.234968497534282
    -0.048642867113813     0.326937544787143     0.048642867113813
     0.234968497534283    -0.048642867113813    -0.230686433451410
23 53
    -0.026877338996201    -0.010440718779137    -0.040986281237565
     0.010440718779137     0.003309412613817    -0.010440718779137
    -0.040986281237565     0.010440718779137    -0.026877338996201
23 54
    -0.026877338996201    -0.010440718779137     0.040986281237565
     0.010440718779137     0.003309412613817     0.010440718779137
     0.040986281237565    -0.010440718779137    -0.026877338996201
23 55
    -0.230686433451410    -0.048642867113813     0.234968497534283
     0.048642867113813     0.326937544787143    -0.048642867113813
     0.234968497534282     0.048642867113813    -0.230686433451410
23 56
    -0.230686433451410    -0.048642867113813    -0.234968497534282
     0.048642867113813     0.326937544787143     0.048642867113813
    -0.234968497534282    -0.048642867113813    -0.230686433451410
23 57
    -0.104555772804815    -0.040372017974732     0.040372017974732
    -0.040372017974732    -0.025183232673953     0.029356550294324
     0.040372017974732     0.029356550294324    -0.025183232673953
23 58
     0.005425711287899    -0.007810478928150     0.007810478928150
    -0.007810478928150     0.005425711287899     0.007810478928150
     0.007810478928150     0.007810478928150     0.005425711287899
23 59
     0.060418029943321    -0.022368424833985     0.037259271994117
    -0.022368424833985     0.060418029943321     0.037259271994117
     0.037259271994117     0.037259271994117     0.030353763622770
23 60
    -0.025183232673953    -0.040372017974732     0.029356550294324
    -0.040372017974732    -0.104555772804815     0.040372017974732
     0.029356550294324     0.040372017974732    -0.025183232673953
23 61
     0.060418029943321    -0.037259271994117     0.022368424833985
    -0.037259271994117     0.030353763622770     0.037259271994117
     0.022368424833985     0.037259271994117     0.060418029943321
23 62
    -0.025183232673953    -0.029356550294324     0.040372017974732
    -0.029356550294324    -0.025183232673953     0.040372017974732
     0.040372017974732     0.040372017974732    -0.104555772804815
23 63
    -3.322380731651718    -2.515143668279052     2.515143668279051
    -2.515143668279052    -3.322380731651720     2.515143668279052
     2.515143668279051     2.515143668279052    -3.322380731651718
23 64
     0.030353763622770    -0.037259271994117     0.037259271994117
    -0.037259271994117     0.060418029943321     0.022368424833985
     0.037259271994117     0.022368424833985     0.060418029943321
24 1
     0.003309412613817    -0.010440718779137     0.010440718779137
     0.010440718779137    -0.026877338996201    -0.040986281237565
    -0.010440718779137    -0.040986281237565    -0.026877338996201
24 2
     0.326937544787143    -0.048642867113813     0.048642867113813
     0.048642867113813    -0.230686433451410     0.234968497534282
    -0.048642867113813     0.234968497534283    -0.230686433451410
24 3
     0.003309412613817    -0.010440718779137    -0.010440718779137
     0.010440718779137    -0.026877338996201     0.040986281237565
     0.010440718779137     0.040986281237565    -0.026877338996201
24 4
     0.326937544787142    -0.048642867113813    -0.048642867113813
     0.048642867113813    -0.230686433451410    -0.234968497534282
     0.048642867113813    -0.234968497534282    -0.230686433451410
24 5
     0.003309412613817     0.010440718779137     0.010440718779137
    -0.010440718779137    -0.026877338996201     0.040986281237565
    -0.010440718779137     0.040986281237565    -0.026877338996201
24 6
     0.326937544787143     0.048642867113813     0.048642867113813
    -0.048642867113813    -0.230686433451410    -0.234968497534282
    -0.048642867113813    -0.234968497534283    -0.230686433451410
24 7
     0.003309412613817     0.010440718779137    -0.010440718779137
    -0.010440718779137    -0.026877338996201    -0.040986281237565
     0.010440718779137    -0.040986281237565    -0.026877338996201
24 8
     0.326937544787142     0.048642867113813    -0.048642867113813
    -0.048642867113813    -0.230686433451410     0.234968497534282
     0.048642867113813     0.234968497534282    -0.230686433451410
24 9
     0.005425711287899    -0.007810478928150    -0.007810478928150
    -0.007810478928150     0.005425711287899    -0.007810478928150
    -0.007810478928150    -0.007810478928150     0.005425711287899
24 10
    -0.104555772804815    -0.040372017974732    -0.040372017974732
    -0.040372017974732    -0.025183232673953    -0.029356550294324
    -0.040372017974732    -0.029356550294324    -0.025183232673953
24 11
    -0.025183232673953    -0.040372017974732    -0.029356550294324
    -0.040372017974732    -0.104555772804815    -0.040372017974732
    -0.029356550294324    -0.040372017974732    -0.025183232673953
24 12
     0.060418029943321    -0.022368424833985    -0.037259271994117
    -0.022368424833985     0.060418029943321    -0.037259271994117
    -0.037259271994117    -0.037259271994117     0.030353763622770
24 13
    -0.025183232673953    -0.029356550294324    -0.040372017974732
    -0.029356550294324    -0.025183232673953    -0.040372017974732
    -0.040372017974732    -0.040372017974732    -0.104555772804815
24 14
     0.060418029943321    -0.037259271994117    -0.022368424833985
    -0.037259271994117     0.030353763622770    -0.037259271994117
    -0.022368424833985    -0.037259271994117     0.060418029943321
24 15
     0.030353763622770    -0.037259271994117    -0.037259271994117
    -0.037259271994117     0.060418029943321    -0.022368424833985
    -0.037259271994117    -0.022368424833985     0.060418029943321
24 16
    -3.322380731651720    -2.515143668279051    -2.515143668279051
    -2.515143668279052    -3.322380731651718    -2.515143668279051
    -2.515143668279053    -2.515143668279052    -3.322380731651720
24 17
    -0.008785683121459     0.000000000000000    -0.000000000000000
    -0.000000000000000    -0.008785683121459     0.000000000000000
     0.000000000000000     0.000000000000000    -0.008785683121460
24 18
     0.192951181134049    -0.000000000000000    -0.000000000000000
    -0.000000000000000    -0.002013487346630    -0.000000000000000
     0.000000000000000    -0.000000000000000    -0.002013487346631
24 19
    -0.002013487346630    -0.000000000000000    -0.000000000000000
    -0.000000000000000     0.192951181134049    -0.000000000000000
     0.000000000000000    -0.000000000000000    -0.002013487346631
24 20
    -0.063411041583095     0.000000000000000    -0.000000000000000
    -0.000000000000000    -0.063411041583095     0.000000000000000
     0.000000000000000     0.000000000000000    -0.067616379192259
24 21
    -0.002013487346630    -0.000000000000000    -0.000000000000000
     0.000000000000000    -0.002013487346630     0.000000000000000
     0.000000000000000    -0.000000000000000     0.192951181134049
24 22
    -0.063411041583095     0.000000000000000    -0.000000000000000
     0.000000000000000    -0.067616379192259     0.000000000000000
     0.000000000000000    -0.000000000000000    -0.063411041583095
24 23
    -0.067616379192259    -0.000000000000000     0.000000000000000
    -0.000000000000000    -0.063411041583095     0.000000000000000
     0.000000000000000     0.000000000000000    -0.063411041583095
24 24
    14.036572029044688    -0.000000000000000    -0.000000000000000
    -0.000000000000000    14.036572029044684    -0.000000000000000
    -0.000000000000000    -0.000000000000000    14.036572029044692
24 25
    -0.025183232673953     0.029356550294324     0.040372017974732
     0.029356550294324    -0.025183232673953    -0.040372017974732
     0.040372017974732    -0.040372017974732    -0.104555772804815
24 26
     0.060418029943321     0.037259271994117     0.022368424833985
     0.037259271994117     0.030353763622770    -0.037259271994117
     0.022368424833985    -0.037259271994117     0.060418029943321
24 27
     0.030353763622770     0.037259271994117     0.037259271994117
     0.037259271994117     0.060418029943321    -0.022368424833985
     0.037259271994117    -0.022368424833985     0.060418029943321
24 28
    -3.322380731651718     2.515143668279051     2.515143668279052
     2.515143668279051    -3.322380731651718    -2.515143668279052
     2.515143668279052    -2.515143668279052    -3.322380731651720
24 29
     0.005425711287899     0.007810478928150     0.007810478928150
     0.007810478928150     0.005425711287899    -0.007810478928150
     0.007810478928150    -0.007810478928150     0.005425711287899
24 30
    -0.104555772804815     0.040372017974732     0.040372017974732
     0.040372017974732    -0.025183232673953    -0.029356550294324
     0.040372017974732    -0.029356550294324    -0.025183232673953
24 31
    -0.025183232673953     0.040372017974732     0.029356550294324
     0.040372017974732    -0.104555772804815    -0.040372017974732
     0.029356550294324    -0.040372017974732    -0.025183232673953
24 32
     0.060418029943321     0.022368424833985     0.037259271994117
     0.022368424833985     0.060418029943321    -0.037259271994117
     0.037259271994117    -0.037259271994117     0.030353763622770
24 33
    -0.026877338996201     0.040986281237565    -0.010440718779137
     0.040986281237565    -0.026877338996201    -0.010440718779137
     0.010440718779137     0.010440718779137     0.003309412613817
24 34
    -0.026877338996201    -0.040986281237565    -0.010440718779137
    -0.040986281237565    -0.026877338996201     0.010440718779137
     0.010440718779137    -0.010440718779137     0.003309412613817
24 35
    -0.026877338996201    -0.040986281237565     0.010440718779137
    -0.040986281237565    -0.026877338996201    -0.010440718779137
    -0.010440718779137     0.010440718779137     0.003309412613817
24 36
    -0.026877338996201     0.040986281237565     0.010440718779137
     0.040986281237565    -0.026877338996201     0.010440718779137
    -0.010440718779137    -0.010440718779137     0.003309412613817
24 37
    -0.230686433451410    -0.234968497534283    -0.048642867113813
    -0.234968497534282    -0.230686433451410    -0.048642867113813
     0.048642867113813     0.048642867113813     0.326937544787143
24 38
    -0.230686433451410     0.234968497534282    -0.048642867113813
     0.234968497534283    -0.230686433451410     0.048642867113813
     0.048642867113813    -0.048642867113813     0.326937544787143
24 39
    -0.230686433451410     0.234968497534283     0.048642867113813
     0.234968497534282    -0.230686433451410    -0.048642867113813
    -0.048642867113813     0.048642867113813     0.326937544787143
24 40
    -0.230686433451410    -0.234968497534282     0.048642867113813
    -0.234968497534283    -0.230686433451410     0.048642867113813
    -0.048642867113813    -0.048642867113813     0.326937544787143
24 41
    -0.025183232673953     0.029356550294324    -0.040372017974732
     0.029356550294324    -0.025183232673953     0.040372017974732
    -0.040372017974732     0.040372017974732    -0.104555772804815
24 42
     0.060418029943321     0.037259271994117    -0.022368424833985
     0.037259271994117     0.030353763622770     0.037259271994117
    -0.022368424833985     0.037259271994117     0.060418029943321
24 43
     0.030353763622770     0.037259271994117    -0.037259271994117
     0.037259271994117     0.060418029943321     0.022368424833985
    -0.037259271994117     0.022368424833985     0.060418029943321
24 44
    -3.322380731651720     2.515143668279051    -2.515143668279051
     2.515143668279052    -3.322380731651718     2.515143668279051
    -2.515143668279053     2.515143668279052    -3.322380731651720
24 45
     0.005425711287899     0.007810478928150    -0.007810478928150
     0.007810478928150     0.005425711287899     0.007810478928150
    -0.007810478928150     0.007810478928150     0.005425711287899
24 46
    -0.104555772804815     0.040372017974732    -0.040372017974732
     0.040372017974732    -0.025183232673953     0.029356550294324
    -0.040372017974732     0.029356550294324    -0.025183232673953
24 47
    -0.025183232673953     0.040372017974732    -0.029356550294324
     0.040372017974732    -0.104555772804815     0.040372017974732
    -0.029356550294324     0.040372017974732    -0.025183232673953
24 48
     0.060418029943321     0.022368424833985    -0.037259271994117
     0.022368424833985     0.060418029943321     0.037259271994117
    -0.037259271994117     0.037259271994117     0.030353763622770
24 49
    -0.026877338996201     0.010440718779137    -0.040986281237565
    -0.010440718779137     0.003309412613817     0.010440718779137
    -0.040986281237565    -0.010440718779137    -0.026877338996201
24 50
    -0.026877338996201     0.010440718779137     0.040986281237565
    -0.010440718779137     0.003309412613817    -0.010440718779137
     0.040986281237565     0.010440718779137    -0.026877338996201
24 51
    -0.230686433451410     0.048642867113813     0.234968497534282
    -0.048642867113813     0.326937544787142     0.048642867113813
     0.234968497534283    -0.048642867113813    -0.230686433451410
24 52
    -0.230686433451410     0.048642867113813    -0.234968497534282
    -0.048642867113813     0.326937544787142    -0.048642867113813
    -0.234968497534283     0.048642867113813    -0.230686433451410
24 53
    -0.026877338996201    -0.010440718779137     0.040986281237565
     0.010440718779137     0.003309412613817     0.010440718779137
     0.040986281237565    -0.010440718779137    -0.026877338996201
24 54
    -0.026877338996201    -0.010440718779137    -0.040986281237565
     0.010440718779137     0.003309412613817    -0.010440718779137
    -0.040986281237565     0.010440718779137    -0.026877338996201
24 55
    -0.230686433451410    -0.048642867113813    -0.234968497534283
     0.048642867113813     0.326937544787142     0.048642867113813
    -0.234968497534282    -0.048642867113813    -0.230686433451410
24 56
    -0.230686433451410    -0.048642867113813     0.234968497534282
     0.048642867113813     0.326937544787142    -0.048642867113813
     0.234968497534283     0.048642867113813    -0.230686433451410
24 57
     0.005425711287899    -0.007810478928150     0.007810478928150
    -0.007810478928150     0.005425711287899     0.007810478928150
     0.007810478928150     0.007810478928150     0.005425711287899
24 58
    -0.104555772804815    -0.040372017974732     0.040372017974732
    -0.040372017974732    -0.025183232673953     0.029356550294324
     0.040372017974732     0.029356550294324    -0.025183232673953
24 59
    -0.025183232673953    -0.040372017974732     0.029356550294324
    -0.040372017974732    -0.104555772804815     0.040372017974732
     0.029356550294324     0.040372017974732    -0.025183232673953
24 60
     0.060418029943321    -0.022368424833985     0.037259271994117
    -0.022368424833985     0.060418029943321     0.037259271994117
     0.037259271994117     0.037259271994117     0.030353763622770
24 61
    -0.025183232673953    -0.029356550294324     0.040372017974732
    -0.029356550294324    -0.025183232673953     0.040372017974732
     0.040372017974732     0.040372017974732    -0.104555772804815
24 62
     0.060418029943321    -0.037259271994117     0.022368424833985
    -0.037259271994117     0.030353763622770     0.037259271994117
     0.022368424833985     0.037259271994117     0.060418029943321
24 63
     0.030353763622770    -0.037259271994117     0.037259271994117
    -0.037259271994117     0.060418029943321     0.022368424833985
     0.037259271994117     0.022368424833985     0.060418029943321
24 64
    -3.322380731651718    -2.515143668279051     2.515143668279052
    -2.515143668279051    -3.322380731651718     2.515143668279052
     2.515143668279052     2.515143668279052    -3.322380731651720
25 1
    -3.322380731651720    -2.515143668279053    -2.515143668279052
    -2.515143668279051    -3.322380731651720    -2.515143668279051
    -2.515143668279051    -2.515143668279052    -3.322380731651718
25 2
     0.030353763622770    -0.037259271994117    -0.037259271994117
    -0.037259271994117     0.060418029943321    -0.022368424833985
    -0.037259271994117    -0.022368424833985     0.060418029943321
25 3
     0.060418029943321    -0.037259271994117    -0.022368424833985
    -0.037259271994117     0.030353763622770    -0.037259271994117
    -0.022368424833985    -0.037259271994117     0.060418029943321
25 4
    -0.025183232673953    -0.029356550294324    -0.040372017974732
    -0.029356550294324    -0.025183232673953    -0.040372017974732
    -0.040372017974732    -0.040372017974732    -0.104555772804815
25 5
     0.060418029943321    -0.022368424833985    -0.037259271994117
    -0.022368424833985     0.060418029943321    -0.037259271994117
    -0.037259271994117    -0.037259271994117     0.030353763622770
25 6
    -0.025183232673953    -0.040372017974732    -0.029356550294324
    -0.040372017974732    -0.104555772804815    -0.040372017974732
    -0.029356550294324    -0.040372017974732    -0.025183232673953
25 7
    -0.104555772804815    -0.040372017974732    -0.040372017974732
    -0.040372017974732    -0.025183232673953    -0.029356550294324
    -0.040372017974732    -0.029356550294324    -0.025183232673953
25 8
     0.005425711287898    -0.007810478928150    -0.007810478928150
    -0.007810478928150     0.005425711287899    -0.007810478928150
    -0.007810478928150    -0.007810478928150     0.005425711287899
25 9
     0.326937544787142     0.048642867113813    -0.048642867113813
    -0.048642867113813    -0.230686433451410     0.234968497534282
     0.048642867113813     0.234968497534283    -0.230686433451410
25 10
     0.003309412613817     0.010440718779137    -0.010440718779137
    -0.010440718779137    -0.026877338996201    -0.040986281237565
     0.010440718779137    -0.040986281237565    -0.026877338996201
25 11
     0.326937544787143     0.048642867113813     0.048642867113813
    -0.048642867113813    -0.230686433451410    -0.234968497534282
    -0.048642867113813    -0.234968497534282    -0.230686433451410
25 12
     0.003309412613817     0.010440718779137     0.010440718779137
    -0.010440718779137    -0.026877338996201     0.040986281237565
    -0.010440718779137     0.040986281237565    -0.026877338996201
25 13
     0.326937544787143    -0.048642867113813    -0.048642867113813
     0.048642867113813    -0.230686433451410    -0.234968497534282
     0.048642867113813    -0.234968497534282    -0.230686433451410
25 14
     0.003309412613817    -0.010440718779137    -0.010440718779137
     0.010440718779137    -0.026877338996201     0.040986281237565
     0.010440718779137     0.040986281237565    -0.026877338996201
25 15
     0.326937544787143    -0.048642867113813     0.048642867113813
     0.048642867113813    -0.230686433451410     0.234968497534282
    -0.048642867113813     0.234968497534282    -0.230686433451410
25 16
     0.003309412613817    -0.010440718779137     0.010440718779137
     0.010440718779137    -0.026877338996201    -0.040986281237565
    -0.010440718779137    -0.040986281237565    -0.026877338996201
25 17
     0.060418029943321     0.022368424833985     0.037259271994117
     0.022368424833985     0.060418029943321    -0.037259271994117
     0.037259271994117    -0.037259271994117     0.030353763622770
25 18
    -0.025183232673953     0.040372017974732     0.029356550294324
     0.040372017974732    -0.104555772804815    -0.040372017974732
     0.029356550294324    -0.040372017974732    -0.025183232673953
25 19
    -0.104555772804815     0.040372017974732     0.040372017974732
     0.040372017974732    -0.025183232673953    -0.029356550294324
     0.040372017974732    -0.029356550294324    -0.025183232673953
25 20
     0.005425711287899     0.007810478928150     0.007810478928150
     0.007810478928150     0.005425711287899    -0.007810478928150
     0.007810478928150    -0.007810478928150     0.005425711287899
25 21
    -3.322380731651720     2.515143668279052     2.515143668279053
     2.515143668279051    -3.322380731651718    -2.515143668279052
     2.515143668279051    -2.515143668279051    -3.322380731651720
25 22
     0.030353763622770     0.037259271994117     0.037259271994117
     0.037259271994117     0.060418029943321    -0.022368424833985
     0.037259271994117    -0.022368424833985     0.060418029943321
25 23
     0.060418029943321     0.037259271994117     0.022368424833985
     0.037259271994117     0.030353763622770    -0.037259271994117
     0.022368424833985    -0.037259271994117     0.060418029943321
25 24
    -0.025183232673953     0.029356550294324     0.040372017974732
     0.029356550294324    -0.025183232673953    -0.040372017974732
     0.040372017974732    -0.040372017974732    -0.104555772804815
25 25
    14.036572029044692    -0.000000000000000    -0.000000000000000
    -0.000000000000000    14.036572029044686     0.000000000000000
    -0.000000000000000     0.000000000000000    14.036572029044688
25 26
    -0.067616379192259     0.000000000000000    -0.000000000000000
    -0.000000000000000    -0.063411041583095    -0.000000000000000
     0.000000000000000     0.000000000000000    -0.063411041583095
25 27
    -0.063411041583095     0.000000000000000    -0.000000000000000
    -0.000000000000000    -0.067616379192259     0.000000000000000
     0.000000000000000     0.000000000000000    -0.063411041583095
25 28
    -0.002013487346630     0.000000000000000    -0.000000000000000
    -0.000000000000000    -0.002013487346630    -0.000000000000000
     0.000000000000000     0.000000000000000     0.192951181134049
25 29
    -0.063411041583095     0.000000000000000    -0.000000000000000
    -0.000000000000000    -0.063411041583095     0.000000000000000
     0.000000000000000     0.000000000000000    -0.067616379192259
25 30
    -0.002013487346631     0.000000000000000    -0.000000000000000
     0.000000000000000     0.192951181134049     0.000000000000000
    -0.000000000000000     0.000000000000000    -0.002013487346630
25 31
     0.192951181134049     0.000000000000000    -0.000000000000000
     0.000000000000000    -0.002013487346630     0.000000000000000
    -0.000000000000000     0.000000000000000    -0.002013487346630
25 32
    -0.008785683121459     0.000000000000000    -0.000000000000000
    -0.000000000000000    -0.008785683121459     0.000000000000000
     0.000000000000000    -0.000000000000000    -0.008785683121459
25 33
    -0.025183232673953     0.040372017974732    -0.029356550294324
     0.040372017974732    -0.104555772804815     0.040372017974732
    -0.029356550294324     0.040372017974732    -0.025183232673953
25 34
     0.060418029943321     0.022368424833985    -0.037259271994117
     0.022368424833985     0.060418029943321     0.037259271994117
    -0.037259271994117     0.037259271994117     0.030353763622770
25 35
     0.005425711287899     0.007810478928150    -0.007810478928150
     0.007810478928150     0.005425711287899     0.007810478928150
    -0.007810478928150     0.007810478928150     0.005425711287899
25 36
    -0.104555772804815     0.040372017974732    -0.040372017974732
     0.040372017974732    -0.025183232673953     0.029356550294324
    -0.040372017974732     0.029356550294324    -0.025183232673953
25 37
     0.030353763622770     0.037259271994117    -0.037259271994117
     0.037259271994117     0.060418029943321     0.022368424833985
    -0.037259271994117     0.022368424833985     0.060418029943321
25 38
    -3.322380731651720     2.515143668279052    -2.515143668279052
     2.515143668279052    -3.322380731651718     2.515143668279051
    -2.515143668279052     2.515143668279051    -3.322380731651718
25 39
    -0.025183232673953     0.029356550294324    -0.040372017974733
     0.029356550294324    -0.025183232673953     0.040372017974732
    -0.040372017974732     0.040372017974732    -0.104555772804815
25 40
     0.060418029943321     0.037259271994117    -0.022368424833985
     0.037259271994117     0.030353763622770     0.037259271994117
    -0.022368424833985     0.037259271994117     0.060418029943321
25 41
    -0.230686433451410     0.234968497534283     0.048642867113813
     0.234968497534283    -0.230686433451410    -0.048642867113813
    -0.048642867113813     0.048642867113813     0.326937544787142
25 42
    -0.230686433451410    -0.234968497534283     0.048642867113813
    -0.234968497534282    -0.230686433451410     0.048642867113813
    -0.048642867113813    -0.048642867113813     0.326937544787143
25 43
    -0.230686433451410    -0.234968497534282    -0.048642867113813
    -0.234968497534283    -0.230686433451410    -0.048642867113813
     0.048642867113813     0.048642867113813     0.326937544787142
25 44
    -0.230686433451410     0.234968497534283    -0.048642867113813
     0.234968497534282    -0.230686433451410     0.048642867113813
     0.048642867113813    -0.048642867113813     0.326937544787142
25 45
    -0.026877338996201    -0.040986281237565     0.010440718779137
    -0.040986281237565    -0.026877338996201    -0.010440718779137
    -0.010440718779137     0.010440718779137     0.003309412613817
25 46
    -0.026877338996201     0.040986281237565     0.010440718779137
     0.040986281237565    -0.026877338996201     0.010440718779137
    -0.010440718779137    -0.010440718779137     0.003309412613817
25 47
    -0.026877338996201     0.040986281237565    -0.010440718779137
     0.040986281237565    -0.026877338996201    -0.010440718779137
     0.010440718779137     0.010440718779137     0.003309412613817
25 48
    -0.026877338996201    -0.040986281237565    -0.010440718779137
    -0.040986281237565    -0.026877338996201     0.010440718779137
     0.010440718779137    -0.010440718779137     0.003309412613817
25 49
     0.030353763622770    -0.037259271994117     0.037259271994117
    -0.037259271994117     0.060418029943321     0.022368424833985
     0.037259271994117     0.022368424833985     0.060418029943321
25 50
    -3.322380731651720    -2.515143668279052     2.515143668279053
    -2.515143668279051    -3.322380731651718     2.515143668279052
     2.515143668279051     2.515143668279051    -3.322380731651720
25 51
    -0.025183232673953    -0.029356550294324     0.040372017974732
    -0.029356550294324    -0.025183232673953     0.040372017974732
     0.040372017974732     0.040372017974732    -0.104555772804815
25 52
     0.060418029943321    -0.037259271994117     0.022368424833985
    -0.037259271994117     0.030353763622770     0.037259271994117
     0.022368424833985     0.037259271994117     0.060418029943321
25 53
    -0.025183232673953    -0.040372017974732     0.029356550294324
    -0.040372017974732    -0.104555772804815     0.040372017974732
     0.029356550294324     0.040372017974732    -0.025183232673953
25 54
     0.060418029943321    -0.022368424833985     0.037259271994117
    -0.022368424833985     0.060418029943321     0.037259271994117
     0.037259271994117     0.037259271994117     0.030353763622770
25 55
     0.005425711287899    -0.007810478928150     0.007810478928150
    -0.007810478928150     0.005425711287899     0.007810478928150
     0.007810478928150     0.007810478928150     0.005425711287899
25 56
    -0.104555772804815    -0.040372017974732     0.040372017974732
    -0.040372017974732    -0.025183232673953     0.029356550294324
     0.040372017974732     0.029356550294324    -0.025183232673953
25 57
    -0.230686433451410    -0.048642867113813    -0.234968497534283
     0.048642867113813     0.326937544787142     0.048642867113813
    -0.234968497534282    -0.048642867113813    -0.230686433451410
25 58
    -0.230686433451410    -0.048642867113813     0.234968497534283
     0.048642867113813     0.326937544787142    -0.048642867113813
     0.234968497534282     0.048642867113813    -0.230686433451410
25 59
    -0.026877338996201    -0.010440718779137     0.040986281237565
     0.010440718779137     0.003309412613817     0.010440718779137
     0.040986281237565    -0.010440718779137    -0.026877338996201
25 60
    -0.026877338996201    -0.010440718779137    -0.040986281237565
     0.010440718779137     0.003309412613817    -0.010440718779137
    -0.040986281237565     0.010440718779137    -0.026877338996201
25 61
    -0.230686433451410     0.048642867113813     0.234968497534283
    -0.048642867113813     0.326937544787142     0.048642867113813
     0.234968497534282    -0.048642867113813    -0.230686433451410
25 62
    -0.230686433451410     0.048642867113813    -0.234968497534283
    -0.048642867113813     0.326937544787142    -0.048642867113813
    -0.234968497534282     0.048642867113813    -0.230686433451410
25 63
    -0.026877338996201     0.010440718779137    -0.040986281237565
    -0.010440718779137     0.003309412613817     0.010440718779137
    -0.040986281237565    -0.010440718779137    -0.026877338996201
25 64
    -0.026877338996201     0.010440718779137     0.040986281237565
    -0.010440718779137     0.003309412613817    -0.010440718779137
     0.040986281237565     0.010440718779137    -0.026877338996201
26 1
     0.030353763622770    -0.037259271994117    -0.037259271994117
    -0.037259271994117     0.060418029943321    -0.022368424833985
    -0.037259271994117    -0.022368424833985     0.060418029943321
26 2
    -3.322380731651720    -2.515143668279052    -2.515143668279052
    -2.515143668279052    -3.322380731651718    -2.515143668279051
    -2.515143668279052    -2.515143668279051    -3.322380731651718
26 3
    -0.025183232673953    -0.029356550294324    -0.040372017974732
    -0.029356550294324    -0.025183232673953    -0.040372017974732
    -0.040372017974732    -0.040372017974732    -0.104555772804815
26 4
     0.060418029943321    -0.037259271994117    -0.022368424833985
    -0.037259271994117     0.030353763622770    -0.037259271994117
    -0.022368424833985    -0.037259271994117     0.060418029943321
26 5
    -0.025183232673953    -0.040372017974732    -0.029356550294324
    -0.040372017974732    -0.104555772804815    -0.040372017974732
    -0.029356550294324    -0.040372017974732    -0.025183232673953
26 6
     0.060418029943321    -0.022368424833985    -0.037259271994117
    -0.022368424833985     0.060418029943321    -0.037259271994117
    -0.037259271994117    -0.037259271994117     0.030353763622770
26 7
     0.005425711287899    -0.007810478928150    -0.007810478928150
    -0.007810478928150     0.005425711287899    -0.007810478928150
    -0.007810478928150    -0.007810478928150     0.005425711287899
26 8
    -0.104555772804815    -0.040372017974732    -0.040372017974732
    -0.040372017974732    -0.025183232673953    -0.029356550294324
    -0.040372017974732    -0.029356550294324    -0.025183232673953
26 9
     0.003309412613817     0.010440718779137    -0.010440718779137
    -0.010440718779137    -0.026877338996201    -0.040986281237565
     0.010440718779137    -0.040986281237565    -0.026877338996201
26 10
     0.326937544787143     0.048642867113813    -0.048642867113813
    -0.048642867113813    -0.230686433451410     0.234968497534282
     0.048642867113813     0.234968497534282    -0.230686433451410
26 11
     0.003309412613817     0.010440718779137     0.010440718779137
    -0.010440718779137    -0.026877338996201     0.040986281237565
    -0.010440718779137     0.040986281237565    -0.026877338996201
26 12
     0.326937544787143     0.048642867113813     0.048642867113813
    -0.048642867113813    -0.230686433451410    -0.234968497534282
    -0.048642867113813    -0.234968497534282    -0.230686433451410
26 13
     0.003309412613817    -0.010440718779137    -0.010440718779137
     0.010440718779137    -0.026877338996201     0.040986281237565
     0.010440718779137     0.040986281237565    -0.026877338996201
26 14
     0.326937544787143    -0.048642867113813    -0.048642867113813
     0.048642867113813    -0.230686433451410    -0.234968497534282
     0.048642867113813    -0.234968497534282    -0.230686433451410
26 15
     0.003309412613817    -0.010440718779137     0.010440718779137
     0.010440718779137    -0.026877338996201    -0.040986281237565
    -0.010440718779137    -0.040986281237565    -0.026877338996201
26 16
     0.326937544787143    -0.048642867113813     0.048642867113813
     0.048642867113813    -0.230686433451410     0.234968497534282
    -0.048642867113813     0.234968497534282    -0.230686433451410
26 17
    -0.025183232673953     0.040372017974732     0.029356550294324
     0.040372017974732    -0.104555772804815    -0.040372017974732
     0.029356550294324    -0.040372017974732    -0.025183232673953
26 18
     0.060418029943321     0.022368424833985     0.037259271994117
     0.022368424833985     0.060418029943321    -0.037259271994117
     0.037259271994117    -0.037259271994117     0.030353763622770
26 19
     0.005425711287899     0.007810478928150     0.007810478928150
     0.007810478928150     0.005425711287899    -0.007810478928150
     0.007810478928150    -0.007810478928150     0.005425711287899
26 20
    -0.104555772804815     0.040372017974732     0.040372017974732
     0.040372017974732    -0.025183232673953    -0.029356550294324
     0.040372017974732    -0.029356550294324    -0.025183232673953
26 21
     0.030353763622770     0.037259271994117     0.037259271994117
     0.037259271994117     0.060418029943321    -0.022368424833985
     0.037259271994117    -0.022368424833985     0.060418029943321
26 22
    -3.322380731651720     2.515143668279052     2.515143668279052
     2.515143668279052    -3.322380731651718    -2.515143668279051
     2.515143668279052    -2.515143668279051    -3.322380731651718
26 23
    -0.025183232673953     0.029356550294324     0.040372017974732
     0.029356550294324    -0.025183232673953    -0.040372017974732
     0.040372017974732    -0.040372017974732    -0.104555772804815
26 24
     0.060418029943321     0.037259271994117     0.022368424833985
     0.037259271994117     0.030353763622770    -0.037259271994117
     0.022368424833985    -0.037259271994117     0.060418029943321
26 25
    -0.067616379192259    -0.000000000000000     0.000000000000000
     0.000000000000000    -0.063411041583095     0.000000000000000
    -0.000000000000000    -0.000000000000000    -0.063411041583095
26 26
    14.036572029044693    -0.000000000000000    -0.000000000000000
    -0.000000000000000    14.036572029044688    -0.000000000000001
    -0.000000000000000    -0.000000000000001    14.036572029044684
26 27
    -0.002013487346630    -0.000000000000000     0.000000000000000
    -0.000000000000000    -0.002013487346630     0.000000000000000
     0.000000000000000    -0.000000000000000     0.192951181134049
26 28
    -0.063411041583095     0.000000000000000     0.000000000000000
    -0.000000000000000    -0.067616379192259    -0.000000000000000
    -0.000000000000000    -0.000000000000000    -0.063411041583095
26 29
    -0.002013487346630     0.000000000000000    -0.000000000000000
    -0.000000000000000     0.192951181134049     0.000000000000000
     0.000000000000000    -0.000000000000000    -0.002013487346630
26 30
    -0.063411041583095    -0.000000000000000     0.000000000000000
     0.000000000000000    -0.063411041583095     0.000000000000000
    -0.000000000000000    -0.000000000000000    -0.067616379192259
26 31
    -0.008785683121460    -0.000000000000000     0.000000000000000
     0.000000000000000    -0.008785683121459     0.000000000000000
    -0.000000000000000    -0.000000000000000    -0.008785683121459
26 32
     0.192951181134049     0.000000000000000     0.000000000000000
    -0.000000000000000    -0.002013487346630     0.000000000000000
     0.000000000000000    -0.000000000000000    -0.002013487346630
26 33
     0.060418029943321     0.022368424833985    -0.037259271994117
     0.022368424833985     0.060418029943321     0.037259271994117
    -0.037259271994117     0.037259271994117     0.030353763622770
26 34
    -0.025183232673953     0.040372017974732    -0.029356550294324
     0.040372017974732    -0.104555772804815     0.040372017974732
    -0.029356550294324     0.040372017974732    -0.025183232673953
26 35
    -0.104555772804815     0.040372017974732    -0.040372017974732
     0.040372017974732    -0.025183232673953     0.029356550294324
    -0.040372017974732     0.029356550294324    -0.025183232673953
26 36
     0.005425711287899     0.007810478928150    -0.007810478928150
     0.007810478928150     0.005425711287899     0.007810478928150
    -0.007810478928150     0.007810478928150     0.005425711287899
26 37
    -3.322380731651720     2.515143668279053    -2.515143668279052
     2.515143668279051    -3.322380731651720     2.515143668279051
    -2.515143668279051     2.515143668279052    -3.322380731651718
26 38
     0.030353763622770     0.037259271994117    -0.037259271994117
     0.037259271994117     0.060418029943321     0.022368424833985
    -0.037259271994117     0.022368424833985     0.060418029943321
26 39
     0.060418029943321     0.037259271994117    -0.022368424833985
     0.037259271994117     0.030353763622770     0.037259271994117
    -0.022368424833985     0.037259271994117     0.060418029943321
26 40
    -0.025183232673953     0.029356550294324    -0.040372017974732
     0.029356550294324    -0.025183232673953     0.040372017974732
    -0.040372017974732     0.040372017974732    -0.104555772804815
26 41
    -0.230686433451410    -0.234968497534283     0.048642867113813
    -0.234968497534282    -0.230686433451410     0.048642867113813
    -0.048642867113813    -0.048642867113813     0.326937544787142
26 42
    -0.230686433451410     0.234968497534282     0.048642867113813
     0.234968497534282    -0.230686433451410    -0.048642867113813
    -0.048642867113813     0.048642867113813     0.326937544787142
26 43
    -0.230686433451410     0.234968497534283    -0.048642867113813
     0.234968497534283    -0.230686433451410     0.048642867113813
     0.048642867113813    -0.048642867113813     0.326937544787142
26 44
    -0.230686433451410    -0.234968497534282    -0.048642867113813
    -0.234968497534283    -0.230686433451410    -0.048642867113813
     0.048642867113813     0.048642867113813     0.326937544787142
26 45
    -0.026877338996201     0.040986281237565     0.010440718779137
     0.040986281237565    -0.026877338996201     0.010440718779137
    -0.010440718779137    -0.010440718779137     0.003309412613817
26 46
    -0.026877338996201    -0.040986281237565     0.010440718779137
    -0.040986281237565    -0.026877338996201    -0.010440718779137
    -0.010440718779137     0.010440718779137     0.003309412613817
26 47
    -0.026877338996201    -0.040986281237565    -0.010440718779137
    -0.040986281237565    -0.026877338996201     0.010440718779137
     0.010440718779137    -0.010440718779137     0.003309412613817
26 48
    -0.026877338996201     0.040986281237565    -0.010440718779137
     0.040986281237565    -0.026877338996201    -0.010440718779137
     0.010440718779137     0.010440718779137     0.003309412613817
26 49
    -3.322380731651720    -2.515143668279053     2.515143668279052
    -2.515143668279051    -3.322380731651720     2.515143668279051
     2.515143668279051     2.515143668279052    -3.322380731651718
26 50
     0.030353763622770    -0.037259271994117     0.037259271994117
    -0.037259271994117     0.060418029943321     0.022368424833985
     0.037259271994117     0.022368424833985     0.060418029943321
26 51
     0.060418029943321    -0.037259271994117     0.022368424833985
    -0.037259271994117     0.030353763622770     0.037259271994117
     0.022368424833985     0.037259271994117     0.060418029943321
26 52
    -0.025183232673953    -0.029356550294324     0.040372017974732
    -0.029356550294324    -0.025183232673953     0.040372017974732
     0.040372017974732     0.040372017974732    -0.104555772804815
26 53
     0.060418029943321    -0.022368424833985     0.037259271994117
    -0.022368424833985     0.060418029943321     0.037259271994117
     0.037259271994117     0.037259271994117     0.030353763622770
26 54
    -0.025183232673953    -0.040372017974732     0.029356550294324
    -0.040372017974732    -0.104555772804815     0.040372017974732
     0.029356550294324     0.040372017974732    -0.025183232673953
26 55
    -0.104555772804815    -0.040372017974732     0.040372017974732
    -0.040372017974732    -0.025183232673953     0.029356550294324
     0.040372017974732     0.029356550294324    -0.025183232673953
26 56
     0.005425711287899    -0.007810478928150     0.007810478928150
    -0.007810478928150     0.005425711287899     0.007810478928150
     0.007810478928150     0.007810478928150     0.005425711287899
26 57
    -0.230686433451410    -0.048642867113813     0.234968497534283
     0.048642867113813     0.326937544787142    -0.048642867113813
     0.234968497534283     0.048642867113813    -0.230686433451410
26 58
    -0.230686433451410    -0.048642867113813    -0.234968497534283
     0.048642867113813     0.326937544787142     0.048642867113813
    -0.234968497534282    -0.048642867113813    -0.230686433451410
26 59
    -0.026877338996201    -0.010440718779137    -0.040986281237565
     0.010440718779137     0.003309412613817    -0.010440718779137
    -0.040986281237565     0.010440718779137    -0.026877338996201
26 60
    -0.026877338996201    -0.010440718779137     0.040986281237565
     0.010440718779137     0.003309412613817     0.010440718779137
     0.040986281237565    -0.010440718779137    -0.026877338996201
26 61
    -0.230686433451410     0.048642867113813    -0.234968497534283
    -0.048642867113813     0.326937544787142    -0.048642867113813
    -0.234968497534282     0.048642867113813    -0.230686433451410
26 62
    -0.230686433451410     0.048642867113813     0.234968497534283
    -0.048642867113813     0.326937544787142     0.048642867113813
     0.234968497534283    -0.048642867113813    -0.230686433451410
26 63
    -0.026877338996201     0.010440718779137     0.040986281237565
    -0.010440718779137     0.003309412613817    -0.010440718779137
     0.040986281237565     0.010440718779137    -0.026877338996201
26 64
    -0.026877338996201     0.010440718779137    -0.040986281237565
    -0.010440718779137     0.003309412613817     0.010440718779137
    -0.040986281237565    -0.010440718779137    -0.026877338996201
27 1
     0.060418029943321    -0.037259271994117    -0.022368424833985
    -0.037259271994117     0.030353763622770    -0.037259271994117
    -0.022368424833985    -0.037259271994117     0.060418029943321
27 2
    -0.025183232673953    -0.029356550294324    -0.040372017974732
    -0.029356550294324    -0.025183232673953    -0.040372017974732
    -0.040372017974732    -0.040372017974732    -0.104555772804815
27 3
    -3.322380731651718    -2.515143668279052    -2.515143668279051
    -2.515143668279052    -3.322380731651720    -2.515143668279052
    -2.515143668279051    -2.515143668279052    -3.322380731651718
27 4
     0.030353763622770    -0.037259271994117    -0.037259271994117
    -0.037259271994117     0.060418029943321    -0.022368424833985
    -0.037259271994117    -0.022368424833985     0.060418029943321
27 5
    -0.104555772804815    -0.040372017974732    -0.040372017974732
    -0.040372017974732    -0.025183232673953    -0.029356550294324
    -0.040372017974732    -0.029356550294324    -0.025183232673953
27 6
     0.005425711287899    -0.007810478928150    -0.007810478928150
    -0.007810478928150     0.005425711287898    -0.007810478928150
    -0.007810478928150    -0.007810478928150     0.005425711287899
27 7
     0.060418029943321    -0.022368424833985    -0.037259271994117
    -0.022368424833985     0.060418029943321    -0.037259271994117
    -0.037259271994117    -0.037259271994117     0.030353763622770
27 8
    -0.025183232673953    -0.040372017974732    -0.029356550294324
    -0.040372017974732    -0.104555772804815    -0.040372017974732
    -0.029356550294324    -0.040372017974732    -0.025183232673953
27 9
     0.326937544787142     0.048642867113813     0.048642867113813
    -0.048642867113813    -0.230686433451410    -0.234968497534282
    -0.048642867113813    -0.234968497534282    -0.230686433451410
27 10
     0.003309412613817     0.010440718779137     0.010440718779137
    -0.010440718779137    -0.026877338996201     0.040986281237565
    -0.010440718779137     0.040986281237565    -0.026877338996201
27 11
     0.326937544787143     0.048642867113813    -0.048642867113813
    -0.048642867113813    -0.230686433451410     0.234968497534283
     0.048642867113813     0.234968497534282    -0.230686433451410
27 12
     0.003309412613817     0.010440718779137    -0.010440718779137
    -0.010440718779137    -0.026877338996201    -0.040986281237565
     0.010440718779137    -0.040986281237565    -0.026877338996201
27 13
     0.326937544787142    -0.048642867113813     0.048642867113813
     0.048642867113813    -0.230686433451410     0.234968497534283
    -0.048642867113813     0.234968497534283    -0.230686433451410
27 14
     0.003309412613817    -0.010440718779137     0.010440718779137
     0.010440718779137    -0.026877338996201    -0.040986281237565
    -0.010440718779137    -0.040986281237565    -0.026877338996201
27 15
     0.326937544787143    -0.048642867113813    -0.048642867113813
     0.048642867113813    -0.230686433451410    -0.234968497534282
     0.048642867113813    -0.234968497534282    -0.230686433451410
27 16
     0.003309412613817    -0.010440718779137    -0.010440718779137
     0.010440718779137    -0.026877338996201     0.040986281237565
     0.010440718779137     0.040986281237565    -0.026877338996201
27 17
    -0.104555772804815     0.040372017974732     0.040372017974732
     0.040372017974732    -0.025183232673953    -0.029356550294324
     0.040372017974732    -0.029356550294324    -0.025183232673953
27 18
     0.005425711287899     0.007810478928150     0.007810478928150
     0.007810478928150     0.005425711287899    -0.007810478928150
     0.007810478928150    -0.007810478928150     0.005425711287899
27 19
     0.060418029943321     0.022368424833985     0.037259271994117
     0.022368424833985     0.060418029943321    -0.037259271994117
     0.037259271994117    -0.037259271994117     0.030353763622770
27 20
    -0.025183232673953     0.040372017974732     0.029356550294324
     0.040372017974732    -0.104555772804815    -0.040372017974732
     0.029356550294324    -0.040372017974732    -0.025183232673953
27 21
     0.060418029943321     0.037259271994117     0.022368424833985
     0.037259271994117     0.030353763622770    -0.037259271994117
     0.022368424833985    -0.037259271994117     0.060418029943321
27 22
    -0.025183232673953     0.029356550294324     0.040372017974732
     0.029356550294324    -0.025183232673953    -0.040372017974732
     0.040372017974732    -0.040372017974732    -0.104555772804815
27 23
    -3.322380731651718     2.515143668279052     2.515143668279051
     2.515143668279052    -3.322380731651720    -2.515143668279052
     2.515143668279051    -2.515143668279052    -3.322380731651718
27 24
     0.030353763622770     0.037259271994117     0.037259271994117
     0.037259271994117     0.060418029943321    -0.022368424833985
     0.037259271994117    -0.022368424833985     0.060418029943321
27 25
    -0.063411041583095    -0.000000000000000     0.000000000000000
     0.000000000000000    -0.067616379192259     0.000000000000000
    -0.000000000000000     0.000000000000000    -0.063411041583095
27 26
    -0.002013487346630    -0.000000000000000     0.000000000000000
    -0.000000000000000    -0.002013487346630    -0.000000000000000
     0.000000000000000     0.000000000000000     0.192951181134049
27 27
    14.036572029044688     0.000000000000000     0.000000000000000
     0.000000000000000    14.036572029044693     0.000000000000001
     0.000000000000000     0.000000000000001    14.036572029044684
27 28
    -0.067616379192259     0.000000000000000     0.000000000000000
    -0.000000000000000    -0.063411041583095    -0.000000000000000
    -0.000000000000000     0.000000000000000    -0.063411041583095
27 29
     0.192951181134049     0.000000000000000    -0.000000000000000
    -0.000000000000000    -0.002013487346630     0.000000000000000
     0.000000000000000     0.000000000000000    -0.002013487346630
27 30
    -0.008785683121459    -0.000000000000000     0.000000000000000
     0.000000000000000    -0.008785683121459     0.000000000000000
    -0.000000000000000     0.000000000000000    -0.008785683121459
27 31
    -0.063411041583095    -0.000000000000000     0.000000000000000
     0.000000000000000    -0.063411041583095     0.000000000000000
    -0.000000000000000     0.000000000000000    -0.067616379192259
27 32
    -0.002013487346630     0.000000000000000     0.000000000000000
    -0.000000000000000     0.192951181134049     0.000000000000000
     0.000000000000000     0.000000000000000    -0.002013487346630
27 33
     0.005425711287899     0.007810478928150    -0.007810478928150
     0.007810478928150     0.005425711287899     0.007810478928150
    -0.007810478928150     0.007810478928150     0.005425711287899
27 34
    -0.104555772804815     0.040372017974732    -0.040372017974732
     0.040372017974732    -0.025183232673953     0.029356550294324
    -0.040372017974732     0.029356550294324    -0.025183232673953
27 35
    -0.025183232673953     0.040372017974732    -0.029356550294324
     0.040372017974732    -0.104555772804815     0.040372017974732
    -0.029356550294324     0.040372017974732    -0.025183232673953
27 36
     0.060418029943321     0.022368424833985    -0.037259271994117
     0.022368424833985     0.060418029943321     0.037259271994117
    -0.037259271994117     0.037259271994117     0.030353763622770
27 37
    -0.025183232673953     0.029356550294324    -0.040372017974732
     0.029356550294324    -0.025183232673953     0.040372017974732
    -0.040372017974732     0.040372017974732    -0.104555772804815
27 38
     0.060418029943321     0.037259271994117    -0.022368424833985
     0.037259271994117     0.030353763622770     0.037259271994117
    -0.022368424833985     0.037259271994117     0.060418029943321
27 39
     0.030353763622770     0.037259271994117    -0.037259271994117
     0.037259271994117     0.060418029943321     0.022368424833985
    -0.037259271994117     0.022368424833985     0.060418029943321
27 40
    -3.322380731651720     2.515143668279051    -2.515143668279051
     2.515143668279053    -3.322380731651720     2.515143668279052
    -2.515143668279052     2.515143668279051    -3.322380731651718
27 41
    -0.230686433451410    -0.234968497534282    -0.048642867113813
    -0.234968497534283    -0.230686433451410    -0.048642867113813
     0.048642867113813     0.048642867113813     0.326937544787142
27 42
    -0.230686433451410     0.234968497534282    -0.048642867113813
     0.234968497534282    -0.230686433451410     0.048642867113813
     0.048642867113813    -0.048642867113813     0.326937544787142
27 43
    -0.230686433451410     0.234968497534282     0.048642867113813
     0.234968497534283    -0.230686433451410    -0.048642867113813
    -0.048642867113813     0.048642867113813     0.326937544787142
27 44
    -0.230686433451410    -0.234968497534282     0.048642867113813
    -0.234968497534283    -0.230686433451410     0.048642867113813
    -0.048642867113813    -0.048642867113813     0.326937544787142
27 45
    -0.026877338996201     0.040986281237565    -0.010440718779137
     0.040986281237565    -0.026877338996201    -0.010440718779137
     0.010440718779137     0.010440718779137     0.003309412613817
27 46
    -0.026877338996201    -0.040986281237565    -0.010440718779137
    -0.040986281237565    -0.026877338996201     0.010440718779137
     0.010440718779137    -0.010440718779137     0.003309412613817
27 47
    -0.026877338996201    -0.040986281237565     0.010440718779137
    -0.040986281237565    -0.026877338996201    -0.010440718779137
    -0.010440718779137     0.010440718779137     0.003309412613817
27 48
    -0.026877338996201     0.040986281237565     0.010440718779137
     0.040986281237565    -0.026877338996201     0.010440718779137
    -0.010440718779137    -0.010440718779137     0.003309412613817
27 49
    -0.025183232673953    -0.029356550294324     0.040372017974732
    -0.029356550294324    -0.025183232673953     0.040372017974732
     0.040372017974732     0.040372017974732    -0.104555772804815
27 50
     0.060418029943321    -0.037259271994117     0.022368424833985
    -0.037259271994117     0.030353763622770     0.037259271994117
     0.022368424833985     0.037259271994117     0.060418029943321
27 51
     0.030353763622770    -0.037259271994117     0.037259271994117
    -0.037259271994117     0.060418029943321     0.022368424833985
     0.037259271994117     0.022368424833985     0.060418029943321
27 52
    -3.322380731651720    -2.515143668279051     2.515143668279051
    -2.515143668279053    -3.322380731651720     2.515143668279052
     2.515143668279052     2.515143668279051    -3.322380731651718
27 53
     0.005425711287899    -0.007810478928150     0.007810478928150
    -0.007810478928150     0.005425711287899     0.007810478928150
     0.007810478928150     0.007810478928150     0.005425711287899
27 54
    -0.104555772804815    -0.040372017974732     0.040372017974732
    -0.040372017974732    -0.025183232673953     0.029356550294324
     0.040372017974732     0.029356550294324    -0.025183232673953
27 55
    -0.025183232673953    -0.040372017974732     0.029356550294324
    -0.040372017974732    -0.104555772804815     0.040372017974732
     0.029356550294324     0.040372017974732    -0.025183232673953
27 56
     0.060418029943321    -0.022368424833985     0.037259271994117
    -0.022368424833985     0.060418029943321     0.037259271994117
     0.037259271994117     0.037259271994117     0.030353763622770
27 57
    -0.026877338996201    -0.010440718779137     0.040986281237565
     0.010440718779137     0.003309412613817     0.010440718779137
     0.040986281237565    -0.010440718779137    -0.026877338996201
27 58
    -0.026877338996201    -0.010440718779137    -0.040986281237565
     0.010440718779137     0.003309412613817    -0.010440718779137
    -0.040986281237565     0.010440718779137    -0.026877338996201
27 59
    -0.230686433451410    -0.048642867113813    -0.234968497534283
     0.048642867113813     0.326937544787143     0.048642867113813
    -0.234968497534282    -0.048642867113813    -0.230686433451410
27 60
    -0.230686433451410    -0.048642867113813     0.234968497534282
     0.048642867113813     0.326937544787143    -0.048642867113813
     0.234968497534282     0.048642867113813    -0.230686433451410
27 61
    -0.026877338996201     0.010440718779137    -0.040986281237565
    -0.010440718779137     0.003309412613817     0.010440718779137
    -0.040986281237565    -0.010440718779137    -0.026877338996201
27 62
    -0.026877338996201     0.010440718779137     0.040986281237565
    -0.010440718779137     0.003309412613817    -0.010440718779137
     0.040986281237565     0.010440718779137    -0.026877338996201
27 63
    -0.230686433451410     0.048642867113813     0.234968497534282
    -0.048642867113813     0.326937544787143     0.048642867113813
     0.234968497534282    -0.048642867113813    -0.230686433451410
27 64
    -0.230686433451410     0.048642867113813    -0.234968497534282
    -0.048642867113813     0.326937544787143    -0.048642867113813
    -0.234968497534282     0.048642867113813    -0.230686433451410
28 1
    -0.025183232673953    -0.029356550294324    -0.040372017974732
    -0.029356550294324    -0.025183232673953    -0.040372017974732
    -0.040372017974732    -0.040372017974732    -0.104555772804815
28 2
     0.060418029943321    -0.037259271994117    -0.022368424833985
    -0.037259271994117     0.030353763622770    -0.037259271994117
    -0.022368424833985    -0.037259271994117     0.060418029943321
28 3
     0.030353763622770    -0.037259271994117    -0.037259271994117
    -0.037259271994117     0.060418029943321    -0.022368424833985
    -0.037259271994117    -0.022368424833985     0.060418029943321
28 4
    -3.322380731651720    -2.515143668279051    -2.515143668279051
    -2.515143668279052    -3.322380731651718    -2.515143668279051
    -2.515143668279053    -2.515143668279052    -3.322380731651720
28 5
     0.005425711287899    -0.007810478928150    -0.007810478928150
    -0.007810478928150     0.005425711287899    -0.007810478928150
    -0.007810478928150    -0.007810478928150     0.005425711287899
28 6
    -0.104555772804815    -0.040372017974732    -0.040372017974732
    -0.040372017974732    -0.025183232673953    -0.029356550294324
    -0.040372017974732    -0.029356550294324    -0.025183232673953
28 7
    -0.025183232673953    -0.040372017974732    -0.029356550294324
    -0.040372017974732    -0.104555772804815    -0.040372017974732
    -0.029356550294324    -0.040372017974732    -0.025183232673953
28 8
     0.060418029943321    -0.022368424833985    -0.037259271994117
    -0.022368424833985     0.060418029943321    -0.037259271994117
    -0.037259271994117    -0.037259271994117     0.030353763622770
28 9
     0.003309412613817     0.010440718779137     0.010440718779137
    -0.010440718779137    -0.026877338996201     0.040986281237565
    -0.010440718779137     0.040986281237565    -0.026877338996201
28 10
     0.326937544787142     0.048642867113813     0.048642867113813
    -0.048642867113813    -0.230686433451410    -0.234968497534282
    -0.048642867113813    -0.234968497534283    -0.230686433451410
28 11
     0.003309412613817     0.010440718779137    -0.010440718779137
    -0.010440718779137    -0.026877338996201    -0.040986281237565
     0.010440718779137    -0.040986281237565    -0.026877338996201
28 12
     0.326937544787143     0.048642867113813    -0.048642867113813
    -0.048642867113813    -0.230686433451410     0.234968497534282
     0.048642867113813     0.234968497534282    -0.230686433451410
28 13
     0.003309412613817    -0.010440718779137     0.010440718779137
     0.010440718779137    -0.026877338996201    -0.040986281237565
    -0.010440718779137    -0.040986281237565    -0.026877338996201
28 14
     0.326937544787143    -0.048642867113813     0.048642867113813
     0.048642867113813    -0.230686433451410     0.234968497534282
    -0.048642867113813     0.234968497534282    -0.230686433451410
28 15
     0.003309412613817    -0.010440718779137    -0.010440718779137
     0.010440718779137    -0.026877338996201     0.040986281237565
     0.010440718779137     0.040986281237565    -0.026877338996201
28 16
     0.326937544787142    -0.048642867113813    -0.048642867113813
     0.048642867113813    -0.230686433451410    -0.234968497534282
     0.048642867113813    -0.234968497534283    -0.230686433451410
28 17
     0.005425711287899     0.007810478928150     0.007810478928150
     0.007810478928150     0.005425711287899    -0.007810478928150
     0.007810478928150    -0.007810478928150     0.005425711287899
28 18
    -0.104555772804815     0.040372017974732     0.040372017974732
     0.040372017974732    -0.025183232673953    -0.029356550294324
     0.040372017974732    -0.029356550294324    -0.025183232673953
28 19
    -0.025183232673953     0.040372017974732     0.029356550294324
     0.040372017974732    -0.104555772804815    -0.040372017974732
     0.029356550294324    -0.040372017974732    -0.025183232673953
28 20
     0.060418029943321     0.022368424833985     0.037259271994117
     0.022368424833985     0.060418029943321    -0.037259271994117
     0.037259271994117    -0.037259271994117     0.030353763622770
28 21
    -0.025183232673953     0.029356550294324     0.040372017974732
     0.029356550294324    -0.025183232673953    -0.040372017974732
     0.040372017974732    -0.040372017974732    -0.104555772804815
28 22
     0.060418029943321     0.037259271994117     0.022368424833985
     0.037259271994117     0.030353763622770    -0.037259271994117
     0.022368424833985    -0.037259271994117     0.060418029943321
28 23
     0.030353763622770     0.037259271994117     0.037259271994117
     0.037259271994117     0.060418029943321    -0.022368424833985
     0.037259271994117    -0.022368424833985     0.060418029943321
28 24
    -3.322380731651718     2.515143668279051     2.515143668279052
     2.515143668279051    -3.322380731651718    -2.515143668279052
     2.515143668279052    -2.515143668279052    -3.322380731651720
28 25
    -0.002013487346630    -0.000000000000000     0.000000000000000
     0.000000000000000    -0.002013487346630     0.000000000000000
    -0.000000000000000    -0.000000000000000     0.192951181134049
28 26
    -0.063411041583095    -0.000000000000000    -0.000000000000000
     0.000000000000000    -0.067616379192259    -0.000000000000000
     0.000000000000000    -0.000000000000000    -0.063411041583095
28 27
    -0.067616379192259    -0.000000000000000    -0.000000000000000
     0.000000000000000    -0.063411041583095     0.000000000000000
     0.000000000000000    -0.000000000000000    -0.063411041583095
28 28
    14.036572029044686     0.000000000000000    -0.000000000000000
     0.000000000000000    14.036572029044688    -0.000000000000000
    -0.000000000000000    -0.000000000000000    14.036572029044692
28 29
    -0.008785683121459     0.000000000000000    -0.000000000000000
     0.000000000000000    -0.008785683121459     0.000000000000000
     0.000000000000000    -0.000000000000000    -0.008785683121459
28 30
     0.192951181134049    -0.000000000000000    -0.000000000000000
     0.000000000000000    -0.002013487346630     0.000000000000000
    -0.000000000000000    -0.000000000000000    -0.002013487346630
28 31
    -0.002013487346630    -0.000000000000000    -0.000000000000000
     0.000000000000000     0.192951181134049     0.000000000000000
    -0.000000000000000    -0.000000000000000    -0.002013487346630
28 32
    -0.063411041583095     0.000000000000000    -0.000000000000000
     0.000000000000000    -0.063411041583095     0.000000000000000
     0.000000000000000    -0.000000000000000    -0.067616379192259
28 33
    -0.104555772804815     0.040372017974732    -0.040372017974732
     0.040372017974732    -0.025183232673953     0.029356550294324
    -0.040372017974732     0.029356550294324    -0.025183232673953
28 34
     0.005425711287899     0.007810478928150    -0.007810478928150
     0.007810478928150     0.005425711287899     0.007810478928150
    -0.007810478928150     0.007810478928150     0.005425711287898
28 35
     0.060418029943321     0.022368424833985    -0.037259271994117
     0.022368424833985     0.060418029943321     0.037259271994117
    -0.037259271994117     0.037259271994117     0.030353763622770
28 36
    -0.025183232673953     0.040372017974732    -0.029356550294324
     0.040372017974732    -0.104555772804815     0.040372017974732
    -0.029356550294324     0.040372017974732    -0.025183232673953
28 37
     0.060418029943321     0.037259271994117    -0.022368424833985
     0.037259271994117     0.030353763622770     0.037259271994117
    -0.022368424833985     0.037259271994117     0.060418029943321
28 38
    -0.025183232673953     0.029356550294324    -0.040372017974732
     0.029356550294324    -0.025183232673953     0.040372017974732
    -0.040372017974732     0.040372017974732    -0.104555772804815
28 39
    -3.322380731651718     2.515143668279052    -2.515143668279051
     2.515143668279051    -3.322380731651720     2.515143668279051
    -2.515143668279052     2.515143668279053    -3.322380731651720
28 40
     0.030353763622770     0.037259271994117    -0.037259271994117
     0.037259271994117     0.060418029943321     0.022368424833985
    -0.037259271994117     0.022368424833985     0.060418029943321
28 41
    -0.230686433451410     0.234968497534282    -0.048642867113813
     0.234968497534283    -0.230686433451410     0.048642867113813
     0.048642867113813    -0.048642867113813     0.326937544787143
28 42
    -0.230686433451410    -0.234968497534282    -0.048642867113813
    -0.234968497534282    -0.230686433451410    -0.048642867113813
     0.048642867113813     0.048642867113813     0.326937544787143
28 43
    -0.230686433451410    -0.234968497534282     0.048642867113813
    -0.234968497534282    -0.230686433451410     0.048642867113813
    -0.048642867113813    -0.048642867113813     0.326937544787142
28 44
    -0.230686433451410     0.234968497534282     0.048642867113813
     0.234968497534283    -0.230686433451410    -0.048642867113813
    -0.048642867113813     0.048642867113813     0.326937544787143
28 45
    -0.026877338996201    -0.040986281237565    -0.010440718779137
    -0.040986281237565    -0.026877338996201     0.010440718779137
     0.010440718779137    -0.010440718779137     0.003309412613817
28 46
    -0.026877338996201     0.040986281237565    -0.010440718779137
     0.040986281237565    -0.026877338996201    -0.010440718779137
     0.010440718779137     0.010440718779137     0.003309412613817
28 47
    -0.026877338996201     0.040986281237565     0.010440718779137
     0.040986281237565    -0.026877338996201     0.010440718779137
    -0.010440718779137    -0.010440718779137     0.003309412613817
28 48
    -0.026877338996201    -0.040986281237565     0.010440718779137
    -0.040986281237565    -0.026877338996201    -0.010440718779137
    -0.010440718779137     0.010440718779137     0.003309412613817
28 49
     0.060418029943321    -0.037259271994117     0.022368424833985
    -0.037259271994117     0.030353763622770     0.037259271994117
     0.022368424833985     0.037259271994117     0.060418029943321
28 50
    -0.025183232673953    -0.029356550294324     0.040372017974732
    -0.029356550294324    -0.025183232673953     0.040372017974732
     0.040372017974732     0.040372017974732    -0.104555772804815
28 51
    -3.322380731651718    -2.515143668279052     2.515143668279051
    -2.515143668279051    -3.322380731651720     2.515143668279051
     2.515143668279052     2.515143668279053    -3.322380731651720
28 52
     0.030353763622770    -0.037259271994117     0.037259271994117
    -0.037259271994117     0.060418029943321     0.022368424833985
     0.037259271994117     0.022368424833985     0.060418029943321
28 53
    -0.104555772804815    -0.040372017974732     0.040372017974732
    -0.040372017974732    -0.025183232673953     0.029356550294324
     0.040372017974732     0.029356550294324    -0.025183232673953
28 54
     0.005425711287899    -0.007810478928150     0.007810478928150
    -0.007810478928150     0.005425711287899     0.007810478928150
     0.007810478928150     0.007810478928150     0.005425711287899
28 55
     0.060418029943321    -0.022368424833985     0.037259271994117
    -0.022368424833985     0.060418029943321     0.037259271994117
     0.037259271994117     0.037259271994117     0.030353763622770
28 56
    -0.025183232673953    -0.040372017974732     0.029356550294324
    -0.040372017974732    -0.104555772804815     0.040372017974732
     0.029356550294324     0.040372017974732    -0.025183232673953
28 57
    -0.026877338996201    -0.010440718779137    -0.040986281237565
     0.010440718779137     0.003309412613817    -0.010440718779137
    -0.040986281237565     0.010440718779137    -0.026877338996201
28 58
    -0.026877338996201    -0.010440718779137     0.040986281237565
     0.010440718779137     0.003309412613817     0.010440718779137
     0.040986281237565    -0.010440718779137    -0.026877338996201
28 59
    -0.230686433451410    -0.048642867113813     0.234968497534282
     0.048642867113813     0.326937544787143    -0.048642867113813
     0.234968497534283     0.048642867113813    -0.230686433451410
28 60
    -0.230686433451410    -0.048642867113813    -0.234968497534282
     0.048642867113813     0.326937544787143     0.048642867113813
    -0.234968497534282    -0.048642867113813    -0.230686433451410
28 61
    -0.026877338996201     0.010440718779137     0.040986281237565
    -0.010440718779137     0.003309412613817    -0.010440718779137
     0.040986281237565     0.010440718779137    -0.026877338996201
28 62
    -0.026877338996201     0.010440718779137    -0.040986281237565
    -0.010440718779137     0.003309412613817     0.010440718779137
    -0.040986281237565    -0.010440718779137    -0.026877338996201
28 63
    -0.230686433451410     0.048642867113813    -0.234968497534282
    -0.048642867113813     0.326937544787143    -0.048642867113813
    -0.234968497534283     0.048642867113813    -0.230686433451410
28 64
    -0.230686433451410     0.048642867113813     0.234968497534283
    -0.048642867113813     0.326937544787142     0.048642867113813
     0.234968497534282    -0.048642867113813    -0.230686433451410
29 1
     0.060418029943321    -0.022368424833985    -0.037259271994117
    -0.022368424833985     0.060418029943321    -0.037259271994117
    -0.037259271994117    -0.037259271994117     0.030353763622770
29 2
    -0.025183232673953    -0.040372017974732    -0.029356550294324
    -0.040372017974732    -0.104555772804815    -0.040372017974732
    -0.029356550294324    -0.040372017974732    -0.025183232673953
29 3
    -0.104555772804815    -0.040372017974732    -0.040372017974732
    -0.040372017974732    -0.025183232673953    -0.029356550294324
    -0.040372017974732    -0.029356550294324    -0.025183232673953
29 4
     0.005425711287899    -0.007810478928150    -0.007810478928150
    -0.007810478928150     0.005425711287899    -0.007810478928150
    -0.007810478928150    -0.007810478928150     0.005425711287899
29 5
    -3.322380731651718    -2.515143668279052    -2.515143668279051
    -2.515143668279052    -3.322380731651720    -2.515143668279052
    -2.515143668279051    -2.515143668279052    -3.322380731651718
29 6
     0.030353763622770    -0.037259271994117    -0.037259271994117
    -0.037259271994117     0.060418029943321    -0.022368424833985
    -0.037259271994117    -0.022368424833985     0.060418029943321
29 7
     0.060418029943321    -0.037259271994117    -0.022368424833985
    -0.037259271994117     0.030353763622770    -0.037259271994117
    -0.022368424833985    -0.037259271994117     0.060418029943321
29 8
    -0.025183232673953    -0.029356550294324    -0.040372017974732
    -0.029356550294324    -0.025183232673953    -0.040372017974732
    -0.040372017974732    -0.040372017974732    -0.104555772804815
29 9
     0.326937544787142    -0.048642867113813    -0.048642867113813
     0.048642867113813    -0.230686433451410    -0.234968497534282
     0.048642867113813    -0.234968497534282    -0.230686433451410
29 10
     0.003309412613817    -0.010440718779137    -0.010440718779137
     0.010440718779137    -0.026877338996201     0.040986281237565
     0.010440718779137     0.040986281237565    -0.026877338996201
29 11
     0.326937544787143    -0.048642867113813     0.048642867113813
     0.048642867113813    -0.230686433451410     0.234968497534283
    -0.048642867113813     0.234968497534282    -0.230686433451410
29 12
     0.003309412613817    -0.010440718779137     0.010440718779137
     0.010440718779137    -0.026877338996201    -0.040986281237565
    -0.010440718779137    -0.040986281237565    -0.026877338996201
29 13
     0.326937544787142     0.048642867113813    -0.048642867113813
    -0.048642867113813    -0.230686433451410     0.234968497534282
     0.048642867113813     0.234968497534283    -0.230686433451410
29 14
     0.003309412613817     0.010440718779137    -0.010440718779137
    -0.010440718779137    -0.026877338996201    -0.040986281237565
     0.010440718779137    -0.040986281237565    -0.026877338996201
29 15
     0.326937544787143     0.048642867113813     0.048642867113813
    -0.048642867113813    -0.230686433451410    -0.234968497534282
    -0.048642867113813    -0.234968497534282    -0.230686433451410
29 16
     0.003309412613817     0.010440718779137     0.010440718779137
    -0.010440718779137    -0.026877338996201     0.040986281237565
    -0.010440718779137     0.040986281237565    -0.026877338996201
29 17
    -3.322380731651718     2.515143668279052     2.515143668279051
     2.515143668279052    -3.322380731651720    -2.515143668279052
     2.515143668279051    -2.515143668279052    -3.322380731651718
29 18
     0.030353763622770     0.037259271994117     0.037259271994117
     0.037259271994117     0.060418029943321    -0.022368424833985
     0.037259271994117    -0.022368424833985     0.060418029943321
29 19
     0.060418029943321     0.037259271994117     0.022368424833985
     0.037259271994117     0.030353763622770    -0.037259271994117
     0.022368424833985    -0.037259271994117     0.060418029943321
29 20
    -0.025183232673953     0.029356550294324     0.040372017974732
     0.029356550294324    -0.025183232673953    -0.040372017974732
     0.040372017974732    -0.040372017974732    -0.104555772804815
29 21
     0.060418029943321     0.022368424833985     0.037259271994117
     0.022368424833985     0.060418029943321    -0.037259271994117
     0.037259271994117    -0.037259271994117     0.030353763622770
29 22
    -0.025183232673953     0.040372017974732     0.029356550294324
     0.040372017974732    -0.104555772804815    -0.040372017974732
     0.029356550294324    -0.040372017974732    -0.025183232673953
29 23
    -0.104555772804815     0.040372017974732     0.040372017974732
     0.040372017974732    -0.025183232673953    -0.029356550294324
     0.040372017974732    -0.029356550294324    -0.025183232673953
29 24
     0.005425711287899     0.007810478928150     0.007810478928150
     0.007810478928150     0.005425711287899    -0.007810478928150
     0.007810478928150    -0.007810478928150     0.005425711287899
29 25
    -0.063411041583095    -0.000000000000000     0.000000000000000
     0.000000000000000    -0.063411041583095     0.000000000000000
    -0.000000000000000     0.000000000000000    -0.067616379192259
29 26
    -0.002013487346630    -0.000000000000000     0.000000000000000
     0.000000000000000     0.192951181134049    -0.000000000000000
    -0.000000000000000     0.000000000000000    -0.002013487346630
29 27
     0.192951181134049    -0.000000000000000     0.000000000000000
     0.000000000000000    -0.002013487346630     0.000000000000000
    -0.000000000000000     0.000000000000000    -0.002013487346630
29 28
    -0.008785683121459     0.000000000000000     0.000000000000000
     0.000000000000000    -0.008785683121459    -0.000000000000000
    -0.000000000000000     0.000000000000000    -0.008785683121459
29 29
    14.036572029044688     0.000000000000000     0.000000000000000
     0.000000000000000    14.036572029044695     0.000000000000000
     0.000000000000000     0.000000000000000    14.036572029044686
29 30
    -0.067616379192259    -0.000000000000000     0.000000000000000
     0.000000000000000    -0.063411041583095     0.000000000000000
    -0.000000000000000     0.000000000000000    -0.063411041583095
29 31
    -0.063411041583095    -0.000000000000000     0.000000000000000
     0.000000000000000    -0.067616379192259     0.000000000000000
    -0.000000000000000     0.000000000000000    -0.063411041583095
29 32
    -0.002013487346630     0.000000000000000     0.000000000000000
     0.000000000000000    -0.002013487346631     0.000000000000000
    -0.000000000000000     0.000000000000000     0.192951181134049
29 33
     0.030353763622770     0.037259271994117    -0.037259271994117
     0.037259271994117     0.060418029943321     0.022368424833985
    -0.037259271994117     0.022368424833985     0.060418029943321
29 34
    -3.322380731651718     2.515143668279051    -2.515143668279052
     2.515143668279052    -3.322380731651720     2.515143668279053
    -2.515143668279051     2.515143668279051    -3.322380731651720
29 35
    -0.025183232673953     0.029356550294324    -0.040372017974732
     0.029356550294324    -0.025183232673953     0.040372017974732
    -0.040372017974732     0.040372017974732    -0.104555772804815
29 36
     0.060418029943321     0.037259271994117    -0.022368424833985
     0.037259271994117     0.030353763622770     0.037259271994117
    -0.022368424833985     0.037259271994117     0.060418029943321
29 37
    -0.025183232673953     0.040372017974732    -0.029356550294324
     0.040372017974732    -0.104555772804815     0.040372017974732
    -0.029356550294324     0.040372017974732    -0.025183232673953
29 38
     0.060418029943321     0.022368424833985    -0.037259271994117
     0.022368424833985     0.060418029943321     0.037259271994117
    -0.037259271994117     0.037259271994117     0.030353763622770
29 39
     0.005425711287899     0.007810478928150    -0.007810478928150
     0.007810478928150     0.005425711287899     0.007810478928150
    -0.007810478928150     0.007810478928150     0.005425711287899
29 40
    -0.104555772804815     0.040372017974732    -0.040372017974732
     0.040372017974732    -0.025183232673953     0.029356550294324
    -0.040372017974732     0.029356550294324    -0.025183232673953
29 41
    -0.026877338996201    -0.040986281237565     0.010440718779137
    -0.040986281237565    -0.026877338996201    -0.010440718779137
    -0.010440718779137     0.010440718779137     0.003309412613817
29 42
    -0.026877338996201     0.040986281237565     0.010440718779137
     0.040986281237565    -0.026877338996201     0.010440718779137
    -0.010440718779137    -0.010440718779137     0.003309412613817
29 43
    -0.026877338996201     0.040986281237565    -0.010440718779137
     0.040986281237565    -0.026877338996201    -0.010440718779137
     0.010440718779137     0.010440718779137     0.003309412613817
29 44
    -0.026877338996201    -0.040986281237565    -0.010440718779137
    -0.040986281237565    -0.026877338996201     0.010440718779137
     0.010440718779137    -0.010440718779137     0.003309412613817
29 45
    -0.230686433451410     0.234968497534283     0.048642867113813
     0.234968497534283    -0.230686433451410    -0.048642867113813
    -0.048642867113813     0.048642867113813     0.326937544787142
29 46
    -0.230686433451410    -0.234968497534282     0.048642867113813
    -0.234968497534282    -0.230686433451410     0.048642867113813
    -0.048642867113813    -0.048642867113813     0.326937544787142
29 47
    -0.230686433451410    -0.234968497534283    -0.048642867113813
    -0.234968497534282    -0.230686433451410    -0.048642867113813
     0.048642867113813     0.048642867113813     0.326937544787142
29 48
    -0.230686433451410     0.234968497534282    -0.048642867113813
     0.234968497534283    -0.230686433451410     0.048642867113813
     0.048642867113813    -0.048642867113813     0.326937544787142
29 49
    -0.025183232673953    -0.040372017974732     0.029356550294324
    -0.040372017974732    -0.104555772804815     0.040372017974732
     0.029356550294324     0.040372017974732    -0.025183232673953
29 50
     0.060418029943321    -0.022368424833985     0.037259271994117
    -0.022368424833985     0.060418029943321     0.037259271994117
     0.037259271994117     0.037259271994117     0.030353763622770
29 51
     0.005425711287899    -0.007810478928150     0.007810478928150
    -0.007810478928150     0.005425711287898     0.007810478928150
     0.007810478928150     0.007810478928150     0.005425711287899
29 52
    -0.104555772804815    -0.040372017974732     0.040372017974732
    -0.040372017974732    -0.025183232673953     0.029356550294324
     0.040372017974732     0.029356550294324    -0.025183232673953
29 53
     0.030353763622770    -0.037259271994117     0.037259271994117
    -0.037259271994117     0.060418029943321     0.022368424833985
     0.037259271994117     0.022368424833985     0.060418029943321
29 54
    -3.322380731651720    -2.515143668279051     2.515143668279051
    -2.515143668279053    -3.322380731651720     2.515143668279052
     2.515143668279052     2.515143668279051    -3.322380731651718
29 55
    -0.025183232673953    -0.029356550294324     0.040372017974732
    -0.029356550294324    -0.025183232673953     0.040372017974732
     0.040372017974732     0.040372017974732    -0.104555772804815
29 56
     0.060418029943321    -0.037259271994117     0.022368424833985
    -0.037259271994117     0.030353763622770     0.037259271994117
     0.022368424833985     0.037259271994117     0.060418029943321
29 57
    -0.230686433451410     0.048642867113813     0.234968497534282
    -0.048642867113813     0.326937544787143     0.048642867113813
     0.234968497534283    -0.048642867113813    -0.230686433451410
29 58
    -0.230686433451410     0.048642867113813    -0.234968497534282
    -0.048642867113813     0.326937544787142    -0.048642867113813
    -0.234968497534282     0.048642867113813    -0.230686433451410
29 59
    -0.026877338996201     0.010440718779137    -0.040986281237565
    -0.010440718779137     0.003309412613817     0.010440718779137
    -0.040986281237565    -0.010440718779137    -0.026877338996201
29 60
    -0.026877338996201     0.010440718779137     0.040986281237565
    -0.010440718779137     0.003309412613817    -0.010440718779137
     0.040986281237565     0.010440718779137    -0.026877338996201
29 61
    -0.230686433451410    -0.048642867113813    -0.234968497534282
     0.048642867113813     0.326937544787143     0.048642867113813
    -0.234968497534282    -0.048642867113813    -0.230686433451410
29 62
    -0.230686433451410    -0.048642867113813     0.234968497534282
     0.048642867113813     0.326937544787143    -0.048642867113813
     0.234968497534282     0.048642867113813    -0.230686433451410
29 63
    -0.026877338996201    -0.010440718779137     0.040986281237565
     0.010440718779137     0.003309412613817     0.010440718779137
     0.040986281237565    -0.010440718779137    -0.026877338996201
29 64
    -0.026877338996201    -0.010440718779137    -0.040986281237565
     0.010440718779137     0.003309412613817    -0.010440718779137
    -0.040986281237565     0.010440718779137    -0.026877338996201
30 1
    -0.025183232673953    -0.040372017974732    -0.029356550294324
    -0.040372017974732    -0.104555772804815    -0.040372017974732
    -0.029356550294324    -0.040372017974732    -0.025183232673953
30 2
     0.060418029943321    -0.022368424833985    -0.037259271994117
    -0.022368424833985     0.060418029943321    -0.037259271994117
    -0.037259271994117    -0.037259271994117     0.030353763622770
30 3
     0.005425711287899    -0.007810478928150    -0.007810478928150
    -0.007810478928150     0.005425711287899    -0.007810478928150
    -0.007810478928150    -0.007810478928150     0.005425711287899
30 4
    -0.104555772804815    -0.040372017974732    -0.040372017974732
    -0.040372017974732    -0.025183232673953    -0.029356550294324
    -0.040372017974732    -0.029356550294324    -0.025183232673953
30 5
     0.030353763622770    -0.037259271994117    -0.037259271994117
    -0.037259271994117     0.060418029943321    -0.022368424833985
    -0.037259271994117    -0.022368424833985     0.060418029943321
30 6
    -3.322380731651720    -2.515143668279053    -2.515143668279052
    -2.515143668279051    -3.322380731651720    -2.515143668279051
    -2.515143668279051    -2.515143668279052    -3.322380731651718
30 7
    -0.025183232673953    -0.029356550294324    -0.040372017974732
    -0.029356550294324    -0.025183232673953    -0.040372017974732
    -0.040372017974732    -0.040372017974732    -0.104555772804815
30 8
     0.060418029943321    -0.037259271994117    -0.022368424833985
    -0.037259271994117     0.030353763622770    -0.037259271994117
    -0.022368424833985    -0.037259271994117     0.060418029943321
30 9
     0.003309412613817    -0.010440718779137    -0.010440718779137
     0.010440718779137    -0.026877338996201     0.040986281237565
     0.010440718779137     0.040986281237565    -0.026877338996201
30 10
     0.326937544787142    -0.048642867113813    -0.048642867113813
     0.048642867113813    -0.230686433451410    -0.234968497534283
     0.048642867113813    -0.234968497534282    -0.230686433451410
30 11
     0.003309412613817    -0.010440718779137     0.010440718779137
     0.010440718779137    -0.026877338996201    -0.040986281237565
    -0.010440718779137    -0.040986281237565    -0.026877338996201
30 12
     0.326937544787143    -0.048642867113813     0.048642867113813
     0.048642867113813    -0.230686433451410     0.234968497534282
    -0.048642867113813     0.234968497534282    -0.230686433451410
30 13
     0.003309412613817     0.010440718779137    -0.010440718779137
    -0.010440718779137    -0.026877338996201    -0.040986281237565
     0.010440718779137    -0.040986281237565    -0.026877338996201
30 14
     0.326937544787143     0.048642867113813    -0.048642867113813
    -0.048642867113813    -0.230686433451410     0.234968497534282
     0.048642867113813     0.234968497534282    -0.230686433451410
30 15
     0.003309412613817     0.010440718779137     0.010440718779137
    -0.010440718779137    -0.026877338996201     0.040986281237565
    -0.010440718779137     0.040986281237565    -0.026877338996201
30 16
     0.326937544787142     0.048642867113813     0.048642867113813
    -0.048642867113813    -0.230686433451410    -0.234968497534282
    -0.048642867113813    -0.234968497534282    -0.230686433451410
30 17
     0.030353763622770     0.037259271994117     0.037259271994117
     0.037259271994117     0.060418029943321    -0.022368424833985
     0.037259271994117    -0.022368424833985     0.060418029943321
30 18
    -3.322380731651720     2.515143668279052     2.515143668279053
     2.515143668279051    -3.322380731651718    -2.515143668279052
     2.515143668279051    -2.515143668279051    -3.322380731651720
30 19
    -0.025183232673953     0.029356550294324     0.040372017974732
     0.029356550294324    -0.025183232673953    -0.040372017974732
     0.040372017974732    -0.040372017974732    -0.104555772804815
30 20
     0.060418029943321     0.037259271994117     0.022368424833985
     0.037259271994117     0.030353763622770    -0.037259271994117
     0.022368424833985    -0.037259271994117     0.060418029943321
30 21
    -0.025183232673953     0.040372017974732     0.029356550294324
     0.040372017974732    -0.104555772804815    -0.040372017974732
     0.029356550294324    -0.040372017974732    -0.025183232673953
30 22
     0.060418029943321     0.022368424833985     0.037259271994117
     0.022368424833985     0.060418029943321    -0.037259271994117
     0.037259271994117    -0.037259271994117     0.030353763622770
30 23
     0.005425711287899     0.007810478928150     0.007810478928150
     0.007810478928150     0.005425711287899    -0.007810478928150
     0.007810478928150    -0.007810478928150     0.005425711287899
30 24
    -0.104555772804815     0.040372017974732     0.040372017974732
     0.040372017974732    -0.025183232673953    -0.029356550294324
     0.040372017974732    -0.029356550294324    -0.025183232673953
30 25
    -0.002013487346631     0.000000000000000    -0.000000000000000
     0.000000000000000     0.192951181134049     0.000000000000000
    -0.000000000000000     0.000000000000000    -0.002013487346630
30 26
    -0.063411041583095     0.000000000000000    -0.000000000000000
    -0.000000000000000    -0.063411041583095    -0.000000000000000
     0.000000000000000     0.000000000000000    -0.067616379192259
30 27
    -0.008785683121459     0.000000000000000    -0.000000000000000
    -0.000000000000000    -0.008785683121459     0.000000000000000
     0.000000000000000     0.000000000000000    -0.008785683121459
30 28
     0.192951181134049     0.000000000000000    -0.000000000000000
    -0.000000000000000    -0.002013487346630    -0.000000000000000
    -0.000000000000000     0.000000000000000    -0.002013487346630
30 29
    -0.067616379192259     0.000000000000000    -0.000000000000000
    -0.000000000000000    -0.063411041583095     0.000000000000000
     0.000000000000000     0.000000000000000    -0.063411041583095
30 30
    14.036572029044692     0.000000000000000    -0.000000000000000
     0.000000000000000    14.036572029044686     0.000000000000000
    -0.000000000000000     0.000000000000000    14.036572029044690
30 31
    -0.002013487346631    -0.000000000000000    -0.000000000000000
     0.000000000000000    -0.002013487346630     0.000000000000000
    -0.000000000000000     0.000000000000000     0.192951181134049
30 32
    -0.063411041583095     0.000000000000000    -0.000000000000000
    -0.000000000000000    -0.067616379192259     0.000000000000000
     0.000000000000000    -0.000000000000000    -0.063411041583095
30 33
    -3.322380731651720     2.515143668279052    -2.515143668279053
     2.515143668279051    -3.322380731651718     2.515143668279052
    -2.515143668279051     2.515143668279051    -3.322380731651720
30 34
     0.030353763622770     0.037259271994117    -0.037259271994117
     0.037259271994117     0.060418029943321     0.022368424833985
    -0.037259271994117     0.022368424833985     0.060418029943321
30 35
     0.060418029943321     0.037259271994117    -0.022368424833985
     0.037259271994117     0.030353763622770     0.037259271994117
    -0.022368424833985     0.037259271994117     0.060418029943321
30 36
    -0.025183232673953     0.029356550294324    -0.040372017974732
     0.029356550294324    -0.025183232673953     0.040372017974732
    -0.040372017974732     0.040372017974732    -0.104555772804815
30 37
     0.060418029943321     0.022368424833985    -0.037259271994117
     0.022368424833985     0.060418029943321     0.037259271994117
    -0.037259271994117     0.037259271994117     0.030353763622770
30 38
    -0.025183232673953     0.040372017974732    -0.029356550294324
     0.040372017974732    -0.104555772804815     0.040372017974732
    -0.029356550294324     0.040372017974732    -0.025183232673953
30 39
    -0.104555772804815     0.040372017974732    -0.040372017974732
     0.040372017974732    -0.025183232673953     0.029356550294324
    -0.040372017974732     0.029356550294324    -0.025183232673953
30 40
     0.005425711287898     0.007810478928150    -0.007810478928150
     0.007810478928150     0.005425711287899     0.007810478928150
    -0.007810478928150     0.007810478928150     0.005425711287899
30 41
    -0.026877338996201     0.040986281237565     0.010440718779137
     0.040986281237565    -0.026877338996201     0.010440718779137
    -0.010440718779137    -0.010440718779137     0.003309412613817
30 42
    -0.026877338996201    -0.040986281237565     0.010440718779137
    -0.040986281237565    -0.026877338996201    -0.010440718779137
    -0.010440718779137     0.010440718779137     0.003309412613817
30 43
    -0.026877338996201    -0.040986281237565    -0.010440718779137
    -0.040986281237565    -0.026877338996201     0.010440718779137
     0.010440718779137    -0.010440718779137     0.003309412613817
30 44
    -0.026877338996201     0.040986281237565    -0.010440718779137
     0.040986281237565    -0.026877338996201    -0.010440718779137
     0.010440718779137     0.010440718779137     0.003309412613817
30 45
    -0.230686433451410    -0.234968497534283     0.048642867113813
    -0.234968497534282    -0.230686433451410     0.048642867113813
    -0.048642867113813    -0.048642867113813     0.326937544787143
30 46
    -0.230686433451410     0.234968497534283     0.048642867113813
     0.234968497534282    -0.230686433451410    -0.048642867113813
    -0.048642867113813     0.048642867113813     0.326937544787143
30 47
    -0.230686433451410     0.234968497534283    -0.048642867113813
     0.234968497534282    -0.230686433451410     0.048642867113813
     0.048642867113813    -0.048642867113813     0.326937544787143
30 48
    -0.230686433451410    -0.234968497534282    -0.048642867113813
    -0.234968497534283    -0.230686433451410    -0.048642867113813
     0.048642867113813     0.048642867113813     0.326937544787143
30 49
     0.060418029943321    -0.022368424833985     0.037259271994117
    -0.022368424833985     0.060418029943321     0.037259271994117
     0.037259271994117     0.037259271994117     0.030353763622770
30 50
    -0.025183232673953    -0.040372017974732     0.029356550294324
    -0.040372017974732    -0.104555772804815     0.040372017974732
     0.029356550294324     0.040372017974732    -0.025183232673953
30 51
    -0.104555772804815    -0.040372017974732     0.040372017974732
    -0.040372017974732    -0.025183232673953     0.029356550294324
     0.040372017974732     0.029356550294324    -0.025183232673953
30 52
     0.005425711287898    -0.007810478928150     0.007810478928150
    -0.007810478928150     0.005425711287899     0.007810478928150
     0.007810478928150     0.007810478928150     0.005425711287899
30 53
    -3.322380731651720    -2.515143668279052     2.515143668279053
    -2.515143668279051    -3.322380731651718     2.515143668279052
     2.515143668279051     2.515143668279051    -3.322380731651720
30 54
     0.030353763622770    -0.037259271994117     0.037259271994117
    -0.037259271994117     0.060418029943321     0.022368424833985
     0.037259271994117     0.022368424833985     0.060418029943321
30 55
     0.060418029943321    -0.037259271994117     0.022368424833985
    -0.037259271994117     0.030353763622770     0.037259271994117
     0.022368424833985     0.037259271994117     0.060418029943321
30 56
    -0.025183232673953    -0.029356550294324     0.040372017974732
    -0.029356550294324    -0.025183232673953     0.040372017974732
     0.040372017974732     0.040372017974732    -0.104555772804815
30 57
    -0.230686433451410     0.048642867113813    -0.234968497534283
    -0.048642867113813     0.326937544787142    -0.048642867113813
    -0.234968497534282     0.048642867113813    -0.230686433451410
30 58
    -0.230686433451410     0.048642867113813     0.234968497534283
    -0.048642867113813     0.326937544787142     0.048642867113813
     0.234968497534282    -0.048642867113813    -0.230686433451410
30 59
    -0.026877338996201     0.010440718779137     0.040986281237565
    -0.010440718779137     0.003309412613817    -0.010440718779137
     0.040986281237565     0.010440718779137    -0.026877338996201
30 60
    -0.026877338996201     0.010440718779137    -0.040986281237565
    -0.010440718779137     0.003309412613817     0.010440718779137
    -0.040986281237565    -0.010440718779137    -0.026877338996201
30 61
    -0.230686433451410    -0.048642867113813     0.234968497534283
     0.048642867113813     0.326937544787142    -0.048642867113813
     0.234968497534282     0.048642867113813    -0.230686433451410
30 62
    -0.230686433451410    -0.048642867113813    -0.234968497534283
     0.048642867113813     0.326937544787142     0.048642867113813
    -0.234968497534283    -0.048642867113813    -0.230686433451410
30 63
    -0.026877338996201    -0.010440718779137    -0.040986281237565
     0.010440718779137     0.003309412613817    -0.010440718779137
    -0.040986281237565     0.010440718779137    -0.026877338996201
30 64
    -0.026877338996201    -0.010440718779137     0.040986281237565
     0.010440718779137     0.003309412613817     0.010440718779137
     0.040986281237565    -0.010440718779137    -0.026877338996201
31 1
    -0.104555772804815    -0.040372017974732    -0.040372017974732
    -0.040372017974732    -0.025183232673953    -0.029356550294324
    -0.040372017974732    -0.029356550294324    -0.025183232673953
31 2
     0.005425711287898    -0.007810478928150    -0.007810478928150
    -0.007810478928150     0.005425711287899    -0.007810478928150
    -0.007810478928150    -0.007810478928150     0.005425711287899
31 3
     0.060418029943321    -0.022368424833985    -0.037259271994117
    -0.022368424833985     0.060418029943321    -0.037259271994117
    -0.037259271994117    -0.037259271994117     0.030353763622770
31 4
    -0.025183232673953    -0.040372017974732    -0.029356550294324
    -0.040372017974732    -0.104555772804815    -0.040372017974732
    -0.029356550294324    -0.040372017974732    -0.025183232673953
31 5
     0.060418029943321    -0.037259271994117    -0.022368424833985
    -0.037259271994117     0.030353763622770    -0.037259271994117
    -0.022368424833985    -0.037259271994117     0.060418029943321
31 6
    -0.025183232673953    -0.029356550294324    -0.040372017974732
    -0.029356550294324    -0.025183232673953    -0.040372017974732
    -0.040372017974732    -0.040372017974732    -0.104555772804815
31 7
    -3.322380731651720    -2.515143668279053    -2.515143668279052
    -2.515143668279051    -3.322380731651720    -2.515143668279051
    -2.515143668279051    -2.515143668279052    -3.322380731651718
31 8
     0.030353763622770    -0.037259271994117    -0.037259271994117
    -0.037259271994117     0.060418029943321    -0.022368424833985
    -0.037259271994117    -0.022368424833985     0.060418029943321
31 9
     0.326937544787142    -0.048642867113813     0.048642867113813
     0.048642867113813    -0.230686433451410     0.234968497534282
    -0.048642867113813     0.234968497534283    -0.230686433451410
31 10
     0.003309412613817    -0.010440718779137     0.010440718779137
     0.010440718779137    -0.026877338996201    -0.040986281237565
    -0.010440718779137    -0.040986281237565    -0.026877338996201
31 11
     0.326937544787143    -0.048642867113813    -0.048642867113813
     0.048642867113813    -0.230686433451410    -0.234968497534282
     0.048642867113813    -0.234968497534282    -0.230686433451410
31 12
     0.003309412613817    -0.010440718779137    -0.010440718779137
     0.010440718779137    -0.026877338996201     0.040986281237565
     0.010440718779137     0.040986281237565    -0.026877338996201
31 13
     0.326937544787143     0.048642867113813     0.048642867113813
    -0.048642867113813    -0.230686433451410    -0.234968497534282
    -0.048642867113813    -0.234968497534282    -0.230686433451410
31 14
     0.003309412613817     0.010440718779137     0.010440718779137
    -0.010440718779137    -0.026877338996201     0.040986281237565
    -0.010440718779137     0.040986281237565    -0.026877338996201
31 15
     0.326937544787143     0.048642867113813    -0.048642867113813
    -0.048642867113813    -0.230686433451410     0.234968497534282
     0.048642867113813     0.234968497534282    -0.230686433451410
31 16
     0.003309412613817     0.010440718779137    -0.010440718779137
    -0.010440718779137    -0.026877338996201    -0.040986281237565
     0.010440718779137    -0.040986281237565    -0.026877338996201
31 17
     0.060418029943321     0.037259271994117     0.022368424833985
     0.037259271994117     0.030353763622770    -0.037259271994117
     0.022368424833985    -0.037259271994117     0.060418029943321
31 18
    -0.025183232673953     0.029356550294324     0.040372017974732
     0.029356550294324    -0.025183232673953    -0.040372017974732
     0.040372017974732    -0.040372017974732    -0.104555772804815
31 19
    -3.322380731651720     2.515143668279052     2.515143668279053
     2.515143668279051    -3.322380731651718    -2.515143668279052
     2.515143668279051    -2.515143668279051    -3.322380731651720
31 20
     0.030353763622770     0.037259271994117     0.037259271994117
     0.037259271994117     0.060418029943321    -0.022368424833985
     0.037259271994117    -0.022368424833985     0.060418029943321
31 21
    -0.104555772804815     0.040372017974732     0.040372017974732
     0.040372017974732    -0.025183232673953    -0.029356550294324
     0.040372017974732    -0.029356550294324    -0.025183232673953
31 22
     0.005425711287898     0.007810478928150     0.007810478928150
     0.007810478928150     0.005425711287899    -0.007810478928150
     0.007810478928150    -0.007810478928150     0.005425711287899
31 23
     0.060418029943321     0.022368424833985     0.037259271994117
     0.022368424833985     0.060418029943321    -0.037259271994117
     0.037259271994117    -0.037259271994117     0.030353763622770
31 24
    -0.025183232673953     0.040372017974732     0.029356550294324
     0.040372017974732    -0.104555772804815    -0.040372017974732
     0.029356550294324    -0.040372017974732    -0.025183232673953
31 25
     0.192951181134049     0.000000000000000    -0.000000000000000
     0.000000000000000    -0.002013487346630     0.000000000000000
    -0.000000000000000     0.000000000000000    -0.002013487346630
31 26
    -0.008785683121460     0.000000000000000    -0.000000000000000
    -0.000000000000000    -0.008785683121459    -0.000000000000000
     0.000000000000000     0.000000000000000    -0.008785683121459
31 27
    -0.063411041583095     0.000000000000000    -0.000000000000000
    -0.000000000000000    -0.063411041583095     0.000000000000000
     0.000000000000000     0.000000000000000    -0.067616379192259
31 28
    -0.002013487346630     0.000000000000000    -0.000000000000000
    -0.000000000000000     0.192951181134049    -0.000000000000000
    -0.000000000000000     0.000000000000000    -0.002013487346630
31 29
    -0.063411041583095     0.000000000000000    -0.000000000000000
    -0.000000000000000    -0.067616379192259     0.000000000000000
     0.000000000000000     0.000000000000000    -0.063411041583095
31 30
    -0.002013487346631     0.000000000000000    -0.000000000000000
    -0.000000000000000    -0.002013487346630     0.000000000000000
    -0.000000000000000     0.000000000000000     0.192951181134049
31 31
    14.036572029044693    -0.000000000000000    -0.000000000000000
    -0.000000000000000    14.036572029044686     0.000000000000000
    -0.000000000000000     0.000000000000000    14.036572029044688
31 32
    -0.067616379192259     0.000000000000000    -0.000000000000000
    -0.000000000000000    -0.063411041583095     0.000000000000000
     0.000000000000000    -0.000000000000000    -0.063411041583095
31 33
    -0.025183232673953     0.029356550294324    -0.040372017974732
     0.029356550294324    -0.025183232673953     0.040372017974732
    -0.040372017974732     0.040372017974732    -0.104555772804815
31 34
     0.060418029943321     0.037259271994117    -0.022368424833985
     0.037259271994117     0.030353763622770     0.037259271994117
    -0.022368424833985     0.037259271994117     0.060418029943321
31 35
     0.030353763622770     0.037259271994117    -0.037259271994117
     0.037259271994117     0.060418029943321     0.022368424833985
    -0.037259271994117     0.022368424833985     0.060418029943321
31 36
    -3.322380731651720     2.515143668279052    -2.515143668279052
     2.515143668279052    -3.322380731651718     2.515143668279051
    -2.515143668279052     2.515143668279051    -3.322380731651718
31 37
     0.005425711287899     0.007810478928150    -0.007810478928150
     0.007810478928150     0.005425711287899     0.007810478928150
    -0.007810478928150     0.007810478928150     0.005425711287899
31 38
    -0.104555772804815     0.040372017974732    -0.040372017974732
     0.040372017974732    -0.025183232673953     0.029356550294324
    -0.040372017974732     0.029356550294324    -0.025183232673953
31 39
    -0.025183232673953     0.040372017974732    -0.029356550294324
     0.040372017974732    -0.104555772804815     0.040372017974732
    -0.029356550294324     0.040372017974732    -0.025183232673953
31 40
     0.060418029943321     0.022368424833985    -0.037259271994117
     0.022368424833985     0.060418029943321     0.037259271994117
    -0.037259271994117     0.037259271994117     0.030353763622770
31 41
    -0.026877338996201     0.040986281237565    -0.010440718779137
     0.040986281237565    -0.026877338996201    -0.010440718779137
     0.010440718779137     0.010440718779137     0.003309412613817
31 42
    -0.026877338996201    -0.040986281237565    -0.010440718779137
    -0.040986281237565    -0.026877338996201     0.010440718779137
     0.010440718779137    -0.010440718779137     0.003309412613817
31 43
    -0.026877338996201    -0.040986281237565     0.010440718779137
    -0.040986281237565    -0.026877338996201    -0.010440718779137
    -0.010440718779137     0.010440718779137     0.003309412613817
31 44
    -0.026877338996201     0.040986281237565     0.010440718779137
     0.040986281237565    -0.026877338996201     0.010440718779137
    -0.010440718779137    -0.010440718779137     0.003309412613817
31 45
    -0.230686433451410    -0.234968497534283    -0.048642867113813
    -0.234968497534282    -0.230686433451410    -0.048642867113813
     0.048642867113813     0.048642867113813     0.326937544787142
31 46
    -0.230686433451410     0.234968497534283    -0.048642867113813
     0.234968497534282    -0.230686433451410     0.048642867113813
     0.048642867113813    -0.048642867113813     0.326937544787143
31 47
    -0.230686433451410     0.234968497534283     0.048642867113813
     0.234968497534282    -0.230686433451410    -0.048642867113813
    -0.048642867113813     0.048642867113813     0.326937544787143
31 48
    -0.230686433451410    -0.234968497534282     0.048642867113813
    -0.234968497534283    -0.230686433451410     0.048642867113813
    -0.048642867113813    -0.048642867113813     0.326937544787142
31 49
     0.005425711287899    -0.007810478928150     0.007810478928150
    -0.007810478928150     0.005425711287899     0.007810478928150
     0.007810478928150     0.007810478928150     0.005425711287899
31 50
    -0.104555772804815    -0.040372017974732     0.040372017974732
    -0.040372017974732    -0.025183232673953     0.029356550294324
     0.040372017974732     0.029356550294324    -0.025183232673953
31 51
    -0.025183232673953    -0.040372017974732     0.029356550294324
    -0.040372017974732    -0.104555772804815     0.040372017974732
     0.029356550294324     0.040372017974732    -0.025183232673953
31 52
     0.060418029943321    -0.022368424833985     0.037259271994117
    -0.022368424833985     0.060418029943321     0.037259271994117
     0.037259271994117     0.037259271994117     0.030353763622770
31 53
    -0.025183232673953    -0.029356550294324     0.040372017974732
    -0.029356550294324    -0.025183232673953     0.040372017974732
     0.040372017974732     0.040372017974732    -0.104555772804815
31 54
     0.060418029943321    -0.037259271994117     0.022368424833985
    -0.037259271994117     0.030353763622770     0.037259271994117
     0.022368424833985     0.037259271994117     0.060418029943321
31 55
     0.030353763622770    -0.037259271994117     0.037259271994117
    -0.037259271994117     0.060418029943321     0.022368424833985
     0.037259271994117     0.022368424833985     0.060418029943321
31 56
    -3.322380731651720    -2.515143668279052     2.515143668279053
    -2.515143668279051    -3.322380731651718     2.515143668279052
     2.515143668279051     2.515143668279051    -3.322380731651720
31 57
    -0.026877338996201     0.010440718779137    -0.040986281237565
    -0.010440718779137     0.003309412613817     0.010440718779137
    -0.040986281237565    -0.010440718779137    -0.026877338996201
31 58
    -0.026877338996201     0.010440718779137     0.040986281237565
    -0.010440718779137     0.003309412613817    -0.010440718779137
     0.040986281237565     0.010440718779137    -0.026877338996201
31 59
    -0.230686433451410     0.048642867113813     0.234968497534283
    -0.048642867113813     0.326937544787143     0.048642867113813
     0.234968497534282    -0.048642867113813    -0.230686433451410
31 60
    -0.230686433451410     0.048642867113813    -0.234968497534283
    -0.048642867113813     0.326937544787143    -0.048642867113813
    -0.234968497534282     0.048642867113813    -0.230686433451410
31 61
    -0.026877338996201    -0.010440718779137     0.040986281237565
     0.010440718779137     0.003309412613817     0.010440718779137
     0.040986281237565    -0.010440718779137    -0.026877338996201
31 62
    -0.026877338996201    -0.010440718779137    -0.040986281237565
     0.010440718779137     0.003309412613817    -0.010440718779137
    -0.040986281237565     0.010440718779137    -0.026877338996201
31 63
    -0.230686433451410    -0.048642867113813    -0.234968497534283
     0.048642867113813     0.326937544787143     0.048642867113813
    -0.234968497534282    -0.048642867113813    -0.230686433451410
31 64
    -0.230686433451410    -0.048642867113813     0.234968497534283
     0.048642867113813     0.326937544787142    -0.048642867113813
     0.234968497534282     0.048642867113813    -0.230686433451410
32 1
     0.005425711287899    -0.007810478928150    -0.007810478928150
    -0.007810478928150     0.005425711287898    -0.007810478928150
    -0.007810478928150    -0.007810478928150     0.005425711287899
32 2
    -0.104555772804815    -0.040372017974732    -0.040372017974732
    -0.040372017974732    -0.025183232673953    -0.029356550294324
    -0.040372017974732    -0.029356550294324    -0.025183232673953
32 3
    -0.025183232673953    -0.040372017974732    -0.029356550294324
    -0.040372017974732    -0.104555772804815    -0.040372017974732
    -0.029356550294324    -0.040372017974732    -0.025183232673953
32 4
     0.060418029943321    -0.022368424833985    -0.037259271994117
    -0.022368424833985     0.060418029943321    -0.037259271994117
    -0.037259271994117    -0.037259271994117     0.030353763622770
32 5
    -0.025183232673953    -0.029356550294324    -0.040372017974732
    -0.029356550294324    -0.025183232673953    -0.040372017974732
    -0.040372017974732    -0.040372017974732    -0.104555772804815
32 6
     0.060418029943321    -0.037259271994117    -0.022368424833985
    -0.037259271994117     0.030353763622770    -0.037259271994117
    -0.022368424833985    -0.037259271994117     0.060418029943321
32 7
     0.030353763622770    -0.037259271994117    -0.037259271994117
    -0.037259271994117     0.060418029943321    -0.022368424833985
    -0.037259271994117    -0.022368424833985     0.060418029943321
32 8
    -3.322380731651720    -2.515143668279051    -2.515143668279051
    -2.515143668279053    -3.322380731651720    -2.515143668279052
    -2.515143668279052    -2.515143668279051    -3.322380731651718
32 9
     0.003309412613817    -0.010440718779137     0.010440718779137
     0.010440718779137    -0.026877338996201    -0.040986281237565
    -0.010440718779137    -0.040986281237565    -0.026877338996201
32 10
     0.326937544787142    -0.048642867113813     0.048642867113813
     0.048642867113813    -0.230686433451410     0.234968497534283
    -0.048642867113813     0.234968497534282    -0.230686433451410
32 11
     0.003309412613817    -0.010440718779137    -0.010440718779137
     0.010440718779137    -0.026877338996201     0.040986281237565
     0.010440718779137     0.040986281237565    -0.026877338996201
32 12
     0.326937544787143    -0.048642867113813    -0.048642867113813
     0.048642867113813    -0.230686433451410    -0.234968497534283
     0.048642867113813    -0.234968497534282    -0.230686433451410
32 13
     0.003309412613817     0.010440718779137     0.010440718779137
    -0.010440718779137    -0.026877338996201     0.040986281237565
    -0.010440718779137     0.040986281237565    -0.026877338996201
32 14
     0.326937544787143     0.048642867113813     0.048642867113813
    -0.048642867113813    -0.230686433451410    -0.234968497534283
    -0.048642867113813    -0.234968497534282    -0.230686433451410
32 15
     0.003309412613817     0.010440718779137    -0.010440718779137
    -0.010440718779137    -0.026877338996201    -0.040986281237565
     0.010440718779137    -0.040986281237565    -0.026877338996201
32 16
     0.326937544787142     0.048642867113813    -0.048642867113813
    -0.048642867113813    -0.230686433451410     0.234968497534282
     0.048642867113813     0.234968497534282    -0.230686433451410
32 17
    -0.025183232673953     0.029356550294324     0.040372017974732
     0.029356550294324    -0.025183232673953    -0.040372017974732
     0.040372017974732    -0.040372017974732    -0.104555772804815
32 18
     0.060418029943321     0.037259271994117     0.022368424833985
     0.037259271994117     0.030353763622770    -0.037259271994117
     0.022368424833985    -0.037259271994117     0.060418029943321
32 19
     0.030353763622770     0.037259271994117     0.037259271994117
     0.037259271994117     0.060418029943321    -0.022368424833985
     0.037259271994117    -0.022368424833985     0.060418029943321
32 20
    -3.322380731651718     2.515143668279052     2.515143668279051
     2.515143668279052    -3.322380731651720    -2.515143668279052
     2.515143668279051    -2.515143668279052    -3.322380731651718
32 21
     0.005425711287899     0.007810478928150     0.007810478928150
     0.007810478928150     0.005425711287899    -0.007810478928150
     0.007810478928150    -0.007810478928150     0.005425711287899
32 22
    -0.104555772804815     0.040372017974732     0.040372017974732
     0.040372017974732    -0.025183232673953    -0.029356550294324
     0.040372017974732    -0.029356550294324    -0.025183232673953
32 23
    -0.025183232673953     0.040372017974732     0.029356550294324
     0.040372017974732    -0.104555772804815    -0.040372017974732
     0.029356550294324    -0.040372017974732    -0.025183232673953
32 24
     0.060418029943321     0.022368424833985     0.037259271994117
     0.022368424833985     0.060418029943321    -0.037259271994117
     0.037259271994117    -0.037259271994117     0.030353763622770
32 25
    -0.008785683121459    -0.000000000000000     0.000000000000000
     0.000000000000000    -0.008785683121459    -0.000000000000000
    -0.000000000000000     0.000000000000000    -0.008785683121459
32 26
     0.192951181134049    -0.000000000000000     0.000000000000000
     0.000000000000000    -0.002013487346630    -0.000000000000000
     0.000000000000000     0.000000000000000    -0.002013487346630
32 27
    -0.002013487346630    -0.000000000000000     0.000000000000000
     0.000000000000000     0.192951181134049     0.000000000000000
     0.000000000000000     0.000000000000000    -0.002013487346630
32 28
    -0.063411041583095     0.000000000000000     0.000000000000000
     0.000000000000000    -0.063411041583095    -0.000000000000000
    -0.000000000000000     0.000000000000000    -0.067616379192259
32 29
    -0.002013487346630     0.000000000000000    -0.000000000000000
     0.000000000000000    -0.002013487346631     0.000000000000000
     0.000000000000000     0.000000000000000     0.192951181134049
32 30
    -0.063411041583095    -0.000000000000000     0.000000000000000
     0.000000000000000    -0.067616379192259    -0.000000000000000
    -0.000000000000000     0.000000000000000    -0.063411041583095
32 31
    -0.067616379192259    -0.000000000000000     0.000000000000000
     0.000000000000000    -0.063411041583095    -0.000000000000000
    -0.000000000000000     0.000000000000000    -0.063411041583095
32 32
    14.036572029044686    -0.000000000000000     0.000000000000000
    -0.000000000000000    14.036572029044693    -0.000000000000000
     0.000000000000000    -0.000000000000000    14.036572029044688
32 33
     0.060418029943321     0.037259271994117    -0.022368424833985
     0.037259271994117     0.030353763622770     0.037259271994117
    -0.022368424833985     0.037259271994117     0.060418029943321
32 34
    -0.025183232673953     0.029356550294324    -0.040372017974732
     0.029356550294324    -0.025183232673953     0.040372017974732
    -0.040372017974732     0.040372017974732    -0.104555772804815
32 35
    -3.322380731651718     2.515143668279051    -2.515143668279052
     2.515143668279052    -3.322380731651720     2.515143668279053
    -2.515143668279051     2.515143668279051    -3.322380731651720
32 36
     0.030353763622770     0.037259271994117    -0.037259271994117
     0.037259271994117     0.060418029943321     0.022368424833985
    -0.037259271994117     0.022368424833985     0.060418029943321
32 37
    -0.104555772804815     0.040372017974732    -0.040372017974732
     0.040372017974732    -0.025183232673953     0.029356550294324
    -0.040372017974732     0.029356550294324    -0.025183232673953
32 38
     0.005425711287899     0.007810478928150    -0.007810478928150
     0.007810478928150     0.005425711287899     0.007810478928150
    -0.007810478928150     0.007810478928150     0.005425711287899
32 39
     0.060418029943321     0.022368424833985    -0.037259271994117
     0.022368424833985     0.060418029943321     0.037259271994117
    -0.037259271994117     0.037259271994117     0.030353763622770
32 40
    -0.025183232673953     0.040372017974732    -0.029356550294324
     0.040372017974732    -0.104555772804815     0.040372017974732
    -0.029356550294324     0.040372017974732    -0.025183232673953
32 41
    -0.026877338996201    -0.040986281237565    -0.010440718779137
    -0.040986281237565    -0.026877338996201     0.010440718779137
     0.010440718779137    -0.010440718779137     0.003309412613817
32 42
    -0.026877338996201     0.040986281237565    -0.010440718779137
     0.040986281237565    -0.026877338996201    -0.010440718779137
     0.010440718779137     0.010440718779137     0.003309412613817
32 43
    -0.026877338996201     0.040986281237565     0.010440718779137
     0.040986281237565    -0.026877338996201     0.010440718779137
    -0.010440718779137    -0.010440718779137     0.003309412613817
32 44
    -0.026877338996201    -0.040986281237565     0.010440718779137
    -0.040986281237565    -0.026877338996201    -0.010440718779137
    -0.010440718779137     0.010440718779137     0.003309412613817
32 45
    -0.230686433451410     0.234968497534283    -0.048642867113813
     0.234968497534283    -0.230686433451410     0.048642867113813
     0.048642867113813    -0.048642867113813     0.326937544787142
32 46
    -0.230686433451410    -0.234968497534282    -0.048642867113813
    -0.234968497534282    -0.230686433451410    -0.048642867113813
     0.048642867113813     0.048642867113813     0.326937544787143
32 47
    -0.230686433451410    -0.234968497534283     0.048642867113813
    -0.234968497534282    -0.230686433451410     0.048642867113813
    -0.048642867113813    -0.048642867113813     0.326937544787143
32 48
    -0.230686433451410     0.234968497534282     0.048642867113813
     0.234968497534283    -0.230686433451410    -0.048642867113813
    -0.048642867113813     0.048642867113813     0.326937544787142
32 49
    -0.104555772804815    -0.040372017974732     0.040372017974732
    -0.040372017974732    -0.025183232673953     0.029356550294324
     0.040372017974732     0.029356550294324    -0.025183232673953
32 50
     0.005425711287899    -0.007810478928150     0.007810478928150
    -0.007810478928150     0.005425711287899     0.007810478928150
     0.007810478928150     0.007810478928150     0.005425711287899
32 51
     0.060418029943321    -0.022368424833985     0.037259271994117
    -0.022368424833985     0.060418029943321     0.037259271994117
     0.037259271994117     0.037259271994117     0.030353763622770
32 52
    -0.025183232673953    -0.040372017974732     0.029356550294324
    -0.040372017974732    -0.104555772804815     0.040372017974732
     0.029356550294324     0.040372017974732    -0.025183232673953
32 53
     0.060418029943321    -0.037259271994117     0.022368424833985
    -0.037259271994117     0.030353763622770     0.037259271994117
     0.022368424833985     0.037259271994117     0.060418029943321
32 54
    -0.025183232673953    -0.029356550294324     0.040372017974732
    -0.029356550294324    -0.025183232673953     0.040372017974732
     0.040372017974732     0.040372017974732    -0.104555772804815
32 55
    -3.322380731651718    -2.515143668279051     2.515143668279052
    -2.515143668279052    -3.322380731651720     2.515143668279053
     2.515143668279051     2.515143668279051    -3.322380731651720
32 56
     0.030353763622770    -0.037259271994117     0.037259271994117
    -0.037259271994117     0.060418029943321     0.022368424833985
     0.037259271994117     0.022368424833985     0.060418029943321
32 57
    -0.026877338996201     0.010440718779137     0.040986281237565
    -0.010440718779137     0.003309412613817    -0.010440718779137
     0.040986281237565     0.010440718779137    -0.026877338996201
32 58
    -0.026877338996201     0.010440718779137    -0.040986281237565
    -0.010440718779137     0.003309412613817     0.010440718779137
    -0.040986281237565    -0.010440718779137    -0.026877338996201
32 59
    -0.230686433451410     0.048642867113813    -0.234968497534283
    -0.048642867113813     0.326937544787143    -0.048642867113813
    -0.234968497534282     0.048642867113813    -0.230686433451410
32 60
    -0.230686433451410     0.048642867113813     0.234968497534282
    -0.048642867113813     0.326937544787143     0.048642867113813
     0.234968497534282    -0.048642867113813    -0.230686433451410
32 61
    -0.026877338996201    -0.010440718779137    -0.040986281237565
     0.010440718779137     0.003309412613817    -0.010440718779137
    -0.040986281237565     0.010440718779137    -0.026877338996201
32 62
    -0.026877338996201    -0.010440718779137     0.040986281237565
     0.010440718779137     0.003309412613817     0.010440718779137
     0.040986281237565    -0.010440718779137    -0.026877338996201
32 63
    -0.230686433451410    -0.048642867113813     0.234968497534282
     0.048642867113813     0.326937544787143    -0.048642867113813
     0.234968497534282     0.048642867113813    -0.230686433451410
32 64
    -0.230686433451410    -0.048642867113813    -0.234968497534282
     0.048642867113813     0.326937544787142     0.048642867113813
    -0.234968497534282    -0.048642867113813    -0.230686433451410
33 1
    -0.230686433451410    -0.048642867113813    -0.234968497534282
     0.048642867113813     0.326937544787142     0.048642867113813
    -0.234968497534282    -0.048642867113813    -0.230686433451410
33 2
    -0.230686433451410    -0.048642867113813     0.234968497534282
     0.048642867113813     0.326937544787142    -0.048642867113813
     0.234968497534283     0.048642867113813    -0.230686433451410
33 3
    -0.026877338996201    -0.010440718779137     0.040986281237565
     0.010440718779137     0.003309412613817     0.010440718779137
     0.040986281237565    -0.010440718779137    -0.026877338996201
33 4
    -0.026877338996201    -0.010440718779137    -0.040986281237565
     0.010440718779137     0.003309412613817    -0.010440718779137
    -0.040986281237565     0.010440718779137    -0.026877338996201
33 5
    -0.230686433451410     0.048642867113813     0.234968497534282
    -0.048642867113813     0.326937544787143     0.048642867113813
     0.234968497534283    -0.048642867113813    -0.230686433451410
33 6
    -0.230686433451410     0.048642867113813    -0.234968497534282
    -0.048642867113813     0.326937544787142    -0.048642867113813
    -0.234968497534282     0.048642867113813    -0.230686433451410
33 7
    -0.026877338996201     0.010440718779137    -0.040986281237565
    -0.010440718779137     0.003309412613817     0.010440718779137
    -0.040986281237565    -0.010440718779137    -0.026877338996201
33 8
    -0.026877338996201     0.010440718779137     0.040986281237565
    -0.010440718779137     0.003309412613817    -0.010440718779137
     0.040986281237565     0.010440718779137    -0.026877338996201
33 9
    -0.025183232673953    -0.029356550294324     0.040372017974732
    -0.029356550294324    -0.025183232673953     0.040372017974732
     0.040372017974732     0.040372017974732    -0.104555772804815
33 10
     0.060418029943321    -0.037259271994117     0.022368424833985
    -0.037259271994117     0.030353763622770     0.037259271994117
     0.022368424833985     0.037259271994117     0.060418029943321
33 11
     0.030353763622770    -0.037259271994117     0.037259271994117
    -0.037259271994117     0.060418029943321     0.022368424833985
     0.037259271994117     0.022368424833985     0.060418029943321
33 12
    -3.322380731651720    -2.515143668279051     2.515143668279051
    -2.515143668279052    -3.322380731651718     2.515143668279051
     2.515143668279053     2.515143668279052    -3.322380731651720
33 13
     0.005425711287899    -0.007810478928150     0.007810478928150
    -0.007810478928150     0.005425711287899     0.007810478928150
     0.007810478928150     0.007810478928150     0.005425711287899
33 14
    -0.104555772804815    -0.040372017974732     0.040372017974732
    -0.040372017974732    -0.025183232673953     0.029356550294324
     0.040372017974732     0.029356550294324    -0.025183232673953
33 15
    -0.025183232673953    -0.040372017974732     0.029356550294324
    -0.040372017974732    -0.104555772804815     0.040372017974732
     0.029356550294324     0.040372017974732    -0.025183232673953
33 16
     0.060418029943321    -0.022368424833985     0.037259271994117
    -0.022368424833985     0.060418029943321     0.037259271994117
     0.037259271994117     0.037259271994117     0.030353763622770
33 17
    -0.230686433451410    -0.234968497534283    -0.048642867113813
    -0.234968497534282    -0.230686433451410    -0.048642867113813
     0.048642867113813     0.048642867113813     0.326937544787142
33 18
    -0.230686433451410     0.234968497534282    -0.048642867113813
     0.234968497534282    -0.230686433451410     0.048642867113813
     0.048642867113813    -0.048642867113813     0.326937544787143
33 19
    -0.230686433451410     0.234968497534282     0.048642867113813
     0.234968497534282    -0.230686433451410    -0.048642867113813
    -0.048642867113813     0.048642867113813     0.326937544787143
33 20
    -0.230686433451410    -0.234968497534283     0.048642867113813
    -0.234968497534282    -0.230686433451410     0.048642867113813
    -0.048642867113813    -0.048642867113813     0.326937544787142
33 21
    -0.026877338996201     0.040986281237565    -0.010440718779137
     0.040986281237565    -0.026877338996201    -0.010440718779137
     0.010440718779137     0.010440718779137     0.003309412613817
33 22
    -0.026877338996201    -0.040986281237565    -0.010440718779137
    -0.040986281237565    -0.026877338996201     0.010440718779137
     0.010440718779137    -0.010440718779137     0.003309412613817
33 23
    -0.026877338996201    -0.040986281237565     0.010440718779137
    -0.040986281237565    -0.026877338996201    -0.010440718779137
    -0.010440718779137     0.010440718779137     0.003309412613817
33 24
    -0.026877338996201     0.040986281237565     0.010440718779137
     0.040986281237565    -0.026877338996201     0.010440718779137
    -0.010440718779137    -0.010440718779137     0.003309412613817
33 25
    -0.025183232673953     0.040372017974732    -0.029356550294324
     0.040372017974732    -0.104555772804815     0.040372017974732
    -0.029356550294324     0.040372017974732    -0.025183232673953
33 26
     0.060418029943321     0.022368424833985    -0.037259271994117
     0.022368424833985     0.060418029943321     0.037259271994117
    -0.037259271994117     0.037259271994117     0.030353763622770
33 27
     0.005425711287899     0.007810478928150    -0.007810478928150
     0.007810478928150     0.005425711287899     0.007810478928150
    -0.007810478928150     0.007810478928150     0.005425711287899
33 28
    -0.104555772804815     0.040372017974732    -0.040372017974732
     0.040372017974732    -0.025183232673953     0.029356550294324
    -0.040372017974732     0.029356550294324    -0.025183232673953
33 29
     0.030353763622770     0.037259271994117    -0.037259271994117
     0.037259271994117     0.060418029943321     0.022368424833985
    -0.037259271994117     0.022368424833985     0.060418029943321
33 30
    -3.322380731651720     2.515143668279051    -2.515143668279051
     2.515143668279052    -3.322380731651718     2.515143668279051
    -2.515143668279053     2.515143668279052    -3.322380731651720
33 31
    -0.025183232673953     0.029356550294324    -0.040372017974732
     0.029356550294324    -0.025183232673953     0.040372017974732
    -0.040372017974732     0.040372017974732    -0.104555772804815
33 32
     0.060418029943321     0.037259271994117    -0.022368424833985
     0.037259271994117     0.030353763622770     0.037259271994117
    -0.022368424833985     0.037259271994117     0.060418029943321
33 33
    14.036572029044690     0.000000000000000    -0.000000000000000
     0.000000000000000    14.036572029044688     0.000000000000000
    -0.000000000000000     0.000000000000000    14.036572029044692
33 34
    -0.067616379192259    -0.000000000000000    -0.000000000000000
    -0.000000000000000    -0.063411041583095    -0.000000000000000
     0.000000000000000     0.000000000000000    -0.063411041583095
33 35
    -0.063411041583095    -0.000000000000000     0.000000000000000
    -0.000000000000000    -0.067616379192259    -0.000000000000000
     0.000000000000000     0.000000000000000    -0.063411041583095
33 36
    -0.002013487346630    -0.000000000000000     0.000000000000000
     0.000000000000000    -0.002013487346630    -0.000000000000000
     0.000000000000000     0.000000000000000     0.192951181134049
33 37
    -0.063411041583094    -0.000000000000000    -0.000000000000000
     0.000000000000000    -0.063411041583095    -0.000000000000000
     0.000000000000000     0.000000000000000    -0.067616379192259
33 38
    -0.002013487346630    -0.000000000000000    -0.000000000000000
     0.000000000000000     0.192951181134049    -0.000000000000000
     0.000000000000000     0.000000000000000    -0.002013487346631
33 39
     0.192951181134049    -0.000000000000000    -0.000000000000000
     0.000000000000000    -0.002013487346630    -0.000000000000000
     0.000000000000000    -0.000000000000000    -0.002013487346630
33 40
    -0.008785683121459    -0.000000000000000     0.000000000000000
     0.000000000000000    -0.008785683121459    -0.000000000000000
     0.000000000000000     0.000000000000000    -0.008785683121460
33 41
    -0.104555772804815     0.040372017974732     0.040372017974732
     0.040372017974732    -0.025183232673953    -0.029356550294324
     0.040372017974732    -0.029356550294324    -0.025183232673953
33 42
     0.005425711287899     0.007810478928150     0.007810478928150
     0.007810478928150     0.005425711287899    -0.007810478928150
     0.007810478928150    -0.007810478928150     0.005425711287898
33 43
     0.060418029943321     0.022368424833985     0.037259271994117
     0.022368424833985     0.060418029943321    -0.037259271994117
     0.037259271994117    -0.037259271994117     0.030353763622770
33 44
    -0.025183232673953     0.040372017974732     0.029356550294324
     0.040372017974732    -0.104555772804815    -0.040372017974732
     0.029356550294324    -0.040372017974732    -0.025183232673953
33 45
     0.060418029943321     0.037259271994117     0.022368424833985
     0.037259271994117     0.030353763622770    -0.037259271994117
     0.022368424833985    -0.037259271994117     0.060418029943321
33 46
    -0.025183232673953     0.029356550294324     0.040372017974732
     0.029356550294324    -0.025183232673953    -0.040372017974732
     0.040372017974732    -0.040372017974732    -0.104555772804815
33 47
    -3.322380731651718     2.515143668279052     2.515143668279051
     2.515143668279051    -3.322380731651720    -2.515143668279051
     2.515143668279052    -2.515143668279053    -3.322380731651720
33 48
     0.030353763622770     0.037259271994117     0.037259271994117
     0.037259271994117     0.060418029943321    -0.022368424833985
     0.037259271994117    -0.022368424833985     0.060418029943321
33 49
     0.326937544787143     0.048642867113813     0.048642867113813
    -0.048642867113813    -0.230686433451410    -0.234968497534282
    -0.048642867113813    -0.234968497534283    -0.230686433451410
33 50
     0.003309412613817     0.010440718779137     0.010440718779137
    -0.010440718779137    -0.026877338996201     0.040986281237565
    -0.010440718779137     0.040986281237565    -0.026877338996201
33 51
     0.326937544787143     0.048642867113813    -0.048642867113813
    -0.048642867113813    -0.230686433451410     0.234968497534282
     0.048642867113813     0.234968497534283    -0.230686433451410
33 52
     0.003309412613817     0.010440718779137    -0.010440718779137
    -0.010440718779137    -0.026877338996201    -0.040986281237565
     0.010440718779137    -0.040986281237565    -0.026877338996201
33 53
     0.326937544787143    -0.048642867113813     0.048642867113813
     0.048642867113813    -0.230686433451410     0.234968497534283
    -0.048642867113813     0.234968497534283    -0.230686433451410
33 54
     0.003309412613817    -0.010440718779137     0.010440718779137
     0.010440718779137    -0.026877338996201    -0.040986281237565
    -0.010440718779137    -0.040986281237565    -0.026877338996201
33 55
     0.326937544787143    -0.048642867113813    -0.048642867113813
     0.048642867113813    -0.230686433451410    -0.234968497534282
     0.048642867113813    -0.234968497534283    -0.230686433451410
33 56
     0.003309412613817    -0.010440718779137    -0.010440718779137
     0.010440718779137    -0.026877338996201     0.040986281237565
     0.010440718779137     0.040986281237565    -0.026877338996201
33 57
    -3.322380731651720    -2.515143668279051    -2.515143668279051
    -2.515143668279052    -3.322380731651718    -2.515143668279051
    -2.515143668279053    -2.515143668279052    -3.322380731651720
33 58
     0.030353763622770    -0.037259271994117    -0.037259271994117
    -0.037259271994117     0.060418029943321    -0.022368424833985
    -0.037259271994117    -0.022368424833985     0.060418029943321
33 59
     0.060418029943321    -0.037259271994117    -0.022368424833985
    -0.037259271994117     0.030353763622770    -0.037259271994117
    -0.022368424833985    -0.037259271994117     0.060418029943321
33 60
    -0.025183232673953    -0.029356550294324    -0.040372017974732
    -0.029356550294324    -0.025183232673953    -0.040372017974732
    -0.040372017974732    -0.040372017974732    -0.104555772804815
33 61
     0.060418029943321    -0.022368424833985    -0.037259271994117
    -0.022368424833985     0.060418029943321    -0.037259271994117
    -0.037259271994117    -0.037259271994117     0.030353763622770
33 62
    -0.025183232673953    -0.040372017974732    -0.029356550294324
    -0.040372017974732    -0.104555772804815    -0.040372017974732
    -0.029356550294324    -0.040372017974732    -0.025183232673953
33 63
    -0.104555772804815    -0.040372017974732    -0.040372017974732
    -0.040372017974732    -0.025183232673953    -0.029356550294324
    -0.040372017974732    -0.029356550294324    -0.025183232673953
33 64
     0.005425711287899    -0.007810478928150    -0.007810478928150
    -0.007810478928150     0.005425711287899    -0.007810478928150
    -0.007810478928150    -0.007810478928150     0.005425711287898
34 1
    -0.230686433451410    -0.048642867113813     0.234968497534282
     0.048642867113813     0.326937544787142    -0.048642867113813
     0.234968497534282     0.048642867113813    -0.230686433451410
34 2
    -0.230686433451410    -0.048642867113813    -0.234968497534282
     0.048642867113813     0.326937544787142     0.048642867113813
    -0.234968497534283    -0.048642867113813    -0.230686433451410
34 3
    -0.026877338996201    -0.010440718779137    -0.040986281237565
     0.010440718779137     0.003309412613817    -0.010440718779137
    -0.040986281237565     0.010440718779137    -0.026877338996201
34 4
    -0.026877338996201    -0.010440718779137     0.040986281237565
     0.010440718779137     0.003309412613817     0.010440718779137
     0.040986281237565    -0.010440718779137    -0.026877338996201
34 5
    -0.230686433451410     0.048642867113813    -0.234968497534282
    -0.048642867113813     0.326937544787143    -0.048642867113813
    -0.234968497534283     0.048642867113813    -0.230686433451410
34 6
    -0.230686433451410     0.048642867113813     0.234968497534282
    -0.048642867113813     0.326937544787142     0.048642867113813
     0.234968497534282    -0.048642867113813    -0.230686433451410
34 7
    -0.026877338996201     0.010440718779137     0.040986281237565
    -0.010440718779137     0.003309412613817    -0.010440718779137
     0.040986281237565     0.010440718779137    -0.026877338996201
34 8
    -0.026877338996201     0.010440718779137    -0.040986281237565
    -0.010440718779137     0.003309412613817     0.010440718779137
    -0.040986281237565    -0.010440718779137    -0.026877338996201
34 9
     0.060418029943321    -0.037259271994117     0.022368424833985
    -0.037259271994117     0.030353763622770     0.037259271994117
     0.022368424833985     0.037259271994117     0.060418029943321
34 10
    -0.025183232673953    -0.029356550294324     0.040372017974732
    -0.029356550294324    -0.025183232673953     0.040372017974732
     0.040372017974732     0.040372017974732    -0.104555772804815
34 11
    -3.322380731651720    -2.515143668279051     2.515143668279051
    -2.515143668279052    -3.322380731651718     2.515143668279051
     2.515143668279053     2.515143668279052    -3.322380731651720
34 12
     0.030353763622770    -0.037259271994117     0.037259271994117
    -0.037259271994117     0.060418029943321     0.022368424833985
     0.037259271994117     0.022368424833985     0.060418029943321
34 13
    -0.104555772804815    -0.040372017974732     0.040372017974732
    -0.040372017974732    -0.025183232673953     0.029356550294324
     0.040372017974732     0.029356550294324    -0.025183232673953
34 14
     0.005425711287899    -0.007810478928150     0.007810478928150
    -0.007810478928150     0.005425711287899     0.007810478928150
     0.007810478928150     0.007810478928150     0.005425711287899
34 15
     0.060418029943321    -0.022368424833985     0.037259271994117
    -0.022368424833985     0.060418029943321     0.037259271994117
     0.037259271994117     0.037259271994117     0.030353763622770
34 16
    -0.025183232673953    -0.040372017974732     0.029356550294324
    -0.040372017974732    -0.104555772804815     0.040372017974732
     0.029356550294324     0.040372017974732    -0.025183232673953
34 17
    -0.230686433451410     0.234968497534283    -0.048642867113813
     0.234968497534282    -0.230686433451410     0.048642867113813
     0.048642867113813    -0.048642867113813     0.326937544787142
34 18
    -0.230686433451410    -0.234968497534282    -0.048642867113813
    -0.234968497534282    -0.230686433451410    -0.048642867113813
     0.048642867113813     0.048642867113813     0.326937544787143
34 19
    -0.230686433451410    -0.234968497534282     0.048642867113813
    -0.234968497534282    -0.230686433451410     0.048642867113813
    -0.048642867113813    -0.048642867113813     0.326937544787143
34 20
    -0.230686433451410     0.234968497534282     0.048642867113813
     0.234968497534282    -0.230686433451410    -0.048642867113813
    -0.048642867113813     0.048642867113813     0.326937544787142
34 21
    -0.026877338996201    -0.040986281237565    -0.010440718779137
    -0.040986281237565    -0.026877338996201     0.010440718779137
     0.010440718779137    -0.010440718779137     0.003309412613817
34 22
    -0.026877338996201     0.040986281237565    -0.010440718779137
     0.040986281237565    -0.026877338996201    -0.010440718779137
     0.010440718779137     0.010440718779137     0.003309412613817
34 23
    -0.026877338996201     0.040986281237565     0.010440718779137
     0.040986281237565    -0.026877338996201     0.010440718779137
    -0.010440718779137    -0.010440718779137     0.003309412613817
34 24
    -0.026877338996201    -0.040986281237565     0.010440718779137
    -0.040986281237565    -0.026877338996201    -0.010440718779137
    -0.010440718779137     0.010440718779137     0.003309412613817
34 25
     0.060418029943321     0.022368424833985    -0.037259271994117
     0.022368424833985     0.060418029943321     0.037259271994117
    -0.037259271994117     0.037259271994117     0.030353763622770
34 26
    -0.025183232673953     0.040372017974732    -0.029356550294324
     0.040372017974732    -0.104555772804815     0.040372017974732
    -0.029356550294324     0.040372017974732    -0.025183232673953
34 27
    -0.104555772804815     0.040372017974732    -0.040372017974732
     0.040372017974732    -0.025183232673953     0.029356550294324
    -0.040372017974732     0.029356550294324    -0.025183232673953
34 28
     0.005425711287899     0.007810478928150    -0.007810478928150
     0.007810478928150     0.005425711287899     0.007810478928150
    -0.007810478928150     0.007810478928150     0.005425711287898
34 29
    -3.322380731651718     2.515143668279052    -2.515143668279051
     2.515143668279051    -3.322380731651720     2.515143668279051
    -2.515143668279052     2.515143668279053    -3.322380731651720
34 30
     0.030353763622770     0.037259271994117    -0.037259271994117
     0.037259271994117     0.060418029943321     0.022368424833985
    -0.037259271994117     0.022368424833985     0.060418029943321
34 31
     0.060418029943321     0.037259271994117    -0.022368424833985
     0.037259271994117     0.030353763622770     0.037259271994117
    -0.022368424833985     0.037259271994117     0.060418029943321
34 32
    -0.025183232673953     0.029356550294324    -0.040372017974732
     0.029356550294324    -0.025183232673953     0.040372017974732
    -0.040372017974732     0.040372017974732    -0.104555772804815
34 33
    -0.067616379192259    -0.000000000000000     0.000000000000000
    -0.000000000000000    -0.063411041583095     0.000000000000000
    -0.000000000000000    -0.000000000000000    -0.063411041583095
34 34
    14.036572029044688    -0.000000000000000    -0.000000000000000
    -0.000000000000000    14.036572029044688     0.000000000000000
    -0.000000000000000     0.000000000000000    14.036572029044692
34 35
    -0.002013487346630    -0.000000000000000     0.000000000000000
    -0.000000000000000    -0.002013487346630     0.000000000000000
    -0.000000000000000    -0.000000000000000     0.192951181134049
34 36
    -0.063411041583095    -0.000000000000000     0.000000000000000
     0.000000000000000    -0.067616379192259     0.000000000000000
    -0.000000000000000     0.000000000000000    -0.063411041583095
34 37
    -0.002013487346630    -0.000000000000000     0.000000000000000
    -0.000000000000000     0.192951181134049     0.000000000000000
    -0.000000000000000     0.000000000000000    -0.002013487346630
34 38
    -0.063411041583095    -0.000000000000000     0.000000000000000
     0.000000000000000    -0.063411041583095     0.000000000000000
    -0.000000000000000    -0.000000000000000    -0.067616379192259
34 39
    -0.008785683121459    -0.000000000000000    -0.000000000000000
     0.000000000000000    -0.008785683121459     0.000000000000000
    -0.000000000000000    -0.000000000000000    -0.008785683121459
34 40
     0.192951181134049    -0.000000000000000     0.000000000000000
    -0.000000000000000    -0.002013487346630    -0.000000000000000
    -0.000000000000000     0.000000000000000    -0.002013487346630
34 41
     0.005425711287899     0.007810478928150     0.007810478928150
     0.007810478928150     0.005425711287899    -0.007810478928150
     0.007810478928150    -0.007810478928150     0.005425711287899
34 42
    -0.104555772804815     0.040372017974732     0.040372017974732
     0.040372017974732    -0.025183232673953    -0.029356550294324
     0.040372017974732    -0.029356550294324    -0.025183232673953
34 43
    -0.025183232673953     0.040372017974732     0.029356550294324
     0.040372017974732    -0.104555772804815    -0.040372017974732
     0.029356550294324    -0.040372017974732    -0.025183232673953
34 44
     0.060418029943321     0.022368424833985     0.037259271994117
     0.022368424833985     0.060418029943321    -0.037259271994117
     0.037259271994117    -0.037259271994117     0.030353763622770
34 45
    -0.025183232673953     0.029356550294324     0.040372017974732
     0.029356550294324    -0.025183232673953    -0.040372017974732
     0.040372017974732    -0.040372017974732    -0.104555772804815
34 46
     0.060418029943321     0.037259271994117     0.022368424833985
     0.037259271994117     0.030353763622770    -0.037259271994117
     0.022368424833985    -0.037259271994117     0.060418029943321
34 47
     0.030353763622770     0.037259271994117     0.037259271994117
     0.037259271994117     0.060418029943321    -0.022368424833985
     0.037259271994117    -0.022368424833985     0.060418029943321
34 48
    -3.322380731651720     2.515143668279051     2.515143668279051
     2.515143668279052    -3.322380731651718    -2.515143668279051
     2.515143668279053    -2.515143668279052    -3.322380731651720
34 49
     0.003309412613817     0.010440718779137     0.010440718779137
    -0.010440718779137    -0.026877338996201     0.040986281237565
    -0.010440718779137     0.040986281237565    -0.026877338996201
34 50
     0.326937544787142     0.048642867113813     0.048642867113813
    -0.048642867113813    -0.230686433451410    -0.234968497534283
    -0.048642867113813    -0.234968497534282    -0.230686433451410
34 51
     0.003309412613817     0.010440718779137    -0.010440718779137
    -0.010440718779137    -0.026877338996201    -0.040986281237565
     0.010440718779137    -0.040986281237565    -0.026877338996201
34 52
     0.326937544787143     0.048642867113813    -0.048642867113813
    -0.048642867113813    -0.230686433451410     0.234968497534282
     0.048642867113813     0.234968497534282    -0.230686433451410
34 53
     0.003309412613817    -0.010440718779137     0.010440718779137
     0.010440718779137    -0.026877338996201    -0.040986281237565
    -0.010440718779137    -0.040986281237565    -0.026877338996201
34 54
     0.326937544787143    -0.048642867113813     0.048642867113813
     0.048642867113813    -0.230686433451410     0.234968497534282
    -0.048642867113813     0.234968497534283    -0.230686433451410
34 55
     0.003309412613817    -0.010440718779137    -0.010440718779137
     0.010440718779137    -0.026877338996201     0.040986281237565
     0.010440718779137     0.040986281237565    -0.026877338996201
34 56
     0.326937544787143    -0.048642867113813    -0.048642867113813
     0.048642867113813    -0.230686433451410    -0.234968497534282
     0.048642867113813    -0.234968497534283    -0.230686433451410
34 57
     0.030353763622770    -0.037259271994117    -0.037259271994117
    -0.037259271994117     0.060418029943321    -0.022368424833985
    -0.037259271994117    -0.022368424833985     0.060418029943321
34 58
    -3.322380731651718    -2.515143668279051    -2.515143668279052
    -2.515143668279051    -3.322380731651718    -2.515143668279052
    -2.515143668279052    -2.515143668279052    -3.322380731651720
34 59
    -0.025183232673953    -0.029356550294324    -0.040372017974732
    -0.029356550294324    -0.025183232673953    -0.040372017974732
    -0.040372017974732    -0.040372017974732    -0.104555772804815
34 60
     0.060418029943321    -0.037259271994117    -0.022368424833985
    -0.037259271994117     0.030353763622770    -0.037259271994117
    -0.022368424833985    -0.037259271994117     0.060418029943321
34 61
    -0.025183232673953    -0.040372017974732    -0.029356550294324
    -0.040372017974732    -0.104555772804815    -0.040372017974732
    -0.029356550294324    -0.040372017974732    -0.025183232673953
34 62
     0.060418029943321    -0.022368424833985    -0.037259271994117
    -0.022368424833985     0.060418029943321    -0.037259271994117
    -0.037259271994117    -0.037259271994117     0.030353763622770
34 63
     0.005425711287899    -0.007810478928150    -0.007810478928150
    -0.007810478928150     0.005425711287899    -0.007810478928150
    -0.007810478928150    -0.007810478928150     0.005425711287899
34 64
    -0.104555772804815    -0.040372017974732    -0.040372017974732
    -0.040372017974732    -0.025183232673953    -0.029356550294324
    -0.040372017974732    -0.029356550294324    -0.025183232673953
35 1
    -0.026877338996201    -0.010440718779137     0.040986281237565
     0.010440718779137     0.003309412613817     0.010440718779137
     0.040986281237565    -0.010440718779137    -0.026877338996201
35 2
    -0.026877338996201    -0.010440718779137    -0.040986281237565
     0.010440718779137     0.003309412613817    -0.010440718779137
    -0.040986281237565     0.010440718779137    -0.026877338996201
35 3
    -0.230686433451410    -0.048642867113813    -0.234968497534282
     0.048642867113813     0.326937544787143     0.048642867113813
    -0.234968497534282    -0.048642867113813    -0.230686433451410
35 4
    -0.230686433451410    -0.048642867113813     0.234968497534282
     0.048642867113813     0.326937544787142    -0.048642867113813
     0.234968497534283     0.048642867113813    -0.230686433451410
35 5
    -0.026877338996201     0.010440718779137    -0.040986281237565
    -0.010440718779137     0.003309412613817     0.010440718779137
    -0.040986281237565    -0.010440718779137    -0.026877338996201
35 6
    -0.026877338996201     0.010440718779137     0.040986281237565
    -0.010440718779137     0.003309412613817    -0.010440718779137
     0.040986281237565     0.010440718779137    -0.026877338996201
35 7
    -0.230686433451410     0.048642867113813     0.234968497534282
    -0.048642867113813     0.326937544787143     0.048642867113813
     0.234968497534283    -0.048642867113813    -0.230686433451410
35 8
    -0.230686433451410     0.048642867113813    -0.234968497534282
    -0.048642867113813     0.326937544787142    -0.048642867113813
    -0.234968497534283     0.048642867113813    -0.230686433451410
35 9
     0.030353763622770    -0.037259271994117     0.037259271994117
    -0.037259271994117     0.060418029943321     0.022368424833985
     0.037259271994117     0.022368424833985     0.060418029943321
35 10
    -3.322380731651718    -2.515143668279051     2.515143668279052
    -2.515143668279051    -3.322380731651718     2.515143668279052
     2.515143668279052     2.515143668279052    -3.322380731651720
35 11
    -0.025183232673953    -0.029356550294324     0.040372017974732
    -0.029356550294324    -0.025183232673953     0.040372017974732
     0.040372017974732     0.040372017974732    -0.104555772804815
35 12
     0.060418029943321    -0.037259271994117     0.022368424833985
    -0.037259271994117     0.030353763622770     0.037259271994117
     0.022368424833985     0.037259271994117     0.060418029943321
35 13
    -0.025183232673953    -0.040372017974732     0.029356550294324
    -0.040372017974732    -0.104555772804815     0.040372017974732
     0.029356550294324     0.040372017974732    -0.025183232673953
35 14
     0.060418029943321    -0.022368424833985     0.037259271994117
    -0.022368424833985     0.060418029943321     0.037259271994117
     0.037259271994117     0.037259271994117     0.030353763622770
35 15
     0.005425711287899    -0.007810478928150     0.007810478928150
    -0.007810478928150     0.005425711287899     0.007810478928150
     0.007810478928150     0.007810478928150     0.005425711287899
35 16
    -0.104555772804815    -0.040372017974732     0.040372017974732
    -0.040372017974732    -0.025183232673953     0.029356550294324
     0.040372017974732     0.029356550294324    -0.025183232673953
35 17
    -0.230686433451410     0.234968497534282     0.048642867113813
     0.234968497534282    -0.230686433451410    -0.048642867113813
    -0.048642867113813     0.048642867113813     0.326937544787142
35 18
    -0.230686433451410    -0.234968497534282     0.048642867113813
    -0.234968497534282    -0.230686433451410     0.048642867113813
    -0.048642867113813    -0.048642867113813     0.326937544787143
35 19
    -0.230686433451410    -0.234968497534282    -0.048642867113813
    -0.234968497534282    -0.230686433451410    -0.048642867113813
     0.048642867113813     0.048642867113813     0.326937544787143
35 20
    -0.230686433451410     0.234968497534282    -0.048642867113813
     0.234968497534282    -0.230686433451410     0.048642867113813
     0.048642867113813    -0.048642867113813     0.326937544787142
35 21
    -0.026877338996201    -0.040986281237565     0.010440718779137
    -0.040986281237565    -0.026877338996201    -0.010440718779137
    -0.010440718779137     0.010440718779137     0.003309412613817
35 22
    -0.026877338996201     0.040986281237565     0.010440718779137
     0.040986281237565    -0.026877338996201     0.010440718779137
    -0.010440718779137    -0.010440718779137     0.003309412613817
35 23
    -0.026877338996201     0.040986281237565    -0.010440718779137
     0.040986281237565    -0.026877338996201    -0.010440718779137
     0.010440718779137     0.010440718779137     0.003309412613817
35 24
    -0.026877338996201    -0.040986281237565    -0.010440718779137
    -0.040986281237565    -0.026877338996201     0.010440718779137
     0.010440718779137    -0.010440718779137     0.003309412613817
35 25
     0.005425711287899     0.007810478928150    -0.007810478928150
     0.007810478928150     0.005425711287899     0.007810478928150
    -0.007810478928150     0.007810478928150     0.005425711287899
35 26
    -0.104555772804815     0.040372017974732    -0.040372017974732
     0.040372017974732    -0.025183232673953     0.029356550294324
    -0.040372017974732     0.029356550294324    -0.025183232673953
35 27
    -0.025183232673953     0.040372017974732    -0.029356550294324
     0.040372017974732    -0.104555772804815     0.040372017974732
    -0.029356550294324     0.040372017974732    -0.025183232673953
35 28
     0.060418029943321     0.022368424833985    -0.037259271994117
     0.022368424833985     0.060418029943321     0.037259271994117
    -0.037259271994117     0.037259271994117     0.030353763622770
35 29
    -0.025183232673953     0.029356550294324    -0.040372017974732
     0.029356550294324    -0.025183232673953     0.040372017974732
    -0.040372017974732     0.040372017974732    -0.104555772804815
35 30
     0.060418029943321     0.037259271994117    -0.022368424833985
     0.037259271994117     0.030353763622770     0.037259271994117
    -0.022368424833985     0.037259271994117     0.060418029943321
35 31
     0.030353763622770     0.037259271994117    -0.037259271994117
     0.037259271994117     0.060418029943321     0.022368424833985
    -0.037259271994117     0.022368424833985     0.060418029943321
35 32
    -3.322380731651718     2.515143668279052    -2.515143668279051
     2.515143668279051    -3.322380731651720     2.515143668279051
    -2.515143668279052     2.515143668279053    -3.322380731651720
35 33
    -0.063411041583095    -0.000000000000000     0.000000000000000
    -0.000000000000000    -0.067616379192259     0.000000000000000
     0.000000000000000    -0.000000000000000    -0.063411041583095
35 34
    -0.002013487346630    -0.000000000000000    -0.000000000000000
    -0.000000000000000    -0.002013487346630    -0.000000000000000
     0.000000000000000     0.000000000000000     0.192951181134049
35 35
    14.036572029044684    -0.000000000000001    -0.000000000000000
    -0.000000000000001    14.036572029044690     0.000000000000000
    -0.000000000000000     0.000000000000000    14.036572029044692
35 36
    -0.067616379192259    -0.000000000000000     0.000000000000000
     0.000000000000000    -0.063411041583095    -0.000000000000000
    -0.000000000000000     0.000000000000000    -0.063411041583095
35 37
     0.192951181134049    -0.000000000000000    -0.000000000000000
    -0.000000000000000    -0.002013487346630     0.000000000000000
     0.000000000000000     0.000000000000000    -0.002013487346630
35 38
    -0.008785683121459    -0.000000000000000     0.000000000000000
     0.000000000000000    -0.008785683121459    -0.000000000000000
     0.000000000000000    -0.000000000000000    -0.008785683121460
35 39
    -0.063411041583095    -0.000000000000000    -0.000000000000000
     0.000000000000000    -0.063411041583095     0.000000000000000
     0.000000000000000    -0.000000000000000    -0.067616379192259
35 40
    -0.002013487346631    -0.000000000000000     0.000000000000000
    -0.000000000000000     0.192951181134049    -0.000000000000000
     0.000000000000000     0.000000000000000    -0.002013487346630
35 41
     0.060418029943321     0.022368424833985     0.037259271994117
     0.022368424833985     0.060418029943321    -0.037259271994117
     0.037259271994117    -0.037259271994117     0.030353763622770
35 42
    -0.025183232673953     0.040372017974732     0.029356550294324
     0.040372017974732    -0.104555772804815    -0.040372017974732
     0.029356550294324    -0.040372017974732    -0.025183232673953
35 43
    -0.104555772804815     0.040372017974732     0.040372017974732
     0.040372017974732    -0.025183232673953    -0.029356550294324
     0.040372017974732    -0.029356550294324    -0.025183232673953
35 44
     0.005425711287899     0.007810478928150     0.007810478928150
     0.007810478928150     0.005425711287899    -0.007810478928150
     0.007810478928150    -0.007810478928150     0.005425711287899
35 45
    -3.322380731651718     2.515143668279052     2.515143668279051
     2.515143668279051    -3.322380731651720    -2.515143668279051
     2.515143668279052    -2.515143668279053    -3.322380731651720
35 46
     0.030353763622770     0.037259271994117     0.037259271994117
     0.037259271994117     0.060418029943321    -0.022368424833985
     0.037259271994117    -0.022368424833985     0.060418029943321
35 47
     0.060418029943321     0.037259271994117     0.022368424833985
     0.037259271994117     0.030353763622770    -0.037259271994117
     0.022368424833985    -0.037259271994117     0.060418029943321
35 48
    -0.025183232673953     0.029356550294324     0.040372017974732
     0.029356550294324    -0.025183232673953    -0.040372017974732
     0.040372017974732    -0.040372017974732    -0.104555772804815
35 49
     0.326937544787142     0.048642867113813    -0.048642867113813
    -0.048642867113813    -0.230686433451410     0.234968497534282
     0.048642867113813     0.234968497534283    -0.230686433451410
35 50
     0.003309412613817     0.010440718779137    -0.010440718779137
    -0.010440718779137    -0.026877338996201    -0.040986281237565
     0.010440718779137    -0.040986281237565    -0.026877338996201
35 51
     0.326937544787142     0.048642867113813     0.048642867113813
    -0.048642867113813    -0.230686433451410    -0.234968497534282
    -0.048642867113813    -0.234968497534283    -0.230686433451410
35 52
     0.003309412613817     0.010440718779137     0.010440718779137
    -0.010440718779137    -0.026877338996201     0.040986281237565
    -0.010440718779137     0.040986281237565    -0.026877338996201
35 53
     0.326937544787142    -0.048642867113813    -0.048642867113813
     0.048642867113813    -0.230686433451410    -0.234968497534282
     0.048642867113813    -0.234968497534282    -0.230686433451410
35 54
     0.003309412613817    -0.010440718779137    -0.010440718779137
     0.010440718779137    -0.026877338996201     0.040986281237565
     0.010440718779137     0.040986281237565    -0.026877338996201
35 55
     0.326937544787142    -0.048642867113813     0.048642867113813
     0.048642867113813    -0.230686433451410     0.234968497534283
    -0.048642867113813     0.234968497534283    -0.230686433451410
35 56
     0.003309412613817    -0.010440718779137     0.010440718779137
     0.010440718779137    -0.026877338996201    -0.040986281237565
    -0.010440718779137    -0.040986281237565    -0.026877338996201
35 57
     0.060418029943321    -0.037259271994117    -0.022368424833985
    -0.037259271994117     0.030353763622770    -0.037259271994117
    -0.022368424833985    -0.037259271994117     0.060418029943321
35 58
    -0.025183232673953    -0.029356550294324    -0.040372017974732
    -0.029356550294324    -0.025183232673953    -0.040372017974732
    -0.040372017974732    -0.040372017974732    -0.104555772804815
35 59
    -3.322380731651718    -2.515143668279051    -2.515143668279052
    -2.515143668279051    -3.322380731651718    -2.515143668279052
    -2.515143668279052    -2.515143668279052    -3.322380731651720
35 60
     0.030353763622770    -0.037259271994117    -0.037259271994117
    -0.037259271994117     0.060418029943321    -0.022368424833985
    -0.037259271994117    -0.022368424833985     0.060418029943321
35 61
    -0.104555772804815    -0.040372017974732    -0.040372017974732
    -0.040372017974732    -0.025183232673953    -0.029356550294324
    -0.040372017974732    -0.029356550294324    -0.025183232673953
35 62
     0.005425711287899    -0.007810478928150    -0.007810478928150
    -0.007810478928150     0.005425711287899    -0.007810478928150
    -0.007810478928150    -0.007810478928150     0.005425711287899
35 63
     0.060418029943321    -0.022368424833985    -0.037259271994117
    -0.022368424833985     0.060418029943321    -0.037259271994117
    -0.037259271994117    -0.037259271994117     0.030353763622770
35 64
    -0.025183232673953    -0.040372017974732    -0.029356550294324
    -0.040372017974732    -0.104555772804815    -0.040372017974732
    -0.029356550294324    -0.040372017974732    -0.025183232673953
36 1
    -0.026877338996201    -0.010440718779137    -0.040986281237565
     0.010440718779137     0.003309412613817    -0.010440718779137
    -0.040986281237565     0.010440718779137    -0.026877338996201
36 2
    -0.026877338996201    -0.010440718779137     0.040986281237565
     0.010440718779137     0.003309412613817     0.010440718779137
     0.040986281237565    -0.010440718779137    -0.026877338996201
36 3
    -0.230686433451410    -0.048642867113813     0.234968497534282
     0.048642867113813     0.326937544787143    -0.048642867113813
     0.234968497534282     0.048642867113813    -0.230686433451410
36 4
    -0.230686433451410    -0.048642867113813    -0.234968497534283
     0.048642867113813     0.326937544787142     0.048642867113813
    -0.234968497534283    -0.048642867113813    -0.230686433451410
36 5
    -0.026877338996201     0.010440718779137     0.040986281237565
    -0.010440718779137     0.003309412613817    -0.010440718779137
     0.040986281237565     0.010440718779137    -0.026877338996201
36 6
    -0.026877338996201     0.010440718779137    -0.040986281237565
    -0.010440718779137     0.003309412613817     0.010440718779137
    -0.040986281237565    -0.010440718779137    -0.026877338996201
36 7
    -0.230686433451410     0.048642867113813    -0.234968497534283
    -0.048642867113813     0.326937544787143    -0.048642867113813
    -0.234968497534282     0.048642867113813    -0.230686433451410
36 8
    -0.230686433451410     0.048642867113813     0.234968497534282
    -0.048642867113813     0.326937544787142     0.048642867113813
     0.234968497534283    -0.048642867113813    -0.230686433451410
36 9
    -3.322380731651720    -2.515143668279053     2.515143668279052
    -2.515143668279051    -3.322380731651720     2.515143668279051
     2.515143668279051     2.515143668279052    -3.322380731651718
36 10
     0.030353763622770    -0.037259271994117     0.037259271994117
    -0.037259271994117     0.060418029943321     0.022368424833985
     0.037259271994117     0.022368424833985     0.060418029943321
36 11
     0.060418029943321    -0.037259271994117     0.022368424833985
    -0.037259271994117     0.030353763622770     0.037259271994117
     0.022368424833985     0.037259271994117     0.060418029943321
36 12
    -0.025183232673953    -0.029356550294324     0.040372017974732
    -0.029356550294324    -0.025183232673953     0.040372017974732
     0.040372017974732     0.040372017974732    -0.104555772804815
36 13
     0.060418029943321    -0.022368424833985     0.037259271994117
    -0.022368424833985     0.060418029943321     0.037259271994117
     0.037259271994117     0.037259271994117     0.030353763622770
36 14
    -0.025183232673953    -0.040372017974732     0.029356550294324
    -0.040372017974732    -0.104555772804815     0.040372017974732
     0.029356550294324     0.040372017974732    -0.025183232673953
36 15
    -0.104555772804815    -0.040372017974732     0.040372017974732
    -0.040372017974732    -0.025183232673953     0.029356550294324
     0.040372017974732     0.029356550294324    -0.025183232673953
36 16
     0.005425711287898    -0.007810478928150     0.007810478928150
    -0.007810478928150     0.005425711287899     0.007810478928150
     0.007810478928150     0.007810478928150     0.005425711287899
36 17
    -0.230686433451410    -0.234968497534283     0.048642867113813
    -0.234968497534282    -0.230686433451410     0.048642867113813
    -0.048642867113813    -0.048642867113813     0.326937544787142
36 18
    -0.230686433451410     0.234968497534283     0.048642867113813
     0.234968497534282    -0.230686433451410    -0.048642867113813
    -0.048642867113813     0.048642867113813     0.326937544787143
36 19
    -0.230686433451410     0.234968497534283    -0.048642867113813
     0.234968497534282    -0.230686433451410     0.048642867113813
     0.048642867113813    -0.048642867113813     0.326937544787142
36 20
    -0.230686433451410    -0.234968497534283    -0.048642867113813
    -0.234968497534282    -0.230686433451410    -0.048642867113813
     0.048642867113813     0.048642867113813     0.326937544787142
36 21
    -0.026877338996201     0.040986281237565     0.010440718779137
     0.040986281237565    -0.026877338996201     0.010440718779137
    -0.010440718779137    -0.010440718779137     0.003309412613817
36 22
    -0.026877338996201    -0.040986281237565     0.010440718779137
    -0.040986281237565    -0.026877338996201    -0.010440718779137
    -0.010440718779137     0.010440718779137     0.003309412613817
36 23
    -0.026877338996201    -0.040986281237565    -0.010440718779137
    -0.040986281237565    -0.026877338996201     0.010440718779137
     0.010440718779137    -0.010440718779137     0.003309412613817
36 24
    -0.026877338996201     0.040986281237565    -0.010440718779137
     0.040986281237565    -0.026877338996201    -0.010440718779137
     0.010440718779137     0.010440718779137     0.003309412613817
36 25
    -0.104555772804815     0.040372017974732    -0.040372017974732
     0.040372017974732    -0.025183232673953     0.029356550294324
    -0.040372017974732     0.029356550294324    -0.025183232673953
36 26
     0.005425711287899     0.007810478928150    -0.007810478928150
     0.007810478928150     0.005425711287899     0.007810478928150
    -0.007810478928150     0.007810478928150     0.005425711287899
36 27
     0.060418029943321     0.022368424833985    -0.037259271994117
     0.022368424833985     0.060418029943321     0.037259271994117
    -0.037259271994117     0.037259271994117     0.030353763622770
36 28
    -0.025183232673953     0.040372017974732    -0.029356550294324
     0.040372017974732    -0.104555772804815     0.040372017974732
    -0.029356550294324     0.040372017974732    -0.025183232673953
36 29
     0.060418029943321     0.037259271994117    -0.022368424833985
     0.037259271994117     0.030353763622770     0.037259271994117
    -0.022368424833985     0.037259271994117     0.060418029943321
36 30
    -0.025183232673953     0.029356550294324    -0.040372017974732
     0.029356550294324    -0.025183232673953     0.040372017974732
    -0.040372017974732     0.040372017974732    -0.104555772804815
36 31
    -3.322380731651720     2.515143668279052    -2.515143668279052
     2.515143668279052    -3.322380731651718     2.515143668279051
    -2.515143668279052     2.515143668279051    -3.322380731651718
36 32
     0.030353763622770     0.037259271994117    -0.037259271994117
     0.037259271994117     0.060418029943321     0.022368424833985
    -0.037259271994117     0.022368424833985     0.060418029943321
36 33
    -0.002013487346630     0.000000000000000     0.000000000000000
    -0.000000000000000    -0.002013487346630     0.000000000000000
     0.000000000000000    -0.000000000000000     0.192951181134049
36 34
    -0.063411041583095     0.000000000000000    -0.000000000000000
    -0.000000000000000    -0.067616379192259     0.000000000000000
     0.000000000000000     0.000000000000000    -0.063411041583095
36 35
    -0.067616379192259     0.000000000000000    -0.000000000000000
    -0.000000000000000    -0.063411041583095     0.000000000000000
     0.000000000000000    -0.000000000000000    -0.063411041583095
36 36
    14.036572029044692     0.000000000000000    -0.000000000000000
     0.000000000000000    14.036572029044688     0.000000000000000
    -0.000000000000000     0.000000000000000    14.036572029044686
36 37
    -0.008785683121459     0.000000000000000    -0.000000000000000
    -0.000000000000000    -0.008785683121459     0.000000000000000
     0.000000000000000     0.000000000000000    -0.008785683121459
36 38
     0.192951181134049     0.000000000000000    -0.000000000000000
    -0.000000000000000    -0.002013487346630     0.000000000000000
     0.000000000000000    -0.000000000000000    -0.002013487346630
36 39
    -0.002013487346630     0.000000000000000    -0.000000000000000
    -0.000000000000000     0.192951181134049     0.000000000000000
     0.000000000000000    -0.000000000000000    -0.002013487346630
36 40
    -0.063411041583095     0.000000000000000    -0.000000000000000
    -0.000000000000000    -0.063411041583095    -0.000000000000000
     0.000000000000000     0.000000000000000    -0.067616379192259
36 41
    -0.025183232673953     0.040372017974732     0.029356550294324
     0.040372017974732    -0.104555772804815    -0.040372017974732
     0.029356550294324    -0.040372017974732    -0.025183232673953
36 42
     0.060418029943321     0.022368424833985     0.037259271994117
     0.022368424833985     0.060418029943321    -0.037259271994117
     0.037259271994117    -0.037259271994117     0.030353763622770
36 43
     0.005425711287898     0.007810478928150     0.007810478928150
     0.007810478928150     0.005425711287899    -0.007810478928150
     0.007810478928150    -0.007810478928150     0.005425711287899
36 44
    -0.104555772804815     0.040372017974732     0.040372017974732
     0.040372017974732    -0.025183232673953    -0.029356550294324
     0.040372017974732    -0.029356550294324    -0.025183232673953
36 45
     0.030353763622770     0.037259271994117     0.037259271994117
     0.037259271994117     0.060418029943321    -0.022368424833985
     0.037259271994117    -0.022368424833985     0.060418029943321
36 46
    -3.322380731651720     2.515143668279052     2.515143668279053
     2.515143668279051    -3.322380731651718    -2.515143668279052
     2.515143668279051    -2.515143668279051    -3.322380731651720
36 47
    -0.025183232673953     0.029356550294324     0.040372017974732
     0.029356550294324    -0.025183232673953    -0.040372017974732
     0.040372017974732    -0.040372017974732    -0.104555772804815
36 48
     0.060418029943321     0.037259271994117     0.022368424833985
     0.037259271994117     0.030353763622770    -0.037259271994117
     0.022368424833985    -0.037259271994117     0.060418029943321
36 49
     0.003309412613817     0.010440718779137    -0.010440718779137
    -0.010440718779137    -0.026877338996201    -0.040986281237565
     0.010440718779137    -0.040986281237565    -0.026877338996201
36 50
     0.326937544787143     0.048642867113813    -0.048642867113813
    -0.048642867113813    -0.230686433451410     0.234968497534283
     0.048642867113813     0.234968497534282    -0.230686433451410
36 51
     0.003309412613817     0.010440718779137     0.010440718779137
    -0.010440718779137    -0.026877338996201     0.040986281237565
    -0.010440718779137     0.040986281237565    -0.026877338996201
36 52
     0.326937544787143     0.048642867113813     0.048642867113813
    -0.048642867113813    -0.230686433451410    -0.234968497534282
    -0.048642867113813    -0.234968497534282    -0.230686433451410
36 53
     0.003309412613817    -0.010440718779137    -0.010440718779137
     0.010440718779137    -0.026877338996201     0.040986281237565
     0.010440718779137     0.040986281237565    -0.026877338996201
36 54
     0.326937544787143    -0.048642867113813    -0.048642867113813
     0.048642867113813    -0.230686433451410    -0.234968497534282
     0.048642867113813    -0.234968497534282    -0.230686433451410
36 55
     0.003309412613817    -0.010440718779137     0.010440718779137
     0.010440718779137    -0.026877338996201    -0.040986281237565
    -0.010440718779137    -0.040986281237565    -0.026877338996201
36 56
     0.326937544787143    -0.048642867113813     0.048642867113813
     0.048642867113813    -0.230686433451410     0.234968497534283
    -0.048642867113813     0.234968497534282    -0.230686433451410
36 57
    -0.025183232673953    -0.029356550294324    -0.040372017974732
    -0.029356550294324    -0.025183232673953    -0.040372017974732
    -0.040372017974732    -0.040372017974732    -0.104555772804815
36 58
     0.060418029943321    -0.037259271994117    -0.022368424833985
    -0.037259271994117     0.030353763622770    -0.037259271994117
    -0.022368424833985    -0.037259271994117     0.060418029943321
36 59
     0.030353763622770    -0.037259271994117    -0.037259271994117
    -0.037259271994117     0.060418029943321    -0.022368424833985
    -0.037259271994117    -0.022368424833985     0.060418029943321
36 60
    -3.322380731651720    -2.515143668279053    -2.515143668279052
    -2.515143668279051    -3.322380731651720    -2.515143668279051
    -2.515143668279051    -2.515143668279052    -3.322380731651718
36 61
     0.005425711287899    -0.007810478928150    -0.007810478928150
    -0.007810478928150     0.005425711287899    -0.007810478928150
    -0.007810478928150    -0.007810478928150     0.005425711287899
36 62
    -0.104555772804815    -0.040372017974732    -0.040372017974732
    -0.040372017974732    -0.025183232673953    -0.029356550294324
    -0.040372017974732    -0.029356550294324    -0.025183232673953
36 63
    -0.025183232673953    -0.040372017974732    -0.029356550294324
    -0.040372017974732    -0.104555772804815    -0.040372017974732
    -0.029356550294324    -0.040372017974732    -0.025183232673953
36 64
     0.060418029943321    -0.022368424833985    -0.037259271994117
    -0.022368424833985     0.060418029943321    -0.037259271994117
    -0.037259271994117    -0.037259271994117     0.030353763622770
37 1
    -0.230686433451410     0.048642867113813     0.234968497534282
    -0.048642867113813     0.326937544787143     0.048642867113813
     0.234968497534282    -0.048642867113813    -0.230686433451410
37 2
    -0.230686433451410     0.048642867113813    -0.234968497534282
    -0.048642867113813     0.326937544787142    -0.048642867113813
    -0.234968497534283     0.048642867113813    -0.230686433451410
37 3
    -0.026877338996201     0.010440718779137    -0.040986281237565
    -0.010440718779137     0.003309412613817     0.010440718779137
    -0.040986281237565    -0.010440718779137    -0.026877338996201
37 4
    -0.026877338996201     0.010440718779137     0.040986281237565
    -0.010440718779137     0.003309412613817    -0.010440718779137
     0.040986281237565     0.010440718779137    -0.026877338996201
37 5
    -0.230686433451410    -0.048642867113813    -0.234968497534282
     0.048642867113813     0.326937544787143     0.048642867113813
    -0.234968497534282    -0.048642867113813    -0.230686433451410
37 6
    -0.230686433451410    -0.048642867113813     0.234968497534282
     0.048642867113813     0.326937544787143    -0.048642867113813
     0.234968497534282     0.048642867113813    -0.230686433451410
37 7
    -0.026877338996201    -0.010440718779137     0.040986281237565
     0.010440718779137     0.003309412613817     0.010440718779137
     0.040986281237565    -0.010440718779137    -0.026877338996201
37 8
    -0.026877338996201    -0.010440718779137    -0.040986281237565
     0.010440718779137     0.003309412613817    -0.010440718779137
    -0.040986281237565     0.010440718779137    -0.026877338996201
37 9
     0.005425711287899    -0.007810478928150     0.007810478928150
    -0.007810478928150     0.005425711287898     0.007810478928150
     0.007810478928150     0.007810478928150     0.005425711287899
37 10
    -0.104555772804815    -0.040372017974732     0.040372017974732
    -0.040372017974732    -0.025183232673953     0.029356550294324
     0.040372017974732     0.029356550294324    -0.025183232673953
37 11
    -0.025183232673953    -0.040372017974732     0.029356550294324
    -0.040372017974732    -0.104555772804815     0.040372017974732
     0.029356550294324     0.040372017974732    -0.025183232673953
37 12
     0.060418029943321    -0.022368424833985     0.037259271994117
    -0.022368424833985     0.060418029943321     0.037259271994117
     0.037259271994117     0.037259271994117     0.030353763622770
37 13
    -0.025183232673953    -0.029356550294324     0.040372017974732
    -0.029356550294324    -0.025183232673953     0.040372017974732
     0.040372017974732     0.040372017974732    -0.104555772804815
37 14
     0.060418029943321    -0.037259271994117     0.022368424833985
    -0.037259271994117     0.030353763622770     0.037259271994117
     0.022368424833985     0.037259271994117     0.060418029943321
37 15
     0.030353763622770    -0.037259271994117     0.037259271994117
    -0.037259271994117     0.060418029943321     0.022368424833985
     0.037259271994117     0.022368424833985     0.060418029943321
37 16
    -3.322380731651720    -2.515143668279051     2.515143668279051
    -2.515143668279053    -3.322380731651720     2.515143668279052
     2.515143668279052     2.515143668279051    -3.322380731651718
37 17
    -0.026877338996201     0.040986281237565    -0.010440718779137
     0.040986281237565    -0.026877338996201    -0.010440718779137
     0.010440718779137     0.010440718779137     0.003309412613817
37 18
    -0.026877338996201    -0.040986281237565    -0.010440718779137
    -0.040986281237565    -0.026877338996201     0.010440718779137
     0.010440718779137    -0.010440718779137     0.003309412613817
37 19
    -0.026877338996201    -0.040986281237565     0.010440718779137
    -0.040986281237565    -0.026877338996201    -0.010440718779137
    -0.010440718779137     0.010440718779137     0.003309412613817
37 20
    -0.026877338996201     0.040986281237565     0.010440718779137
     0.040986281237565    -0.026877338996201     0.010440718779137
    -0.010440718779137    -0.010440718779137     0.003309412613817
37 21
    -0.230686433451410    -0.234968497534282    -0.048642867113813
    -0.234968497534283    -0.230686433451410    -0.048642867113813
     0.048642867113813     0.048642867113813     0.326937544787142
37 22
    -0.230686433451410     0.234968497534282    -0.048642867113813
     0.234968497534283    -0.230686433451410     0.048642867113813
     0.048642867113813    -0.048642867113813     0.326937544787142
37 23
    -0.230686433451410     0.234968497534283     0.048642867113813
     0.234968497534282    -0.230686433451410    -0.048642867113813
    -0.048642867113813     0.048642867113813     0.326937544787142
37 24
    -0.230686433451410    -0.234968497534282     0.048642867113813
    -0.234968497534283    -0.230686433451410     0.048642867113813
    -0.048642867113813    -0.048642867113813     0.326937544787143
37 25
     0.030353763622770     0.037259271994117    -0.037259271994117
     0.037259271994117     0.060418029943321     0.022368424833985
    -0.037259271994117     0.022368424833985     0.060418029943321
37 26
    -3.322380731651720     2.515143668279051    -2.515143668279051
     2.515143668279053    -3.322380731651720     2.515143668279052
    -2.515143668279052     2.515143668279051    -3.322380731651718
37 27
    -0.025183232673953     0.029356550294324    -0.040372017974732
     0.029356550294324    -0.025183232673953     0.040372017974732
    -0.040372017974732     0.040372017974732    -0.104555772804815
37 28
     0.060418029943321     0.037259271994117    -0.022368424833985
     0.037259271994117     0.030353763622770     0.037259271994117
    -0.022368424833985     0.037259271994117     0.060418029943321
37 29
    -0.025183232673953     0.040372017974732    -0.029356550294324
     0.040372017974732    -0.104555772804815     0.040372017974732
    -0.029356550294324     0.040372017974732    -0.025183232673953
37 30
     0.060418029943321     0.022368424833985    -0.037259271994117
     0.022368424833985     0.060418029943321     0.037259271994117
    -0.037259271994117     0.037259271994117     0.030353763622770
37 31
     0.005425711287899     0.007810478928150    -0.007810478928150
     0.007810478928150     0.005425711287899     0.007810478928150
    -0.007810478928150     0.007810478928150     0.005425711287899
37 32
    -0.104555772804815     0.040372017974732    -0.040372017974732
     0.040372017974732    -0.025183232673953     0.029356550294324
    -0.040372017974732     0.029356550294324    -0.025183232673953
37 33
    -0.063411041583094     0.000000000000000     0.000000000000000
    -0.000000000000000    -0.063411041583095     0.000000000000000
    -0.000000000000000    -0.000000000000000    -0.067616379192259
37 34
    -0.002013487346630    -0.000000000000000    -0.000000000000000
    -0.000000000000000     0.192951181134049     0.000000000000000
     0.000000000000000     0.000000000000000    -0.002013487346630
37 35
     0.192951181134049    -0.000000000000000     0.000000000000000
    -0.000000000000000    -0.002013487346630     0.000000000000000
    -0.000000000000000     0.000000000000000    -0.002013487346630
37 36
    -0.008785683121459    -0.000000000000000     0.000000000000000
     0.000000000000000    -0.008785683121459     0.000000000000000
    -0.000000000000000     0.000000000000000    -0.008785683121459
37 37
    14.036572029044690    -0.000000000000000    -0.000000000000000
    -0.000000000000000    14.036572029044692     0.000000000000000
    -0.000000000000000     0.000000000000000    14.036572029044686
37 38
    -0.067616379192259     0.000000000000000     0.000000000000000
    -0.000000000000000    -0.063411041583095     0.000000000000000
    -0.000000000000000     0.000000000000000    -0.063411041583095
37 39
    -0.063411041583094    -0.000000000000000    -0.000000000000000
    -0.000000000000000    -0.067616379192259     0.000000000000000
    -0.000000000000000    -0.000000000000000    -0.063411041583095
37 40
    -0.002013487346630    -0.000000000000000     0.000000000000000
    -0.000000000000000    -0.002013487346630    -0.000000000000000
    -0.000000000000000     0.000000000000000     0.192951181134049
37 41
     0.060418029943321     0.037259271994117     0.022368424833985
     0.037259271994117     0.030353763622770    -0.037259271994117
     0.022368424833985    -0.037259271994117     0.060418029943321
37 42
    -0.025183232673953     0.029356550294324     0.040372017974732
     0.029356550294324    -0.025183232673953    -0.040372017974732
     0.040372017974732    -0.040372017974732    -0.104555772804815
37 43
    -3.322380731651720     2.515143668279051     2.515143668279051
     2.515143668279053    -3.322380731651720    -2.515143668279052
     2.515143668279052    -2.515143668279051    -3.322380731651718
37 44
     0.030353763622770     0.037259271994117     0.037259271994117
     0.037259271994117     0.060418029943321    -0.022368424833985
     0.037259271994117    -0.022368424833985     0.060418029943321
37 45
    -0.104555772804815     0.040372017974732     0.040372017974732
     0.040372017974732    -0.025183232673953    -0.029356550294324
     0.040372017974732    -0.029356550294324    -0.025183232673953
37 46
     0.005425711287899     0.007810478928150     0.007810478928150
     0.007810478928150     0.005425711287899    -0.007810478928150
     0.007810478928150    -0.007810478928150     0.005425711287899
37 47
     0.060418029943321     0.022368424833985     0.037259271994117
     0.022368424833985     0.060418029943321    -0.037259271994117
     0.037259271994117    -0.037259271994117     0.030353763622770
37 48
    -0.025183232673953     0.040372017974732     0.029356550294324
     0.040372017974732    -0.104555772804815    -0.040372017974732
     0.029356550294324    -0.040372017974732    -0.025183232673953
37 49
     0.326937544787143    -0.048642867113813     0.048642867113813
     0.048642867113813    -0.230686433451410     0.234968497534283
    -0.048642867113813     0.234968497534282    -0.230686433451410
37 50
     0.003309412613817    -0.010440718779137     0.010440718779137
     0.010440718779137    -0.026877338996201    -0.040986281237565
    -0.010440718779137    -0.040986281237565    -0.026877338996201
37 51
     0.326937544787143    -0.048642867113813    -0.048642867113813
     0.048642867113813    -0.230686433451410    -0.234968497534282
     0.048642867113813    -0.234968497534282    -0.230686433451410
37 52
     0.003309412613817    -0.010440718779137    -0.010440718779137
     0.010440718779137    -0.026877338996201     0.040986281237565
     0.010440718779137     0.040986281237565    -0.026877338996201
37 53
     0.326937544787143     0.048642867113813     0.048642867113813
    -0.048642867113813    -0.230686433451410    -0.234968497534283
    -0.048642867113813    -0.234968497534282    -0.230686433451410
37 54
     0.003309412613817     0.010440718779137     0.010440718779137
    -0.010440718779137    -0.026877338996201     0.040986281237565
    -0.010440718779137     0.040986281237565    -0.026877338996201
37 55
     0.326937544787143     0.048642867113813    -0.048642867113813
    -0.048642867113813    -0.230686433451410     0.234968497534283
     0.048642867113813     0.234968497534282    -0.230686433451410
37 56
     0.003309412613817     0.010440718779137    -0.010440718779137
    -0.010440718779137    -0.026877338996201    -0.040986281237565
     0.010440718779137    -0.040986281237565    -0.026877338996201
37 57
     0.060418029943321    -0.022368424833985    -0.037259271994117
    -0.022368424833985     0.060418029943321    -0.037259271994117
    -0.037259271994117    -0.037259271994117     0.030353763622770
37 58
    -0.025183232673953    -0.040372017974732    -0.029356550294324
    -0.040372017974732    -0.104555772804815    -0.040372017974732
    -0.029356550294324    -0.040372017974732    -0.025183232673953
37 59
    -0.104555772804815    -0.040372017974732    -0.040372017974732
    -0.040372017974732    -0.025183232673953    -0.029356550294324
    -0.040372017974732    -0.029356550294324    -0.025183232673953
37 60
     0.005425711287899    -0.007810478928150    -0.007810478928150
    -0.007810478928150     0.005425711287898    -0.007810478928150
    -0.007810478928150    -0.007810478928150     0.005425711287899
37 61
    -3.322380731651718    -2.515143668279051    -2.515143668279052
    -2.515143668279052    -3.322380731651720    -2.515143668279053
    -2.515143668279051    -2.515143668279051    -3.322380731651720
37 62
     0.030353763622770    -0.037259271994117    -0.037259271994117
    -0.037259271994117     0.060418029943321    -0.022368424833985
    -0.037259271994117    -0.022368424833985     0.060418029943321
37 63
     0.060418029943321    -0.037259271994117    -0.022368424833985
    -0.037259271994117     0.030353763622770    -0.037259271994117
    -0.022368424833985    -0.037259271994117     0.060418029943321
37 64
    -0.025183232673953    -0.029356550294324    -0.040372017974732
    -0.029356550294324    -0.025183232673953    -0.040372017974732
    -0.040372017974732    -0.040372017974732    -0.104555772804815
38 1
    -0.230686433451410     0.048642867113813    -0.234968497534283
    -0.048642867113813     0.326937544787142    -0.048642867113813
    -0.234968497534282     0.048642867113813    -0.230686433451410
38 2
    -0.230686433451410     0.048642867113813     0.234968497534282
    -0.048642867113813     0.326937544787142     0.048642867113813
     0.234968497534283    -0.048642867113813    -0.230686433451410
38 3
    -0.026877338996201     0.010440718779137     0.040986281237565
    -0.010440718779137     0.003309412613817    -0.010440718779137
     0.040986281237565     0.010440718779137    -0.026877338996201
38 4
    -0.026877338996201     0.010440718779137    -0.040986281237565
    -0.010440718779137     0.003309412613817     0.010440718779137
    -0.040986281237565    -0.010440718779137    -0.026877338996201
38 5
    -0.230686433451410    -0.048642867113813     0.234968497534282
     0.048642867113813     0.326937544787143    -0.048642867113813
     0.234968497534282     0.048642867113813    -0.230686433451410
38 6
    -0.230686433451410    -0.048642867113813    -0.234968497534283
     0.048642867113813     0.326937544787142     0.048642867113813
    -0.234968497534282    -0.048642867113813    -0.230686433451410
38 7
    -0.026877338996201    -0.010440718779137    -0.040986281237565
     0.010440718779137     0.003309412613817    -0.010440718779137
    -0.040986281237565     0.010440718779137    -0.026877338996201
38 8
    -0.026877338996201    -0.010440718779137     0.040986281237565
     0.010440718779137     0.003309412613817     0.010440718779137
     0.040986281237565    -0.010440718779137    -0.026877338996201
38 9
    -0.104555772804815    -0.040372017974732     0.040372017974732
    -0.040372017974732    -0.025183232673953     0.029356550294324
     0.040372017974732     0.029356550294324    -0.025183232673953
38 10
     0.005425711287899    -0.007810478928150     0.007810478928150
    -0.007810478928150     0.005425711287899     0.007810478928150
     0.007810478928150     0.007810478928150     0.005425711287899
38 11
     0.060418029943321    -0.022368424833985     0.037259271994117
    -0.022368424833985     0.060418029943321     0.037259271994117
     0.037259271994117     0.037259271994117     0.030353763622770
38 12
    -0.025183232673953    -0.040372017974732     0.029356550294324
    -0.040372017974732    -0.104555772804815     0.040372017974732
     0.029356550294324     0.040372017974732    -0.025183232673953
38 13
     0.060418029943321    -0.037259271994117     0.022368424833985
    -0.037259271994117     0.030353763622770     0.037259271994117
     0.022368424833985     0.037259271994117     0.060418029943321
38 14
    -0.025183232673953    -0.029356550294324     0.040372017974732
    -0.029356550294324    -0.025183232673953     0.040372017974732
     0.040372017974732     0.040372017974732    -0.104555772804815
38 15
    -3.322380731651720    -2.515143668279052     2.515143668279052
    -2.515143668279052    -3.322380731651718     2.515143668279051
     2.515143668279052     2.515143668279051    -3.322380731651718
38 16
     0.030353763622770    -0.037259271994117     0.037259271994117
    -0.037259271994117     0.060418029943321     0.022368424833985
     0.037259271994117     0.022368424833985     0.060418029943321
38 17
    -0.026877338996201    -0.040986281237565    -0.010440718779137
    -0.040986281237565    -0.026877338996201     0.010440718779137
     0.010440718779137    -0.010440718779137     0.003309412613817
38 18
    -0.026877338996201     0.040986281237565    -0.010440718779137
     0.040986281237565    -0.026877338996201    -0.010440718779137
     0.010440718779137     0.010440718779137     0.003309412613817
38 19
    -0.026877338996201     0.040986281237565     0.010440718779137
     0.040986281237565    -0.026877338996201     0.010440718779137
    -0.010440718779137    -0.010440718779137     0.003309412613817
38 20
    -0.026877338996201    -0.040986281237565     0.010440718779137
    -0.040986281237565    -0.026877338996201    -0.010440718779137
    -0.010440718779137     0.010440718779137     0.003309412613817
38 21
    -0.230686433451410     0.234968497534282    -0.048642867113813
     0.234968497534282    -0.230686433451410     0.048642867113813
     0.048642867113813    -0.048642867113813     0.326937544787142
38 22
    -0.230686433451410    -0.234968497534282    -0.048642867113813
    -0.234968497534283    -0.230686433451410    -0.048642867113813
     0.048642867113813     0.048642867113813     0.326937544787142
38 23
    -0.230686433451410    -0.234968497534283     0.048642867113813
    -0.234968497534282    -0.230686433451410     0.048642867113813
    -0.048642867113813    -0.048642867113813     0.326937544787142
38 24
    -0.230686433451410     0.234968497534283     0.048642867113813
     0.234968497534282    -0.230686433451410    -0.048642867113813
    -0.048642867113813     0.048642867113813     0.326937544787143
38 25
    -3.322380731651720     2.515143668279052    -2.515143668279052
     2.515143668279052    -3.322380731651718     2.515143668279051
    -2.515143668279052     2.515143668279051    -3.322380731651718
38 26
     0.030353763622770     0.037259271994117    -0.037259271994117
     0.037259271994117     0.060418029943321     0.022368424833985
    -0.037259271994117     0.022368424833985     0.060418029943321
38 27
     0.060418029943321     0.037259271994117    -0.022368424833985
     0.037259271994117     0.030353763622770     0.037259271994117
    -0.022368424833985     0.037259271994117     0.060418029943321
38 28
    -0.025183232673953     0.029356550294324    -0.040372017974732
     0.029356550294324    -0.025183232673953     0.040372017974732
    -0.040372017974732     0.040372017974732    -0.104555772804815
38 29
     0.060418029943321     0.022368424833985    -0.037259271994117
     0.022368424833985     0.060418029943321     0.037259271994117
    -0.037259271994117     0.037259271994117     0.030353763622770
38 30
    -0.025183232673953     0.040372017974732    -0.029356550294324
     0.040372017974732    -0.104555772804815     0.040372017974732
    -0.029356550294324     0.040372017974732    -0.025183232673953
38 31
    -0.104555772804815     0.040372017974732    -0.040372017974732
     0.040372017974732    -0.025183232673953     0.029356550294324
    -0.040372017974732     0.029356550294324    -0.025183232673953
38 32
     0.005425711287899     0.007810478928150    -0.007810478928150
     0.007810478928150     0.005425711287899     0.007810478928150
    -0.007810478928150     0.007810478928150     0.005425711287899
38 33
    -0.002013487346630     0.000000000000000     0.000000000000000
    -0.000000000000000     0.192951181134049     0.000000000000000
    -0.000000000000000    -0.000000000000000    -0.002013487346631
38 34
    -0.063411041583095     0.000000000000000    -0.000000000000000
    -0.000000000000000    -0.063411041583095    -0.000000000000000
     0.000000000000000     0.000000000000000    -0.067616379192259
38 35
    -0.008785683121459     0.000000000000000     0.000000000000000
    -0.000000000000000    -0.008785683121459    -0.000000000000000
     0.000000000000000    -0.000000000000000    -0.008785683121460
38 36
     0.192951181134049    -0.000000000000000     0.000000000000000
     0.000000000000000    -0.002013487346630    -0.000000000000000
    -0.000000000000000     0.000000000000000    -0.002013487346630
38 37
    -0.067616379192259    -0.000000000000000    -0.000000000000000
     0.000000000000000    -0.063411041583095     0.000000000000000
     0.000000000000000     0.000000000000000    -0.063411041583095
38 38
    14.036572029044695    -0.000000000000000    -0.000000000000000
    -0.000000000000000    14.036572029044686    -0.000000000000000
    -0.000000000000000    -0.000000000000000    14.036572029044684
38 39
    -0.002013487346630     0.000000000000000    -0.000000000000000
     0.000000000000000    -0.002013487346630     0.000000000000000
     0.000000000000000    -0.000000000000000     0.192951181134049
38 40
    -0.063411041583095     0.000000000000000     0.000000000000000
     0.000000000000000    -0.067616379192259    -0.000000000000000
     0.000000000000000     0.000000000000000    -0.063411041583095
38 41
    -0.025183232673953     0.029356550294324     0.040372017974732
     0.029356550294324    -0.025183232673953    -0.040372017974732
     0.040372017974732    -0.040372017974732    -0.104555772804815
38 42
     0.060418029943321     0.037259271994117     0.022368424833985
     0.037259271994117     0.030353763622770    -0.037259271994117
     0.022368424833985    -0.037259271994117     0.060418029943321
38 43
     0.030353763622770     0.037259271994117     0.037259271994117
     0.037259271994117     0.060418029943321    -0.022368424833985
     0.037259271994117    -0.022368424833985     0.060418029943321
38 44
    -3.322380731651720     2.515143668279052     2.515143668279052
     2.515143668279052    -3.322380731651718    -2.515143668279051
     2.515143668279052    -2.515143668279051    -3.322380731651718
38 45
     0.005425711287899     0.007810478928150     0.007810478928150
     0.007810478928150     0.005425711287899    -0.007810478928150
     0.007810478928150    -0.007810478928150     0.005425711287899
38 46
    -0.104555772804815     0.040372017974732     0.040372017974732
     0.040372017974732    -0.025183232673953    -0.029356550294324
     0.040372017974732    -0.029356550294324    -0.025183232673953
38 47
    -0.025183232673953     0.040372017974732     0.029356550294324
     0.040372017974732    -0.104555772804815    -0.040372017974732
     0.029356550294324    -0.040372017974732    -0.025183232673953
38 48
     0.060418029943321     0.022368424833985     0.037259271994117
     0.022368424833985     0.060418029943321    -0.037259271994117
     0.037259271994117    -0.037259271994117     0.030353763622770
38 49
     0.003309412613817    -0.010440718779137     0.010440718779137
     0.010440718779137    -0.026877338996201    -0.040986281237565
    -0.010440718779137    -0.040986281237565    -0.026877338996201
38 50
     0.326937544787143    -0.048642867113813     0.048642867113813
     0.048642867113813    -0.230686433451410     0.234968497534282
    -0.048642867113813     0.234968497534282    -0.230686433451410
38 51
     0.003309412613817    -0.010440718779137    -0.010440718779137
     0.010440718779137    -0.026877338996201     0.040986281237565
     0.010440718779137     0.040986281237565    -0.026877338996201
38 52
     0.326937544787143    -0.048642867113813    -0.048642867113813
     0.048642867113813    -0.230686433451410    -0.234968497534282
     0.048642867113813    -0.234968497534282    -0.230686433451410
38 53
     0.003309412613817     0.010440718779137     0.010440718779137
    -0.010440718779137    -0.026877338996201     0.040986281237565
    -0.010440718779137     0.040986281237565    -0.026877338996201
38 54
     0.326937544787143     0.048642867113813     0.048642867113813
    -0.048642867113813    -0.230686433451410    -0.234968497534282
    -0.048642867113813    -0.234968497534282    -0.230686433451410
38 55
     0.003309412613817     0.010440718779137    -0.010440718779137
    -0.010440718779137    -0.026877338996201    -0.040986281237565
     0.010440718779137    -0.040986281237565    -0.026877338996201
38 56
     0.326937544787143     0.048642867113813    -0.048642867113813
    -0.048642867113813    -0.230686433451410     0.234968497534283
     0.048642867113813     0.234968497534282    -0.230686433451410
38 57
    -0.025183232673953    -0.040372017974732    -0.029356550294324
    -0.040372017974732    -0.104555772804815    -0.040372017974732
    -0.029356550294324    -0.040372017974732    -0.025183232673953
38 58
     0.060418029943321    -0.022368424833985    -0.037259271994117
    -0.022368424833985     0.060418029943321    -0.037259271994117
    -0.037259271994117    -0.037259271994117     0.030353763622770
38 59
     0.005425711287899    -0.007810478928150    -0.007810478928150
    -0.007810478928150     0.005425711287899    -0.007810478928150
    -0.007810478928150    -0.007810478928150     0.005425711287899
38 60
    -0.104555772804815    -0.040372017974732    -0.040372017974732
    -0.040372017974732    -0.025183232673953    -0.029356550294324
    -0.040372017974732    -0.029356550294324    -0.025183232673953
38 61
     0.030353763622770    -0.037259271994117    -0.037259271994117
    -0.037259271994117     0.060418029943321    -0.022368424833985
    -0.037259271994117    -0.022368424833985     0.060418029943321
38 62
    -3.322380731651720    -2.515143668279052    -2.515143668279052
    -2.515143668279052    -3.322380731651718    -2.515143668279051
    -2.515143668279052    -2.515143668279051    -3.322380731651718
38 63
    -0.025183232673953    -0.029356550294324    -0.040372017974732
    -0.029356550294324    -0.025183232673953    -0.040372017974732
    -0.040372017974732    -0.040372017974732    -0.104555772804815
38 64
     0.060418029943321    -0.037259271994117    -0.022368424833985
    -0.037259271994117     0.030353763622770    -0.037259271994117
    -0.022368424833985    -0.037259271994117     0.060418029943321
39 1
    -0.026877338996201     0.010440718779137    -0.040986281237565
    -0.010440718779137     0.003309412613817     0.010440718779137
    -0.040986281237565    -0.010440718779137    -0.026877338996201
39 2
    -0.026877338996201     0.010440718779137     0.040986281237565
    -0.010440718779137     0.003309412613817    -0.010440718779137
     0.040986281237565     0.010440718779137    -0.026877338996201
39 3
    -0.230686433451410     0.048642867113813     0.234968497534282
    -0.048642867113813     0.326937544787143     0.048642867113813
     0.234968497534282    -0.048642867113813    -0.230686433451410
39 4
    -0.230686433451410     0.048642867113813    -0.234968497534282
    -0.048642867113813     0.326937544787142    -0.048642867113813
    -0.234968497534283     0.048642867113813    -0.230686433451410
39 5
    -0.026877338996201    -0.010440718779137     0.040986281237565
     0.010440718779137     0.003309412613817     0.010440718779137
     0.040986281237565    -0.010440718779137    -0.026877338996201
39 6
    -0.026877338996201    -0.010440718779137    -0.040986281237565
     0.010440718779137     0.003309412613817    -0.010440718779137
    -0.040986281237565     0.010440718779137    -0.026877338996201
39 7
    -0.230686433451410    -0.048642867113813    -0.234968497534282
     0.048642867113813     0.326937544787143     0.048642867113813
    -0.234968497534282    -0.048642867113813    -0.230686433451410
39 8
    -0.230686433451410    -0.048642867113813     0.234968497534282
     0.048642867113813     0.326937544787143    -0.048642867113813
     0.234968497534282     0.048642867113813    -0.230686433451410
39 9
    -0.025183232673953    -0.040372017974732     0.029356550294324
    -0.040372017974732    -0.104555772804815     0.040372017974732
     0.029356550294324     0.040372017974732    -0.025183232673953
39 10
     0.060418029943321    -0.022368424833985     0.037259271994117
    -0.022368424833985     0.060418029943321     0.037259271994117
     0.037259271994117     0.037259271994117     0.030353763622770
39 11
     0.005425711287899    -0.007810478928150     0.007810478928150
    -0.007810478928150     0.005425711287899     0.007810478928150
     0.007810478928150     0.007810478928150     0.005425711287899
39 12
    -0.104555772804815    -0.040372017974732     0.040372017974732
    -0.040372017974732    -0.025183232673953     0.029356550294324
     0.040372017974732     0.029356550294324    -0.025183232673953
39 13
     0.030353763622770    -0.037259271994117     0.037259271994117
    -0.037259271994117     0.060418029943321     0.022368424833985
     0.037259271994117     0.022368424833985     0.060418029943321
39 14
    -3.322380731651720    -2.515143668279051     2.515143668279051
    -2.515143668279053    -3.322380731651720     2.515143668279052
     2.515143668279052     2.515143668279051    -3.322380731651718
39 15
    -0.025183232673953    -0.029356550294324     0.040372017974732
    -0.029356550294324    -0.025183232673953     0.040372017974732
     0.040372017974732     0.040372017974732    -0.104555772804815
39 16
     0.060418029943321    -0.037259271994117     0.022368424833985
    -0.037259271994117     0.030353763622770     0.037259271994117
     0.022368424833985     0.037259271994117     0.060418029943321
39 17
    -0.026877338996201    -0.040986281237565     0.010440718779137
    -0.040986281237565    -0.026877338996201    -0.010440718779137
    -0.010440718779137     0.010440718779137     0.003309412613817
39 18
    -0.026877338996201     0.040986281237565     0.010440718779137
     0.040986281237565    -0.026877338996201     0.010440718779137
    -0.010440718779137    -0.010440718779137     0.003309412613817
39 19
    -0.026877338996201     0.040986281237565    -0.010440718779137
     0.040986281237565    -0.026877338996201    -0.010440718779137
     0.010440718779137     0.010440718779137     0.003309412613817
39 20
    -0.026877338996201    -0.040986281237565    -0.010440718779137
    -0.040986281237565    -0.026877338996201     0.010440718779137
     0.010440718779137    -0.010440718779137     0.003309412613817
39 21
    -0.230686433451410     0.234968497534282     0.048642867113813
     0.234968497534283    -0.230686433451410    -0.048642867113813
    -0.048642867113813     0.048642867113813     0.326937544787143
39 22
    -0.230686433451410    -0.234968497534282     0.048642867113813
    -0.234968497534283    -0.230686433451410     0.048642867113813
    -0.048642867113813    -0.048642867113813     0.326937544787142
39 23
    -0.230686433451410    -0.234968497534282    -0.048642867113813
    -0.234968497534283    -0.230686433451410    -0.048642867113813
     0.048642867113813     0.048642867113813     0.326937544787142
39 24
    -0.230686433451410     0.234968497534282    -0.048642867113813
     0.234968497534283    -0.230686433451410     0.048642867113813
     0.048642867113813    -0.048642867113813     0.326937544787143
39 25
    -0.025183232673953     0.029356550294324    -0.040372017974732
     0.029356550294324    -0.025183232673953     0.040372017974732
    -0.040372017974733     0.040372017974732    -0.104555772804815
39 26
     0.060418029943321     0.037259271994117    -0.022368424833985
     0.037259271994117     0.030353763622770     0.037259271994117
    -0.022368424833985     0.037259271994117     0.060418029943321
39 27
     0.030353763622770     0.037259271994117    -0.037259271994117
     0.037259271994117     0.060418029943321     0.022368424833985
    -0.037259271994117     0.022368424833985     0.060418029943321
39 28
    -3.322380731651718     2.515143668279051    -2.515143668279052
     2.515143668279052    -3.322380731651720     2.515143668279053
    -2.515143668279051     2.515143668279051    -3.322380731651720
39 29
     0.005425711287899     0.007810478928150    -0.007810478928150
     0.007810478928150     0.005425711287899     0.007810478928150
    -0.007810478928150     0.007810478928150     0.005425711287899
39 30
    -0.104555772804815     0.040372017974732    -0.040372017974732
     0.040372017974732    -0.025183232673953     0.029356550294324
    -0.040372017974732     0.029356550294324    -0.025183232673953
39 31
    -0.025183232673953     0.040372017974732    -0.029356550294324
     0.040372017974732    -0.104555772804815     0.040372017974732
    -0.029356550294324     0.040372017974732    -0.025183232673953
39 32
     0.060418029943321     0.022368424833985    -0.037259271994117
     0.022368424833985     0.060418029943321     0.037259271994117
    -0.037259271994117     0.037259271994117     0.030353763622770
39 33
     0.192951181134049     0.000000000000000     0.000000000000000
    -0.000000000000000    -0.002013487346630    -0.000000000000000
    -0.000000000000000    -0.000000000000000    -0.002013487346630
39 34
    -0.008785683121459     0.000000000000000    -0.000000000000000
    -0.000000000000000    -0.008785683121459    -0.000000000000000
    -0.000000000000000     0.000000000000000    -0.008785683121459
39 35
    -0.063411041583095     0.000000000000000     0.000000000000000
    -0.000000000000000    -0.063411041583095    -0.000000000000000
    -0.000000000000000     0.000000000000000    -0.067616379192259
39 36
    -0.002013487346630    -0.000000000000000     0.000000000000000
     0.000000000000000     0.192951181134049    -0.000000000000000
    -0.000000000000000     0.000000000000000    -0.002013487346630
39 37
    -0.063411041583094    -0.000000000000000    -0.000000000000000
    -0.000000000000000    -0.067616379192259    -0.000000000000000
    -0.000000000000000     0.000000000000000    -0.063411041583095
39 38
    -0.002013487346630     0.000000000000000     0.000000000000000
     0.000000000000000    -0.002013487346630    -0.000000000000000
    -0.000000000000000     0.000000000000000     0.192951181134049
39 39
    14.036572029044688     0.000000000000000    -0.000000000000000
     0.000000000000000    14.036572029044692     0.000000000000000
    -0.000000000000000     0.000000000000000    14.036572029044686
39 40
    -0.067616379192259     0.000000000000000     0.000000000000000
     0.000000000000000    -0.063411041583095    -0.000000000000000
    -0.000000000000000     0.000000000000000    -0.063411041583095
39 41
    -3.322380731651720     2.515143668279051     2.515143668279051
     2.515143668279053    -3.322380731651720    -2.515143668279052
     2.515143668279052    -2.515143668279051    -3.322380731651718
39 42
     0.030353763622770     0.037259271994117     0.037259271994117
     0.037259271994117     0.060418029943321    -0.022368424833985
     0.037259271994117    -0.022368424833985     0.060418029943321
39 43
     0.060418029943321     0.037259271994117     0.022368424833985
     0.037259271994117     0.030353763622770    -0.037259271994117
     0.022368424833985    -0.037259271994117     0.060418029943321
39 44
    -0.025183232673953     0.029356550294324     0.040372017974732
     0.029356550294324    -0.025183232673953    -0.040372017974732
     0.040372017974732    -0.040372017974732    -0.104555772804815
39 45
     0.060418029943321     0.022368424833985     0.037259271994117
     0.022368424833985     0.060418029943321    -0.037259271994117
     0.037259271994117    -0.037259271994117     0.030353763622770
39 46
    -0.025183232673953     0.040372017974732     0.029356550294324
     0.040372017974732    -0.104555772804815    -0.040372017974732
     0.029356550294324    -0.040372017974732    -0.025183232673953
39 47
    -0.104555772804815     0.040372017974732     0.040372017974732
     0.040372017974732    -0.025183232673953    -0.029356550294324
     0.040372017974732    -0.029356550294324    -0.025183232673953
39 48
     0.005425711287899     0.007810478928150     0.007810478928150
     0.007810478928150     0.005425711287899    -0.007810478928150
     0.007810478928150    -0.007810478928150     0.005425711287899
39 49
     0.326937544787143    -0.048642867113813    -0.048642867113813
     0.048642867113813    -0.230686433451410    -0.234968497534283
     0.048642867113813    -0.234968497534283    -0.230686433451410
39 50
     0.003309412613817    -0.010440718779137    -0.010440718779137
     0.010440718779137    -0.026877338996201     0.040986281237565
     0.010440718779137     0.040986281237565    -0.026877338996201
39 51
     0.326937544787142    -0.048642867113813     0.048642867113813
     0.048642867113813    -0.230686433451410     0.234968497534282
    -0.048642867113813     0.234968497534283    -0.230686433451410
39 52
     0.003309412613817    -0.010440718779137     0.010440718779137
     0.010440718779137    -0.026877338996201    -0.040986281237565
    -0.010440718779137    -0.040986281237565    -0.026877338996201
39 53
     0.326937544787142     0.048642867113813    -0.048642867113813
    -0.048642867113813    -0.230686433451410     0.234968497534283
     0.048642867113813     0.234968497534282    -0.230686433451410
39 54
     0.003309412613817     0.010440718779137    -0.010440718779137
    -0.010440718779137    -0.026877338996201    -0.040986281237565
     0.010440718779137    -0.040986281237565    -0.026877338996201
39 55
     0.326937544787142     0.048642867113813     0.048642867113813
    -0.048642867113813    -0.230686433451410    -0.234968497534283
    -0.048642867113813    -0.234968497534282    -0.230686433451410
39 56
     0.003309412613817     0.010440718779137     0.010440718779137
    -0.010440718779137    -0.026877338996201     0.040986281237565
    -0.010440718779137     0.040986281237565    -0.026877338996201
39 57
    -0.104555772804815    -0.040372017974732    -0.040372017974732
    -0.040372017974732    -0.025183232673953    -0.029356550294324
    -0.040372017974732    -0.029356550294324    -0.025183232673953
39 58
     0.005425711287899    -0.007810478928150    -0.007810478928150
    -0.007810478928150     0.005425711287899    -0.007810478928150
    -0.007810478928150    -0.007810478928150     0.005425711287899
39 59
     0.060418029943321    -0.022368424833985    -0.037259271994117
    -0.022368424833985     0.060418029943321    -0.037259271994117
    -0.037259271994117    -0.037259271994117     0.030353763622770
39 60
    -0.025183232673953    -0.040372017974732    -0.029356550294324
    -0.040372017974732    -0.104555772804815    -0.040372017974732
    -0.029356550294324    -0.040372017974732    -0.025183232673953
39 61
     0.060418029943321    -0.037259271994117    -0.022368424833985
    -0.037259271994117     0.030353763622770    -0.037259271994117
    -0.022368424833985    -0.037259271994117     0.060418029943321
39 62
    -0.025183232673953    -0.029356550294324    -0.040372017974732
    -0.029356550294324    -0.025183232673953    -0.040372017974732
    -0.040372017974732    -0.040372017974732    -0.104555772804815
39 63
    -3.322380731651718    -2.515143668279052    -2.515143668279051
    -2.515143668279052    -3.322380731651720    -2.515143668279052
    -2.515143668279051    -2.515143668279052    -3.322380731651718
39 64
     0.030353763622770    -0.037259271994117    -0.037259271994117
    -0.037259271994117     0.060418029943321    -0.022368424833985
    -0.037259271994117    -0.022368424833985     0.060418029943321
40 1
    -0.026877338996201     0.010440718779137     0.040986281237565
    -0.010440718779137     0.003309412613817    -0.010440718779137
     0.040986281237565     0.010440718779137    -0.026877338996201
40 2
    -0.026877338996201     0.010440718779137    -0.040986281237565
    -0.010440718779137     0.003309412613817     0.010440718779137
    -0.040986281237565    -0.010440718779137    -0.026877338996201
40 3
    -0.230686433451410     0.048642867113813    -0.234968497534283
    -0.048642867113813     0.326937544787143    -0.048642867113813
    -0.234968497534282     0.048642867113813    -0.230686433451410
40 4
    -0.230686433451410     0.048642867113813     0.234968497534283
    -0.048642867113813     0.326937544787142     0.048642867113813
     0.234968497534282    -0.048642867113813    -0.230686433451410
40 5
    -0.026877338996201    -0.010440718779137    -0.040986281237565
     0.010440718779137     0.003309412613817    -0.010440718779137
    -0.040986281237565     0.010440718779137    -0.026877338996201
40 6
    -0.026877338996201    -0.010440718779137     0.040986281237565
     0.010440718779137     0.003309412613817     0.010440718779137
     0.040986281237565    -0.010440718779137    -0.026877338996201
40 7
    -0.230686433451410    -0.048642867113813     0.234968497534283
     0.048642867113813     0.326937544787143    -0.048642867113813
     0.234968497534282     0.048642867113813    -0.230686433451410
40 8
    -0.230686433451410    -0.048642867113813    -0.234968497534283
     0.048642867113813     0.326937544787142     0.048642867113813
    -0.234968497534283    -0.048642867113813    -0.230686433451410
40 9
     0.060418029943321    -0.022368424833985     0.037259271994117
    -0.022368424833985     0.060418029943321     0.037259271994117
     0.037259271994117     0.037259271994117     0.030353763622770
40 10
    -0.025183232673953    -0.040372017974732     0.029356550294324
    -0.040372017974732    -0.104555772804815     0.040372017974732
     0.029356550294324     0.040372017974732    -0.025183232673953
40 11
    -0.104555772804815    -0.040372017974732     0.040372017974732
    -0.040372017974732    -0.025183232673953     0.029356550294324
     0.040372017974732     0.029356550294324    -0.025183232673953
40 12
     0.005425711287898    -0.007810478928150     0.007810478928150
    -0.007810478928150     0.005425711287899     0.007810478928150
     0.007810478928150     0.007810478928150     0.005425711287899
40 13
    -3.322380731651720    -2.515143668279053     2.515143668279052
    -2.515143668279051    -3.322380731651720     2.515143668279051
     2.515143668279051     2.515143668279052    -3.322380731651718
40 14
     0.030353763622770    -0.037259271994117     0.037259271994117
    -0.037259271994117     0.060418029943321     0.022368424833985
     0.037259271994117     0.022368424833985     0.060418029943321
40 15
     0.060418029943321    -0.037259271994117     0.022368424833985
    -0.037259271994117     0.030353763622770     0.037259271994117
     0.022368424833985     0.037259271994117     0.060418029943321
40 16
    -0.025183232673953    -0.029356550294324     0.040372017974732
    -0.029356550294324    -0.025183232673953     0.040372017974732
     0.040372017974732     0.040372017974732    -0.104555772804815
40 17
    -0.026877338996201     0.040986281237565     0.010440718779137
     0.040986281237565    -0.026877338996201     0.010440718779137
    -0.010440718779137    -0.010440718779137     0.003309412613817
40 18
    -0.026877338996201    -0.040986281237565     0.010440718779137
    -0.040986281237565    -0.026877338996201    -0.010440718779137
    -0.010440718779137     0.010440718779137     0.003309412613817
40 19
    -0.026877338996201    -0.040986281237565    -0.010440718779137
    -0.040986281237565    -0.026877338996201     0.010440718779137
     0.010440718779137    -0.010440718779137     0.003309412613817
40 20
    -0.026877338996201     0.040986281237565    -0.010440718779137
     0.040986281237565    -0.026877338996201    -0.010440718779137
     0.010440718779137     0.010440718779137     0.003309412613817
40 21
    -0.230686433451410    -0.234968497534283     0.048642867113813
    -0.234968497534282    -0.230686433451410     0.048642867113813
    -0.048642867113813    -0.048642867113813     0.326937544787143
40 22
    -0.230686433451410     0.234968497534283     0.048642867113813
     0.234968497534283    -0.230686433451410    -0.048642867113813
    -0.048642867113813     0.048642867113813     0.326937544787142
40 23
    -0.230686433451410     0.234968497534283    -0.048642867113813
     0.234968497534282    -0.230686433451410     0.048642867113813
     0.048642867113813    -0.048642867113813     0.326937544787142
40 24
    -0.230686433451410    -0.234968497534283    -0.048642867113813
    -0.234968497534282    -0.230686433451410    -0.048642867113813
     0.048642867113813     0.048642867113813     0.326937544787143
40 25
     0.060418029943321     0.037259271994117    -0.022368424833985
     0.037259271994117     0.030353763622770     0.037259271994117
    -0.022368424833985     0.037259271994117     0.060418029943321
40 26
    -0.025183232673953     0.029356550294324    -0.040372017974732
     0.029356550294324    -0.025183232673953     0.040372017974732
    -0.040372017974732     0.040372017974732    -0.104555772804815
40 27
    -3.322380731651720     2.515143668279053    -2.515143668279052
     2.515143668279051    -3.322380731651720     2.515143668279051
    -2.515143668279051     2.515143668279052    -3.322380731651718
40 28
     0.030353763622770     0.037259271994117    -0.037259271994117
     0.037259271994117     0.060418029943321     0.022368424833985
    -0.037259271994117     0.022368424833985     0.060418029943321
40 29
    -0.104555772804815     0.040372017974732    -0.040372017974732
     0.040372017974732    -0.025183232673953     0.029356550294324
    -0.040372017974732     0.029356550294324    -0.025183232673953
40 30
     0.005425711287898     0.007810478928150    -0.007810478928150
     0.007810478928150     0.005425711287899     0.007810478928150
    -0.007810478928150     0.007810478928150     0.005425711287899
40 31
     0.060418029943321     0.022368424833985    -0.037259271994117
     0.022368424833985     0.060418029943321     0.037259271994117
    -0.037259271994117     0.037259271994117     0.030353763622770
40 32
    -0.025183232673953     0.040372017974732    -0.029356550294324
     0.040372017974732    -0.104555772804815     0.040372017974732
    -0.029356550294324     0.040372017974732    -0.025183232673953
40 33
    -0.008785683121459     0.000000000000000     0.000000000000000
    -0.000000000000000    -0.008785683121459     0.000000000000000
     0.000000000000000    -0.000000000000000    -0.008785683121460
40 34
     0.192951181134049    -0.000000000000000    -0.000000000000000
    -0.000000000000000    -0.002013487346630     0.000000000000000
     0.000000000000000    -0.000000000000000    -0.002013487346630
40 35
    -0.002013487346631    -0.000000000000000     0.000000000000000
    -0.000000000000000     0.192951181134049     0.000000000000000
     0.000000000000000    -0.000000000000000    -0.002013487346630
40 36
    -0.063411041583095    -0.000000000000000     0.000000000000000
     0.000000000000000    -0.063411041583095     0.000000000000000
    -0.000000000000000    -0.000000000000000    -0.067616379192259
40 37
    -0.002013487346630    -0.000000000000000    -0.000000000000000
    -0.000000000000000    -0.002013487346630     0.000000000000000
     0.000000000000000    -0.000000000000000     0.192951181134049
40 38
    -0.063411041583095     0.000000000000000     0.000000000000000
     0.000000000000000    -0.067616379192259     0.000000000000000
     0.000000000000000    -0.000000000000000    -0.063411041583095
40 39
    -0.067616379192259     0.000000000000000    -0.000000000000000
     0.000000000000000    -0.063411041583095     0.000000000000000
     0.000000000000000    -0.000000000000000    -0.063411041583095
40 40
    14.036572029044693    -0.000000000000000    -0.000000000000000
    -0.000000000000000    14.036572029044688    -0.000000000000000
    -0.000000000000000    -0.000000000000000    14.036572029044688
40 41
     0.030353763622770     0.037259271994117     0.037259271994117
     0.037259271994117     0.060418029943321    -0.022368424833985
     0.037259271994117    -0.022368424833985     0.060418029943321
40 42
    -3.322380731651720     2.515143668279052     2.515143668279053
     2.515143668279051    -3.322380731651718    -2.515143668279052
     2.515143668279051    -2.515143668279051    -3.322380731651720
40 43
    -0.025183232673953     0.029356550294324     0.040372017974732
     0.029356550294324    -0.025183232673953    -0.040372017974732
     0.040372017974732    -0.040372017974732    -0.104555772804815
40 44
     0.060418029943321     0.037259271994117     0.022368424833985
     0.037259271994117     0.030353763622770    -0.037259271994117
     0.022368424833985    -0.037259271994117     0.060418029943321
40 45
    -0.025183232673953     0.040372017974732     0.029356550294324
     0.040372017974732    -0.104555772804815    -0.040372017974732
     0.029356550294324    -0.040372017974732    -0.025183232673953
40 46
     0.060418029943321     0.022368424833985     0.037259271994117
     0.022368424833985     0.060418029943321    -0.037259271994117
     0.037259271994117    -0.037259271994117     0.030353763622770
40 47
     0.005425711287899     0.007810478928150     0.007810478928150
     0.007810478928150     0.005425711287899    -0.007810478928150
     0.007810478928150    -0.007810478928150     0.005425711287899
40 48
    -0.104555772804815     0.040372017974732     0.040372017974732
     0.040372017974732    -0.025183232673953    -0.029356550294324
     0.040372017974732    -0.029356550294324    -0.025183232673953
40 49
     0.003309412613817    -0.010440718779137    -0.010440718779137
     0.010440718779137    -0.026877338996201     0.040986281237565
     0.010440718779137     0.040986281237565    -0.026877338996201
40 50
     0.326937544787143    -0.048642867113813    -0.048642867113813
     0.048642867113813    -0.230686433451410    -0.234968497534282
     0.048642867113813    -0.234968497534282    -0.230686433451410
40 51
     0.003309412613817    -0.010440718779137     0.010440718779137
     0.010440718779137    -0.026877338996201    -0.040986281237565
    -0.010440718779137    -0.040986281237565    -0.026877338996201
40 52
     0.326937544787143    -0.048642867113813     0.048642867113813
     0.048642867113813    -0.230686433451410     0.234968497534282
    -0.048642867113813     0.234968497534282    -0.230686433451410
40 53
     0.003309412613817     0.010440718779137    -0.010440718779137
    -0.010440718779137    -0.026877338996201    -0.040986281237565
     0.010440718779137    -0.040986281237565    -0.026877338996201
40 54
     0.326937544787143     0.048642867113813    -0.048642867113813
    -0.048642867113813    -0.230686433451410     0.234968497534282
     0.048642867113813     0.234968497534282    -0.230686433451410
40 55
     0.003309412613817     0.010440718779137     0.010440718779137
    -0.010440718779137    -0.026877338996201     0.040986281237565
    -0.010440718779137     0.040986281237565    -0.026877338996201
40 56
     0.326937544787143     0.048642867113813     0.048642867113813
    -0.048642867113813    -0.230686433451410    -0.234968497534282
    -0.048642867113813    -0.234968497534282    -0.230686433451410
40 57
     0.005425711287898    -0.007810478928150    -0.007810478928150
    -0.007810478928150     0.005425711287899    -0.007810478928150
    -0.007810478928150    -0.007810478928150     0.005425711287899
40 58
    -0.104555772804815    -0.040372017974732    -0.040372017974732
    -0.040372017974732    -0.025183232673953    -0.029356550294324
    -0.040372017974732    -0.029356550294324    -0.025183232673953
40 59
    -0.025183232673953    -0.040372017974732    -0.029356550294324
    -0.040372017974732    -0.104555772804815    -0.040372017974732
    -0.029356550294324    -0.040372017974732    -0.025183232673953
40 60
     0.060418029943321    -0.022368424833985    -0.037259271994117
    -0.022368424833985     0.060418029943321    -0.037259271994117
    -0.037259271994117    -0.037259271994117     0.030353763622770
40 61
    -0.025183232673953    -0.029356550294324    -0.040372017974732
    -0.029356550294324    -0.025183232673953    -0.040372017974732
    -0.040372017974732    -0.040372017974732    -0.104555772804815
40 62
     0.060418029943321    -0.037259271994117    -0.022368424833985
    -0.037259271994117     0.030353763622770    -0.037259271994117
    -0.022368424833985    -0.037259271994117     0.060418029943321
40 63
     0.030353763622770    -0.037259271994117    -0.037259271994117
    -0.037259271994117     0.060418029943321    -0.022368424833985
    -0.037259271994117    -0.022368424833985     0.060418029943321
40 64
    -3.322380731651720    -2.515143668279052    -2.515143668279053
    -2.515143668279051    -3.322380731651718    -2.515143668279052
    -2.515143668279051    -2.515143668279051    -3.322380731651720
41 1
     0.060418029943321    -0.037259271994117     0.022368424833985
    -0.037259271994117     0.030353763622770     0.037259271994117
     0.022368424833985     0.037259271994117     0.060418029943321
41 2
    -0.025183232673953    -0.029356550294324     0.040372017974732
    -0.029356550294324    -0.025183232673953     0.040372017974732
     0.040372017974732     0.040372017974732    -0.104555772804815
41 3
    -3.322380731651720    -2.515143668279053     2.515143668279052
    -2.515143668279051    -3.322380731651720     2.515143668279051
     2.515143668279051     2.515143668279052    -3.322380731651718
41 4
     0.030353763622770    -0.037259271994117     0.037259271994117
    -0.037259271994117     0.060418029943321     0.022368424833985
     0.037259271994117     0.022368424833985     0.060418029943321
41 5
    -0.104555772804815    -0.040372017974732     0.040372017974732
    -0.040372017974732    -0.025183232673953     0.029356550294324
     0.040372017974732     0.029356550294324    -0.025183232673953
41 6
     0.005425711287899    -0.007810478928150     0.007810478928150
    -0.007810478928150     0.005425711287899     0.007810478928150
     0.007810478928150     0.007810478928150     0.005425711287899
41 7
     0.060418029943321    -0.022368424833985     0.037259271994117
    -0.022368424833985     0.060418029943321     0.037259271994117
     0.037259271994117     0.037259271994117     0.030353763622770
41 8
    -0.025183232673953    -0.040372017974732     0.029356550294324
    -0.040372017974732    -0.104555772804815     0.040372017974732
     0.029356550294324     0.040372017974732    -0.025183232673953
41 9
    -0.230686433451410    -0.048642867113813     0.234968497534283
     0.048642867113813     0.326937544787143    -0.048642867113813
     0.234968497534282     0.048642867113813    -0.230686433451410
41 10
    -0.230686433451410    -0.048642867113813    -0.234968497534283
     0.048642867113813     0.326937544787142     0.048642867113813
    -0.234968497534282    -0.048642867113813    -0.230686433451410
41 11
    -0.026877338996201    -0.010440718779137    -0.040986281237565
     0.010440718779137     0.003309412613817    -0.010440718779137
    -0.040986281237565     0.010440718779137    -0.026877338996201
41 12
    -0.026877338996201    -0.010440718779137     0.040986281237565
     0.010440718779137     0.003309412613817     0.010440718779137
     0.040986281237565    -0.010440718779137    -0.026877338996201
41 13
    -0.230686433451410     0.048642867113813    -0.234968497534282
    -0.048642867113813     0.326937544787143    -0.048642867113813
    -0.234968497534282     0.048642867113813    -0.230686433451410
41 14
    -0.230686433451410     0.048642867113813     0.234968497534283
    -0.048642867113813     0.326937544787142     0.048642867113813
     0.234968497534283    -0.048642867113813    -0.230686433451410
41 15
    -0.026877338996201     0.010440718779137     0.040986281237565
    -0.010440718779137     0.003309412613817    -0.010440718779137
     0.040986281237565     0.010440718779137    -0.026877338996201
41 16
    -0.026877338996201     0.010440718779137    -0.040986281237565
    -0.010440718779137     0.003309412613817     0.010440718779137
    -0.040986281237565    -0.010440718779137    -0.026877338996201
41 17
     0.060418029943321     0.022368424833985    -0.037259271994117
     0.022368424833985     0.060418029943321     0.037259271994117
    -0.037259271994117     0.037259271994117     0.030353763622770
41 18
    -0.025183232673953     0.040372017974732    -0.029356550294324
     0.040372017974732    -0.104555772804815     0.040372017974732
    -0.029356550294324     0.040372017974732    -0.025183232673953
41 19
    -0.104555772804815     0.040372017974732    -0.040372017974732
     0.040372017974732    -0.025183232673953     0.029356550294324
    -0.040372017974732     0.029356550294324    -0.025183232673953
41 20
     0.005425711287899     0.007810478928150    -0.007810478928150
     0.007810478928150     0.005425711287899     0.007810478928150
    -0.007810478928150     0.007810478928150     0.005425711287899
41 21
    -3.322380731651720     2.515143668279052    -2.515143668279053
     2.515143668279051    -3.322380731651718     2.515143668279052
    -2.515143668279051     2.515143668279051    -3.322380731651720
41 22
     0.030353763622770     0.037259271994117    -0.037259271994117
     0.037259271994117     0.060418029943321     0.022368424833985
    -0.037259271994117     0.022368424833985     0.060418029943321
41 23
     0.060418029943321     0.037259271994117    -0.022368424833985
     0.037259271994117     0.030353763622770     0.037259271994117
    -0.022368424833985     0.037259271994117     0.060418029943321
41 24
    -0.025183232673953     0.029356550294324    -0.040372017974732
     0.029356550294324    -0.025183232673953     0.040372017974732
    -0.040372017974732     0.040372017974732    -0.104555772804815
41 25
    -0.230686433451410     0.234968497534283    -0.048642867113813
     0.234968497534283    -0.230686433451410     0.048642867113813
     0.048642867113813    -0.048642867113813     0.326937544787142
41 26
    -0.230686433451410    -0.234968497534282    -0.048642867113813
    -0.234968497534283    -0.230686433451410    -0.048642867113813
     0.048642867113813     0.048642867113813     0.326937544787142
41 27
    -0.230686433451410    -0.234968497534283     0.048642867113813
    -0.234968497534282    -0.230686433451410     0.048642867113813
    -0.048642867113813    -0.048642867113813     0.326937544787142
41 28
    -0.230686433451410     0.234968497534283     0.048642867113813
     0.234968497534282    -0.230686433451410    -0.048642867113813
    -0.048642867113813     0.048642867113813     0.326937544787143
41 29
    -0.026877338996201    -0.040986281237565    -0.010440718779137
    -0.040986281237565    -0.026877338996201     0.010440718779137
     0.010440718779137    -0.010440718779137     0.003309412613817
41 30
    -0.026877338996201     0.040986281237565    -0.010440718779137
     0.040986281237565    -0.026877338996201    -0.010440718779137
     0.010440718779137     0.010440718779137     0.003309412613817
41 31
    -0.026877338996201     0.040986281237565     0.010440718779137
     0.040986281237565    -0.026877338996201     0.010440718779137
    -0.010440718779137    -0.010440718779137     0.003309412613817
41 32
    -0.026877338996201    -0.040986281237565     0.010440718779137
    -0.040986281237565    -0.026877338996201    -0.010440718779137
    -0.010440718779137     0.010440718779137     0.003309412613817
41 33
    -0.104555772804815     0.040372017974732     0.040372017974732
     0.040372017974732    -0.025183232673953    -0.029356550294324
     0.040372017974732    -0.029356550294324    -0.025183232673953
41 34
     0.005425711287899     0.007810478928150     0.007810478928150
     0.007810478928150     0.005425711287899    -0.007810478928150
     0.007810478928150    -0.007810478928150     0.005425711287899
41 35
     0.060418029943321     0.022368424833985     0.037259271994117
     0.022368424833985     0.060418029943321    -0.037259271994117
     0.037259271994117    -0.037259271994117     0.030353763622770
41 36
    -0.025183232673953     0.040372017974732     0.029356550294324
     0.040372017974732    -0.104555772804815    -0.040372017974732
     0.029356550294324    -0.040372017974732    -0.025183232673953
41 37
     0.060418029943321     0.037259271994117     0.022368424833985
     0.037259271994117     0.030353763622770    -0.037259271994117
     0.022368424833985    -0.037259271994117     0.060418029943321
41 38
    -0.025183232673953     0.029356550294324     0.040372017974732
     0.029356550294324    -0.025183232673953    -0.040372017974732
     0.040372017974732    -0.040372017974732    -0.104555772804815
41 39
    -3.322380731651720     2.515143668279053     2.515143668279052
     2.515143668279051    -3.322380731651720    -2.515143668279051
     2.515143668279051    -2.515143668279052    -3.322380731651718
41 40
     0.030353763622770     0.037259271994117     0.037259271994117
     0.037259271994117     0.060418029943321    -0.022368424833985
     0.037259271994117    -0.022368424833985     0.060418029943321
41 41
    14.036572029044692     0.000000000000000     0.000000000000000
     0.000000000000000    14.036572029044690    -0.000000000000000
     0.000000000000000    -0.000000000000000    14.036572029044686
41 42
    -0.067616379192259    -0.000000000000000     0.000000000000000
    -0.000000000000000    -0.063411041583095    -0.000000000000000
     0.000000000000000     0.000000000000000    -0.063411041583095
41 43
    -0.063411041583095     0.000000000000000     0.000000000000000
     0.000000000000000    -0.067616379192259    -0.000000000000000
    -0.000000000000000     0.000000000000000    -0.063411041583095
41 44
    -0.002013487346631     0.000000000000000     0.000000000000000
    -0.000000000000000    -0.002013487346630    -0.000000000000000
     0.000000000000000    -0.000000000000000     0.192951181134049
41 45
    -0.063411041583095     0.000000000000000     0.000000000000000
    -0.000000000000000    -0.063411041583095    -0.000000000000000
     0.000000000000000     0.000000000000000    -0.067616379192259
41 46
    -0.002013487346630     0.000000000000000     0.000000000000000
     0.000000000000000     0.192951181134049    -0.000000000000000
     0.000000000000000    -0.000000000000000    -0.002013487346630
41 47
     0.192951181134049     0.000000000000000     0.000000000000000
     0.000000000000000    -0.002013487346630    -0.000000000000000
     0.000000000000000     0.000000000000000    -0.002013487346630
41 48
    -0.008785683121460     0.000000000000000     0.000000000000000
    -0.000000000000000    -0.008785683121459    -0.000000000000000
    -0.000000000000000     0.000000000000000    -0.008785683121459
41 49
    -3.322380731651720    -2.515143668279053    -2.515143668279052
    -2.515143668279051    -3.322380731651720    -2.515143668279051
    -2.515143668279051    -2.515143668279052    -3.322380731651718
41 50
     0.030353763622770    -0.037259271994117    -0.037259271994117
    -0.037259271994117     0.060418029943321    -0.022368424833985
    -0.037259271994117    -0.022368424833985     0.060418029943321
41 51
     0.060418029943321    -0.037259271994117    -0.022368424833985
    -0.037259271994117     0.030353763622770    -0.037259271994117
    -0.022368424833985    -0.037259271994117     0.060418029943321
41 52
    -0.025183232673953    -0.029356550294324    -0.040372017974732
    -0.029356550294324    -0.025183232673953    -0.040372017974732
    -0.040372017974732    -0.040372017974732    -0.104555772804815
41 53
     0.060418029943321    -0.022368424833985    -0.037259271994117
    -0.022368424833985     0.060418029943321    -0.037259271994117
    -0.037259271994117    -0.037259271994117     0.030353763622770
41 54
    -0.025183232673953    -0.040372017974732    -0.029356550294324
    -0.040372017974732    -0.104555772804815    -0.040372017974732
    -0.029356550294324    -0.040372017974732    -0.025183232673953
41 55
    -0.104555772804815    -0.040372017974732    -0.040372017974732
    -0.040372017974732    -0.025183232673953    -0.029356550294324
    -0.040372017974732    -0.029356550294324    -0.025183232673953
41 56
     0.005425711287899    -0.007810478928150    -0.007810478928150
    -0.007810478928150     0.005425711287899    -0.007810478928150
    -0.007810478928150    -0.007810478928150     0.005425711287899
41 57
     0.326937544787142     0.048642867113813     0.048642867113813
    -0.048642867113813    -0.230686433451410    -0.234968497534282
    -0.048642867113813    -0.234968497534282    -0.230686433451410
41 58
     0.003309412613817     0.010440718779137     0.010440718779137
    -0.010440718779137    -0.026877338996201     0.040986281237565
    -0.010440718779137     0.040986281237565    -0.026877338996201
41 59
     0.326937544787142     0.048642867113813    -0.048642867113813
    -0.048642867113813    -0.230686433451410     0.234968497534282
     0.048642867113813     0.234968497534282    -0.230686433451410
41 60
     0.003309412613817     0.010440718779137    -0.010440718779137
    -0.010440718779137    -0.026877338996201    -0.040986281237565
     0.010440718779137    -0.040986281237565    -0.026877338996201
41 61
     0.326937544787142    -0.048642867113813     0.048642867113813
     0.048642867113813    -0.230686433451410     0.234968497534282
    -0.048642867113813     0.234968497534282    -0.230686433451410
41 62
     0.003309412613817    -0.010440718779137     0.010440718779137
     0.010440718779137    -0.026877338996201    -0.040986281237565
    -0.010440718779137    -0.040986281237565    -0.026877338996201
41 63
     0.326937544787142    -0.048642867113813    -0.048642867113813
     0.048642867113813    -0.230686433451410    -0.234968497534282
     0.048642867113813    -0.234968497534282    -0.230686433451410
41 64
     0.003309412613817    -0.010440718779137    -0.010440718779137
     0.010440718779137    -0.026877338996201     0.040986281237565
     0.010440718779137     0.040986281237565    -0.026877338996201
42 1
    -0.025183232673953    -0.029356550294324     0.040372017974732
    -0.029356550294324    -0.025183232673953     0.040372017974732
     0.040372017974732     0.040372017974732    -0.104555772804815
42 2
     0.060418029943321    -0.037259271994117     0.022368424833985
    -0.037259271994117     0.030353763622770     0.037259271994117
     0.022368424833985     0.037259271994117     0.060418029943321
42 3
     0.030353763622770    -0.037259271994117     0.037259271994117
    -0.037259271994117     0.060418029943321     0.022368424833985
     0.037259271994117     0.022368424833985     0.060418029943321
42 4
    -3.322380731651720    -2.515143668279051     2.515143668279051
    -2.515143668279052    -3.322380731651718     2.515143668279051
     2.515143668279053     2.515143668279052    -3.322380731651720
42 5
     0.005425711287899    -0.007810478928150     0.007810478928150
    -0.007810478928150     0.005425711287899     0.007810478928150
     0.007810478928150     0.007810478928150     0.005425711287899
42 6
    -0.104555772804815    -0.040372017974732     0.040372017974732
    -0.040372017974732    -0.025183232673953     0.029356550294324
     0.040372017974732     0.029356550294324    -0.025183232673953
42 7
    -0.025183232673953    -0.040372017974732     0.029356550294324
    -0.040372017974732    -0.104555772804815     0.040372017974732
     0.029356550294324     0.040372017974732    -0.025183232673953
42 8
     0.060418029943321    -0.022368424833985     0.037259271994117
    -0.022368424833985     0.060418029943321     0.037259271994117
     0.037259271994117     0.037259271994117     0.030353763622770
42 9
    -0.230686433451410    -0.048642867113813    -0.234968497534282
     0.048642867113813     0.326937544787142     0.048642867113813
    -0.234968497534283    -0.048642867113813    -0.230686433451410
42 10
    -0.230686433451410    -0.048642867113813     0.234968497534282
     0.048642867113813     0.326937544787142    -0.048642867113813
     0.234968497534282     0.048642867113813    -0.230686433451410
42 11
    -0.026877338996201    -0.010440718779137     0.040986281237565
     0.010440718779137     0.003309412613817     0.010440718779137
     0.040986281237565    -0.010440718779137    -0.026877338996201
42 12
    -0.026877338996201    -0.010440718779137    -0.040986281237565
     0.010440718779137     0.003309412613817    -0.010440718779137
    -0.040986281237565     0.010440718779137    -0.026877338996201
42 13
    -0.230686433451410     0.048642867113813     0.234968497534282
    -0.048642867113813     0.326937544787142     0.048642867113813
     0.234968497534283    -0.048642867113813    -0.230686433451410
42 14
    -0.230686433451410     0.048642867113813    -0.234968497534282
    -0.048642867113813     0.326937544787142    -0.048642867113813
    -0.234968497534283     0.048642867113813    -0.230686433451410
42 15
    -0.026877338996201     0.010440718779137    -0.040986281237565
    -0.010440718779137     0.003309412613817     0.010440718779137
    -0.040986281237565    -0.010440718779137    -0.026877338996201
42 16
    -0.026877338996201     0.010440718779137     0.040986281237565
    -0.010440718779137     0.003309412613817    -0.010440718779137
     0.040986281237565     0.010440718779137    -0.026877338996201
42 17
    -0.025183232673953     0.040372017974732    -0.029356550294324
     0.040372017974732    -0.104555772804815     0.040372017974732
    -0.029356550294324     0.040372017974732    -0.025183232673953
42 18
     0.060418029943321     0.022368424833985    -0.037259271994117
     0.022368424833985     0.060418029943321     0.037259271994117
    -0.037259271994117     0.037259271994117     0.030353763622770
42 19
     0.005425711287899     0.007810478928150    -0.007810478928150
     0.007810478928150     0.005425711287899     0.007810478928150
    -0.007810478928150     0.007810478928150     0.005425711287898
42 20
    -0.104555772804815     0.040372017974732    -0.040372017974732
     0.040372017974732    -0.025183232673953     0.029356550294324
    -0.040372017974732     0.029356550294324    -0.025183232673953
42 21
     0.030353763622770     0.037259271994117    -0.037259271994117
     0.037259271994117     0.060418029943321     0.022368424833985
    -0.037259271994117     0.022368424833985     0.060418029943321
42 22
    -3.322380731651720     2.515143668279051    -2.515143668279051
     2.515143668279052    -3.322380731651718     2.515143668279051
    -2.515143668279053     2.515143668279052    -3.322380731651720
42 23
    -0.025183232673953     0.029356550294324    -0.040372017974732
     0.029356550294324    -0.025183232673953     0.040372017974732
    -0.040372017974732     0.040372017974732    -0.104555772804815
42 24
     0.060418029943321     0.037259271994117    -0.022368424833985
     0.037259271994117     0.030353763622770     0.037259271994117
    -0.022368424833985     0.037259271994117     0.060418029943321
42 25
    -0.230686433451410    -0.234968497534282    -0.048642867113813
    -0.234968497534283    -0.230686433451410    -0.048642867113813
     0.048642867113813     0.048642867113813     0.326937544787143
42 26
    -0.230686433451410     0.234968497534282    -0.048642867113813
     0.234968497534282    -0.230686433451410     0.048642867113813
     0.048642867113813    -0.048642867113813     0.326937544787142
42 27
    -0.230686433451410     0.234968497534282     0.048642867113813
     0.234968497534282    -0.230686433451410    -0.048642867113813
    -0.048642867113813     0.048642867113813     0.326937544787142
42 28
    -0.230686433451410    -0.234968497534282     0.048642867113813
    -0.234968497534282    -0.230686433451410     0.048642867113813
    -0.048642867113813    -0.048642867113813     0.326937544787143
42 29
    -0.026877338996201     0.040986281237565    -0.010440718779137
     0.040986281237565    -0.026877338996201    -0.010440718779137
     0.010440718779137     0.010440718779137     0.003309412613817
42 30
    -0.026877338996201    -0.040986281237565    -0.010440718779137
    -0.040986281237565    -0.026877338996201     0.010440718779137
     0.010440718779137    -0.010440718779137     0.003309412613817
42 31
    -0.026877338996201    -0.040986281237565     0.010440718779137
    -0.040986281237565    -0.026877338996201    -0.010440718779137
    -0.010440718779137     0.010440718779137     0.003309412613817
42 32
    -0.026877338996201     0.040986281237565     0.010440718779137
     0.040986281237565    -0.026877338996201     0.010440718779137
    -0.010440718779137    -0.010440718779137     0.003309412613817
42 33
     0.005425711287899     0.007810478928150     0.007810478928150
     0.007810478928150     0.005425711287899    -0.007810478928150
     0.007810478928150    -0.007810478928150     0.005425711287898
42 34
    -0.104555772804815     0.040372017974732     0.040372017974732
     0.040372017974732    -0.025183232673953    -0.029356550294324
     0.040372017974732    -0.029356550294324    -0.025183232673953
42 35
    -0.025183232673953     0.040372017974732     0.029356550294324
     0.040372017974732    -0.104555772804815    -0.040372017974732
     0.029356550294324    -0.040372017974732    -0.025183232673953
42 36
     0.060418029943321     0.022368424833985     0.037259271994117
     0.022368424833985     0.060418029943321    -0.037259271994117
     0.037259271994117    -0.037259271994117     0.030353763622770
42 37
    -0.025183232673953     0.029356550294324     0.040372017974732
     0.029356550294324    -0.025183232673953    -0.040372017974732
     0.040372017974732    -0.040372017974732    -0.104555772804815
42 38
     0.060418029943321     0.037259271994117     0.022368424833985
     0.037259271994117     0.030353763622770    -0.037259271994117
     0.022368424833985    -0.037259271994117     0.060418029943321
42 39
     0.030353763622770     0.037259271994117     0.037259271994117
     0.037259271994117     0.060418029943321    -0.022368424833985
     0.037259271994117    -0.022368424833985     0.060418029943321
42 40
    -3.322380731651720     2.515143668279051     2.515143668279051
     2.515143668279052    -3.322380731651718    -2.515143668279051
     2.515143668279053    -2.515143668279052    -3.322380731651720
42 41
    -0.067616379192259    -0.000000000000000     0.000000000000000
    -0.000000000000000    -0.063411041583095     0.000000000000000
     0.000000000000000    -0.000000000000000    -0.063411041583095
42 42
    14.036572029044690    -0.000000000000000    -0.000000000000000
    -0.000000000000000    14.036572029044686     0.000000000000000
    -0.000000000000000     0.000000000000000    14.036572029044692
42 43
    -0.002013487346630    -0.000000000000000     0.000000000000000
    -0.000000000000000    -0.002013487346630     0.000000000000000
    -0.000000000000000     0.000000000000000     0.192951181134049
42 44
    -0.063411041583095     0.000000000000000     0.000000000000000
    -0.000000000000000    -0.067616379192259     0.000000000000000
     0.000000000000000    -0.000000000000000    -0.063411041583095
42 45
    -0.002013487346630    -0.000000000000000     0.000000000000000
    -0.000000000000000     0.192951181134049    -0.000000000000000
    -0.000000000000000     0.000000000000000    -0.002013487346630
42 46
    -0.063411041583095     0.000000000000000    -0.000000000000000
    -0.000000000000000    -0.063411041583095     0.000000000000000
     0.000000000000000    -0.000000000000000    -0.067616379192259
42 47
    -0.008785683121459    -0.000000000000000     0.000000000000000
    -0.000000000000000    -0.008785683121459     0.000000000000000
    -0.000000000000000     0.000000000000000    -0.008785683121459
42 48
     0.192951181134049     0.000000000000000     0.000000000000000
    -0.000000000000000    -0.002013487346630    -0.000000000000000
    -0.000000000000000     0.000000000000000    -0.002013487346630
42 49
     0.030353763622770    -0.037259271994117    -0.037259271994117
    -0.037259271994117     0.060418029943321    -0.022368424833985
    -0.037259271994117    -0.022368424833985     0.060418029943321
42 50
    -3.322380731651718    -2.515143668279051    -2.515143668279052
    -2.515143668279051    -3.322380731651718    -2.515143668279052
    -2.515143668279052    -2.515143668279052    -3.322380731651720
42 51
    -0.025183232673953    -0.029356550294324    -0.040372017974732
    -0.029356550294324    -0.025183232673953    -0.040372017974732
    -0.040372017974732    -0.040372017974732    -0.104555772804815
42 52
     0.060418029943321    -0.037259271994117    -0.022368424833985
    -0.037259271994117     0.030353763622770    -0.037259271994117
    -0.022368424833985    -0.037259271994117     0.060418029943321
42 53
    -0.025183232673953    -0.040372017974732    -0.029356550294324
    -0.040372017974732    -0.104555772804815    -0.040372017974732
    -0.029356550294324    -0.040372017974732    -0.025183232673953
42 54
     0.060418029943321    -0.022368424833985    -0.037259271994117
    -0.022368424833985     0.060418029943321    -0.037259271994117
    -0.037259271994117    -0.037259271994117     0.030353763622770
42 55
     0.005425711287899    -0.007810478928150    -0.007810478928150
    -0.007810478928150     0.005425711287899    -0.007810478928150
    -0.007810478928150    -0.007810478928150     0.005425711287898
42 56
    -0.104555772804815    -0.040372017974732    -0.040372017974732
    -0.040372017974732    -0.025183232673953    -0.029356550294324
    -0.040372017974732    -0.029356550294324    -0.025183232673953
42 57
     0.003309412613817     0.010440718779137     0.010440718779137
    -0.010440718779137    -0.026877338996201     0.040986281237565
    -0.010440718779137     0.040986281237565    -0.026877338996201
42 58
     0.326937544787143     0.048642867113813     0.048642867113813
    -0.048642867113813    -0.230686433451410    -0.234968497534282
    -0.048642867113813    -0.234968497534282    -0.230686433451410
42 59
     0.003309412613817     0.010440718779137    -0.010440718779137
    -0.010440718779137    -0.026877338996201    -0.040986281237565
     0.010440718779137    -0.040986281237565    -0.026877338996201
42 60
     0.326937544787143     0.048642867113813    -0.048642867113813
    -0.048642867113813    -0.230686433451410     0.234968497534282
     0.048642867113813     0.234968497534283    -0.230686433451410
42 61
     0.003309412613817    -0.010440718779137     0.010440718779137
     0.010440718779137    -0.026877338996201    -0.040986281237565
    -0.010440718779137    -0.040986281237565    -0.026877338996201
42 62
     0.326937544787143    -0.048642867113813     0.048642867113813
     0.048642867113813    -0.230686433451410     0.234968497534282
    -0.048642867113813     0.234968497534283    -0.230686433451410
42 63
     0.003309412613817    -0.010440718779137    -0.010440718779137
     0.010440718779137    -0.026877338996201     0.040986281237565
     0.010440718779137     0.040986281237565    -0.026877338996201
42 64
     0.326937544787143    -0.048642867113813    -0.048642867113813
     0.048642867113813    -0.230686433451410    -0.234968497534282
     0.048642867113813    -0.234968497534283    -0.230686433451410
43 1
    -3.322380731651720    -2.515143668279053     2.515143668279052
    -2.515143668279051    -3.322380731651720     2.515143668279051
     2.515143668279051     2.515143668279052    -3.322380731651718
43 2
     0.030353763622770    -0.037259271994117     0.037259271994117
    -0.037259271994117     0.060418029943321     0.022368424833985
     0.037259271994117     0.022368424833985     0.060418029943321
43 3
     0.060418029943321    -0.037259271994117     0.022368424833985
    -0.037259271994117     0.030353763622770     0.037259271994117
     0.022368424833985     0.037259271994117     0.060418029943321
43 4
    -0.025183232673953    -0.029356550294324     0.040372017974732
    -0.029356550294324    -0.025183232673953     0.040372017974732
     0.040372017974732     0.040372017974732    -0.104555772804815
43 5
     0.060418029943321    -0.022368424833985     0.037259271994117
    -0.022368424833985     0.060418029943321     0.037259271994117
     0.037259271994117     0.037259271994117     0.030353763622770
43 6
    -0.025183232673953    -0.040372017974732     0.029356550294324
    -0.040372017974732    -0.104555772804815     0.040372017974732
     0.029356550294324     0.040372017974732    -0.025183232673953
43 7
    -0.104555772804815    -0.040372017974732     0.040372017974732
    -0.040372017974732    -0.025183232673953     0.029356550294324
     0.040372017974732     0.029356550294324    -0.025183232673953
43 8
     0.005425711287898    -0.007810478928150     0.007810478928150
    -0.007810478928150     0.005425711287899     0.007810478928150
     0.007810478928150     0.007810478928150     0.005425711287899
43 9
    -0.026877338996201    -0.010440718779137    -0.040986281237565
     0.010440718779137     0.003309412613817    -0.010440718779137
    -0.040986281237565     0.010440718779137    -0.026877338996201
43 10
    -0.026877338996201    -0.010440718779137     0.040986281237565
     0.010440718779137     0.003309412613817     0.010440718779137
     0.040986281237565    -0.010440718779137    -0.026877338996201
43 11
    -0.230686433451410    -0.048642867113813     0.234968497534283
     0.048642867113813     0.326937544787143    -0.048642867113813
     0.234968497534283     0.048642867113813    -0.230686433451410
43 12
    -0.230686433451410    -0.048642867113813    -0.234968497534283
     0.048642867113813     0.326937544787143     0.048642867113813
    -0.234968497534283    -0.048642867113813    -0.230686433451410
43 13
    -0.026877338996201     0.010440718779137     0.040986281237565
    -0.010440718779137     0.003309412613817    -0.010440718779137
     0.040986281237565     0.010440718779137    -0.026877338996201
43 14
    -0.026877338996201     0.010440718779137    -0.040986281237565
    -0.010440718779137     0.003309412613817     0.010440718779137
    -0.040986281237565    -0.010440718779137    -0.026877338996201
43 15
    -0.230686433451410     0.048642867113813    -0.234968497534283
    -0.048642867113813     0.326937544787143    -0.048642867113813
    -0.234968497534282     0.048642867113813    -0.230686433451410
43 16
    -0.230686433451410     0.048642867113813     0.234968497534283
    -0.048642867113813     0.326937544787143     0.048642867113813
     0.234968497534283    -0.048642867113813    -0.230686433451410
43 17
    -0.104555772804815     0.040372017974732    -0.040372017974732
     0.040372017974732    -0.025183232673953     0.029356550294324
    -0.040372017974732     0.029356550294324    -0.025183232673953
43 18
     0.005425711287899     0.007810478928150    -0.007810478928150
     0.007810478928150     0.005425711287899     0.007810478928150
    -0.007810478928150     0.007810478928150     0.005425711287899
43 19
     0.060418029943321     0.022368424833985    -0.037259271994117
     0.022368424833985     0.060418029943321     0.037259271994117
    -0.037259271994117     0.037259271994117     0.030353763622770
43 20
    -0.025183232673953     0.040372017974732    -0.029356550294324
     0.040372017974732    -0.104555772804815     0.040372017974732
    -0.029356550294324     0.040372017974732    -0.025183232673953
43 21
     0.060418029943321     0.037259271994117    -0.022368424833985
     0.037259271994117     0.030353763622770     0.037259271994117
    -0.022368424833985     0.037259271994117     0.060418029943321
43 22
    -0.025183232673953     0.029356550294324    -0.040372017974732
     0.029356550294324    -0.025183232673953     0.040372017974732
    -0.040372017974732     0.040372017974732    -0.104555772804815
43 23
    -3.322380731651720     2.515143668279053    -2.515143668279052
     2.515143668279051    -3.322380731651720     2.515143668279051
    -2.515143668279051     2.515143668279052    -3.322380731651718
43 24
     0.030353763622770     0.037259271994117    -0.037259271994117
     0.037259271994117     0.060418029943321     0.022368424833985
    -0.037259271994117     0.022368424833985     0.060418029943321
43 25
    -0.230686433451410    -0.234968497534283     0.048642867113813
    -0.234968497534282    -0.230686433451410     0.048642867113813
    -0.048642867113813    -0.048642867113813     0.326937544787142
43 26
    -0.230686433451410     0.234968497534283     0.048642867113813
     0.234968497534283    -0.230686433451410    -0.048642867113813
    -0.048642867113813     0.048642867113813     0.326937544787142
43 27
    -0.230686433451410     0.234968497534283    -0.048642867113813
     0.234968497534282    -0.230686433451410     0.048642867113813
     0.048642867113813    -0.048642867113813     0.326937544787142
43 28
    -0.230686433451410    -0.234968497534282    -0.048642867113813
    -0.234968497534282    -0.230686433451410    -0.048642867113813
     0.048642867113813     0.048642867113813     0.326937544787142
43 29
    -0.026877338996201     0.040986281237565     0.010440718779137
     0.040986281237565    -0.026877338996201     0.010440718779137
    -0.010440718779137    -0.010440718779137     0.003309412613817
43 30
    -0.026877338996201    -0.040986281237565     0.010440718779137
    -0.040986281237565    -0.026877338996201    -0.010440718779137
    -0.010440718779137     0.010440718779137     0.003309412613817
43 31
    -0.026877338996201    -0.040986281237565    -0.010440718779137
    -0.040986281237565    -0.026877338996201     0.010440718779137
     0.010440718779137    -0.010440718779137     0.003309412613817
43 32
    -0.026877338996201     0.040986281237565    -0.010440718779137
     0.040986281237565    -0.026877338996201    -0.010440718779137
     0.010440718779137     0.010440718779137     0.003309412613817
43 33
     0.060418029943321     0.022368424833985     0.037259271994117
     0.022368424833985     0.060418029943321    -0.037259271994117
     0.037259271994117    -0.037259271994117     0.030353763622770
43 34
    -0.025183232673953     0.040372017974732     0.029356550294324
     0.040372017974732    -0.104555772804815    -0.040372017974732
     0.029356550294324    -0.040372017974732    -0.025183232673953
43 35
    -0.104555772804815     0.040372017974732     0.040372017974732
     0.040372017974732    -0.025183232673953    -0.029356550294324
     0.040372017974732    -0.029356550294324    -0.025183232673953
43 36
     0.005425711287898     0.007810478928150     0.007810478928150
     0.007810478928150     0.005425711287899    -0.007810478928150
     0.007810478928150    -0.007810478928150     0.005425711287899
43 37
    -3.322380731651720     2.515143668279053     2.515143668279052
     2.515143668279051    -3.322380731651720    -2.515143668279051
     2.515143668279051    -2.515143668279052    -3.322380731651718
43 38
     0.030353763622770     0.037259271994117     0.037259271994117
     0.037259271994117     0.060418029943321    -0.022368424833985
     0.037259271994117    -0.022368424833985     0.060418029943321
43 39
     0.060418029943321     0.037259271994117     0.022368424833985
     0.037259271994117     0.030353763622770    -0.037259271994117
     0.022368424833985    -0.037259271994117     0.060418029943321
43 40
    -0.025183232673953     0.029356550294324     0.040372017974732
     0.029356550294324    -0.025183232673953    -0.040372017974732
     0.040372017974732    -0.040372017974732    -0.104555772804815
43 41
    -0.063411041583095     0.000000000000000    -0.000000000000000
     0.000000000000000    -0.067616379192259     0.000000000000000
     0.000000000000000    -0.000000000000000    -0.063411041583095
43 42
    -0.002013487346630    -0.000000000000000    -0.000000000000000
    -0.000000000000000    -0.002013487346630     0.000000000000000
     0.000000000000000     0.000000000000000     0.192951181134049
43 43
    14.036572029044692     0.000000000000000     0.000000000000000
     0.000000000000000    14.036572029044692     0.000000000000000
     0.000000000000000     0.000000000000000    14.036572029044684
43 44
    -0.067616379192259     0.000000000000000    -0.000000000000000
    -0.000000000000000    -0.063411041583095     0.000000000000000
     0.000000000000000    -0.000000000000000    -0.063411041583095
43 45
     0.192951181134049    -0.000000000000000    -0.000000000000000
    -0.000000000000000    -0.002013487346630    -0.000000000000000
    -0.000000000000000     0.000000000000000    -0.002013487346630
43 46
    -0.008785683121459     0.000000000000000    -0.000000000000000
     0.000000000000000    -0.008785683121459    -0.000000000000000
     0.000000000000000    -0.000000000000000    -0.008785683121460
43 47
    -0.063411041583095    -0.000000000000000    -0.000000000000000
     0.000000000000000    -0.063411041583095    -0.000000000000000
     0.000000000000000     0.000000000000000    -0.067616379192259
43 48
    -0.002013487346631     0.000000000000000    -0.000000000000000
    -0.000000000000000     0.192951181134049    -0.000000000000000
    -0.000000000000000     0.000000000000000    -0.002013487346630
43 49
     0.060418029943321    -0.037259271994117    -0.022368424833985
    -0.037259271994117     0.030353763622770    -0.037259271994117
    -0.022368424833985    -0.037259271994117     0.060418029943321
43 50
    -0.025183232673953    -0.029356550294324    -0.040372017974732
    -0.029356550294324    -0.025183232673953    -0.040372017974732
    -0.040372017974732    -0.040372017974732    -0.104555772804815
43 51
    -3.322380731651720    -2.515143668279053    -2.515143668279052
    -2.515143668279051    -3.322380731651720    -2.515143668279051
    -2.515143668279051    -2.515143668279052    -3.322380731651718
43 52
     0.030353763622770    -0.037259271994117    -0.037259271994117
    -0.037259271994117     0.060418029943321    -0.022368424833985
    -0.037259271994117    -0.022368424833985     0.060418029943321
43 53
    -0.104555772804815    -0.040372017974732    -0.040372017974732
    -0.040372017974732    -0.025183232673953    -0.029356550294324
    -0.040372017974732    -0.029356550294324    -0.025183232673953
43 54
     0.005425711287898    -0.007810478928150    -0.007810478928150
    -0.007810478928150     0.005425711287899    -0.007810478928150
    -0.007810478928150    -0.007810478928150     0.005425711287899
43 55
     0.060418029943321    -0.022368424833985    -0.037259271994117
    -0.022368424833985     0.060418029943321    -0.037259271994117
    -0.037259271994117    -0.037259271994117     0.030353763622770
43 56
    -0.025183232673953    -0.040372017974732    -0.029356550294324
    -0.040372017974732    -0.104555772804815    -0.040372017974732
    -0.029356550294324    -0.040372017974732    -0.025183232673953
43 57
     0.326937544787143     0.048642867113813    -0.048642867113813
    -0.048642867113813    -0.230686433451410     0.234968497534282
     0.048642867113813     0.234968497534282    -0.230686433451410
43 58
     0.003309412613817     0.010440718779137    -0.010440718779137
    -0.010440718779137    -0.026877338996201    -0.040986281237565
     0.010440718779137    -0.040986281237565    -0.026877338996201
43 59
     0.326937544787142     0.048642867113813     0.048642867113813
    -0.048642867113813    -0.230686433451410    -0.234968497534283
    -0.048642867113813    -0.234968497534282    -0.230686433451410
43 60
     0.003309412613817     0.010440718779137     0.010440718779137
    -0.010440718779137    -0.026877338996201     0.040986281237565
    -0.010440718779137     0.040986281237565    -0.026877338996201
43 61
     0.326937544787142    -0.048642867113813    -0.048642867113813
     0.048642867113813    -0.230686433451410    -0.234968497534283
     0.048642867113813    -0.234968497534282    -0.230686433451410
43 62
     0.003309412613817    -0.010440718779137    -0.010440718779137
     0.010440718779137    -0.026877338996201     0.040986281237565
     0.010440718779137     0.040986281237565    -0.026877338996201
43 63
     0.326937544787142    -0.048642867113813     0.048642867113813
     0.048642867113813    -0.230686433451410     0.234968497534282
    -0.048642867113813     0.234968497534283    -0.230686433451410
43 64
     0.003309412613817    -0.010440718779137     0.010440718779137
     0.010440718779137    -0.026877338996201    -0.040986281237565
    -0.010440718779137    -0.040986281237565    -0.026877338996201
44 1
     0.030353763622770    -0.037259271994117     0.037259271994117
    -0.037259271994117     0.060418029943321     0.022368424833985
     0.037259271994117     0.022368424833985     0.060418029943321
44 2
    -3.322380731651720    -2.515143668279052     2.515143668279052
    -2.515143668279052    -3.322380731651718     2.515143668279051
     2.515143668279052     2.515143668279051    -3.322380731651718
44 3
    -0.025183232673953    -0.029356550294324     0.040372017974732
    -0.029356550294324    -0.025183232673953     0.040372017974732
     0.040372017974732     0.040372017974732    -0.104555772804815
44 4
     0.060418029943321    -0.037259271994117     0.022368424833985
    -0.037259271994117     0.030353763622770     0.037259271994117
     0.022368424833985     0.037259271994117     0.060418029943321
44 5
    -0.025183232673953    -0.040372017974732     0.029356550294324
    -0.040372017974732    -0.104555772804815     0.040372017974732
     0.029356550294324     0.040372017974732    -0.025183232673953
44 6
     0.060418029943321    -0.022368424833985     0.037259271994117
    -0.022368424833985     0.060418029943321     0.037259271994117
     0.037259271994117     0.037259271994117     0.030353763622770
44 7
     0.005425711287899    -0.007810478928150     0.007810478928150
    -0.007810478928150     0.005425711287899     0.007810478928150
     0.007810478928150     0.007810478928150     0.005425711287899
44 8
    -0.104555772804815    -0.040372017974732     0.040372017974732
    -0.040372017974732    -0.025183232673953     0.029356550294324
     0.040372017974732     0.029356550294324    -0.025183232673953
44 9
    -0.026877338996201    -0.010440718779137     0.040986281237565
     0.010440718779137     0.003309412613817     0.010440718779137
     0.040986281237565    -0.010440718779137    -0.026877338996201
44 10
    -0.026877338996201    -0.010440718779137    -0.040986281237565
     0.010440718779137     0.003309412613817    -0.010440718779137
    -0.040986281237565     0.010440718779137    -0.026877338996201
44 11
    -0.230686433451410    -0.048642867113813    -0.234968497534282
     0.048642867113813     0.326937544787142     0.048642867113813
    -0.234968497534283    -0.048642867113813    -0.230686433451410
44 12
    -0.230686433451410    -0.048642867113813     0.234968497534283
     0.048642867113813     0.326937544787142    -0.048642867113813
     0.234968497534282     0.048642867113813    -0.230686433451410
44 13
    -0.026877338996201     0.010440718779137    -0.040986281237565
    -0.010440718779137     0.003309412613817     0.010440718779137
    -0.040986281237565    -0.010440718779137    -0.026877338996201
44 14
    -0.026877338996201     0.010440718779137     0.040986281237565
    -0.010440718779137     0.003309412613817    -0.010440718779137
     0.040986281237565     0.010440718779137    -0.026877338996201
44 15
    -0.230686433451410     0.048642867113813     0.234968497534283
    -0.048642867113813     0.326937544787142     0.048642867113813
     0.234968497534283    -0.048642867113813    -0.230686433451410
44 16
    -0.230686433451410     0.048642867113813    -0.234968497534282
    -0.048642867113813     0.326937544787142    -0.048642867113813
    -0.234968497534282     0.048642867113813    -0.230686433451410
44 17
     0.005425711287899     0.007810478928150    -0.007810478928150
     0.007810478928150     0.005425711287899     0.007810478928150
    -0.007810478928150     0.007810478928150     0.005425711287899
44 18
    -0.104555772804815     0.040372017974732    -0.040372017974732
     0.040372017974732    -0.025183232673953     0.029356550294324
    -0.040372017974732     0.029356550294324    -0.025183232673953
44 19
    -0.025183232673953     0.040372017974732    -0.029356550294324
     0.040372017974732    -0.104555772804815     0.040372017974732
    -0.029356550294324     0.040372017974732    -0.025183232673953
44 20
     0.060418029943321     0.022368424833985    -0.037259271994117
     0.022368424833985     0.060418029943321     0.037259271994117
    -0.037259271994117     0.037259271994117     0.030353763622770
44 21
    -0.025183232673953     0.029356550294324    -0.040372017974732
     0.029356550294324    -0.025183232673953     0.040372017974732
    -0.040372017974732     0.040372017974732    -0.104555772804815
44 22
     0.060418029943321     0.037259271994117    -0.022368424833985
     0.037259271994117     0.030353763622770     0.037259271994117
    -0.022368424833985     0.037259271994117     0.060418029943321
44 23
     0.030353763622770     0.037259271994117    -0.037259271994117
     0.037259271994117     0.060418029943321     0.022368424833985
    -0.037259271994117     0.022368424833985     0.060418029943321
44 24
    -3.322380731651720     2.515143668279052    -2.515143668279053
     2.515143668279051    -3.322380731651718     2.515143668279052
    -2.515143668279051     2.515143668279051    -3.322380731651720
44 25
    -0.230686433451410     0.234968497534282     0.048642867113813
     0.234968497534283    -0.230686433451410    -0.048642867113813
    -0.048642867113813     0.048642867113813     0.326937544787142
44 26
    -0.230686433451410    -0.234968497534283     0.048642867113813
    -0.234968497534282    -0.230686433451410     0.048642867113813
    -0.048642867113813    -0.048642867113813     0.326937544787142
44 27
    -0.230686433451410    -0.234968497534283    -0.048642867113813
    -0.234968497534282    -0.230686433451410    -0.048642867113813
     0.048642867113813     0.048642867113813     0.326937544787142
44 28
    -0.230686433451410     0.234968497534283    -0.048642867113813
     0.234968497534282    -0.230686433451410     0.048642867113813
     0.048642867113813    -0.048642867113813     0.326937544787143
44 29
    -0.026877338996201    -0.040986281237565     0.010440718779137
    -0.040986281237565    -0.026877338996201    -0.010440718779137
    -0.010440718779137     0.010440718779137     0.003309412613817
44 30
    -0.026877338996201     0.040986281237565     0.010440718779137
     0.040986281237565    -0.026877338996201     0.010440718779137
    -0.010440718779137    -0.010440718779137     0.003309412613817
44 31
    -0.026877338996201     0.040986281237565    -0.010440718779137
     0.040986281237565    -0.026877338996201    -0.010440718779137
     0.010440718779137     0.010440718779137     0.003309412613817
44 32
    -0.026877338996201    -0.040986281237565    -0.010440718779137
    -0.040986281237565    -0.026877338996201     0.010440718779137
     0.010440718779137    -0.010440718779137     0.003309412613817
44 33
    -0.025183232673953     0.040372017974732     0.029356550294324
     0.040372017974732    -0.104555772804815    -0.040372017974732
     0.029356550294324    -0.040372017974732    -0.025183232673953
44 34
     0.060418029943321     0.022368424833985     0.037259271994117
     0.022368424833985     0.060418029943321    -0.037259271994117
     0.037259271994117    -0.037259271994117     0.030353763622770
44 35
     0.005425711287899     0.007810478928150     0.007810478928150
     0.007810478928150     0.005425711287899    -0.007810478928150
     0.007810478928150    -0.007810478928150     0.005425711287899
44 36
    -0.104555772804815     0.040372017974732     0.040372017974732
     0.040372017974732    -0.025183232673953    -0.029356550294324
     0.040372017974732    -0.029356550294324    -0.025183232673953
44 37
     0.030353763622770     0.037259271994117     0.037259271994117
     0.037259271994117     0.060418029943321    -0.022368424833985
     0.037259271994117    -0.022368424833985     0.060418029943321
44 38
    -3.322380731651720     2.515143668279052     2.515143668279052
     2.515143668279052    -3.322380731651718    -2.515143668279051
     2.515143668279052    -2.515143668279051    -3.322380731651718
44 39
    -0.025183232673953     0.029356550294324     0.040372017974732
     0.029356550294324    -0.025183232673953    -0.040372017974732
     0.040372017974732    -0.040372017974732    -0.104555772804815
44 40
     0.060418029943321     0.037259271994117     0.022368424833985
     0.037259271994117     0.030353763622770    -0.037259271994117
     0.022368424833985    -0.037259271994117     0.060418029943321
44 41
    -0.002013487346631    -0.000000000000000     0.000000000000000
     0.000000000000000    -0.002013487346630    -0.000000000000000
     0.000000000000000    -0.000000000000000     0.192951181134049
44 42
    -0.063411041583095    -0.000000000000000     0.000000000000000
     0.000000000000000    -0.067616379192259    -0.000000000000000
     0.000000000000000     0.000000000000000    -0.063411041583095
44 43
    -0.067616379192259    -0.000000000000000     0.000000000000000
     0.000000000000000    -0.063411041583095    -0.000000000000000
    -0.000000000000000     0.000000000000000    -0.063411041583095
44 44
    14.036572029044695     0.000000000000000    -0.000000000000000
     0.000000000000000    14.036572029044686    -0.000000000000000
    -0.000000000000000    -0.000000000000000    14.036572029044686
44 45
    -0.008785683121459    -0.000000000000000     0.000000000000000
     0.000000000000000    -0.008785683121459    -0.000000000000000
    -0.000000000000000     0.000000000000000    -0.008785683121459
44 46
     0.192951181134049     0.000000000000000     0.000000000000000
     0.000000000000000    -0.002013487346630    -0.000000000000000
    -0.000000000000000    -0.000000000000000    -0.002013487346630
44 47
    -0.002013487346630    -0.000000000000000     0.000000000000000
     0.000000000000000     0.192951181134049    -0.000000000000000
     0.000000000000000     0.000000000000000    -0.002013487346630
44 48
    -0.063411041583095     0.000000000000000     0.000000000000000
     0.000000000000000    -0.063411041583095    -0.000000000000000
    -0.000000000000000     0.000000000000000    -0.067616379192259
44 49
    -0.025183232673953    -0.029356550294324    -0.040372017974732
    -0.029356550294324    -0.025183232673953    -0.040372017974732
    -0.040372017974732    -0.040372017974732    -0.104555772804815
44 50
     0.060418029943321    -0.037259271994117    -0.022368424833985
    -0.037259271994117     0.030353763622770    -0.037259271994117
    -0.022368424833985    -0.037259271994117     0.060418029943321
44 51
     0.030353763622770    -0.037259271994117    -0.037259271994117
    -0.037259271994117     0.060418029943321    -0.022368424833985
    -0.037259271994117    -0.022368424833985     0.060418029943321
44 52
    -3.322380731651720    -2.515143668279052    -2.515143668279052
    -2.515143668279052    -3.322380731651718    -2.515143668279051
    -2.515143668279052    -2.515143668279051    -3.322380731651718
44 53
     0.005425711287899    -0.007810478928150    -0.007810478928150
    -0.007810478928150     0.005425711287899    -0.007810478928150
    -0.007810478928150    -0.007810478928150     0.005425711287899
44 54
    -0.104555772804815    -0.040372017974732    -0.040372017974732
    -0.040372017974732    -0.025183232673953    -0.029356550294324
    -0.040372017974732    -0.029356550294324    -0.025183232673953
44 55
    -0.025183232673953    -0.040372017974732    -0.029356550294324
    -0.040372017974732    -0.104555772804815    -0.040372017974732
    -0.029356550294324    -0.040372017974732    -0.025183232673953
44 56
     0.060418029943321    -0.022368424833985    -0.037259271994117
    -0.022368424833985     0.060418029943321    -0.037259271994117
    -0.037259271994117    -0.037259271994117     0.030353763622770
44 57
     0.003309412613817     0.010440718779137    -0.010440718779137
    -0.010440718779137    -0.026877338996201    -0.040986281237565
     0.010440718779137    -0.040986281237565    -0.026877338996201
44 58
     0.326937544787143     0.048642867113813    -0.048642867113813
    -0.048642867113813    -0.230686433451410     0.234968497534282
     0.048642867113813     0.234968497534282    -0.230686433451410
44 59
     0.003309412613817     0.010440718779137     0.010440718779137
    -0.010440718779137    -0.026877338996201     0.040986281237565
    -0.010440718779137     0.040986281237565    -0.026877338996201
44 60
     0.326937544787143     0.048642867113813     0.048642867113813
    -0.048642867113813    -0.230686433451410    -0.234968497534282
    -0.048642867113813    -0.234968497534283    -0.230686433451410
44 61
     0.003309412613817    -0.010440718779137    -0.010440718779137
     0.010440718779137    -0.026877338996201     0.040986281237565
     0.010440718779137     0.040986281237565    -0.026877338996201
44 62
     0.326937544787143    -0.048642867113813    -0.048642867113813
     0.048642867113813    -0.230686433451410    -0.234968497534282
     0.048642867113813    -0.234968497534282    -0.230686433451410
44 63
     0.003309412613817    -0.010440718779137     0.010440718779137
     0.010440718779137    -0.026877338996201    -0.040986281237565
    -0.010440718779137    -0.040986281237565    -0.026877338996201
44 64
     0.326937544787143    -0.048642867113813     0.048642867113813
     0.048642867113813    -0.230686433451410     0.234968497534282
    -0.048642867113813     0.234968497534282    -0.230686433451410
45 1
    -0.104555772804815    -0.040372017974732     0.040372017974732
    -0.040372017974732    -0.025183232673953     0.029356550294324
     0.040372017974732     0.029356550294324    -0.025183232673953
45 2
     0.005425711287899    -0.007810478928150     0.007810478928150
    -0.007810478928150     0.005425711287899     0.007810478928150
     0.007810478928150     0.007810478928150     0.005425711287899
45 3
     0.060418029943321    -0.022368424833985     0.037259271994117
    -0.022368424833985     0.060418029943321     0.037259271994117
     0.037259271994117     0.037259271994117     0.030353763622770
45 4
    -0.025183232673953    -0.040372017974732     0.029356550294324
    -0.040372017974732    -0.104555772804815     0.040372017974732
     0.029356550294324     0.040372017974732    -0.025183232673953
45 5
     0.060418029943321    -0.037259271994117     0.022368424833985
    -0.037259271994117     0.030353763622770     0.037259271994117
     0.022368424833985     0.037259271994117     0.060418029943321
45 6
    -0.025183232673953    -0.029356550294324     0.040372017974732
    -0.029356550294324    -0.025183232673953     0.040372017974732
     0.040372017974732     0.040372017974732    -0.104555772804815
45 7
    -3.322380731651718    -2.515143668279052     2.515143668279051
    -2.515143668279052    -3.322380731651720     2.515143668279052
     2.515143668279051     2.515143668279052    -3.322380731651718
45 8
     0.030353763622770    -0.037259271994117     0.037259271994117
    -0.037259271994117     0.060418029943321     0.022368424833985
     0.037259271994117     0.022368424833985     0.060418029943321
45 9
    -0.230686433451410     0.048642867113813    -0.234968497534282
    -0.048642867113813     0.326937544787143    -0.048642867113813
    -0.234968497534282     0.048642867113813    -0.230686433451410
45 10
    -0.230686433451410     0.048642867113813     0.234968497534282
    -0.048642867113813     0.326937544787143     0.048642867113813
     0.234968497534282    -0.048642867113813    -0.230686433451410
45 11
    -0.026877338996201     0.010440718779137     0.040986281237565
    -0.010440718779137     0.003309412613817    -0.010440718779137
     0.040986281237565     0.010440718779137    -0.026877338996201
45 12
    -0.026877338996201     0.010440718779137    -0.040986281237565
    -0.010440718779137     0.003309412613817     0.010440718779137
    -0.040986281237565    -0.010440718779137    -0.026877338996201
45 13
    -0.230686433451410    -0.048642867113813     0.234968497534282
     0.048642867113813     0.326937544787143    -0.048642867113813
     0.234968497534282     0.048642867113813    -0.230686433451410
45 14
    -0.230686433451410    -0.048642867113813    -0.234968497534282
     0.048642867113813     0.326937544787143     0.048642867113813
    -0.234968497534282    -0.048642867113813    -0.230686433451410
45 15
    -0.026877338996201    -0.010440718779137    -0.040986281237565
     0.010440718779137     0.003309412613817    -0.010440718779137
    -0.040986281237565     0.010440718779137    -0.026877338996201
45 16
    -0.026877338996201    -0.010440718779137     0.040986281237565
     0.010440718779137     0.003309412613817     0.010440718779137
     0.040986281237565    -0.010440718779137    -0.026877338996201
45 17
    -3.322380731651718     2.515143668279052    -2.515143668279051
     2.515143668279052    -3.322380731651720     2.515143668279052
    -2.515143668279051     2.515143668279052    -3.322380731651718
45 18
     0.030353763622770     0.037259271994117    -0.037259271994117
     0.037259271994117     0.060418029943321     0.022368424833985
    -0.037259271994117     0.022368424833985     0.060418029943321
45 19
     0.060418029943321     0.037259271994117    -0.022368424833985
     0.037259271994117     0.030353763622770     0.037259271994117
    -0.022368424833985     0.037259271994117     0.060418029943321
45 20
    -0.025183232673953     0.029356550294324    -0.040372017974732
     0.029356550294324    -0.025183232673953     0.040372017974732
    -0.040372017974732     0.040372017974732    -0.104555772804815
45 21
     0.060418029943321     0.022368424833985    -0.037259271994117
     0.022368424833985     0.060418029943321     0.037259271994117
    -0.037259271994117     0.037259271994117     0.030353763622770
45 22
    -0.025183232673953     0.040372017974732    -0.029356550294324
     0.040372017974732    -0.104555772804815     0.040372017974732
    -0.029356550294324     0.040372017974732    -0.025183232673953
45 23
    -0.104555772804815     0.040372017974732    -0.040372017974732
     0.040372017974732    -0.025183232673953     0.029356550294324
    -0.040372017974732     0.029356550294324    -0.025183232673953
45 24
     0.005425711287899     0.007810478928150    -0.007810478928150
     0.007810478928150     0.005425711287899     0.007810478928150
    -0.007810478928150     0.007810478928150     0.005425711287899
45 25
    -0.026877338996201    -0.040986281237565    -0.010440718779137
    -0.040986281237565    -0.026877338996201     0.010440718779137
     0.010440718779137    -0.010440718779137     0.003309412613817
45 26
    -0.026877338996201     0.040986281237565    -0.010440718779137
     0.040986281237565    -0.026877338996201    -0.010440718779137
     0.010440718779137     0.010440718779137     0.003309412613817
45 27
    -0.026877338996201     0.040986281237565     0.010440718779137
     0.040986281237565    -0.026877338996201     0.010440718779137
    -0.010440718779137    -0.010440718779137     0.003309412613817
45 28
    -0.026877338996201    -0.040986281237565     0.010440718779137
    -0.040986281237565    -0.026877338996201    -0.010440718779137
    -0.010440718779137     0.010440718779137     0.003309412613817
45 29
    -0.230686433451410     0.234968497534283    -0.048642867113813
     0.234968497534283    -0.230686433451410     0.048642867113813
     0.048642867113813    -0.048642867113813     0.326937544787142
45 30
    -0.230686433451410    -0.234968497534282    -0.048642867113813
    -0.234968497534283    -0.230686433451410    -0.048642867113813
     0.048642867113813     0.048642867113813     0.326937544787143
45 31
    -0.230686433451410    -0.234968497534282     0.048642867113813
    -0.234968497534283    -0.230686433451410     0.048642867113813
    -0.048642867113813    -0.048642867113813     0.326937544787142
45 32
    -0.230686433451410     0.234968497534283     0.048642867113813
     0.234968497534283    -0.230686433451410    -0.048642867113813
    -0.048642867113813     0.048642867113813     0.326937544787142
45 33
     0.060418029943321     0.037259271994117     0.022368424833985
     0.037259271994117     0.030353763622770    -0.037259271994117
     0.022368424833985    -0.037259271994117     0.060418029943321
45 34
    -0.025183232673953     0.029356550294324     0.040372017974732
     0.029356550294324    -0.025183232673953    -0.040372017974732
     0.040372017974732    -0.040372017974732    -0.104555772804815
45 35
    -3.322380731651718     2.515143668279051     2.515143668279052
     2.515143668279052    -3.322380731651720    -2.515143668279053
     2.515143668279051    -2.515143668279051    -3.322380731651720
45 36
     0.030353763622770     0.037259271994117     0.037259271994117
     0.037259271994117     0.060418029943321    -0.022368424833985
     0.037259271994117    -0.022368424833985     0.060418029943321
45 37
    -0.104555772804815     0.040372017974732     0.040372017974732
     0.040372017974732    -0.025183232673953    -0.029356550294324
     0.040372017974732    -0.029356550294324    -0.025183232673953
45 38
     0.005425711287899     0.007810478928150     0.007810478928150
     0.007810478928150     0.005425711287899    -0.007810478928150
     0.007810478928150    -0.007810478928150     0.005425711287899
45 39
     0.060418029943321     0.022368424833985     0.037259271994117
     0.022368424833985     0.060418029943321    -0.037259271994117
     0.037259271994117    -0.037259271994117     0.030353763622770
45 40
    -0.025183232673953     0.040372017974732     0.029356550294324
     0.040372017974732    -0.104555772804815    -0.040372017974732
     0.029356550294324    -0.040372017974732    -0.025183232673953
45 41
    -0.063411041583095    -0.000000000000000     0.000000000000000
     0.000000000000000    -0.063411041583095     0.000000000000000
     0.000000000000000    -0.000000000000000    -0.067616379192259
45 42
    -0.002013487346630    -0.000000000000000    -0.000000000000000
    -0.000000000000000     0.192951181134049     0.000000000000000
     0.000000000000000    -0.000000000000000    -0.002013487346630
45 43
     0.192951181134049    -0.000000000000000    -0.000000000000000
    -0.000000000000000    -0.002013487346630     0.000000000000000
    -0.000000000000000    -0.000000000000000    -0.002013487346630
45 44
    -0.008785683121459     0.000000000000000    -0.000000000000000
    -0.000000000000000    -0.008785683121459     0.000000000000000
     0.000000000000000    -0.000000000000000    -0.008785683121459
45 45
    14.036572029044684     0.000000000000000     0.000000000000000
     0.000000000000000    14.036572029044693     0.000000000000000
     0.000000000000000     0.000000000000000    14.036572029044688
45 46
    -0.067616379192259     0.000000000000000    -0.000000000000000
     0.000000000000000    -0.063411041583095     0.000000000000000
     0.000000000000000    -0.000000000000000    -0.063411041583095
45 47
    -0.063411041583095    -0.000000000000000    -0.000000000000000
     0.000000000000000    -0.067616379192259     0.000000000000000
     0.000000000000000    -0.000000000000000    -0.063411041583095
45 48
    -0.002013487346631    -0.000000000000000    -0.000000000000000
    -0.000000000000000    -0.002013487346630     0.000000000000000
    -0.000000000000000     0.000000000000000     0.192951181134049
45 49
     0.060418029943321    -0.022368424833985    -0.037259271994117
    -0.022368424833985     0.060418029943321    -0.037259271994117
    -0.037259271994117    -0.037259271994117     0.030353763622770
45 50
    -0.025183232673953    -0.040372017974732    -0.029356550294324
    -0.040372017974732    -0.104555772804815    -0.040372017974732
    -0.029356550294324    -0.040372017974732    -0.025183232673953
45 51
    -0.104555772804815    -0.040372017974732    -0.040372017974732
    -0.040372017974732    -0.025183232673953    -0.029356550294324
    -0.040372017974732    -0.029356550294324    -0.025183232673953
45 52
     0.005425711287899    -0.007810478928150    -0.007810478928150
    -0.007810478928150     0.005425711287899    -0.007810478928150
    -0.007810478928150    -0.007810478928150     0.005425711287899
45 53
    -3.322380731651718    -2.515143668279051    -2.515143668279052
    -2.515143668279052    -3.322380731651720    -2.515143668279053
    -2.515143668279051    -2.515143668279051    -3.322380731651720
45 54
     0.030353763622770    -0.037259271994117    -0.037259271994117
    -0.037259271994117     0.060418029943321    -0.022368424833985
    -0.037259271994117    -0.022368424833985     0.060418029943321
45 55
     0.060418029943321    -0.037259271994117    -0.022368424833985
    -0.037259271994117     0.030353763622770    -0.037259271994117
    -0.022368424833985    -0.037259271994117     0.060418029943321
45 56
    -0.025183232673953    -0.029356550294324    -0.040372017974732
    -0.029356550294324    -0.025183232673953    -0.040372017974732
    -0.040372017974732    -0.040372017974732    -0.104555772804815
45 57
     0.326937544787142    -0.048642867113813     0.048642867113813
     0.048642867113813    -0.230686433451410     0.234968497534283
    -0.048642867113813     0.234968497534282    -0.230686433451410
45 58
     0.003309412613817    -0.010440718779137     0.010440718779137
     0.010440718779137    -0.026877338996201    -0.040986281237565
    -0.010440718779137    -0.040986281237565    -0.026877338996201
45 59
     0.326937544787142    -0.048642867113813    -0.048642867113813
     0.048642867113813    -0.230686433451410    -0.234968497534283
     0.048642867113813    -0.234968497534282    -0.230686433451410
45 60
     0.003309412613817    -0.010440718779137    -0.010440718779137
     0.010440718779137    -0.026877338996201     0.040986281237565
     0.010440718779137     0.040986281237565    -0.026877338996201
45 61
     0.326937544787142     0.048642867113813     0.048642867113813
    -0.048642867113813    -0.230686433451410    -0.234968497534283
    -0.048642867113813    -0.234968497534282    -0.230686433451410
45 62
     0.003309412613817     0.010440718779137     0.010440718779137
    -0.010440718779137    -0.026877338996201     0.040986281237565
    -0.010440718779137     0.040986281237565    -0.026877338996201
45 63
     0.326937544787142     0.048642867113813    -0.048642867113813
    -0.048642867113813    -0.230686433451410     0.234968497534283
     0.048642867113813     0.234968497534282    -0.230686433451410
45 64
     0.003309412613817     0.010440718779137    -0.010440718779137
    -0.010440718779137    -0.026877338996201    -0.040986281237565
     0.010440718779137    -0.040986281237565    -0.026877338996201
46 1
     0.005425711287899    -0.007810478928150     0.007810478928150
    -0.007810478928150     0.005425711287899     0.007810478928150
     0.007810478928150     0.007810478928150     0.005425711287899
46 2
    -0.104555772804815    -0.040372017974732     0.040372017974732
    -0.040372017974732    -0.025183232673953     0.029356550294324
     0.040372017974732     0.029356550294324    -0.025183232673953
46 3
    -0.025183232673953    -0.040372017974732     0.029356550294324
    -0.040372017974732    -0.104555772804815     0.040372017974732
     0.029356550294324     0.040372017974732    -0.025183232673953
46 4
     0.060418029943321    -0.022368424833985     0.037259271994117
    -0.022368424833985     0.060418029943321     0.037259271994117
     0.037259271994117     0.037259271994117     0.030353763622770
46 5
    -0.025183232673953    -0.029356550294324     0.040372017974732
    -0.029356550294324    -0.025183232673953     0.040372017974732
     0.040372017974732     0.040372017974732    -0.104555772804815
46 6
     0.060418029943321    -0.037259271994117     0.022368424833985
    -0.037259271994117     0.030353763622770     0.037259271994117
     0.022368424833985     0.037259271994117     0.060418029943321
46 7
     0.030353763622770    -0.037259271994117     0.037259271994117
    -0.037259271994117     0.060418029943321     0.022368424833985
     0.037259271994117     0.022368424833985     0.060418029943321
46 8
    -3.322380731651720    -2.515143668279051     2.515143668279051
    -2.515143668279052    -3.322380731651718     2.515143668279051
     2.515143668279053     2.515143668279052    -3.322380731651720
46 9
    -0.230686433451410     0.048642867113813     0.234968497534282
    -0.048642867113813     0.326937544787142     0.048642867113813
     0.234968497534283    -0.048642867113813    -0.230686433451410
46 10
    -0.230686433451410     0.048642867113813    -0.234968497534283
    -0.048642867113813     0.326937544787142    -0.048642867113813
    -0.234968497534283     0.048642867113813    -0.230686433451410
46 11
    -0.026877338996201     0.010440718779137    -0.040986281237565
    -0.010440718779137     0.003309412613817     0.010440718779137
    -0.040986281237565    -0.010440718779137    -0.026877338996201
46 12
    -0.026877338996201     0.010440718779137     0.040986281237565
    -0.010440718779137     0.003309412613817    -0.010440718779137
     0.040986281237565     0.010440718779137    -0.026877338996201
46 13
    -0.230686433451410    -0.048642867113813    -0.234968497534282
     0.048642867113813     0.326937544787142     0.048642867113813
    -0.234968497534283    -0.048642867113813    -0.230686433451410
46 14
    -0.230686433451410    -0.048642867113813     0.234968497534282
     0.048642867113813     0.326937544787142    -0.048642867113813
     0.234968497534283     0.048642867113813    -0.230686433451410
46 15
    -0.026877338996201    -0.010440718779137     0.040986281237565
     0.010440718779137     0.003309412613817     0.010440718779137
     0.040986281237565    -0.010440718779137    -0.026877338996201
46 16
    -0.026877338996201    -0.010440718779137    -0.040986281237565
     0.010440718779137     0.003309412613817    -0.010440718779137
    -0.040986281237565     0.010440718779137    -0.026877338996201
46 17
     0.030353763622770     0.037259271994117    -0.037259271994117
     0.037259271994117     0.060418029943321     0.022368424833985
    -0.037259271994117     0.022368424833985     0.060418029943321
46 18
    -3.322380731651718     2.515143668279051    -2.515143668279052
     2.515143668279051    -3.322380731651718     2.515143668279052
    -2.515143668279052     2.515143668279052    -3.322380731651720
46 19
    -0.025183232673953     0.029356550294324    -0.040372017974732
     0.029356550294324    -0.025183232673953     0.040372017974732
    -0.040372017974732     0.040372017974732    -0.104555772804815
46 20
     0.060418029943321     0.037259271994117    -0.022368424833985
     0.037259271994117     0.030353763622770     0.037259271994117
    -0.022368424833985     0.037259271994117     0.060418029943321
46 21
    -0.025183232673953     0.040372017974732    -0.029356550294324
     0.040372017974732    -0.104555772804815     0.040372017974732
    -0.029356550294324     0.040372017974732    -0.025183232673953
46 22
     0.060418029943321     0.022368424833985    -0.037259271994117
     0.022368424833985     0.060418029943321     0.037259271994117
    -0.037259271994117     0.037259271994117     0.030353763622770
46 23
     0.005425711287899     0.007810478928150    -0.007810478928150
     0.007810478928150     0.005425711287899     0.007810478928150
    -0.007810478928150     0.007810478928150     0.005425711287899
46 24
    -0.104555772804815     0.040372017974732    -0.040372017974732
     0.040372017974732    -0.025183232673953     0.029356550294324
    -0.040372017974732     0.029356550294324    -0.025183232673953
46 25
    -0.026877338996201     0.040986281237565    -0.010440718779137
     0.040986281237565    -0.026877338996201    -0.010440718779137
     0.010440718779137     0.010440718779137     0.003309412613817
46 26
    -0.026877338996201    -0.040986281237565    -0.010440718779137
    -0.040986281237565    -0.026877338996201     0.010440718779137
     0.010440718779137    -0.010440718779137     0.003309412613817
46 27
    -0.026877338996201    -0.040986281237565     0.010440718779137
    -0.040986281237565    -0.026877338996201    -0.010440718779137
    -0.010440718779137     0.010440718779137     0.003309412613817
46 28
    -0.026877338996201     0.040986281237565     0.010440718779137
     0.040986281237565    -0.026877338996201     0.010440718779137
    -0.010440718779137    -0.010440718779137     0.003309412613817
46 29
    -0.230686433451410    -0.234968497534282    -0.048642867113813
    -0.234968497534282    -0.230686433451410    -0.048642867113813
     0.048642867113813     0.048642867113813     0.326937544787142
46 30
    -0.230686433451410     0.234968497534282    -0.048642867113813
     0.234968497534283    -0.230686433451410     0.048642867113813
     0.048642867113813    -0.048642867113813     0.326937544787143
46 31
    -0.230686433451410     0.234968497534282     0.048642867113813
     0.234968497534283    -0.230686433451410    -0.048642867113813
    -0.048642867113813     0.048642867113813     0.326937544787143
46 32
    -0.230686433451410    -0.234968497534282     0.048642867113813
    -0.234968497534282    -0.230686433451410     0.048642867113813
    -0.048642867113813    -0.048642867113813     0.326937544787143
46 33
    -0.025183232673953     0.029356550294324     0.040372017974732
     0.029356550294324    -0.025183232673953    -0.040372017974732
     0.040372017974732    -0.040372017974732    -0.104555772804815
46 34
     0.060418029943321     0.037259271994117     0.022368424833985
     0.037259271994117     0.030353763622770    -0.037259271994117
     0.022368424833985    -0.037259271994117     0.060418029943321
46 35
     0.030353763622770     0.037259271994117     0.037259271994117
     0.037259271994117     0.060418029943321    -0.022368424833985
     0.037259271994117    -0.022368424833985     0.060418029943321
46 36
    -3.322380731651720     2.515143668279051     2.515143668279051
     2.515143668279052    -3.322380731651718    -2.515143668279051
     2.515143668279053    -2.515143668279052    -3.322380731651720
46 37
     0.005425711287899     0.007810478928150     0.007810478928150
     0.007810478928150     0.005425711287899    -0.007810478928150
     0.007810478928150    -0.007810478928150     0.005425711287899
46 38
    -0.104555772804815     0.040372017974732     0.040372017974732
     0.040372017974732    -0.025183232673953    -0.029356550294324
     0.040372017974732    -0.029356550294324    -0.025183232673953
46 39
    -0.025183232673953     0.040372017974732     0.029356550294324
     0.040372017974732    -0.104555772804815    -0.040372017974732
     0.029356550294324    -0.040372017974732    -0.025183232673953
46 40
     0.060418029943321     0.022368424833985     0.037259271994117
     0.022368424833985     0.060418029943321    -0.037259271994117
     0.037259271994117    -0.037259271994117     0.030353763622770
46 41
    -0.002013487346630     0.000000000000000     0.000000000000000
     0.000000000000000     0.192951181134049    -0.000000000000000
     0.000000000000000    -0.000000000000000    -0.002013487346630
46 42
    -0.063411041583095    -0.000000000000000     0.000000000000000
     0.000000000000000    -0.063411041583095    -0.000000000000000
    -0.000000000000000     0.000000000000000    -0.067616379192259
46 43
    -0.008785683121459     0.000000000000000     0.000000000000000
     0.000000000000000    -0.008785683121459    -0.000000000000000
    -0.000000000000000    -0.000000000000000    -0.008785683121460
46 44
     0.192951181134049     0.000000000000000    -0.000000000000000
     0.000000000000000    -0.002013487346630    -0.000000000000000
     0.000000000000000    -0.000000000000000    -0.002013487346630
46 45
    -0.067616379192259     0.000000000000000     0.000000000000000
     0.000000000000000    -0.063411041583095    -0.000000000000000
    -0.000000000000000     0.000000000000000    -0.063411041583095
46 46
    14.036572029044690     0.000000000000000     0.000000000000000
     0.000000000000000    14.036572029044686    -0.000000000000000
     0.000000000000000    -0.000000000000000    14.036572029044692
46 47
    -0.002013487346630    -0.000000000000000     0.000000000000000
     0.000000000000000    -0.002013487346630    -0.000000000000000
    -0.000000000000000     0.000000000000000     0.192951181134049
46 48
    -0.063411041583095     0.000000000000000     0.000000000000000
     0.000000000000000    -0.067616379192259    -0.000000000000000
    -0.000000000000000     0.000000000000000    -0.063411041583095
46 49
    -0.025183232673953    -0.040372017974732    -0.029356550294324
    -0.040372017974732    -0.104555772804815    -0.040372017974732
    -0.029356550294324    -0.040372017974732    -0.025183232673953
46 50
     0.060418029943321    -0.022368424833985    -0.037259271994117
    -0.022368424833985     0.060418029943321    -0.037259271994117
    -0.037259271994117    -0.037259271994117     0.030353763622770
46 51
     0.005425711287899    -0.007810478928150    -0.007810478928150
    -0.007810478928150     0.005425711287899    -0.007810478928150
    -0.007810478928150    -0.007810478928150     0.005425711287899
46 52
    -0.104555772804815    -0.040372017974732    -0.040372017974732
    -0.040372017974732    -0.025183232673953    -0.029356550294324
    -0.040372017974732    -0.029356550294324    -0.025183232673953
46 53
     0.030353763622770    -0.037259271994117    -0.037259271994117
    -0.037259271994117     0.060418029943321    -0.022368424833985
    -0.037259271994117    -0.022368424833985     0.060418029943321
46 54
    -3.322380731651720    -2.515143668279051    -2.515143668279051
    -2.515143668279052    -3.322380731651718    -2.515143668279051
    -2.515143668279053    -2.515143668279052    -3.322380731651720
46 55
    -0.025183232673953    -0.029356550294324    -0.040372017974732
    -0.029356550294324    -0.025183232673953    -0.040372017974732
    -0.040372017974732    -0.040372017974732    -0.104555772804815
46 56
     0.060418029943321    -0.037259271994117    -0.022368424833985
    -0.037259271994117     0.030353763622770    -0.037259271994117
    -0.022368424833985    -0.037259271994117     0.060418029943321
46 57
     0.003309412613817    -0.010440718779137     0.010440718779137
     0.010440718779137    -0.026877338996201    -0.040986281237565
    -0.010440718779137    -0.040986281237565    -0.026877338996201
46 58
     0.326937544787143    -0.048642867113813     0.048642867113813
     0.048642867113813    -0.230686433451410     0.234968497534282
    -0.048642867113813     0.234968497534283    -0.230686433451410
46 59
     0.003309412613817    -0.010440718779137    -0.010440718779137
     0.010440718779137    -0.026877338996201     0.040986281237565
     0.010440718779137     0.040986281237565    -0.026877338996201
46 60
     0.326937544787143    -0.048642867113813    -0.048642867113813
     0.048642867113813    -0.230686433451410    -0.234968497534282
     0.048642867113813    -0.234968497534283    -0.230686433451410
46 61
     0.003309412613817     0.010440718779137     0.010440718779137
    -0.010440718779137    -0.026877338996201     0.040986281237565
    -0.010440718779137     0.040986281237565    -0.026877338996201
46 62
     0.326937544787143     0.048642867113813     0.048642867113813
    -0.048642867113813    -0.230686433451410    -0.234968497534282
    -0.048642867113813    -0.234968497534283    -0.230686433451410
46 63
     0.003309412613817     0.010440718779137    -0.010440718779137
    -0.010440718779137    -0.026877338996201    -0.040986281237565
     0.010440718779137    -0.040986281237565    -0.026877338996201
46 64
     0.326937544787143     0.048642867113813    -0.048642867113813
    -0.048642867113813    -0.230686433451410     0.234968497534282
     0.048642867113813     0.234968497534283    -0.230686433451410
47 1
     0.060418029943321    -0.022368424833985     0.037259271994117
    -0.022368424833985     0.060418029943321     0.037259271994117
     0.037259271994117     0.037259271994117     0.030353763622770
47 2
    -0.025183232673953    -0.040372017974732     0.029356550294324
    -0.040372017974732    -0.104555772804815     0.040372017974732
     0.029356550294324     0.040372017974732    -0.025183232673953
47 3
    -0.104555772804815    -0.040372017974732     0.040372017974732
    -0.040372017974732    -0.025183232673953     0.029356550294324
     0.040372017974732     0.029356550294324    -0.025183232673953
47 4
     0.005425711287899    -0.007810478928150     0.007810478928150
    -0.007810478928150     0.005425711287899     0.007810478928150
     0.007810478928150     0.007810478928150     0.005425711287899
47 5
    -3.322380731651718    -2.515143668279052     2.515143668279051
    -2.515143668279052    -3.322380731651720     2.515143668279052
     2.515143668279051     2.515143668279052    -3.322380731651718
47 6
     0.030353763622770    -0.037259271994117     0.037259271994117
    -0.037259271994117     0.060418029943321     0.022368424833985
     0.037259271994117     0.022368424833985     0.060418029943321
47 7
     0.060418029943321    -0.037259271994117     0.022368424833985
    -0.037259271994117     0.030353763622770     0.037259271994117
     0.022368424833985     0.037259271994117     0.060418029943321
47 8
    -0.025183232673953    -0.029356550294324     0.040372017974732
    -0.029356550294324    -0.025183232673953     0.040372017974732
     0.040372017974732     0.040372017974732    -0.104555772804815
47 9
    -0.026877338996201     0.010440718779137     0.040986281237565
    -0.010440718779137     0.003309412613817    -0.010440718779137
     0.040986281237565     0.010440718779137    -0.026877338996201
47 10
    -0.026877338996201     0.010440718779137    -0.040986281237565
    -0.010440718779137     0.003309412613817     0.010440718779137
    -0.040986281237565    -0.010440718779137    -0.026877338996201
47 11
    -0.230686433451410     0.048642867113813    -0.234968497534282
    -0.048642867113813     0.326937544787143    -0.048642867113813
    -0.234968497534283     0.048642867113813    -0.230686433451410
47 12
    -0.230686433451410     0.048642867113813     0.234968497534282
    -0.048642867113813     0.326937544787143     0.048642867113813
     0.234968497534282    -0.048642867113813    -0.230686433451410
47 13
    -0.026877338996201    -0.010440718779137    -0.040986281237565
     0.010440718779137     0.003309412613817    -0.010440718779137
    -0.040986281237565     0.010440718779137    -0.026877338996201
47 14
    -0.026877338996201    -0.010440718779137     0.040986281237565
     0.010440718779137     0.003309412613817     0.010440718779137
     0.040986281237565    -0.010440718779137    -0.026877338996201
47 15
    -0.230686433451410    -0.048642867113813     0.234968497534282
     0.048642867113813     0.326937544787143    -0.048642867113813
     0.234968497534283     0.048642867113813    -0.230686433451410
47 16
    -0.230686433451410    -0.048642867113813    -0.234968497534282
     0.048642867113813     0.326937544787143     0.048642867113813
    -0.234968497534282    -0.048642867113813    -0.230686433451410
47 17
     0.060418029943321     0.037259271994117    -0.022368424833985
     0.037259271994117     0.030353763622770     0.037259271994117
    -0.022368424833985     0.037259271994117     0.060418029943321
47 18
    -0.025183232673953     0.029356550294324    -0.040372017974732
     0.029356550294324    -0.025183232673953     0.040372017974732
    -0.040372017974732     0.040372017974732    -0.104555772804815
47 19
    -3.322380731651718     2.515143668279051    -2.515143668279052
     2.515143668279052    -3.322380731651720     2.515143668279053
    -2.515143668279051     2.515143668279051    -3.322380731651720
47 20
     0.030353763622770     0.037259271994117    -0.037259271994117
     0.037259271994117     0.060418029943321     0.022368424833985
    -0.037259271994117     0.022368424833985     0.060418029943321
47 21
    -0.104555772804815     0.040372017974732    -0.040372017974732
     0.040372017974732    -0.025183232673953     0.029356550294324
    -0.040372017974732     0.029356550294324    -0.025183232673953
47 22
     0.005425711287899     0.007810478928150    -0.007810478928150
     0.007810478928150     0.005425711287899     0.007810478928150
    -0.007810478928150     0.007810478928150     0.005425711287899
47 23
     0.060418029943321     0.022368424833985    -0.037259271994117
     0.022368424833985     0.060418029943321     0.037259271994117
    -0.037259271994117     0.037259271994117     0.030353763622770
47 24
    -0.025183232673953     0.040372017974732    -0.029356550294324
     0.040372017974732    -0.104555772804815     0.040372017974732
    -0.029356550294324     0.040372017974732    -0.025183232673953
47 25
    -0.026877338996201     0.040986281237565     0.010440718779137
     0.040986281237565    -0.026877338996201     0.010440718779137
    -0.010440718779137    -0.010440718779137     0.003309412613817
47 26
    -0.026877338996201    -0.040986281237565     0.010440718779137
    -0.040986281237565    -0.026877338996201    -0.010440718779137
    -0.010440718779137     0.010440718779137     0.003309412613817
47 27
    -0.026877338996201    -0.040986281237565    -0.010440718779137
    -0.040986281237565    -0.026877338996201     0.010440718779137
     0.010440718779137    -0.010440718779137     0.003309412613817
47 28
    -0.026877338996201     0.040986281237565    -0.010440718779137
     0.040986281237565    -0.026877338996201    -0.010440718779137
     0.010440718779137     0.010440718779137     0.003309412613817
47 29
    -0.230686433451410    -0.234968497534282     0.048642867113813
    -0.234968497534283    -0.230686433451410     0.048642867113813
    -0.048642867113813    -0.048642867113813     0.326937544787142
47 30
    -0.230686433451410     0.234968497534282     0.048642867113813
     0.234968497534283    -0.230686433451410    -0.048642867113813
    -0.048642867113813     0.048642867113813     0.326937544787143
47 31
    -0.230686433451410     0.234968497534282    -0.048642867113813
     0.234968497534283    -0.230686433451410     0.048642867113813
     0.048642867113813    -0.048642867113813     0.326937544787143
47 32
    -0.230686433451410    -0.234968497534282    -0.048642867113813
    -0.234968497534283    -0.230686433451410    -0.048642867113813
     0.048642867113813     0.048642867113813     0.326937544787143
47 33
    -3.322380731651718     2.515143668279051     2.515143668279052
     2.515143668279052    -3.322380731651720    -2.515143668279053
     2.515143668279051    -2.515143668279051    -3.322380731651720
47 34
     0.030353763622770     0.037259271994117     0.037259271994117
     0.037259271994117     0.060418029943321    -0.022368424833985
     0.037259271994117    -0.022368424833985     0.060418029943321
47 35
     0.060418029943321     0.037259271994117     0.022368424833985
     0.037259271994117     0.030353763622770    -0.037259271994117
     0.022368424833985    -0.037259271994117     0.060418029943321
47 36
    -0.025183232673953     0.029356550294324     0.040372017974732
     0.029356550294324    -0.025183232673953    -0.040372017974732
     0.040372017974732    -0.040372017974732    -0.104555772804815
47 37
     0.060418029943321     0.022368424833985     0.037259271994117
     0.022368424833985     0.060418029943321    -0.037259271994117
     0.037259271994117    -0.037259271994117     0.030353763622770
47 38
    -0.025183232673953     0.040372017974732     0.029356550294324
     0.040372017974732    -0.104555772804815    -0.040372017974732
     0.029356550294324    -0.040372017974732    -0.025183232673953
47 39
    -0.104555772804815     0.040372017974732     0.040372017974732
     0.040372017974732    -0.025183232673953    -0.029356550294324
     0.040372017974732    -0.029356550294324    -0.025183232673953
47 40
     0.005425711287899     0.007810478928150     0.007810478928150
     0.007810478928150     0.005425711287899    -0.007810478928150
     0.007810478928150    -0.007810478928150     0.005425711287899
47 41
     0.192951181134049     0.000000000000000     0.000000000000000
     0.000000000000000    -0.002013487346630     0.000000000000000
     0.000000000000000    -0.000000000000000    -0.002013487346630
47 42
    -0.008785683121459    -0.000000000000000    -0.000000000000000
    -0.000000000000000    -0.008785683121459     0.000000000000000
     0.000000000000000     0.000000000000000    -0.008785683121459
47 43
    -0.063411041583095     0.000000000000000     0.000000000000000
    -0.000000000000000    -0.063411041583095     0.000000000000000
    -0.000000000000000    -0.000000000000000    -0.067616379192259
47 44
    -0.002013487346630     0.000000000000000     0.000000000000000
    -0.000000000000000     0.192951181134049     0.000000000000000
     0.000000000000000    -0.000000000000000    -0.002013487346630
47 45
    -0.063411041583095     0.000000000000000     0.000000000000000
    -0.000000000000000    -0.067616379192259    -0.000000000000000
    -0.000000000000000     0.000000000000000    -0.063411041583095
47 46
    -0.002013487346630     0.000000000000000    -0.000000000000000
    -0.000000000000000    -0.002013487346630     0.000000000000000
     0.000000000000000    -0.000000000000000     0.192951181134049
47 47
    14.036572029044686     0.000000000000000     0.000000000000000
     0.000000000000000    14.036572029044693     0.000000000000000
     0.000000000000000     0.000000000000000    14.036572029044690
47 48
    -0.067616379192259     0.000000000000000     0.000000000000000
    -0.000000000000000    -0.063411041583095    -0.000000000000000
    -0.000000000000000     0.000000000000000    -0.063411041583095
47 49
    -0.104555772804815    -0.040372017974732    -0.040372017974732
    -0.040372017974732    -0.025183232673953    -0.029356550294324
    -0.040372017974732    -0.029356550294324    -0.025183232673953
47 50
     0.005425711287899    -0.007810478928150    -0.007810478928150
    -0.007810478928150     0.005425711287899    -0.007810478928150
    -0.007810478928150    -0.007810478928150     0.005425711287899
47 51
     0.060418029943321    -0.022368424833985    -0.037259271994117
    -0.022368424833985     0.060418029943321    -0.037259271994117
    -0.037259271994117    -0.037259271994117     0.030353763622770
47 52
    -0.025183232673953    -0.040372017974732    -0.029356550294324
    -0.040372017974732    -0.104555772804815    -0.040372017974732
    -0.029356550294324    -0.040372017974732    -0.025183232673953
47 53
     0.060418029943321    -0.037259271994117    -0.022368424833985
    -0.037259271994117     0.030353763622770    -0.037259271994117
    -0.022368424833985    -0.037259271994117     0.060418029943321
47 54
    -0.025183232673953    -0.029356550294324    -0.040372017974732
    -0.029356550294324    -0.025183232673953    -0.040372017974732
    -0.040372017974732    -0.040372017974732    -0.104555772804815
47 55
    -3.322380731651718    -2.515143668279051    -2.515143668279052
    -2.515143668279052    -3.322380731651720    -2.515143668279053
    -2.515143668279051    -2.515143668279051    -3.322380731651720
47 56
     0.030353763622770    -0.037259271994117    -0.037259271994117
    -0.037259271994117     0.060418029943321    -0.022368424833985
    -0.037259271994117    -0.022368424833985     0.060418029943321
47 57
     0.326937544787142    -0.048642867113813    -0.048642867113813
     0.048642867113813    -0.230686433451410    -0.234968497534283
     0.048642867113813    -0.234968497534282    -0.230686433451410
47 58
     0.003309412613817    -0.010440718779137    -0.010440718779137
     0.010440718779137    -0.026877338996201     0.040986281237565
     0.010440718779137     0.040986281237565    -0.026877338996201
47 59
     0.326937544787142    -0.048642867113813     0.048642867113813
     0.048642867113813    -0.230686433451410     0.234968497534283
    -0.048642867113813     0.234968497534282    -0.230686433451410
47 60
     0.003309412613817    -0.010440718779137     0.010440718779137
     0.010440718779137    -0.026877338996201    -0.040986281237565
    -0.010440718779137    -0.040986281237565    -0.026877338996201
47 61
     0.326937544787142     0.048642867113813    -0.048642867113813
    -0.048642867113813    -0.230686433451410     0.234968497534283
     0.048642867113813     0.234968497534282    -0.230686433451410
47 62
     0.003309412613817     0.010440718779137    -0.010440718779137
    -0.010440718779137    -0.026877338996201    -0.040986281237565
     0.010440718779137    -0.040986281237565    -0.026877338996201
47 63
     0.326937544787142     0.048642867113813     0.048642867113813
    -0.048642867113813    -0.230686433451410    -0.234968497534283
    -0.048642867113813    -0.234968497534283    -0.230686433451410
47 64
     0.003309412613817     0.010440718779137     0.010440718779137
    -0.010440718779137    -0.026877338996201     0.040986281237565
    -0.010440718779137     0.040986281237565    -0.026877338996201
48 1
    -0.025183232673953    -0.040372017974732     0.029356550294324
    -0.040372017974732    -0.104555772804815     0.040372017974732
     0.029356550294324     0.040372017974732    -0.025183232673953
48 2
     0.060418029943321    -0.022368424833985     0.037259271994117
    -0.022368424833985     0.060418029943321     0.037259271994117
     0.037259271994117     0.037259271994117     0.030353763622770
48 3
     0.005425711287899    -0.007810478928150     0.007810478928150
    -0.007810478928150     0.005425711287899     0.007810478928150
     0.007810478928150     0.007810478928150     0.005425711287899
48 4
    -0.104555772804815    -0.040372017974732     0.040372017974732
    -0.040372017974732    -0.025183232673953     0.029356550294324
     0.040372017974732     0.029356550294324    -0.025183232673953
48 5
     0.030353763622770    -0.037259271994117     0.037259271994117
    -0.037259271994117     0.060418029943321     0.022368424833985
     0.037259271994117     0.022368424833985     0.060418029943321
48 6
    -3.322380731651720    -2.515143668279053     2.515143668279052
    -2.515143668279051    -3.322380731651720     2.515143668279051
     2.515143668279051     2.515143668279052    -3.322380731651718
48 7
    -0.025183232673953    -0.029356550294324     0.040372017974732
    -0.029356550294324    -0.025183232673953     0.040372017974732
     0.040372017974732     0.040372017974732    -0.104555772804815
48 8
     0.060418029943321    -0.037259271994117     0.022368424833985
    -0.037259271994117     0.030353763622770     0.037259271994117
     0.022368424833985     0.037259271994117     0.060418029943321
48 9
    -0.026877338996201     0.010440718779137    -0.040986281237565
    -0.010440718779137     0.003309412613817     0.010440718779137
    -0.040986281237565    -0.010440718779137    -0.026877338996201
48 10
    -0.026877338996201     0.010440718779137     0.040986281237565
    -0.010440718779137     0.003309412613817    -0.010440718779137
     0.040986281237565     0.010440718779137    -0.026877338996201
48 11
    -0.230686433451410     0.048642867113813     0.234968497534283
    -0.048642867113813     0.326937544787142     0.048642867113813
     0.234968497534283    -0.048642867113813    -0.230686433451410
48 12
    -0.230686433451410     0.048642867113813    -0.234968497534283
    -0.048642867113813     0.326937544787142    -0.048642867113813
    -0.234968497534283     0.048642867113813    -0.230686433451410
48 13
    -0.026877338996201    -0.010440718779137     0.040986281237565
     0.010440718779137     0.003309412613817     0.010440718779137
     0.040986281237565    -0.010440718779137    -0.026877338996201
48 14
    -0.026877338996201    -0.010440718779137    -0.040986281237565
     0.010440718779137     0.003309412613817    -0.010440718779137
    -0.040986281237565     0.010440718779137    -0.026877338996201
48 15
    -0.230686433451410    -0.048642867113813    -0.234968497534283
     0.048642867113813     0.326937544787142     0.048642867113813
    -0.234968497534282    -0.048642867113813    -0.230686433451410
48 16
    -0.230686433451410    -0.048642867113813     0.234968497534282
     0.048642867113813     0.326937544787142    -0.048642867113813
     0.234968497534283     0.048642867113813    -0.230686433451410
48 17
    -0.025183232673953     0.029356550294324    -0.040372017974732
     0.029356550294324    -0.025183232673953     0.040372017974732
    -0.040372017974732     0.040372017974732    -0.104555772804815
48 18
     0.060418029943321     0.037259271994117    -0.022368424833985
     0.037259271994117     0.030353763622770     0.037259271994117
    -0.022368424833985     0.037259271994117     0.060418029943321
48 19
     0.030353763622770     0.037259271994117    -0.037259271994117
     0.037259271994117     0.060418029943321     0.022368424833985
    -0.037259271994117     0.022368424833985     0.060418029943321
48 20
    -3.322380731651720     2.515143668279053    -2.515143668279052
     2.515143668279051    -3.322380731651720     2.515143668279051
    -2.515143668279051     2.515143668279052    -3.322380731651718
48 21
     0.005425711287899     0.007810478928150    -0.007810478928150
     0.007810478928150     0.005425711287899     0.007810478928150
    -0.007810478928150     0.007810478928150     0.005425711287899
48 22
    -0.104555772804815     0.040372017974732    -0.040372017974732
     0.040372017974732    -0.025183232673953     0.029356550294324
    -0.040372017974732     0.029356550294324    -0.025183232673953
48 23
    -0.025183232673953     0.040372017974732    -0.029356550294324
     0.040372017974732    -0.104555772804815     0.040372017974732
    -0.029356550294324     0.040372017974732    -0.025183232673953
48 24
     0.060418029943321     0.022368424833985    -0.037259271994117
     0.022368424833985     0.060418029943321     0.037259271994117
    -0.037259271994117     0.037259271994117     0.030353763622770
48 25
    -0.026877338996201    -0.040986281237565     0.010440718779137
    -0.040986281237565    -0.026877338996201    -0.010440718779137
    -0.010440718779137     0.010440718779137     0.003309412613817
48 26
    -0.026877338996201     0.040986281237565     0.010440718779137
     0.040986281237565    -0.026877338996201     0.010440718779137
    -0.010440718779137    -0.010440718779137     0.003309412613817
48 27
    -0.026877338996201     0.040986281237565    -0.010440718779137
     0.040986281237565    -0.026877338996201    -0.010440718779137
     0.010440718779137     0.010440718779137     0.003309412613817
48 28
    -0.026877338996201    -0.040986281237565    -0.010440718779137
    -0.040986281237565    -0.026877338996201     0.010440718779137
     0.010440718779137    -0.010440718779137     0.003309412613817
48 29
    -0.230686433451410     0.234968497534283     0.048642867113813
     0.234968497534282    -0.230686433451410    -0.048642867113813
    -0.048642867113813     0.048642867113813     0.326937544787142
48 30
    -0.230686433451410    -0.234968497534283     0.048642867113813
    -0.234968497534282    -0.230686433451410     0.048642867113813
    -0.048642867113813    -0.048642867113813     0.326937544787143
48 31
    -0.230686433451410    -0.234968497534283    -0.048642867113813
    -0.234968497534282    -0.230686433451410    -0.048642867113813
     0.048642867113813     0.048642867113813     0.326937544787142
48 32
    -0.230686433451410     0.234968497534283    -0.048642867113813
     0.234968497534282    -0.230686433451410     0.048642867113813
     0.048642867113813    -0.048642867113813     0.326937544787142
48 33
     0.030353763622770     0.037259271994117     0.037259271994117
     0.037259271994117     0.060418029943321    -0.022368424833985
     0.037259271994117    -0.022368424833985     0.060418029943321
48 34
    -3.322380731651720     2.515143668279052     2.515143668279053
     2.515143668279051    -3.322380731651718    -2.515143668279052
     2.515143668279051    -2.515143668279051    -3.322380731651720
48 35
    -0.025183232673953     0.029356550294324     0.040372017974732
     0.029356550294324    -0.025183232673953    -0.040372017974732
     0.040372017974732    -0.040372017974732    -0.104555772804815
48 36
     0.060418029943321     0.037259271994117     0.022368424833985
     0.037259271994117     0.030353763622770    -0.037259271994117
     0.022368424833985    -0.037259271994117     0.060418029943321
48 37
    -0.025183232673953     0.040372017974732     0.029356550294324
     0.040372017974732    -0.104555772804815    -0.040372017974732
     0.029356550294324    -0.040372017974732    -0.025183232673953
48 38
     0.060418029943321     0.022368424833985     0.037259271994117
     0.022368424833985     0.060418029943321    -0.037259271994117
     0.037259271994117    -0.037259271994117     0.030353763622770
48 39
     0.005425711287899     0.007810478928150     0.007810478928150
     0.007810478928150     0.005425711287899    -0.007810478928150
     0.007810478928150    -0.007810478928150     0.005425711287899
48 40
    -0.104555772804815     0.040372017974732     0.040372017974732
     0.040372017974732    -0.025183232673953    -0.029356550294324
     0.040372017974732    -0.029356550294324    -0.025183232673953
48 41
    -0.008785683121460    -0.000000000000000    -0.000000000000000
     0.000000000000000    -0.008785683121459     0.000000000000000
     0.000000000000000    -0.000000000000000    -0.008785683121459
48 42
     0.192951181134049    -0.000000000000000    -0.000000000000000
     0.000000000000000    -0.002013487346630     0.000000000000000
     0.000000000000000    -0.000000000000000    -0.002013487346630
48 43
    -0.002013487346631    -0.000000000000000    -0.000000000000000
     0.000000000000000     0.192951181134049     0.000000000000000
    -0.000000000000000    -0.000000000000000    -0.002013487346630
48 44
    -0.063411041583095     0.000000000000000    -0.000000000000000
     0.000000000000000    -0.063411041583095     0.000000000000000
     0.000000000000000    -0.000000000000000    -0.067616379192259
48 45
    -0.002013487346631    -0.000000000000000    -0.000000000000000
    -0.000000000000000    -0.002013487346630     0.000000000000000
    -0.000000000000000     0.000000000000000     0.192951181134049
48 46
    -0.063411041583095     0.000000000000000    -0.000000000000000
     0.000000000000000    -0.067616379192259     0.000000000000000
     0.000000000000000    -0.000000000000000    -0.063411041583095
48 47
    -0.067616379192259    -0.000000000000000    -0.000000000000000
     0.000000000000000    -0.063411041583095     0.000000000000000
     0.000000000000000    -0.000000000000000    -0.063411041583095
48 48
    14.036572029044693     0.000000000000000     0.000000000000000
     0.000000000000000    14.036572029044688     0.000000000000000
     0.000000000000000     0.000000000000000    14.036572029044688
48 49
     0.005425711287899    -0.007810478928150    -0.007810478928150
    -0.007810478928150     0.005425711287899    -0.007810478928150
    -0.007810478928150    -0.007810478928150     0.005425711287899
48 50
    -0.104555772804815    -0.040372017974732    -0.040372017974732
    -0.040372017974732    -0.025183232673953    -0.029356550294324
    -0.040372017974732    -0.029356550294324    -0.025183232673953
48 51
    -0.025183232673953    -0.040372017974732    -0.029356550294324
    -0.040372017974732    -0.104555772804815    -0.040372017974732
    -0.029356550294324    -0.040372017974732    -0.025183232673953
48 52
     0.060418029943321    -0.022368424833985    -0.037259271994117
    -0.022368424833985     0.060418029943321    -0.037259271994117
    -0.037259271994117    -0.037259271994117     0.030353763622770
48 53
    -0.025183232673953    -0.029356550294324    -0.040372017974732
    -0.029356550294324    -0.025183232673953    -0.040372017974732
    -0.040372017974732    -0.040372017974732    -0.104555772804815
48 54
     0.060418029943321    -0.037259271994117    -0.022368424833985
    -0.037259271994117     0.030353763622770    -0.037259271994117
    -0.022368424833985    -0.037259271994117     0.060418029943321
48 55
     0.030353763622770    -0.037259271994117    -0.037259271994117
    -0.037259271994117     0.060418029943321    -0.022368424833985
    -0.037259271994117    -0.022368424833985     0.060418029943321
48 56
    -3.322380731651720    -2.515143668279052    -2.515143668279053
    -2.515143668279051    -3.322380731651718    -2.515143668279052
    -2.515143668279051    -2.515143668279051    -3.322380731651720
48 57
     0.003309412613817    -0.010440718779137    -0.010440718779137
     0.010440718779137    -0.026877338996201     0.040986281237565
     0.010440718779137     0.040986281237565    -0.026877338996201
48 58
     0.326937544787143    -0.048642867113813    -0.048642867113813
     0.048642867113813    -0.230686433451410    -0.234968497534282
     0.048642867113813    -0.234968497534282    -0.230686433451410
48 59
     0.003309412613817    -0.010440718779137     0.010440718779137
     0.010440718779137    -0.026877338996201    -0.040986281237565
    -0.010440718779137    -0.040986281237565    -0.026877338996201
48 60
     0.326937544787143    -0.048642867113813     0.048642867113813
     0.048642867113813    -0.230686433451410     0.234968497534282
    -0.048642867113813     0.234968497534282    -0.230686433451410
48 61
     0.003309412613817     0.010440718779137    -0.010440718779137
    -0.010440718779137    -0.026877338996201    -0.040986281237565
     0.010440718779137    -0.040986281237565    -0.026877338996201
48 62
     0.326937544787143     0.048642867113813    -0.048642867113813
    -0.048642867113813    -0.230686433451410     0.234968497534282
     0.048642867113813     0.234968497534282    -0.230686433451410
48 63
     0.003309412613817     0.010440718779137     0.010440718779137
    -0.010440718779137    -0.026877338996201     0.040986281237565
    -0.010440718779137     0.040986281237565    -0.026877338996201
48 64
     0.326937544787143     0.048642867113813     0.048642867113813
    -0.048642867113813    -0.230686433451410    -0.234968497534282
    -0.048642867113813    -0.234968497534282    -0.230686433451410
49 1
    -0.230686433451410     0.234968497534283     0.048642867113813
     0.234968497534283    -0.230686433451410    -0.048642867113813
    -0.048642867113813     0.048642867113813     0.326937544787142
49 2
    -0.230686433451410    -0.234968497534282     0.048642867113813
    -0.234968497534283    -0.230686433451410     0.048642867113813
    -0.048642867113813    -0.048642867113813     0.326937544787142
49 3
    -0.230686433451410    -0.234968497534282    -0.048642867113813
    -0.234968497534282    -0.230686433451410    -0.048642867113813
     0.048642867113813     0.048642867113813     0.326937544787142
49 4
    -0.230686433451410     0.234968497534282    -0.048642867113813
     0.234968497534283    -0.230686433451410     0.048642867113813
     0.048642867113813    -0.048642867113813     0.326937544787143
49 5
    -0.026877338996201    -0.040986281237565     0.010440718779137
    -0.040986281237565    -0.026877338996201    -0.010440718779137
    -0.010440718779137     0.010440718779137     0.003309412613817
49 6
    -0.026877338996201     0.040986281237565     0.010440718779137
     0.040986281237565    -0.026877338996201     0.010440718779137
    -0.010440718779137    -0.010440718779137     0.003309412613817
49 7
    -0.026877338996201     0.040986281237565    -0.010440718779137
     0.040986281237565    -0.026877338996201    -0.010440718779137
     0.010440718779137     0.010440718779137     0.003309412613817
49 8
    -0.026877338996201    -0.040986281237565    -0.010440718779137
    -0.040986281237565    -0.026877338996201     0.010440718779137
     0.010440718779137    -0.010440718779137     0.003309412613817
49 9
     0.030353763622770     0.037259271994117    -0.037259271994117
     0.037259271994117     0.060418029943321     0.022368424833985
    -0.037259271994117     0.022368424833985     0.060418029943321
49 10
    -3.322380731651718     2.515143668279051    -2.515143668279052
     2.515143668279052    -3.322380731651720     2.515143668279053
    -2.515143668279051     2.515143668279051    -3.322380731651720
49 11
    -0.025183232673953     0.029356550294324    -0.040372017974732
     0.029356550294324    -0.025183232673953     0.040372017974732
    -0.040372017974732     0.040372017974732    -0.104555772804815
49 12
     0.060418029943321     0.037259271994117    -0.022368424833985
     0.037259271994117     0.030353763622770     0.037259271994117
    -0.022368424833985     0.037259271994117     0.060418029943321
49 13
    -0.025183232673953     0.040372017974732    -0.029356550294324
     0.040372017974732    -0.104555772804815     0.040372017974732
    -0.029356550294324     0.040372017974732    -0.025183232673953
49 14
     0.060418029943321     0.022368424833985    -0.037259271994117
     0.022368424833985     0.060418029943321     0.037259271994117
    -0.037259271994117     0.037259271994117     0.030353763622770
49 15
     0.005425711287899     0.007810478928150    -0.007810478928150
     0.007810478928150     0.005425711287899     0.007810478928150
    -0.007810478928150     0.007810478928150     0.005425711287899
49 16
    -0.104555772804815     0.040372017974732    -0.040372017974732
     0.040372017974732    -0.025183232673953     0.029356550294324
    -0.040372017974732     0.029356550294324    -0.025183232673953
49 17
    -0.230686433451410     0.048642867113813     0.234968497534282
    -0.048642867113813     0.326937544787143     0.048642867113813
     0.234968497534282    -0.048642867113813    -0.230686433451410
49 18
    -0.230686433451410     0.048642867113813    -0.234968497534283
    -0.048642867113813     0.326937544787142    -0.048642867113813
    -0.234968497534282     0.048642867113813    -0.230686433451410
49 19
    -0.026877338996201     0.010440718779137    -0.040986281237565
    -0.010440718779137     0.003309412613817     0.010440718779137
    -0.040986281237565    -0.010440718779137    -0.026877338996201
49 20
    -0.026877338996201     0.010440718779137     0.040986281237565
    -0.010440718779137     0.003309412613817    -0.010440718779137
     0.040986281237565     0.010440718779137    -0.026877338996201
49 21
    -0.230686433451410    -0.048642867113813    -0.234968497534282
     0.048642867113813     0.326937544787142     0.048642867113813
    -0.234968497534282    -0.048642867113813    -0.230686433451410
49 22
    -0.230686433451410    -0.048642867113813     0.234968497534282
     0.048642867113813     0.326937544787142    -0.048642867113813
     0.234968497534283     0.048642867113813    -0.230686433451410
49 23
    -0.026877338996201    -0.010440718779137     0.040986281237565
     0.010440718779137     0.003309412613817     0.010440718779137
     0.040986281237565    -0.010440718779137    -0.026877338996201
49 24
    -0.026877338996201    -0.010440718779137    -0.040986281237565
     0.010440718779137     0.003309412613817    -0.010440718779137
    -0.040986281237565     0.010440718779137    -0.026877338996201
49 25
     0.030353763622770    -0.037259271994117     0.037259271994117
    -0.037259271994117     0.060418029943321     0.022368424833985
     0.037259271994117     0.022368424833985     0.060418029943321
49 26
    -3.322380731651720    -2.515143668279051     2.515143668279051
    -2.515143668279053    -3.322380731651720     2.515143668279052
     2.515143668279052     2.515143668279051    -3.322380731651718
49 27
    -0.025183232673953    -0.029356550294324     0.040372017974732
    -0.029356550294324    -0.025183232673953     0.040372017974732
     0.040372017974732     0.040372017974732    -0.104555772804815
49 28
     0.060418029943321    -0.037259271994117     0.022368424833985
    -0.037259271994117     0.030353763622770     0.037259271994117
     0.022368424833985     0.037259271994117     0.060418029943321
49 29
    -0.025183232673953    -0.040372017974732     0.029356550294324
    -0.040372017974732    -0.104555772804815     0.040372017974732
     0.029356550294324     0.040372017974732    -0.025183232673953
49 30
     0.060418029943321    -0.022368424833985     0.037259271994117
    -0.022368424833985     0.060418029943321     0.037259271994117
     0.037259271994117     0.037259271994117     0.030353763622770
49 31
     0.005425711287899    -0.007810478928150     0.007810478928150
    -0.007810478928150     0.005425711287899     0.007810478928150
     0.007810478928150     0.007810478928150     0.005425711287899
49 32
    -0.104555772804815    -0.040372017974732     0.040372017974732
    -0.040372017974732    -0.025183232673953     0.029356550294324
     0.040372017974732     0.029356550294324    -0.025183232673953
49 33
     0.326937544787143    -0.048642867113813    -0.048642867113813
     0.048642867113813    -0.230686433451410    -0.234968497534283
     0.048642867113813    -0.234968497534282    -0.230686433451410
49 34
     0.003309412613817    -0.010440718779137    -0.010440718779137
     0.010440718779137    -0.026877338996201     0.040986281237565
     0.010440718779137     0.040986281237565    -0.026877338996201
49 35
     0.326937544787142    -0.048642867113813     0.048642867113813
     0.048642867113813    -0.230686433451410     0.234968497534283
    -0.048642867113813     0.234968497534282    -0.230686433451410
49 36
     0.003309412613817    -0.010440718779137     0.010440718779137
     0.010440718779137    -0.026877338996201    -0.040986281237565
    -0.010440718779137    -0.040986281237565    -0.026877338996201
49 37
     0.326937544787143     0.048642867113813    -0.048642867113813
    -0.048642867113813    -0.230686433451410     0.234968497534282
     0.048642867113813     0.234968497534283    -0.230686433451410
49 38
     0.003309412613817     0.010440718779137    -0.010440718779137
    -0.010440718779137    -0.026877338996201    -0.040986281237565
     0.010440718779137    -0.040986281237565    -0.026877338996201
49 39
     0.326937544787143     0.048642867113813     0.048642867113813
    -0.048642867113813    -0.230686433451410    -0.234968497534283
    -0.048642867113813    -0.234968497534283    -0.230686433451410
49 40
     0.003309412613817     0.010440718779137     0.010440718779137
    -0.010440718779137    -0.026877338996201     0.040986281237565
    -0.010440718779137     0.040986281237565    -0.026877338996201
49 41
    -3.322380731651720    -2.515143668279051    -2.515143668279051
    -2.515143668279053    -3.322380731651720    -2.515143668279052
    -2.515143668279052    -2.515143668279051    -3.322380731651718
49 42
     0.030353763622770    -0.037259271994117    -0.037259271994117
    -0.037259271994117     0.060418029943321    -0.022368424833985
    -0.037259271994117    -0.022368424833985     0.060418029943321
49 43
     0.060418029943321    -0.037259271994117    -0.022368424833985
    -0.037259271994117     0.030353763622770    -0.037259271994117
    -0.022368424833985    -0.037259271994117     0.060418029943321
49 44
    -0.025183232673953    -0.029356550294324    -0.040372017974732
    -0.029356550294324    -0.025183232673953    -0.040372017974732
    -0.040372017974732    -0.040372017974732    -0.104555772804815
49 45
     0.060418029943321    -0.022368424833985    -0.037259271994117
    -0.022368424833985     0.060418029943321    -0.037259271994117
    -0.037259271994117    -0.037259271994117     0.030353763622770
49 46
    -0.025183232673953    -0.040372017974732    -0.029356550294324
    -0.040372017974732    -0.104555772804815    -0.040372017974732
    -0.029356550294324    -0.040372017974732    -0.025183232673953
49 47
    -0.104555772804815    -0.040372017974732    -0.040372017974732
    -0.040372017974732    -0.025183232673953    -0.029356550294324
    -0.040372017974732    -0.029356550294324    -0.025183232673953
49 48
     0.005425711287899    -0.007810478928150    -0.007810478928150
    -0.007810478928150     0.005425711287899    -0.007810478928150
    -0.007810478928150    -0.007810478928150     0.005425711287899
49 49
    14.036572029044690     0.000000000000000     0.000000000000000
     0.000000000000000    14.036572029044692    -0.000000000000000
     0.000000000000000    -0.000000000000000    14.036572029044688
49 50
    -0.067616379192259     0.000000000000000     0.000000000000000
     0.000000000000000    -0.063411041583095    -0.000000000000000
    -0.000000000000000     0.000000000000000    -0.063411041583095
49 51
    -0.063411041583095     0.000000000000000     0.000000000000000
     0.000000000000000    -0.067616379192259    -0.000000000000000
    -0.000000000000000     0.000000000000000    -0.063411041583095
49 52
    -0.002013487346630    -0.000000000000000     0.000000000000000
     0.000000000000000    -0.002013487346630    -0.000000000000000
    -0.000000000000000    -0.000000000000000     0.192951181134049
49 53
    -0.063411041583095     0.000000000000000     0.000000000000000
     0.000000000000000    -0.063411041583095    -0.000000000000000
    -0.000000000000000     0.000000000000000    -0.067616379192259
49 54
    -0.002013487346630    -0.000000000000000     0.000000000000000
     0.000000000000000     0.192951181134049    -0.000000000000000
     0.000000000000000     0.000000000000000    -0.002013487346630
49 55
     0.192951181134049    -0.000000000000000     0.000000000000000
     0.000000000000000    -0.002013487346630    -0.000000000000000
    -0.000000000000000    -0.000000000000000    -0.002013487346630
49 56
    -0.008785683121459     0.000000000000000     0.000000000000000
     0.000000000000000    -0.008785683121460    -0.000000000000000
    -0.000000000000000     0.000000000000000    -0.008785683121459
49 57
    -3.322380731651720     2.515143668279051     2.515143668279051
     2.515143668279053    -3.322380731651720    -2.515143668279052
     2.515143668279052    -2.515143668279051    -3.322380731651718
49 58
     0.030353763622770     0.037259271994117     0.037259271994117
     0.037259271994117     0.060418029943321    -0.022368424833985
     0.037259271994117    -0.022368424833985     0.060418029943321
49 59
     0.060418029943321     0.037259271994117     0.022368424833985
     0.037259271994117     0.030353763622770    -0.037259271994117
     0.022368424833985    -0.037259271994117     0.060418029943321
49 60
    -0.025183232673953     0.029356550294324     0.040372017974732
     0.029356550294324    -0.025183232673953    -0.040372017974732
     0.040372017974732    -0.040372017974732    -0.104555772804815
49 61
     0.060418029943321     0.022368424833985     0.037259271994117
     0.022368424833985     0.060418029943321    -0.037259271994117
     0.037259271994117    -0.037259271994117     0.030353763622770
49 62
    -0.025183232673953     0.040372017974732     0.029356550294324
     0.040372017974732    -0.104555772804815    -0.040372017974732
     0.029356550294324    -0.040372017974732    -0.025183232673953
49 63
    -0.104555772804815     0.040372017974732     0.040372017974732
     0.040372017974732    -0.025183232673953    -0.029356550294324
     0.040372017974732    -0.029356550294324    -0.025183232673953
49 64
     0.005425711287899     0.007810478928150     0.007810478928150
     0.007810478928150     0.005425711287899    -0.007810478928150
     0.007810478928150    -0.007810478928150     0.005425711287899
50 1
    -0.230686433451410    -0.234968497534283     0.048642867113813
    -0.234968497534282    -0.230686433451410     0.048642867113813
    -0.048642867113813    -0.048642867113813     0.326937544787143
50 2
    -0.230686433451410     0.234968497534282     0.048642867113813
     0.234968497534283    -0.230686433451410    -0.048642867113813
    -0.048642867113813     0.048642867113813     0.326937544787143
50 3
    -0.230686433451410     0.234968497534283    -0.048642867113813
     0.234968497534282    -0.230686433451410     0.048642867113813
     0.048642867113813    -0.048642867113813     0.326937544787143
50 4
    -0.230686433451410    -0.234968497534282    -0.048642867113813
    -0.234968497534283    -0.230686433451410    -0.048642867113813
     0.048642867113813     0.048642867113813     0.326937544787143
50 5
    -0.026877338996201     0.040986281237565     0.010440718779137
     0.040986281237565    -0.026877338996201     0.010440718779137
    -0.010440718779137    -0.010440718779137     0.003309412613817
50 6
    -0.026877338996201    -0.040986281237565     0.010440718779137
    -0.040986281237565    -0.026877338996201    -0.010440718779137
    -0.010440718779137     0.010440718779137     0.003309412613817
50 7
    -0.026877338996201    -0.040986281237565    -0.010440718779137
    -0.040986281237565    -0.026877338996201     0.010440718779137
     0.010440718779137    -0.010440718779137     0.003309412613817
50 8
    -0.026877338996201     0.040986281237565    -0.010440718779137
     0.040986281237565    -0.026877338996201    -0.010440718779137
     0.010440718779137     0.010440718779137     0.003309412613817
50 9
    -3.322380731651718     2.515143668279052    -2.515143668279051
     2.515143668279051    -3.322380731651720     2.515143668279051
    -2.515143668279052     2.515143668279053    -3.322380731651720
50 10
     0.030353763622770     0.037259271994117    -0.037259271994117
     0.037259271994117     0.060418029943321     0.022368424833985
    -0.037259271994117     0.022368424833985     0.060418029943321
50 11
     0.060418029943321     0.037259271994117    -0.022368424833985
     0.037259271994117     0.030353763622770     0.037259271994117
    -0.022368424833985     0.037259271994117     0.060418029943321
50 12
    -0.025183232673953     0.029356550294324    -0.040372017974732
     0.029356550294324    -0.025183232673953     0.040372017974732
    -0.040372017974732     0.040372017974732    -0.104555772804815
50 13
     0.060418029943321     0.022368424833985    -0.037259271994117
     0.022368424833985     0.060418029943321     0.037259271994117
    -0.037259271994117     0.037259271994117     0.030353763622770
50 14
    -0.025183232673953     0.040372017974732    -0.029356550294324
     0.040372017974732    -0.104555772804815     0.040372017974732
    -0.029356550294324     0.040372017974732    -0.025183232673953
50 15
    -0.104555772804815     0.040372017974732    -0.040372017974732
     0.040372017974732    -0.025183232673953     0.029356550294324
    -0.040372017974732     0.029356550294324    -0.025183232673953
50 16
     0.005425711287899     0.007810478928150    -0.007810478928150
     0.007810478928150     0.005425711287899     0.007810478928150
    -0.007810478928150     0.007810478928150     0.005425711287899
50 17
    -0.230686433451410     0.048642867113813    -0.234968497534282
    -0.048642867113813     0.326937544787143    -0.048642867113813
    -0.234968497534283     0.048642867113813    -0.230686433451410
50 18
    -0.230686433451410     0.048642867113813     0.234968497534282
    -0.048642867113813     0.326937544787142     0.048642867113813
     0.234968497534283    -0.048642867113813    -0.230686433451410
50 19
    -0.026877338996201     0.010440718779137     0.040986281237565
    -0.010440718779137     0.003309412613817    -0.010440718779137
     0.040986281237565     0.010440718779137    -0.026877338996201
50 20
    -0.026877338996201     0.010440718779137    -0.040986281237565
    -0.010440718779137     0.003309412613817     0.010440718779137
    -0.040986281237565    -0.010440718779137    -0.026877338996201
50 21
    -0.230686433451410    -0.048642867113813     0.234968497534283
     0.048642867113813     0.326937544787142    -0.048642867113813
     0.234968497534282     0.048642867113813    -0.230686433451410
50 22
    -0.230686433451410    -0.048642867113813    -0.234968497534282
     0.048642867113813     0.326937544787142     0.048642867113813
    -0.234968497534283    -0.048642867113813    -0.230686433451410
50 23
    -0.026877338996201    -0.010440718779137    -0.040986281237565
     0.010440718779137     0.003309412613817    -0.010440718779137
    -0.040986281237565     0.010440718779137    -0.026877338996201
50 24
    -0.026877338996201    -0.010440718779137     0.040986281237565
     0.010440718779137     0.003309412613817     0.010440718779137
     0.040986281237565    -0.010440718779137    -0.026877338996201
50 25
    -3.322380731651720    -2.515143668279051     2.515143668279051
    -2.515143668279052    -3.322380731651718     2.515143668279051
     2.515143668279053     2.515143668279052    -3.322380731651720
50 26
     0.030353763622770    -0.037259271994117     0.037259271994117
    -0.037259271994117     0.060418029943321     0.022368424833985
     0.037259271994117     0.022368424833985     0.060418029943321
50 27
     0.060418029943321    -0.037259271994117     0.022368424833985
    -0.037259271994117     0.030353763622770     0.037259271994117
     0.022368424833985     0.037259271994117     0.060418029943321
50 28
    -0.025183232673953    -0.029356550294324     0.040372017974732
    -0.029356550294324    -0.025183232673953     0.040372017974732
     0.040372017974732     0.040372017974732    -0.104555772804815
50 29
     0.060418029943321    -0.022368424833985     0.037259271994117
    -0.022368424833985     0.060418029943321     0.037259271994117
     0.037259271994117     0.037259271994117     0.030353763622770
50 30
    -0.025183232673953    -0.040372017974732     0.029356550294324
    -0.040372017974732    -0.104555772804815     0.040372017974732
     0.029356550294324     0.040372017974732    -0.025183232673953
50 31
    -0.104555772804815    -0.040372017974732     0.040372017974732
    -0.040372017974732    -0.025183232673953     0.029356550294324
     0.040372017974732     0.029356550294324    -0.025183232673953
50 32
     0.005425711287899    -0.007810478928150     0.007810478928150
    -0.007810478928150     0.005425711287899     0.007810478928150
     0.007810478928150     0.007810478928150     0.005425711287899
50 33
     0.003309412613817    -0.010440718779137    -0.010440718779137
     0.010440718779137    -0.026877338996201     0.040986281237565
     0.010440718779137     0.040986281237565    -0.026877338996201
50 34
     0.326937544787142    -0.048642867113813    -0.048642867113813
     0.048642867113813    -0.230686433451410    -0.234968497534282
     0.048642867113813    -0.234968497534283    -0.230686433451410
50 35
     0.003309412613817    -0.010440718779137     0.010440718779137
     0.010440718779137    -0.026877338996201    -0.040986281237565
    -0.010440718779137    -0.040986281237565    -0.026877338996201
50 36
     0.326937544787143    -0.048642867113813     0.048642867113813
     0.048642867113813    -0.230686433451410     0.234968497534282
    -0.048642867113813     0.234968497534283    -0.230686433451410
50 37
     0.003309412613817     0.010440718779137    -0.010440718779137
    -0.010440718779137    -0.026877338996201    -0.040986281237565
     0.010440718779137    -0.040986281237565    -0.026877338996201
50 38
     0.326937544787143     0.048642867113813    -0.048642867113813
    -0.048642867113813    -0.230686433451410     0.234968497534282
     0.048642867113813     0.234968497534282    -0.230686433451410
50 39
     0.003309412613817     0.010440718779137     0.010440718779137
    -0.010440718779137    -0.026877338996201     0.040986281237565
    -0.010440718779137     0.040986281237565    -0.026877338996201
50 40
     0.326937544787143     0.048642867113813     0.048642867113813
    -0.048642867113813    -0.230686433451410    -0.234968497534282
    -0.048642867113813    -0.234968497534282    -0.230686433451410
50 41
     0.030353763622770    -0.037259271994117    -0.037259271994117
    -0.037259271994117     0.060418029943321    -0.022368424833985
    -0.037259271994117    -0.022368424833985     0.060418029943321
50 42
    -3.322380731651718    -2.515143668279051    -2.515143668279052
    -2.515143668279051    -3.322380731651718    -2.515143668279052
    -2.515143668279052    -2.515143668279052    -3.322380731651720
50 43
    -0.025183232673953    -0.029356550294324    -0.040372017974732
    -0.029356550294324    -0.025183232673953    -0.040372017974732
    -0.040372017974732    -0.040372017974732    -0.104555772804815
50 44
     0.060418029943321    -0.037259271994117    -0.022368424833985
    -0.037259271994117     0.030353763622770    -0.037259271994117
    -0.022368424833985    -0.037259271994117     0.060418029943321
50 45
    -0.025183232673953    -0.040372017974732    -0.029356550294324
    -0.040372017974732    -0.104555772804815    -0.040372017974732
    -0.029356550294324    -0.040372017974732    -0.025183232673953
50 46
     0.060418029943321    -0.022368424833985    -0.037259271994117
    -0.022368424833985     0.060418029943321    -0.037259271994117
    -0.037259271994117    -0.037259271994117     0.030353763622770
50 47
     0.005425711287899    -0.007810478928150    -0.007810478928150
    -0.007810478928150     0.005425711287899    -0.007810478928150
    -0.007810478928150    -0.007810478928150     0.005425711287899
50 48
    -0.104555772804815    -0.040372017974732    -0.040372017974732
    -0.040372017974732    -0.025183232673953    -0.029356550294324
    -0.040372017974732    -0.029356550294324    -0.025183232673953
50 49
    -0.067616379192259     0.000000000000000    -0.000000000000000
     0.000000000000000    -0.063411041583095     0.000000000000000
     0.000000000000000    -0.000000000000000    -0.063411041583095
50 50
    14.036572029044686    -0.000000000000000    -0.000000000000000
    -0.000000000000000    14.036572029044686     0.000000000000000
    -0.000000000000000     0.000000000000000    14.036572029044692
50 51
    -0.002013487346630    -0.000000000000000     0.000000000000000
     0.000000000000000    -0.002013487346630     0.000000000000000
    -0.000000000000000     0.000000000000000     0.192951181134049
50 52
    -0.063411041583095    -0.000000000000000     0.000000000000000
     0.000000000000000    -0.067616379192259     0.000000000000000
    -0.000000000000000    -0.000000000000000    -0.063411041583095
50 53
    -0.002013487346630    -0.000000000000000    -0.000000000000000
     0.000000000000000     0.192951181134049     0.000000000000000
    -0.000000000000000     0.000000000000000    -0.002013487346630
50 54
    -0.063411041583095    -0.000000000000000    -0.000000000000000
     0.000000000000000    -0.063411041583095     0.000000000000000
     0.000000000000000     0.000000000000000    -0.067616379192259
50 55
    -0.008785683121459    -0.000000000000000     0.000000000000000
     0.000000000000000    -0.008785683121459     0.000000000000000
    -0.000000000000000    -0.000000000000000    -0.008785683121460
50 56
     0.192951181134049     0.000000000000000     0.000000000000000
     0.000000000000000    -0.002013487346630     0.000000000000000
    -0.000000000000000     0.000000000000000    -0.002013487346630
50 57
     0.030353763622770     0.037259271994117     0.037259271994117
     0.037259271994117     0.060418029943321    -0.022368424833985
     0.037259271994117    -0.022368424833985     0.060418029943321
50 58
    -3.322380731651718     2.515143668279051     2.515143668279052
     2.515143668279051    -3.322380731651718    -2.515143668279052
     2.515143668279052    -2.515143668279052    -3.322380731651720
50 59
    -0.025183232673953     0.029356550294324     0.040372017974732
     0.029356550294324    -0.025183232673953    -0.040372017974732
     0.040372017974732    -0.040372017974732    -0.104555772804815
50 60
     0.060418029943321     0.037259271994117     0.022368424833985
     0.037259271994117     0.030353763622770    -0.037259271994117
     0.022368424833985    -0.037259271994117     0.060418029943321
50 61
    -0.025183232673953     0.040372017974732     0.029356550294324
     0.040372017974732    -0.104555772804815    -0.040372017974732
     0.029356550294324    -0.040372017974732    -0.025183232673953
50 62
     0.060418029943321     0.022368424833985     0.037259271994117
     0.022368424833985     0.060418029943321    -0.037259271994117
     0.037259271994117    -0.037259271994117     0.030353763622770
50 63
     0.005425711287899     0.007810478928150     0.007810478928150
     0.007810478928150     0.005425711287899    -0.007810478928150
     0.007810478928150    -0.007810478928150     0.005425711287899
50 64
    -0.104555772804815     0.040372017974732     0.040372017974732
     0.040372017974732    -0.025183232673953    -0.029356550294324
     0.040372017974732    -0.029356550294324    -0.025183232673953
51 1
    -0.230686433451410    -0.234968497534283    -0.048642867113813
    -0.234968497534283    -0.230686433451410    -0.048642867113813
     0.048642867113813     0.048642867113813     0.326937544787142
51 2
    -0.230686433451410     0.234968497534282    -0.048642867113813
     0.234968497534283    -0.230686433451410     0.048642867113813
     0.048642867113813    -0.048642867113813     0.326937544787142
51 3
    -0.230686433451410     0.234968497534283     0.048642867113813
     0.234968497534283    -0.230686433451410    -0.048642867113813
    -0.048642867113813     0.048642867113813     0.326937544787142
51 4
    -0.230686433451410    -0.234968497534282     0.048642867113813
    -0.234968497534283    -0.230686433451410     0.048642867113813
    -0.048642867113813    -0.048642867113813     0.326937544787143
51 5
    -0.026877338996201     0.040986281237565    -0.010440718779137
     0.040986281237565    -0.026877338996201    -0.010440718779137
     0.010440718779137     0.010440718779137     0.003309412613817
51 6
    -0.026877338996201    -0.040986281237565    -0.010440718779137
    -0.040986281237565    -0.026877338996201     0.010440718779137
     0.010440718779137    -0.010440718779137     0.003309412613817
51 7
    -0.026877338996201    -0.040986281237565     0.010440718779137
    -0.040986281237565    -0.026877338996201    -0.010440718779137
    -0.010440718779137     0.010440718779137     0.003309412613817
51 8
    -0.026877338996201     0.040986281237565     0.010440718779137
     0.040986281237565    -0.026877338996201     0.010440718779137
    -0.010440718779137    -0.010440718779137     0.003309412613817
51 9
    -0.025183232673953     0.029356550294324    -0.040372017974732
     0.029356550294324    -0.025183232673953     0.040372017974732
    -0.040372017974732     0.040372017974732    -0.104555772804815
51 10
     0.060418029943321     0.037259271994117    -0.022368424833985
     0.037259271994117     0.030353763622770     0.037259271994117
    -0.022368424833985     0.037259271994117     0.060418029943321
51 11
     0.030353763622770     0.037259271994117    -0.037259271994117
     0.037259271994117     0.060418029943321     0.022368424833985
    -0.037259271994117     0.022368424833985     0.060418029943321
51 12
    -3.322380731651720     2.515143668279051    -2.515143668279051
     2.515143668279053    -3.322380731651720     2.515143668279052
    -2.515143668279052     2.515143668279051    -3.322380731651718
51 13
     0.005425711287899     0.007810478928150    -0.007810478928150
     0.007810478928150     0.005425711287898     0.007810478928150
    -0.007810478928150     0.007810478928150     0.005425711287899
51 14
    -0.104555772804815     0.040372017974732    -0.040372017974732
     0.040372017974732    -0.025183232673953     0.029356550294324
    -0.040372017974732     0.029356550294324    -0.025183232673953
51 15
    -0.025183232673953     0.040372017974732    -0.029356550294324
     0.040372017974732    -0.104555772804815     0.040372017974732
    -0.029356550294324     0.040372017974732    -0.025183232673953
51 16
     0.060418029943321     0.022368424833985    -0.037259271994117
     0.022368424833985     0.060418029943321     0.037259271994117
    -0.037259271994117     0.037259271994117     0.030353763622770
51 17
    -0.026877338996201     0.010440718779137    -0.040986281237565
    -0.010440718779137     0.003309412613817     0.010440718779137
    -0.040986281237565    -0.010440718779137    -0.026877338996201
51 18
    -0.026877338996201     0.010440718779137     0.040986281237565
    -0.010440718779137     0.003309412613817    -0.010440718779137
     0.040986281237565     0.010440718779137    -0.026877338996201
51 19
    -0.230686433451410     0.048642867113813     0.234968497534282
    -0.048642867113813     0.326937544787142     0.048642867113813
     0.234968497534282    -0.048642867113813    -0.230686433451410
51 20
    -0.230686433451410     0.048642867113813    -0.234968497534282
    -0.048642867113813     0.326937544787143    -0.048642867113813
    -0.234968497534282     0.048642867113813    -0.230686433451410
51 21
    -0.026877338996201    -0.010440718779137     0.040986281237565
     0.010440718779137     0.003309412613817     0.010440718779137
     0.040986281237565    -0.010440718779137    -0.026877338996201
51 22
    -0.026877338996201    -0.010440718779137    -0.040986281237565
     0.010440718779137     0.003309412613817    -0.010440718779137
    -0.040986281237565     0.010440718779137    -0.026877338996201
51 23
    -0.230686433451410    -0.048642867113813    -0.234968497534282
     0.048642867113813     0.326937544787143     0.048642867113813
    -0.234968497534282    -0.048642867113813    -0.230686433451410
51 24
    -0.230686433451410    -0.048642867113813     0.234968497534283
     0.048642867113813     0.326937544787142    -0.048642867113813
     0.234968497534282     0.048642867113813    -0.230686433451410
51 25
    -0.025183232673953    -0.029356550294324     0.040372017974732
    -0.029356550294324    -0.025183232673953     0.040372017974732
     0.040372017974732     0.040372017974732    -0.104555772804815
51 26
     0.060418029943321    -0.037259271994117     0.022368424833985
    -0.037259271994117     0.030353763622770     0.037259271994117
     0.022368424833985     0.037259271994117     0.060418029943321
51 27
     0.030353763622770    -0.037259271994117     0.037259271994117
    -0.037259271994117     0.060418029943321     0.022368424833985
     0.037259271994117     0.022368424833985     0.060418029943321
51 28
    -3.322380731651718    -2.515143668279051     2.515143668279052
    -2.515143668279052    -3.322380731651720     2.515143668279053
     2.515143668279051     2.515143668279051    -3.322380731651720
51 29
     0.005425711287899    -0.007810478928150     0.007810478928150
    -0.007810478928150     0.005425711287898     0.007810478928150
     0.007810478928150     0.007810478928150     0.005425711287899
51 30
    -0.104555772804815    -0.040372017974732     0.040372017974732
    -0.040372017974732    -0.025183232673953     0.029356550294324
     0.040372017974732     0.029356550294324    -0.025183232673953
51 31
    -0.025183232673953    -0.040372017974732     0.029356550294324
    -0.040372017974732    -0.104555772804815     0.040372017974732
     0.029356550294324     0.040372017974732    -0.025183232673953
51 32
     0.060418029943321    -0.022368424833985     0.037259271994117
    -0.022368424833985     0.060418029943321     0.037259271994117
     0.037259271994117     0.037259271994117     0.030353763622770
51 33
     0.326937544787143    -0.048642867113813     0.048642867113813
     0.048642867113813    -0.230686433451410     0.234968497534283
    -0.048642867113813     0.234968497534282    -0.230686433451410
51 34
     0.003309412613817    -0.010440718779137     0.010440718779137
     0.010440718779137    -0.026877338996201    -0.040986281237565
    -0.010440718779137    -0.040986281237565    -0.026877338996201
51 35
     0.326937544787142    -0.048642867113813    -0.048642867113813
     0.048642867113813    -0.230686433451410    -0.234968497534283
     0.048642867113813    -0.234968497534282    -0.230686433451410
51 36
     0.003309412613817    -0.010440718779137    -0.010440718779137
     0.010440718779137    -0.026877338996201     0.040986281237565
     0.010440718779137     0.040986281237565    -0.026877338996201
51 37
     0.326937544787143     0.048642867113813     0.048642867113813
    -0.048642867113813    -0.230686433451410    -0.234968497534282
    -0.048642867113813    -0.234968497534282    -0.230686433451410
51 38
     0.003309412613817     0.010440718779137     0.010440718779137
    -0.010440718779137    -0.026877338996201     0.040986281237565
    -0.010440718779137     0.040986281237565    -0.026877338996201
51 39
     0.326937544787142     0.048642867113813    -0.048642867113813
    -0.048642867113813    -0.230686433451410     0.234968497534283
     0.048642867113813     0.234968497534282    -0.230686433451410
51 40
     0.003309412613817     0.010440718779137    -0.010440718779137
    -0.010440718779137    -0.026877338996201    -0.040986281237565
     0.010440718779137    -0.040986281237565    -0.026877338996201
51 41
     0.060418029943321    -0.037259271994117    -0.022368424833985
    -0.037259271994117     0.030353763622770    -0.037259271994117
    -0.022368424833985    -0.037259271994117     0.060418029943321
51 42
    -0.025183232673953    -0.029356550294324    -0.040372017974732
    -0.029356550294324    -0.025183232673953    -0.040372017974732
    -0.040372017974732    -0.040372017974732    -0.104555772804815
51 43
    -3.322380731651720    -2.515143668279051    -2.515143668279051
    -2.515143668279053    -3.322380731651720    -2.515143668279052
    -2.515143668279052    -2.515143668279051    -3.322380731651718
51 44
     0.030353763622770    -0.037259271994117    -0.037259271994117
    -0.037259271994117     0.060418029943321    -0.022368424833985
    -0.037259271994117    -0.022368424833985     0.060418029943321
51 45
    -0.104555772804815    -0.040372017974732    -0.040372017974732
    -0.040372017974732    -0.025183232673953    -0.029356550294324
    -0.040372017974732    -0.029356550294324    -0.025183232673953
51 46
     0.005425711287899    -0.007810478928150    -0.007810478928150
    -0.007810478928150     0.005425711287899    -0.007810478928150
    -0.007810478928150    -0.007810478928150     0.005425711287899
51 47
     0.060418029943321    -0.022368424833985    -0.037259271994117
    -0.022368424833985     0.060418029943321    -0.037259271994117
    -0.037259271994117    -0.037259271994117     0.030353763622770
51 48
    -0.025183232673953    -0.040372017974732    -0.029356550294324
    -0.040372017974732    -0.104555772804815    -0.040372017974732
    -0.029356550294324    -0.040372017974732    -0.025183232673953
51 49
    -0.063411041583095     0.000000000000000    -0.000000000000000
     0.000000000000000    -0.067616379192259     0.000000000000000
     0.000000000000000    -0.000000000000000    -0.063411041583095
51 50
    -0.002013487346630     0.000000000000000    -0.000000000000000
    -0.000000000000000    -0.002013487346630     0.000000000000000
     0.000000000000000     0.000000000000000     0.192951181134049
51 51
    14.036572029044688    -0.000000000000000     0.000000000000000
    -0.000000000000000    14.036572029044692    -0.000000000000000
     0.000000000000000    -0.000000000000000    14.036572029044690
51 52
    -0.067616379192259    -0.000000000000000     0.000000000000000
    -0.000000000000000    -0.063411041583095     0.000000000000000
     0.000000000000000     0.000000000000000    -0.063411041583095
51 53
     0.192951181134049     0.000000000000000    -0.000000000000000
     0.000000000000000    -0.002013487346630     0.000000000000000
     0.000000000000000     0.000000000000000    -0.002013487346630
51 54
    -0.008785683121459    -0.000000000000000    -0.000000000000000
     0.000000000000000    -0.008785683121459    -0.000000000000000
     0.000000000000000     0.000000000000000    -0.008785683121459
51 55
    -0.063411041583095    -0.000000000000000    -0.000000000000000
     0.000000000000000    -0.063411041583095     0.000000000000000
     0.000000000000000     0.000000000000000    -0.067616379192259
51 56
    -0.002013487346630     0.000000000000000    -0.000000000000000
    -0.000000000000000     0.192951181134049     0.000000000000000
     0.000000000000000     0.000000000000000    -0.002013487346630
51 57
     0.060418029943321     0.037259271994117     0.022368424833985
     0.037259271994117     0.030353763622770    -0.037259271994117
     0.022368424833985    -0.037259271994117     0.060418029943321
51 58
    -0.025183232673953     0.029356550294324     0.040372017974732
     0.029356550294324    -0.025183232673953    -0.040372017974732
     0.040372017974732    -0.040372017974732    -0.104555772804815
51 59
    -3.322380731651718     2.515143668279051     2.515143668279052
     2.515143668279052    -3.322380731651720    -2.515143668279053
     2.515143668279051    -2.515143668279051    -3.322380731651720
51 60
     0.030353763622770     0.037259271994117     0.037259271994117
     0.037259271994117     0.060418029943321    -0.022368424833985
     0.037259271994117    -0.022368424833985     0.060418029943321
51 61
    -0.104555772804815     0.040372017974732     0.040372017974732
     0.040372017974732    -0.025183232673953    -0.029356550294324
     0.040372017974732    -0.029356550294324    -0.025183232673953
51 62
     0.005425711287899     0.007810478928150     0.007810478928150
     0.007810478928150     0.005425711287899    -0.007810478928150
     0.007810478928150    -0.007810478928150     0.005425711287899
51 63
     0.060418029943321     0.022368424833985     0.037259271994117
     0.022368424833985     0.060418029943321    -0.037259271994117
     0.037259271994117    -0.037259271994117     0.030353763622770
51 64
    -0.025183232673953     0.040372017974732     0.029356550294324
     0.040372017974732    -0.104555772804815    -0.040372017974732
     0.029356550294324    -0.040372017974732    -0.025183232673953
52 1
    -0.230686433451410     0.234968497534283    -0.048642867113813
     0.234968497534282    -0.230686433451410     0.048642867113813
     0.048642867113813    -0.048642867113813     0.326937544787142
52 2
    -0.230686433451410    -0.234968497534282    -0.048642867113813
    -0.234968497534283    -0.230686433451410    -0.048642867113813
     0.048642867113813     0.048642867113813     0.326937544787142
52 3
    -0.230686433451410    -0.234968497534283     0.048642867113813
    -0.234968497534282    -0.230686433451410     0.048642867113813
    -0.048642867113813    -0.048642867113813     0.326937544787142
52 4
    -0.230686433451410     0.234968497534283     0.048642867113813
     0.234968497534282    -0.230686433451410    -0.048642867113813
    -0.048642867113813     0.048642867113813     0.326937544787142
52 5
    -0.026877338996201    -0.040986281237565    -0.010440718779137
    -0.040986281237565    -0.026877338996201     0.010440718779137
     0.010440718779137    -0.010440718779137     0.003309412613817
52 6
    -0.026877338996201     0.040986281237565    -0.010440718779137
     0.040986281237565    -0.026877338996201    -0.010440718779137
     0.010440718779137     0.010440718779137     0.003309412613817
52 7
    -0.026877338996201     0.040986281237565     0.010440718779137
     0.040986281237565    -0.026877338996201     0.010440718779137
    -0.010440718779137    -0.010440718779137     0.003309412613817
52 8
    -0.026877338996201    -0.040986281237565     0.010440718779137
    -0.040986281237565    -0.026877338996201    -0.010440718779137
    -0.010440718779137     0.010440718779137     0.003309412613817
52 9
     0.060418029943321     0.037259271994117    -0.022368424833985
     0.037259271994117     0.030353763622770     0.037259271994117
    -0.022368424833985     0.037259271994117     0.060418029943321
52 10
    -0.025183232673953     0.029356550294324    -0.040372017974732
     0.029356550294324    -0.025183232673953     0.040372017974732
    -0.040372017974732     0.040372017974732    -0.104555772804815
52 11
    -3.322380731651720     2.515143668279052    -2.515143668279052
     2.515143668279052    -3.322380731651718     2.515143668279051
    -2.515143668279052     2.515143668279051    -3.322380731651718
52 12
     0.030353763622770     0.037259271994117    -0.037259271994117
     0.037259271994117     0.060418029943321     0.022368424833985
    -0.037259271994117     0.022368424833985     0.060418029943321
52 13
    -0.104555772804815     0.040372017974732    -0.040372017974732
     0.040372017974732    -0.025183232673953     0.029356550294324
    -0.040372017974732     0.029356550294324    -0.025183232673953
52 14
     0.005425711287899     0.007810478928150    -0.007810478928150
     0.007810478928150     0.005425711287899     0.007810478928150
    -0.007810478928150     0.007810478928150     0.005425711287899
52 15
     0.060418029943321     0.022368424833985    -0.037259271994117
     0.022368424833985     0.060418029943321     0.037259271994117
    -0.037259271994117     0.037259271994117     0.030353763622770
52 16
    -0.025183232673953     0.040372017974732    -0.029356550294324
     0.040372017974732    -0.104555772804815     0.040372017974732
    -0.029356550294324     0.040372017974732    -0.025183232673953
52 17
    -0.026877338996201     0.010440718779137     0.040986281237565
    -0.010440718779137     0.003309412613817    -0.010440718779137
     0.040986281237565     0.010440718779137    -0.026877338996201
52 18
    -0.026877338996201     0.010440718779137    -0.040986281237565
    -0.010440718779137     0.003309412613817     0.010440718779137
    -0.040986281237565    -0.010440718779137    -0.026877338996201
52 19
    -0.230686433451410     0.048642867113813    -0.234968497534283
    -0.048642867113813     0.326937544787142    -0.048642867113813
    -0.234968497534282     0.048642867113813    -0.230686433451410
52 20
    -0.230686433451410     0.048642867113813     0.234968497534283
    -0.048642867113813     0.326937544787143     0.048642867113813
     0.234968497534282    -0.048642867113813    -0.230686433451410
52 21
    -0.026877338996201    -0.010440718779137    -0.040986281237565
     0.010440718779137     0.003309412613817    -0.010440718779137
    -0.040986281237565     0.010440718779137    -0.026877338996201
52 22
    -0.026877338996201    -0.010440718779137     0.040986281237565
     0.010440718779137     0.003309412613817     0.010440718779137
     0.040986281237565    -0.010440718779137    -0.026877338996201
52 23
    -0.230686433451410    -0.048642867113813     0.234968497534283
     0.048642867113813     0.326937544787143    -0.048642867113813
     0.234968497534282     0.048642867113813    -0.230686433451410
52 24
    -0.230686433451410    -0.048642867113813    -0.234968497534283
     0.048642867113813     0.326937544787142     0.048642867113813
    -0.234968497534282    -0.048642867113813    -0.230686433451410
52 25
     0.060418029943321    -0.037259271994117     0.022368424833985
    -0.037259271994117     0.030353763622770     0.037259271994117
     0.022368424833985     0.037259271994117     0.060418029943321
52 26
    -0.025183232673953    -0.029356550294324     0.040372017974732
    -0.029356550294324    -0.025183232673953     0.040372017974732
     0.040372017974732     0.040372017974732    -0.104555772804815
52 27
    -3.322380731651720    -2.515143668279053     2.515143668279052
    -2.515143668279051    -3.322380731651720     2.515143668279051
     2.515143668279051     2.515143668279052    -3.322380731651718
52 28
     0.030353763622770    -0.037259271994117     0.037259271994117
    -0.037259271994117     0.060418029943321     0.022368424833985
     0.037259271994117     0.022368424833985     0.060418029943321
52 29
    -0.104555772804815    -0.040372017974732     0.040372017974732
    -0.040372017974732    -0.025183232673953     0.029356550294324
     0.040372017974732     0.029356550294324    -0.025183232673953
52 30
     0.005425711287898    -0.007810478928150     0.007810478928150
    -0.007810478928150     0.005425711287899     0.007810478928150
     0.007810478928150     0.007810478928150     0.005425711287899
52 31
     0.060418029943321    -0.022368424833985     0.037259271994117
    -0.022368424833985     0.060418029943321     0.037259271994117
     0.037259271994117     0.037259271994117     0.030353763622770
52 32
    -0.025183232673953    -0.040372017974732     0.029356550294324
    -0.040372017974732    -0.104555772804815     0.040372017974732
     0.029356550294324     0.040372017974732    -0.025183232673953
52 33
     0.003309412613817    -0.010440718779137     0.010440718779137
     0.010440718779137    -0.026877338996201    -0.040986281237565
    -0.010440718779137    -0.040986281237565    -0.026877338996201
52 34
     0.326937544787143    -0.048642867113813     0.048642867113813
     0.048642867113813    -0.230686433451410     0.234968497534282
    -0.048642867113813     0.234968497534282    -0.230686433451410
52 35
     0.003309412613817    -0.010440718779137    -0.010440718779137
     0.010440718779137    -0.026877338996201     0.040986281237565
     0.010440718779137     0.040986281237565    -0.026877338996201
52 36
     0.326937544787143    -0.048642867113813    -0.048642867113813
     0.048642867113813    -0.230686433451410    -0.234968497534282
     0.048642867113813    -0.234968497534282    -0.230686433451410
52 37
     0.003309412613817     0.010440718779137     0.010440718779137
    -0.010440718779137    -0.026877338996201     0.040986281237565
    -0.010440718779137     0.040986281237565    -0.026877338996201
52 38
     0.326937544787143     0.048642867113813     0.048642867113813
    -0.048642867113813    -0.230686433451410    -0.234968497534282
    -0.048642867113813    -0.234968497534282    -0.230686433451410
52 39
     0.003309412613817     0.010440718779137    -0.010440718779137
    -0.010440718779137    -0.026877338996201    -0.040986281237565
     0.010440718779137    -0.040986281237565    -0.026877338996201
52 40
     0.326937544787143     0.048642867113813    -0.048642867113813
    -0.048642867113813    -0.230686433451410     0.234968497534282
     0.048642867113813     0.234968497534282    -0.230686433451410
52 41
    -0.025183232673953    -0.029356550294324    -0.040372017974732
    -0.029356550294324    -0.025183232673953    -0.040372017974732
    -0.040372017974732    -0.040372017974732    -0.104555772804815
52 42
     0.060418029943321    -0.037259271994117    -0.022368424833985
    -0.037259271994117     0.030353763622770    -0.037259271994117
    -0.022368424833985    -0.037259271994117     0.060418029943321
52 43
     0.030353763622770    -0.037259271994117    -0.037259271994117
    -0.037259271994117     0.060418029943321    -0.022368424833985
    -0.037259271994117    -0.022368424833985     0.060418029943321
52 44
    -3.322380731651720    -2.515143668279052    -2.515143668279052
    -2.515143668279052    -3.322380731651718    -2.515143668279051
    -2.515143668279052    -2.515143668279051    -3.322380731651718
52 45
     0.005425711287899    -0.007810478928150    -0.007810478928150
    -0.007810478928150     0.005425711287899    -0.007810478928150
    -0.007810478928150    -0.007810478928150     0.005425711287899
52 46
    -0.104555772804815    -0.040372017974732    -0.040372017974732
    -0.040372017974732    -0.025183232673953    -0.029356550294324
    -0.040372017974732    -0.029356550294324    -0.025183232673953
52 47
    -0.025183232673953    -0.040372017974732    -0.029356550294324
    -0.040372017974732    -0.104555772804815    -0.040372017974732
    -0.029356550294324    -0.040372017974732    -0.025183232673953
52 48
     0.060418029943321    -0.022368424833985    -0.037259271994117
    -0.022368424833985     0.060418029943321    -0.037259271994117
    -0.037259271994117    -0.037259271994117     0.030353763622770
52 49
    -0.002013487346630     0.000000000000000    -0.000000000000000
    -0.000000000000000    -0.002013487346630    -0.000000000000000
     0.000000000000000    -0.000000000000000     0.192951181134049
52 50
    -0.063411041583095     0.000000000000000    -0.000000000000000
    -0.000000000000000    -0.067616379192259    -0.000000000000000
     0.000000000000000     0.000000000000000    -0.063411041583095
52 51
    -0.067616379192259    -0.000000000000000     0.000000000000000
    -0.000000000000000    -0.063411041583095     0.000000000000000
     0.000000000000000     0.000000000000000    -0.063411041583095
52 52
    14.036572029044695     0.000000000000000     0.000000000000000
     0.000000000000000    14.036572029044688    -0.000000000000000
     0.000000000000000    -0.000000000000000    14.036572029044686
52 53
    -0.008785683121459    -0.000000000000000    -0.000000000000000
     0.000000000000000    -0.008785683121459     0.000000000000000
     0.000000000000000     0.000000000000000    -0.008785683121459
52 54
     0.192951181134049    -0.000000000000000    -0.000000000000000
     0.000000000000000    -0.002013487346630    -0.000000000000000
     0.000000000000000     0.000000000000000    -0.002013487346630
52 55
    -0.002013487346630    -0.000000000000000     0.000000000000000
     0.000000000000000     0.192951181134049     0.000000000000000
     0.000000000000000    -0.000000000000000    -0.002013487346630
52 56
    -0.063411041583095     0.000000000000000     0.000000000000000
    -0.000000000000000    -0.063411041583095     0.000000000000000
     0.000000000000000     0.000000000000000    -0.067616379192259
52 57
    -0.025183232673953     0.029356550294324     0.040372017974732
     0.029356550294324    -0.025183232673953    -0.040372017974732
     0.040372017974732    -0.040372017974732    -0.104555772804815
52 58
     0.060418029943321     0.037259271994117     0.022368424833985
     0.037259271994117     0.030353763622770    -0.037259271994117
     0.022368424833985    -0.037259271994117     0.060418029943321
52 59
     0.030353763622770     0.037259271994117     0.037259271994117
     0.037259271994117     0.060418029943321    -0.022368424833985
     0.037259271994117    -0.022368424833985     0.060418029943321
52 60
    -3.322380731651720     2.515143668279053     2.515143668279052
     2.515143668279051    -3.322380731651720    -2.515143668279051
     2.515143668279051    -2.515143668279052    -3.322380731651718
52 61
     0.005425711287899     0.007810478928150     0.007810478928150
     0.007810478928150     0.005425711287899    -0.007810478928150
     0.007810478928150    -0.007810478928150     0.005425711287899
52 62
    -0.104555772804815     0.040372017974732     0.040372017974732
     0.040372017974732    -0.025183232673953    -0.029356550294324
     0.040372017974732    -0.029356550294324    -0.025183232673953
52 63
    -0.025183232673953     0.040372017974732     0.029356550294324
     0.040372017974732    -0.104555772804815    -0.040372017974732
     0.029356550294324    -0.040372017974732    -0.025183232673953
52 64
     0.060418029943321     0.022368424833985     0.037259271994117
     0.022368424833985     0.060418029943321    -0.037259271994117
     0.037259271994117    -0.037259271994117     0.030353763622770
53 1
    -0.026877338996201    -0.040986281237565     0.010440718779137
    -0.040986281237565    -0.026877338996201    -0.010440718779137
    -0.010440718779137     0.010440718779137     0.003309412613817
53 2
    -0.026877338996201     0.040986281237565     0.010440718779137
     0.040986281237565    -0.026877338996201     0.010440718779137
    -0.010440718779137    -0.010440718779137     0.003309412613817
53 3
    -0.026877338996201     0.040986281237565    -0.010440718779137
     0.040986281237565    -0.026877338996201    -0.010440718779137
     0.010440718779137     0.010440718779137     0.003309412613817
53 4
    -0.026877338996201    -0.040986281237565    -0.010440718779137
    -0.040986281237565    -0.026877338996201     0.010440718779137
     0.010440718779137    -0.010440718779137     0.003309412613817
53 5
    -0.230686433451410     0.234968497534283     0.048642867113813
     0.234968497534282    -0.230686433451410    -0.048642867113813
    -0.048642867113813     0.048642867113813     0.326937544787142
53 6
    -0.230686433451410    -0.234968497534282     0.048642867113813
    -0.234968497534282    -0.230686433451410     0.048642867113813
    -0.048642867113813    -0.048642867113813     0.326937544787142
53 7
    -0.230686433451410    -0.234968497534282    -0.048642867113813
    -0.234968497534282    -0.230686433451410    -0.048642867113813
     0.048642867113813     0.048642867113813     0.326937544787142
53 8
    -0.230686433451410     0.234968497534282    -0.048642867113813
     0.234968497534283    -0.230686433451410     0.048642867113813
     0.048642867113813    -0.048642867113813     0.326937544787143
53 9
    -0.025183232673953     0.040372017974732    -0.029356550294324
     0.040372017974732    -0.104555772804815     0.040372017974732
    -0.029356550294324     0.040372017974732    -0.025183232673953
53 10
     0.060418029943321     0.022368424833985    -0.037259271994117
     0.022368424833985     0.060418029943321     0.037259271994117
    -0.037259271994117     0.037259271994117     0.030353763622770
53 11
     0.005425711287899     0.007810478928150    -0.007810478928150
     0.007810478928150     0.005425711287899     0.007810478928150
    -0.007810478928150     0.007810478928150     0.005425711287899
53 12
    -0.104555772804815     0.040372017974732    -0.040372017974732
     0.040372017974732    -0.025183232673953     0.029356550294324
    -0.040372017974732     0.029356550294324    -0.025183232673953
53 13
     0.030353763622770     0.037259271994117    -0.037259271994117
     0.037259271994117     0.060418029943321     0.022368424833985
    -0.037259271994117     0.022368424833985     0.060418029943321
53 14
    -3.322380731651720     2.515143668279051    -2.515143668279051
     2.515143668279052    -3.322380731651718     2.515143668279051
    -2.515143668279053     2.515143668279052    -3.322380731651720
53 15
    -0.025183232673953     0.029356550294324    -0.040372017974732
     0.029356550294324    -0.025183232673953     0.040372017974732
    -0.040372017974732     0.040372017974732    -0.104555772804815
53 16
     0.060418029943321     0.037259271994117    -0.022368424833985
     0.037259271994117     0.030353763622770     0.037259271994117
    -0.022368424833985     0.037259271994117     0.060418029943321
53 17
    -0.230686433451410    -0.048642867113813    -0.234968497534282
     0.048642867113813     0.326937544787143     0.048642867113813
    -0.234968497534283    -0.048642867113813    -0.230686433451410
53 18
    -0.230686433451410    -0.048642867113813     0.234968497534282
     0.048642867113813     0.326937544787142    -0.048642867113813
     0.234968497534283     0.048642867113813    -0.230686433451410
53 19
    -0.026877338996201    -0.010440718779137     0.040986281237565
     0.010440718779137     0.003309412613817     0.010440718779137
     0.040986281237565    -0.010440718779137    -0.026877338996201
53 20
    -0.026877338996201    -0.010440718779137    -0.040986281237565
     0.010440718779137     0.003309412613817    -0.010440718779137
    -0.040986281237565     0.010440718779137    -0.026877338996201
53 21
    -0.230686433451410     0.048642867113813     0.234968497534282
    -0.048642867113813     0.326937544787142     0.048642867113813
     0.234968497534282    -0.048642867113813    -0.230686433451410
53 22
    -0.230686433451410     0.048642867113813    -0.234968497534282
    -0.048642867113813     0.326937544787142    -0.048642867113813
    -0.234968497534283     0.048642867113813    -0.230686433451410
53 23
    -0.026877338996201     0.010440718779137    -0.040986281237565
    -0.010440718779137     0.003309412613817     0.010440718779137
    -0.040986281237565    -0.010440718779137    -0.026877338996201
53 24
    -0.026877338996201     0.010440718779137     0.040986281237565
    -0.010440718779137     0.003309412613817    -0.010440718779137
     0.040986281237565     0.010440718779137    -0.026877338996201
53 25
    -0.025183232673953    -0.040372017974732     0.029356550294324
    -0.040372017974732    -0.104555772804815     0.040372017974732
     0.029356550294324     0.040372017974732    -0.025183232673953
53 26
     0.060418029943321    -0.022368424833985     0.037259271994117
    -0.022368424833985     0.060418029943321     0.037259271994117
     0.037259271994117     0.037259271994117     0.030353763622770
53 27
     0.005425711287899    -0.007810478928150     0.007810478928150
    -0.007810478928150     0.005425711287899     0.007810478928150
     0.007810478928150     0.007810478928150     0.005425711287899
53 28
    -0.104555772804815    -0.040372017974732     0.040372017974732
    -0.040372017974732    -0.025183232673953     0.029356550294324
     0.040372017974732     0.029356550294324    -0.025183232673953
53 29
     0.030353763622770    -0.037259271994117     0.037259271994117
    -0.037259271994117     0.060418029943321     0.022368424833985
     0.037259271994117     0.022368424833985     0.060418029943321
53 30
    -3.322380731651720    -2.515143668279051     2.515143668279051
    -2.515143668279052    -3.322380731651718     2.515143668279051
     2.515143668279053     2.515143668279052    -3.322380731651720
53 31
    -0.025183232673953    -0.029356550294324     0.040372017974732
    -0.029356550294324    -0.025183232673953     0.040372017974732
     0.040372017974732     0.040372017974732    -0.104555772804815
53 32
     0.060418029943321    -0.037259271994117     0.022368424833985
    -0.037259271994117     0.030353763622770     0.037259271994117
     0.022368424833985     0.037259271994117     0.060418029943321
53 33
     0.326937544787143     0.048642867113813    -0.048642867113813
    -0.048642867113813    -0.230686433451410     0.234968497534283
     0.048642867113813     0.234968497534283    -0.230686433451410
53 34
     0.003309412613817     0.010440718779137    -0.010440718779137
    -0.010440718779137    -0.026877338996201    -0.040986281237565
     0.010440718779137    -0.040986281237565    -0.026877338996201
53 35
     0.326937544787142     0.048642867113813     0.048642867113813
    -0.048642867113813    -0.230686433451410    -0.234968497534282
    -0.048642867113813    -0.234968497534282    -0.230686433451410
53 36
     0.003309412613817     0.010440718779137     0.010440718779137
    -0.010440718779137    -0.026877338996201     0.040986281237565
    -0.010440718779137     0.040986281237565    -0.026877338996201
53 37
     0.326937544787143    -0.048642867113813    -0.048642867113813
     0.048642867113813    -0.230686433451410    -0.234968497534282
     0.048642867113813    -0.234968497534283    -0.230686433451410
53 38
     0.003309412613817    -0.010440718779137    -0.010440718779137
     0.010440718779137    -0.026877338996201     0.040986281237565
     0.010440718779137     0.040986281237565    -0.026877338996201
53 39
     0.326937544787142    -0.048642867113813     0.048642867113813
     0.048642867113813    -0.230686433451410     0.234968497534282
    -0.048642867113813     0.234968497534283    -0.230686433451410
53 40
     0.003309412613817    -0.010440718779137     0.010440718779137
     0.010440718779137    -0.026877338996201    -0.040986281237565
    -0.010440718779137    -0.040986281237565    -0.026877338996201
53 41
     0.060418029943321    -0.022368424833985    -0.037259271994117
    -0.022368424833985     0.060418029943321    -0.037259271994117
    -0.037259271994117    -0.037259271994117     0.030353763622770
53 42
    -0.025183232673953    -0.040372017974732    -0.029356550294324
    -0.040372017974732    -0.104555772804815    -0.040372017974732
    -0.029356550294324    -0.040372017974732    -0.025183232673953
53 43
    -0.104555772804815    -0.040372017974732    -0.040372017974732
    -0.040372017974732    -0.025183232673953    -0.029356550294324
    -0.040372017974732    -0.029356550294324    -0.025183232673953
53 44
     0.005425711287899    -0.007810478928150    -0.007810478928150
    -0.007810478928150     0.005425711287899    -0.007810478928150
    -0.007810478928150    -0.007810478928150     0.005425711287899
53 45
    -3.322380731651718    -2.515143668279052    -2.515143668279051
    -2.515143668279051    -3.322380731651720    -2.515143668279051
    -2.515143668279052    -2.515143668279053    -3.322380731651720
53 46
     0.030353763622770    -0.037259271994117    -0.037259271994117
    -0.037259271994117     0.060418029943321    -0.022368424833985
    -0.037259271994117    -0.022368424833985     0.060418029943321
53 47
     0.060418029943321    -0.037259271994117    -0.022368424833985
    -0.037259271994117     0.030353763622770    -0.037259271994117
    -0.022368424833985    -0.037259271994117     0.060418029943321
53 48
    -0.025183232673953    -0.029356550294324    -0.040372017974732
    -0.029356550294324    -0.025183232673953    -0.040372017974732
    -0.040372017974732    -0.040372017974732    -0.104555772804815
53 49
    -0.063411041583095     0.000000000000000    -0.000000000000000
     0.000000000000000    -0.063411041583095     0.000000000000000
     0.000000000000000    -0.000000000000000    -0.067616379192259
53 50
    -0.002013487346630     0.000000000000000    -0.000000000000000
    -0.000000000000000     0.192951181134049     0.000000000000000
    -0.000000000000000     0.000000000000000    -0.002013487346630
53 51
     0.192951181134049     0.000000000000000     0.000000000000000
     0.000000000000000    -0.002013487346630     0.000000000000000
    -0.000000000000000     0.000000000000000    -0.002013487346630
53 52
    -0.008785683121459     0.000000000000000     0.000000000000000
    -0.000000000000000    -0.008785683121459     0.000000000000000
    -0.000000000000000     0.000000000000000    -0.008785683121459
53 53
    14.036572029044688     0.000000000000000    -0.000000000000000
     0.000000000000000    14.036572029044686     0.000000000000001
    -0.000000000000000     0.000000000000001    14.036572029044692
53 54
    -0.067616379192259     0.000000000000000    -0.000000000000000
     0.000000000000000    -0.063411041583095    -0.000000000000000
     0.000000000000000     0.000000000000000    -0.063411041583095
53 55
    -0.063411041583095     0.000000000000000     0.000000000000000
     0.000000000000000    -0.067616379192259     0.000000000000000
    -0.000000000000000     0.000000000000000    -0.063411041583095
53 56
    -0.002013487346630     0.000000000000000    -0.000000000000000
     0.000000000000000    -0.002013487346630     0.000000000000000
    -0.000000000000000     0.000000000000000     0.192951181134049
53 57
     0.060418029943321     0.022368424833985     0.037259271994117
     0.022368424833985     0.060418029943321    -0.037259271994117
     0.037259271994117    -0.037259271994117     0.030353763622770
53 58
    -0.025183232673953     0.040372017974732     0.029356550294324
     0.040372017974732    -0.104555772804815    -0.040372017974732
     0.029356550294324    -0.040372017974732    -0.025183232673953
53 59
    -0.104555772804815     0.040372017974732     0.040372017974732
     0.040372017974732    -0.025183232673953    -0.029356550294324
     0.040372017974732    -0.029356550294324    -0.025183232673953
53 60
     0.005425711287899     0.007810478928150     0.007810478928150
     0.007810478928150     0.005425711287899    -0.007810478928150
     0.007810478928150    -0.007810478928150     0.005425711287899
53 61
    -3.322380731651718     2.515143668279051     2.515143668279052
     2.515143668279051    -3.322380731651718    -2.515143668279052
     2.515143668279052    -2.515143668279052    -3.322380731651720
53 62
     0.030353763622770     0.037259271994117     0.037259271994117
     0.037259271994117     0.060418029943321    -0.022368424833985
     0.037259271994117    -0.022368424833985     0.060418029943321
53 63
     0.060418029943321     0.037259271994117     0.022368424833985
     0.037259271994117     0.030353763622770    -0.037259271994117
     0.022368424833985    -0.037259271994117     0.060418029943321
53 64
    -0.025183232673953     0.029356550294324     0.040372017974732
     0.029356550294324    -0.025183232673953    -0.040372017974732
     0.040372017974732    -0.040372017974732    -0.104555772804815
54 1
    -0.026877338996201     0.040986281237565     0.010440718779137
     0.040986281237565    -0.026877338996201     0.010440718779137
    -0.010440718779137    -0.010440718779137     0.003309412613817
54 2
    -0.026877338996201    -0.040986281237565     0.010440718779137
    -0.040986281237565    -0.026877338996201    -0.010440718779137
    -0.010440718779137     0.010440718779137     0.003309412613817
54 3
    -0.026877338996201    -0.040986281237565    -0.010440718779137
    -0.040986281237565    -0.026877338996201     0.010440718779137
     0.010440718779137    -0.010440718779137     0.003309412613817
54 4
    -0.026877338996201     0.040986281237565    -0.010440718779137
     0.040986281237565    -0.026877338996201    -0.010440718779137
     0.010440718779137     0.010440718779137     0.003309412613817
54 5
    -0.230686433451410    -0.234968497534283     0.048642867113813
    -0.234968497534282    -0.230686433451410     0.048642867113813
    -0.048642867113813    -0.048642867113813     0.326937544787142
54 6
    -0.230686433451410     0.234968497534283     0.048642867113813
     0.234968497534282    -0.230686433451410    -0.048642867113813
    -0.048642867113813     0.048642867113813     0.326937544787142
54 7
    -0.230686433451410     0.234968497534283    -0.048642867113813
     0.234968497534282    -0.230686433451410     0.048642867113813
     0.048642867113813    -0.048642867113813     0.326937544787142
54 8
    -0.230686433451410    -0.234968497534283    -0.048642867113813
    -0.234968497534283    -0.230686433451410    -0.048642867113813
     0.048642867113813     0.048642867113813     0.326937544787142
54 9
     0.060418029943321     0.022368424833985    -0.037259271994117
     0.022368424833985     0.060418029943321     0.037259271994117
    -0.037259271994117     0.037259271994117     0.030353763622770
54 10
    -0.025183232673953     0.040372017974732    -0.029356550294324
     0.040372017974732    -0.104555772804815     0.040372017974732
    -0.029356550294324     0.040372017974732    -0.025183232673953
54 11
    -0.104555772804815     0.040372017974732    -0.040372017974732
     0.040372017974732    -0.025183232673953     0.029356550294324
    -0.040372017974732     0.029356550294324    -0.025183232673953
54 12
     0.005425711287898     0.007810478928150    -0.007810478928150
     0.007810478928150     0.005425711287899     0.007810478928150
    -0.007810478928150     0.007810478928150     0.005425711287899
54 13
    -3.322380731651720     2.515143668279053    -2.515143668279052
     2.515143668279051    -3.322380731651720     2.515143668279051
    -2.515143668279051     2.515143668279052    -3.322380731651718
54 14
     0.030353763622770     0.037259271994117    -0.037259271994117
     0.037259271994117     0.060418029943321     0.022368424833985
    -0.037259271994117     0.022368424833985     0.060418029943321
54 15
     0.060418029943321     0.037259271994117    -0.022368424833985
     0.037259271994117     0.030353763622770     0.037259271994117
    -0.022368424833985     0.037259271994117     0.060418029943321
54 16
    -0.025183232673953     0.029356550294324    -0.040372017974732
     0.029356550294324    -0.025183232673953     0.040372017974732
    -0.040372017974732     0.040372017974732    -0.104555772804815
54 17
    -0.230686433451410    -0.048642867113813     0.234968497534283
     0.048642867113813     0.326937544787143    -0.048642867113813
     0.234968497534282     0.048642867113813    -0.230686433451410
54 18
    -0.230686433451410    -0.048642867113813    -0.234968497534283
     0.048642867113813     0.326937544787142     0.048642867113813
    -0.234968497534282    -0.048642867113813    -0.230686433451410
54 19
    -0.026877338996201    -0.010440718779137    -0.040986281237565
     0.010440718779137     0.003309412613817    -0.010440718779137
    -0.040986281237565     0.010440718779137    -0.026877338996201
54 20
    -0.026877338996201    -0.010440718779137     0.040986281237565
     0.010440718779137     0.003309412613817     0.010440718779137
     0.040986281237565    -0.010440718779137    -0.026877338996201
54 21
    -0.230686433451410     0.048642867113813    -0.234968497534283
    -0.048642867113813     0.326937544787142    -0.048642867113813
    -0.234968497534282     0.048642867113813    -0.230686433451410
54 22
    -0.230686433451410     0.048642867113813     0.234968497534283
    -0.048642867113813     0.326937544787142     0.048642867113813
     0.234968497534283    -0.048642867113813    -0.230686433451410
54 23
    -0.026877338996201     0.010440718779137     0.040986281237565
    -0.010440718779137     0.003309412613817    -0.010440718779137
     0.040986281237565     0.010440718779137    -0.026877338996201
54 24
    -0.026877338996201     0.010440718779137    -0.040986281237565
    -0.010440718779137     0.003309412613817     0.010440718779137
    -0.040986281237565    -0.010440718779137    -0.026877338996201
54 25
     0.060418029943321    -0.022368424833985     0.037259271994117
    -0.022368424833985     0.060418029943321     0.037259271994117
     0.037259271994117     0.037259271994117     0.030353763622770
54 26
    -0.025183232673953    -0.040372017974732     0.029356550294324
    -0.040372017974732    -0.104555772804815     0.040372017974732
     0.029356550294324     0.040372017974732    -0.025183232673953
54 27
    -0.104555772804815    -0.040372017974732     0.040372017974732
    -0.040372017974732    -0.025183232673953     0.029356550294324
     0.040372017974732     0.029356550294324    -0.025183232673953
54 28
     0.005425711287899    -0.007810478928150     0.007810478928150
    -0.007810478928150     0.005425711287899     0.007810478928150
     0.007810478928150     0.007810478928150     0.005425711287899
54 29
    -3.322380731651720    -2.515143668279053     2.515143668279052
    -2.515143668279051    -3.322380731651720     2.515143668279051
     2.515143668279051     2.515143668279052    -3.322380731651718
54 30
     0.030353763622770    -0.037259271994117     0.037259271994117
    -0.037259271994117     0.060418029943321     0.022368424833985
     0.037259271994117     0.022368424833985     0.060418029943321
54 31
     0.060418029943321    -0.037259271994117     0.022368424833985
    -0.037259271994117     0.030353763622770     0.037259271994117
     0.022368424833985     0.037259271994117     0.060418029943321
54 32
    -0.025183232673953    -0.029356550294324     0.040372017974732
    -0.029356550294324    -0.025183232673953     0.040372017974732
     0.040372017974732     0.040372017974732    -0.104555772804815
54 33
     0.003309412613817     0.010440718779137    -0.010440718779137
    -0.010440718779137    -0.026877338996201    -0.040986281237565
     0.010440718779137    -0.040986281237565    -0.026877338996201
54 34
     0.326937544787143     0.048642867113813    -0.048642867113813
    -0.048642867113813    -0.230686433451410     0.234968497534283
     0.048642867113813     0.234968497534282    -0.230686433451410
54 35
     0.003309412613817     0.010440718779137     0.010440718779137
    -0.010440718779137    -0.026877338996201     0.040986281237565
    -0.010440718779137     0.040986281237565    -0.026877338996201
54 36
     0.326937544787143     0.048642867113813     0.048642867113813
    -0.048642867113813    -0.230686433451410    -0.234968497534282
    -0.048642867113813    -0.234968497534282    -0.230686433451410
54 37
     0.003309412613817    -0.010440718779137    -0.010440718779137
     0.010440718779137    -0.026877338996201     0.040986281237565
     0.010440718779137     0.040986281237565    -0.026877338996201
54 38
     0.326937544787143    -0.048642867113813    -0.048642867113813
     0.048642867113813    -0.230686433451410    -0.234968497534282
     0.048642867113813    -0.234968497534282    -0.230686433451410
54 39
     0.003309412613817    -0.010440718779137     0.010440718779137
     0.010440718779137    -0.026877338996201    -0.040986281237565
    -0.010440718779137    -0.040986281237565    -0.026877338996201
54 40
     0.326937544787143    -0.048642867113813     0.048642867113813
     0.048642867113813    -0.230686433451410     0.234968497534282
    -0.048642867113813     0.234968497534282    -0.230686433451410
54 41
    -0.025183232673953    -0.040372017974732    -0.029356550294324
    -0.040372017974732    -0.104555772804815    -0.040372017974732
    -0.029356550294324    -0.040372017974732    -0.025183232673953
54 42
     0.060418029943321    -0.022368424833985    -0.037259271994117
    -0.022368424833985     0.060418029943321    -0.037259271994117
    -0.037259271994117    -0.037259271994117     0.030353763622770
54 43
     0.005425711287898    -0.007810478928150    -0.007810478928150
    -0.007810478928150     0.005425711287899    -0.007810478928150
    -0.007810478928150    -0.007810478928150     0.005425711287899
54 44
    -0.104555772804815    -0.040372017974732    -0.040372017974732
    -0.040372017974732    -0.025183232673953    -0.029356550294324
    -0.040372017974732    -0.029356550294324    -0.025183232673953
54 45
     0.030353763622770    -0.037259271994117    -0.037259271994117
    -0.037259271994117     0.060418029943321    -0.022368424833985
    -0.037259271994117    -0.022368424833985     0.060418029943321
54 46
    -3.322380731651720    -2.515143668279052    -2.515143668279053
    -2.515143668279051    -3.322380731651718    -2.515143668279052
    -2.515143668279051    -2.515143668279051    -3.322380731651720
54 47
    -0.025183232673953    -0.029356550294324    -0.040372017974732
    -0.029356550294324    -0.025183232673953    -0.040372017974732
    -0.040372017974732    -0.040372017974732    -0.104555772804815
54 48
     0.060418029943321    -0.037259271994117    -0.022368424833985
    -0.037259271994117     0.030353763622770    -0.037259271994117
    -0.022368424833985    -0.037259271994117     0.060418029943321
54 49
    -0.002013487346630     0.000000000000000     0.000000000000000
    -0.000000000000000     0.192951181134049     0.000000000000000
     0.000000000000000    -0.000000000000000    -0.002013487346630
54 50
    -0.063411041583095     0.000000000000000     0.000000000000000
    -0.000000000000000    -0.063411041583095     0.000000000000000
    -0.000000000000000     0.000000000000000    -0.067616379192259
54 51
    -0.008785683121459     0.000000000000000     0.000000000000000
    -0.000000000000000    -0.008785683121459     0.000000000000000
    -0.000000000000000    -0.000000000000000    -0.008785683121459
54 52
     0.192951181134049     0.000000000000000     0.000000000000000
    -0.000000000000000    -0.002013487346630     0.000000000000000
    -0.000000000000000    -0.000000000000000    -0.002013487346630
54 53
    -0.067616379192259     0.000000000000000     0.000000000000000
     0.000000000000000    -0.063411041583095     0.000000000000000
    -0.000000000000000    -0.000000000000000    -0.063411041583095
54 54
    14.036572029044695    -0.000000000000000     0.000000000000000
    -0.000000000000000    14.036572029044688    -0.000000000000000
     0.000000000000000    -0.000000000000000    14.036572029044688
54 55
    -0.002013487346630    -0.000000000000000     0.000000000000000
     0.000000000000000    -0.002013487346630     0.000000000000000
    -0.000000000000000    -0.000000000000000     0.192951181134049
54 56
    -0.063411041583095     0.000000000000000     0.000000000000000
    -0.000000000000000    -0.067616379192259     0.000000000000000
    -0.000000000000000    -0.000000000000000    -0.063411041583095
54 57
    -0.025183232673953     0.040372017974732     0.029356550294324
     0.040372017974732    -0.104555772804815    -0.040372017974732
     0.029356550294324    -0.040372017974732    -0.025183232673953
54 58
     0.060418029943321     0.022368424833985     0.037259271994117
     0.022368424833985     0.060418029943321    -0.037259271994117
     0.037259271994117    -0.037259271994117     0.030353763622770
54 59
     0.005425711287899     0.007810478928150     0.007810478928150
     0.007810478928150     0.005425711287899    -0.007810478928150
     0.007810478928150    -0.007810478928150     0.005425711287899
54 60
    -0.104555772804815     0.040372017974732     0.040372017974732
     0.040372017974732    -0.025183232673953    -0.029356550294324
     0.040372017974732    -0.029356550294324    -0.025183232673953
54 61
     0.030353763622770     0.037259271994117     0.037259271994117
     0.037259271994117     0.060418029943321    -0.022368424833985
     0.037259271994117    -0.022368424833985     0.060418029943321
54 62
    -3.322380731651720     2.515143668279052     2.515143668279052
     2.515143668279052    -3.322380731651718    -2.515143668279051
     2.515143668279052    -2.515143668279051    -3.322380731651718
54 63
    -0.025183232673953     0.029356550294324     0.040372017974732
     0.029356550294324    -0.025183232673953    -0.040372017974732
     0.040372017974732    -0.040372017974732    -0.104555772804815
54 64
     0.060418029943321     0.037259271994117     0.022368424833985
     0.037259271994117     0.030353763622770    -0.037259271994117
     0.022368424833985    -0.037259271994117     0.060418029943321
55 1
    -0.026877338996201     0.040986281237565    -0.010440718779137
     0.040986281237565    -0.026877338996201    -0.010440718779137
     0.010440718779137     0.010440718779137     0.003309412613817
55 2
    -0.026877338996201    -0.040986281237565    -0.010440718779137
    -0.040986281237565    -0.026877338996201     0.010440718779137
     0.010440718779137    -0.010440718779137     0.003309412613817
55 3
    -0.026877338996201    -0.040986281237565     0.010440718779137
    -0.040986281237565    -0.026877338996201    -0.010440718779137
    -0.010440718779137     0.010440718779137     0.003309412613817
55 4
    -0.026877338996201     0.040986281237565     0.010440718779137
     0.040986281237565    -0.026877338996201     0.010440718779137
    -0.010440718779137    -0.010440718779137     0.003309412613817
55 5
    -0.230686433451410    -0.234968497534282    -0.048642867113813
    -0.234968497534282    -0.230686433451410    -0.048642867113813
     0.048642867113813     0.048642867113813     0.326937544787142
55 6
    -0.230686433451410     0.234968497534283    -0.048642867113813
     0.234968497534282    -0.230686433451410     0.048642867113813
     0.048642867113813    -0.048642867113813     0.326937544787142
55 7
    -0.230686433451410     0.234968497534283     0.048642867113813
     0.234968497534282    -0.230686433451410    -0.048642867113813
    -0.048642867113813     0.048642867113813     0.326937544787142
55 8
    -0.230686433451410    -0.234968497534282     0.048642867113813
    -0.234968497534283    -0.230686433451410     0.048642867113813
    -0.048642867113813    -0.048642867113813     0.326937544787143
55 9
     0.005425711287899     0.007810478928150    -0.007810478928150
     0.007810478928150     0.005425711287899     0.007810478928150
    -0.007810478928150     0.007810478928150     0.005425711287899
55 10
    -0.104555772804815     0.040372017974732    -0.040372017974732
     0.040372017974732    -0.025183232673953     0.029356550294324
    -0.040372017974732     0.029356550294324    -0.025183232673953
55 11
    -0.025183232673953     0.040372017974732    -0.029356550294324
     0.040372017974732    -0.104555772804815     0.040372017974732
    -0.029356550294324     0.040372017974732    -0.025183232673953
55 12
     0.060418029943321     0.022368424833985    -0.037259271994117
     0.022368424833985     0.060418029943321     0.037259271994117
    -0.037259271994117     0.037259271994117     0.030353763622770
55 13
    -0.025183232673953     0.029356550294324    -0.040372017974732
     0.029356550294324    -0.025183232673953     0.040372017974732
    -0.040372017974732     0.040372017974732    -0.104555772804815
55 14
     0.060418029943321     0.037259271994117    -0.022368424833985
     0.037259271994117     0.030353763622770     0.037259271994117
    -0.022368424833985     0.037259271994117     0.060418029943321
55 15
     0.030353763622770     0.037259271994117    -0.037259271994117
     0.037259271994117     0.060418029943321     0.022368424833985
    -0.037259271994117     0.022368424833985     0.060418029943321
55 16
    -3.322380731651720     2.515143668279051    -2.515143668279051
     2.515143668279052    -3.322380731651718     2.515143668279051
    -2.515143668279053     2.515143668279052    -3.322380731651720
55 17
    -0.026877338996201    -0.010440718779137     0.040986281237565
     0.010440718779137     0.003309412613817     0.010440718779137
     0.040986281237565    -0.010440718779137    -0.026877338996201
55 18
    -0.026877338996201    -0.010440718779137    -0.040986281237565
     0.010440718779137     0.003309412613817    -0.010440718779137
    -0.040986281237565     0.010440718779137    -0.026877338996201
55 19
    -0.230686433451410    -0.048642867113813    -0.234968497534283
     0.048642867113813     0.326937544787142     0.048642867113813
    -0.234968497534282    -0.048642867113813    -0.230686433451410
55 20
    -0.230686433451410    -0.048642867113813     0.234968497534282
     0.048642867113813     0.326937544787143    -0.048642867113813
     0.234968497534283     0.048642867113813    -0.230686433451410
55 21
    -0.026877338996201     0.010440718779137    -0.040986281237565
    -0.010440718779137     0.003309412613817     0.010440718779137
    -0.040986281237565    -0.010440718779137    -0.026877338996201
55 22
    -0.026877338996201     0.010440718779137     0.040986281237565
    -0.010440718779137     0.003309412613817    -0.010440718779137
     0.040986281237565     0.010440718779137    -0.026877338996201
55 23
    -0.230686433451410     0.048642867113813     0.234968497534282
    -0.048642867113813     0.326937544787143     0.048642867113813
     0.234968497534283    -0.048642867113813    -0.230686433451410
55 24
    -0.230686433451410     0.048642867113813    -0.234968497534282
    -0.048642867113813     0.326937544787142    -0.048642867113813
    -0.234968497534283     0.048642867113813    -0.230686433451410
55 25
     0.005425711287899    -0.007810478928150     0.007810478928150
    -0.007810478928150     0.005425711287899     0.007810478928150
     0.007810478928150     0.007810478928150     0.005425711287899
55 26
    -0.104555772804815    -0.040372017974732     0.040372017974732
    -0.040372017974732    -0.025183232673953     0.029356550294324
     0.040372017974732     0.029356550294324    -0.025183232673953
55 27
    -0.025183232673953    -0.040372017974732     0.029356550294324
    -0.040372017974732    -0.104555772804815     0.040372017974732
     0.029356550294324     0.040372017974732    -0.025183232673953
55 28
     0.060418029943321    -0.022368424833985     0.037259271994117
    -0.022368424833985     0.060418029943321     0.037259271994117
     0.037259271994117     0.037259271994117     0.030353763622770
55 29
    -0.025183232673953    -0.029356550294324     0.040372017974732
    -0.029356550294324    -0.025183232673953     0.040372017974732
     0.040372017974732     0.040372017974732    -0.104555772804815
55 30
     0.060418029943321    -0.037259271994117     0.022368424833985
    -0.037259271994117     0.030353763622770     0.037259271994117
     0.022368424833985     0.037259271994117     0.060418029943321
55 31
     0.030353763622770    -0.037259271994117     0.037259271994117
    -0.037259271994117     0.060418029943321     0.022368424833985
     0.037259271994117     0.022368424833985     0.060418029943321
55 32
    -3.322380731651718    -2.515143668279052     2.515143668279051
    -2.515143668279051    -3.322380731651720     2.515143668279051
     2.515143668279052     2.515143668279053    -3.322380731651720
55 33
     0.326937544787143     0.048642867113813     0.048642867113813
    -0.048642867113813    -0.230686433451410    -0.234968497534283
    -0.048642867113813    -0.234968497534282    -0.230686433451410
55 34
     0.003309412613817     0.010440718779137     0.010440718779137
    -0.010440718779137    -0.026877338996201     0.040986281237565
    -0.010440718779137     0.040986281237565    -0.026877338996201
55 35
     0.326937544787142     0.048642867113813    -0.048642867113813
    -0.048642867113813    -0.230686433451410     0.234968497534283
     0.048642867113813     0.234968497534283    -0.230686433451410
55 36
     0.003309412613817     0.010440718779137    -0.010440718779137
    -0.010440718779137    -0.026877338996201    -0.040986281237565
     0.010440718779137    -0.040986281237565    -0.026877338996201
55 37
     0.326937544787143    -0.048642867113813     0.048642867113813
     0.048642867113813    -0.230686433451410     0.234968497534282
    -0.048642867113813     0.234968497534283    -0.230686433451410
55 38
     0.003309412613817    -0.010440718779137     0.010440718779137
     0.010440718779137    -0.026877338996201    -0.040986281237565
    -0.010440718779137    -0.040986281237565    -0.026877338996201
55 39
     0.326937544787142    -0.048642867113813    -0.048642867113813
     0.048642867113813    -0.230686433451410    -0.234968497534282
     0.048642867113813    -0.234968497534283    -0.230686433451410
55 40
     0.003309412613817    -0.010440718779137    -0.010440718779137
     0.010440718779137    -0.026877338996201     0.040986281237565
     0.010440718779137     0.040986281237565    -0.026877338996201
55 41
    -0.104555772804815    -0.040372017974732    -0.040372017974732
    -0.040372017974732    -0.025183232673953    -0.029356550294324
    -0.040372017974732    -0.029356550294324    -0.025183232673953
55 42
     0.005425711287899    -0.007810478928150    -0.007810478928150
    -0.007810478928150     0.005425711287899    -0.007810478928150
    -0.007810478928150    -0.007810478928150     0.005425711287898
55 43
     0.060418029943321    -0.022368424833985    -0.037259271994117
    -0.022368424833985     0.060418029943321    -0.037259271994117
    -0.037259271994117    -0.037259271994117     0.030353763622770
55 44
    -0.025183232673953    -0.040372017974732    -0.029356550294324
    -0.040372017974732    -0.104555772804815    -0.040372017974732
    -0.029356550294324    -0.040372017974732    -0.025183232673953
55 45
     0.060418029943321    -0.037259271994117    -0.022368424833985
    -0.037259271994117     0.030353763622770    -0.037259271994117
    -0.022368424833985    -0.037259271994117     0.060418029943321
55 46
    -0.025183232673953    -0.029356550294324    -0.040372017974732
    -0.029356550294324    -0.025183232673953    -0.040372017974732
    -0.040372017974732    -0.040372017974732    -0.104555772804815
55 47
    -3.322380731651718    -2.515143668279052    -2.515143668279051
    -2.515143668279051    -3.322380731651720    -2.515143668279051
    -2.515143668279052    -2.515143668279053    -3.322380731651720
55 48
     0.030353763622770    -0.037259271994117    -0.037259271994117
    -0.037259271994117     0.060418029943321    -0.022368424833985
    -0.037259271994117    -0.022368424833985     0.060418029943321
55 49
     0.192951181134049     0.000000000000000    -0.000000000000000
    -0.000000000000000    -0.002013487346630    -0.000000000000000
     0.000000000000000    -0.000000000000000    -0.002013487346630
55 50
    -0.008785683121459     0.000000000000000    -0.000000000000000
    -0.000000000000000    -0.008785683121459    -0.000000000000000
     0.000000000000000     0.000000000000000    -0.008785683121460
55 51
    -0.063411041583095     0.000000000000000     0.000000000000000
    -0.000000000000000    -0.063411041583095     0.000000000000000
    -0.000000000000000     0.000000000000000    -0.067616379192259
55 52
    -0.002013487346630     0.000000000000000     0.000000000000000
    -0.000000000000000     0.192951181134049    -0.000000000000000
     0.000000000000000     0.000000000000000    -0.002013487346630
55 53
    -0.063411041583095     0.000000000000000    -0.000000000000000
     0.000000000000000    -0.067616379192259     0.000000000000000
     0.000000000000000     0.000000000000000    -0.063411041583095
55 54
    -0.002013487346630     0.000000000000000    -0.000000000000000
    -0.000000000000000    -0.002013487346630    -0.000000000000000
     0.000000000000000     0.000000000000000     0.192951181134049
55 55
    14.036572029044686     0.000000000000000    -0.000000000000000
     0.000000000000000    14.036572029044690     0.000000000000000
    -0.000000000000000     0.000000000000000    14.036572029044692
55 56
    -0.067616379192259     0.000000000000000     0.000000000000000
    -0.000000000000000    -0.063411041583095     0.000000000000000
    -0.000000000000000     0.000000000000000    -0.063411041583095
55 57
    -0.104555772804815     0.040372017974732     0.040372017974732
     0.040372017974732    -0.025183232673953    -0.029356550294324
     0.040372017974732    -0.029356550294324    -0.025183232673953
55 58
     0.005425711287899     0.007810478928150     0.007810478928150
     0.007810478928150     0.005425711287899    -0.007810478928150
     0.007810478928150    -0.007810478928150     0.005425711287899
55 59
     0.060418029943321     0.022368424833985     0.037259271994117
     0.022368424833985     0.060418029943321    -0.037259271994117
     0.037259271994117    -0.037259271994117     0.030353763622770
55 60
    -0.025183232673953     0.040372017974732     0.029356550294324
     0.040372017974732    -0.104555772804815    -0.040372017974732
     0.029356550294324    -0.040372017974732    -0.025183232673953
55 61
     0.060418029943321     0.037259271994117     0.022368424833985
     0.037259271994117     0.030353763622770    -0.037259271994117
     0.022368424833985    -0.037259271994117     0.060418029943321
55 62
    -0.025183232673953     0.029356550294324     0.040372017974732
     0.029356550294324    -0.025183232673953    -0.040372017974732
     0.040372017974732    -0.040372017974732    -0.104555772804815
55 63
    -3.322380731651718     2.515143668279052     2.515143668279051
     2.515143668279051    -3.322380731651720    -2.515143668279051
     2.515143668279052    -2.515143668279053    -3.322380731651720
55 64
     0.030353763622770     0.037259271994117     0.037259271994117
     0.037259271994117     0.060418029943321    -0.022368424833985
     0.037259271994117    -0.022368424833985     0.060418029943321
56 1
    -0.026877338996201    -0.040986281237565    -0.010440718779137
    -0.040986281237565    -0.026877338996201     0.010440718779137
     0.010440718779137    -0.010440718779137     0.003309412613817
56 2
    -0.026877338996201     0.040986281237565    -0.010440718779137
     0.040986281237565    -0.026877338996201    -0.010440718779137
     0.010440718779137     0.010440718779137     0.003309412613817
56 3
    -0.026877338996201     0.040986281237565     0.010440718779137
     0.040986281237565    -0.026877338996201     0.010440718779137
    -0.010440718779137    -0.010440718779137     0.003309412613817
56 4
    -0.026877338996201    -0.040986281237565     0.010440718779137
    -0.040986281237565    -0.026877338996201    -0.010440718779137
    -0.010440718779137     0.010440718779137     0.003309412613817
56 5
    -0.230686433451410     0.234968497534283    -0.048642867113813
     0.234968497534282    -0.230686433451410     0.048642867113813
     0.048642867113813    -0.048642867113813     0.326937544787142
56 6
    -0.230686433451410    -0.234968497534283    -0.048642867113813
    -0.234968497534282    -0.230686433451410    -0.048642867113813
     0.048642867113813     0.048642867113813     0.326937544787142
56 7
    -0.230686433451410    -0.234968497534282     0.048642867113813
    -0.234968497534282    -0.230686433451410     0.048642867113813
    -0.048642867113813    -0.048642867113813     0.326937544787142
56 8
    -0.230686433451410     0.234968497534282     0.048642867113813
     0.234968497534283    -0.230686433451410    -0.048642867113813
    -0.048642867113813     0.048642867113813     0.326937544787143
56 9
    -0.104555772804815     0.040372017974732    -0.040372017974732
     0.040372017974732    -0.025183232673953     0.029356550294324
    -0.040372017974732     0.029356550294324    -0.025183232673953
56 10
     0.005425711287899     0.007810478928150    -0.007810478928150
     0.007810478928150     0.005425711287899     0.007810478928150
    -0.007810478928150     0.007810478928150     0.005425711287898
56 11
     0.060418029943321     0.022368424833985    -0.037259271994117
     0.022368424833985     0.060418029943321     0.037259271994117
    -0.037259271994117     0.037259271994117     0.030353763622770
56 12
    -0.025183232673953     0.040372017974732    -0.029356550294324
     0.040372017974732    -0.104555772804815     0.040372017974732
    -0.029356550294324     0.040372017974732    -0.025183232673953
56 13
     0.060418029943321     0.037259271994117    -0.022368424833985
     0.037259271994117     0.030353763622770     0.037259271994117
    -0.022368424833985     0.037259271994117     0.060418029943321
56 14
    -0.025183232673953     0.029356550294324    -0.040372017974732
     0.029356550294324    -0.025183232673953     0.040372017974732
    -0.040372017974732     0.040372017974732    -0.104555772804815
56 15
    -3.322380731651720     2.515143668279051    -2.515143668279051
     2.515143668279052    -3.322380731651718     2.515143668279051
    -2.515143668279053     2.515143668279052    -3.322380731651720
56 16
     0.030353763622770     0.037259271994117    -0.037259271994117
     0.037259271994117     0.060418029943321     0.022368424833985
    -0.037259271994117     0.022368424833985     0.060418029943321
56 17
    -0.026877338996201    -0.010440718779137    -0.040986281237565
     0.010440718779137     0.003309412613817    -0.010440718779137
    -0.040986281237565     0.010440718779137    -0.026877338996201
56 18
    -0.026877338996201    -0.010440718779137     0.040986281237565
     0.010440718779137     0.003309412613817     0.010440718779137
     0.040986281237565    -0.010440718779137    -0.026877338996201
56 19
    -0.230686433451410    -0.048642867113813     0.234968497534282
     0.048642867113813     0.326937544787142    -0.048642867113813
     0.234968497534283     0.048642867113813    -0.230686433451410
56 20
    -0.230686433451410    -0.048642867113813    -0.234968497534282
     0.048642867113813     0.326937544787143     0.048642867113813
    -0.234968497534282    -0.048642867113813    -0.230686433451410
56 21
    -0.026877338996201     0.010440718779137     0.040986281237565
    -0.010440718779137     0.003309412613817    -0.010440718779137
     0.040986281237565     0.010440718779137    -0.026877338996201
56 22
    -0.026877338996201     0.010440718779137    -0.040986281237565
    -0.010440718779137     0.003309412613817     0.010440718779137
    -0.040986281237565    -0.010440718779137    -0.026877338996201
56 23
    -0.230686433451410     0.048642867113813    -0.234968497534282
    -0.048642867113813     0.326937544787143    -0.048642867113813
    -0.234968497534282     0.048642867113813    -0.230686433451410
56 24
    -0.230686433451410     0.048642867113813     0.234968497534283
    -0.048642867113813     0.326937544787142     0.048642867113813
     0.234968497534282    -0.048642867113813    -0.230686433451410
56 25
    -0.104555772804815    -0.040372017974732     0.040372017974732
    -0.040372017974732    -0.025183232673953     0.029356550294324
     0.040372017974732     0.029356550294324    -0.025183232673953
56 26
     0.005425711287899    -0.007810478928150     0.007810478928150
    -0.007810478928150     0.005425711287899     0.007810478928150
     0.007810478928150     0.007810478928150     0.005425711287899
56 27
     0.060418029943321    -0.022368424833985     0.037259271994117
    -0.022368424833985     0.060418029943321     0.037259271994117
     0.037259271994117     0.037259271994117     0.030353763622770
56 28
    -0.025183232673953    -0.040372017974732     0.029356550294324
    -0.040372017974732    -0.104555772804815     0.040372017974732
     0.029356550294324     0.040372017974732    -0.025183232673953
56 29
     0.060418029943321    -0.037259271994117     0.022368424833985
    -0.037259271994117     0.030353763622770     0.037259271994117
     0.022368424833985     0.037259271994117     0.060418029943321
56 30
    -0.025183232673953    -0.029356550294324     0.040372017974732
    -0.029356550294324    -0.025183232673953     0.040372017974732
     0.040372017974732     0.040372017974732    -0.104555772804815
56 31
    -3.322380731651720    -2.515143668279051     2.515143668279051
    -2.515143668279052    -3.322380731651718     2.515143668279051
     2.515143668279053     2.515143668279052    -3.322380731651720
56 32
     0.030353763622770    -0.037259271994117     0.037259271994117
    -0.037259271994117     0.060418029943321     0.022368424833985
     0.037259271994117     0.022368424833985     0.060418029943321
56 33
     0.003309412613817     0.010440718779137     0.010440718779137
    -0.010440718779137    -0.026877338996201     0.040986281237565
    -0.010440718779137     0.040986281237565    -0.026877338996201
56 34
     0.326937544787143     0.048642867113813     0.048642867113813
    -0.048642867113813    -0.230686433451410    -0.234968497534283
    -0.048642867113813    -0.234968497534282    -0.230686433451410
56 35
     0.003309412613817     0.010440718779137    -0.010440718779137
    -0.010440718779137    -0.026877338996201    -0.040986281237565
     0.010440718779137    -0.040986281237565    -0.026877338996201
56 36
     0.326937544787143     0.048642867113813    -0.048642867113813
    -0.048642867113813    -0.230686433451410     0.234968497534282
     0.048642867113813     0.234968497534283    -0.230686433451410
56 37
     0.003309412613817    -0.010440718779137     0.010440718779137
     0.010440718779137    -0.026877338996201    -0.040986281237565
    -0.010440718779137    -0.040986281237565    -0.026877338996201
56 38
     0.326937544787143    -0.048642867113813     0.048642867113813
     0.048642867113813    -0.230686433451410     0.234968497534282
    -0.048642867113813     0.234968497534283    -0.230686433451410
56 39
     0.003309412613817    -0.010440718779137    -0.010440718779137
     0.010440718779137    -0.026877338996201     0.040986281237565
     0.010440718779137     0.040986281237565    -0.026877338996201
56 40
     0.326937544787143    -0.048642867113813    -0.048642867113813
     0.048642867113813    -0.230686433451410    -0.234968497534282
     0.048642867113813    -0.234968497534282    -0.230686433451410
56 41
     0.005425711287899    -0.007810478928150    -0.007810478928150
    -0.007810478928150     0.005425711287899    -0.007810478928150
    -0.007810478928150    -0.007810478928150     0.005425711287899
56 42
    -0.104555772804815    -0.040372017974732    -0.040372017974732
    -0.040372017974732    -0.025183232673953    -0.029356550294324
    -0.040372017974732    -0.029356550294324    -0.025183232673953
56 43
    -0.025183232673953    -0.040372017974732    -0.029356550294324
    -0.040372017974732    -0.104555772804815    -0.040372017974732
    -0.029356550294324    -0.040372017974732    -0.025183232673953
56 44
     0.060418029943321    -0.022368424833985    -0.037259271994117
    -0.022368424833985     0.060418029943321    -0.037259271994117
    -0.037259271994117    -0.037259271994117     0.030353763622770
56 45
    -0.025183232673953    -0.029356550294324    -0.040372017974732
    -0.029356550294324    -0.025183232673953    -0.040372017974732
    -0.040372017974732    -0.040372017974732    -0.104555772804815
56 46
     0.060418029943321    -0.037259271994117    -0.022368424833985
    -0.037259271994117     0.030353763622770    -0.037259271994117
    -0.022368424833985    -0.037259271994117     0.060418029943321
56 47
     0.030353763622770    -0.037259271994117    -0.037259271994117
    -0.037259271994117     0.060418029943321    -0.022368424833985
    -0.037259271994117    -0.022368424833985     0.060418029943321
56 48
    -3.322380731651720    -2.515143668279051    -2.515143668279051
    -2.515143668279052    -3.322380731651718    -2.515143668279051
    -2.515143668279053    -2.515143668279052    -3.322380731651720
56 49
    -0.008785683121459     0.000000000000000    -0.000000000000000
     0.000000000000000    -0.008785683121460     0.000000000000000
     0.000000000000000    -0.000000000000000    -0.008785683121459
56 50
     0.192951181134049     0.000000000000000    -0.000000000000000
     0.000000000000000    -0.002013487346630     0.000000000000000
     0.000000000000000     0.000000000000000    -0.002013487346630
56 51
    -0.002013487346630    -0.000000000000000     0.000000000000000
     0.000000000000000     0.192951181134049     0.000000000000000
    -0.000000000000000     0.000000000000000    -0.002013487346630
56 52
    -0.063411041583095    -0.000000000000000     0.000000000000000
     0.000000000000000    -0.063411041583095     0.000000000000000
     0.000000000000000     0.000000000000000    -0.067616379192259
56 53
    -0.002013487346630     0.000000000000000    -0.000000000000000
     0.000000000000000    -0.002013487346630     0.000000000000000
    -0.000000000000000     0.000000000000000     0.192951181134049
56 54
    -0.063411041583095    -0.000000000000000    -0.000000000000000
     0.000000000000000    -0.067616379192259    -0.000000000000000
     0.000000000000000     0.000000000000000    -0.063411041583095
56 55
    -0.067616379192259    -0.000000000000000    -0.000000000000000
     0.000000000000000    -0.063411041583095     0.000000000000000
     0.000000000000000     0.000000000000000    -0.063411041583095
56 56
    14.036572029044690    -0.000000000000000     0.000000000000000
    -0.000000000000000    14.036572029044686     0.000000000000000
     0.000000000000000     0.000000000000000    14.036572029044692
56 57
     0.005425711287899     0.007810478928150     0.007810478928150
     0.007810478928150     0.005425711287899    -0.007810478928150
     0.007810478928150    -0.007810478928150     0.005425711287899
56 58
    -0.104555772804815     0.040372017974732     0.040372017974732
     0.040372017974732    -0.025183232673953    -0.029356550294324
     0.040372017974732    -0.029356550294324    -0.025183232673953
56 59
    -0.025183232673953     0.040372017974732     0.029356550294324
     0.040372017974732    -0.104555772804815    -0.040372017974732
     0.029356550294324    -0.040372017974732    -0.025183232673953
56 60
     0.060418029943321     0.022368424833985     0.037259271994117
     0.022368424833985     0.060418029943321    -0.037259271994117
     0.037259271994117    -0.037259271994117     0.030353763622770
56 61
    -0.025183232673953     0.029356550294324     0.040372017974732
     0.029356550294324    -0.025183232673953    -0.040372017974732
     0.040372017974732    -0.040372017974732    -0.104555772804815
56 62
     0.060418029943321     0.037259271994117     0.022368424833985
     0.037259271994117     0.030353763622770    -0.037259271994117
     0.022368424833985    -0.037259271994117     0.060418029943321
56 63
     0.030353763622770     0.037259271994117     0.037259271994117
     0.037259271994117     0.060418029943321    -0.022368424833985
     0.037259271994117    -0.022368424833985     0.060418029943321
56 64
    -3.322380731651718     2.515143668279051     2.515143668279052
     2.515143668279051    -3.322380731651718    -2.515143668279052
     2.515143668279052    -2.515143668279052    -3.322380731651720
57 1
    -3.322380731651720     2.515143668279053    -2.515143668279052
     2.515143668279051    -3.322380731651720     2.515143668279051
    -2.515143668279051     2.515143668279052    -3.322380731651718
57 2
     0.030353763622770     0.037259271994117    -0.037259271994117
     0.037259271994117     0.060418029943321     0.022368424833985
    -0.037259271994117     0.022368424833985     0.060418029943321
57 3
     0.060418029943321     0.037259271994117    -0.022368424833985
     0.037259271994117     0.030353763622770     0.037259271994117
    -0.022368424833985     0.037259271994117     0.060418029943321
57 4
    -0.025183232673953     0.029356550294324    -0.040372017974732
     0.029356550294324    -0.025183232673953     0.040372017974732
    -0.040372017974732     0.040372017974732    -0.104555772804815
57 5
     0.060418029943321     0.022368424833985    -0.037259271994117
     0.022368424833985     0.060418029943321     0.037259271994117
    -0.037259271994117     0.037259271994117     0.030353763622770
57 6
    -0.025183232673953     0.040372017974732    -0.029356550294324
     0.040372017974732    -0.104555772804815     0.040372017974732
    -0.029356550294324     0.040372017974732    -0.025183232673953
57 7
    -0.104555772804815     0.040372017974732    -0.040372017974732
     0.040372017974732    -0.025183232673953     0.029356550294324
    -0.040372017974732     0.029356550294324    -0.025183232673953
57 8
     0.005425711287898     0.007810478928150    -0.007810478928150
     0.007810478928150     0.005425711287899     0.007810478928150
    -0.007810478928150     0.007810478928150     0.005425711287899
57 9
    -0.230686433451410    -0.234968497534283     0.048642867113813
    -0.234968497534282    -0.230686433451410     0.048642867113813
    -0.048642867113813    -0.048642867113813     0.326937544787142
57 10
    -0.230686433451410     0.234968497534282     0.048642867113813
     0.234968497534282    -0.230686433451410    -0.048642867113813
    -0.048642867113813     0.048642867113813     0.326937544787143
57 11
    -0.230686433451410     0.234968497534282    -0.048642867113813
     0.234968497534282    -0.230686433451410     0.048642867113813
     0.048642867113813    -0.048642867113813     0.326937544787142
57 12
    -0.230686433451410    -0.234968497534283    -0.048642867113813
    -0.234968497534282    -0.230686433451410    -0.048642867113813
     0.048642867113813     0.048642867113813     0.326937544787142
57 13
    -0.026877338996201     0.040986281237565     0.010440718779137
     0.040986281237565    -0.026877338996201     0.010440718779137
    -0.010440718779137    -0.010440718779137     0.003309412613817
57 14
    -0.026877338996201    -0.040986281237565     0.010440718779137
    -0.040986281237565    -0.026877338996201    -0.010440718779137
    -0.010440718779137     0.010440718779137     0.003309412613817
57 15
    -0.026877338996201    -0.040986281237565    -0.010440718779137
    -0.040986281237565    -0.026877338996201     0.010440718779137
     0.010440718779137    -0.010440718779137     0.003309412613817
57 16
    -0.026877338996201     0.040986281237565    -0.010440718779137
     0.040986281237565    -0.026877338996201    -0.010440718779137
     0.010440718779137     0.010440718779137     0.003309412613817
57 17
    -3.322380731651720    -2.515143668279053     2.515143668279052
    -2.515143668279051    -3.322380731651720     2.515143668279051
     2.515143668279051     2.515143668279052    -3.322380731651718
57 18
     0.030353763622770    -0.037259271994117     0.037259271994117
    -0.037259271994117     0.060418029943321     0.022368424833985
     0.037259271994117     0.022368424833985     0.060418029943321
57 19
     0.060418029943321    -0.037259271994117     0.022368424833985
    -0.037259271994117     0.030353763622770     0.037259271994117
     0.022368424833985     0.037259271994117     0.060418029943321
57 20
    -0.025183232673953    -0.029356550294324     0.040372017974732
    -0.029356550294324    -0.025183232673953     0.040372017974732
     0.040372017974732     0.040372017974732    -0.104555772804815
57 21
     0.060418029943321    -0.022368424833985     0.037259271994117
    -0.022368424833985     0.060418029943321     0.037259271994117
     0.037259271994117     0.037259271994117     0.030353763622770
57 22
    -0.025183232673953    -0.040372017974732     0.029356550294324
    -0.040372017974732    -0.104555772804815     0.040372017974732
     0.029356550294324     0.040372017974732    -0.025183232673953
57 23
    -0.104555772804815    -0.040372017974732     0.040372017974732
    -0.040372017974732    -0.025183232673953     0.029356550294324
     0.040372017974732     0.029356550294324    -0.025183232673953
57 24
     0.005425711287899    -0.007810478928150     0.007810478928150
    -0.007810478928150     0.005425711287899     0.007810478928150
     0.007810478928150     0.007810478928150     0.005425711287899
57 25
    -0.230686433451410     0.048642867113813    -0.234968497534282
    -0.048642867113813     0.326937544787142    -0.048642867113813
    -0.234968497534283     0.048642867113813    -0.230686433451410
57 26
    -0.230686433451410     0.048642867113813     0.234968497534283
    -0.048642867113813     0.326937544787142     0.048642867113813
     0.234968497534283    -0.048642867113813    -0.230686433451410
57 27
    -0.026877338996201     0.010440718779137     0.040986281237565
    -0.010440718779137     0.003309412613817    -0.010440718779137
     0.040986281237565     0.010440718779137    -0.026877338996201
57 28
    -0.026877338996201     0.010440718779137    -0.040986281237565
    -0.010440718779137     0.003309412613817     0.010440718779137
    -0.040986281237565    -0.010440718779137    -0.026877338996201
57 29
    -0.230686433451410    -0.048642867113813     0.234968497534283
     0.048642867113813     0.326937544787143    -0.048642867113813
     0.234968497534282     0.048642867113813    -0.230686433451410
57 30
    -0.230686433451410    -0.048642867113813    -0.234968497534282
     0.048642867113813     0.326937544787142     0.048642867113813
    -0.234968497534283    -0.048642867113813    -0.230686433451410
57 31
    -0.026877338996201    -0.010440718779137    -0.040986281237565
     0.010440718779137     0.003309412613817    -0.010440718779137
    -0.040986281237565     0.010440718779137    -0.026877338996201
57 32
    -0.026877338996201    -0.010440718779137     0.040986281237565
     0.010440718779137     0.003309412613817     0.010440718779137
     0.040986281237565    -0.010440718779137    -0.026877338996201
57 33
    -3.322380731651720    -2.515143668279052    -2.515143668279053
    -2.515143668279051    -3.322380731651718    -2.515143668279052
    -2.515143668279051    -2.515143668279051    -3.322380731651720
57 34
     0.030353763622770    -0.037259271994117    -0.037259271994117
    -0.037259271994117     0.060418029943321    -0.022368424833985
    -0.037259271994117    -0.022368424833985     0.060418029943321
57 35
     0.060418029943321    -0.037259271994117    -0.022368424833985
    -0.037259271994117     0.030353763622770    -0.037259271994117
    -0.022368424833985    -0.037259271994117     0.060418029943321
57 36
    -0.025183232673953    -0.029356550294324    -0.040372017974732
    -0.029356550294324    -0.025183232673953    -0.040372017974732
    -0.040372017974732    -0.040372017974732    -0.104555772804815
57 37
     0.060418029943321    -0.022368424833985    -0.037259271994117
    -0.022368424833985     0.060418029943321    -0.037259271994117
    -0.037259271994117    -0.037259271994117     0.030353763622770
57 38
    -0.025183232673953    -0.040372017974732    -0.029356550294324
    -0.040372017974732    -0.104555772804815    -0.040372017974732
    -0.029356550294324    -0.040372017974732    -0.025183232673953
57 39
    -0.104555772804815    -0.040372017974732    -0.040372017974732
    -0.040372017974732    -0.025183232673953    -0.029356550294324
    -0.040372017974732    -0.029356550294324    -0.025183232673953
57 40
     0.005425711287898    -0.007810478928150    -0.007810478928150
    -0.007810478928150     0.005425711287899    -0.007810478928150
    -0.007810478928150    -0.007810478928150     0.005425711287899
57 41
     0.326937544787142    -0.048642867113813    -0.048642867113813
     0.048642867113813    -0.230686433451410    -0.234968497534282
     0.048642867113813    -0.234968497534282    -0.230686433451410
57 42
     0.003309412613817    -0.010440718779137    -0.010440718779137
     0.010440718779137    -0.026877338996201     0.040986281237565
     0.010440718779137     0.040986281237565    -0.026877338996201
57 43
     0.326937544787143    -0.048642867113813     0.048642867113813
     0.048642867113813    -0.230686433451410     0.234968497534282
    -0.048642867113813     0.234968497534282    -0.230686433451410
57 44
     0.003309412613817    -0.010440718779137     0.010440718779137
     0.010440718779137    -0.026877338996201    -0.040986281237565
    -0.010440718779137    -0.040986281237565    -0.026877338996201
57 45
     0.326937544787142     0.048642867113813    -0.048642867113813
    -0.048642867113813    -0.230686433451410     0.234968497534282
     0.048642867113813     0.234968497534283    -0.230686433451410
57 46
     0.003309412613817     0.010440718779137    -0.010440718779137
    -0.010440718779137    -0.026877338996201    -0.040986281237565
     0.010440718779137    -0.040986281237565    -0.026877338996201
57 47
     0.326937544787142     0.048642867113813     0.048642867113813
    -0.048642867113813    -0.230686433451410    -0.234968497534282
    -0.048642867113813    -0.234968497534283    -0.230686433451410
57 48
     0.003309412613817     0.010440718779137     0.010440718779137
    -0.010440718779137    -0.026877338996201     0.040986281237565
    -0.010440718779137     0.040986281237565    -0.026877338996201
57 49
    -3.322380731651720     2.515143668279053     2.515143668279052
     2.515143668279051    -3.322380731651720    -2.515143668279051
     2.515143668279051    -2.515143668279052    -3.322380731651718
57 50
     0.030353763622770     0.037259271994117     0.037259271994117
     0.037259271994117     0.060418029943321    -0.022368424833985
     0.037259271994117    -0.022368424833985     0.060418029943321
57 51
     0.060418029943321     0.037259271994117     0.022368424833985
     0.037259271994117     0.030353763622770    -0.037259271994117
     0.022368424833985    -0.037259271994117     0.060418029943321
57 52
    -0.025183232673953     0.029356550294324     0.040372017974732
     0.029356550294324    -0.025183232673953    -0.040372017974732
     0.040372017974732    -0.040372017974732    -0.104555772804815
57 53
     0.060418029943321     0.022368424833985     0.037259271994117
     0.022368424833985     0.060418029943321    -0.037259271994117
     0.037259271994117    -0.037259271994117     0.030353763622770
57 54
    -0.025183232673953     0.040372017974732     0.029356550294324
     0.040372017974732    -0.104555772804815    -0.040372017974732
     0.029356550294324    -0.040372017974732    -0.025183232673953
57 55
    -0.104555772804815     0.040372017974732     0.040372017974732
     0.040372017974732    -0.025183232673953    -0.029356550294324
     0.040372017974732    -0.029356550294324    -0.025183232673953
57 56
     0.005425711287899     0.007810478928150     0.007810478928150
     0.007810478928150     0.005425711287899    -0.007810478928150
     0.007810478928150    -0.007810478928150     0.005425711287899
57 57
    14.036572029044692    -0.000000000000000     0.000000000000000
    -0.000000000000000    14.036572029044690    -0.000000000000000
     0.000000000000000    -0.000000000000000    14.036572029044686
57 58
    -0.067616379192259    -0.000000000000000     0.000000000000000
     0.000000000000000    -0.063411041583095     0.000000000000000
    -0.000000000000000    -0.000000000000000    -0.063411041583095
57 59
    -0.063411041583095    -0.000000000000000     0.000000000000000
    -0.000000000000000    -0.067616379192259     0.000000000000000
     0.000000000000000    -0.000000000000000    -0.063411041583095
57 60
    -0.002013487346630    -0.000000000000000     0.000000000000000
     0.000000000000000    -0.002013487346630    -0.000000000000000
     0.000000000000000    -0.000000000000000     0.192951181134049
57 61
    -0.063411041583095    -0.000000000000000     0.000000000000000
     0.000000000000000    -0.063411041583095     0.000000000000000
    -0.000000000000000    -0.000000000000000    -0.067616379192259
57 62
    -0.002013487346631     0.000000000000000    -0.000000000000000
    -0.000000000000000     0.192951181134049    -0.000000000000000
     0.000000000000000    -0.000000000000000    -0.002013487346630
57 63
     0.192951181134049    -0.000000000000000     0.000000000000000
     0.000000000000000    -0.002013487346630    -0.000000000000000
    -0.000000000000000    -0.000000000000000    -0.002013487346630
57 64
    -0.008785683121459    -0.000000000000000     0.000000000000000
     0.000000000000000    -0.008785683121459     0.000000000000000
    -0.000000000000000    -0.000000000000000    -0.008785683121459
58 1
     0.030353763622770     0.037259271994117    -0.037259271994117
     0.037259271994117     0.060418029943321     0.022368424833985
    -0.037259271994117     0.022368424833985     0.060418029943321
58 2
    -3.322380731651720     2.515143668279051    -2.515143668279051
     2.515143668279052    -3.322380731651718     2.515143668279051
    -2.515143668279053     2.515143668279052    -3.322380731651720
58 3
    -0.025183232673953     0.029356550294324    -0.040372017974732
     0.029356550294324    -0.025183232673953     0.040372017974732
    -0.040372017974732     0.040372017974732    -0.104555772804815
58 4
     0.060418029943321     0.037259271994117    -0.022368424833985
     0.037259271994117     0.030353763622770     0.037259271994117
    -0.022368424833985     0.037259271994117     0.060418029943321
58 5
    -0.025183232673953     0.040372017974732    -0.029356550294324
     0.040372017974732    -0.104555772804815     0.040372017974732
    -0.029356550294324     0.040372017974732    -0.025183232673953
58 6
     0.060418029943321     0.022368424833985    -0.037259271994117
     0.022368424833985     0.060418029943321     0.037259271994117
    -0.037259271994117     0.037259271994117     0.030353763622770
58 7
     0.005425711287899     0.007810478928150    -0.007810478928150
     0.007810478928150     0.005425711287899     0.007810478928150
    -0.007810478928150     0.007810478928150     0.005425711287899
58 8
    -0.104555772804815     0.040372017974732    -0.040372017974732
     0.040372017974732    -0.025183232673953     0.029356550294324
    -0.040372017974732     0.029356550294324    -0.025183232673953
58 9
    -0.230686433451410     0.234968497534283     0.048642867113813
     0.234968497534282    -0.230686433451410    -0.048642867113813
    -0.048642867113813     0.048642867113813     0.326937544787143
58 10
    -0.230686433451410    -0.234968497534282     0.048642867113813
    -0.234968497534282    -0.230686433451410     0.048642867113813
    -0.048642867113813    -0.048642867113813     0.326937544787143
58 11
    -0.230686433451410    -0.234968497534282    -0.048642867113813
    -0.234968497534283    -0.230686433451410    -0.048642867113813
     0.048642867113813     0.048642867113813     0.326937544787143
58 12
    -0.230686433451410     0.234968497534282    -0.048642867113813
     0.234968497534283    -0.230686433451410     0.048642867113813
     0.048642867113813    -0.048642867113813     0.326937544787143
58 13
    -0.026877338996201    -0.040986281237565     0.010440718779137
    -0.040986281237565    -0.026877338996201    -0.010440718779137
    -0.010440718779137     0.010440718779137     0.003309412613817
58 14
    -0.026877338996201     0.040986281237565     0.010440718779137
     0.040986281237565    -0.026877338996201     0.010440718779137
    -0.010440718779137    -0.010440718779137     0.003309412613817
58 15
    -0.026877338996201     0.040986281237565    -0.010440718779137
     0.040986281237565    -0.026877338996201    -0.010440718779137
     0.010440718779137     0.010440718779137     0.003309412613817
58 16
    -0.026877338996201    -0.040986281237565    -0.010440718779137
    -0.040986281237565    -0.026877338996201     0.010440718779137
     0.010440718779137    -0.010440718779137     0.003309412613817
58 17
     0.030353763622770    -0.037259271994117     0.037259271994117
    -0.037259271994117     0.060418029943321     0.022368424833985
     0.037259271994117     0.022368424833985     0.060418029943321
58 18
    -3.322380731651718    -2.515143668279051     2.515143668279052
    -2.515143668279051    -3.322380731651718     2.515143668279052
     2.515143668279052     2.515143668279052    -3.322380731651720
58 19
    -0.025183232673953    -0.029356550294324     0.040372017974732
    -0.029356550294324    -0.025183232673953     0.040372017974732
     0.040372017974732     0.040372017974732    -0.104555772804815
58 20
     0.060418029943321    -0.037259271994117     0.022368424833985
    -0.037259271994117     0.030353763622770     0.037259271994117
     0.022368424833985     0.037259271994117     0.060418029943321
58 21
    -0.025183232673953    -0.040372017974732     0.029356550294324
    -0.040372017974732    -0.104555772804815     0.040372017974732
     0.029356550294324     0.040372017974732    -0.025183232673953
58 22
     0.060418029943321    -0.022368424833985     0.037259271994117
    -0.022368424833985     0.060418029943321     0.037259271994117
     0.037259271994117     0.037259271994117     0.030353763622770
58 23
     0.005425711287899    -0.007810478928150     0.007810478928150
    -0.007810478928150     0.005425711287899     0.007810478928150
     0.007810478928150     0.007810478928150     0.005425711287899
58 24
    -0.104555772804815    -0.040372017974732     0.040372017974732
    -0.040372017974732    -0.025183232673953     0.029356550294324
     0.040372017974732     0.029356550294324    -0.025183232673953
58 25
    -0.230686433451410     0.048642867113813     0.234968497534282
    -0.048642867113813     0.326937544787142     0.048642867113813
     0.234968497534283    -0.048642867113813    -0.230686433451410
58 26
    -0.230686433451410     0.048642867113813    -0.234968497534282
    -0.048642867113813     0.326937544787142    -0.048642867113813
    -0.234968497534283     0.048642867113813    -0.230686433451410
58 27
    -0.026877338996201     0.010440718779137    -0.040986281237565
    -0.010440718779137     0.003309412613817     0.010440718779137
    -0.040986281237565    -0.010440718779137    -0.026877338996201
58 28
    -0.026877338996201     0.010440718779137     0.040986281237565
    -0.010440718779137     0.003309412613817    -0.010440718779137
     0.040986281237565     0.010440718779137    -0.026877338996201
58 29
    -0.230686433451410    -0.048642867113813    -0.234968497534282
     0.048642867113813     0.326937544787142     0.048642867113813
    -0.234968497534282    -0.048642867113813    -0.230686433451410
58 30
    -0.230686433451410    -0.048642867113813     0.234968497534282
     0.048642867113813     0.326937544787142    -0.048642867113813
     0.234968497534283     0.048642867113813    -0.230686433451410
58 31
    -0.026877338996201    -0.010440718779137     0.040986281237565
     0.010440718779137     0.003309412613817     0.010440718779137
     0.040986281237565    -0.010440718779137    -0.026877338996201
58 32
    -0.026877338996201    -0.010440718779137    -0.040986281237565
     0.010440718779137     0.003309412613817    -0.010440718779137
    -0.040986281237565     0.010440718779137    -0.026877338996201
58 33
     0.030353763622770    -0.037259271994117    -0.037259271994117
    -0.037259271994117     0.060418029943321    -0.022368424833985
    -0.037259271994117    -0.022368424833985     0.060418029943321
58 34
    -3.322380731651718    -2.515143668279051    -2.515143668279052
    -2.515143668279051    -3.322380731651718    -2.515143668279052
    -2.515143668279052    -2.515143668279052    -3.322380731651720
58 35
    -0.025183232673953    -0.029356550294324    -0.040372017974732
    -0.029356550294324    -0.025183232673953    -0.040372017974732
    -0.040372017974732    -0.040372017974732    -0.104555772804815
58 36
     0.060418029943321    -0.037259271994117    -0.022368424833985
    -0.037259271994117     0.030353763622770    -0.037259271994117
    -0.022368424833985    -0.037259271994117     0.060418029943321
58 37
    -0.025183232673953    -0.040372017974732    -0.029356550294324
    -0.040372017974732    -0.104555772804815    -0.040372017974732
    -0.029356550294324    -0.040372017974732    -0.025183232673953
58 38
     0.060418029943321    -0.022368424833985    -0.037259271994117
    -0.022368424833985     0.060418029943321    -0.037259271994117
    -0.037259271994117    -0.037259271994117     0.030353763622770
58 39
     0.005425711287899    -0.007810478928150    -0.007810478928150
    -0.007810478928150     0.005425711287899    -0.007810478928150
    -0.007810478928150    -0.007810478928150     0.005425711287899
58 40
    -0.104555772804815    -0.040372017974732    -0.040372017974732
    -0.040372017974732    -0.025183232673953    -0.029356550294324
    -0.040372017974732    -0.029356550294324    -0.025183232673953
58 41
     0.003309412613817    -0.010440718779137    -0.010440718779137
     0.010440718779137    -0.026877338996201     0.040986281237565
     0.010440718779137     0.040986281237565    -0.026877338996201
58 42
     0.326937544787143    -0.048642867113813    -0.048642867113813
     0.048642867113813    -0.230686433451410    -0.234968497534282
     0.048642867113813    -0.234968497534282    -0.230686433451410
58 43
     0.003309412613817    -0.010440718779137     0.010440718779137
     0.010440718779137    -0.026877338996201    -0.040986281237565
    -0.010440718779137    -0.040986281237565    -0.026877338996201
58 44
     0.326937544787143    -0.048642867113813     0.048642867113813
     0.048642867113813    -0.230686433451410     0.234968497534282
    -0.048642867113813     0.234968497534282    -0.230686433451410
58 45
     0.003309412613817     0.010440718779137    -0.010440718779137
    -0.010440718779137    -0.026877338996201    -0.040986281237565
     0.010440718779137    -0.040986281237565    -0.026877338996201
58 46
     0.326937544787143     0.048642867113813    -0.048642867113813
    -0.048642867113813    -0.230686433451410     0.234968497534283
     0.048642867113813     0.234968497534282    -0.230686433451410
58 47
     0.003309412613817     0.010440718779137     0.010440718779137
    -0.010440718779137    -0.026877338996201     0.040986281237565
    -0.010440718779137     0.040986281237565    -0.026877338996201
58 48
     0.326937544787143     0.048642867113813     0.048642867113813
    -0.048642867113813    -0.230686433451410    -0.234968497534282
    -0.048642867113813    -0.234968497534282    -0.230686433451410
58 49
     0.030353763622770     0.037259271994117     0.037259271994117
     0.037259271994117     0.060418029943321    -0.022368424833985
     0.037259271994117    -0.022368424833985     0.060418029943321
58 50
    -3.322380731651718     2.515143668279051     2.515143668279052
     2.515143668279051    -3.322380731651718    -2.515143668279052
     2.515143668279052    -2.515143668279052    -3.322380731651720
58 51
    -0.025183232673953     0.029356550294324     0.040372017974732
     0.029356550294324    -0.025183232673953    -0.040372017974732
     0.040372017974732    -0.040372017974732    -0.104555772804815
58 52
     0.060418029943321     0.037259271994117     0.022368424833985
     0.037259271994117     0.030353763622770    -0.037259271994117
     0.022368424833985    -0.037259271994117     0.060418029943321
58 53
    -0.025183232673953     0.040372017974732     0.029356550294324
     0.040372017974732    -0.104555772804815    -0.040372017974732
     0.029356550294324    -0.040372017974732    -0.025183232673953
58 54
     0.060418029943321     0.022368424833985     0.037259271994117
     0.022368424833985     0.060418029943321    -0.037259271994117
     0.037259271994117    -0.037259271994117     0.030353763622770
58 55
     0.005425711287899     0.007810478928150     0.007810478928150
     0.007810478928150     0.005425711287899    -0.007810478928150
     0.007810478928150    -0.007810478928150     0.005425711287899
58 56
    -0.104555772804815     0.040372017974732     0.040372017974732
     0.040372017974732    -0.025183232673953    -0.029356550294324
     0.040372017974732    -0.029356550294324    -0.025183232673953
58 57
    -0.067616379192259     0.000000000000000    -0.000000000000000
    -0.000000000000000    -0.063411041583095    -0.000000000000000
     0.000000000000000     0.000000000000000    -0.063411041583095
58 58
    14.036572029044686    -0.000000000000000     0.000000000000000
    -0.000000000000000    14.036572029044684     0.000000000000000
     0.000000000000000     0.000000000000000    14.036572029044695
58 59
    -0.002013487346630     0.000000000000000    -0.000000000000000
    -0.000000000000000    -0.002013487346630     0.000000000000000
     0.000000000000000    -0.000000000000000     0.192951181134049
58 60
    -0.063411041583095    -0.000000000000000    -0.000000000000000
     0.000000000000000    -0.067616379192259    -0.000000000000000
     0.000000000000000    -0.000000000000000    -0.063411041583095
58 61
    -0.002013487346630     0.000000000000000    -0.000000000000000
    -0.000000000000000     0.192951181134049     0.000000000000000
    -0.000000000000000    -0.000000000000000    -0.002013487346630
58 62
    -0.063411041583095     0.000000000000000    -0.000000000000000
    -0.000000000000000    -0.063411041583095    -0.000000000000000
     0.000000000000000    -0.000000000000000    -0.067616379192259
58 63
    -0.008785683121459    -0.000000000000000    -0.000000000000000
    -0.000000000000000    -0.008785683121459    -0.000000000000000
    -0.000000000000000     0.000000000000000    -0.008785683121459
58 64
     0.192951181134049     0.000000000000000     0.000000000000000
    -0.000000000000000    -0.002013487346630     0.000000000000000
    -0.000000000000000    -0.000000000000000    -0.002013487346630
59 1
     0.060418029943321     0.037259271994117    -0.022368424833985
     0.037259271994117     0.030353763622770     0.037259271994117
    -0.022368424833985     0.037259271994117     0.060418029943321
59 2
    -0.025183232673953     0.029356550294324    -0.040372017974732
     0.029356550294324    -0.025183232673953     0.040372017974732
    -0.040372017974732     0.040372017974732    -0.104555772804815
59 3
    -3.322380731651718     2.515143668279052    -2.515143668279051
     2.515143668279051    -3.322380731651720     2.515143668279051
    -2.515143668279052     2.515143668279053    -3.322380731651720
59 4
     0.030353763622770     0.037259271994117    -0.037259271994117
     0.037259271994117     0.060418029943321     0.022368424833985
    -0.037259271994117     0.022368424833985     0.060418029943321
59 5
    -0.104555772804815     0.040372017974732    -0.040372017974732
     0.040372017974732    -0.025183232673953     0.029356550294324
    -0.040372017974732     0.029356550294324    -0.025183232673953
59 6
     0.005425711287899     0.007810478928150    -0.007810478928150
     0.007810478928150     0.005425711287899     0.007810478928150
    -0.007810478928150     0.007810478928150     0.005425711287899
59 7
     0.060418029943321     0.022368424833985    -0.037259271994117
     0.022368424833985     0.060418029943321     0.037259271994117
    -0.037259271994117     0.037259271994117     0.030353763622770
59 8
    -0.025183232673953     0.040372017974732    -0.029356550294324
     0.040372017974732    -0.104555772804815     0.040372017974732
    -0.029356550294324     0.040372017974732    -0.025183232673953
59 9
    -0.230686433451410     0.234968497534283    -0.048642867113813
     0.234968497534282    -0.230686433451410     0.048642867113813
     0.048642867113813    -0.048642867113813     0.326937544787142
59 10
    -0.230686433451410    -0.234968497534282    -0.048642867113813
    -0.234968497534282    -0.230686433451410    -0.048642867113813
     0.048642867113813     0.048642867113813     0.326937544787143
59 11
    -0.230686433451410    -0.234968497534282     0.048642867113813
    -0.234968497534283    -0.230686433451410     0.048642867113813
    -0.048642867113813    -0.048642867113813     0.326937544787143
59 12
    -0.230686433451410     0.234968497534282     0.048642867113813
     0.234968497534283    -0.230686433451410    -0.048642867113813
    -0.048642867113813     0.048642867113813     0.326937544787142
59 13
    -0.026877338996201    -0.040986281237565    -0.010440718779137
    -0.040986281237565    -0.026877338996201     0.010440718779137
     0.010440718779137    -0.010440718779137     0.003309412613817
59 14
    -0.026877338996201     0.040986281237565    -0.010440718779137
     0.040986281237565    -0.026877338996201    -0.010440718779137
     0.010440718779137     0.010440718779137     0.003309412613817
59 15
    -0.026877338996201     0.040986281237565     0.010440718779137
     0.040986281237565    -0.026877338996201     0.010440718779137
    -0.010440718779137    -0.010440718779137     0.003309412613817
59 16
    -0.026877338996201    -0.040986281237565     0.010440718779137
    -0.040986281237565    -0.026877338996201    -0.010440718779137
    -0.010440718779137     0.010440718779137     0.003309412613817
59 17
     0.060418029943321    -0.037259271994117     0.022368424833985
    -0.037259271994117     0.030353763622770     0.037259271994117
     0.022368424833985     0.037259271994117     0.060418029943321
59 18
    -0.025183232673953    -0.029356550294324     0.040372017974732
    -0.029356550294324    -0.025183232673953     0.040372017974732
     0.040372017974732     0.040372017974732    -0.104555772804815
59 19
    -3.322380731651718    -2.515143668279051     2.515143668279052
    -2.515143668279051    -3.322380731651718     2.515143668279052
     2.515143668279052     2.515143668279052    -3.322380731651720
59 20
     0.030353763622770    -0.037259271994117     0.037259271994117
    -0.037259271994117     0.060418029943321     0.022368424833985
     0.037259271994117     0.022368424833985     0.060418029943321
59 21
    -0.104555772804815    -0.040372017974732     0.040372017974732
    -0.040372017974732    -0.025183232673953     0.029356550294324
     0.040372017974732     0.029356550294324    -0.025183232673953
59 22
     0.005425711287899    -0.007810478928150     0.007810478928150
    -0.007810478928150     0.005425711287899     0.007810478928150
     0.007810478928150     0.007810478928150     0.005425711287899
59 23
     0.060418029943321    -0.022368424833985     0.037259271994117
    -0.022368424833985     0.060418029943321     0.037259271994117
     0.037259271994117     0.037259271994117     0.030353763622770
59 24
    -0.025183232673953    -0.040372017974732     0.029356550294324
    -0.040372017974732    -0.104555772804815     0.040372017974732
     0.029356550294324     0.040372017974732    -0.025183232673953
59 25
    -0.026877338996201     0.010440718779137     0.040986281237565
    -0.010440718779137     0.003309412613817    -0.010440718779137
     0.040986281237565     0.010440718779137    -0.026877338996201
59 26
    -0.026877338996201     0.010440718779137    -0.040986281237565
    -0.010440718779137     0.003309412613817     0.010440718779137
    -0.040986281237565    -0.010440718779137    -0.026877338996201
59 27
    -0.230686433451410     0.048642867113813    -0.234968497534282
    -0.048642867113813     0.326937544787143    -0.048642867113813
    -0.234968497534283     0.048642867113813    -0.230686433451410
59 28
    -0.230686433451410     0.048642867113813     0.234968497534283
    -0.048642867113813     0.326937544787143     0.048642867113813
     0.234968497534282    -0.048642867113813    -0.230686433451410
59 29
    -0.026877338996201    -0.010440718779137    -0.040986281237565
     0.010440718779137     0.003309412613817    -0.010440718779137
    -0.040986281237565     0.010440718779137    -0.026877338996201
59 30
    -0.026877338996201    -0.010440718779137     0.040986281237565
     0.010440718779137     0.003309412613817     0.010440718779137
     0.040986281237565    -0.010440718779137    -0.026877338996201
59 31
    -0.230686433451410    -0.048642867113813     0.234968497534282
     0.048642867113813     0.326937544787143    -0.048642867113813
     0.234968497534283     0.048642867113813    -0.230686433451410
59 32
    -0.230686433451410    -0.048642867113813    -0.234968497534282
     0.048642867113813     0.326937544787143     0.048642867113813
    -0.234968497534283    -0.048642867113813    -0.230686433451410
59 33
     0.060418029943321    -0.037259271994117    -0.022368424833985
    -0.037259271994117     0.030353763622770    -0.037259271994117
    -0.022368424833985    -0.037259271994117     0.060418029943321
59 34
    -0.025183232673953    -0.029356550294324    -0.040372017974732
    -0.029356550294324    -0.025183232673953    -0.040372017974732
    -0.040372017974732    -0.040372017974732    -0.104555772804815
59 35
    -3.322380731651718    -2.515143668279051    -2.515143668279052
    -2.515143668279051    -3.322380731651718    -2.515143668279052
    -2.515143668279052    -2.515143668279052    -3.322380731651720
59 36
     0.030353763622770    -0.037259271994117    -0.037259271994117
    -0.037259271994117     0.060418029943321    -0.022368424833985
    -0.037259271994117    -0.022368424833985     0.060418029943321
59 37
    -0.104555772804815    -0.040372017974732    -0.040372017974732
    -0.040372017974732    -0.025183232673953    -0.029356550294324
    -0.040372017974732    -0.029356550294324    -0.025183232673953
59 38
     0.005425711287899    -0.007810478928150    -0.007810478928150
    -0.007810478928150     0.005425711287899    -0.007810478928150
    -0.007810478928150    -0.007810478928150     0.005425711287899
59 39
     0.060418029943321    -0.022368424833985    -0.037259271994117
    -0.022368424833985     0.060418029943321    -0.037259271994117
    -0.037259271994117    -0.037259271994117     0.030353763622770
59 40
    -0.025183232673953    -0.040372017974732    -0.029356550294324
    -0.040372017974732    -0.104555772804815    -0.040372017974732
    -0.029356550294324    -0.040372017974732    -0.025183232673953
59 41
     0.326937544787142    -0.048642867113813     0.048642867113813
     0.048642867113813    -0.230686433451410     0.234968497534282
    -0.048642867113813     0.234968497534282    -0.230686433451410
59 42
     0.003309412613817    -0.010440718779137     0.010440718779137
     0.010440718779137    -0.026877338996201    -0.040986281237565
    -0.010440718779137    -0.040986281237565    -0.026877338996201
59 43
     0.326937544787142    -0.048642867113813    -0.048642867113813
     0.048642867113813    -0.230686433451410    -0.234968497534282
     0.048642867113813    -0.234968497534283    -0.230686433451410
59 44
     0.003309412613817    -0.010440718779137    -0.010440718779137
     0.010440718779137    -0.026877338996201     0.040986281237565
     0.010440718779137     0.040986281237565    -0.026877338996201
59 45
     0.326937544787142     0.048642867113813     0.048642867113813
    -0.048642867113813    -0.230686433451410    -0.234968497534282
    -0.048642867113813    -0.234968497534283    -0.230686433451410
59 46
     0.003309412613817     0.010440718779137     0.010440718779137
    -0.010440718779137    -0.026877338996201     0.040986281237565
    -0.010440718779137     0.040986281237565    -0.026877338996201
59 47
     0.326937544787142     0.048642867113813    -0.048642867113813
    -0.048642867113813    -0.230686433451410     0.234968497534282
     0.048642867113813     0.234968497534283    -0.230686433451410
59 48
     0.003309412613817     0.010440718779137    -0.010440718779137
    -0.010440718779137    -0.026877338996201    -0.040986281237565
     0.010440718779137    -0.040986281237565    -0.026877338996201
59 49
     0.060418029943321     0.037259271994117     0.022368424833985
     0.037259271994117     0.030353763622770    -0.037259271994117
     0.022368424833985    -0.037259271994117     0.060418029943321
59 50
    -0.025183232673953     0.029356550294324     0.040372017974732
     0.029356550294324    -0.025183232673953    -0.040372017974732
     0.040372017974732    -0.040372017974732    -0.104555772804815
59 51
    -3.322380731651718     2.515143668279052     2.515143668279051
     2.515143668279051    -3.322380731651720    -2.515143668279051
     2.515143668279052    -2.515143668279053    -3.322380731651720
59 52
     0.030353763622770     0.037259271994117     0.037259271994117
     0.037259271994117     0.060418029943321    -0.022368424833985
     0.037259271994117    -0.022368424833985     0.060418029943321
59 53
    -0.104555772804815     0.040372017974732     0.040372017974732
     0.040372017974732    -0.025183232673953    -0.029356550294324
     0.040372017974732    -0.029356550294324    -0.025183232673953
59 54
     0.005425711287899     0.007810478928150     0.007810478928150
     0.007810478928150     0.005425711287899    -0.007810478928150
     0.007810478928150    -0.007810478928150     0.005425711287899
59 55
     0.060418029943321     0.022368424833985     0.037259271994117
     0.022368424833985     0.060418029943321    -0.037259271994117
     0.037259271994117    -0.037259271994117     0.030353763622770
59 56
    -0.025183232673953     0.040372017974732     0.029356550294324
     0.040372017974732    -0.104555772804815    -0.040372017974732
     0.029356550294324    -0.040372017974732    -0.025183232673953
59 57
    -0.063411041583095    -0.000000000000000     0.000000000000000
    -0.000000000000000    -0.067616379192259    -0.000000000000000
     0.000000000000000     0.000000000000000    -0.063411041583095
59 58
    -0.002013487346630    -0.000000000000000     0.000000000000000
     0.000000000000000    -0.002013487346630    -0.000000000000000
    -0.000000000000000     0.000000000000000     0.192951181134049
59 59
    14.036572029044686    -0.000000000000000     0.000000000000000
    -0.000000000000000    14.036572029044688    -0.000000000000000
     0.000000000000000    -0.000000000000000    14.036572029044693
59 60
    -0.067616379192259    -0.000000000000000     0.000000000000000
     0.000000000000000    -0.063411041583095    -0.000000000000000
    -0.000000000000000    -0.000000000000000    -0.063411041583095
59 61
     0.192951181134049    -0.000000000000000     0.000000000000000
     0.000000000000000    -0.002013487346630    -0.000000000000000
    -0.000000000000000    -0.000000000000000    -0.002013487346630
59 62
    -0.008785683121459    -0.000000000000000    -0.000000000000000
    -0.000000000000000    -0.008785683121459    -0.000000000000000
    -0.000000000000000    -0.000000000000000    -0.008785683121459
59 63
    -0.063411041583095    -0.000000000000000    -0.000000000000000
     0.000000000000000    -0.063411041583095    -0.000000000000000
    -0.000000000000000     0.000000000000000    -0.067616379192259
59 64
    -0.002013487346630    -0.000000000000000     0.000000000000000
     0.000000000000000     0.192951181134049    -0.000000000000000
    -0.000000000000000    -0.000000000000000    -0.002013487346630
60 1
    -0.025183232673953     0.029356550294324    -0.040372017974732
     0.029356550294324    -0.025183232673953     0.040372017974732
    -0.040372017974732     0.040372017974732    -0.104555772804815
60 2
     0.060418029943321     0.037259271994117    -0.022368424833985
     0.037259271994117     0.030353763622770     0.037259271994117
    -0.022368424833985     0.037259271994117     0.060418029943321
60 3
     0.030353763622770     0.037259271994117    -0.037259271994117
     0.037259271994117     0.060418029943321     0.022368424833985
    -0.037259271994117     0.022368424833985     0.060418029943321
60 4
    -3.322380731651720     2.515143668279051    -2.515143668279051
     2.515143668279053    -3.322380731651720     2.515143668279052
    -2.515143668279052     2.515143668279051    -3.322380731651718
60 5
     0.005425711287899     0.007810478928150    -0.007810478928150
     0.007810478928150     0.005425711287898     0.007810478928150
    -0.007810478928150     0.007810478928150     0.005425711287899
60 6
    -0.104555772804815     0.040372017974732    -0.040372017974732
     0.040372017974732    -0.025183232673953     0.029356550294324
    -0.040372017974732     0.029356550294324    -0.025183232673953
60 7
    -0.025183232673953     0.040372017974732    -0.029356550294324
     0.040372017974732    -0.104555772804815     0.040372017974732
    -0.029356550294324     0.040372017974732    -0.025183232673953
60 8
     0.060418029943321     0.022368424833985    -0.037259271994117
     0.022368424833985     0.060418029943321     0.037259271994117
    -0.037259271994117     0.037259271994117     0.030353763622770
60 9
    -0.230686433451410    -0.234968497534282    -0.048642867113813
    -0.234968497534283    -0.230686433451410    -0.048642867113813
     0.048642867113813     0.048642867113813     0.326937544787142
60 10
    -0.230686433451410     0.234968497534282    -0.048642867113813
     0.234968497534282    -0.230686433451410     0.048642867113813
     0.048642867113813    -0.048642867113813     0.326937544787143
60 11
    -0.230686433451410     0.234968497534282     0.048642867113813
     0.234968497534283    -0.230686433451410    -0.048642867113813
    -0.048642867113813     0.048642867113813     0.326937544787142
60 12
    -0.230686433451410    -0.234968497534282     0.048642867113813
    -0.234968497534283    -0.230686433451410     0.048642867113813
    -0.048642867113813    -0.048642867113813     0.326937544787142
60 13
    -0.026877338996201     0.040986281237565    -0.010440718779137
     0.040986281237565    -0.026877338996201    -0.010440718779137
     0.010440718779137     0.010440718779137     0.003309412613817
60 14
    -0.026877338996201    -0.040986281237565    -0.010440718779137
    -0.040986281237565    -0.026877338996201     0.010440718779137
     0.010440718779137    -0.010440718779137     0.003309412613817
60 15
    -0.026877338996201    -0.040986281237565     0.010440718779137
    -0.040986281237565    -0.026877338996201    -0.010440718779137
    -0.010440718779137     0.010440718779137     0.003309412613817
60 16
    -0.026877338996201     0.040986281237565     0.010440718779137
     0.040986281237565    -0.026877338996201     0.010440718779137
    -0.010440718779137    -0.010440718779137     0.003309412613817
60 17
    -0.025183232673953    -0.029356550294324     0.040372017974732
    -0.029356550294324    -0.025183232673953     0.040372017974732
     0.040372017974732     0.040372017974732    -0.104555772804815
60 18
     0.060418029943321    -0.037259271994117     0.022368424833985
    -0.037259271994117     0.030353763622770     0.037259271994117
     0.022368424833985     0.037259271994117     0.060418029943321
60 19
     0.030353763622770    -0.037259271994117     0.037259271994117
    -0.037259271994117     0.060418029943321     0.022368424833985
     0.037259271994117     0.022368424833985     0.060418029943321
60 20
    -3.322380731651718    -2.515143668279052     2.515143668279051
    -2.515143668279052    -3.322380731651720     2.515143668279052
     2.515143668279051     2.515143668279052    -3.322380731651718
60 21
     0.005425711287899    -0.007810478928150     0.007810478928150
    -0.007810478928150     0.005425711287899     0.007810478928150
     0.007810478928150     0.007810478928150     0.005425711287899
60 22
    -0.104555772804815    -0.040372017974732     0.040372017974732
    -0.040372017974732    -0.025183232673953     0.029356550294324
     0.040372017974732     0.029356550294324    -0.025183232673953
60 23
    -0.025183232673953    -0.040372017974732     0.029356550294324
    -0.040372017974732    -0.104555772804815     0.040372017974732
     0.029356550294324     0.040372017974732    -0.025183232673953
60 24
     0.060418029943321    -0.022368424833985     0.037259271994117
    -0.022368424833985     0.060418029943321     0.037259271994117
     0.037259271994117     0.037259271994117     0.030353763622770
60 25
    -0.026877338996201     0.010440718779137    -0.040986281237565
    -0.010440718779137     0.003309412613817     0.010440718779137
    -0.040986281237565    -0.010440718779137    -0.026877338996201
60 26
    -0.026877338996201     0.010440718779137     0.040986281237565
    -0.010440718779137     0.003309412613817    -0.010440718779137
     0.040986281237565     0.010440718779137    -0.026877338996201
60 27
    -0.230686433451410     0.048642867113813     0.234968497534282
    -0.048642867113813     0.326937544787143     0.048642867113813
     0.234968497534282    -0.048642867113813    -0.230686433451410
60 28
    -0.230686433451410     0.048642867113813    -0.234968497534282
    -0.048642867113813     0.326937544787143    -0.048642867113813
    -0.234968497534282     0.048642867113813    -0.230686433451410
60 29
    -0.026877338996201    -0.010440718779137     0.040986281237565
     0.010440718779137     0.003309412613817     0.010440718779137
     0.040986281237565    -0.010440718779137    -0.026877338996201
60 30
    -0.026877338996201    -0.010440718779137    -0.040986281237565
     0.010440718779137     0.003309412613817    -0.010440718779137
    -0.040986281237565     0.010440718779137    -0.026877338996201
60 31
    -0.230686433451410    -0.048642867113813    -0.234968497534282
     0.048642867113813     0.326937544787143     0.048642867113813
    -0.234968497534283    -0.048642867113813    -0.230686433451410
60 32
    -0.230686433451410    -0.048642867113813     0.234968497534282
     0.048642867113813     0.326937544787143    -0.048642867113813
     0.234968497534282     0.048642867113813    -0.230686433451410
60 33
    -0.025183232673953    -0.029356550294324    -0.040372017974732
    -0.029356550294324    -0.025183232673953    -0.040372017974732
    -0.040372017974732    -0.040372017974732    -0.104555772804815
60 34
     0.060418029943321    -0.037259271994117    -0.022368424833985
    -0.037259271994117     0.030353763622770    -0.037259271994117
    -0.022368424833985    -0.037259271994117     0.060418029943321
60 35
     0.030353763622770    -0.037259271994117    -0.037259271994117
    -0.037259271994117     0.060418029943321    -0.022368424833985
    -0.037259271994117    -0.022368424833985     0.060418029943321
60 36
    -3.322380731651720    -2.515143668279051    -2.515143668279051
    -2.515143668279053    -3.322380731651720    -2.515143668279052
    -2.515143668279052    -2.515143668279051    -3.322380731651718
60 37
     0.005425711287899    -0.007810478928150    -0.007810478928150
    -0.007810478928150     0.005425711287898    -0.007810478928150
    -0.007810478928150    -0.007810478928150     0.005425711287899
60 38
    -0.104555772804815    -0.040372017974732    -0.040372017974732
    -0.040372017974732    -0.025183232673953    -0.029356550294324
    -0.040372017974732    -0.029356550294324    -0.025183232673953
60 39
    -0.025183232673953    -0.040372017974732    -0.029356550294324
    -0.040372017974732    -0.104555772804815    -0.040372017974732
    -0.029356550294324    -0.040372017974732    -0.025183232673953
60 40
     0.060418029943321    -0.022368424833985    -0.037259271994117
    -0.022368424833985     0.060418029943321    -0.037259271994117
    -0.037259271994117    -0.037259271994117     0.030353763622770
60 41
     0.003309412613817    -0.010440718779137     0.010440718779137
     0.010440718779137    -0.026877338996201    -0.040986281237565
    -0.010440718779137    -0.040986281237565    -0.026877338996201
60 42
     0.326937544787143    -0.048642867113813     0.048642867113813
     0.048642867113813    -0.230686433451410     0.234968497534283
    -0.048642867113813     0.234968497534282    -0.230686433451410
60 43
     0.003309412613817    -0.010440718779137    -0.010440718779137
     0.010440718779137    -0.026877338996201     0.040986281237565
     0.010440718779137     0.040986281237565    -0.026877338996201
60 44
     0.326937544787143    -0.048642867113813    -0.048642867113813
     0.048642867113813    -0.230686433451410    -0.234968497534283
     0.048642867113813    -0.234968497534282    -0.230686433451410
60 45
     0.003309412613817     0.010440718779137     0.010440718779137
    -0.010440718779137    -0.026877338996201     0.040986281237565
    -0.010440718779137     0.040986281237565    -0.026877338996201
60 46
     0.326937544787143     0.048642867113813     0.048642867113813
    -0.048642867113813    -0.230686433451410    -0.234968497534283
    -0.048642867113813    -0.234968497534282    -0.230686433451410
60 47
     0.003309412613817     0.010440718779137    -0.010440718779137
    -0.010440718779137    -0.026877338996201    -0.040986281237565
     0.010440718779137    -0.040986281237565    -0.026877338996201
60 48
     0.326937544787143     0.048642867113813    -0.048642867113813
    -0.048642867113813    -0.230686433451410     0.234968497534282
     0.048642867113813     0.234968497534282    -0.230686433451410
60 49
    -0.025183232673953     0.029356550294324     0.040372017974732
     0.029356550294324    -0.025183232673953    -0.040372017974732
     0.040372017974732    -0.040372017974732    -0.104555772804815
60 50
     0.060418029943321     0.037259271994117     0.022368424833985
     0.037259271994117     0.030353763622770    -0.037259271994117
     0.022368424833985    -0.037259271994117     0.060418029943321
60 51
     0.030353763622770     0.037259271994117     0.037259271994117
     0.037259271994117     0.060418029943321    -0.022368424833985
     0.037259271994117    -0.022368424833985     0.060418029943321
60 52
    -3.322380731651720     2.515143668279051     2.515143668279051
     2.515143668279053    -3.322380731651720    -2.515143668279052
     2.515143668279052    -2.515143668279051    -3.322380731651718
60 53
     0.005425711287899     0.007810478928150     0.007810478928150
     0.007810478928150     0.005425711287899    -0.007810478928150
     0.007810478928150    -0.007810478928150     0.005425711287899
60 54
    -0.104555772804815     0.040372017974732     0.040372017974732
     0.040372017974732    -0.025183232673953    -0.029356550294324
     0.040372017974732    -0.029356550294324    -0.025183232673953
60 55
    -0.025183232673953     0.040372017974732     0.029356550294324
     0.040372017974732    -0.104555772804815    -0.040372017974732
     0.029356550294324    -0.040372017974732    -0.025183232673953
60 56
     0.060418029943321     0.022368424833985     0.037259271994117
     0.022368424833985     0.060418029943321    -0.037259271994117
     0.037259271994117    -0.037259271994117     0.030353763622770
60 57
    -0.002013487346630     0.000000000000000     0.000000000000000
    -0.000000000000000    -0.002013487346630    -0.000000000000000
     0.000000000000000    -0.000000000000000     0.192951181134049
60 58
    -0.063411041583095     0.000000000000000     0.000000000000000
    -0.000000000000000    -0.067616379192259    -0.000000000000000
    -0.000000000000000    -0.000000000000000    -0.063411041583095
60 59
    -0.067616379192259     0.000000000000000    -0.000000000000000
    -0.000000000000000    -0.063411041583095    -0.000000000000000
     0.000000000000000    -0.000000000000000    -0.063411041583095
60 60
    14.036572029044690    -0.000000000000000     0.000000000000000
    -0.000000000000000    14.036572029044693    -0.000000000000000
     0.000000000000000    -0.000000000000000    14.036572029044686
60 61
    -0.008785683121459     0.000000000000000     0.000000000000000
    -0.000000000000000    -0.008785683121459     0.000000000000000
    -0.000000000000000    -0.000000000000000    -0.008785683121459
60 62
     0.192951181134049     0.000000000000000    -0.000000000000000
    -0.000000000000000    -0.002013487346630    -0.000000000000000
     0.000000000000000    -0.000000000000000    -0.002013487346630
60 63
    -0.002013487346630     0.000000000000000     0.000000000000000
     0.000000000000000     0.192951181134049    -0.000000000000000
     0.000000000000000    -0.000000000000000    -0.002013487346630
60 64
    -0.063411041583095     0.000000000000000     0.000000000000000
    -0.000000000000000    -0.063411041583095    -0.000000000000000
    -0.000000000000000    -0.000000000000000    -0.067616379192259
61 1
     0.060418029943321     0.022368424833985    -0.037259271994117
     0.022368424833985     0.060418029943321     0.037259271994117
    -0.037259271994117     0.037259271994117     0.030353763622770
61 2
    -0.025183232673953     0.040372017974732    -0.029356550294324
     0.040372017974732    -0.104555772804815     0.040372017974732
    -0.029356550294324     0.040372017974732    -0.025183232673953
61 3
    -0.104555772804815     0.040372017974732    -0.040372017974732
     0.040372017974732    -0.025183232673953     0.029356550294324
    -0.040372017974732     0.029356550294324    -0.025183232673953
61 4
     0.005425711287898     0.007810478928150    -0.007810478928150
     0.007810478928150     0.005425711287899     0.007810478928150
    -0.007810478928150     0.007810478928150     0.005425711287899
61 5
    -3.322380731651718     2.515143668279052    -2.515143668279051
     2.515143668279051    -3.322380731651720     2.515143668279051
    -2.515143668279052     2.515143668279053    -3.322380731651720
61 6
     0.030353763622770     0.037259271994117    -0.037259271994117
     0.037259271994117     0.060418029943321     0.022368424833985
    -0.037259271994117     0.022368424833985     0.060418029943321
61 7
     0.060418029943321     0.037259271994117    -0.022368424833985
     0.037259271994117     0.030353763622770     0.037259271994117
    -0.022368424833985     0.037259271994117     0.060418029943321
61 8
    -0.025183232673953     0.029356550294324    -0.040372017974732
     0.029356550294324    -0.025183232673953     0.040372017974732
    -0.040372017974732     0.040372017974732    -0.104555772804815
61 9
    -0.026877338996201     0.040986281237565     0.010440718779137
     0.040986281237565    -0.026877338996201     0.010440718779137
    -0.010440718779137    -0.010440718779137     0.003309412613817
61 10
    -0.026877338996201    -0.040986281237565     0.010440718779137
    -0.040986281237565    -0.026877338996201    -0.010440718779137
    -0.010440718779137     0.010440718779137     0.003309412613817
61 11
    -0.026877338996201    -0.040986281237565    -0.010440718779137
    -0.040986281237565    -0.026877338996201     0.010440718779137
     0.010440718779137    -0.010440718779137     0.003309412613817
61 12
    -0.026877338996201     0.040986281237565    -0.010440718779137
     0.040986281237565    -0.026877338996201    -0.010440718779137
     0.010440718779137     0.010440718779137     0.003309412613817
61 13
    -0.230686433451410    -0.234968497534283     0.048642867113813
    -0.234968497534282    -0.230686433451410     0.048642867113813
    -0.048642867113813    -0.048642867113813     0.326937544787143
61 14
    -0.230686433451410     0.234968497534282     0.048642867113813
     0.234968497534283    -0.230686433451410    -0.048642867113813
    -0.048642867113813     0.048642867113813     0.326937544787143
61 15
    -0.230686433451410     0.234968497534282    -0.048642867113813
     0.234968497534283    -0.230686433451410     0.048642867113813
     0.048642867113813    -0.048642867113813     0.326937544787143
61 16
    -0.230686433451410    -0.234968497534282    -0.048642867113813
    -0.234968497534283    -0.230686433451410    -0.048642867113813
     0.048642867113813     0.048642867113813     0.326937544787143
61 17
     0.060418029943321    -0.022368424833985     0.037259271994117
    -0.022368424833985     0.060418029943321     0.037259271994117
     0.037259271994117     0.037259271994117     0.030353763622770
61 18
    -0.025183232673953    -0.040372017974732     0.029356550294324
    -0.040372017974732    -0.104555772804815     0.040372017974732
     0.029356550294324     0.040372017974732    -0.025183232673953
61 19
    -0.104555772804815    -0.040372017974732     0.040372017974732
    -0.040372017974732    -0.025183232673953     0.029356550294324
     0.040372017974732     0.029356550294324    -0.025183232673953
61 20
     0.005425711287899    -0.007810478928150     0.007810478928150
    -0.007810478928150     0.005425711287899     0.007810478928150
     0.007810478928150     0.007810478928150     0.005425711287899
61 21
    -3.322380731651718    -2.515143668279051     2.515143668279052
    -2.515143668279051    -3.322380731651718     2.515143668279052
     2.515143668279052     2.515143668279052    -3.322380731651720
61 22
     0.030353763622770    -0.037259271994117     0.037259271994117
    -0.037259271994117     0.060418029943321     0.022368424833985
     0.037259271994117     0.022368424833985     0.060418029943321
61 23
     0.060418029943321    -0.037259271994117     0.022368424833985
    -0.037259271994117     0.030353763622770     0.037259271994117
     0.022368424833985     0.037259271994117     0.060418029943321
61 24
    -0.025183232673953    -0.029356550294324     0.040372017974732
    -0.029356550294324    -0.025183232673953     0.040372017974732
     0.040372017974732     0.040372017974732    -0.104555772804815
61 25
    -0.230686433451410    -0.048642867113813     0.234968497534282
     0.048642867113813     0.326937544787142    -0.048642867113813
     0.234968497534283     0.048642867113813    -0.230686433451410
61 26
    -0.230686433451410    -0.048642867113813    -0.234968497534282
     0.048642867113813     0.326937544787142     0.048642867113813
    -0.234968497534283    -0.048642867113813    -0.230686433451410
61 27
    -0.026877338996201    -0.010440718779137    -0.040986281237565
     0.010440718779137     0.003309412613817    -0.010440718779137
    -0.040986281237565     0.010440718779137    -0.026877338996201
61 28
    -0.026877338996201    -0.010440718779137     0.040986281237565
     0.010440718779137     0.003309412613817     0.010440718779137
     0.040986281237565    -0.010440718779137    -0.026877338996201
61 29
    -0.230686433451410     0.048642867113813    -0.234968497534282
    -0.048642867113813     0.326937544787143    -0.048642867113813
    -0.234968497534282     0.048642867113813    -0.230686433451410
61 30
    -0.230686433451410     0.048642867113813     0.234968497534282
    -0.048642867113813     0.326937544787142     0.048642867113813
     0.234968497534283    -0.048642867113813    -0.230686433451410
61 31
    -0.026877338996201     0.010440718779137     0.040986281237565
    -0.010440718779137     0.003309412613817    -0.010440718779137
     0.040986281237565     0.010440718779137    -0.026877338996201
61 32
    -0.026877338996201     0.010440718779137    -0.040986281237565
    -0.010440718779137     0.003309412613817     0.010440718779137
    -0.040986281237565    -0.010440718779137    -0.026877338996201
61 33
     0.060418029943321    -0.022368424833985    -0.037259271994117
    -0.022368424833985     0.060418029943321    -0.037259271994117
    -0.037259271994117    -0.037259271994117     0.030353763622770
61 34
    -0.025183232673953    -0.040372017974732    -0.029356550294324
    -0.040372017974732    -0.104555772804815    -0.040372017974732
    -0.029356550294324    -0.040372017974732    -0.025183232673953
61 35
    -0.104555772804815    -0.040372017974732    -0.040372017974732
    -0.040372017974732    -0.025183232673953    -0.029356550294324
    -0.040372017974732    -0.029356550294324    -0.025183232673953
61 36
     0.005425711287899    -0.007810478928150    -0.007810478928150
    -0.007810478928150     0.005425711287899    -0.007810478928150
    -0.007810478928150    -0.007810478928150     0.005425711287899
61 37
    -3.322380731651718    -2.515143668279052    -2.515143668279051
    -2.515143668279051    -3.322380731651720    -2.515143668279051
    -2.515143668279052    -2.515143668279053    -3.322380731651720
61 38
     0.030353763622770    -0.037259271994117    -0.037259271994117
    -0.037259271994117     0.060418029943321    -0.022368424833985
    -0.037259271994117    -0.022368424833985     0.060418029943321
61 39
     0.060418029943321    -0.037259271994117    -0.022368424833985
    -0.037259271994117     0.030353763622770    -0.037259271994117
    -0.022368424833985    -0.037259271994117     0.060418029943321
61 40
    -0.025183232673953    -0.029356550294324    -0.040372017974732
    -0.029356550294324    -0.025183232673953    -0.040372017974732
    -0.040372017974732    -0.040372017974732    -0.104555772804815
61 41
     0.326937544787142     0.048642867113813    -0.048642867113813
    -0.048642867113813    -0.230686433451410     0.234968497534282
     0.048642867113813     0.234968497534282    -0.230686433451410
61 42
     0.003309412613817     0.010440718779137    -0.010440718779137
    -0.010440718779137    -0.026877338996201    -0.040986281237565
     0.010440718779137    -0.040986281237565    -0.026877338996201
61 43
     0.326937544787142     0.048642867113813     0.048642867113813
    -0.048642867113813    -0.230686433451410    -0.234968497534282
    -0.048642867113813    -0.234968497534283    -0.230686433451410
61 44
     0.003309412613817     0.010440718779137     0.010440718779137
    -0.010440718779137    -0.026877338996201     0.040986281237565
    -0.010440718779137     0.040986281237565    -0.026877338996201
61 45
     0.326937544787142    -0.048642867113813    -0.048642867113813
     0.048642867113813    -0.230686433451410    -0.234968497534282
     0.048642867113813    -0.234968497534283    -0.230686433451410
61 46
     0.003309412613817    -0.010440718779137    -0.010440718779137
     0.010440718779137    -0.026877338996201     0.040986281237565
     0.010440718779137     0.040986281237565    -0.026877338996201
61 47
     0.326937544787142    -0.048642867113813     0.048642867113813
     0.048642867113813    -0.230686433451410     0.234968497534282
    -0.048642867113813     0.234968497534283    -0.230686433451410
61 48
     0.003309412613817    -0.010440718779137     0.010440718779137
     0.010440718779137    -0.026877338996201    -0.040986281237565
    -0.010440718779137    -0.040986281237565    -0.026877338996201
61 49
     0.060418029943321     0.022368424833985     0.037259271994117
     0.022368424833985     0.060418029943321    -0.037259271994117
     0.037259271994117    -0.037259271994117     0.030353763622770
61 50
    -0.025183232673953     0.040372017974732     0.029356550294324
     0.040372017974732    -0.104555772804815    -0.040372017974732
     0.029356550294324    -0.040372017974732    -0.025183232673953
61 51
    -0.104555772804815     0.040372017974732     0.040372017974732
     0.040372017974732    -0.025183232673953    -0.029356550294324
     0.040372017974732    -0.029356550294324    -0.025183232673953
61 52
     0.005425711287899     0.007810478928150     0.007810478928150
     0.007810478928150     0.005425711287899    -0.007810478928150
     0.007810478928150    -0.007810478928150     0.005425711287899
61 53
    -3.322380731651718     2.515143668279051     2.515143668279052
     2.515143668279051    -3.322380731651718    -2.515143668279052
     2.515143668279052    -2.515143668279052    -3.322380731651720
61 54
     0.030353763622770     0.037259271994117     0.037259271994117
     0.037259271994117     0.060418029943321    -0.022368424833985
     0.037259271994117    -0.022368424833985     0.060418029943321
61 55
     0.060418029943321     0.037259271994117     0.022368424833985
     0.037259271994117     0.030353763622770    -0.037259271994117
     0.022368424833985    -0.037259271994117     0.060418029943321
61 56
    -0.025183232673953     0.029356550294324     0.040372017974732
     0.029356550294324    -0.025183232673953    -0.040372017974732
     0.040372017974732    -0.040372017974732    -0.104555772804815
61 57
    -0.063411041583095     0.000000000000000    -0.000000000000000
    -0.000000000000000    -0.063411041583095    -0.000000000000000
     0.000000000000000     0.000000000000000    -0.067616379192259
61 58
    -0.002013487346630    -0.000000000000000    -0.000000000000000
     0.000000000000000     0.192951181134049    -0.000000000000000
    -0.000000000000000     0.000000000000000    -0.002013487346630
61 59
     0.192951181134049     0.000000000000000    -0.000000000000000
    -0.000000000000000    -0.002013487346630    -0.000000000000000
     0.000000000000000    -0.000000000000000    -0.002013487346630
61 60
    -0.008785683121459    -0.000000000000000    -0.000000000000000
     0.000000000000000    -0.008785683121459    -0.000000000000000
     0.000000000000000     0.000000000000000    -0.008785683121459
61 61
    14.036572029044686     0.000000000000000    -0.000000000000001
     0.000000000000000    14.036572029044688     0.000000000000000
    -0.000000000000001     0.000000000000000    14.036572029044692
61 62
    -0.067616379192259     0.000000000000000    -0.000000000000000
    -0.000000000000000    -0.063411041583095    -0.000000000000000
    -0.000000000000000    -0.000000000000000    -0.063411041583095
61 63
    -0.063411041583095    -0.000000000000000    -0.000000000000000
     0.000000000000000    -0.067616379192259    -0.000000000000000
    -0.000000000000000     0.000000000000000    -0.063411041583095
61 64
    -0.002013487346630     0.000000000000000     0.000000000000000
     0.000000000000000    -0.002013487346630    -0.000000000000000
    -0.000000000000000    -0.000000000000000     0.192951181134049
62 1
    -0.025183232673953     0.040372017974732    -0.029356550294324
     0.040372017974732    -0.104555772804815     0.040372017974732
    -0.029356550294324     0.040372017974732    -0.025183232673953
62 2
     0.060418029943321     0.022368424833985    -0.037259271994117
     0.022368424833985     0.060418029943321     0.037259271994117
    -0.037259271994117     0.037259271994117     0.030353763622770
62 3
     0.005425711287899     0.007810478928150    -0.007810478928150
     0.007810478928150     0.005425711287899     0.007810478928150
    -0.007810478928150     0.007810478928150     0.005425711287899
62 4
    -0.104555772804815     0.040372017974732    -0.040372017974732
     0.040372017974732    -0.025183232673953     0.029356550294324
    -0.040372017974732     0.029356550294324    -0.025183232673953
62 5
     0.030353763622770     0.037259271994117    -0.037259271994117
     0.037259271994117     0.060418029943321     0.022368424833985
    -0.037259271994117     0.022368424833985     0.060418029943321
62 6
    -3.322380731651720     2.515143668279053    -2.515143668279052
     2.515143668279051    -3.322380731651720     2.515143668279051
    -2.515143668279051     2.515143668279052    -3.322380731651718
62 7
    -0.025183232673953     0.029356550294324    -0.040372017974732
     0.029356550294324    -0.025183232673953     0.040372017974732
    -0.040372017974732     0.040372017974732    -0.104555772804815
62 8
     0.060418029943321     0.037259271994117    -0.022368424833985
     0.037259271994117     0.030353763622770     0.037259271994117
    -0.022368424833985     0.037259271994117     0.060418029943321
62 9
    -0.026877338996201    -0.040986281237565     0.010440718779137
    -0.040986281237565    -0.026877338996201    -0.010440718779137
    -0.010440718779137     0.010440718779137     0.003309412613817
62 10
    -0.026877338996201     0.040986281237565     0.010440718779137
     0.040986281237565    -0.026877338996201     0.010440718779137
    -0.010440718779137    -0.010440718779137     0.003309412613817
62 11
    -0.026877338996201     0.040986281237565    -0.010440718779137
     0.040986281237565    -0.026877338996201    -0.010440718779137
     0.010440718779137     0.010440718779137     0.003309412613817
62 12
    -0.026877338996201    -0.040986281237565    -0.010440718779137
    -0.040986281237565    -0.026877338996201     0.010440718779137
     0.010440718779137    -0.010440718779137     0.003309412613817
62 13
    -0.230686433451410     0.234968497534283     0.048642867113813
     0.234968497534282    -0.230686433451410    -0.048642867113813
    -0.048642867113813     0.048642867113813     0.326937544787142
62 14
    -0.230686433451410    -0.234968497534283     0.048642867113813
    -0.234968497534282    -0.230686433451410     0.048642867113813
    -0.048642867113813    -0.048642867113813     0.326937544787142
62 15
    -0.230686433451410    -0.234968497534283    -0.048642867113813
    -0.234968497534282    -0.230686433451410    -0.048642867113813
     0.048642867113813     0.048642867113813     0.326937544787142
62 16
    -0.230686433451410     0.234968497534282    -0.048642867113813
     0.234968497534283    -0.230686433451410     0.048642867113813
     0.048642867113813    -0.048642867113813     0.326937544787142
62 17
    -0.025183232673953    -0.040372017974732     0.029356550294324
    -0.040372017974732    -0.104555772804815     0.040372017974732
     0.029356550294324     0.040372017974732    -0.025183232673953
62 18
     0.060418029943321    -0.022368424833985     0.037259271994117
    -0.022368424833985     0.060418029943321     0.037259271994117
     0.037259271994117     0.037259271994117     0.030353763622770
62 19
     0.005425711287899    -0.007810478928150     0.007810478928150
    -0.007810478928150     0.005425711287899     0.007810478928150
     0.007810478928150     0.007810478928150     0.005425711287899
62 20
    -0.104555772804815    -0.040372017974732     0.040372017974732
    -0.040372017974732    -0.025183232673953     0.029356550294324
     0.040372017974732     0.029356550294324    -0.025183232673953
62 21
     0.030353763622770    -0.037259271994117     0.037259271994117
    -0.037259271994117     0.060418029943321     0.022368424833985
     0.037259271994117     0.022368424833985     0.060418029943321
62 22
    -3.322380731651720    -2.515143668279052     2.515143668279052
    -2.515143668279052    -3.322380731651718     2.515143668279051
     2.515143668279052     2.515143668279051    -3.322380731651718
62 23
    -0.025183232673953    -0.029356550294324     0.040372017974732
    -0.029356550294324    -0.025183232673953     0.040372017974732
     0.040372017974732     0.040372017974732    -0.104555772804815
62 24
     0.060418029943321    -0.037259271994117     0.022368424833985
    -0.037259271994117     0.030353763622770     0.037259271994117
     0.022368424833985     0.037259271994117     0.060418029943321
62 25
    -0.230686433451410    -0.048642867113813    -0.234968497534282
     0.048642867113813     0.326937544787142     0.048642867113813
    -0.234968497534283    -0.048642867113813    -0.230686433451410
62 26
    -0.230686433451410    -0.048642867113813     0.234968497534283
     0.048642867113813     0.326937544787142    -0.048642867113813
     0.234968497534283     0.048642867113813    -0.230686433451410
62 27
    -0.026877338996201    -0.010440718779137     0.040986281237565
     0.010440718779137     0.003309412613817     0.010440718779137
     0.040986281237565    -0.010440718779137    -0.026877338996201
62 28
    -0.026877338996201    -0.010440718779137    -0.040986281237565
     0.010440718779137     0.003309412613817    -0.010440718779137
    -0.040986281237565     0.010440718779137    -0.026877338996201
62 29
    -0.230686433451410     0.048642867113813     0.234968497534282
    -0.048642867113813     0.326937544787143     0.048642867113813
     0.234968497534282    -0.048642867113813    -0.230686433451410
62 30
    -0.230686433451410     0.048642867113813    -0.234968497534283
    -0.048642867113813     0.326937544787142    -0.048642867113813
    -0.234968497534283     0.048642867113813    -0.230686433451410
62 31
    -0.026877338996201     0.010440718779137    -0.040986281237565
    -0.010440718779137     0.003309412613817     0.010440718779137
    -0.040986281237565    -0.010440718779137    -0.026877338996201
62 32
    -0.026877338996201     0.010440718779137     0.040986281237565
    -0.010440718779137     0.003309412613817    -0.010440718779137
     0.040986281237565     0.010440718779137    -0.026877338996201
62 33
    -0.025183232673953    -0.040372017974732    -0.029356550294324
    -0.040372017974732    -0.104555772804815    -0.040372017974732
    -0.029356550294324    -0.040372017974732    -0.025183232673953
62 34
     0.060418029943321    -0.022368424833985    -0.037259271994117
    -0.022368424833985     0.060418029943321    -0.037259271994117
    -0.037259271994117    -0.037259271994117     0.030353763622770
62 35
     0.005425711287899    -0.007810478928150    -0.007810478928150
    -0.007810478928150     0.005425711287899    -0.007810478928150
    -0.007810478928150    -0.007810478928150     0.005425711287899
62 36
    -0.104555772804815    -0.040372017974732    -0.040372017974732
    -0.040372017974732    -0.025183232673953    -0.029356550294324
    -0.040372017974732    -0.029356550294324    -0.025183232673953
62 37
     0.030353763622770    -0.037259271994117    -0.037259271994117
    -0.037259271994117     0.060418029943321    -0.022368424833985
    -0.037259271994117    -0.022368424833985     0.060418029943321
62 38
    -3.322380731651720    -2.515143668279052    -2.515143668279052
    -2.515143668279052    -3.322380731651718    -2.515143668279051
    -2.515143668279052    -2.515143668279051    -3.322380731651718
62 39
    -0.025183232673953    -0.029356550294324    -0.040372017974732
    -0.029356550294324    -0.025183232673953    -0.040372017974732
    -0.040372017974732    -0.040372017974732    -0.104555772804815
62 40
     0.060418029943321    -0.037259271994117    -0.022368424833985
    -0.037259271994117     0.030353763622770    -0.037259271994117
    -0.022368424833985    -0.037259271994117     0.060418029943321
62 41
     0.003309412613817     0.010440718779137    -0.010440718779137
    -0.010440718779137    -0.026877338996201    -0.040986281237565
     0.010440718779137    -0.040986281237565    -0.026877338996201
62 42
     0.326937544787143     0.048642867113813    -0.048642867113813
    -0.048642867113813    -0.230686433451410     0.234968497534283
     0.048642867113813     0.234968497534282    -0.230686433451410
62 43
     0.003309412613817     0.010440718779137     0.010440718779137
    -0.010440718779137    -0.026877338996201     0.040986281237565
    -0.010440718779137     0.040986281237565    -0.026877338996201
62 44
     0.326937544787143     0.048642867113813     0.048642867113813
    -0.048642867113813    -0.230686433451410    -0.234968497534282
    -0.048642867113813    -0.234968497534282    -0.230686433451410
62 45
     0.003309412613817    -0.010440718779137    -0.010440718779137
     0.010440718779137    -0.026877338996201     0.040986281237565
     0.010440718779137     0.040986281237565    -0.026877338996201
62 46
     0.326937544787143    -0.048642867113813    -0.048642867113813
     0.048642867113813    -0.230686433451410    -0.234968497534283
     0.048642867113813    -0.234968497534282    -0.230686433451410
62 47
     0.003309412613817    -0.010440718779137     0.010440718779137
     0.010440718779137    -0.026877338996201    -0.040986281237565
    -0.010440718779137    -0.040986281237565    -0.026877338996201
62 48
     0.326937544787143    -0.048642867113813     0.048642867113813
     0.048642867113813    -0.230686433451410     0.234968497534282
    -0.048642867113813     0.234968497534282    -0.230686433451410
62 49
    -0.025183232673953     0.040372017974732     0.029356550294324
     0.040372017974732    -0.104555772804815    -0.040372017974732
     0.029356550294324    -0.040372017974732    -0.025183232673953
62 50
     0.060418029943321     0.022368424833985     0.037259271994117
     0.022368424833985     0.060418029943321    -0.037259271994117
     0.037259271994117    -0.037259271994117     0.030353763622770
62 51
     0.005425711287899     0.007810478928150     0.007810478928150
     0.007810478928150     0.005425711287899    -0.007810478928150
     0.007810478928150    -0.007810478928150     0.005425711287899
62 52
    -0.104555772804815     0.040372017974732     0.040372017974732
     0.040372017974732    -0.025183232673953    -0.029356550294324
     0.040372017974732    -0.029356550294324    -0.025183232673953
62 53
     0.030353763622770     0.037259271994117     0.037259271994117
     0.037259271994117     0.060418029943321    -0.022368424833985
     0.037259271994117    -0.022368424833985     0.060418029943321
62 54
    -3.322380731651720     2.515143668279052     2.515143668279052
     2.515143668279052    -3.322380731651718    -2.515143668279051
     2.515143668279052    -2.515143668279051    -3.322380731651718
62 55
    -0.025183232673953     0.029356550294324     0.040372017974732
     0.029356550294324    -0.025183232673953    -0.040372017974732
     0.040372017974732    -0.040372017974732    -0.104555772804815
62 56
     0.060418029943321     0.037259271994117     0.022368424833985
     0.037259271994117     0.030353763622770    -0.037259271994117
     0.022368424833985    -0.037259271994117     0.060418029943321
62 57
    -0.002013487346631    -0.000000000000000     0.000000000000000
     0.000000000000000     0.192951181134049    -0.000000000000000
    -0.000000000000000    -0.000000000000000    -0.002013487346630
62 58
    -0.063411041583095    -0.000000000000000     0.000000000000000
     0.000000000000000    -0.063411041583095    -0.000000000000000
    -0.000000000000000    -0.000000000000000    -0.067616379192259
62 59
    -0.008785683121459    -0.000000000000000    -0.000000000000000
    -0.000000000000000    -0.008785683121459    -0.000000000000000
    -0.000000000000000    -0.000000000000000    -0.008785683121459
62 60
     0.192951181134049    -0.000000000000000     0.000000000000000
     0.000000000000000    -0.002013487346630    -0.000000000000000
    -0.000000000000000    -0.000000000000000    -0.002013487346630
62 61
    -0.067616379192259    -0.000000000000000    -0.000000000000000
     0.000000000000000    -0.063411041583095    -0.000000000000000
    -0.000000000000000    -0.000000000000000    -0.063411041583095
62 62
    14.036572029044695    -0.000000000000000    -0.000000000000000
    -0.000000000000000    14.036572029044686    -0.000000000000000
    -0.000000000000000    -0.000000000000000    14.036572029044686
62 63
    -0.002013487346630    -0.000000000000000    -0.000000000000000
     0.000000000000000    -0.002013487346630    -0.000000000000000
    -0.000000000000000    -0.000000000000000     0.192951181134049
62 64
    -0.063411041583095    -0.000000000000000     0.000000000000000
     0.000000000000000    -0.067616379192259    -0.000000000000000
    -0.000000000000000    -0.000000000000000    -0.063411041583095
63 1
    -0.104555772804815     0.040372017974732    -0.040372017974732
     0.040372017974732    -0.025183232673953     0.029356550294324
    -0.040372017974732     0.029356550294324    -0.025183232673953
63 2
     0.005425711287899     0.007810478928150    -0.007810478928150
     0.007810478928150     0.005425711287899     0.007810478928150
    -0.007810478928150     0.007810478928150     0.005425711287899
63 3
     0.060418029943321     0.022368424833985    -0.037259271994117
     0.022368424833985     0.060418029943321     0.037259271994117
    -0.037259271994117     0.037259271994117     0.030353763622770
63 4
    -0.025183232673953     0.040372017974732    -0.029356550294324
     0.040372017974732    -0.104555772804815     0.040372017974732
    -0.029356550294324     0.040372017974732    -0.025183232673953
63 5
     0.060418029943321     0.037259271994117    -0.022368424833985
     0.037259271994117     0.030353763622770     0.037259271994117
    -0.022368424833985     0.037259271994117     0.060418029943321
63 6
    -0.025183232673953     0.029356550294324    -0.040372017974732
     0.029356550294324    -0.025183232673953     0.040372017974732
    -0.040372017974732     0.040372017974732    -0.104555772804815
63 7
    -3.322380731651718     2.515143668279052    -2.515143668279051
     2.515143668279052    -3.322380731651720     2.515143668279052
    -2.515143668279051     2.515143668279052    -3.322380731651718
63 8
     0.030353763622770     0.037259271994117    -0.037259271994117
     0.037259271994117     0.060418029943321     0.022368424833985
    -0.037259271994117     0.022368424833985     0.060418029943321
63 9
    -0.026877338996201    -0.040986281237565    -0.010440718779137
    -0.040986281237565    -0.026877338996201     0.010440718779137
     0.010440718779137    -0.010440718779137     0.003309412613817
63 10
    -0.026877338996201     0.040986281237565    -0.010440718779137
     0.040986281237565    -0.026877338996201    -0.010440718779137
     0.010440718779137     0.010440718779137     0.003309412613817
63 11
    -0.026877338996201     0.040986281237565     0.010440718779137
     0.040986281237565    -0.026877338996201     0.010440718779137
    -0.010440718779137    -0.010440718779137     0.003309412613817
63 12
    -0.026877338996201    -0.040986281237565     0.010440718779137
    -0.040986281237565    -0.026877338996201    -0.010440718779137
    -0.010440718779137     0.010440718779137     0.003309412613817
63 13
    -0.230686433451410     0.234968497534283    -0.048642867113813
     0.234968497534282    -0.230686433451410     0.048642867113813
     0.048642867113813    -0.048642867113813     0.326937544787142
63 14
    -0.230686433451410    -0.234968497534282    -0.048642867113813
    -0.234968497534283    -0.230686433451410    -0.048642867113813
     0.048642867113813     0.048642867113813     0.326937544787142
63 15
    -0.230686433451410    -0.234968497534282     0.048642867113813
    -0.234968497534283    -0.230686433451410     0.048642867113813
    -0.048642867113813    -0.048642867113813     0.326937544787142
63 16
    -0.230686433451410     0.234968497534282     0.048642867113813
     0.234968497534283    -0.230686433451410    -0.048642867113813
    -0.048642867113813     0.048642867113813     0.326937544787142
63 17
    -0.104555772804815    -0.040372017974732     0.040372017974732
    -0.040372017974732    -0.025183232673953     0.029356550294324
     0.040372017974732     0.029356550294324    -0.025183232673953
63 18
     0.005425711287899    -0.007810478928150     0.007810478928150
    -0.007810478928150     0.005425711287899     0.007810478928150
     0.007810478928150     0.007810478928150     0.005425711287899
63 19
     0.060418029943321    -0.022368424833985     0.037259271994117
    -0.022368424833985     0.060418029943321     0.037259271994117
     0.037259271994117     0.037259271994117     0.030353763622770
63 20
    -0.025183232673953    -0.040372017974732     0.029356550294324
    -0.040372017974732    -0.104555772804815     0.040372017974732
     0.029356550294324     0.040372017974732    -0.025183232673953
63 21
     0.060418029943321    -0.037259271994117     0.022368424833985
    -0.037259271994117     0.030353763622770     0.037259271994117
     0.022368424833985     0.037259271994117     0.060418029943321
63 22
    -0.025183232673953    -0.029356550294324     0.040372017974732
    -0.029356550294324    -0.025183232673953     0.040372017974732
     0.040372017974732     0.040372017974732    -0.104555772804815
63 23
    -3.322380731651718    -2.515143668279052     2.515143668279051
    -2.515143668279052    -3.322380731651720     2.515143668279052
     2.515143668279051     2.515143668279052    -3.322380731651718
63 24
     0.030353763622770    -0.037259271994117     0.037259271994117
    -0.037259271994117     0.060418029943321     0.022368424833985
     0.037259271994117     0.022368424833985     0.060418029943321
63 25
    -0.026877338996201    -0.010440718779137    -0.040986281237565
     0.010440718779137     0.003309412613817    -0.010440718779137
    -0.040986281237565     0.010440718779137    -0.026877338996201
63 26
    -0.026877338996201    -0.010440718779137     0.040986281237565
     0.010440718779137     0.003309412613817     0.010440718779137
     0.040986281237565    -0.010440718779137    -0.026877338996201
63 27
    -0.230686433451410    -0.048642867113813     0.234968497534282
     0.048642867113813     0.326937544787143    -0.048642867113813
     0.234968497534282     0.048642867113813    -0.230686433451410
63 28
    -0.230686433451410    -0.048642867113813    -0.234968497534283
     0.048642867113813     0.326937544787143     0.048642867113813
    -0.234968497534282    -0.048642867113813    -0.230686433451410
63 29
    -0.026877338996201     0.010440718779137     0.040986281237565
    -0.010440718779137     0.003309412613817    -0.010440718779137
     0.040986281237565     0.010440718779137    -0.026877338996201
63 30
    -0.026877338996201     0.010440718779137    -0.040986281237565
    -0.010440718779137     0.003309412613817     0.010440718779137
    -0.040986281237565    -0.010440718779137    -0.026877338996201
63 31
    -0.230686433451410     0.048642867113813    -0.234968497534282
    -0.048642867113813     0.326937544787143    -0.048642867113813
    -0.234968497534283     0.048642867113813    -0.230686433451410
63 32
    -0.230686433451410     0.048642867113813     0.234968497534282
    -0.048642867113813     0.326937544787143     0.048642867113813
     0.234968497534282    -0.048642867113813    -0.230686433451410
63 33
    -0.104555772804815    -0.040372017974732    -0.040372017974732
    -0.040372017974732    -0.025183232673953    -0.029356550294324
    -0.040372017974732    -0.029356550294324    -0.025183232673953
63 34
     0.005425711287899    -0.007810478928150    -0.007810478928150
    -0.007810478928150     0.005425711287899    -0.007810478928150
    -0.007810478928150    -0.007810478928150     0.005425711287899
63 35
     0.060418029943321    -0.022368424833985    -0.037259271994117
    -0.022368424833985     0.060418029943321    -0.037259271994117
    -0.037259271994117    -0.037259271994117     0.030353763622770
63 36
    -0.025183232673953    -0.040372017974732    -0.029356550294324
    -0.040372017974732    -0.104555772804815    -0.040372017974732
    -0.029356550294324    -0.040372017974732    -0.025183232673953
63 37
     0.060418029943321    -0.037259271994117    -0.022368424833985
    -0.037259271994117     0.030353763622770    -0.037259271994117
    -0.022368424833985    -0.037259271994117     0.060418029943321
63 38
    -0.025183232673953    -0.029356550294324    -0.040372017974732
    -0.029356550294324    -0.025183232673953    -0.040372017974732
    -0.040372017974732    -0.040372017974732    -0.104555772804815
63 39
    -3.322380731651718    -2.515143668279052    -2.515143668279051
    -2.515143668279052    -3.322380731651720    -2.515143668279052
    -2.515143668279051    -2.515143668279052    -3.322380731651718
63 40
     0.030353763622770    -0.037259271994117    -0.037259271994117
    -0.037259271994117     0.060418029943321    -0.022368424833985
    -0.037259271994117    -0.022368424833985     0.060418029943321
63 41
     0.326937544787142     0.048642867113813     0.048642867113813
    -0.048642867113813    -0.230686433451410    -0.234968497534282
    -0.048642867113813    -0.234968497534282    -0.230686433451410
63 42
     0.003309412613817     0.010440718779137     0.010440718779137
    -0.010440718779137    -0.026877338996201     0.040986281237565
    -0.010440718779137     0.040986281237565    -0.026877338996201
63 43
     0.326937544787142     0.048642867113813    -0.048642867113813
    -0.048642867113813    -0.230686433451410     0.234968497534283
     0.048642867113813     0.234968497534282    -0.230686433451410
63 44
     0.003309412613817     0.010440718779137    -0.010440718779137
    -0.010440718779137    -0.026877338996201    -0.040986281237565
     0.010440718779137    -0.040986281237565    -0.026877338996201
63 45
     0.326937544787142    -0.048642867113813     0.048642867113813
     0.048642867113813    -0.230686433451410     0.234968497534282
    -0.048642867113813     0.234968497534283    -0.230686433451410
63 46
     0.003309412613817    -0.010440718779137     0.010440718779137
     0.010440718779137    -0.026877338996201    -0.040986281237565
    -0.010440718779137    -0.040986281237565    -0.026877338996201
63 47
     0.326937544787142    -0.048642867113813    -0.048642867113813
     0.048642867113813    -0.230686433451410    -0.234968497534283
     0.048642867113813    -0.234968497534283    -0.230686433451410
63 48
     0.003309412613817    -0.010440718779137    -0.010440718779137
     0.010440718779137    -0.026877338996201     0.040986281237565
     0.010440718779137     0.040986281237565    -0.026877338996201
63 49
    -0.104555772804815     0.040372017974732     0.040372017974732
     0.040372017974732    -0.025183232673953    -0.029356550294324
     0.040372017974732    -0.029356550294324    -0.025183232673953
63 50
     0.005425711287899     0.007810478928150     0.007810478928150
     0.007810478928150     0.005425711287899    -0.007810478928150
     0.007810478928150    -0.007810478928150     0.005425711287899
63 51
     0.060418029943321     0.022368424833985     0.037259271994117
     0.022368424833985     0.060418029943321    -0.037259271994117
     0.037259271994117    -0.037259271994117     0.030353763622770
63 52
    -0.025183232673953     0.040372017974732     0.029356550294324
     0.040372017974732    -0.104555772804815    -0.040372017974732
     0.029356550294324    -0.040372017974732    -0.025183232673953
63 53
     0.060418029943321     0.037259271994117     0.022368424833985
     0.037259271994117     0.030353763622770    -0.037259271994117
     0.022368424833985    -0.037259271994117     0.060418029943321
63 54
    -0.025183232673953     0.029356550294324     0.040372017974732
     0.029356550294324    -0.025183232673953    -0.040372017974732
     0.040372017974732    -0.040372017974732    -0.104555772804815
63 55
    -3.322380731651718     2.515143668279051     2.515143668279052
     2.515143668279052    -3.322380731651720    -2.515143668279053
     2.515143668279051    -2.515143668279051    -3.322380731651720
63 56
     0.030353763622770     0.037259271994117     0.037259271994117
     0.037259271994117     0.060418029943321    -0.022368424833985
     0.037259271994117    -0.022368424833985     0.060418029943321
63 57
     0.192951181134049     0.000000000000000    -0.000000000000000
    -0.000000000000000    -0.002013487346630    -0.000000000000000
     0.000000000000000    -0.000000000000000    -0.002013487346630
63 58
    -0.008785683121459    -0.000000000000000    -0.000000000000000
    -0.000000000000000    -0.008785683121459     0.000000000000000
    -0.000000000000000    -0.000000000000000    -0.008785683121459
63 59
    -0.063411041583095     0.000000000000000    -0.000000000000000
    -0.000000000000000    -0.063411041583095     0.000000000000000
    -0.000000000000000    -0.000000000000000    -0.067616379192259
63 60
    -0.002013487346630     0.000000000000000     0.000000000000000
     0.000000000000000     0.192951181134049    -0.000000000000000
     0.000000000000000    -0.000000000000000    -0.002013487346630
63 61
    -0.063411041583095     0.000000000000000    -0.000000000000000
    -0.000000000000000    -0.067616379192259     0.000000000000000
    -0.000000000000000    -0.000000000000000    -0.063411041583095
63 62
    -0.002013487346630     0.000000000000000    -0.000000000000000
    -0.000000000000000    -0.002013487346630    -0.000000000000000
    -0.000000000000000    -0.000000000000000     0.192951181134049
63 63
    14.036572029044686     0.000000000000000    -0.000000000000000
     0.000000000000000    14.036572029044695     0.000000000000000
    -0.000000000000000     0.000000000000000    14.036572029044688
63 64
    -0.067616379192259     0.000000000000000     0.000000000000000
    -0.000000000000000    -0.063411041583095     0.000000000000000
    -0.000000000000000    -0.000000000000000    -0.063411041583095
64 1
     0.005425711287899     0.007810478928150    -0.007810478928150
     0.007810478928150     0.005425711287898     0.007810478928150
    -0.007810478928150     0.007810478928150     0.005425711287899
64 2
    -0.104555772804815     0.040372017974732    -0.040372017974732
     0.040372017974732    -0.025183232673953     0.029356550294324
    -0.040372017974732     0.029356550294324    -0.025183232673953
64 3
    -0.025183232673953     0.040372017974732    -0.029356550294324
     0.040372017974732    -0.104555772804815     0.040372017974732
    -0.029356550294324     0.040372017974732    -0.025183232673953
64 4
     0.060418029943321     0.022368424833985    -0.037259271994117
     0.022368424833985     0.060418029943321     0.037259271994117
    -0.037259271994117     0.037259271994117     0.030353763622770
64 5
    -0.025183232673953     0.029356550294324    -0.040372017974732
     0.029356550294324    -0.025183232673953     0.040372017974732
    -0.040372017974732     0.040372017974732    -0.104555772804815
64 6
     0.060418029943321     0.037259271994117    -0.022368424833985
     0.037259271994117     0.030353763622770     0.037259271994117
    -0.022368424833985     0.037259271994117     0.060418029943321
64 7
     0.030353763622770     0.037259271994117    -0.037259271994117
     0.037259271994117     0.060418029943321     0.022368424833985
    -0.037259271994117     0.022368424833985     0.060418029943321
64 8
    -3.322380731651720     2.515143668279051    -2.515143668279051
     2.515143668279052    -3.322380731651718     2.515143668279051
    -2.515143668279053     2.515143668279052    -3.322380731651720
64 9
    -0.026877338996201     0.040986281237565    -0.010440718779137
     0.040986281237565    -0.026877338996201    -0.010440718779137
     0.010440718779137     0.010440718779137     0.003309412613817
64 10
    -0.026877338996201    -0.040986281237565    -0.010440718779137
    -0.040986281237565    -0.026877338996201     0.010440718779137
     0.010440718779137    -0.010440718779137     0.003309412613817
64 11
    -0.026877338996201    -0.040986281237565     0.010440718779137
    -0.040986281237565    -0.026877338996201    -0.010440718779137
    -0.010440718779137     0.010440718779137     0.003309412613817
64 12
    -0.026877338996201     0.040986281237565     0.010440718779137
     0.040986281237565    -0.026877338996201     0.010440718779137
    -0.010440718779137    -0.010440718779137     0.003309412613817
64 13
    -0.230686433451410    -0.234968497534283    -0.048642867113813
    -0.234968497534282    -0.230686433451410    -0.048642867113813
     0.048642867113813     0.048642867113813     0.326937544787143
64 14
    -0.230686433451410     0.234968497534282    -0.048642867113813
     0.234968497534283    -0.230686433451410     0.048642867113813
     0.048642867113813    -0.048642867113813     0.326937544787143
64 15
    -0.230686433451410     0.234968497534282     0.048642867113813
     0.234968497534283    -0.230686433451410    -0.048642867113813
    -0.048642867113813     0.048642867113813     0.326937544787143
64 16
    -0.230686433451410    -0.234968497534282     0.048642867113813
    -0.234968497534283    -0.230686433451410     0.048642867113813
    -0.048642867113813    -0.048642867113813     0.326937544787143
64 17
     0.005425711287899    -0.007810478928150     0.007810478928150
    -0.007810478928150     0.005425711287899     0.007810478928150
     0.007810478928150     0.007810478928150     0.005425711287899
64 18
    -0.104555772804815    -0.040372017974732     0.040372017974732
    -0.040372017974732    -0.025183232673953     0.029356550294324
     0.040372017974732     0.029356550294324    -0.025183232673953
64 19
    -0.025183232673953    -0.040372017974732     0.029356550294324
    -0.040372017974732    -0.104555772804815     0.040372017974732
     0.029356550294324     0.040372017974732    -0.025183232673953
64 20
     0.060418029943321    -0.022368424833985     0.037259271994117
    -0.022368424833985     0.060418029943321     0.037259271994117
     0.037259271994117     0.037259271994117     0.030353763622770
64 21
    -0.025183232673953    -0.029356550294324     0.040372017974732
    -0.029356550294324    -0.025183232673953     0.040372017974732
     0.040372017974732     0.040372017974732    -0.104555772804815
64 22
     0.060418029943321    -0.037259271994117     0.022368424833985
    -0.037259271994117     0.030353763622770     0.037259271994117
     0.022368424833985     0.037259271994117     0.060418029943321
64 23
     0.030353763622770    -0.037259271994117     0.037259271994117
    -0.037259271994117     0.060418029943321     0.022368424833985
     0.037259271994117     0.022368424833985     0.060418029943321
64 24
    -3.322380731651718    -2.515143668279051     2.515143668279052
    -2.515143668279051    -3.322380731651718     2.515143668279052
     2.515143668279052     2.515143668279052    -3.322380731651720
64 25
    -0.026877338996201    -0.010440718779137     0.040986281237565
     0.010440718779137     0.003309412613817     0.010440718779137
     0.040986281237565    -0.010440718779137    -0.026877338996201
64 26
    -0.026877338996201    -0.010440718779137    -0.040986281237565
     0.010440718779137     0.003309412613817    -0.010440718779137
    -0.040986281237565     0.010440718779137    -0.026877338996201
64 27
    -0.230686433451410    -0.048642867113813    -0.234968497534282
     0.048642867113813     0.326937544787143     0.048642867113813
    -0.234968497534282    -0.048642867113813    -0.230686433451410
64 28
    -0.230686433451410    -0.048642867113813     0.234968497534282
     0.048642867113813     0.326937544787142    -0.048642867113813
     0.234968497534283     0.048642867113813    -0.230686433451410
64 29
    -0.026877338996201     0.010440718779137    -0.040986281237565
    -0.010440718779137     0.003309412613817     0.010440718779137
    -0.040986281237565    -0.010440718779137    -0.026877338996201
64 30
    -0.026877338996201     0.010440718779137     0.040986281237565
    -0.010440718779137     0.003309412613817    -0.010440718779137
     0.040986281237565     0.010440718779137    -0.026877338996201
64 31
    -0.230686433451410     0.048642867113813     0.234968497534282
    -0.048642867113813     0.326937544787142     0.048642867113813
     0.234968497534283    -0.048642867113813    -0.230686433451410
64 32
    -0.230686433451410     0.048642867113813    -0.234968497534282
    -0.048642867113813     0.326937544787142    -0.048642867113813
    -0.234968497534282     0.048642867113813    -0.230686433451410
64 33
     0.005425711287899    -0.007810478928150    -0.007810478928150
    -0.007810478928150     0.005425711287899    -0.007810478928150
    -0.007810478928150    -0.007810478928150     0.005425711287898
64 34
    -0.104555772804815    -0.040372017974732    -0.040372017974732
    -0.040372017974732    -0.025183232673953    -0.029356550294324
    -0.040372017974732    -0.029356550294324    -0.025183232673953
64 35
    -0.025183232673953    -0.040372017974732    -0.029356550294324
    -0.040372017974732    -0.104555772804815    -0.040372017974732
    -0.029356550294324    -0.040372017974732    -0.025183232673953
64 36
     0.060418029943321    -0.022368424833985    -0.037259271994117
    -0.022368424833985     0.060418029943321    -0.037259271994117
    -0.037259271994117    -0.037259271994117     0.030353763622770
64 37
    -0.025183232673953    -0.029356550294324    -0.040372017974732
    -0.029356550294324    -0.025183232673953    -0.040372017974732
    -0.040372017974732    -0.040372017974732    -0.104555772804815
64 38
     0.060418029943321    -0.037259271994117    -0.022368424833985
    -0.037259271994117     0.030353763622770    -0.037259271994117
    -0.022368424833985    -0.037259271994117     0.060418029943321
64 39
     0.030353763622770    -0.037259271994117    -0.037259271994117
    -0.037259271994117     0.060418029943321    -0.022368424833985
    -0.037259271994117    -0.022368424833985     0.060418029943321
64 40
    -3.322380731651720    -2.515143668279051    -2.515143668279051
    -2.515143668279052    -3.322380731651718    -2.515143668279051
    -2.515143668279053    -2.515143668279052    -3.322380731651720
64 41
     0.003309412613817     0.010440718779137     0.010440718779137
    -0.010440718779137    -0.026877338996201     0.040986281237565
    -0.010440718779137     0.040986281237565    -0.026877338996201
64 42
     0.326937544787143     0.048642867113813     0.048642867113813
    -0.048642867113813    -0.230686433451410    -0.234968497534283
    -0.048642867113813    -0.234968497534282    -0.230686433451410
64 43
     0.003309412613817     0.010440718779137    -0.010440718779137
    -0.010440718779137    -0.026877338996201    -0.040986281237565
     0.010440718779137    -0.040986281237565    -0.026877338996201
64 44
     0.326937544787143     0.048642867113813    -0.048642867113813
    -0.048642867113813    -0.230686433451410     0.234968497534282
     0.048642867113813     0.234968497534282    -0.230686433451410
64 45
     0.003309412613817    -0.010440718779137     0.010440718779137
     0.010440718779137    -0.026877338996201    -0.040986281237565
    -0.010440718779137    -0.040986281237565    -0.026877338996201
64 46
     0.326937544787143    -0.048642867113813     0.048642867113813
     0.048642867113813    -0.230686433451410     0.234968497534283
    -0.048642867113813     0.234968497534282    -0.230686433451410
64 47
     0.003309412613817    -0.010440718779137    -0.010440718779137
     0.010440718779137    -0.026877338996201     0.040986281237565
     0.010440718779137     0.040986281237565    -0.026877338996201
64 48
     0.326937544787143    -0.048642867113813    -0.048642867113813
     0.048642867113813    -0.230686433451410    -0.234968497534282
     0.048642867113813    -0.234968497534282    -0.230686433451410
64 49
     0.005425711287899     0.007810478928150     0.007810478928150
     0.007810478928150     0.005425711287899    -0.007810478928150
     0.007810478928150    -0.007810478928150     0.005425711287899
64 50
    -0.104555772804815     0.040372017974732     0.040372017974732
     0.040372017974732    -0.025183232673953    -0.029356550294324
     0.040372017974732    -0.029356550294324    -0.025183232673953
64 51
    -0.025183232673953     0.040372017974732     0.029356550294324
     0.040372017974732    -0.104555772804815    -0.040372017974732
     0.029356550294324    -0.040372017974732    -0.025183232673953
64 52
     0.060418029943321     0.022368424833985     0.037259271994117
     0.022368424833985     0.060418029943321    -0.037259271994117
     0.037259271994117    -0.037259271994117     0.030353763622770
64 53
    -0.025183232673953     0.029356550294324     0.040372017974732
     0.029356550294324    -0.025183232673953    -0.040372017974732
     0.040372017974732    -0.040372017974732    -0.104555772804815
64 54
     0.060418029943321     0.037259271994117     0.022368424833985
     0.037259271994117     0.030353763622770    -0.037259271994117
     0.022368424833985    -0.037259271994117     0.060418029943321
64 55
     0.030353763622770     0.037259271994117     0.037259271994117
     0.037259271994117     0.060418029943321    -0.022368424833985
     0.037259271994117    -0.022368424833985     0.060418029943321
64 56
    -3.322380731651718     2.515143668279051     2.515143668279052
     2.515143668279051    -3.322380731651718    -2.515143668279052
     2.515143668279052    -2.515143668279052    -3.322380731651720
64 57
    -0.008785683121459     0.000000000000000    -0.000000000000000
    -0.000000000000000    -0.008785683121459    -0.000000000000000
     0.000000000000000     0.000000000000000    -0.008785683121459
64 58
     0.192951181134049    -0.000000000000000    -0.000000000000000
     0.000000000000000    -0.002013487346630    -0.000000000000000
     0.000000000000000     0.000000000000000    -0.002013487346630
64 59
    -0.002013487346630     0.000000000000000    -0.000000000000000
    -0.000000000000000     0.192951181134049    -0.000000000000000
     0.000000000000000    -0.000000000000000    -0.002013487346630
64 60
    -0.063411041583095    -0.000000000000000    -0.000000000000000
     0.000000000000000    -0.063411041583095    -0.000000000000000
     0.000000000000000    -0.000000000000000    -0.067616379192259
64 61
    -0.002013487346630     0.000000000000000    -0.000000000000000
     0.000000000000000    -0.002013487346630    -0.000000000000000
     0.000000000000000    -0.000000000000000     0.192951181134049
64 62
    -0.063411041583095     0.000000000000000    -0.000000000000000
    -0.000000000000000    -0.067616379192259    -0.000000000000000
     0.000000000000000    -0.000000000000000    -0.063411041583095
64 63
    -0.067616379192259    -0.000000000000000    -0.000000000000000
     0.000000000000000    -0.063411041583095    -0.000000000000000
     0.000000000000000     0.000000000000000    -0.063411041583095
64 64
    14.036572029044688     0.000000000000000     0.000000000000000
     0.000000000000000    14.036572029044686     0.000000000000000
     0.000000000000000     0.000000000000000    14.036572029044692