  64   64
1 1
    12.253916845503454     0.000000000000000     0.000000000000000
     0.000000000000000    12.253916845503454     0.000000000000000
     0.000000000000000     0.000000000000000    12.253916845503449
1 2
    -0.033382157715778     0.000000000000000    -0.000000000000000
    -0.000000000000000    -0.061525177596877     0.000000000000000
     0.000000000000000    -0.000000000000000    -0.061525177596877
1 3
    -0.061525177596877    -0.000000000000000    -0.000000000000000
    -0.000000000000000    -0.033382157715778     0.000000000000000
     0.000000000000000    -0.000000000000000    -0.061525177596877
1 4
    -0.011262453489280    -0.000000000000000     0.000000000000000
    -0.000000000000000    -0.011262453489280     0.000000000000000
    -0.000000000000000     0.000000000000000     0.217939354325836
1 5
    -0.061525177596877    -0.000000000000000    -0.000000000000000
     0.000000000000000    -0.061525177596877     0.000000000000000
     0.000000000000000    -0.000000000000000    -0.033382157715778
1 6
    -0.011262453489280    -0.000000000000000     0.000000000000000
     0.000000000000000     0.217939354325836     0.000000000000000
     0.000000000000000     0.000000000000000    -0.011262453489280
1 7
     0.217939354325836     0.000000000000000     0.000000000000000
    -0.000000000000000    -0.011262453489280    -0.000000000000000
     0.000000000000000    -0.000000000000000    -0.011262453489280
1 8
    -0.005654635396013    -0.000000000000000    -0.000000000000000
     0.000000000000000    -0.005654635396013     0.000000000000000
    -0.000000000000000    -0.000000000000000    -0.005654635396013
1 9
     0.065669057795503     0.034618866084202     0.028412563915481
     0.034618866084202     0.005073655330534    -0.034618866084202
     0.028412563915481    -0.034618866084202     0.065669057795503
1 10
    -0.019563048743976     0.021684910461772     0.035574529101723
     0.021684910461772    -0.019563048743976    -0.035574529101723
     0.035574529101723    -0.035574529101723    -0.116302803661483
1 11
    -2.936375630241628     1.981126959435641     1.981126959435641
     1.981126959435642    -2.936375630241628    -1.981126959435642
     1.981126959435642    -1.981126959435641    -2.936375630241627
1 12
     0.005073655330534     0.034618866084202     0.034618866084202
     0.034618866084202     0.065669057795503    -0.028412563915481
     0.034618866084202    -0.028412563915481     0.065669057795503
1 13
    -0.116302803661483     0.035574529101723     0.035574529101723
     0.035574529101723    -0.019563048743976    -0.021684910461772
     0.035574529101723    -0.021684910461772    -0.019563048743976
1 14
     0.005100415756942     0.009146978118224     0.009146978118224
     0.009146978118224     0.005100415756942    -0.009146978118224
     0.009146978118224    -0.009146978118224     0.005100415756942
1 15
     0.065669057795503     0.028412563915481     0.034618866084202
     0.028412563915481     0.065669057795503    -0.034618866084202
     0.034618866084202    -0.034618866084202     0.005073655330534
1 16
    -0.019563048743976     0.035574529101723     0.021684910461772
     0.035574529101723    -0.116302803661483    -0.035574529101723
     0.021684910461772    -0.035574529101723    -0.019563048743976
1 17
     0.325400609136750    -0.061054110119585     0.061054110119585
     0.061054110119585    -0.197889187410283     0.203163101105019
    -0.061054110119585     0.203163101105019    -0.197889187410283
1 18
     0.006056474586558    -0.012401695039443     0.012401695039443
     0.012401695039443    -0.028598700163229    -0.039918368565850
    -0.012401695039443    -0.039918368565850    -0.028598700163229
1 19
     0.325400609136750    -0.061054110119585    -0.061054110119585
     0.061054110119585    -0.197889187410283    -0.203163101105020
     0.061054110119585    -0.203163101105019    -0.197889187410283
1 20
     0.006056474586558    -0.012401695039443    -0.012401695039443
     0.012401695039443    -0.028598700163229     0.039918368565850
     0.012401695039443     0.039918368565850    -0.028598700163229
1 21
     0.325400609136750     0.061054110119585     0.061054110119585
    -0.061054110119585    -0.197889187410283    -0.203163101105020
    -0.061054110119585    -0.203163101105019    -0.197889187410283
1 22
     0.006056474586558     0.012401695039443     0.012401695039443
    -0.012401695039443    -0.028598700163229     0.039918368565850
    -0.012401695039443     0.039918368565850    -0.028598700163229
1 23
     0.325400609136750     0.061054110119585    -0.061054110119585
    -0.061054110119585    -0.197889187410283     0.203163101105019
     0.061054110119585     0.203163101105019    -0.197889187410283
1 24
     0.006056474586558     0.012401695039443    -0.012401695039443
    -0.012401695039443    -0.028598700163229    -0.039918368565850
     0.012401695039443    -0.039918368565850    -0.028598700163229
1 25
    -2.936375630241628    -1.981126959435641    -1.981126959435641
    -1.981126959435642    -2.936375630241628    -1.981126959435642
    -1.981126959435642    -1.981126959435641    -2.936375630241627
1 26
     0.005073655330534    -0.034618866084202    -0.034618866084202
    -0.034618866084202     0.065669057795503    -0.028412563915481
    -0.034618866084202    -0.028412563915481     0.065669057795503
1 27
     0.065669057795503    -0.034618866084202    -0.028412563915481
    -0.034618866084202     0.005073655330534    -0.034618866084202
    -0.028412563915481    -0.034618866084202     0.065669057795503
1 28
    -0.019563048743976    -0.021684910461772    -0.035574529101723
    -0.021684910461772    -0.019563048743976    -0.035574529101723
    -0.035574529101723    -0.035574529101723    -0.116302803661483
1 29
     0.065669057795503    -0.028412563915481    -0.034618866084202
    -0.028412563915481     0.065669057795503    -0.034618866084202
    -0.034618866084202    -0.034618866084202     0.005073655330534
1 30
    -0.019563048743976    -0.035574529101723    -0.021684910461772
    -0.035574529101723    -0.116302803661483    -0.035574529101723
    -0.021684910461772    -0.035574529101723    -0.019563048743976
1 31
    -0.116302803661483    -0.035574529101723    -0.035574529101723
    -0.035574529101723    -0.019563048743976    -0.021684910461772
    -0.035574529101723    -0.021684910461772    -0.019563048743976
1 32
     0.005100415756942    -0.009146978118224    -0.009146978118224
    -0.009146978118224     0.005100415756942    -0.009146978118224
    -0.009146978118224    -0.009146978118224     0.005100415756942
1 33
    -0.197889187410283     0.061054110119585    -0.203163101105019
    -0.061054110119585     0.325400609136750    -0.061054110119585
    -0.203163101105019     0.061054110119585    -0.197889187410283
1 34
    -0.197889187410283     0.061054110119585     0.203163101105019
    -0.061054110119585     0.325400609136750     0.061054110119585
     0.203163101105019    -0.061054110119585    -0.197889187410283
1 35
    -0.028598700163229     0.012401695039443     0.039918368565850
    -0.012401695039443     0.006056474586558    -0.012401695039443
     0.039918368565850     0.012401695039443    -0.028598700163229
1 36
    -0.028598700163229     0.012401695039443    -0.039918368565850
    -0.012401695039443     0.006056474586558     0.012401695039443
    -0.039918368565850    -0.012401695039443    -0.028598700163229
1 37
    -0.197889187410283    -0.061054110119585     0.203163101105019
     0.061054110119585     0.325400609136750    -0.061054110119585
     0.203163101105019     0.061054110119585    -0.197889187410283
1 38
    -0.197889187410283    -0.061054110119585    -0.203163101105019
     0.061054110119585     0.325400609136750     0.061054110119585
    -0.203163101105019    -0.061054110119585    -0.197889187410283
1 39
    -0.028598700163229    -0.012401695039443    -0.039918368565850
     0.012401695039443     0.006056474586558    -0.012401695039443
    -0.039918368565850     0.012401695039443    -0.028598700163229
1 40
    -0.028598700163229    -0.012401695039443     0.039918368565850
     0.012401695039443     0.006056474586558     0.012401695039443
     0.039918368565850    -0.012401695039443    -0.028598700163229
1 41
     0.065669057795503    -0.034618866084202     0.028412563915481
    -0.034618866084202     0.005073655330534     0.034618866084202
     0.028412563915481     0.034618866084202     0.065669057795503
1 42
    -0.019563048743976    -0.021684910461772     0.035574529101723
    -0.021684910461772    -0.019563048743976     0.035574529101723
     0.035574529101723     0.035574529101723    -0.116302803661483
1 43
    -2.936375630241628    -1.981126959435641     1.981126959435641
    -1.981126959435642    -2.936375630241628     1.981126959435642
     1.981126959435642     1.981126959435641    -2.936375630241626
1 44
     0.005073655330534    -0.034618866084202     0.034618866084202
    -0.034618866084202     0.065669057795503     0.028412563915481
     0.034618866084202     0.028412563915481     0.065669057795503
1 45
    -0.116302803661483    -0.035574529101723     0.035574529101723
    -0.035574529101723    -0.019563048743976     0.021684910461772
     0.035574529101723     0.021684910461772    -0.019563048743976
1 46
     0.005100415756942    -0.009146978118224     0.009146978118224
    -0.009146978118224     0.005100415756942     0.009146978118224
     0.009146978118224     0.009146978118224     0.005100415756942
1 47
     0.065669057795503    -0.028412563915481     0.034618866084202
    -0.028412563915481     0.065669057795503     0.034618866084202
     0.034618866084202     0.034618866084202     0.005073655330534
1 48
    -0.019563048743976    -0.035574529101723     0.021684910461772
    -0.035574529101723    -0.116302803661483     0.035574529101723
     0.021684910461772     0.035574529101723    -0.019563048743976
1 49
    -0.197889187410283     0.203163101105019    -0.061054110119585
     0.203163101105019    -0.197889187410283     0.061054110119585
     0.061054110119585    -0.061054110119585     0.325400609136750
1 50
    -0.197889187410283    -0.203163101105019    -0.061054110119585
    -0.203163101105019    -0.197889187410283    -0.061054110119585
     0.061054110119585     0.061054110119585     0.325400609136750
1 51
    -0.197889187410283    -0.203163101105019     0.061054110119585
    -0.203163101105019    -0.197889187410283     0.061054110119585
    -0.061054110119585    -0.061054110119585     0.325400609136750
1 52
    -0.197889187410283     0.203163101105019     0.061054110119585
     0.203163101105020    -0.197889187410283    -0.061054110119585
    -0.061054110119585     0.061054110119585     0.325400609136750
1 53
    -0.028598700163229    -0.039918368565850    -0.012401695039443
    -0.039918368565850    -0.028598700163229     0.012401695039443
     0.012401695039443    -0.012401695039443     0.006056474586558
1 54
    -0.028598700163229     0.039918368565850    -0.012401695039443
     0.039918368565850    -0.028598700163229    -0.012401695039443
     0.012401695039443     0.012401695039443     0.006056474586558
1 55
    -0.028598700163229     0.039918368565850     0.012401695039443
     0.039918368565850    -0.028598700163229     0.012401695039443
    -0.012401695039443    -0.012401695039443     0.006056474586558
1 56
    -0.028598700163229    -0.039918368565850     0.012401695039443
    -0.039918368565850    -0.028598700163229    -0.012401695039443
    -0.012401695039443     0.012401695039443     0.006056474586558
1 57
    -2.936375630241628     1.981126959435641    -1.981126959435641
     1.981126959435642    -2.936375630241628     1.981126959435642
    -1.981126959435642     1.981126959435641    -2.936375630241626
1 58
     0.005073655330534     0.034618866084202    -0.034618866084202
     0.034618866084202     0.065669057795503     0.028412563915481
    -0.034618866084202     0.028412563915481     0.065669057795503
1 59
     0.065669057795503     0.034618866084202    -0.028412563915481
     0.034618866084202     0.005073655330534     0.034618866084202
    -0.028412563915481     0.034618866084202     0.065669057795503
1 60
    -0.019563048743976     0.021684910461772    -0.035574529101723
     0.021684910461772    -0.019563048743976     0.035574529101723
    -0.035574529101723     0.035574529101723    -0.116302803661483
1 61
     0.065669057795503     0.028412563915481    -0.034618866084202
     0.028412563915481     0.065669057795503     0.034618866084202
    -0.034618866084202     0.034618866084202     0.005073655330534
1 62
    -0.019563048743976     0.035574529101723    -0.021684910461772
     0.035574529101723    -0.116302803661483     0.035574529101723
    -0.021684910461772     0.035574529101723    -0.019563048743976
1 63
    -0.116302803661483     0.035574529101723    -0.035574529101723
     0.035574529101723    -0.019563048743976     0.021684910461772
    -0.035574529101723     0.021684910461772    -0.019563048743976
1 64
     0.005100415756942     0.009146978118224    -0.009146978118224
     0.009146978118224     0.005100415756942     0.009146978118224
    -0.009146978118224     0.009146978118224     0.005100415756942
2 1
    -0.033382157715778    -0.000000000000000     0.000000000000000
     0.000000000000000    -0.061525177596877    -0.000000000000000
    -0.000000000000000     0.000000000000000    -0.061525177596877
2 2
    12.253916845503458     0.000000000000000     0.000000000000000
     0.000000000000000    12.253916845503451    -0.000000000000000
     0.000000000000000    -0.000000000000000    12.253916845503451
2 3
    -0.011262453489280    -0.000000000000000     0.000000000000000
     0.000000000000000    -0.011262453489280     0.000000000000000
    -0.000000000000000     0.000000000000000     0.217939354325836
2 4
    -0.061525177596877    -0.000000000000000     0.000000000000000
    -0.000000000000000    -0.033382157715778    -0.000000000000000
    -0.000000000000000     0.000000000000000    -0.061525177596877
2 5
    -0.011262453489280    -0.000000000000000    -0.000000000000000
     0.000000000000000     0.217939354325836    -0.000000000000000
    -0.000000000000000    -0.000000000000000    -0.011262453489280
2 6
    -0.061525177596877    -0.000000000000000     0.000000000000000
     0.000000000000000    -0.061525177596877    -0.000000000000000
    -0.000000000000000     0.000000000000000    -0.033382157715778
2 7
    -0.005654635396013     0.000000000000000     0.000000000000000
     0.000000000000000    -0.005654635396013    -0.000000000000000
    -0.000000000000000     0.000000000000000    -0.005654635396013
2 8
     0.217939354325836    -0.000000000000000    -0.000000000000000
     0.000000000000000    -0.011262453489280     0.000000000000000
    -0.000000000000000    -0.000000000000000    -0.011262453489280
2 9
    -0.019563048743976     0.021684910461772     0.035574529101723
     0.021684910461772    -0.019563048743976    -0.035574529101723
     0.035574529101723    -0.035574529101723    -0.116302803661483
2 10
     0.065669057795503     0.034618866084202     0.028412563915481
     0.034618866084202     0.005073655330534    -0.034618866084202
     0.028412563915481    -0.034618866084202     0.065669057795503
2 11
     0.005073655330534     0.034618866084202     0.034618866084202
     0.034618866084202     0.065669057795503    -0.028412563915481
     0.034618866084202    -0.028412563915481     0.065669057795503
2 12
    -2.936375630241629     1.981126959435642     1.981126959435642
     1.981126959435642    -2.936375630241627    -1.981126959435641
     1.981126959435642    -1.981126959435641    -2.936375630241627
2 13
     0.005100415756942     0.009146978118224     0.009146978118224
     0.009146978118224     0.005100415756942    -0.009146978118224
     0.009146978118224    -0.009146978118224     0.005100415756942
2 14
    -0.116302803661483     0.035574529101723     0.035574529101723
     0.035574529101723    -0.019563048743976    -0.021684910461772
     0.035574529101723    -0.021684910461772    -0.019563048743976
2 15
    -0.019563048743976     0.035574529101723     0.021684910461772
     0.035574529101723    -0.116302803661483    -0.035574529101723
     0.021684910461772    -0.035574529101723    -0.019563048743976
2 16
     0.065669057795503     0.028412563915481     0.034618866084202
     0.028412563915481     0.065669057795503    -0.034618866084202
     0.034618866084202    -0.034618866084202     0.005073655330534
2 17
     0.006056474586558    -0.012401695039443     0.012401695039443
     0.012401695039443    -0.028598700163229    -0.039918368565850
    -0.012401695039443    -0.039918368565850    -0.028598700163229
2 18
     0.325400609136750    -0.061054110119585     0.061054110119585
     0.061054110119585    -0.197889187410283     0.203163101105019
    -0.061054110119585     0.203163101105019    -0.197889187410283
2 19
     0.006056474586558    -0.012401695039443    -0.012401695039443
     0.012401695039443    -0.028598700163229     0.039918368565850
     0.012401695039443     0.039918368565850    -0.028598700163229
2 20
     0.325400609136750    -0.061054110119585    -0.061054110119585
     0.061054110119585    -0.197889187410283    -0.203163101105019
     0.061054110119585    -0.203163101105019    -0.197889187410283
2 21
     0.006056474586558     0.012401695039443     0.012401695039443
    -0.012401695039443    -0.028598700163229     0.039918368565850
    -0.012401695039443     0.039918368565850    -0.028598700163229
2 22
     0.325400609136750     0.061054110119585     0.061054110119585
    -0.061054110119585    -0.197889187410283    -0.203163101105019
    -0.061054110119585    -0.203163101105019    -0.197889187410283
2 23
     0.006056474586558     0.012401695039443    -0.012401695039443
    -0.012401695039443    -0.028598700163229    -0.039918368565850
     0.012401695039443    -0.039918368565850    -0.028598700163229
2 24
     0.325400609136750     0.061054110119585    -0.061054110119585
    -0.061054110119585    -0.197889187410283     0.203163101105019
     0.061054110119585     0.203163101105019    -0.197889187410283
2 25
     0.005073655330534    -0.034618866084202    -0.034618866084202
    -0.034618866084202     0.065669057795503    -0.028412563915481
    -0.034618866084202    -0.028412563915481     0.065669057795503
2 26
    -2.936375630241629    -1.981126959435642    -1.981126959435642
    -1.981126959435642    -2.936375630241627    -1.981126959435641
    -1.981126959435642    -1.981126959435641    -2.936375630241626
2 27
    -0.019563048743976    -0.021684910461772    -0.035574529101723
    -0.021684910461772    -0.019563048743976    -0.035574529101723
    -0.035574529101723    -0.035574529101723    -0.116302803661483
2 28
     0.065669057795503    -0.034618866084202    -0.028412563915481
    -0.034618866084202     0.005073655330534    -0.034618866084202
    -0.028412563915481    -0.034618866084202     0.065669057795503
2 29
    -0.019563048743976    -0.035574529101723    -0.021684910461772
    -0.035574529101723    -0.116302803661483    -0.035574529101723
    -0.021684910461772    -0.035574529101723    -0.019563048743976
2 30
     0.065669057795503    -0.028412563915481    -0.034618866084202
    -0.028412563915481     0.065669057795503    -0.034618866084202
    -0.034618866084202    -0.034618866084202     0.005073655330534
2 31
     0.005100415756942    -0.009146978118224    -0.009146978118224
    -0.009146978118224     0.005100415756942    -0.009146978118224
    -0.009146978118224    -0.009146978118224     0.005100415756942
2 32
    -0.116302803661483    -0.035574529101723    -0.035574529101723
    -0.035574529101723    -0.019563048743976    -0.021684910461772
    -0.035574529101723    -0.021684910461772    -0.019563048743976
2 33
    -0.197889187410283     0.061054110119585     0.203163101105020
    -0.061054110119585     0.325400609136750     0.061054110119585
     0.203163101105019    -0.061054110119585    -0.197889187410283
2 34
    -0.197889187410283     0.061054110119585    -0.203163101105020
    -0.061054110119585     0.325400609136750    -0.061054110119585
    -0.203163101105019     0.061054110119585    -0.197889187410283
2 35
    -0.028598700163229     0.012401695039443    -0.039918368565850
    -0.012401695039443     0.006056474586558     0.012401695039443
    -0.039918368565850    -0.012401695039443    -0.028598700163229
2 36
    -0.028598700163229     0.012401695039443     0.039918368565850
    -0.012401695039443     0.006056474586558    -0.012401695039443
     0.039918368565850     0.012401695039443    -0.028598700163229
2 37
    -0.197889187410283    -0.061054110119585    -0.203163101105019
     0.061054110119585     0.325400609136750     0.061054110119585
    -0.203163101105019    -0.061054110119585    -0.197889187410283
2 38
    -0.197889187410283    -0.061054110119585     0.203163101105019
     0.061054110119585     0.325400609136750    -0.061054110119585
     0.203163101105019     0.061054110119585    -0.197889187410283
2 39
    -0.028598700163229    -0.012401695039443     0.039918368565850
     0.012401695039443     0.006056474586558     0.012401695039443
     0.039918368565850    -0.012401695039443    -0.028598700163229
2 40
    -0.028598700163229    -0.012401695039443    -0.039918368565850
     0.012401695039443     0.006056474586558    -0.012401695039443
    -0.039918368565850     0.012401695039443    -0.028598700163229
2 41
    -0.019563048743976    -0.021684910461772     0.035574529101723
    -0.021684910461772    -0.019563048743976     0.035574529101723
     0.035574529101723     0.035574529101723    -0.116302803661483
2 42
     0.065669057795503    -0.034618866084202     0.028412563915481
    -0.034618866084202     0.005073655330534     0.034618866084202
     0.028412563915481     0.034618866084202     0.065669057795503
2 43
     0.005073655330534    -0.034618866084202     0.034618866084202
    -0.034618866084202     0.065669057795503     0.028412563915481
     0.034618866084202     0.028412563915481     0.065669057795503
2 44
    -2.936375630241629    -1.981126959435642     1.981126959435642
    -1.981126959435642    -2.936375630241627     1.981126959435641
     1.981126959435642     1.981126959435641    -2.936375630241626
2 45
     0.005100415756942    -0.009146978118224     0.009146978118224
    -0.009146978118224     0.005100415756942     0.009146978118224
     0.009146978118224     0.009146978118224     0.005100415756942
2 46
    -0.116302803661483    -0.035574529101723     0.035574529101723
    -0.035574529101723    -0.019563048743976     0.021684910461772
     0.035574529101723     0.021684910461772    -0.019563048743976
2 47
    -0.019563048743976    -0.035574529101723     0.021684910461772
    -0.035574529101723    -0.116302803661483     0.035574529101723
     0.021684910461772     0.035574529101723    -0.019563048743976
2 48
     0.065669057795503    -0.028412563915481     0.034618866084202
    -0.028412563915481     0.065669057795503     0.034618866084202
     0.034618866084202     0.034618866084202     0.005073655330534
2 49
    -0.197889187410283    -0.203163101105020    -0.061054110119585
    -0.203163101105019    -0.197889187410283    -0.061054110119585
     0.061054110119585     0.061054110119585     0.325400609136750
2 50
    -0.197889187410283     0.203163101105019    -0.061054110119585
     0.203163101105019    -0.197889187410283     0.061054110119585
     0.061054110119585    -0.061054110119585     0.325400609136750
2 51
    -0.197889187410283     0.203163101105020     0.061054110119585
     0.203163101105019    -0.197889187410283    -0.061054110119585
    -0.061054110119585     0.061054110119585     0.325400609136750
2 52
    -0.197889187410283    -0.203163101105019     0.061054110119585
    -0.203163101105019    -0.197889187410283     0.061054110119585
    -0.061054110119585    -0.061054110119585     0.325400609136750
2 53
    -0.028598700163229     0.039918368565850    -0.012401695039443
     0.039918368565850    -0.028598700163229    -0.012401695039443
     0.012401695039443     0.012401695039443     0.006056474586558
2 54
    -0.028598700163229    -0.039918368565850    -0.012401695039443
    -0.039918368565850    -0.028598700163229     0.012401695039443
     0.012401695039443    -0.012401695039443     0.006056474586558
2 55
    -0.028598700163229    -0.039918368565850     0.012401695039443
    -0.039918368565850    -0.028598700163229    -0.012401695039443
    -0.012401695039443     0.012401695039443     0.006056474586558
2 56
    -0.028598700163229     0.039918368565850     0.012401695039443
     0.039918368565850    -0.028598700163229     0.012401695039443
    -0.012401695039443    -0.012401695039443     0.006056474586558
2 57
     0.005073655330534     0.034618866084202    -0.034618866084202
     0.034618866084202     0.065669057795503     0.028412563915481
    -0.034618866084202     0.028412563915481     0.065669057795503
2 58
    -2.936375630241628     1.981126959435642    -1.981126959435642
     1.981126959435641    -2.936375630241627     1.981126959435642
    -1.981126959435641     1.981126959435641    -2.936375630241628
2 59
    -0.019563048743976     0.021684910461772    -0.035574529101723
     0.021684910461772    -0.019563048743976     0.035574529101723
    -0.035574529101723     0.035574529101723    -0.116302803661483
2 60
     0.065669057795503     0.034618866084202    -0.028412563915481
     0.034618866084202     0.005073655330534     0.034618866084202
    -0.028412563915481     0.034618866084202     0.065669057795503
2 61
    -0.019563048743976     0.035574529101723    -0.021684910461772
     0.035574529101723    -0.116302803661483     0.035574529101723
    -0.021684910461772     0.035574529101723    -0.019563048743976
2 62
     0.065669057795503     0.028412563915481    -0.034618866084202
     0.028412563915481     0.065669057795503     0.034618866084202
    -0.034618866084202     0.034618866084202     0.005073655330534
2 63
     0.005100415756942     0.009146978118224    -0.009146978118224
     0.009146978118224     0.005100415756942     0.009146978118224
    -0.009146978118224     0.009146978118224     0.005100415756942
2 64
    -0.116302803661483     0.035574529101723    -0.035574529101723
     0.035574529101723    -0.019563048743976     0.021684910461772
    -0.035574529101723     0.021684910461772    -0.019563048743976
3 1
    -0.061525177596877    -0.000000000000000     0.000000000000000
    -0.000000000000000    -0.033382157715778    -0.000000000000000
    -0.000000000000000     0.000000000000000    -0.061525177596877
3 2
    -0.011262453489280     0.000000000000000    -0.000000000000000
    -0.000000000000000    -0.011262453489280     0.000000000000000
     0.000000000000000     0.000000000000000     0.217939354325836
3 3
    12.253916845503449     0.000000000000000     0.000000000000000
     0.000000000000000    12.253916845503456     0.000000000000001
     0.000000000000000     0.000000000000001    12.253916845503451
3 4
    -0.033382157715778    -0.000000000000000     0.000000000000000
    -0.000000000000000    -0.061525177596877    -0.000000000000000
    -0.000000000000000     0.000000000000000    -0.061525177596877
3 5
     0.217939354325836    -0.000000000000000     0.000000000000000
     0.000000000000000    -0.011262453489280     0.000000000000000
     0.000000000000000     0.000000000000000    -0.011262453489280
3 6
    -0.005654635396013    -0.000000000000000     0.000000000000000
     0.000000000000000    -0.005654635396013    -0.000000000000000
     0.000000000000000     0.000000000000000    -0.005654635396013
3 7
    -0.061525177596877     0.000000000000000     0.000000000000000
    -0.000000000000000    -0.061525177596877    -0.000000000000000
    -0.000000000000000     0.000000000000000    -0.033382157715778
3 8
    -0.011262453489280    -0.000000000000000    -0.000000000000000
     0.000000000000000     0.217939354325836     0.000000000000000
    -0.000000000000000    -0.000000000000000    -0.011262453489280
3 9
    -2.936375630241626     1.981126959435642     1.981126959435641
     1.981126959435642    -2.936375630241629    -1.981126959435642
     1.981126959435641    -1.981126959435642    -2.936375630241627
3 10
     0.005073655330534     0.034618866084202     0.034618866084202
     0.034618866084202     0.065669057795503    -0.028412563915481
     0.034618866084202    -0.028412563915481     0.065669057795503
3 11
     0.065669057795503     0.034618866084202     0.028412563915481
     0.034618866084202     0.005073655330534    -0.034618866084202
     0.028412563915481    -0.034618866084202     0.065669057795503
3 12
    -0.019563048743976     0.021684910461772     0.035574529101723
     0.021684910461772    -0.019563048743976    -0.035574529101723
     0.035574529101723    -0.035574529101723    -0.116302803661483
3 13
     0.065669057795503     0.028412563915481     0.034618866084202
     0.028412563915481     0.065669057795503    -0.034618866084202
     0.034618866084202    -0.034618866084202     0.005073655330534
3 14
    -0.019563048743976     0.035574529101723     0.021684910461772
     0.035574529101723    -0.116302803661483    -0.035574529101723
     0.021684910461772    -0.035574529101723    -0.019563048743976
3 15
    -0.116302803661483     0.035574529101723     0.035574529101723
     0.035574529101723    -0.019563048743976    -0.021684910461772
     0.035574529101723    -0.021684910461772    -0.019563048743976
3 16
     0.005100415756942     0.009146978118224     0.009146978118224
     0.009146978118224     0.005100415756942    -0.009146978118224
     0.009146978118224    -0.009146978118224     0.005100415756942
3 17
     0.325400609136750    -0.061054110119585    -0.061054110119585
     0.061054110119585    -0.197889187410283    -0.203163101105019
     0.061054110119585    -0.203163101105019    -0.197889187410283
3 18
     0.006056474586558    -0.012401695039443    -0.012401695039443
     0.012401695039443    -0.028598700163229     0.039918368565850
     0.012401695039443     0.039918368565850    -0.028598700163229
3 19
     0.325400609136750    -0.061054110119585     0.061054110119585
     0.061054110119585    -0.197889187410283     0.203163101105020
    -0.061054110119585     0.203163101105019    -0.197889187410283
3 20
     0.006056474586558    -0.012401695039443     0.012401695039443
     0.012401695039443    -0.028598700163229    -0.039918368565850
    -0.012401695039443    -0.039918368565850    -0.028598700163229
3 21
     0.325400609136750     0.061054110119585    -0.061054110119585
    -0.061054110119585    -0.197889187410283     0.203163101105020
     0.061054110119585     0.203163101105019    -0.197889187410283
3 22
     0.006056474586558     0.012401695039443    -0.012401695039443
    -0.012401695039443    -0.028598700163229    -0.039918368565850
     0.012401695039443    -0.039918368565850    -0.028598700163229
3 23
     0.325400609136750     0.061054110119585     0.061054110119585
    -0.061054110119585    -0.197889187410283    -0.203163101105019
    -0.061054110119585    -0.203163101105019    -0.197889187410283
3 24
     0.006056474586558     0.012401695039443     0.012401695039443
    -0.012401695039443    -0.028598700163229     0.039918368565850
    -0.012401695039443     0.039918368565850    -0.028598700163229
3 25
     0.065669057795503    -0.034618866084202    -0.028412563915481
    -0.034618866084202     0.005073655330534    -0.034618866084202
    -0.028412563915481    -0.034618866084202     0.065669057795503
3 26
    -0.019563048743976    -0.021684910461772    -0.035574529101723
    -0.021684910461772    -0.019563048743976    -0.035574529101723
    -0.035574529101723    -0.035574529101723    -0.116302803661483
3 27
    -2.936375630241626    -1.981126959435642    -1.981126959435641
    -1.981126959435642    -2.936375630241629    -1.981126959435642
    -1.981126959435641    -1.981126959435642    -2.936375630241627
3 28
     0.005073655330534    -0.034618866084202    -0.034618866084202
    -0.034618866084202     0.065669057795503    -0.028412563915481
    -0.034618866084202    -0.028412563915481     0.065669057795503
3 29
    -0.116302803661483    -0.035574529101723    -0.035574529101723
    -0.035574529101723    -0.019563048743976    -0.021684910461772
    -0.035574529101723    -0.021684910461772    -0.019563048743976
3 30
     0.005100415756942    -0.009146978118224    -0.009146978118224
    -0.009146978118224     0.005100415756942    -0.009146978118224
    -0.009146978118224    -0.009146978118224     0.005100415756942
3 31
     0.065669057795503    -0.028412563915481    -0.034618866084202
    -0.028412563915481     0.065669057795503    -0.034618866084202
    -0.034618866084202    -0.034618866084202     0.005073655330534
3 32
    -0.019563048743976    -0.035574529101723    -0.021684910461772
    -0.035574529101723    -0.116302803661483    -0.035574529101723
    -0.021684910461772    -0.035574529101723    -0.019563048743976
3 33
    -0.028598700163229     0.012401695039443     0.039918368565850
    -0.012401695039443     0.006056474586558    -0.012401695039443
     0.039918368565850     0.012401695039443    -0.028598700163229
3 34
    -0.028598700163229     0.012401695039443    -0.039918368565850
    -0.012401695039443     0.006056474586558     0.012401695039443
    -0.039918368565850    -0.012401695039443    -0.028598700163229
3 35
    -0.197889187410283     0.061054110119585    -0.203163101105019
    -0.061054110119585     0.325400609136750    -0.061054110119585
    -0.203163101105019     0.061054110119585    -0.197889187410283
3 36
    -0.197889187410283     0.061054110119585     0.203163101105019
    -0.061054110119585     0.325400609136750     0.061054110119585
     0.203163101105019    -0.061054110119585    -0.197889187410283
3 37
    -0.028598700163229    -0.012401695039443    -0.039918368565850
     0.012401695039443     0.006056474586558    -0.012401695039443
    -0.039918368565850     0.012401695039443    -0.028598700163229
3 38
    -0.028598700163229    -0.012401695039443     0.039918368565850
     0.012401695039443     0.006056474586558     0.012401695039443
     0.039918368565850    -0.012401695039443    -0.028598700163229
3 39
    -0.197889187410283    -0.061054110119585     0.203163101105019
     0.061054110119585     0.325400609136750    -0.061054110119585
     0.203163101105019     0.061054110119585    -0.197889187410283
3 40
    -0.197889187410283    -0.061054110119585    -0.203163101105019
     0.061054110119585     0.325400609136750     0.061054110119585
    -0.203163101105019    -0.061054110119585    -0.197889187410283
3 41
    -2.936375630241628    -1.981126959435641     1.981126959435641
    -1.981126959435642    -2.936375630241628     1.981126959435642
     1.981126959435642     1.981126959435641    -2.936375630241627
3 42
     0.005073655330534    -0.034618866084202     0.034618866084202
    -0.034618866084202     0.065669057795503     0.028412563915481
     0.034618866084202     0.028412563915481     0.065669057795503
3 43
     0.065669057795503    -0.034618866084202     0.028412563915481
    -0.034618866084202     0.005073655330534     0.034618866084202
     0.028412563915481     0.034618866084202     0.065669057795503
3 44
    -0.019563048743976    -0.021684910461772     0.035574529101723
    -0.021684910461772    -0.019563048743976     0.035574529101723
     0.035574529101723     0.035574529101723    -0.116302803661483
3 45
     0.065669057795503    -0.028412563915481     0.034618866084202
    -0.028412563915481     0.065669057795503     0.034618866084202
     0.034618866084202     0.034618866084202     0.005073655330534
3 46
    -0.019563048743976    -0.035574529101723     0.021684910461772
    -0.035574529101723    -0.116302803661483     0.035574529101723
     0.021684910461772     0.035574529101723    -0.019563048743976
3 47
    -0.116302803661483    -0.035574529101723     0.035574529101723
    -0.035574529101723    -0.019563048743976     0.021684910461772
     0.035574529101723     0.021684910461772    -0.019563048743976
3 48
     0.005100415756942    -0.009146978118224     0.009146978118224
    -0.009146978118224     0.005100415756942     0.009146978118224
     0.009146978118224     0.009146978118224     0.005100415756942
3 49
    -0.197889187410283    -0.203163101105019     0.061054110119585
    -0.203163101105019    -0.197889187410283     0.061054110119585
    -0.061054110119585    -0.061054110119585     0.325400609136750
3 50
    -0.197889187410283     0.203163101105019     0.061054110119585
     0.203163101105019    -0.197889187410283    -0.061054110119585
    -0.061054110119585     0.061054110119585     0.325400609136750
3 51
    -0.197889187410283     0.203163101105019    -0.061054110119585
     0.203163101105019    -0.197889187410283     0.061054110119585
     0.061054110119585    -0.061054110119585     0.325400609136750
3 52
    -0.197889187410283    -0.203163101105019    -0.061054110119585
    -0.203163101105020    -0.197889187410283    -0.061054110119585
     0.061054110119585     0.061054110119585     0.325400609136750
3 53
    -0.028598700163229     0.039918368565850     0.012401695039443
     0.039918368565850    -0.028598700163229     0.012401695039443
    -0.012401695039443    -0.012401695039443     0.006056474586558
3 54
    -0.028598700163229    -0.039918368565850     0.012401695039443
    -0.039918368565850    -0.028598700163229    -0.012401695039443
    -0.012401695039443     0.012401695039443     0.006056474586558
3 55
    -0.028598700163229    -0.039918368565850    -0.012401695039443
    -0.039918368565850    -0.028598700163229     0.012401695039443
     0.012401695039443    -0.012401695039443     0.006056474586558
3 56
    -0.028598700163229     0.039918368565850    -0.012401695039443
     0.039918368565850    -0.028598700163229    -0.012401695039443
     0.012401695039443     0.012401695039443     0.006056474586558
3 57
     0.065669057795503     0.034618866084202    -0.028412563915481
     0.034618866084202     0.005073655330534     0.034618866084202
    -0.028412563915481     0.034618866084202     0.065669057795503
3 58
    -0.019563048743976     0.021684910461772    -0.035574529101723
     0.021684910461772    -0.019563048743976     0.035574529101723
    -0.035574529101723     0.035574529101723    -0.116302803661483
3 59
    -2.936375630241626     1.981126959435641    -1.981126959435642
     1.981126959435642    -2.936375630241628     1.981126959435642
    -1.981126959435641     1.981126959435641    -2.936375630241628
3 60
     0.005073655330534     0.034618866084202    -0.034618866084202
     0.034618866084202     0.065669057795503     0.028412563915481
    -0.034618866084202     0.028412563915481     0.065669057795503
3 61
    -0.116302803661483     0.035574529101723    -0.035574529101723
     0.035574529101723    -0.019563048743976     0.021684910461772
    -0.035574529101723     0.021684910461772    -0.019563048743976
3 62
     0.005100415756942     0.009146978118224    -0.009146978118224
     0.009146978118224     0.005100415756942     0.009146978118224
    -0.009146978118224     0.009146978118224     0.005100415756942
3 63
     0.065669057795503     0.028412563915481    -0.034618866084202
     0.028412563915481     0.065669057795503     0.034618866084202
    -0.034618866084202     0.034618866084202     0.005073655330534
3 64
    -0.019563048743976     0.035574529101723    -0.021684910461772
     0.035574529101723    -0.116302803661483     0.035574529101723
    -0.021684910461772     0.035574529101723    -0.019563048743976
4 1
    -0.011262453489280    -0.000000000000000    -0.000000000000000
    -0.000000000000000    -0.011262453489280     0.000000000000000
     0.000000000000000     0.000000000000000     0.217939354325836
4 2
    -0.061525177596877    -0.000000000000000    -0.000000000000000
    -0.000000000000000    -0.033382157715778     0.000000000000000
     0.000000000000000    -0.000000000000000    -0.061525177596877
4 3
    -0.033382157715778    -0.000000000000000    -0.000000000000000
    -0.000000000000000    -0.061525177596877     0.000000000000000
     0.000000000000000    -0.000000000000000    -0.061525177596877
4 4
    12.253916845503454     0.000000000000000    -0.000000000000000
     0.000000000000000    12.253916845503451     0.000000000000000
    -0.000000000000000     0.000000000000000    12.253916845503454
4 5
    -0.005654635396013    -0.000000000000000    -0.000000000000000
     0.000000000000000    -0.005654635396013     0.000000000000000
     0.000000000000000    -0.000000000000000    -0.005654635396013
4 6
     0.217939354325836    -0.000000000000000    -0.000000000000000
     0.000000000000000    -0.011262453489280     0.000000000000000
     0.000000000000000     0.000000000000000    -0.011262453489280
4 7
    -0.011262453489280    -0.000000000000000     0.000000000000000
    -0.000000000000000     0.217939354325836     0.000000000000000
     0.000000000000000     0.000000000000000    -0.011262453489280
4 8
    -0.061525177596877    -0.000000000000000    -0.000000000000000
     0.000000000000000    -0.061525177596877     0.000000000000000
    -0.000000000000000    -0.000000000000000    -0.033382157715778
4 9
     0.005073655330534     0.034618866084202     0.034618866084202
     0.034618866084202     0.065669057795503    -0.028412563915481
     0.034618866084202    -0.028412563915481     0.065669057795503
4 10
    -2.936375630241628     1.981126959435642     1.981126959435642
     1.981126959435641    -2.936375630241627    -1.981126959435642
     1.981126959435641    -1.981126959435641    -2.936375630241628
4 11
    -0.019563048743976     0.021684910461772     0.035574529101723
     0.021684910461772    -0.019563048743976    -0.035574529101723
     0.035574529101723    -0.035574529101723    -0.116302803661483
4 12
     0.065669057795503     0.034618866084202     0.028412563915481
     0.034618866084202     0.005073655330534    -0.034618866084202
     0.028412563915481    -0.034618866084202     0.065669057795503
4 13
    -0.019563048743976     0.035574529101723     0.021684910461772
     0.035574529101723    -0.116302803661483    -0.035574529101723
     0.021684910461772    -0.035574529101723    -0.019563048743976
4 14
     0.065669057795503     0.028412563915481     0.034618866084202
     0.028412563915481     0.065669057795503    -0.034618866084202
     0.034618866084202    -0.034618866084202     0.005073655330534
4 15
     0.005100415756942     0.009146978118224     0.009146978118224
     0.009146978118224     0.005100415756942    -0.009146978118224
     0.009146978118224    -0.009146978118224     0.005100415756942
4 16
    -0.116302803661483     0.035574529101723     0.035574529101723
     0.035574529101723    -0.019563048743976    -0.021684910461772
     0.035574529101723    -0.021684910461772    -0.019563048743976
4 17
     0.006056474586558    -0.012401695039443    -0.012401695039443
     0.012401695039443    -0.028598700163229     0.039918368565850
     0.012401695039443     0.039918368565850    -0.028598700163229
4 18
     0.325400609136750    -0.061054110119585    -0.061054110119585
     0.061054110119585    -0.197889187410283    -0.203163101105019
     0.061054110119585    -0.203163101105019    -0.197889187410283
4 19
     0.006056474586558    -0.012401695039443     0.012401695039443
     0.012401695039443    -0.028598700163229    -0.039918368565850
    -0.012401695039443    -0.039918368565850    -0.028598700163229
4 20
     0.325400609136750    -0.061054110119585     0.061054110119585
     0.061054110119585    -0.197889187410283     0.203163101105019
    -0.061054110119585     0.203163101105019    -0.197889187410283
4 21
     0.006056474586558     0.012401695039443    -0.012401695039443
    -0.012401695039443    -0.028598700163229    -0.039918368565850
     0.012401695039443    -0.039918368565850    -0.028598700163229
4 22
     0.325400609136750     0.061054110119585    -0.061054110119585
    -0.061054110119585    -0.197889187410283     0.203163101105019
     0.061054110119585     0.203163101105019    -0.197889187410283
4 23
     0.006056474586558     0.012401695039443     0.012401695039443
    -0.012401695039443    -0.028598700163229     0.039918368565850
    -0.012401695039443     0.039918368565850    -0.028598700163229
4 24
     0.325400609136750     0.061054110119585     0.061054110119585
    -0.061054110119585    -0.197889187410283    -0.203163101105019
    -0.061054110119585    -0.203163101105019    -0.197889187410283
4 25
    -0.019563048743976    -0.021684910461772    -0.035574529101723
    -0.021684910461772    -0.019563048743976    -0.035574529101723
    -0.035574529101723    -0.035574529101723    -0.116302803661483
4 26
     0.065669057795503    -0.034618866084202    -0.028412563915481
    -0.034618866084202     0.005073655330534    -0.034618866084202
    -0.028412563915481    -0.034618866084202     0.065669057795503
4 27
     0.005073655330534    -0.034618866084202    -0.034618866084202
    -0.034618866084202     0.065669057795503    -0.028412563915481
    -0.034618866084202    -0.028412563915481     0.065669057795503
4 28
    -2.936375630241628    -1.981126959435642    -1.981126959435642
    -1.981126959435641    -2.936375630241626    -1.981126959435642
    -1.981126959435641    -1.981126959435641    -2.936375630241628
4 29
     0.005100415756942    -0.009146978118224    -0.009146978118224
    -0.009146978118224     0.005100415756942    -0.009146978118224
    -0.009146978118224    -0.009146978118224     0.005100415756942
4 30
    -0.116302803661483    -0.035574529101723    -0.035574529101723
    -0.035574529101723    -0.019563048743976    -0.021684910461772
    -0.035574529101723    -0.021684910461772    -0.019563048743976
4 31
    -0.019563048743976    -0.035574529101723    -0.021684910461772
    -0.035574529101723    -0.116302803661483    -0.035574529101723
    -0.021684910461772    -0.035574529101723    -0.019563048743976
4 32
     0.065669057795503    -0.028412563915481    -0.034618866084202
    -0.028412563915481     0.065669057795503    -0.034618866084202
    -0.034618866084202    -0.034618866084202     0.005073655330534
4 33
    -0.028598700163229     0.012401695039443    -0.039918368565850
    -0.012401695039443     0.006056474586558     0.012401695039443
    -0.039918368565850    -0.012401695039443    -0.028598700163229
4 34
    -0.028598700163229     0.012401695039443     0.039918368565850
    -0.012401695039443     0.006056474586558    -0.012401695039443
     0.039918368565850     0.012401695039443    -0.028598700163229
4 35
    -0.197889187410283     0.061054110119585     0.203163101105020
    -0.061054110119585     0.325400609136750     0.061054110119585
     0.203163101105019    -0.061054110119585    -0.197889187410283
4 36
    -0.197889187410283     0.061054110119585    -0.203163101105019
    -0.061054110119585     0.325400609136750    -0.061054110119585
    -0.203163101105019     0.061054110119585    -0.197889187410283
4 37
    -0.028598700163229    -0.012401695039443     0.039918368565850
     0.012401695039443     0.006056474586558     0.012401695039443
     0.039918368565850    -0.012401695039443    -0.028598700163229
4 38
    -0.028598700163229    -0.012401695039443    -0.039918368565850
     0.012401695039443     0.006056474586558    -0.012401695039443
    -0.039918368565850     0.012401695039443    -0.028598700163229
4 39
    -0.197889187410283    -0.061054110119585    -0.203163101105019
     0.061054110119585     0.325400609136750     0.061054110119585
    -0.203163101105019    -0.061054110119585    -0.197889187410283
4 40
    -0.197889187410283    -0.061054110119585     0.203163101105019
     0.061054110119585     0.325400609136750    -0.061054110119585
     0.203163101105019     0.061054110119585    -0.197889187410283
4 41
     0.005073655330534    -0.034618866084202     0.034618866084202
    -0.034618866084202     0.065669057795503     0.028412563915481
     0.034618866084202     0.028412563915481     0.065669057795503
4 42
    -2.936375630241628    -1.981126959435642     1.981126959435642
    -1.981126959435641    -2.936375630241626     1.981126959435642
     1.981126959435641     1.981126959435641    -2.936375630241628
4 43
    -0.019563048743976    -0.021684910461772     0.035574529101723
    -0.021684910461772    -0.019563048743976     0.035574529101723
     0.035574529101723     0.035574529101723    -0.116302803661483
4 44
     0.065669057795503    -0.034618866084202     0.028412563915481
    -0.034618866084202     0.005073655330534     0.034618866084202
     0.028412563915481     0.034618866084202     0.065669057795503
4 45
    -0.019563048743976    -0.035574529101723     0.021684910461772
    -0.035574529101723    -0.116302803661483     0.035574529101723
     0.021684910461772     0.035574529101723    -0.019563048743976
4 46
     0.065669057795503    -0.028412563915481     0.034618866084202
    -0.028412563915481     0.065669057795503     0.034618866084202
     0.034618866084202     0.034618866084202     0.005073655330534
4 47
     0.005100415756942    -0.009146978118224     0.009146978118224
    -0.009146978118224     0.005100415756942     0.009146978118224
     0.009146978118224     0.009146978118224     0.005100415756942
4 48
    -0.116302803661483    -0.035574529101723     0.035574529101723
    -0.035574529101723    -0.019563048743976     0.021684910461772
     0.035574529101723     0.021684910461772    -0.019563048743976
4 49
    -0.197889187410283     0.203163101105020     0.061054110119585
     0.203163101105019    -0.197889187410283    -0.061054110119585
    -0.061054110119585     0.061054110119585     0.325400609136750
4 50
    -0.197889187410283    -0.203163101105019     0.061054110119585
    -0.203163101105019    -0.197889187410283     0.061054110119585
    -0.061054110119585    -0.061054110119585     0.325400609136750
4 51
    -0.197889187410283    -0.203163101105020    -0.061054110119585
    -0.203163101105019    -0.197889187410283    -0.061054110119585
     0.061054110119585     0.061054110119585     0.325400609136750
4 52
    -0.197889187410283     0.203163101105019    -0.061054110119585
     0.203163101105019    -0.197889187410283     0.061054110119585
     0.061054110119585    -0.061054110119585     0.325400609136750
4 53
    -0.028598700163229    -0.039918368565850     0.012401695039443
    -0.039918368565850    -0.028598700163229    -0.012401695039443
    -0.012401695039443     0.012401695039443     0.006056474586558
4 54
    -0.028598700163229     0.039918368565850     0.012401695039443
     0.039918368565850    -0.028598700163229     0.012401695039443
    -0.012401695039443    -0.012401695039443     0.006056474586558
4 55
    -0.028598700163229     0.039918368565850    -0.012401695039443
     0.039918368565850    -0.028598700163229    -0.012401695039443
     0.012401695039443     0.012401695039443     0.006056474586558
4 56
    -0.028598700163229    -0.039918368565850    -0.012401695039443
    -0.039918368565850    -0.028598700163229     0.012401695039443
     0.012401695039443    -0.012401695039443     0.006056474586558
4 57
    -0.019563048743976     0.021684910461772    -0.035574529101723
     0.021684910461772    -0.019563048743976     0.035574529101723
    -0.035574529101723     0.035574529101723    -0.116302803661483
4 58
     0.065669057795503     0.034618866084202    -0.028412563915481
     0.034618866084202     0.005073655330534     0.034618866084202
    -0.028412563915481     0.034618866084202     0.065669057795503
4 59
     0.005073655330534     0.034618866084202    -0.034618866084202
     0.034618866084202     0.065669057795503     0.028412563915481
    -0.034618866084202     0.028412563915481     0.065669057795503
4 60
    -2.936375630241628     1.981126959435642    -1.981126959435642
     1.981126959435641    -2.936375630241628     1.981126959435641
    -1.981126959435641     1.981126959435642    -2.936375630241627
4 61
     0.005100415756942     0.009146978118224    -0.009146978118224
     0.009146978118224     0.005100415756942     0.009146978118224
    -0.009146978118224     0.009146978118224     0.005100415756942
4 62
    -0.116302803661483     0.035574529101723    -0.035574529101723
     0.035574529101723    -0.019563048743976     0.021684910461772
    -0.035574529101723     0.021684910461772    -0.019563048743976
4 63
    -0.019563048743976     0.035574529101723    -0.021684910461772
     0.035574529101723    -0.116302803661483     0.035574529101723
    -0.021684910461772     0.035574529101723    -0.019563048743976
4 64
     0.065669057795503     0.028412563915481    -0.034618866084202
     0.028412563915481     0.065669057795503     0.034618866084202
    -0.034618866084202     0.034618866084202     0.005073655330534
5 1
    -0.061525177596877     0.000000000000000     0.000000000000000
    -0.000000000000000    -0.061525177596877    -0.000000000000000
    -0.000000000000000     0.000000000000000    -0.033382157715778
5 2
    -0.011262453489280     0.000000000000000    -0.000000000000000
    -0.000000000000000     0.217939354325836    -0.000000000000000
    -0.000000000000000    -0.000000000000000    -0.011262453489280
5 3
     0.217939354325836     0.000000000000000     0.000000000000000
    -0.000000000000000    -0.011262453489280     0.000000000000000
     0.000000000000000     0.000000000000000    -0.011262453489280
5 4
    -0.005654635396013     0.000000000000000     0.000000000000000
    -0.000000000000000    -0.005654635396013    -0.000000000000000
    -0.000000000000000     0.000000000000000    -0.005654635396013
5 5
    12.253916845503451    -0.000000000000000    -0.000000000000000
    -0.000000000000000    12.253916845503458    -0.000000000000000
    -0.000000000000000    -0.000000000000000    12.253916845503451
5 6
    -0.033382157715778     0.000000000000000     0.000000000000000
     0.000000000000000    -0.061525177596877    -0.000000000000000
    -0.000000000000000     0.000000000000000    -0.061525177596877
5 7
    -0.061525177596877     0.000000000000000     0.000000000000000
    -0.000000000000000    -0.033382157715778    -0.000000000000000
    -0.000000000000000     0.000000000000000    -0.061525177596877
5 8
    -0.011262453489280     0.000000000000000    -0.000000000000000
     0.000000000000000    -0.011262453489280     0.000000000000000
    -0.000000000000000    -0.000000000000000     0.217939354325836
5 9
    -0.116302803661483     0.035574529101723     0.035574529101723
     0.035574529101723    -0.019563048743976    -0.021684910461772
     0.035574529101723    -0.021684910461772    -0.019563048743976
5 10
     0.005100415756942     0.009146978118224     0.009146978118224
     0.009146978118224     0.005100415756942    -0.009146978118224
     0.009146978118224    -0.009146978118224     0.005100415756942
5 11
     0.065669057795503     0.028412563915481     0.034618866084202
     0.028412563915481     0.065669057795503    -0.034618866084202
     0.034618866084202    -0.034618866084202     0.005073655330534
5 12
    -0.019563048743976     0.035574529101723     0.021684910461772
     0.035574529101723    -0.116302803661483    -0.035574529101723
     0.021684910461772    -0.035574529101723    -0.019563048743976
5 13
     0.065669057795503     0.034618866084202     0.028412563915481
     0.034618866084202     0.005073655330534    -0.034618866084202
     0.028412563915481    -0.034618866084202     0.065669057795503
5 14
    -0.019563048743976     0.021684910461772     0.035574529101723
     0.021684910461772    -0.019563048743976    -0.035574529101723
     0.035574529101723    -0.035574529101723    -0.116302803661483
5 15
    -2.936375630241628     1.981126959435641     1.981126959435641
     1.981126959435642    -2.936375630241628    -1.981126959435642
     1.981126959435642    -1.981126959435641    -2.936375630241627
5 16
     0.005073655330534     0.034618866084202     0.034618866084202
     0.034618866084202     0.065669057795503    -0.028412563915481
     0.034618866084202    -0.028412563915481     0.065669057795503
5 17
     0.325400609136750     0.061054110119585     0.061054110119585
    -0.061054110119585    -0.197889187410283    -0.203163101105019
    -0.061054110119585    -0.203163101105019    -0.197889187410283
5 18
     0.006056474586558     0.012401695039443     0.012401695039443
    -0.012401695039443    -0.028598700163229     0.039918368565850
    -0.012401695039443     0.039918368565850    -0.028598700163229
5 19
     0.325400609136750     0.061054110119585    -0.061054110119585
    -0.061054110119585    -0.197889187410283     0.203163101105019
     0.061054110119585     0.203163101105019    -0.197889187410283
5 20
     0.006056474586558     0.012401695039443    -0.012401695039443
    -0.012401695039443    -0.028598700163229    -0.039918368565850
     0.012401695039443    -0.039918368565850    -0.028598700163229
5 21
     0.325400609136750    -0.061054110119585     0.061054110119585
     0.061054110119585    -0.197889187410283     0.203163101105020
    -0.061054110119585     0.203163101105019    -0.197889187410283
5 22
     0.006056474586558    -0.012401695039443     0.012401695039443
     0.012401695039443    -0.028598700163229    -0.039918368565850
    -0.012401695039443    -0.039918368565850    -0.028598700163229
5 23
     0.325400609136750    -0.061054110119585    -0.061054110119585
     0.061054110119585    -0.197889187410283    -0.203163101105019
     0.061054110119585    -0.203163101105019    -0.197889187410283
5 24
     0.006056474586558    -0.012401695039443    -0.012401695039443
     0.012401695039443    -0.028598700163229     0.039918368565850
     0.012401695039443     0.039918368565850    -0.028598700163229
5 25
     0.065669057795503    -0.028412563915481    -0.034618866084202
    -0.028412563915481     0.065669057795503    -0.034618866084202
    -0.034618866084202    -0.034618866084202     0.005073655330534
5 26
    -0.019563048743976    -0.035574529101723    -0.021684910461772
    -0.035574529101723    -0.116302803661483    -0.035574529101723
    -0.021684910461772    -0.035574529101723    -0.019563048743976
5 27
    -0.116302803661483    -0.035574529101723    -0.035574529101723
    -0.035574529101723    -0.019563048743976    -0.021684910461772
    -0.035574529101723    -0.021684910461772    -0.019563048743976
5 28
     0.005100415756942    -0.009146978118224    -0.009146978118224
    -0.009146978118224     0.005100415756942    -0.009146978118224
    -0.009146978118224    -0.009146978118224     0.005100415756942
5 29
    -2.936375630241627    -1.981126959435642    -1.981126959435641
    -1.981126959435642    -2.936375630241629    -1.981126959435642
    -1.981126959435641    -1.981126959435642    -2.936375630241627
5 30
     0.005073655330534    -0.034618866084202    -0.034618866084202
    -0.034618866084202     0.065669057795503    -0.028412563915481
    -0.034618866084202    -0.028412563915481     0.065669057795503
5 31
     0.065669057795503    -0.034618866084202    -0.028412563915481
    -0.034618866084202     0.005073655330534    -0.034618866084202
    -0.028412563915481    -0.034618866084202     0.065669057795503
5 32
    -0.019563048743976    -0.021684910461772    -0.035574529101723
    -0.021684910461772    -0.019563048743976    -0.035574529101723
    -0.035574529101723    -0.035574529101723    -0.116302803661483
5 33
    -0.197889187410283    -0.061054110119585     0.203163101105019
     0.061054110119585     0.325400609136750    -0.061054110119585
     0.203163101105019     0.061054110119585    -0.197889187410283
5 34
    -0.197889187410283    -0.061054110119585    -0.203163101105019
     0.061054110119585     0.325400609136750     0.061054110119585
    -0.203163101105019    -0.061054110119585    -0.197889187410283
5 35
    -0.028598700163229    -0.012401695039443    -0.039918368565850
     0.012401695039443     0.006056474586558    -0.012401695039443
    -0.039918368565850     0.012401695039443    -0.028598700163229
5 36
    -0.028598700163229    -0.012401695039443     0.039918368565850
     0.012401695039443     0.006056474586558     0.012401695039443
     0.039918368565850    -0.012401695039443    -0.028598700163229
5 37
    -0.197889187410283     0.061054110119585    -0.203163101105019
    -0.061054110119585     0.325400609136750    -0.061054110119585
    -0.203163101105019     0.061054110119585    -0.197889187410283
5 38
    -0.197889187410283     0.061054110119585     0.203163101105019
    -0.061054110119585     0.325400609136750     0.061054110119585
     0.203163101105019    -0.061054110119585    -0.197889187410283
5 39
    -0.028598700163229     0.012401695039443     0.039918368565850
    -0.012401695039443     0.006056474586558    -0.012401695039443
     0.039918368565850     0.012401695039443    -0.028598700163229
5 40
    -0.028598700163229     0.012401695039443    -0.039918368565850
    -0.012401695039443     0.006056474586558     0.012401695039443
    -0.039918368565850    -0.012401695039443    -0.028598700163229
5 41
    -0.116302803661483    -0.035574529101723     0.035574529101723
    -0.035574529101723    -0.019563048743976     0.021684910461772
     0.035574529101723     0.021684910461772    -0.019563048743976
5 42
     0.005100415756942    -0.009146978118224     0.009146978118224
    -0.009146978118224     0.005100415756942     0.009146978118224
     0.009146978118224     0.009146978118224     0.005100415756942
5 43
     0.065669057795503    -0.028412563915481     0.034618866084202
    -0.028412563915481     0.065669057795503     0.034618866084202
     0.034618866084202     0.034618866084202     0.005073655330534
5 44
    -0.019563048743976    -0.035574529101723     0.021684910461772
    -0.035574529101723    -0.116302803661483     0.035574529101723
     0.021684910461772     0.035574529101723    -0.019563048743976
5 45
     0.065669057795503    -0.034618866084202     0.028412563915481
    -0.034618866084202     0.005073655330534     0.034618866084202
     0.028412563915481     0.034618866084202     0.065669057795503
5 46
    -0.019563048743976    -0.021684910461772     0.035574529101723
    -0.021684910461772    -0.019563048743976     0.035574529101723
     0.035574529101723     0.035574529101723    -0.116302803661483
5 47
    -2.936375630241626    -1.981126959435642     1.981126959435641
    -1.981126959435642    -2.936375630241629     1.981126959435642
     1.981126959435641     1.981126959435642    -2.936375630241627
5 48
     0.005073655330534    -0.034618866084202     0.034618866084202
    -0.034618866084202     0.065669057795503     0.028412563915481
     0.034618866084202     0.028412563915481     0.065669057795503
5 49
    -0.028598700163229    -0.039918368565850    -0.012401695039443
    -0.039918368565850    -0.028598700163229     0.012401695039443
     0.012401695039443    -0.012401695039443     0.006056474586558
5 50
    -0.028598700163229     0.039918368565850    -0.012401695039443
     0.039918368565850    -0.028598700163229    -0.012401695039443
     0.012401695039443     0.012401695039443     0.006056474586558
5 51
    -0.028598700163229     0.039918368565850     0.012401695039443
     0.039918368565850    -0.028598700163229     0.012401695039443
    -0.012401695039443    -0.012401695039443     0.006056474586558
5 52
    -0.028598700163229    -0.039918368565850     0.012401695039443
    -0.039918368565850    -0.028598700163229    -0.012401695039443
    -0.012401695039443     0.012401695039443     0.006056474586558
5 53
    -0.197889187410283     0.203163101105019    -0.061054110119585
     0.203163101105019    -0.197889187410283     0.061054110119585
     0.061054110119585    -0.061054110119585     0.325400609136750
5 54
    -0.197889187410283    -0.203163101105019    -0.061054110119585
    -0.203163101105020    -0.197889187410283    -0.061054110119585
     0.061054110119585     0.061054110119585     0.325400609136750
5 55
    -0.197889187410283    -0.203163101105019     0.061054110119585
    -0.203163101105019    -0.197889187410283     0.061054110119585
    -0.061054110119585    -0.061054110119585     0.325400609136750
5 56
    -0.197889187410283     0.203163101105019     0.061054110119585
     0.203163101105019    -0.197889187410283    -0.061054110119585
    -0.061054110119585     0.061054110119585     0.325400609136750
5 57
     0.065669057795503     0.028412563915481    -0.034618866084202
     0.028412563915481     0.065669057795503     0.034618866084202
    -0.034618866084202     0.034618866084202     0.005073655330534
5 58
    -0.019563048743976     0.035574529101723    -0.021684910461772
     0.035574529101723    -0.116302803661483     0.035574529101723
    -0.021684910461772     0.035574529101723    -0.019563048743976
5 59
    -0.116302803661483     0.035574529101723    -0.035574529101723
     0.035574529101723    -0.019563048743976     0.021684910461772
    -0.035574529101723     0.021684910461772    -0.019563048743976
5 60
     0.005100415756942     0.009146978118224    -0.009146978118224
     0.009146978118224     0.005100415756942     0.009146978118224
    -0.009146978118224     0.009146978118224     0.005100415756942
5 61
    -2.936375630241626     1.981126959435641    -1.981126959435642
     1.981126959435642    -2.936375630241628     1.981126959435642
    -1.981126959435641     1.981126959435641    -2.936375630241628
5 62
     0.005073655330534     0.034618866084202    -0.034618866084202
     0.034618866084202     0.065669057795503     0.028412563915481
    -0.034618866084202     0.028412563915481     0.065669057795503
5 63
     0.065669057795503     0.034618866084202    -0.028412563915481
     0.034618866084202     0.005073655330534     0.034618866084202
    -0.028412563915481     0.034618866084202     0.065669057795503
5 64
    -0.019563048743976     0.021684910461772    -0.035574529101723
     0.021684910461772    -0.019563048743976     0.035574529101723
    -0.035574529101723     0.035574529101723    -0.116302803661483
6 1
    -0.011262453489280     0.000000000000000     0.000000000000000
    -0.000000000000000     0.217939354325836     0.000000000000000
     0.000000000000000     0.000000000000000    -0.011262453489280
6 2
    -0.061525177596877     0.000000000000000    -0.000000000000000
    -0.000000000000000    -0.061525177596877     0.000000000000000
     0.000000000000000    -0.000000000000000    -0.033382157715778
6 3
    -0.005654635396013     0.000000000000000     0.000000000000000
    -0.000000000000000    -0.005654635396013     0.000000000000000
     0.000000000000000    -0.000000000000000    -0.005654635396013
6 4
     0.217939354325836     0.000000000000000     0.000000000000000
    -0.000000000000000    -0.011262453489280     0.000000000000000
    -0.000000000000000     0.000000000000000    -0.011262453489280
6 5
    -0.033382157715778     0.000000000000000    -0.000000000000000
     0.000000000000000    -0.061525177596877     0.000000000000000
     0.000000000000000    -0.000000000000000    -0.061525177596877
6 6
    12.253916845503454    -0.000000000000000     0.000000000000000
    -0.000000000000000    12.253916845503456     0.000000000000000
     0.000000000000000     0.000000000000000    12.253916845503449
6 7
    -0.011262453489280     0.000000000000000     0.000000000000000
    -0.000000000000000    -0.011262453489280    -0.000000000000000
     0.000000000000000    -0.000000000000000     0.217939354325836
6 8
    -0.061525177596877    -0.000000000000000    -0.000000000000000
     0.000000000000000    -0.033382157715778     0.000000000000000
    -0.000000000000000    -0.000000000000000    -0.061525177596877
6 9
     0.005100415756942     0.009146978118224     0.009146978118224
     0.009146978118224     0.005100415756942    -0.009146978118224
     0.009146978118224    -0.009146978118224     0.005100415756942
6 10
    -0.116302803661483     0.035574529101723     0.035574529101723
     0.035574529101723    -0.019563048743976    -0.021684910461772
     0.035574529101723    -0.021684910461772    -0.019563048743976
6 11
    -0.019563048743976     0.035574529101723     0.021684910461772
     0.035574529101723    -0.116302803661483    -0.035574529101723
     0.021684910461772    -0.035574529101723    -0.019563048743976
6 12
     0.065669057795503     0.028412563915481     0.034618866084202
     0.028412563915481     0.065669057795503    -0.034618866084202
     0.034618866084202    -0.034618866084202     0.005073655330534
6 13
    -0.019563048743976     0.021684910461772     0.035574529101723
     0.021684910461772    -0.019563048743976    -0.035574529101723
     0.035574529101723    -0.035574529101723    -0.116302803661483
6 14
     0.065669057795503     0.034618866084202     0.028412563915481
     0.034618866084202     0.005073655330534    -0.034618866084202
     0.028412563915481    -0.034618866084202     0.065669057795503
6 15
     0.005073655330534     0.034618866084202     0.034618866084202
     0.034618866084202     0.065669057795503    -0.028412563915481
     0.034618866084202    -0.028412563915481     0.065669057795503
6 16
    -2.936375630241628     1.981126959435641     1.981126959435641
     1.981126959435642    -2.936375630241628    -1.981126959435642
     1.981126959435642    -1.981126959435641    -2.936375630241627
6 17
     0.006056474586558     0.012401695039443     0.012401695039443
    -0.012401695039443    -0.028598700163229     0.039918368565850
    -0.012401695039443     0.039918368565850    -0.028598700163229
6 18
     0.325400609136750     0.061054110119585     0.061054110119585
    -0.061054110119585    -0.197889187410283    -0.203163101105020
    -0.061054110119585    -0.203163101105019    -0.197889187410283
6 19
     0.006056474586558     0.012401695039443    -0.012401695039443
    -0.012401695039443    -0.028598700163229    -0.039918368565850
     0.012401695039443    -0.039918368565850    -0.028598700163229
6 20
     0.325400609136750     0.061054110119585    -0.061054110119585
    -0.061054110119585    -0.197889187410283     0.203163101105019
     0.061054110119585     0.203163101105019    -0.197889187410283
6 21
     0.006056474586558    -0.012401695039443     0.012401695039443
     0.012401695039443    -0.028598700163229    -0.039918368565850
    -0.012401695039443    -0.039918368565850    -0.028598700163229
6 22
     0.325400609136750    -0.061054110119585     0.061054110119585
     0.061054110119585    -0.197889187410283     0.203163101105019
    -0.061054110119585     0.203163101105019    -0.197889187410283
6 23
     0.006056474586558    -0.012401695039443    -0.012401695039443
     0.012401695039443    -0.028598700163229     0.039918368565850
     0.012401695039443     0.039918368565850    -0.028598700163229
6 24
     0.325400609136750    -0.061054110119585    -0.061054110119585
     0.061054110119585    -0.197889187410283    -0.203163101105020
     0.061054110119585    -0.203163101105019    -0.197889187410283
6 25
    -0.019563048743976    -0.035574529101723    -0.021684910461772
    -0.035574529101723    -0.116302803661483    -0.035574529101723
    -0.021684910461772    -0.035574529101723    -0.019563048743976
6 26
     0.065669057795503    -0.028412563915481    -0.034618866084202
    -0.028412563915481     0.065669057795503    -0.034618866084202
    -0.034618866084202    -0.034618866084202     0.005073655330534
6 27
     0.005100415756942    -0.009146978118224    -0.009146978118224
    -0.009146978118224     0.005100415756942    -0.009146978118224
    -0.009146978118224    -0.009146978118224     0.005100415756942
6 28
    -0.116302803661483    -0.035574529101723    -0.035574529101723
    -0.035574529101723    -0.019563048743976    -0.021684910461772
    -0.035574529101723    -0.021684910461772    -0.019563048743976
6 29
     0.005073655330534    -0.034618866084202    -0.034618866084202
    -0.034618866084202     0.065669057795503    -0.028412563915481
    -0.034618866084202    -0.028412563915481     0.065669057795503
6 30
    -2.936375630241628    -1.981126959435641    -1.981126959435641
    -1.981126959435642    -2.936375630241628    -1.981126959435642
    -1.981126959435642    -1.981126959435641    -2.936375630241627
6 31
    -0.019563048743976    -0.021684910461772    -0.035574529101723
    -0.021684910461772    -0.019563048743976    -0.035574529101723
    -0.035574529101723    -0.035574529101723    -0.116302803661483
6 32
     0.065669057795503    -0.034618866084202    -0.028412563915481
    -0.034618866084202     0.005073655330534    -0.034618866084202
    -0.028412563915481    -0.034618866084202     0.065669057795503
6 33
    -0.197889187410283    -0.061054110119585    -0.203163101105019
     0.061054110119585     0.325400609136750     0.061054110119585
    -0.203163101105019    -0.061054110119585    -0.197889187410283
6 34
    -0.197889187410283    -0.061054110119585     0.203163101105019
     0.061054110119585     0.325400609136750    -0.061054110119585
     0.203163101105019     0.061054110119585    -0.197889187410283
6 35
    -0.028598700163229    -0.012401695039443     0.039918368565850
     0.012401695039443     0.006056474586558     0.012401695039443
     0.039918368565850    -0.012401695039443    -0.028598700163229
6 36
    -0.028598700163229    -0.012401695039443    -0.039918368565850
     0.012401695039443     0.006056474586558    -0.012401695039443
    -0.039918368565850     0.012401695039443    -0.028598700163229
6 37
    -0.197889187410283     0.061054110119585     0.203163101105019
    -0.061054110119585     0.325400609136750     0.061054110119585
     0.203163101105019    -0.061054110119585    -0.197889187410283
6 38
    -0.197889187410283     0.061054110119585    -0.203163101105019
    -0.061054110119585     0.325400609136750    -0.061054110119585
    -0.203163101105019     0.061054110119585    -0.197889187410283
6 39
    -0.028598700163229     0.012401695039443    -0.039918368565850
    -0.012401695039443     0.006056474586558     0.012401695039443
    -0.039918368565850    -0.012401695039443    -0.028598700163229
6 40
    -0.028598700163229     0.012401695039443     0.039918368565850
    -0.012401695039443     0.006056474586558    -0.012401695039443
     0.039918368565850     0.012401695039443    -0.028598700163229
6 41
     0.005100415756942    -0.009146978118224     0.009146978118224
    -0.009146978118224     0.005100415756942     0.009146978118224
     0.009146978118224     0.009146978118224     0.005100415756942
6 42
    -0.116302803661483    -0.035574529101723     0.035574529101723
    -0.035574529101723    -0.019563048743976     0.021684910461772
     0.035574529101723     0.021684910461772    -0.019563048743976
6 43
    -0.019563048743976    -0.035574529101723     0.021684910461772
    -0.035574529101723    -0.116302803661483     0.035574529101723
     0.021684910461772     0.035574529101723    -0.019563048743976
6 44
     0.065669057795503    -0.028412563915481     0.034618866084202
    -0.028412563915481     0.065669057795503     0.034618866084202
     0.034618866084202     0.034618866084202     0.005073655330534
6 45
    -0.019563048743976    -0.021684910461772     0.035574529101723
    -0.021684910461772    -0.019563048743976     0.035574529101723
     0.035574529101723     0.035574529101723    -0.116302803661483
6 46
     0.065669057795503    -0.034618866084202     0.028412563915481
    -0.034618866084202     0.005073655330534     0.034618866084202
     0.028412563915481     0.034618866084202     0.065669057795503
6 47
     0.005073655330534    -0.034618866084202     0.034618866084202
    -0.034618866084202     0.065669057795503     0.028412563915481
     0.034618866084202     0.028412563915481     0.065669057795503
6 48
    -2.936375630241628    -1.981126959435641     1.981126959435641
    -1.981126959435642    -2.936375630241628     1.981126959435642
     1.981126959435642     1.981126959435641    -2.936375630241626
6 49
    -0.028598700163229     0.039918368565850    -0.012401695039443
     0.039918368565850    -0.028598700163229    -0.012401695039443
     0.012401695039443     0.012401695039443     0.006056474586558
6 50
    -0.028598700163229    -0.039918368565850    -0.012401695039443
    -0.039918368565850    -0.028598700163229     0.012401695039443
     0.012401695039443    -0.012401695039443     0.006056474586558
6 51
    -0.028598700163229    -0.039918368565850     0.012401695039443
    -0.039918368565850    -0.028598700163229    -0.012401695039443
    -0.012401695039443     0.012401695039443     0.006056474586558
6 52
    -0.028598700163229     0.039918368565850     0.012401695039443
     0.039918368565850    -0.028598700163229     0.012401695039443
    -0.012401695039443    -0.012401695039443     0.006056474586558
6 53
    -0.197889187410283    -0.203163101105019    -0.061054110119585
    -0.203163101105019    -0.197889187410283    -0.061054110119585
     0.061054110119585     0.061054110119585     0.325400609136750
6 54
    -0.197889187410283     0.203163101105019    -0.061054110119585
     0.203163101105020    -0.197889187410283     0.061054110119585
     0.061054110119585    -0.061054110119585     0.325400609136750
6 55
    -0.197889187410283     0.203163101105019     0.061054110119585
     0.203163101105019    -0.197889187410283    -0.061054110119585
    -0.061054110119585     0.061054110119585     0.325400609136750
6 56
    -0.197889187410283    -0.203163101105019     0.061054110119585
    -0.203163101105019    -0.197889187410283     0.061054110119585
    -0.061054110119585    -0.061054110119585     0.325400609136750
6 57
    -0.019563048743976     0.035574529101723    -0.021684910461772
     0.035574529101723    -0.116302803661483     0.035574529101723
    -0.021684910461772     0.035574529101723    -0.019563048743976
6 58
     0.065669057795503     0.028412563915481    -0.034618866084202
     0.028412563915481     0.065669057795503     0.034618866084202
    -0.034618866084202     0.034618866084202     0.005073655330534
6 59
     0.005100415756942     0.009146978118224    -0.009146978118224
     0.009146978118224     0.005100415756942     0.009146978118224
    -0.009146978118224     0.009146978118224     0.005100415756942
6 60
    -0.116302803661483     0.035574529101723    -0.035574529101723
     0.035574529101723    -0.019563048743976     0.021684910461772
    -0.035574529101723     0.021684910461772    -0.019563048743976
6 61
     0.005073655330534     0.034618866084202    -0.034618866084202
     0.034618866084202     0.065669057795503     0.028412563915481
    -0.034618866084202     0.028412563915481     0.065669057795503
6 62
    -2.936375630241628     1.981126959435641    -1.981126959435641
     1.981126959435642    -2.936375630241628     1.981126959435642
    -1.981126959435642     1.981126959435641    -2.936375630241626
6 63
    -0.019563048743976     0.021684910461772    -0.035574529101723
     0.021684910461772    -0.019563048743976     0.035574529101723
    -0.035574529101723     0.035574529101723    -0.116302803661483
6 64
     0.065669057795503     0.034618866084202    -0.028412563915481
     0.034618866084202     0.005073655330534     0.034618866084202
    -0.028412563915481     0.034618866084202     0.065669057795503
7 1
     0.217939354325836    -0.000000000000000     0.000000000000000
     0.000000000000000    -0.011262453489280    -0.000000000000000
     0.000000000000000    -0.000000000000000    -0.011262453489280
7 2
    -0.005654635396013     0.000000000000000    -0.000000000000000
     0.000000000000000    -0.005654635396013     0.000000000000000
     0.000000000000000    -0.000000000000000    -0.005654635396013
7 3
    -0.061525177596877    -0.000000000000000    -0.000000000000000
     0.000000000000000    -0.061525177596877     0.000000000000000
     0.000000000000000    -0.000000000000000    -0.033382157715778
7 4
    -0.011262453489280    -0.000000000000000     0.000000000000000
    -0.000000000000000     0.217939354325836     0.000000000000000
     0.000000000000000     0.000000000000000    -0.011262453489280
7 5
    -0.061525177596877    -0.000000000000000    -0.000000000000000
     0.000000000000000    -0.033382157715778     0.000000000000000
     0.000000000000000    -0.000000000000000    -0.061525177596877
7 6
    -0.011262453489280    -0.000000000000000     0.000000000000000
     0.000000000000000    -0.011262453489280    -0.000000000000000
     0.000000000000000    -0.000000000000000     0.217939354325836
7 7
    12.253916845503451    -0.000000000000000     0.000000000000000
    -0.000000000000000    12.253916845503458     0.000000000000000
     0.000000000000000     0.000000000000000    12.253916845503451
7 8
    -0.033382157715778    -0.000000000000000    -0.000000000000000
     0.000000000000000    -0.061525177596877     0.000000000000000
     0.000000000000000    -0.000000000000000    -0.061525177596877
7 9
     0.065669057795503     0.028412563915481     0.034618866084202
     0.028412563915481     0.065669057795503    -0.034618866084202
     0.034618866084202    -0.034618866084202     0.005073655330534
7 10
    -0.019563048743976     0.035574529101723     0.021684910461772
     0.035574529101723    -0.116302803661483    -0.035574529101723
     0.021684910461772    -0.035574529101723    -0.019563048743976
7 11
    -0.116302803661483     0.035574529101723     0.035574529101723
     0.035574529101723    -0.019563048743976    -0.021684910461772
     0.035574529101723    -0.021684910461772    -0.019563048743976
7 12
     0.005100415756942     0.009146978118224     0.009146978118224
     0.009146978118224     0.005100415756942    -0.009146978118224
     0.009146978118224    -0.009146978118224     0.005100415756942
7 13
    -2.936375630241627     1.981126959435642     1.981126959435641
     1.981126959435642    -2.936375630241629    -1.981126959435642
     1.981126959435641    -1.981126959435642    -2.936375630241626
7 14
     0.005073655330534     0.034618866084202     0.034618866084202
     0.034618866084202     0.065669057795503    -0.028412563915481
     0.034618866084202    -0.028412563915481     0.065669057795503
7 15
     0.065669057795503     0.034618866084202     0.028412563915481
     0.034618866084202     0.005073655330534    -0.034618866084202
     0.028412563915481    -0.034618866084202     0.065669057795503
7 16
    -0.019563048743976     0.021684910461772     0.035574529101723
     0.021684910461772    -0.019563048743976    -0.035574529101723
     0.035574529101723    -0.035574529101723    -0.116302803661483
7 17
     0.325400609136750     0.061054110119585    -0.061054110119585
    -0.061054110119585    -0.197889187410283     0.203163101105019
     0.061054110119585     0.203163101105019    -0.197889187410283
7 18
     0.006056474586558     0.012401695039443    -0.012401695039443
    -0.012401695039443    -0.028598700163229    -0.039918368565850
     0.012401695039443    -0.039918368565850    -0.028598700163229
7 19
     0.325400609136750     0.061054110119585     0.061054110119585
    -0.061054110119585    -0.197889187410283    -0.203163101105020
    -0.061054110119585    -0.203163101105019    -0.197889187410283
7 20
     0.006056474586558     0.012401695039443     0.012401695039443
    -0.012401695039443    -0.028598700163229     0.039918368565850
    -0.012401695039443     0.039918368565850    -0.028598700163229
7 21
     0.325400609136750    -0.061054110119585    -0.061054110119585
     0.061054110119585    -0.197889187410283    -0.203163101105020
     0.061054110119585    -0.203163101105019    -0.197889187410283
7 22
     0.006056474586558    -0.012401695039443    -0.012401695039443
     0.012401695039443    -0.028598700163229     0.039918368565850
     0.012401695039443     0.039918368565850    -0.028598700163229
7 23
     0.325400609136750    -0.061054110119585     0.061054110119585
     0.061054110119585    -0.197889187410283     0.203163101105019
    -0.061054110119585     0.203163101105019    -0.197889187410283
7 24
     0.006056474586558    -0.012401695039443     0.012401695039443
     0.012401695039443    -0.028598700163229    -0.039918368565850
    -0.012401695039443    -0.039918368565850    -0.028598700163229
7 25
    -0.116302803661483    -0.035574529101723    -0.035574529101723
    -0.035574529101723    -0.019563048743976    -0.021684910461772
    -0.035574529101723    -0.021684910461772    -0.019563048743976
7 26
     0.005100415756942    -0.009146978118224    -0.009146978118224
    -0.009146978118224     0.005100415756942    -0.009146978118224
    -0.009146978118224    -0.009146978118224     0.005100415756942
7 27
     0.065669057795503    -0.028412563915481    -0.034618866084202
    -0.028412563915481     0.065669057795503    -0.034618866084202
    -0.034618866084202    -0.034618866084202     0.005073655330534
7 28
    -0.019563048743976    -0.035574529101723    -0.021684910461772
    -0.035574529101723    -0.116302803661483    -0.035574529101723
    -0.021684910461772    -0.035574529101723    -0.019563048743976
7 29
     0.065669057795503    -0.034618866084202    -0.028412563915481
    -0.034618866084202     0.005073655330534    -0.034618866084202
    -0.028412563915481    -0.034618866084202     0.065669057795503
7 30
    -0.019563048743976    -0.021684910461772    -0.035574529101723
    -0.021684910461772    -0.019563048743976    -0.035574529101723
    -0.035574529101723    -0.035574529101723    -0.116302803661483
7 31
    -2.936375630241628    -1.981126959435641    -1.981126959435641
    -1.981126959435642    -2.936375630241628    -1.981126959435642
    -1.981126959435642    -1.981126959435641    -2.936375630241626
7 32
     0.005073655330534    -0.034618866084202    -0.034618866084202
    -0.034618866084202     0.065669057795503    -0.028412563915481
    -0.034618866084202    -0.028412563915481     0.065669057795503
7 33
    -0.028598700163229    -0.012401695039443    -0.039918368565850
     0.012401695039443     0.006056474586558    -0.012401695039443
    -0.039918368565850     0.012401695039443    -0.028598700163229
7 34
    -0.028598700163229    -0.012401695039443     0.039918368565850
     0.012401695039443     0.006056474586558     0.012401695039443
     0.039918368565850    -0.012401695039443    -0.028598700163229
7 35
    -0.197889187410283    -0.061054110119585     0.203163101105019
     0.061054110119585     0.325400609136750    -0.061054110119585
     0.203163101105019     0.061054110119585    -0.197889187410283
7 36
    -0.197889187410283    -0.061054110119585    -0.203163101105019
     0.061054110119585     0.325400609136750     0.061054110119585
    -0.203163101105019    -0.061054110119585    -0.197889187410283
7 37
    -0.028598700163229     0.012401695039443     0.039918368565850
    -0.012401695039443     0.006056474586558    -0.012401695039443
     0.039918368565850     0.012401695039443    -0.028598700163229
7 38
    -0.028598700163229     0.012401695039443    -0.039918368565850
    -0.012401695039443     0.006056474586558     0.012401695039443
    -0.039918368565850    -0.012401695039443    -0.028598700163229
7 39
    -0.197889187410283     0.061054110119585    -0.203163101105019
    -0.061054110119585     0.325400609136750    -0.061054110119585
    -0.203163101105019     0.061054110119585    -0.197889187410283
7 40
    -0.197889187410283     0.061054110119585     0.203163101105019
    -0.061054110119585     0.325400609136750     0.061054110119585
     0.203163101105019    -0.061054110119585    -0.197889187410283
7 41
     0.065669057795503    -0.028412563915481     0.034618866084202
    -0.028412563915481     0.065669057795503     0.034618866084202
     0.034618866084202     0.034618866084202     0.005073655330534
7 42
    -0.019563048743976    -0.035574529101723     0.021684910461772
    -0.035574529101723    -0.116302803661483     0.035574529101723
     0.021684910461772     0.035574529101723    -0.019563048743976
7 43
    -0.116302803661483    -0.035574529101723     0.035574529101723
    -0.035574529101723    -0.019563048743976     0.021684910461772
     0.035574529101723     0.021684910461772    -0.019563048743976
7 44
     0.005100415756942    -0.009146978118224     0.009146978118224
    -0.009146978118224     0.005100415756942     0.009146978118224
     0.009146978118224     0.009146978118224     0.005100415756942
7 45
    -2.936375630241627    -1.981126959435642     1.981126959435641
    -1.981126959435642    -2.936375630241629     1.981126959435642
     1.981126959435641     1.981126959435642    -2.936375630241627
7 46
     0.005073655330534    -0.034618866084202     0.034618866084202
    -0.034618866084202     0.065669057795503     0.028412563915481
     0.034618866084202     0.028412563915481     0.065669057795503
7 47
     0.065669057795503    -0.034618866084202     0.028412563915481
    -0.034618866084202     0.005073655330534     0.034618866084202
     0.028412563915481     0.034618866084202     0.065669057795503
7 48
    -0.019563048743976    -0.021684910461772     0.035574529101723
    -0.021684910461772    -0.019563048743976     0.035574529101723
     0.035574529101723     0.035574529101723    -0.116302803661483
7 49
    -0.028598700163229     0.039918368565850     0.012401695039443
     0.039918368565850    -0.028598700163229     0.012401695039443
    -0.012401695039443    -0.012401695039443     0.006056474586558
7 50
    -0.028598700163229    -0.039918368565850     0.012401695039443
    -0.039918368565850    -0.028598700163229    -0.012401695039443
    -0.012401695039443     0.012401695039443     0.006056474586558
7 51
    -0.028598700163229    -0.039918368565850    -0.012401695039443
    -0.039918368565850    -0.028598700163229     0.012401695039443
     0.012401695039443    -0.012401695039443     0.006056474586558
7 52
    -0.028598700163229     0.039918368565850    -0.012401695039443
     0.039918368565850    -0.028598700163229    -0.012401695039443
     0.012401695039443     0.012401695039443     0.006056474586558
7 53
    -0.197889187410283    -0.203163101105019     0.061054110119585
    -0.203163101105019    -0.197889187410283     0.061054110119585
    -0.061054110119585    -0.061054110119585     0.325400609136750
7 54
    -0.197889187410283     0.203163101105019     0.061054110119585
     0.203163101105020    -0.197889187410283    -0.061054110119585
    -0.061054110119585     0.061054110119585     0.325400609136750
7 55
    -0.197889187410283     0.203163101105019    -0.061054110119585
     0.203163101105019    -0.197889187410283     0.061054110119585
     0.061054110119585    -0.061054110119585     0.325400609136750
7 56
    -0.197889187410283    -0.203163101105019    -0.061054110119585
    -0.203163101105019    -0.197889187410283    -0.061054110119585
     0.061054110119585     0.061054110119585     0.325400609136750
7 57
    -0.116302803661483     0.035574529101723    -0.035574529101723
     0.035574529101723    -0.019563048743976     0.021684910461772
    -0.035574529101723     0.021684910461772    -0.019563048743976
7 58
     0.005100415756942     0.009146978118224    -0.009146978118224
     0.009146978118224     0.005100415756942     0.009146978118224
    -0.009146978118224     0.009146978118224     0.005100415756942
7 59
     0.065669057795503     0.028412563915481    -0.034618866084202
     0.028412563915481     0.065669057795503     0.034618866084202
    -0.034618866084202     0.034618866084202     0.005073655330534
7 60
    -0.019563048743976     0.035574529101723    -0.021684910461772
     0.035574529101723    -0.116302803661483     0.035574529101723
    -0.021684910461772     0.035574529101723    -0.019563048743976
7 61
     0.065669057795503     0.034618866084202    -0.028412563915481
     0.034618866084202     0.005073655330534     0.034618866084202
    -0.028412563915481     0.034618866084202     0.065669057795503
7 62
    -0.019563048743976     0.021684910461772    -0.035574529101723
     0.021684910461772    -0.019563048743976     0.035574529101723
    -0.035574529101723     0.035574529101723    -0.116302803661483
7 63
    -2.936375630241627     1.981126959435642    -1.981126959435641
     1.981126959435642    -2.936375630241629     1.981126959435642
    -1.981126959435641     1.981126959435642    -2.936375630241627
7 64
     0.005073655330534     0.034618866084202    -0.034618866084202
     0.034618866084202     0.065669057795503     0.028412563915481
    -0.034618866084202     0.028412563915481     0.065669057795503
8 1
    -0.005654635396013     0.000000000000000    -0.000000000000000
    -0.000000000000000    -0.005654635396013    -0.000000000000000
    -0.000000000000000     0.000000000000000    -0.005654635396013
8 2
     0.217939354325836     0.000000000000000    -0.000000000000000
    -0.000000000000000    -0.011262453489280    -0.000000000000000
    -0.000000000000000     0.000000000000000    -0.011262453489280
8 3
    -0.011262453489280     0.000000000000000    -0.000000000000000
    -0.000000000000000     0.217939354325836    -0.000000000000000
    -0.000000000000000     0.000000000000000    -0.011262453489280
8 4
    -0.061525177596877     0.000000000000000    -0.000000000000000
    -0.000000000000000    -0.061525177596877    -0.000000000000000
    -0.000000000000000     0.000000000000000    -0.033382157715778
8 5
    -0.011262453489280     0.000000000000000    -0.000000000000000
     0.000000000000000    -0.011262453489280    -0.000000000000000
    -0.000000000000000     0.000000000000000     0.217939354325836
8 6
    -0.061525177596877     0.000000000000000    -0.000000000000000
    -0.000000000000000    -0.033382157715778    -0.000000000000000
    -0.000000000000000     0.000000000000000    -0.061525177596877
8 7
    -0.033382157715778     0.000000000000000     0.000000000000000
    -0.000000000000000    -0.061525177596877    -0.000000000000000
    -0.000000000000000     0.000000000000000    -0.061525177596877
8 8
    12.253916845503456    -0.000000000000000    -0.000000000000000
    -0.000000000000000    12.253916845503451    -0.000000000000000
    -0.000000000000000    -0.000000000000000    12.253916845503451
8 9
    -0.019563048743976     0.035574529101723     0.021684910461772
     0.035574529101723    -0.116302803661483    -0.035574529101723
     0.021684910461772    -0.035574529101723    -0.019563048743976
8 10
     0.065669057795503     0.028412563915481     0.034618866084202
     0.028412563915481     0.065669057795503    -0.034618866084202
     0.034618866084202    -0.034618866084202     0.005073655330534
8 11
     0.005100415756942     0.009146978118224     0.009146978118224
     0.009146978118224     0.005100415756942    -0.009146978118224
     0.009146978118224    -0.009146978118224     0.005100415756942
8 12
    -0.116302803661483     0.035574529101723     0.035574529101723
     0.035574529101723    -0.019563048743976    -0.021684910461772
     0.035574529101723    -0.021684910461772    -0.019563048743976
8 13
     0.005073655330534     0.034618866084202     0.034618866084202
     0.034618866084202     0.065669057795503    -0.028412563915481
     0.034618866084202    -0.028412563915481     0.065669057795503
8 14
    -2.936375630241629     1.981126959435642     1.981126959435642
     1.981126959435642    -2.936375630241627    -1.981126959435641
     1.981126959435642    -1.981126959435641    -2.936375630241626
8 15
    -0.019563048743976     0.021684910461772     0.035574529101723
     0.021684910461772    -0.019563048743976    -0.035574529101723
     0.035574529101723    -0.035574529101723    -0.116302803661483
8 16
     0.065669057795503     0.034618866084202     0.028412563915481
     0.034618866084202     0.005073655330534    -0.034618866084202
     0.028412563915481    -0.034618866084202     0.065669057795503
8 17
     0.006056474586558     0.012401695039443    -0.012401695039443
    -0.012401695039443    -0.028598700163229    -0.039918368565850
     0.012401695039443    -0.039918368565850    -0.028598700163229
8 18
     0.325400609136750     0.061054110119585    -0.061054110119585
    -0.061054110119585    -0.197889187410283     0.203163101105019
     0.061054110119585     0.203163101105019    -0.197889187410283
8 19
     0.006056474586558     0.012401695039443     0.012401695039443
    -0.012401695039443    -0.028598700163229     0.039918368565850
    -0.012401695039443     0.039918368565850    -0.028598700163229
8 20
     0.325400609136750     0.061054110119585     0.061054110119585
    -0.061054110119585    -0.197889187410283    -0.203163101105019
    -0.061054110119585    -0.203163101105019    -0.197889187410283
8 21
     0.006056474586558    -0.012401695039443    -0.012401695039443
     0.012401695039443    -0.028598700163229     0.039918368565850
     0.012401695039443     0.039918368565850    -0.028598700163229
8 22
     0.325400609136750    -0.061054110119585    -0.061054110119585
     0.061054110119585    -0.197889187410283    -0.203163101105019
     0.061054110119585    -0.203163101105019    -0.197889187410283
8 23
     0.006056474586558    -0.012401695039443     0.012401695039443
     0.012401695039443    -0.028598700163229    -0.039918368565850
    -0.012401695039443    -0.039918368565850    -0.028598700163229
8 24
     0.325400609136750    -0.061054110119585     0.061054110119585
     0.061054110119585    -0.197889187410283     0.203163101105019
    -0.061054110119585     0.203163101105019    -0.197889187410283
8 25
     0.005100415756942    -0.009146978118224    -0.009146978118224
    -0.009146978118224     0.005100415756942    -0.009146978118224
    -0.009146978118224    -0.009146978118224     0.005100415756942
8 26
    -0.116302803661483    -0.035574529101723    -0.035574529101723
    -0.035574529101723    -0.019563048743976    -0.021684910461772
    -0.035574529101723    -0.021684910461772    -0.019563048743976
8 27
    -0.019563048743976    -0.035574529101723    -0.021684910461772
    -0.035574529101723    -0.116302803661483    -0.035574529101723
    -0.021684910461772    -0.035574529101723    -0.019563048743976
8 28
     0.065669057795503    -0.028412563915481    -0.034618866084202
    -0.028412563915481     0.065669057795503    -0.034618866084202
    -0.034618866084202    -0.034618866084202     0.005073655330534
8 29
    -0.019563048743976    -0.021684910461772    -0.035574529101723
    -0.021684910461772    -0.019563048743976    -0.035574529101723
    -0.035574529101723    -0.035574529101723    -0.116302803661483
8 30
     0.065669057795503    -0.034618866084202    -0.028412563915481
    -0.034618866084202     0.005073655330534    -0.034618866084202
    -0.028412563915481    -0.034618866084202     0.065669057795503
8 31
     0.005073655330534    -0.034618866084202    -0.034618866084202
    -0.034618866084202     0.065669057795503    -0.028412563915481
    -0.034618866084202    -0.028412563915481     0.065669057795503
8 32
    -2.936375630241628    -1.981126959435642    -1.981126959435642
    -1.981126959435641    -2.936375630241628    -1.981126959435641
    -1.981126959435641    -1.981126959435642    -2.936375630241627
8 33
    -0.028598700163229    -0.012401695039443     0.039918368565850
     0.012401695039443     0.006056474586558     0.012401695039443
     0.039918368565850    -0.012401695039443    -0.028598700163229
8 34
    -0.028598700163229    -0.012401695039443    -0.039918368565850
     0.012401695039443     0.006056474586558    -0.012401695039443
    -0.039918368565850     0.012401695039443    -0.028598700163229
8 35
    -0.197889187410283    -0.061054110119585    -0.203163101105020
     0.061054110119585     0.325400609136750     0.061054110119585
    -0.203163101105019    -0.061054110119585    -0.197889187410283
8 36
    -0.197889187410283    -0.061054110119585     0.203163101105019
     0.061054110119585     0.325400609136750    -0.061054110119585
     0.203163101105019     0.061054110119585    -0.197889187410283
8 37
    -0.028598700163229     0.012401695039443    -0.039918368565850
    -0.012401695039443     0.006056474586558     0.012401695039443
    -0.039918368565850    -0.012401695039443    -0.028598700163229
8 38
    -0.028598700163229     0.012401695039443     0.039918368565850
    -0.012401695039443     0.006056474586558    -0.012401695039443
     0.039918368565850     0.012401695039443    -0.028598700163229
8 39
    -0.197889187410283     0.061054110119585     0.203163101105019
    -0.061054110119585     0.325400609136750     0.061054110119585
     0.203163101105019    -0.061054110119585    -0.197889187410283
8 40
    -0.197889187410283     0.061054110119585    -0.203163101105019
    -0.061054110119585     0.325400609136750    -0.061054110119585
    -0.203163101105019     0.061054110119585    -0.197889187410283
8 41
    -0.019563048743976    -0.035574529101723     0.021684910461772
    -0.035574529101723    -0.116302803661483     0.035574529101723
     0.021684910461772     0.035574529101723    -0.019563048743976
8 42
     0.065669057795503    -0.028412563915481     0.034618866084202
    -0.028412563915481     0.065669057795503     0.034618866084202
     0.034618866084202     0.034618866084202     0.005073655330534
8 43
     0.005100415756942    -0.009146978118224     0.009146978118224
    -0.009146978118224     0.005100415756942     0.009146978118224
     0.009146978118224     0.009146978118224     0.005100415756942
8 44
    -0.116302803661483    -0.035574529101723     0.035574529101723
    -0.035574529101723    -0.019563048743976     0.021684910461772
     0.035574529101723     0.021684910461772    -0.019563048743976
8 45
     0.005073655330534    -0.034618866084202     0.034618866084202
    -0.034618866084202     0.065669057795503     0.028412563915481
     0.034618866084202     0.028412563915481     0.065669057795503
8 46
    -2.936375630241628    -1.981126959435642     1.981126959435642
    -1.981126959435641    -2.936375630241627     1.981126959435642
     1.981126959435641     1.981126959435641    -2.936375630241628
8 47
    -0.019563048743976    -0.021684910461772     0.035574529101723
    -0.021684910461772    -0.019563048743976     0.035574529101723
     0.035574529101723     0.035574529101723    -0.116302803661483
8 48
     0.065669057795503    -0.034618866084202     0.028412563915481
    -0.034618866084202     0.005073655330534     0.034618866084202
     0.028412563915481     0.034618866084202     0.065669057795503
8 49
    -0.028598700163229    -0.039918368565850     0.012401695039443
    -0.039918368565850    -0.028598700163229    -0.012401695039443
    -0.012401695039443     0.012401695039443     0.006056474586558
8 50
    -0.028598700163229     0.039918368565850     0.012401695039443
     0.039918368565850    -0.028598700163229     0.012401695039443
    -0.012401695039443    -0.012401695039443     0.006056474586558
8 51
    -0.028598700163229     0.039918368565850    -0.012401695039443
     0.039918368565850    -0.028598700163229    -0.012401695039443
     0.012401695039443     0.012401695039443     0.006056474586558
8 52
    -0.028598700163229    -0.039918368565850    -0.012401695039443
    -0.039918368565850    -0.028598700163229     0.012401695039443
     0.012401695039443    -0.012401695039443     0.006056474586558
8 53
    -0.197889187410283     0.203163101105019     0.061054110119585
     0.203163101105019    -0.197889187410283    -0.061054110119585
    -0.061054110119585     0.061054110119585     0.325400609136750
8 54
    -0.197889187410283    -0.203163101105019     0.061054110119585
    -0.203163101105019    -0.197889187410283     0.061054110119585
    -0.061054110119585    -0.061054110119585     0.325400609136750
8 55
    -0.197889187410283    -0.203163101105019    -0.061054110119585
    -0.203163101105019    -0.197889187410283    -0.061054110119585
     0.061054110119585     0.061054110119585     0.325400609136750
8 56
    -0.197889187410283     0.203163101105019    -0.061054110119585
     0.203163101105019    -0.197889187410283     0.061054110119585
     0.061054110119585    -0.061054110119585     0.325400609136750
8 57
     0.005100415756942     0.009146978118224    -0.009146978118224
     0.009146978118224     0.005100415756942     0.009146978118224
    -0.009146978118224     0.009146978118224     0.005100415756942
8 58
    -0.116302803661483     0.035574529101723    -0.035574529101723
     0.035574529101723    -0.019563048743976     0.021684910461772
    -0.035574529101723     0.021684910461772    -0.019563048743976
8 59
    -0.019563048743976     0.035574529101723    -0.021684910461772
     0.035574529101723    -0.116302803661483     0.035574529101723
    -0.021684910461772     0.035574529101723    -0.019563048743976
8 60
     0.065669057795503     0.028412563915481    -0.034618866084202
     0.028412563915481     0.065669057795503     0.034618866084202
    -0.034618866084202     0.034618866084202     0.005073655330534
8 61
    -0.019563048743976     0.021684910461772    -0.035574529101723
     0.021684910461772    -0.019563048743976     0.035574529101723
    -0.035574529101723     0.035574529101723    -0.116302803661483
8 62
     0.065669057795503     0.034618866084202    -0.028412563915481
     0.034618866084202     0.005073655330534     0.034618866084202
    -0.028412563915481     0.034618866084202     0.065669057795503
8 63
     0.005073655330534     0.034618866084202    -0.034618866084202
     0.034618866084202     0.065669057795503     0.028412563915481
    -0.034618866084202     0.028412563915481     0.065669057795503
8 64
    -2.936375630241628     1.981126959435642    -1.981126959435642
     1.981126959435641    -2.936375630241627     1.981126959435642
    -1.981126959435641     1.981126959435641    -2.936375630241628
9 1
     0.065669057795503     0.034618866084202     0.028412563915481
     0.034618866084202     0.005073655330534    -0.034618866084202
     0.028412563915481    -0.034618866084202     0.065669057795503
9 2
    -0.019563048743976     0.021684910461772     0.035574529101723
     0.021684910461772    -0.019563048743976    -0.035574529101723
     0.035574529101723    -0.035574529101723    -0.116302803661483
9 3
    -2.936375630241626     1.981126959435642     1.981126959435641
     1.981126959435642    -2.936375630241629    -1.981126959435642
     1.981126959435641    -1.981126959435642    -2.936375630241627
9 4
     0.005073655330534     0.034618866084202     0.034618866084202
     0.034618866084202     0.065669057795503    -0.028412563915481
     0.034618866084202    -0.028412563915481     0.065669057795503
9 5
    -0.116302803661483     0.035574529101723     0.035574529101723
     0.035574529101723    -0.019563048743976    -0.021684910461772
     0.035574529101723    -0.021684910461772    -0.019563048743976
9 6
     0.005100415756942     0.009146978118224     0.009146978118224
     0.009146978118224     0.005100415756942    -0.009146978118224
     0.009146978118224    -0.009146978118224     0.005100415756942
9 7
     0.065669057795503     0.028412563915481     0.034618866084202
     0.028412563915481     0.065669057795503    -0.034618866084202
     0.034618866084202    -0.034618866084202     0.005073655330534
9 8
    -0.019563048743976     0.035574529101723     0.021684910461772
     0.035574529101723    -0.116302803661483    -0.035574529101723
     0.021684910461772    -0.035574529101723    -0.019563048743976
9 9
    12.253916845503451    -0.000000000000000     0.000000000000000
    -0.000000000000000    12.253916845503456     0.000000000000000
     0.000000000000000     0.000000000000000    12.253916845503451
9 10
    -0.033382157715778    -0.000000000000000    -0.000000000000000
     0.000000000000000    -0.061525177596877    -0.000000000000000
    -0.000000000000000     0.000000000000000    -0.061525177596877
9 11
    -0.061525177596877    -0.000000000000000     0.000000000000000
    -0.000000000000000    -0.033382157715778     0.000000000000000
    -0.000000000000000     0.000000000000000    -0.061525177596877
9 12
    -0.011262453489280    -0.000000000000000     0.000000000000000
     0.000000000000000    -0.011262453489280    -0.000000000000000
    -0.000000000000000     0.000000000000000     0.217939354325836
9 13
    -0.061525177596877     0.000000000000000     0.000000000000000
     0.000000000000000    -0.061525177596877    -0.000000000000000
     0.000000000000000     0.000000000000000    -0.033382157715778
9 14
    -0.011262453489280     0.000000000000000     0.000000000000000
     0.000000000000000     0.217939354325836    -0.000000000000000
     0.000000000000000     0.000000000000000    -0.011262453489280
9 15
     0.217939354325836     0.000000000000000     0.000000000000000
     0.000000000000000    -0.011262453489280     0.000000000000000
     0.000000000000000     0.000000000000000    -0.011262453489280
9 16
    -0.005654635396013     0.000000000000000     0.000000000000000
     0.000000000000000    -0.005654635396013    -0.000000000000000
     0.000000000000000     0.000000000000000    -0.005654635396013
9 17
    -2.936375630241627    -1.981126959435642    -1.981126959435641
    -1.981126959435642    -2.936375630241629    -1.981126959435642
    -1.981126959435641    -1.981126959435642    -2.936375630241627
9 18
     0.005073655330534    -0.034618866084202    -0.034618866084202
    -0.034618866084202     0.065669057795503    -0.028412563915481
    -0.034618866084202    -0.028412563915481     0.065669057795503
9 19
     0.065669057795503    -0.034618866084202    -0.028412563915481
    -0.034618866084202     0.005073655330534    -0.034618866084202
    -0.028412563915481    -0.034618866084202     0.065669057795503
9 20
    -0.019563048743976    -0.021684910461772    -0.035574529101723
    -0.021684910461772    -0.019563048743976    -0.035574529101723
    -0.035574529101723    -0.035574529101723    -0.116302803661483
9 21
     0.065669057795503    -0.028412563915481    -0.034618866084202
    -0.028412563915481     0.065669057795503    -0.034618866084202
    -0.034618866084202    -0.034618866084202     0.005073655330534
9 22
    -0.019563048743976    -0.035574529101723    -0.021684910461772
    -0.035574529101723    -0.116302803661483    -0.035574529101723
    -0.021684910461772    -0.035574529101723    -0.019563048743976
9 23
    -0.116302803661483    -0.035574529101723    -0.035574529101723
    -0.035574529101723    -0.019563048743976    -0.021684910461772
    -0.035574529101723    -0.021684910461772    -0.019563048743976
9 24
     0.005100415756942    -0.009146978118224    -0.009146978118224
    -0.009146978118224     0.005100415756942    -0.009146978118224
    -0.009146978118224    -0.009146978118224     0.005100415756942
9 25
     0.325400609136750    -0.061054110119585     0.061054110119585
     0.061054110119585    -0.197889187410283     0.203163101105019
    -0.061054110119585     0.203163101105019    -0.197889187410283
9 26
     0.006056474586558    -0.012401695039443     0.012401695039443
     0.012401695039443    -0.028598700163229    -0.039918368565850
    -0.012401695039443    -0.039918368565850    -0.028598700163229
9 27
     0.325400609136750    -0.061054110119585    -0.061054110119585
     0.061054110119585    -0.197889187410283    -0.203163101105019
     0.061054110119585    -0.203163101105019    -0.197889187410283
9 28
     0.006056474586558    -0.012401695039443    -0.012401695039443
     0.012401695039443    -0.028598700163229     0.039918368565850
     0.012401695039443     0.039918368565850    -0.028598700163229
9 29
     0.325400609136750     0.061054110119585     0.061054110119585
    -0.061054110119585    -0.197889187410283    -0.203163101105019
    -0.061054110119585    -0.203163101105019    -0.197889187410283
9 30
     0.006056474586558     0.012401695039443     0.012401695039443
    -0.012401695039443    -0.028598700163229     0.039918368565850
    -0.012401695039443     0.039918368565850    -0.028598700163229
9 31
     0.325400609136750     0.061054110119585    -0.061054110119585
    -0.061054110119585    -0.197889187410283     0.203163101105019
     0.061054110119585     0.203163101105019    -0.197889187410283
9 32
     0.006056474586558     0.012401695039443    -0.012401695039443
    -0.012401695039443    -0.028598700163229    -0.039918368565850
     0.012401695039443    -0.039918368565850    -0.028598700163229
9 33
    -0.019563048743976    -0.021684910461772     0.035574529101723
    -0.021684910461772    -0.019563048743976     0.035574529101723
     0.035574529101723     0.035574529101723    -0.116302803661483
9 34
     0.065669057795503    -0.034618866084202     0.028412563915481
    -0.034618866084202     0.005073655330534     0.034618866084202
     0.028412563915481     0.034618866084202     0.065669057795503
9 35
     0.005073655330534    -0.034618866084202     0.034618866084202
    -0.034618866084202     0.065669057795503     0.028412563915481
     0.034618866084202     0.028412563915481     0.065669057795503
9 36
    -2.936375630241628    -1.981126959435641     1.981126959435641
    -1.981126959435642    -2.936375630241628     1.981126959435642
     1.981126959435642     1.981126959435641    -2.936375630241627
9 37
     0.005100415756942    -0.009146978118224     0.009146978118224
    -0.009146978118224     0.005100415756942     0.009146978118224
     0.009146978118224     0.009146978118224     0.005100415756942
9 38
    -0.116302803661483    -0.035574529101723     0.035574529101723
    -0.035574529101723    -0.019563048743976     0.021684910461772
     0.035574529101723     0.021684910461772    -0.019563048743976
9 39
    -0.019563048743976    -0.035574529101723     0.021684910461772
    -0.035574529101723    -0.116302803661483     0.035574529101723
     0.021684910461772     0.035574529101723    -0.019563048743976
9 40
     0.065669057795503    -0.028412563915481     0.034618866084202
    -0.028412563915481     0.065669057795503     0.034618866084202
     0.034618866084202     0.034618866084202     0.005073655330534
9 41
    -0.197889187410283     0.061054110119585     0.203163101105019
    -0.061054110119585     0.325400609136750     0.061054110119585
     0.203163101105019    -0.061054110119585    -0.197889187410283
9 42
    -0.197889187410283     0.061054110119585    -0.203163101105019
    -0.061054110119585     0.325400609136750    -0.061054110119585
    -0.203163101105019     0.061054110119585    -0.197889187410283
9 43
    -0.028598700163229     0.012401695039443    -0.039918368565850
    -0.012401695039443     0.006056474586558     0.012401695039443
    -0.039918368565850    -0.012401695039443    -0.028598700163229
9 44
    -0.028598700163229     0.012401695039443     0.039918368565850
    -0.012401695039443     0.006056474586558    -0.012401695039443
     0.039918368565850     0.012401695039443    -0.028598700163229
9 45
    -0.197889187410283    -0.061054110119585    -0.203163101105019
     0.061054110119585     0.325400609136750     0.061054110119585
    -0.203163101105019    -0.061054110119585    -0.197889187410283
9 46
    -0.197889187410283    -0.061054110119585     0.203163101105019
     0.061054110119585     0.325400609136750    -0.061054110119585
     0.203163101105019     0.061054110119585    -0.197889187410283
9 47
    -0.028598700163229    -0.012401695039443     0.039918368565850
     0.012401695039443     0.006056474586558     0.012401695039443
     0.039918368565850    -0.012401695039443    -0.028598700163229
9 48
    -0.028598700163229    -0.012401695039443    -0.039918368565850
     0.012401695039443     0.006056474586558    -0.012401695039443
    -0.039918368565850     0.012401695039443    -0.028598700163229
9 49
     0.005073655330534     0.034618866084202    -0.034618866084202
     0.034618866084202     0.065669057795503     0.028412563915481
    -0.034618866084202     0.028412563915481     0.065669057795503
9 50
    -2.936375630241627     1.981126959435641    -1.981126959435642
     1.981126959435642    -2.936375630241628     1.981126959435642
    -1.981126959435641     1.981126959435641    -2.936375630241628
9 51
    -0.019563048743976     0.021684910461772    -0.035574529101723
     0.021684910461772    -0.019563048743976     0.035574529101723
    -0.035574529101723     0.035574529101723    -0.116302803661483
9 52
     0.065669057795503     0.034618866084202    -0.028412563915481
     0.034618866084202     0.005073655330534     0.034618866084202
    -0.028412563915481     0.034618866084202     0.065669057795503
9 53
    -0.019563048743976     0.035574529101723    -0.021684910461772
     0.035574529101723    -0.116302803661483     0.035574529101723
    -0.021684910461772     0.035574529101723    -0.019563048743976
9 54
     0.065669057795503     0.028412563915481    -0.034618866084202
     0.028412563915481     0.065669057795503     0.034618866084202
    -0.034618866084202     0.034618866084202     0.005073655330534
9 55
     0.005100415756942     0.009146978118224    -0.009146978118224
     0.009146978118224     0.005100415756942     0.009146978118224
    -0.009146978118224     0.009146978118224     0.005100415756942
9 56
    -0.116302803661483     0.035574529101723    -0.035574529101723
     0.035574529101723    -0.019563048743976     0.021684910461772
    -0.035574529101723     0.021684910461772    -0.019563048743976
9 57
    -0.197889187410283    -0.203163101105019    -0.061054110119585
    -0.203163101105020    -0.197889187410283    -0.061054110119585
     0.061054110119585     0.061054110119585     0.325400609136750
9 58
    -0.197889187410283     0.203163101105019    -0.061054110119585
     0.203163101105019    -0.197889187410283     0.061054110119585
     0.061054110119585    -0.061054110119585     0.325400609136750
9 59
    -0.197889187410283     0.203163101105019     0.061054110119585
     0.203163101105019    -0.197889187410283    -0.061054110119585
    -0.061054110119585     0.061054110119585     0.325400609136750
9 60
    -0.197889187410283    -0.203163101105019     0.061054110119585
    -0.203163101105019    -0.197889187410283     0.061054110119585
    -0.061054110119585    -0.061054110119585     0.325400609136750
9 61
    -0.028598700163229     0.039918368565850    -0.012401695039443
     0.039918368565850    -0.028598700163229    -0.012401695039443
     0.012401695039443     0.012401695039443     0.006056474586558
9 62
    -0.028598700163229    -0.039918368565850    -0.012401695039443
    -0.039918368565850    -0.028598700163229     0.012401695039443
     0.012401695039443    -0.012401695039443     0.006056474586558
9 63
    -0.028598700163229    -0.039918368565850     0.012401695039443
    -0.039918368565850    -0.028598700163229    -0.012401695039443
    -0.012401695039443     0.012401695039443     0.006056474586558
9 64
    -0.028598700163229     0.039918368565850     0.012401695039443
     0.039918368565850    -0.028598700163229     0.012401695039443
    -0.012401695039443    -0.012401695039443     0.006056474586558
10 1
    -0.019563048743976     0.021684910461772     0.035574529101723
     0.021684910461772    -0.019563048743976    -0.035574529101723
     0.035574529101723    -0.035574529101723    -0.116302803661483
10 2
     0.065669057795503     0.034618866084202     0.028412563915481
     0.034618866084202     0.005073655330534    -0.034618866084202
     0.028412563915481    -0.034618866084202     0.065669057795503
10 3
     0.005073655330534     0.034618866084202     0.034618866084202
     0.034618866084202     0.065669057795503    -0.028412563915481
     0.034618866084202    -0.028412563915481     0.065669057795503
10 4
    -2.936375630241628     1.981126959435641     1.981126959435641
     1.981126959435642    -2.936375630241627    -1.981126959435641
     1.981126959435642    -1.981126959435642    -2.936375630241628
10 5
     0.005100415756942     0.009146978118224     0.009146978118224
     0.009146978118224     0.005100415756942    -0.009146978118224
     0.009146978118224    -0.009146978118224     0.005100415756942
10 6
    -0.116302803661483     0.035574529101723     0.035574529101723
     0.035574529101723    -0.019563048743976    -0.021684910461772
     0.035574529101723    -0.021684910461772    -0.019563048743976
10 7
    -0.019563048743976     0.035574529101723     0.021684910461772
     0.035574529101723    -0.116302803661483    -0.035574529101723
     0.021684910461772    -0.035574529101723    -0.019563048743976
10 8
     0.065669057795503     0.028412563915481     0.034618866084202
     0.028412563915481     0.065669057795503    -0.034618866084202
     0.034618866084202    -0.034618866084202     0.005073655330534
10 9
    -0.033382157715778     0.000000000000000    -0.000000000000000
    -0.000000000000000    -0.061525177596877     0.000000000000000
    -0.000000000000000    -0.000000000000000    -0.061525177596877
10 10
    12.253916845503451    -0.000000000000000     0.000000000000000
    -0.000000000000000    12.253916845503451    -0.000000000000000
     0.000000000000000    -0.000000000000000    12.253916845503456
10 11
    -0.011262453489280    -0.000000000000000     0.000000000000000
    -0.000000000000000    -0.011262453489280     0.000000000000000
    -0.000000000000000    -0.000000000000000     0.217939354325836
10 12
    -0.061525177596877    -0.000000000000000    -0.000000000000000
    -0.000000000000000    -0.033382157715778     0.000000000000000
    -0.000000000000000    -0.000000000000000    -0.061525177596877
10 13
    -0.011262453489280    -0.000000000000000     0.000000000000000
    -0.000000000000000     0.217939354325836     0.000000000000000
    -0.000000000000000    -0.000000000000000    -0.011262453489280
10 14
    -0.061525177596877    -0.000000000000000     0.000000000000000
     0.000000000000000    -0.061525177596877    -0.000000000000000
     0.000000000000000    -0.000000000000000    -0.033382157715778
10 15
    -0.005654635396013     0.000000000000000    -0.000000000000000
    -0.000000000000000    -0.005654635396013     0.000000000000000
    -0.000000000000000    -0.000000000000000    -0.005654635396013
10 16
     0.217939354325836    -0.000000000000000     0.000000000000000
    -0.000000000000000    -0.011262453489280     0.000000000000000
     0.000000000000000    -0.000000000000000    -0.011262453489280
10 17
     0.005073655330534    -0.034618866084202    -0.034618866084202
    -0.034618866084202     0.065669057795503    -0.028412563915481
    -0.034618866084202    -0.028412563915481     0.065669057795503
10 18
    -2.936375630241627    -1.981126959435641    -1.981126959435642
    -1.981126959435641    -2.936375630241627    -1.981126959435642
    -1.981126959435642    -1.981126959435642    -2.936375630241629
10 19
    -0.019563048743976    -0.021684910461772    -0.035574529101723
    -0.021684910461772    -0.019563048743976    -0.035574529101723
    -0.035574529101723    -0.035574529101723    -0.116302803661483
10 20
     0.065669057795503    -0.034618866084202    -0.028412563915481
    -0.034618866084202     0.005073655330534    -0.034618866084202
    -0.028412563915481    -0.034618866084202     0.065669057795503
10 21
    -0.019563048743976    -0.035574529101723    -0.021684910461772
    -0.035574529101723    -0.116302803661483    -0.035574529101723
    -0.021684910461772    -0.035574529101723    -0.019563048743976
10 22
     0.065669057795503    -0.028412563915481    -0.034618866084202
    -0.028412563915481     0.065669057795503    -0.034618866084202
    -0.034618866084202    -0.034618866084202     0.005073655330534
10 23
     0.005100415756942    -0.009146978118224    -0.009146978118224
    -0.009146978118224     0.005100415756942    -0.009146978118224
    -0.009146978118224    -0.009146978118224     0.005100415756942
10 24
    -0.116302803661483    -0.035574529101723    -0.035574529101723
    -0.035574529101723    -0.019563048743976    -0.021684910461772
    -0.035574529101723    -0.021684910461772    -0.019563048743976
10 25
     0.006056474586558    -0.012401695039443     0.012401695039443
     0.012401695039443    -0.028598700163229    -0.039918368565850
    -0.012401695039443    -0.039918368565850    -0.028598700163229
10 26
     0.325400609136750    -0.061054110119585     0.061054110119585
     0.061054110119585    -0.197889187410283     0.203163101105019
    -0.061054110119585     0.203163101105019    -0.197889187410283
10 27
     0.006056474586558    -0.012401695039443    -0.012401695039443
     0.012401695039443    -0.028598700163229     0.039918368565850
     0.012401695039443     0.039918368565850    -0.028598700163229
10 28
     0.325400609136750    -0.061054110119585    -0.061054110119585
     0.061054110119585    -0.197889187410283    -0.203163101105019
     0.061054110119585    -0.203163101105019    -0.197889187410283
10 29
     0.006056474586558     0.012401695039443     0.012401695039443
    -0.012401695039443    -0.028598700163229     0.039918368565850
    -0.012401695039443     0.039918368565850    -0.028598700163229
10 30
     0.325400609136750     0.061054110119585     0.061054110119585
    -0.061054110119585    -0.197889187410283    -0.203163101105019
    -0.061054110119585    -0.203163101105019    -0.197889187410283
10 31
     0.006056474586558     0.012401695039443    -0.012401695039443
    -0.012401695039443    -0.028598700163229    -0.039918368565850
     0.012401695039443    -0.039918368565850    -0.028598700163229
10 32
     0.325400609136750     0.061054110119585    -0.061054110119585
    -0.061054110119585    -0.197889187410283     0.203163101105019
     0.061054110119585     0.203163101105019    -0.197889187410283
10 33
     0.065669057795503    -0.034618866084202     0.028412563915481
    -0.034618866084202     0.005073655330534     0.034618866084202
     0.028412563915481     0.034618866084202     0.065669057795503
10 34
    -0.019563048743976    -0.021684910461772     0.035574529101723
    -0.021684910461772    -0.019563048743976     0.035574529101723
     0.035574529101723     0.035574529101723    -0.116302803661483
10 35
    -2.936375630241626    -1.981126959435641     1.981126959435642
    -1.981126959435641    -2.936375630241627     1.981126959435642
     1.981126959435642     1.981126959435642    -2.936375630241629
10 36
     0.005073655330534    -0.034618866084202     0.034618866084202
    -0.034618866084202     0.065669057795503     0.028412563915481
     0.034618866084202     0.028412563915481     0.065669057795503
10 37
    -0.116302803661483    -0.035574529101723     0.035574529101723
    -0.035574529101723    -0.019563048743976     0.021684910461772
     0.035574529101723     0.021684910461772    -0.019563048743976
10 38
     0.005100415756942    -0.009146978118224     0.009146978118224
    -0.009146978118224     0.005100415756942     0.009146978118224
     0.009146978118224     0.009146978118224     0.005100415756942
10 39
     0.065669057795503    -0.028412563915481     0.034618866084202
    -0.028412563915481     0.065669057795503     0.034618866084202
     0.034618866084202     0.034618866084202     0.005073655330534
10 40
    -0.019563048743976    -0.035574529101723     0.021684910461772
    -0.035574529101723    -0.116302803661483     0.035574529101723
     0.021684910461772     0.035574529101723    -0.019563048743976
10 41
    -0.197889187410283     0.061054110119585    -0.203163101105019
    -0.061054110119585     0.325400609136750    -0.061054110119585
    -0.203163101105020     0.061054110119585    -0.197889187410283
10 42
    -0.197889187410283     0.061054110119585     0.203163101105019
    -0.061054110119585     0.325400609136750     0.061054110119585
     0.203163101105019    -0.061054110119585    -0.197889187410283
10 43
    -0.028598700163229     0.012401695039443     0.039918368565850
    -0.012401695039443     0.006056474586558    -0.012401695039443
     0.039918368565850     0.012401695039443    -0.028598700163229
10 44
    -0.028598700163229     0.012401695039443    -0.039918368565850
    -0.012401695039443     0.006056474586558     0.012401695039443
    -0.039918368565850    -0.012401695039443    -0.028598700163229
10 45
    -0.197889187410283    -0.061054110119585     0.203163101105019
     0.061054110119585     0.325400609136750    -0.061054110119585
     0.203163101105019     0.061054110119585    -0.197889187410283
10 46
    -0.197889187410283    -0.061054110119585    -0.203163101105019
     0.061054110119585     0.325400609136750     0.061054110119585
    -0.203163101105019    -0.061054110119585    -0.197889187410283
10 47
    -0.028598700163229    -0.012401695039443    -0.039918368565850
     0.012401695039443     0.006056474586558    -0.012401695039443
    -0.039918368565850     0.012401695039443    -0.028598700163229
10 48
    -0.028598700163229    -0.012401695039443     0.039918368565850
     0.012401695039443     0.006056474586558     0.012401695039443
     0.039918368565850    -0.012401695039443    -0.028598700163229
10 49
    -2.936375630241627     1.981126959435642    -1.981126959435641
     1.981126959435641    -2.936375630241628     1.981126959435641
    -1.981126959435642     1.981126959435642    -2.936375630241628
10 50
     0.005073655330534     0.034618866084202    -0.034618866084202
     0.034618866084202     0.065669057795503     0.028412563915481
    -0.034618866084202     0.028412563915481     0.065669057795503
10 51
     0.065669057795503     0.034618866084202    -0.028412563915481
     0.034618866084202     0.005073655330534     0.034618866084202
    -0.028412563915481     0.034618866084202     0.065669057795503
10 52
    -0.019563048743976     0.021684910461772    -0.035574529101723
     0.021684910461772    -0.019563048743976     0.035574529101723
    -0.035574529101723     0.035574529101723    -0.116302803661483
10 53
     0.065669057795503     0.028412563915481    -0.034618866084202
     0.028412563915481     0.065669057795503     0.034618866084202
    -0.034618866084202     0.034618866084202     0.005073655330534
10 54
    -0.019563048743976     0.035574529101723    -0.021684910461772
     0.035574529101723    -0.116302803661483     0.035574529101723
    -0.021684910461772     0.035574529101723    -0.019563048743976
10 55
    -0.116302803661483     0.035574529101723    -0.035574529101723
     0.035574529101723    -0.019563048743976     0.021684910461772
    -0.035574529101723     0.021684910461772    -0.019563048743976
10 56
     0.005100415756942     0.009146978118224    -0.009146978118224
     0.009146978118224     0.005100415756942     0.009146978118224
    -0.009146978118224     0.009146978118224     0.005100415756942
10 57
    -0.197889187410283     0.203163101105019    -0.061054110119585
     0.203163101105019    -0.197889187410283     0.061054110119585
     0.061054110119585    -0.061054110119585     0.325400609136750
10 58
    -0.197889187410283    -0.203163101105019    -0.061054110119585
    -0.203163101105019    -0.197889187410283    -0.061054110119585
     0.061054110119585     0.061054110119585     0.325400609136750
10 59
    -0.197889187410283    -0.203163101105019     0.061054110119585
    -0.203163101105019    -0.197889187410283     0.061054110119585
    -0.061054110119585    -0.061054110119585     0.325400609136750
10 60
    -0.197889187410283     0.203163101105019     0.061054110119585
     0.203163101105019    -0.197889187410283    -0.061054110119585
    -0.061054110119585     0.061054110119585     0.325400609136750
10 61
    -0.028598700163229    -0.039918368565850    -0.012401695039443
    -0.039918368565850    -0.028598700163229     0.012401695039443
     0.012401695039443    -0.012401695039443     0.006056474586558
10 62
    -0.028598700163229     0.039918368565850    -0.012401695039443
     0.039918368565850    -0.028598700163229    -0.012401695039443
     0.012401695039443     0.012401695039443     0.006056474586558
10 63
    -0.028598700163229     0.039918368565850     0.012401695039443
     0.039918368565850    -0.028598700163229     0.012401695039443
    -0.012401695039443    -0.012401695039443     0.006056474586558
10 64
    -0.028598700163229    -0.039918368565850     0.012401695039443
    -0.039918368565850    -0.028598700163229    -0.012401695039443
    -0.012401695039443     0.012401695039443     0.006056474586558
11 1
    -2.936375630241628     1.981126959435642     1.981126959435642
     1.981126959435641    -2.936375630241628    -1.981126959435641
     1.981126959435641    -1.981126959435642    -2.936375630241627
11 2
     0.005073655330534     0.034618866084202     0.034618866084202
     0.034618866084202     0.065669057795503    -0.028412563915481
     0.034618866084202    -0.028412563915481     0.065669057795503
11 3
     0.065669057795503     0.034618866084202     0.028412563915481
     0.034618866084202     0.005073655330534    -0.034618866084202
     0.028412563915481    -0.034618866084202     0.065669057795503
11 4
    -0.019563048743976     0.021684910461772     0.035574529101723
     0.021684910461772    -0.019563048743976    -0.035574529101723
     0.035574529101723    -0.035574529101723    -0.116302803661483
11 5
     0.065669057795503     0.028412563915481     0.034618866084202
     0.028412563915481     0.065669057795503    -0.034618866084202
     0.034618866084202    -0.034618866084202     0.005073655330534
11 6
    -0.019563048743976     0.035574529101723     0.021684910461772
     0.035574529101723    -0.116302803661483    -0.035574529101723
     0.021684910461772    -0.035574529101723    -0.019563048743976
11 7
    -0.116302803661483     0.035574529101723     0.035574529101723
     0.035574529101723    -0.019563048743976    -0.021684910461772
     0.035574529101723    -0.021684910461772    -0.019563048743976
11 8
     0.005100415756942     0.009146978118224     0.009146978118224
     0.009146978118224     0.005100415756942    -0.009146978118224
     0.009146978118224    -0.009146978118224     0.005100415756942
11 9
    -0.061525177596877    -0.000000000000000    -0.000000000000000
    -0.000000000000000    -0.033382157715778     0.000000000000000
     0.000000000000000     0.000000000000000    -0.061525177596877
11 10
    -0.011262453489280    -0.000000000000000    -0.000000000000000
    -0.000000000000000    -0.011262453489280    -0.000000000000000
     0.000000000000000     0.000000000000000     0.217939354325836
11 11
    12.253916845503454    -0.000000000000000     0.000000000000000
    -0.000000000000000    12.253916845503449     0.000000000000000
     0.000000000000000     0.000000000000000    12.253916845503454
11 12
    -0.033382157715778    -0.000000000000000    -0.000000000000000
    -0.000000000000000    -0.061525177596877     0.000000000000000
     0.000000000000000     0.000000000000000    -0.061525177596877
11 13
     0.217939354325836    -0.000000000000000     0.000000000000000
    -0.000000000000000    -0.011262453489280     0.000000000000000
     0.000000000000000     0.000000000000000    -0.011262453489280
11 14
    -0.005654635396013    -0.000000000000000     0.000000000000000
    -0.000000000000000    -0.005654635396013    -0.000000000000000
     0.000000000000000     0.000000000000000    -0.005654635396013
11 15
    -0.061525177596877    -0.000000000000000    -0.000000000000000
    -0.000000000000000    -0.061525177596877     0.000000000000000
     0.000000000000000     0.000000000000000    -0.033382157715778
11 16
    -0.011262453489280    -0.000000000000000     0.000000000000000
    -0.000000000000000     0.217939354325836     0.000000000000000
     0.000000000000000     0.000000000000000    -0.011262453489280
11 17
     0.065669057795503    -0.034618866084202    -0.028412563915481
    -0.034618866084202     0.005073655330534    -0.034618866084202
    -0.028412563915481    -0.034618866084202     0.065669057795503
11 18
    -0.019563048743976    -0.021684910461772    -0.035574529101723
    -0.021684910461772    -0.019563048743976    -0.035574529101723
    -0.035574529101723    -0.035574529101723    -0.116302803661483
11 19
    -2.936375630241628    -1.981126959435642    -1.981126959435642
    -1.981126959435641    -2.936375630241626    -1.981126959435642
    -1.981126959435641    -1.981126959435641    -2.936375630241628
11 20
     0.005073655330534    -0.034618866084202    -0.034618866084202
    -0.034618866084202     0.065669057795503    -0.028412563915481
    -0.034618866084202    -0.028412563915481     0.065669057795503
11 21
    -0.116302803661483    -0.035574529101723    -0.035574529101723
    -0.035574529101723    -0.019563048743976    -0.021684910461772
    -0.035574529101723    -0.021684910461772    -0.019563048743976
11 22
     0.005100415756942    -0.009146978118224    -0.009146978118224
    -0.009146978118224     0.005100415756942    -0.009146978118224
    -0.009146978118224    -0.009146978118224     0.005100415756942
11 23
     0.065669057795503    -0.028412563915481    -0.034618866084202
    -0.028412563915481     0.065669057795503    -0.034618866084202
    -0.034618866084202    -0.034618866084202     0.005073655330534
11 24
    -0.019563048743976    -0.035574529101723    -0.021684910461772
    -0.035574529101723    -0.116302803661483    -0.035574529101723
    -0.021684910461772    -0.035574529101723    -0.019563048743976
11 25
     0.325400609136750    -0.061054110119585    -0.061054110119585
     0.061054110119585    -0.197889187410283    -0.203163101105019
     0.061054110119585    -0.203163101105019    -0.197889187410283
11 26
     0.006056474586558    -0.012401695039443    -0.012401695039443
     0.012401695039443    -0.028598700163229     0.039918368565850
     0.012401695039443     0.039918368565850    -0.028598700163229
11 27
     0.325400609136750    -0.061054110119585     0.061054110119585
     0.061054110119585    -0.197889187410283     0.203163101105019
    -0.061054110119585     0.203163101105019    -0.197889187410283
11 28
     0.006056474586558    -0.012401695039443     0.012401695039443
     0.012401695039443    -0.028598700163229    -0.039918368565850
    -0.012401695039443    -0.039918368565850    -0.028598700163229
11 29
     0.325400609136750     0.061054110119585    -0.061054110119585
    -0.061054110119585    -0.197889187410283     0.203163101105019
     0.061054110119585     0.203163101105019    -0.197889187410283
11 30
     0.006056474586558     0.012401695039443    -0.012401695039443
    -0.012401695039443    -0.028598700163229    -0.039918368565850
     0.012401695039443    -0.039918368565850    -0.028598700163229
11 31
     0.325400609136750     0.061054110119585     0.061054110119585
    -0.061054110119585    -0.197889187410283    -0.203163101105019
    -0.061054110119585    -0.203163101105019    -0.197889187410283
11 32
     0.006056474586558     0.012401695039443     0.012401695039443
    -0.012401695039443    -0.028598700163229     0.039918368565850
    -0.012401695039443     0.039918368565850    -0.028598700163229
11 33
     0.005073655330534    -0.034618866084202     0.034618866084202
    -0.034618866084202     0.065669057795503     0.028412563915481
     0.034618866084202     0.028412563915481     0.065669057795503
11 34
    -2.936375630241628    -1.981126959435642     1.981126959435642
    -1.981126959435641    -2.936375630241627     1.981126959435642
     1.981126959435641     1.981126959435641    -2.936375630241628
11 35
    -0.019563048743976    -0.021684910461772     0.035574529101723
    -0.021684910461772    -0.019563048743976     0.035574529101723
     0.035574529101723     0.035574529101723    -0.116302803661483
11 36
     0.065669057795503    -0.034618866084202     0.028412563915481
    -0.034618866084202     0.005073655330534     0.034618866084202
     0.028412563915481     0.034618866084202     0.065669057795503
11 37
    -0.019563048743976    -0.035574529101723     0.021684910461772
    -0.035574529101723    -0.116302803661483     0.035574529101723
     0.021684910461772     0.035574529101723    -0.019563048743976
11 38
     0.065669057795503    -0.028412563915481     0.034618866084202
    -0.028412563915481     0.065669057795503     0.034618866084202
     0.034618866084202     0.034618866084202     0.005073655330534
11 39
     0.005100415756942    -0.009146978118224     0.009146978118224
    -0.009146978118224     0.005100415756942     0.009146978118224
     0.009146978118224     0.009146978118224     0.005100415756942
11 40
    -0.116302803661483    -0.035574529101723     0.035574529101723
    -0.035574529101723    -0.019563048743976     0.021684910461772
     0.035574529101723     0.021684910461772    -0.019563048743976
11 41
    -0.028598700163229     0.012401695039443    -0.039918368565850
    -0.012401695039443     0.006056474586558     0.012401695039443
    -0.039918368565850    -0.012401695039443    -0.028598700163229
11 42
    -0.028598700163229     0.012401695039443     0.039918368565850
    -0.012401695039443     0.006056474586558    -0.012401695039443
     0.039918368565850     0.012401695039443    -0.028598700163229
11 43
    -0.197889187410283     0.061054110119585     0.203163101105019
    -0.061054110119585     0.325400609136750     0.061054110119585
     0.203163101105019    -0.061054110119585    -0.197889187410283
11 44
    -0.197889187410283     0.061054110119585    -0.203163101105019
    -0.061054110119585     0.325400609136750    -0.061054110119585
    -0.203163101105019     0.061054110119585    -0.197889187410283
11 45
    -0.028598700163229    -0.012401695039443     0.039918368565850
     0.012401695039443     0.006056474586558     0.012401695039443
     0.039918368565850    -0.012401695039443    -0.028598700163229
11 46
    -0.028598700163229    -0.012401695039443    -0.039918368565850
     0.012401695039443     0.006056474586558    -0.012401695039443
    -0.039918368565850     0.012401695039443    -0.028598700163229
11 47
    -0.197889187410283    -0.061054110119585    -0.203163101105019
     0.061054110119585     0.325400609136750     0.061054110119585
    -0.203163101105019    -0.061054110119585    -0.197889187410283
11 48
    -0.197889187410283    -0.061054110119585     0.203163101105019
     0.061054110119585     0.325400609136750    -0.061054110119585
     0.203163101105019     0.061054110119585    -0.197889187410283
11 49
    -0.019563048743976     0.021684910461772    -0.035574529101723
     0.021684910461772    -0.019563048743976     0.035574529101723
    -0.035574529101723     0.035574529101723    -0.116302803661483
11 50
     0.065669057795503     0.034618866084202    -0.028412563915481
     0.034618866084202     0.005073655330534     0.034618866084202
    -0.028412563915481     0.034618866084202     0.065669057795503
11 51
     0.005073655330534     0.034618866084202    -0.034618866084202
     0.034618866084202     0.065669057795503     0.028412563915481
    -0.034618866084202     0.028412563915481     0.065669057795503
11 52
    -2.936375630241629     1.981126959435642    -1.981126959435642
     1.981126959435642    -2.936375630241626     1.981126959435641
    -1.981126959435642     1.981126959435641    -2.936375630241627
11 53
     0.005100415756942     0.009146978118224    -0.009146978118224
     0.009146978118224     0.005100415756942     0.009146978118224
    -0.009146978118224     0.009146978118224     0.005100415756942
11 54
    -0.116302803661483     0.035574529101723    -0.035574529101723
     0.035574529101723    -0.019563048743976     0.021684910461772
    -0.035574529101723     0.021684910461772    -0.019563048743976
11 55
    -0.019563048743976     0.035574529101723    -0.021684910461772
     0.035574529101723    -0.116302803661483     0.035574529101723
    -0.021684910461772     0.035574529101723    -0.019563048743976
11 56
     0.065669057795503     0.028412563915481    -0.034618866084202
     0.028412563915481     0.065669057795503     0.034618866084202
    -0.034618866084202     0.034618866084202     0.005073655330534
11 57
    -0.197889187410283     0.203163101105019     0.061054110119585
     0.203163101105019    -0.197889187410283    -0.061054110119585
    -0.061054110119585     0.061054110119585     0.325400609136750
11 58
    -0.197889187410283    -0.203163101105019     0.061054110119585
    -0.203163101105019    -0.197889187410283     0.061054110119585
    -0.061054110119585    -0.061054110119585     0.325400609136750
11 59
    -0.197889187410283    -0.203163101105019    -0.061054110119585
    -0.203163101105019    -0.197889187410283    -0.061054110119585
     0.061054110119585     0.061054110119585     0.325400609136750
11 60
    -0.197889187410283     0.203163101105020    -0.061054110119585
     0.203163101105019    -0.197889187410283     0.061054110119585
     0.061054110119585    -0.061054110119585     0.325400609136750
11 61
    -0.028598700163229    -0.039918368565850     0.012401695039443
    -0.039918368565850    -0.028598700163229    -0.012401695039443
    -0.012401695039443     0.012401695039443     0.006056474586558
11 62
    -0.028598700163229     0.039918368565850     0.012401695039443
     0.039918368565850    -0.028598700163229     0.012401695039443
    -0.012401695039443    -0.012401695039443     0.006056474586558
11 63
    -0.028598700163229     0.039918368565850    -0.012401695039443
     0.039918368565850    -0.028598700163229    -0.012401695039443
     0.012401695039443     0.012401695039443     0.006056474586558
11 64
    -0.028598700163229    -0.039918368565850    -0.012401695039443
    -0.039918368565850    -0.028598700163229     0.012401695039443
     0.012401695039443    -0.012401695039443     0.006056474586558
12 1
     0.005073655330534     0.034618866084202     0.034618866084202
     0.034618866084202     0.065669057795503    -0.028412563915481
     0.034618866084202    -0.028412563915481     0.065669057795503
12 2
    -2.936375630241629     1.981126959435642     1.981126959435642
     1.981126959435642    -2.936375630241627    -1.981126959435641
     1.981126959435642    -1.981126959435641    -2.936375630241627
12 3
    -0.019563048743976     0.021684910461772     0.035574529101723
     0.021684910461772    -0.019563048743976    -0.035574529101723
     0.035574529101723    -0.035574529101723    -0.116302803661483
12 4
     0.065669057795503     0.034618866084202     0.028412563915481
     0.034618866084202     0.005073655330534    -0.034618866084202
     0.028412563915481    -0.034618866084202     0.065669057795503
12 5
    -0.019563048743976     0.035574529101723     0.021684910461772
     0.035574529101723    -0.116302803661483    -0.035574529101723
     0.021684910461772    -0.035574529101723    -0.019563048743976
12 6
     0.065669057795503     0.028412563915481     0.034618866084202
     0.028412563915481     0.065669057795503    -0.034618866084202
     0.034618866084202    -0.034618866084202     0.005073655330534
12 7
     0.005100415756942     0.009146978118224     0.009146978118224
     0.009146978118224     0.005100415756942    -0.009146978118224
     0.009146978118224    -0.009146978118224     0.005100415756942
12 8
    -0.116302803661483     0.035574529101723     0.035574529101723
     0.035574529101723    -0.019563048743976    -0.021684910461772
     0.035574529101723    -0.021684910461772    -0.019563048743976
12 9
    -0.011262453489280     0.000000000000000    -0.000000000000000
    -0.000000000000000    -0.011262453489280     0.000000000000000
     0.000000000000000    -0.000000000000000     0.217939354325836
12 10
    -0.061525177596877    -0.000000000000000    -0.000000000000000
    -0.000000000000000    -0.033382157715778    -0.000000000000000
    -0.000000000000000     0.000000000000000    -0.061525177596877
12 11
    -0.033382157715778    -0.000000000000000     0.000000000000000
    -0.000000000000000    -0.061525177596877     0.000000000000000
    -0.000000000000000     0.000000000000000    -0.061525177596877
12 12
    12.253916845503456    -0.000000000000000    -0.000000000000000
    -0.000000000000000    12.253916845503452    -0.000000000000000
    -0.000000000000000    -0.000000000000000    12.253916845503451
12 13
    -0.005654635396013     0.000000000000000    -0.000000000000000
    -0.000000000000000    -0.005654635396013    -0.000000000000000
     0.000000000000000     0.000000000000000    -0.005654635396013
12 14
     0.217939354325836     0.000000000000000    -0.000000000000000
    -0.000000000000000    -0.011262453489280    -0.000000000000000
     0.000000000000000    -0.000000000000000    -0.011262453489280
12 15
    -0.011262453489280     0.000000000000000    -0.000000000000000
    -0.000000000000000     0.217939354325836     0.000000000000000
     0.000000000000000    -0.000000000000000    -0.011262453489280
12 16
    -0.061525177596877    -0.000000000000000    -0.000000000000000
    -0.000000000000000    -0.061525177596877    -0.000000000000000
     0.000000000000000     0.000000000000000    -0.033382157715778
12 17
    -0.019563048743976    -0.021684910461772    -0.035574529101723
    -0.021684910461772    -0.019563048743976    -0.035574529101723
    -0.035574529101723    -0.035574529101723    -0.116302803661483
12 18
     0.065669057795503    -0.034618866084202    -0.028412563915481
    -0.034618866084202     0.005073655330534    -0.034618866084202
    -0.028412563915481    -0.034618866084202     0.065669057795503
12 19
     0.005073655330534    -0.034618866084202    -0.034618866084202
    -0.034618866084202     0.065669057795503    -0.028412563915481
    -0.034618866084202    -0.028412563915481     0.065669057795503
12 20
    -2.936375630241628    -1.981126959435642    -1.981126959435642
    -1.981126959435641    -2.936375630241628    -1.981126959435641
    -1.981126959435641    -1.981126959435642    -2.936375630241627
12 21
     0.005100415756942    -0.009146978118224    -0.009146978118224
    -0.009146978118224     0.005100415756942    -0.009146978118224
    -0.009146978118224    -0.009146978118224     0.005100415756942
12 22
    -0.116302803661483    -0.035574529101723    -0.035574529101723
    -0.035574529101723    -0.019563048743976    -0.021684910461772
    -0.035574529101723    -0.021684910461772    -0.019563048743976
12 23
    -0.019563048743976    -0.035574529101723    -0.021684910461772
    -0.035574529101723    -0.116302803661483    -0.035574529101723
    -0.021684910461772    -0.035574529101723    -0.019563048743976
12 24
     0.065669057795503    -0.028412563915481    -0.034618866084202
    -0.028412563915481     0.065669057795503    -0.034618866084202
    -0.034618866084202    -0.034618866084202     0.005073655330534
12 25
     0.006056474586558    -0.012401695039443    -0.012401695039443
     0.012401695039443    -0.028598700163229     0.039918368565850
     0.012401695039443     0.039918368565850    -0.028598700163229
12 26
     0.325400609136750    -0.061054110119585    -0.061054110119585
     0.061054110119585    -0.197889187410283    -0.203163101105019
     0.061054110119585    -0.203163101105019    -0.197889187410283
12 27
     0.006056474586558    -0.012401695039443     0.012401695039443
     0.012401695039443    -0.028598700163229    -0.039918368565850
    -0.012401695039443    -0.039918368565850    -0.028598700163229
12 28
     0.325400609136750    -0.061054110119585     0.061054110119585
     0.061054110119585    -0.197889187410283     0.203163101105019
    -0.061054110119585     0.203163101105019    -0.197889187410283
12 29
     0.006056474586558     0.012401695039443    -0.012401695039443
    -0.012401695039443    -0.028598700163229    -0.039918368565850
     0.012401695039443    -0.039918368565850    -0.028598700163229
12 30
     0.325400609136750     0.061054110119585    -0.061054110119585
    -0.061054110119585    -0.197889187410283     0.203163101105019
     0.061054110119585     0.203163101105019    -0.197889187410283
12 31
     0.006056474586558     0.012401695039443     0.012401695039443
    -0.012401695039443    -0.028598700163229     0.039918368565850
    -0.012401695039443     0.039918368565850    -0.028598700163229
12 32
     0.325400609136750     0.061054110119585     0.061054110119585
    -0.061054110119585    -0.197889187410283    -0.203163101105019
    -0.061054110119585    -0.203163101105019    -0.197889187410283
12 33
    -2.936375630241628    -1.981126959435642     1.981126959435642
    -1.981126959435641    -2.936375630241626     1.981126959435642
     1.981126959435641     1.981126959435641    -2.936375630241628
12 34
     0.005073655330534    -0.034618866084202     0.034618866084202
    -0.034618866084202     0.065669057795503     0.028412563915481
     0.034618866084202     0.028412563915481     0.065669057795503
12 35
     0.065669057795503    -0.034618866084202     0.028412563915481
    -0.034618866084202     0.005073655330534     0.034618866084202
     0.028412563915481     0.034618866084202     0.065669057795503
12 36
    -0.019563048743976    -0.021684910461772     0.035574529101723
    -0.021684910461772    -0.019563048743976     0.035574529101723
     0.035574529101723     0.035574529101723    -0.116302803661483
12 37
     0.065669057795503    -0.028412563915481     0.034618866084202
    -0.028412563915481     0.065669057795503     0.034618866084202
     0.034618866084202     0.034618866084202     0.005073655330534
12 38
    -0.019563048743976    -0.035574529101723     0.021684910461772
    -0.035574529101723    -0.116302803661483     0.035574529101723
     0.021684910461772     0.035574529101723    -0.019563048743976
12 39
    -0.116302803661483    -0.035574529101723     0.035574529101723
    -0.035574529101723    -0.019563048743976     0.021684910461772
     0.035574529101723     0.021684910461772    -0.019563048743976
12 40
     0.005100415756942    -0.009146978118224     0.009146978118224
    -0.009146978118224     0.005100415756942     0.009146978118224
     0.009146978118224     0.009146978118224     0.005100415756942
12 41
    -0.028598700163229     0.012401695039443     0.039918368565850
    -0.012401695039443     0.006056474586558    -0.012401695039443
     0.039918368565850     0.012401695039443    -0.028598700163229
12 42
    -0.028598700163229     0.012401695039443    -0.039918368565850
    -0.012401695039443     0.006056474586558     0.012401695039443
    -0.039918368565850    -0.012401695039443    -0.028598700163229
12 43
    -0.197889187410283     0.061054110119585    -0.203163101105019
    -0.061054110119585     0.325400609136750    -0.061054110119585
    -0.203163101105019     0.061054110119585    -0.197889187410283
12 44
    -0.197889187410283     0.061054110119585     0.203163101105019
    -0.061054110119585     0.325400609136750     0.061054110119585
     0.203163101105019    -0.061054110119585    -0.197889187410283
12 45
    -0.028598700163229    -0.012401695039443    -0.039918368565850
     0.012401695039443     0.006056474586558    -0.012401695039443
    -0.039918368565850     0.012401695039443    -0.028598700163229
12 46
    -0.028598700163229    -0.012401695039443     0.039918368565850
     0.012401695039443     0.006056474586558     0.012401695039443
     0.039918368565850    -0.012401695039443    -0.028598700163229
12 47
    -0.197889187410283    -0.061054110119585     0.203163101105019
     0.061054110119585     0.325400609136750    -0.061054110119585
     0.203163101105019     0.061054110119585    -0.197889187410283
12 48
    -0.197889187410283    -0.061054110119585    -0.203163101105019
     0.061054110119585     0.325400609136750     0.061054110119585
    -0.203163101105019    -0.061054110119585    -0.197889187410283
12 49
     0.065669057795503     0.034618866084202    -0.028412563915481
     0.034618866084202     0.005073655330534     0.034618866084202
    -0.028412563915481     0.034618866084202     0.065669057795503
12 50
    -0.019563048743976     0.021684910461772    -0.035574529101723
     0.021684910461772    -0.019563048743976     0.035574529101723
    -0.035574529101723     0.035574529101723    -0.116302803661483
12 51
    -2.936375630241628     1.981126959435642    -1.981126959435642
     1.981126959435641    -2.936375630241628     1.981126959435641
    -1.981126959435641     1.981126959435642    -2.936375630241627
12 52
     0.005073655330534     0.034618866084202    -0.034618866084202
     0.034618866084202     0.065669057795503     0.028412563915481
    -0.034618866084202     0.028412563915481     0.065669057795503
12 53
    -0.116302803661483     0.035574529101723    -0.035574529101723
     0.035574529101723    -0.019563048743976     0.021684910461772
    -0.035574529101723     0.021684910461772    -0.019563048743976
12 54
     0.005100415756942     0.009146978118224    -0.009146978118224
     0.009146978118224     0.005100415756942     0.009146978118224
    -0.009146978118224     0.009146978118224     0.005100415756942
12 55
     0.065669057795503     0.028412563915481    -0.034618866084202
     0.028412563915481     0.065669057795503     0.034618866084202
    -0.034618866084202     0.034618866084202     0.005073655330534
12 56
    -0.019563048743976     0.035574529101723    -0.021684910461772
     0.035574529101723    -0.116302803661483     0.035574529101723
    -0.021684910461772     0.035574529101723    -0.019563048743976
12 57
    -0.197889187410283    -0.203163101105019     0.061054110119585
    -0.203163101105019    -0.197889187410283     0.061054110119585
    -0.061054110119585    -0.061054110119585     0.325400609136750
12 58
    -0.197889187410283     0.203163101105019     0.061054110119585
     0.203163101105019    -0.197889187410283    -0.061054110119585
    -0.061054110119585     0.061054110119585     0.325400609136750
12 59
    -0.197889187410283     0.203163101105019    -0.061054110119585
     0.203163101105019    -0.197889187410283     0.061054110119585
     0.061054110119585    -0.061054110119585     0.325400609136750
12 60
    -0.197889187410283    -0.203163101105020    -0.061054110119585
    -0.203163101105019    -0.197889187410283    -0.061054110119585
     0.061054110119585     0.061054110119585     0.325400609136750
12 61
    -0.028598700163229     0.039918368565850     0.012401695039443
     0.039918368565850    -0.028598700163229     0.012401695039443
    -0.012401695039443    -0.012401695039443     0.006056474586558
12 62
    -0.028598700163229    -0.039918368565850     0.012401695039443
    -0.039918368565850    -0.028598700163229    -0.012401695039443
    -0.012401695039443     0.012401695039443     0.006056474586558
12 63
    -0.028598700163229    -0.039918368565850    -0.012401695039443
    -0.039918368565850    -0.028598700163229     0.012401695039443
     0.012401695039443    -0.012401695039443     0.006056474586558
12 64
    -0.028598700163229     0.039918368565850    -0.012401695039443
     0.039918368565850    -0.028598700163229    -0.012401695039443
     0.012401695039443     0.012401695039443     0.006056474586558
13 1
    -0.116302803661483     0.035574529101723     0.035574529101723
     0.035574529101723    -0.019563048743976    -0.021684910461772
     0.035574529101723    -0.021684910461772    -0.019563048743976
13 2
     0.005100415756942     0.009146978118224     0.009146978118224
     0.009146978118224     0.005100415756942    -0.009146978118224
     0.009146978118224    -0.009146978118224     0.005100415756942
13 3
     0.065669057795503     0.028412563915481     0.034618866084202
     0.028412563915481     0.065669057795503    -0.034618866084202
     0.034618866084202    -0.034618866084202     0.005073655330534
13 4
    -0.019563048743976     0.035574529101723     0.021684910461772
     0.035574529101723    -0.116302803661483    -0.035574529101723
     0.021684910461772    -0.035574529101723    -0.019563048743976
13 5
     0.065669057795503     0.034618866084202     0.028412563915481
     0.034618866084202     0.005073655330534    -0.034618866084202
     0.028412563915481    -0.034618866084202     0.065669057795503
13 6
    -0.019563048743976     0.021684910461772     0.035574529101723
     0.021684910461772    -0.019563048743976    -0.035574529101723
     0.035574529101723    -0.035574529101723    -0.116302803661483
13 7
    -2.936375630241627     1.981126959435642     1.981126959435641
     1.981126959435642    -2.936375630241629    -1.981126959435642
     1.981126959435641    -1.981126959435642    -2.936375630241626
13 8
     0.005073655330534     0.034618866084202     0.034618866084202
     0.034618866084202     0.065669057795503    -0.028412563915481
     0.034618866084202    -0.028412563915481     0.065669057795503
13 9
    -0.061525177596877     0.000000000000000     0.000000000000000
     0.000000000000000    -0.061525177596877     0.000000000000000
     0.000000000000000    -0.000000000000000    -0.033382157715778
13 10
    -0.011262453489280    -0.000000000000000    -0.000000000000000
    -0.000000000000000     0.217939354325836    -0.000000000000000
     0.000000000000000     0.000000000000000    -0.011262453489280
13 11
     0.217939354325836    -0.000000000000000     0.000000000000000
    -0.000000000000000    -0.011262453489280     0.000000000000000
     0.000000000000000     0.000000000000000    -0.011262453489280
13 12
    -0.005654635396013    -0.000000000000000     0.000000000000000
     0.000000000000000    -0.005654635396013     0.000000000000000
    -0.000000000000000    -0.000000000000000    -0.005654635396013
13 13
    12.253916845503452    -0.000000000000000     0.000000000000000
    -0.000000000000000    12.253916845503456     0.000000000000000
     0.000000000000000     0.000000000000000    12.253916845503451
13 14
    -0.033382157715778    -0.000000000000000     0.000000000000000
     0.000000000000000    -0.061525177596877    -0.000000000000000
     0.000000000000000    -0.000000000000000    -0.061525177596877
13 15
    -0.061525177596877     0.000000000000000     0.000000000000000
     0.000000000000000    -0.033382157715778     0.000000000000000
     0.000000000000000    -0.000000000000000    -0.061525177596877
13 16
    -0.011262453489280    -0.000000000000000     0.000000000000000
    -0.000000000000000    -0.011262453489280     0.000000000000000
     0.000000000000000     0.000000000000000     0.217939354325836
13 17
     0.065669057795503    -0.028412563915481    -0.034618866084202
    -0.028412563915481     0.065669057795503    -0.034618866084202
    -0.034618866084202    -0.034618866084202     0.005073655330534
13 18
    -0.019563048743976    -0.035574529101723    -0.021684910461772
    -0.035574529101723    -0.116302803661483    -0.035574529101723
    -0.021684910461772    -0.035574529101723    -0.019563048743976
13 19
    -0.116302803661483    -0.035574529101723    -0.035574529101723
    -0.035574529101723    -0.019563048743976    -0.021684910461772
    -0.035574529101723    -0.021684910461772    -0.019563048743976
13 20
     0.005100415756942    -0.009146978118224    -0.009146978118224
    -0.009146978118224     0.005100415756942    -0.009146978118224
    -0.009146978118224    -0.009146978118224     0.005100415756942
13 21
    -2.936375630241627    -1.981126959435641    -1.981126959435642
    -1.981126959435642    -2.936375630241628    -1.981126959435642
    -1.981126959435641    -1.981126959435641    -2.936375630241628
13 22
     0.005073655330534    -0.034618866084202    -0.034618866084202
    -0.034618866084202     0.065669057795503    -0.028412563915481
    -0.034618866084202    -0.028412563915481     0.065669057795503
13 23
     0.065669057795503    -0.034618866084202    -0.028412563915481
    -0.034618866084202     0.005073655330534    -0.034618866084202
    -0.028412563915481    -0.034618866084202     0.065669057795503
13 24
    -0.019563048743976    -0.021684910461772    -0.035574529101723
    -0.021684910461772    -0.019563048743976    -0.035574529101723
    -0.035574529101723    -0.035574529101723    -0.116302803661483
13 25
     0.325400609136750     0.061054110119585     0.061054110119585
    -0.061054110119585    -0.197889187410283    -0.203163101105019
    -0.061054110119585    -0.203163101105019    -0.197889187410283
13 26
     0.006056474586558     0.012401695039443     0.012401695039443
    -0.012401695039443    -0.028598700163229     0.039918368565850
    -0.012401695039443     0.039918368565850    -0.028598700163229
13 27
     0.325400609136750     0.061054110119585    -0.061054110119585
    -0.061054110119585    -0.197889187410283     0.203163101105019
     0.061054110119585     0.203163101105019    -0.197889187410283
13 28
     0.006056474586558     0.012401695039443    -0.012401695039443
    -0.012401695039443    -0.028598700163229    -0.039918368565850
     0.012401695039443    -0.039918368565850    -0.028598700163229
13 29
     0.325400609136750    -0.061054110119585     0.061054110119585
     0.061054110119585    -0.197889187410283     0.203163101105019
    -0.061054110119585     0.203163101105019    -0.197889187410283
13 30
     0.006056474586558    -0.012401695039443     0.012401695039443
     0.012401695039443    -0.028598700163229    -0.039918368565850
    -0.012401695039443    -0.039918368565850    -0.028598700163229
13 31
     0.325400609136750    -0.061054110119585    -0.061054110119585
     0.061054110119585    -0.197889187410283    -0.203163101105019
     0.061054110119585    -0.203163101105019    -0.197889187410283
13 32
     0.006056474586558    -0.012401695039443    -0.012401695039443
     0.012401695039443    -0.028598700163229     0.039918368565850
     0.012401695039443     0.039918368565850    -0.028598700163229
13 33
     0.005100415756942    -0.009146978118224     0.009146978118224
    -0.009146978118224     0.005100415756942     0.009146978118224
     0.009146978118224     0.009146978118224     0.005100415756942
13 34
    -0.116302803661483    -0.035574529101723     0.035574529101723
    -0.035574529101723    -0.019563048743976     0.021684910461772
     0.035574529101723     0.021684910461772    -0.019563048743976
13 35
    -0.019563048743976    -0.035574529101723     0.021684910461772
    -0.035574529101723    -0.116302803661483     0.035574529101723
     0.021684910461772     0.035574529101723    -0.019563048743976
13 36
     0.065669057795503    -0.028412563915481     0.034618866084202
    -0.028412563915481     0.065669057795503     0.034618866084202
     0.034618866084202     0.034618866084202     0.005073655330534
13 37
    -0.019563048743976    -0.021684910461772     0.035574529101723
    -0.021684910461772    -0.019563048743976     0.035574529101723
     0.035574529101723     0.035574529101723    -0.116302803661483
13 38
     0.065669057795503    -0.034618866084202     0.028412563915481
    -0.034618866084202     0.005073655330534     0.034618866084202
     0.028412563915481     0.034618866084202     0.065669057795503
13 39
     0.005073655330534    -0.034618866084202     0.034618866084202
    -0.034618866084202     0.065669057795503     0.028412563915481
     0.034618866084202     0.028412563915481     0.065669057795503
13 40
    -2.936375630241628    -1.981126959435641     1.981126959435641
    -1.981126959435642    -2.936375630241628     1.981126959435642
     1.981126959435642     1.981126959435641    -2.936375630241626
13 41
    -0.197889187410283    -0.061054110119585    -0.203163101105019
     0.061054110119585     0.325400609136750     0.061054110119585
    -0.203163101105019    -0.061054110119585    -0.197889187410283
13 42
    -0.197889187410283    -0.061054110119585     0.203163101105019
     0.061054110119585     0.325400609136750    -0.061054110119585
     0.203163101105019     0.061054110119585    -0.197889187410283
13 43
    -0.028598700163229    -0.012401695039443     0.039918368565850
     0.012401695039443     0.006056474586558     0.012401695039443
     0.039918368565850    -0.012401695039443    -0.028598700163229
13 44
    -0.028598700163229    -0.012401695039443    -0.039918368565850
     0.012401695039443     0.006056474586558    -0.012401695039443
    -0.039918368565850     0.012401695039443    -0.028598700163229
13 45
    -0.197889187410283     0.061054110119585     0.203163101105019
    -0.061054110119585     0.325400609136750     0.061054110119585
     0.203163101105019    -0.061054110119585    -0.197889187410283
13 46
    -0.197889187410283     0.061054110119585    -0.203163101105019
    -0.061054110119585     0.325400609136750    -0.061054110119585
    -0.203163101105019     0.061054110119585    -0.197889187410283
13 47
    -0.028598700163229     0.012401695039443    -0.039918368565850
    -0.012401695039443     0.006056474586558     0.012401695039443
    -0.039918368565850    -0.012401695039443    -0.028598700163229
13 48
    -0.028598700163229     0.012401695039443     0.039918368565850
    -0.012401695039443     0.006056474586558    -0.012401695039443
     0.039918368565850     0.012401695039443    -0.028598700163229
13 49
    -0.019563048743976     0.035574529101723    -0.021684910461772
     0.035574529101723    -0.116302803661483     0.035574529101723
    -0.021684910461772     0.035574529101723    -0.019563048743976
13 50
     0.065669057795503     0.028412563915481    -0.034618866084202
     0.028412563915481     0.065669057795503     0.034618866084202
    -0.034618866084202     0.034618866084202     0.005073655330534
13 51
     0.005100415756942     0.009146978118224    -0.009146978118224
     0.009146978118224     0.005100415756942     0.009146978118224
    -0.009146978118224     0.009146978118224     0.005100415756942
13 52
    -0.116302803661483     0.035574529101723    -0.035574529101723
     0.035574529101723    -0.019563048743976     0.021684910461772
    -0.035574529101723     0.021684910461772    -0.019563048743976
13 53
     0.005073655330534     0.034618866084202    -0.034618866084202
     0.034618866084202     0.065669057795503     0.028412563915481
    -0.034618866084202     0.028412563915481     0.065669057795503
13 54
    -2.936375630241628     1.981126959435641    -1.981126959435641
     1.981126959435642    -2.936375630241628     1.981126959435642
    -1.981126959435642     1.981126959435641    -2.936375630241627
13 55
    -0.019563048743976     0.021684910461772    -0.035574529101723
     0.021684910461772    -0.019563048743976     0.035574529101723
    -0.035574529101723     0.035574529101723    -0.116302803661483
13 56
     0.065669057795503     0.034618866084202    -0.028412563915481
     0.034618866084202     0.005073655330534     0.034618866084202
    -0.028412563915481     0.034618866084202     0.065669057795503
13 57
    -0.028598700163229     0.039918368565850    -0.012401695039443
     0.039918368565850    -0.028598700163229    -0.012401695039443
     0.012401695039443     0.012401695039443     0.006056474586558
13 58
    -0.028598700163229    -0.039918368565850    -0.012401695039443
    -0.039918368565850    -0.028598700163229     0.012401695039443
     0.012401695039443    -0.012401695039443     0.006056474586558
13 59
    -0.028598700163229    -0.039918368565850     0.012401695039443
    -0.039918368565850    -0.028598700163229    -0.012401695039443
    -0.012401695039443     0.012401695039443     0.006056474586558
13 60
    -0.028598700163229     0.039918368565850     0.012401695039443
     0.039918368565850    -0.028598700163229     0.012401695039443
    -0.012401695039443    -0.012401695039443     0.006056474586558
13 61
    -0.197889187410283    -0.203163101105019    -0.061054110119585
    -0.203163101105019    -0.197889187410283    -0.061054110119585
     0.061054110119585     0.061054110119585     0.325400609136750
13 62
    -0.197889187410283     0.203163101105019    -0.061054110119585
     0.203163101105020    -0.197889187410283     0.061054110119585
     0.061054110119585    -0.061054110119585     0.325400609136750
13 63
    -0.197889187410283     0.203163101105019     0.061054110119585
     0.203163101105019    -0.197889187410283    -0.061054110119585
    -0.061054110119585     0.061054110119585     0.325400609136750
13 64
    -0.197889187410283    -0.203163101105019     0.061054110119585
    -0.203163101105019    -0.197889187410283     0.061054110119585
    -0.061054110119585    -0.061054110119585     0.325400609136750
14 1
     0.005100415756942     0.009146978118224     0.009146978118224
     0.009146978118224     0.005100415756942    -0.009146978118224
     0.009146978118224    -0.009146978118224     0.005100415756942
14 2
    -0.116302803661483     0.035574529101723     0.035574529101723
     0.035574529101723    -0.019563048743976    -0.021684910461772
     0.035574529101723    -0.021684910461772    -0.019563048743976
14 3
    -0.019563048743976     0.035574529101723     0.021684910461772
     0.035574529101723    -0.116302803661483    -0.035574529101723
     0.021684910461772    -0.035574529101723    -0.019563048743976
14 4
     0.065669057795503     0.028412563915481     0.034618866084202
     0.028412563915481     0.065669057795503    -0.034618866084202
     0.034618866084202    -0.034618866084202     0.005073655330534
14 5
    -0.019563048743976     0.021684910461772     0.035574529101723
     0.021684910461772    -0.019563048743976    -0.035574529101723
     0.035574529101723    -0.035574529101723    -0.116302803661483
14 6
     0.065669057795503     0.034618866084202     0.028412563915481
     0.034618866084202     0.005073655330534    -0.034618866084202
     0.028412563915481    -0.034618866084202     0.065669057795503
14 7
     0.005073655330534     0.034618866084202     0.034618866084202
     0.034618866084202     0.065669057795503    -0.028412563915481
     0.034618866084202    -0.028412563915481     0.065669057795503
14 8
    -2.936375630241629     1.981126959435642     1.981126959435642
     1.981126959435642    -2.936375630241627    -1.981126959435641
     1.981126959435642    -1.981126959435641    -2.936375630241626
14 9
    -0.011262453489280     0.000000000000000     0.000000000000000
     0.000000000000000     0.217939354325836     0.000000000000000
     0.000000000000000    -0.000000000000000    -0.011262453489280
14 10
    -0.061525177596877     0.000000000000000     0.000000000000000
    -0.000000000000000    -0.061525177596877    -0.000000000000000
     0.000000000000000    -0.000000000000000    -0.033382157715778
14 11
    -0.005654635396013    -0.000000000000000     0.000000000000000
    -0.000000000000000    -0.005654635396013     0.000000000000000
     0.000000000000000    -0.000000000000000    -0.005654635396013
14 12
     0.217939354325836    -0.000000000000000     0.000000000000000
     0.000000000000000    -0.011262453489280    -0.000000000000000
    -0.000000000000000    -0.000000000000000    -0.011262453489280
14 13
    -0.033382157715778     0.000000000000000     0.000000000000000
    -0.000000000000000    -0.061525177596877    -0.000000000000000
     0.000000000000000    -0.000000000000000    -0.061525177596877
14 14
    12.253916845503456     0.000000000000000     0.000000000000000
     0.000000000000000    12.253916845503451    -0.000000000000000
     0.000000000000000    -0.000000000000000    12.253916845503451
14 15
    -0.011262453489280     0.000000000000000     0.000000000000000
     0.000000000000000    -0.011262453489280     0.000000000000000
     0.000000000000000    -0.000000000000000     0.217939354325836
14 16
    -0.061525177596877     0.000000000000000     0.000000000000000
    -0.000000000000000    -0.033382157715778    -0.000000000000000
     0.000000000000000    -0.000000000000000    -0.061525177596877
14 17
    -0.019563048743976    -0.035574529101723    -0.021684910461772
    -0.035574529101723    -0.116302803661483    -0.035574529101723
    -0.021684910461772    -0.035574529101723    -0.019563048743976
14 18
     0.065669057795503    -0.028412563915481    -0.034618866084202
    -0.028412563915481     0.065669057795503    -0.034618866084202
    -0.034618866084202    -0.034618866084202     0.005073655330534
14 19
     0.005100415756942    -0.009146978118224    -0.009146978118224
    -0.009146978118224     0.005100415756942    -0.009146978118224
    -0.009146978118224    -0.009146978118224     0.005100415756942
14 20
    -0.116302803661483    -0.035574529101723    -0.035574529101723
    -0.035574529101723    -0.019563048743976    -0.021684910461772
    -0.035574529101723    -0.021684910461772    -0.019563048743976
14 21
     0.005073655330534    -0.034618866084202    -0.034618866084202
    -0.034618866084202     0.065669057795503    -0.028412563915481
    -0.034618866084202    -0.028412563915481     0.065669057795503
14 22
    -2.936375630241629    -1.981126959435642    -1.981126959435642
    -1.981126959435642    -2.936375630241627    -1.981126959435641
    -1.981126959435642    -1.981126959435641    -2.936375630241627
14 23
    -0.019563048743976    -0.021684910461772    -0.035574529101723
    -0.021684910461772    -0.019563048743976    -0.035574529101723
    -0.035574529101723    -0.035574529101723    -0.116302803661483
14 24
     0.065669057795503    -0.034618866084202    -0.028412563915481
    -0.034618866084202     0.005073655330534    -0.034618866084202
    -0.028412563915481    -0.034618866084202     0.065669057795503
14 25
     0.006056474586558     0.012401695039443     0.012401695039443
    -0.012401695039443    -0.028598700163229     0.039918368565850
    -0.012401695039443     0.039918368565850    -0.028598700163229
14 26
     0.325400609136750     0.061054110119585     0.061054110119585
    -0.061054110119585    -0.197889187410283    -0.203163101105019
    -0.061054110119585    -0.203163101105019    -0.197889187410283
14 27
     0.006056474586558     0.012401695039443    -0.012401695039443
    -0.012401695039443    -0.028598700163229    -0.039918368565850
     0.012401695039443    -0.039918368565850    -0.028598700163229
14 28
     0.325400609136750     0.061054110119585    -0.061054110119585
    -0.061054110119585    -0.197889187410283     0.203163101105019
     0.061054110119585     0.203163101105019    -0.197889187410283
14 29
     0.006056474586558    -0.012401695039443     0.012401695039443
     0.012401695039443    -0.028598700163229    -0.039918368565850
    -0.012401695039443    -0.039918368565850    -0.028598700163229
14 30
     0.325400609136750    -0.061054110119585     0.061054110119585
     0.061054110119585    -0.197889187410283     0.203163101105019
    -0.061054110119585     0.203163101105019    -0.197889187410283
14 31
     0.006056474586558    -0.012401695039443    -0.012401695039443
     0.012401695039443    -0.028598700163229     0.039918368565850
     0.012401695039443     0.039918368565850    -0.028598700163229
14 32
     0.325400609136750    -0.061054110119585    -0.061054110119585
     0.061054110119585    -0.197889187410283    -0.203163101105019
     0.061054110119585    -0.203163101105019    -0.197889187410283
14 33
    -0.116302803661483    -0.035574529101723     0.035574529101723
    -0.035574529101723    -0.019563048743976     0.021684910461772
     0.035574529101723     0.021684910461772    -0.019563048743976
14 34
     0.005100415756942    -0.009146978118224     0.009146978118224
    -0.009146978118224     0.005100415756942     0.009146978118224
     0.009146978118224     0.009146978118224     0.005100415756942
14 35
     0.065669057795503    -0.028412563915481     0.034618866084202
    -0.028412563915481     0.065669057795503     0.034618866084202
     0.034618866084202     0.034618866084202     0.005073655330534
14 36
    -0.019563048743976    -0.035574529101723     0.021684910461772
    -0.035574529101723    -0.116302803661483     0.035574529101723
     0.021684910461772     0.035574529101723    -0.019563048743976
14 37
     0.065669057795503    -0.034618866084202     0.028412563915481
    -0.034618866084202     0.005073655330534     0.034618866084202
     0.028412563915481     0.034618866084202     0.065669057795503
14 38
    -0.019563048743976    -0.021684910461772     0.035574529101723
    -0.021684910461772    -0.019563048743976     0.035574529101723
     0.035574529101723     0.035574529101723    -0.116302803661483
14 39
    -2.936375630241628    -1.981126959435642     1.981126959435642
    -1.981126959435641    -2.936375630241628     1.981126959435641
     1.981126959435641     1.981126959435642    -2.936375630241626
14 40
     0.005073655330534    -0.034618866084202     0.034618866084202
    -0.034618866084202     0.065669057795503     0.028412563915481
     0.034618866084202     0.028412563915481     0.065669057795503
14 41
    -0.197889187410283    -0.061054110119585     0.203163101105019
     0.061054110119585     0.325400609136750    -0.061054110119585
     0.203163101105019     0.061054110119585    -0.197889187410283
14 42
    -0.197889187410283    -0.061054110119585    -0.203163101105020
     0.061054110119585     0.325400609136750     0.061054110119585
    -0.203163101105019    -0.061054110119585    -0.197889187410283
14 43
    -0.028598700163229    -0.012401695039443    -0.039918368565850
     0.012401695039443     0.006056474586558    -0.012401695039443
    -0.039918368565850     0.012401695039443    -0.028598700163229
14 44
    -0.028598700163229    -0.012401695039443     0.039918368565850
     0.012401695039443     0.006056474586558     0.012401695039443
     0.039918368565850    -0.012401695039443    -0.028598700163229
14 45
    -0.197889187410283     0.061054110119585    -0.203163101105019
    -0.061054110119585     0.325400609136750    -0.061054110119585
    -0.203163101105019     0.061054110119585    -0.197889187410283
14 46
    -0.197889187410283     0.061054110119585     0.203163101105020
    -0.061054110119585     0.325400609136750     0.061054110119585
     0.203163101105019    -0.061054110119585    -0.197889187410283
14 47
    -0.028598700163229     0.012401695039443     0.039918368565850
    -0.012401695039443     0.006056474586558    -0.012401695039443
     0.039918368565850     0.012401695039443    -0.028598700163229
14 48
    -0.028598700163229     0.012401695039443    -0.039918368565850
    -0.012401695039443     0.006056474586558     0.012401695039443
    -0.039918368565850    -0.012401695039443    -0.028598700163229
14 49
     0.065669057795503     0.028412563915481    -0.034618866084202
     0.028412563915481     0.065669057795503     0.034618866084202
    -0.034618866084202     0.034618866084202     0.005073655330534
14 50
    -0.019563048743976     0.035574529101723    -0.021684910461772
     0.035574529101723    -0.116302803661483     0.035574529101723
    -0.021684910461772     0.035574529101723    -0.019563048743976
14 51
    -0.116302803661483     0.035574529101723    -0.035574529101723
     0.035574529101723    -0.019563048743976     0.021684910461772
    -0.035574529101723     0.021684910461772    -0.019563048743976
14 52
     0.005100415756942     0.009146978118224    -0.009146978118224
     0.009146978118224     0.005100415756942     0.009146978118224
    -0.009146978118224     0.009146978118224     0.005100415756942
14 53
    -2.936375630241628     1.981126959435642    -1.981126959435642
     1.981126959435641    -2.936375630241627     1.981126959435642
    -1.981126959435641     1.981126959435641    -2.936375630241628
14 54
     0.005073655330534     0.034618866084202    -0.034618866084202
     0.034618866084202     0.065669057795503     0.028412563915481
    -0.034618866084202     0.028412563915481     0.065669057795503
14 55
     0.065669057795503     0.034618866084202    -0.028412563915481
     0.034618866084202     0.005073655330534     0.034618866084202
    -0.028412563915481     0.034618866084202     0.065669057795503
14 56
    -0.019563048743976     0.021684910461772    -0.035574529101723
     0.021684910461772    -0.019563048743976     0.035574529101723
    -0.035574529101723     0.035574529101723    -0.116302803661483
14 57
    -0.028598700163229    -0.039918368565850    -0.012401695039443
    -0.039918368565850    -0.028598700163229     0.012401695039443
     0.012401695039443    -0.012401695039443     0.006056474586558
14 58
    -0.028598700163229     0.039918368565850    -0.012401695039443
     0.039918368565850    -0.028598700163229    -0.012401695039443
     0.012401695039443     0.012401695039443     0.006056474586558
14 59
    -0.028598700163229     0.039918368565850     0.012401695039443
     0.039918368565850    -0.028598700163229     0.012401695039443
    -0.012401695039443    -0.012401695039443     0.006056474586558
14 60
    -0.028598700163229    -0.039918368565850     0.012401695039443
    -0.039918368565850    -0.028598700163229    -0.012401695039443
    -0.012401695039443     0.012401695039443     0.006056474586558
14 61
    -0.197889187410283     0.203163101105019    -0.061054110119585
     0.203163101105019    -0.197889187410283     0.061054110119585
     0.061054110119585    -0.061054110119585     0.325400609136750
14 62
    -0.197889187410283    -0.203163101105019    -0.061054110119585
    -0.203163101105019    -0.197889187410283    -0.061054110119585
     0.061054110119585     0.061054110119585     0.325400609136750
14 63
    -0.197889187410283    -0.203163101105020     0.061054110119585
    -0.203163101105019    -0.197889187410283     0.061054110119585
    -0.061054110119585    -0.061054110119585     0.325400609136750
14 64
    -0.197889187410283     0.203163101105019     0.061054110119585
     0.203163101105019    -0.197889187410283    -0.061054110119585
    -0.061054110119585     0.061054110119585     0.325400609136750
15 1
     0.065669057795503     0.028412563915481     0.034618866084202
     0.028412563915481     0.065669057795503    -0.034618866084202
     0.034618866084202    -0.034618866084202     0.005073655330534
15 2
    -0.019563048743976     0.035574529101723     0.021684910461772
     0.035574529101723    -0.116302803661483    -0.035574529101723
     0.021684910461772    -0.035574529101723    -0.019563048743976
15 3
    -0.116302803661483     0.035574529101723     0.035574529101723
     0.035574529101723    -0.019563048743976    -0.021684910461772
     0.035574529101723    -0.021684910461772    -0.019563048743976
15 4
     0.005100415756942     0.009146978118224     0.009146978118224
     0.009146978118224     0.005100415756942    -0.009146978118224
     0.009146978118224    -0.009146978118224     0.005100415756942
15 5
    -2.936375630241628     1.981126959435642     1.981126959435642
     1.981126959435641    -2.936375630241628    -1.981126959435641
     1.981126959435641    -1.981126959435642    -2.936375630241627
15 6
     0.005073655330534     0.034618866084202     0.034618866084202
     0.034618866084202     0.065669057795503    -0.028412563915481
     0.034618866084202    -0.028412563915481     0.065669057795503
15 7
     0.065669057795503     0.034618866084202     0.028412563915481
     0.034618866084202     0.005073655330534    -0.034618866084202
     0.028412563915481    -0.034618866084202     0.065669057795503
15 8
    -0.019563048743976     0.021684910461772     0.035574529101723
     0.021684910461772    -0.019563048743976    -0.035574529101723
     0.035574529101723    -0.035574529101723    -0.116302803661483
15 9
     0.217939354325836     0.000000000000000     0.000000000000000
     0.000000000000000    -0.011262453489280     0.000000000000000
     0.000000000000000     0.000000000000000    -0.011262453489280
15 10
    -0.005654635396013    -0.000000000000000    -0.000000000000000
     0.000000000000000    -0.005654635396013    -0.000000000000000
    -0.000000000000000     0.000000000000000    -0.005654635396013
15 11
    -0.061525177596877    -0.000000000000000     0.000000000000000
    -0.000000000000000    -0.061525177596877     0.000000000000000
    -0.000000000000000     0.000000000000000    -0.033382157715778
15 12
    -0.011262453489280    -0.000000000000000     0.000000000000000
     0.000000000000000     0.217939354325836    -0.000000000000000
    -0.000000000000000     0.000000000000000    -0.011262453489280
15 13
    -0.061525177596877     0.000000000000000     0.000000000000000
     0.000000000000000    -0.033382157715778    -0.000000000000000
     0.000000000000000     0.000000000000000    -0.061525177596877
15 14
    -0.011262453489280     0.000000000000000     0.000000000000000
     0.000000000000000    -0.011262453489280    -0.000000000000000
     0.000000000000000     0.000000000000000     0.217939354325836
15 15
    12.253916845503456     0.000000000000000     0.000000000000000
     0.000000000000000    12.253916845503454     0.000000000000000
     0.000000000000000     0.000000000000000    12.253916845503451
15 16
    -0.033382157715778    -0.000000000000000     0.000000000000000
     0.000000000000000    -0.061525177596877    -0.000000000000000
     0.000000000000000     0.000000000000000    -0.061525177596877
15 17
    -0.116302803661483    -0.035574529101723    -0.035574529101723
    -0.035574529101723    -0.019563048743976    -0.021684910461772
    -0.035574529101723    -0.021684910461772    -0.019563048743976
15 18
     0.005100415756942    -0.009146978118224    -0.009146978118224
    -0.009146978118224     0.005100415756942    -0.009146978118224
    -0.009146978118224    -0.009146978118224     0.005100415756942
15 19
     0.065669057795503    -0.028412563915481    -0.034618866084202
    -0.028412563915481     0.065669057795503    -0.034618866084202
    -0.034618866084202    -0.034618866084202     0.005073655330534
15 20
    -0.019563048743976    -0.035574529101723    -0.021684910461772
    -0.035574529101723    -0.116302803661483    -0.035574529101723
    -0.021684910461772    -0.035574529101723    -0.019563048743976
15 21
     0.065669057795503    -0.034618866084202    -0.028412563915481
    -0.034618866084202     0.005073655330534    -0.034618866084202
    -0.028412563915481    -0.034618866084202     0.065669057795503
15 22
    -0.019563048743976    -0.021684910461772    -0.035574529101723
    -0.021684910461772    -0.019563048743976    -0.035574529101723
    -0.035574529101723    -0.035574529101723    -0.116302803661483
15 23
    -2.936375630241628    -1.981126959435642    -1.981126959435642
    -1.981126959435641    -2.936375630241628    -1.981126959435641
    -1.981126959435641    -1.981126959435642    -2.936375630241626
15 24
     0.005073655330534    -0.034618866084202    -0.034618866084202
    -0.034618866084202     0.065669057795503    -0.028412563915481
    -0.034618866084202    -0.028412563915481     0.065669057795503
15 25
     0.325400609136750     0.061054110119585    -0.061054110119585
    -0.061054110119585    -0.197889187410283     0.203163101105019
     0.061054110119585     0.203163101105019    -0.197889187410283
15 26
     0.006056474586558     0.012401695039443    -0.012401695039443
    -0.012401695039443    -0.028598700163229    -0.039918368565850
     0.012401695039443    -0.039918368565850    -0.028598700163229
15 27
     0.325400609136750     0.061054110119585     0.061054110119585
    -0.061054110119585    -0.197889187410283    -0.203163101105019
    -0.061054110119585    -0.203163101105019    -0.197889187410283
15 28
     0.006056474586558     0.012401695039443     0.012401695039443
    -0.012401695039443    -0.028598700163229     0.039918368565850
    -0.012401695039443     0.039918368565850    -0.028598700163229
15 29
     0.325400609136750    -0.061054110119585    -0.061054110119585
     0.061054110119585    -0.197889187410283    -0.203163101105019
     0.061054110119585    -0.203163101105019    -0.197889187410283
15 30
     0.006056474586558    -0.012401695039443    -0.012401695039443
     0.012401695039443    -0.028598700163229     0.039918368565850
     0.012401695039443     0.039918368565850    -0.028598700163229
15 31
     0.325400609136750    -0.061054110119585     0.061054110119585
     0.061054110119585    -0.197889187410283     0.203163101105019
    -0.061054110119585     0.203163101105019    -0.197889187410283
15 32
     0.006056474586558    -0.012401695039443     0.012401695039443
     0.012401695039443    -0.028598700163229    -0.039918368565850
    -0.012401695039443    -0.039918368565850    -0.028598700163229
15 33
    -0.019563048743976    -0.035574529101723     0.021684910461772
    -0.035574529101723    -0.116302803661483     0.035574529101723
     0.021684910461772     0.035574529101723    -0.019563048743976
15 34
     0.065669057795503    -0.028412563915481     0.034618866084202
    -0.028412563915481     0.065669057795503     0.034618866084202
     0.034618866084202     0.034618866084202     0.005073655330534
15 35
     0.005100415756942    -0.009146978118224     0.009146978118224
    -0.009146978118224     0.005100415756942     0.009146978118224
     0.009146978118224     0.009146978118224     0.005100415756942
15 36
    -0.116302803661483    -0.035574529101723     0.035574529101723
    -0.035574529101723    -0.019563048743976     0.021684910461772
     0.035574529101723     0.021684910461772    -0.019563048743976
15 37
     0.005073655330534    -0.034618866084202     0.034618866084202
    -0.034618866084202     0.065669057795503     0.028412563915481
     0.034618866084202     0.028412563915481     0.065669057795503
15 38
    -2.936375630241629    -1.981126959435642     1.981126959435642
    -1.981126959435642    -2.936375630241627     1.981126959435641
     1.981126959435642     1.981126959435641    -2.936375630241627
15 39
    -0.019563048743976    -0.021684910461772     0.035574529101723
    -0.021684910461772    -0.019563048743976     0.035574529101723
     0.035574529101723     0.035574529101723    -0.116302803661483
15 40
     0.065669057795503    -0.034618866084202     0.028412563915481
    -0.034618866084202     0.005073655330534     0.034618866084202
     0.028412563915481     0.034618866084202     0.065669057795503
15 41
    -0.028598700163229    -0.012401695039443     0.039918368565850
     0.012401695039443     0.006056474586558     0.012401695039443
     0.039918368565850    -0.012401695039443    -0.028598700163229
15 42
    -0.028598700163229    -0.012401695039443    -0.039918368565850
     0.012401695039443     0.006056474586558    -0.012401695039443
    -0.039918368565850     0.012401695039443    -0.028598700163229
15 43
    -0.197889187410283    -0.061054110119585    -0.203163101105019
     0.061054110119585     0.325400609136750     0.061054110119585
    -0.203163101105019    -0.061054110119585    -0.197889187410283
15 44
    -0.197889187410283    -0.061054110119585     0.203163101105019
     0.061054110119585     0.325400609136750    -0.061054110119585
     0.203163101105019     0.061054110119585    -0.197889187410283
15 45
    -0.028598700163229     0.012401695039443    -0.039918368565850
    -0.012401695039443     0.006056474586558     0.012401695039443
    -0.039918368565850    -0.012401695039443    -0.028598700163229
15 46
    -0.028598700163229     0.012401695039443     0.039918368565850
    -0.012401695039443     0.006056474586558    -0.012401695039443
     0.039918368565850     0.012401695039443    -0.028598700163229
15 47
    -0.197889187410283     0.061054110119585     0.203163101105019
    -0.061054110119585     0.325400609136750     0.061054110119585
     0.203163101105019    -0.061054110119585    -0.197889187410283
15 48
    -0.197889187410283     0.061054110119585    -0.203163101105019
    -0.061054110119585     0.325400609136750    -0.061054110119585
    -0.203163101105019     0.061054110119585    -0.197889187410283
15 49
     0.005100415756942     0.009146978118224    -0.009146978118224
     0.009146978118224     0.005100415756942     0.009146978118224
    -0.009146978118224     0.009146978118224     0.005100415756942
15 50
    -0.116302803661483     0.035574529101723    -0.035574529101723
     0.035574529101723    -0.019563048743976     0.021684910461772
    -0.035574529101723     0.021684910461772    -0.019563048743976
15 51
    -0.019563048743976     0.035574529101723    -0.021684910461772
     0.035574529101723    -0.116302803661483     0.035574529101723
    -0.021684910461772     0.035574529101723    -0.019563048743976
15 52
     0.065669057795503     0.028412563915481    -0.034618866084202
     0.028412563915481     0.065669057795503     0.034618866084202
    -0.034618866084202     0.034618866084202     0.005073655330534
15 53
    -0.019563048743976     0.021684910461772    -0.035574529101723
     0.021684910461772    -0.019563048743976     0.035574529101723
    -0.035574529101723     0.035574529101723    -0.116302803661483
15 54
     0.065669057795503     0.034618866084202    -0.028412563915481
     0.034618866084202     0.005073655330534     0.034618866084202
    -0.028412563915481     0.034618866084202     0.065669057795503
15 55
     0.005073655330534     0.034618866084202    -0.034618866084202
     0.034618866084202     0.065669057795503     0.028412563915481
    -0.034618866084202     0.028412563915481     0.065669057795503
15 56
    -2.936375630241628     1.981126959435642    -1.981126959435642
     1.981126959435641    -2.936375630241627     1.981126959435642
    -1.981126959435641     1.981126959435641    -2.936375630241628
15 57
    -0.028598700163229    -0.039918368565850     0.012401695039443
    -0.039918368565850    -0.028598700163229    -0.012401695039443
    -0.012401695039443     0.012401695039443     0.006056474586558
15 58
    -0.028598700163229     0.039918368565850     0.012401695039443
     0.039918368565850    -0.028598700163229     0.012401695039443
    -0.012401695039443    -0.012401695039443     0.006056474586558
15 59
    -0.028598700163229     0.039918368565850    -0.012401695039443
     0.039918368565850    -0.028598700163229    -0.012401695039443
     0.012401695039443     0.012401695039443     0.006056474586558
15 60
    -0.028598700163229    -0.039918368565850    -0.012401695039443
    -0.039918368565850    -0.028598700163229     0.012401695039443
     0.012401695039443    -0.012401695039443     0.006056474586558
15 61
    -0.197889187410283     0.203163101105019     0.061054110119585
     0.203163101105019    -0.197889187410283    -0.061054110119585
    -0.061054110119585     0.061054110119585     0.325400609136750
15 62
    -0.197889187410283    -0.203163101105019     0.061054110119585
    -0.203163101105019    -0.197889187410283     0.061054110119585
    -0.061054110119585    -0.061054110119585     0.325400609136750
15 63
    -0.197889187410283    -0.203163101105020    -0.061054110119585
    -0.203163101105019    -0.197889187410283    -0.061054110119585
     0.061054110119585     0.061054110119585     0.325400609136750
15 64
    -0.197889187410283     0.203163101105019    -0.061054110119585
     0.203163101105019    -0.197889187410283     0.061054110119585
     0.061054110119585    -0.061054110119585     0.325400609136750
16 1
    -0.019563048743976     0.035574529101723     0.021684910461772
     0.035574529101723    -0.116302803661483    -0.035574529101723
     0.021684910461772    -0.035574529101723    -0.019563048743976
16 2
     0.065669057795503     0.028412563915481     0.034618866084202
     0.028412563915481     0.065669057795503    -0.034618866084202
     0.034618866084202    -0.034618866084202     0.005073655330534
16 3
     0.005100415756942     0.009146978118224     0.009146978118224
     0.009146978118224     0.005100415756942    -0.009146978118224
     0.009146978118224    -0.009146978118224     0.005100415756942
16 4
    -0.116302803661483     0.035574529101723     0.035574529101723
     0.035574529101723    -0.019563048743976    -0.021684910461772
     0.035574529101723    -0.021684910461772    -0.019563048743976
16 5
     0.005073655330534     0.034618866084202     0.034618866084202
     0.034618866084202     0.065669057795503    -0.028412563915481
     0.034618866084202    -0.028412563915481     0.065669057795503
16 6
    -2.936375630241628     1.981126959435642     1.981126959435642
     1.981126959435641    -2.936375630241628    -1.981126959435641
     1.981126959435641    -1.981126959435642    -2.936375630241627
16 7
    -0.019563048743976     0.021684910461772     0.035574529101723
     0.021684910461772    -0.019563048743976    -0.035574529101723
     0.035574529101723    -0.035574529101723    -0.116302803661483
16 8
     0.065669057795503     0.034618866084202     0.028412563915481
     0.034618866084202     0.005073655330534    -0.034618866084202
     0.028412563915481    -0.034618866084202     0.065669057795503
16 9
    -0.005654635396013     0.000000000000000     0.000000000000000
     0.000000000000000    -0.005654635396013     0.000000000000000
     0.000000000000000    -0.000000000000000    -0.005654635396013
16 10
     0.217939354325836    -0.000000000000000     0.000000000000000
    -0.000000000000000    -0.011262453489280    -0.000000000000000
     0.000000000000000     0.000000000000000    -0.011262453489280
16 11
    -0.011262453489280    -0.000000000000000     0.000000000000000
    -0.000000000000000     0.217939354325836     0.000000000000000
     0.000000000000000     0.000000000000000    -0.011262453489280
16 12
    -0.061525177596877    -0.000000000000000     0.000000000000000
    -0.000000000000000    -0.061525177596877     0.000000000000000
    -0.000000000000000    -0.000000000000000    -0.033382157715778
16 13
    -0.011262453489280    -0.000000000000000     0.000000000000000
    -0.000000000000000    -0.011262453489280     0.000000000000000
     0.000000000000000     0.000000000000000     0.217939354325836
16 14
    -0.061525177596877    -0.000000000000000     0.000000000000000
     0.000000000000000    -0.033382157715778    -0.000000000000000
     0.000000000000000    -0.000000000000000    -0.061525177596877
16 15
    -0.033382157715778     0.000000000000000     0.000000000000000
    -0.000000000000000    -0.061525177596877     0.000000000000000
     0.000000000000000    -0.000000000000000    -0.061525177596877
16 16
    12.253916845503454     0.000000000000000     0.000000000000000
     0.000000000000000    12.253916845503451    -0.000000000000000
     0.000000000000000    -0.000000000000000    12.253916845503452
16 17
     0.005100415756942    -0.009146978118224    -0.009146978118224
    -0.009146978118224     0.005100415756942    -0.009146978118224
    -0.009146978118224    -0.009146978118224     0.005100415756942
16 18
    -0.116302803661483    -0.035574529101723    -0.035574529101723
    -0.035574529101723    -0.019563048743976    -0.021684910461772
    -0.035574529101723    -0.021684910461772    -0.019563048743976
16 19
    -0.019563048743976    -0.035574529101723    -0.021684910461772
    -0.035574529101723    -0.116302803661483    -0.035574529101723
    -0.021684910461772    -0.035574529101723    -0.019563048743976
16 20
     0.065669057795503    -0.028412563915481    -0.034618866084202
    -0.028412563915481     0.065669057795503    -0.034618866084202
    -0.034618866084202    -0.034618866084202     0.005073655330534
16 21
    -0.019563048743976    -0.021684910461772    -0.035574529101723
    -0.021684910461772    -0.019563048743976    -0.035574529101723
    -0.035574529101723    -0.035574529101723    -0.116302803661483
16 22
     0.065669057795503    -0.034618866084202    -0.028412563915481
    -0.034618866084202     0.005073655330534    -0.034618866084202
    -0.028412563915481    -0.034618866084202     0.065669057795503
16 23
     0.005073655330534    -0.034618866084202    -0.034618866084202
    -0.034618866084202     0.065669057795503    -0.028412563915481
    -0.034618866084202    -0.028412563915481     0.065669057795503
16 24
    -2.936375630241628    -1.981126959435642    -1.981126959435642
    -1.981126959435641    -2.936375630241626    -1.981126959435642
    -1.981126959435641    -1.981126959435641    -2.936375630241628
16 25
     0.006056474586558     0.012401695039443    -0.012401695039443
    -0.012401695039443    -0.028598700163229    -0.039918368565850
     0.012401695039443    -0.039918368565850    -0.028598700163229
16 26
     0.325400609136750     0.061054110119585    -0.061054110119585
    -0.061054110119585    -0.197889187410283     0.203163101105019
     0.061054110119585     0.203163101105019    -0.197889187410283
16 27
     0.006056474586558     0.012401695039443     0.012401695039443
    -0.012401695039443    -0.028598700163229     0.039918368565850
    -0.012401695039443     0.039918368565850    -0.028598700163229
16 28
     0.325400609136750     0.061054110119585     0.061054110119585
    -0.061054110119585    -0.197889187410283    -0.203163101105019
    -0.061054110119585    -0.203163101105019    -0.197889187410283
16 29
     0.006056474586558    -0.012401695039443    -0.012401695039443
     0.012401695039443    -0.028598700163229     0.039918368565850
     0.012401695039443     0.039918368565850    -0.028598700163229
16 30
     0.325400609136750    -0.061054110119585    -0.061054110119585
     0.061054110119585    -0.197889187410283    -0.203163101105019
     0.061054110119585    -0.203163101105019    -0.197889187410283
16 31
     0.006056474586558    -0.012401695039443     0.012401695039443
     0.012401695039443    -0.028598700163229    -0.039918368565850
    -0.012401695039443    -0.039918368565850    -0.028598700163229
16 32
     0.325400609136750    -0.061054110119585     0.061054110119585
     0.061054110119585    -0.197889187410283     0.203163101105019
    -0.061054110119585     0.203163101105019    -0.197889187410283
16 33
     0.065669057795503    -0.028412563915481     0.034618866084202
    -0.028412563915481     0.065669057795503     0.034618866084202
     0.034618866084202     0.034618866084202     0.005073655330534
16 34
    -0.019563048743976    -0.035574529101723     0.021684910461772
    -0.035574529101723    -0.116302803661483     0.035574529101723
     0.021684910461772     0.035574529101723    -0.019563048743976
16 35
    -0.116302803661483    -0.035574529101723     0.035574529101723
    -0.035574529101723    -0.019563048743976     0.021684910461772
     0.035574529101723     0.021684910461772    -0.019563048743976
16 36
     0.005100415756942    -0.009146978118224     0.009146978118224
    -0.009146978118224     0.005100415756942     0.009146978118224
     0.009146978118224     0.009146978118224     0.005100415756942
16 37
    -2.936375630241628    -1.981126959435642     1.981126959435642
    -1.981126959435641    -2.936375630241628     1.981126959435641
     1.981126959435641     1.981126959435642    -2.936375630241627
16 38
     0.005073655330534    -0.034618866084202     0.034618866084202
    -0.034618866084202     0.065669057795503     0.028412563915481
     0.034618866084202     0.028412563915481     0.065669057795503
16 39
     0.065669057795503    -0.034618866084202     0.028412563915481
    -0.034618866084202     0.005073655330534     0.034618866084202
     0.028412563915481     0.034618866084202     0.065669057795503
16 40
    -0.019563048743976    -0.021684910461772     0.035574529101723
    -0.021684910461772    -0.019563048743976     0.035574529101723
     0.035574529101723     0.035574529101723    -0.116302803661483
16 41
    -0.028598700163229    -0.012401695039443    -0.039918368565850
     0.012401695039443     0.006056474586558    -0.012401695039443
    -0.039918368565850     0.012401695039443    -0.028598700163229
16 42
    -0.028598700163229    -0.012401695039443     0.039918368565850
     0.012401695039443     0.006056474586558     0.012401695039443
     0.039918368565850    -0.012401695039443    -0.028598700163229
16 43
    -0.197889187410283    -0.061054110119585     0.203163101105019
     0.061054110119585     0.325400609136750    -0.061054110119585
     0.203163101105019     0.061054110119585    -0.197889187410283
16 44
    -0.197889187410283    -0.061054110119585    -0.203163101105019
     0.061054110119585     0.325400609136750     0.061054110119585
    -0.203163101105019    -0.061054110119585    -0.197889187410283
16 45
    -0.028598700163229     0.012401695039443     0.039918368565850
    -0.012401695039443     0.006056474586558    -0.012401695039443
     0.039918368565850     0.012401695039443    -0.028598700163229
16 46
    -0.028598700163229     0.012401695039443    -0.039918368565850
    -0.012401695039443     0.006056474586558     0.012401695039443
    -0.039918368565850    -0.012401695039443    -0.028598700163229
16 47
    -0.197889187410283     0.061054110119585    -0.203163101105019
    -0.061054110119585     0.325400609136750    -0.061054110119585
    -0.203163101105019     0.061054110119585    -0.197889187410283
16 48
    -0.197889187410283     0.061054110119585     0.203163101105019
    -0.061054110119585     0.325400609136750     0.061054110119585
     0.203163101105019    -0.061054110119585    -0.197889187410283
16 49
    -0.116302803661483     0.035574529101723    -0.035574529101723
     0.035574529101723    -0.019563048743976     0.021684910461772
    -0.035574529101723     0.021684910461772    -0.019563048743976
16 50
     0.005100415756942     0.009146978118224    -0.009146978118224
     0.009146978118224     0.005100415756942     0.009146978118224
    -0.009146978118224     0.009146978118224     0.005100415756942
16 51
     0.065669057795503     0.028412563915481    -0.034618866084202
     0.028412563915481     0.065669057795503     0.034618866084202
    -0.034618866084202     0.034618866084202     0.005073655330534
16 52
    -0.019563048743976     0.035574529101723    -0.021684910461772
     0.035574529101723    -0.116302803661483     0.035574529101723
    -0.021684910461772     0.035574529101723    -0.019563048743976
16 53
     0.065669057795503     0.034618866084202    -0.028412563915481
     0.034618866084202     0.005073655330534     0.034618866084202
    -0.028412563915481     0.034618866084202     0.065669057795503
16 54
    -0.019563048743976     0.021684910461772    -0.035574529101723
     0.021684910461772    -0.019563048743976     0.035574529101723
    -0.035574529101723     0.035574529101723    -0.116302803661483
16 55
    -2.936375630241628     1.981126959435642    -1.981126959435642
     1.981126959435641    -2.936375630241627     1.981126959435642
    -1.981126959435641     1.981126959435641    -2.936375630241628
16 56
     0.005073655330534     0.034618866084202    -0.034618866084202
     0.034618866084202     0.065669057795503     0.028412563915481
    -0.034618866084202     0.028412563915481     0.065669057795503
16 57
    -0.028598700163229     0.039918368565850     0.012401695039443
     0.039918368565850    -0.028598700163229     0.012401695039443
    -0.012401695039443    -0.012401695039443     0.006056474586558
16 58
    -0.028598700163229    -0.039918368565850     0.012401695039443
    -0.039918368565850    -0.028598700163229    -0.012401695039443
    -0.012401695039443     0.012401695039443     0.006056474586558
16 59
    -0.028598700163229    -0.039918368565850    -0.012401695039443
    -0.039918368565850    -0.028598700163229     0.012401695039443
     0.012401695039443    -0.012401695039443     0.006056474586558
16 60
    -0.028598700163229     0.039918368565850    -0.012401695039443
     0.039918368565850    -0.028598700163229    -0.012401695039443
     0.012401695039443     0.012401695039443     0.006056474586558
16 61
    -0.197889187410283    -0.203163101105019     0.061054110119585
    -0.203163101105019    -0.197889187410283     0.061054110119585
    -0.061054110119585    -0.061054110119585     0.325400609136750
16 62
    -0.197889187410283     0.203163101105019     0.061054110119585
     0.203163101105019    -0.197889187410283    -0.061054110119585
    -0.061054110119585     0.061054110119585     0.325400609136750
16 63
    -0.197889187410283     0.203163101105020    -0.061054110119585
     0.203163101105019    -0.197889187410283     0.061054110119585
     0.061054110119585    -0.061054110119585     0.325400609136750
16 64
    -0.197889187410283    -0.203163101105019    -0.061054110119585
    -0.203163101105019    -0.197889187410283    -0.061054110119585
     0.061054110119585     0.061054110119585     0.325400609136750
17 1
     0.325400609136750     0.061054110119585    -0.061054110119585
    -0.061054110119585    -0.197889187410283     0.203163101105019
     0.061054110119585     0.203163101105019    -0.197889187410283
17 2
     0.006056474586558     0.012401695039443    -0.012401695039443
    -0.012401695039443    -0.028598700163229    -0.039918368565850
     0.012401695039443    -0.039918368565850    -0.028598700163229
17 3
     0.325400609136750     0.061054110119585     0.061054110119585
    -0.061054110119585    -0.197889187410283    -0.203163101105019
    -0.061054110119585    -0.203163101105019    -0.197889187410283
17 4
     0.006056474586558     0.012401695039443     0.012401695039443
    -0.012401695039443    -0.028598700163229     0.039918368565850
    -0.012401695039443     0.039918368565850    -0.028598700163229
17 5
     0.325400609136750    -0.061054110119585    -0.061054110119585
     0.061054110119585    -0.197889187410283    -0.203163101105019
     0.061054110119585    -0.203163101105019    -0.197889187410283
17 6
     0.006056474586558    -0.012401695039443    -0.012401695039443
     0.012401695039443    -0.028598700163229     0.039918368565850
     0.012401695039443     0.039918368565850    -0.028598700163229
17 7
     0.325400609136750    -0.061054110119585     0.061054110119585
     0.061054110119585    -0.197889187410283     0.203163101105019
    -0.061054110119585     0.203163101105019    -0.197889187410283
17 8
     0.006056474586558    -0.012401695039443     0.012401695039443
     0.012401695039443    -0.028598700163229    -0.039918368565850
    -0.012401695039443    -0.039918368565850    -0.028598700163229
17 9
    -2.936375630241627    -1.981126959435642    -1.981126959435641
    -1.981126959435642    -2.936375630241629    -1.981126959435642
    -1.981126959435641    -1.981126959435642    -2.936375630241627
17 10
     0.005073655330534    -0.034618866084202    -0.034618866084202
    -0.034618866084202     0.065669057795503    -0.028412563915481
    -0.034618866084202    -0.028412563915481     0.065669057795503
17 11
     0.065669057795503    -0.034618866084202    -0.028412563915481
    -0.034618866084202     0.005073655330534    -0.034618866084202
    -0.028412563915481    -0.034618866084202     0.065669057795503
17 12
    -0.019563048743976    -0.021684910461772    -0.035574529101723
    -0.021684910461772    -0.019563048743976    -0.035574529101723
    -0.035574529101723    -0.035574529101723    -0.116302803661483
17 13
     0.065669057795503    -0.028412563915481    -0.034618866084202
    -0.028412563915481     0.065669057795503    -0.034618866084202
    -0.034618866084202    -0.034618866084202     0.005073655330534
17 14
    -0.019563048743976    -0.035574529101723    -0.021684910461772
    -0.035574529101723    -0.116302803661483    -0.035574529101723
    -0.021684910461772    -0.035574529101723    -0.019563048743976
17 15
    -0.116302803661483    -0.035574529101723    -0.035574529101723
    -0.035574529101723    -0.019563048743976    -0.021684910461772
    -0.035574529101723    -0.021684910461772    -0.019563048743976
17 16
     0.005100415756942    -0.009146978118224    -0.009146978118224
    -0.009146978118224     0.005100415756942    -0.009146978118224
    -0.009146978118224    -0.009146978118224     0.005100415756942
17 17
    12.253916845503451     0.000000000000000    -0.000000000000000
     0.000000000000000    12.253916845503458     0.000000000000000
    -0.000000000000000     0.000000000000000    12.253916845503449
17 18
    -0.033382157715778    -0.000000000000000    -0.000000000000000
     0.000000000000000    -0.061525177596877    -0.000000000000000
    -0.000000000000000    -0.000000000000000    -0.061525177596877
17 19
    -0.061525177596877    -0.000000000000000     0.000000000000000
     0.000000000000000    -0.033382157715778    -0.000000000000000
    -0.000000000000000     0.000000000000000    -0.061525177596877
17 20
    -0.011262453489280    -0.000000000000000     0.000000000000000
     0.000000000000000    -0.011262453489280     0.000000000000000
    -0.000000000000000     0.000000000000000     0.217939354325836
17 21
    -0.061525177596877    -0.000000000000000     0.000000000000000
     0.000000000000000    -0.061525177596877     0.000000000000000
    -0.000000000000000     0.000000000000000    -0.033382157715778
17 22
    -0.011262453489280     0.000000000000000    -0.000000000000000
     0.000000000000000     0.217939354325836    -0.000000000000000
    -0.000000000000000    -0.000000000000000    -0.011262453489280
17 23
     0.217939354325836    -0.000000000000000     0.000000000000000
     0.000000000000000    -0.011262453489280     0.000000000000000
    -0.000000000000000     0.000000000000000    -0.011262453489280
17 24
    -0.005654635396013    -0.000000000000000     0.000000000000000
     0.000000000000000    -0.005654635396013     0.000000000000000
    -0.000000000000000     0.000000000000000    -0.005654635396013
17 25
     0.065669057795503     0.028412563915481     0.034618866084202
     0.028412563915481     0.065669057795503    -0.034618866084202
     0.034618866084202    -0.034618866084202     0.005073655330534
17 26
    -0.019563048743976     0.035574529101723     0.021684910461772
     0.035574529101723    -0.116302803661483    -0.035574529101723
     0.021684910461772    -0.035574529101723    -0.019563048743976
17 27
    -0.116302803661483     0.035574529101723     0.035574529101723
     0.035574529101723    -0.019563048743976    -0.021684910461772
     0.035574529101723    -0.021684910461772    -0.019563048743976
17 28
     0.005100415756942     0.009146978118224     0.009146978118224
     0.009146978118224     0.005100415756942    -0.009146978118224
     0.009146978118224    -0.009146978118224     0.005100415756942
17 29
    -2.936375630241627     1.981126959435642     1.981126959435641
     1.981126959435642    -2.936375630241629    -1.981126959435642
     1.981126959435641    -1.981126959435642    -2.936375630241626
17 30
     0.005073655330534     0.034618866084202     0.034618866084202
     0.034618866084202     0.065669057795503    -0.028412563915481
     0.034618866084202    -0.028412563915481     0.065669057795503
17 31
     0.065669057795503     0.034618866084202     0.028412563915481
     0.034618866084202     0.005073655330534    -0.034618866084202
     0.028412563915481    -0.034618866084202     0.065669057795503
17 32
    -0.019563048743976     0.021684910461772     0.035574529101723
     0.021684910461772    -0.019563048743976    -0.035574529101723
     0.035574529101723    -0.035574529101723    -0.116302803661483
17 33
    -0.197889187410283    -0.203163101105019     0.061054110119585
    -0.203163101105019    -0.197889187410283     0.061054110119585
    -0.061054110119585    -0.061054110119585     0.325400609136750
17 34
    -0.197889187410283     0.203163101105019     0.061054110119585
     0.203163101105019    -0.197889187410283    -0.061054110119585
    -0.061054110119585     0.061054110119585     0.325400609136750
17 35
    -0.197889187410283     0.203163101105019    -0.061054110119585
     0.203163101105019    -0.197889187410283     0.061054110119585
     0.061054110119585    -0.061054110119585     0.325400609136750
17 36
    -0.197889187410283    -0.203163101105019    -0.061054110119585
    -0.203163101105020    -0.197889187410283    -0.061054110119585
     0.061054110119585     0.061054110119585     0.325400609136750
17 37
    -0.028598700163229     0.039918368565850     0.012401695039443
     0.039918368565850    -0.028598700163229     0.012401695039443
    -0.012401695039443    -0.012401695039443     0.006056474586558
17 38
    -0.028598700163229    -0.039918368565850     0.012401695039443
    -0.039918368565850    -0.028598700163229    -0.012401695039443
    -0.012401695039443     0.012401695039443     0.006056474586558
17 39
    -0.028598700163229    -0.039918368565850    -0.012401695039443
    -0.039918368565850    -0.028598700163229     0.012401695039443
     0.012401695039443    -0.012401695039443     0.006056474586558
17 40
    -0.028598700163229     0.039918368565850    -0.012401695039443
     0.039918368565850    -0.028598700163229    -0.012401695039443
     0.012401695039443     0.012401695039443     0.006056474586558
17 41
     0.065669057795503     0.028412563915481    -0.034618866084202
     0.028412563915481     0.065669057795503     0.034618866084202
    -0.034618866084202     0.034618866084202     0.005073655330534
17 42
    -0.019563048743976     0.035574529101723    -0.021684910461772
     0.035574529101723    -0.116302803661483     0.035574529101723
    -0.021684910461772     0.035574529101723    -0.019563048743976
17 43
    -0.116302803661483     0.035574529101723    -0.035574529101723
     0.035574529101723    -0.019563048743976     0.021684910461772
    -0.035574529101723     0.021684910461772    -0.019563048743976
17 44
     0.005100415756942     0.009146978118224    -0.009146978118224
     0.009146978118224     0.005100415756942     0.009146978118224
    -0.009146978118224     0.009146978118224     0.005100415756942
17 45
    -2.936375630241627     1.981126959435642    -1.981126959435641
     1.981126959435642    -2.936375630241629     1.981126959435642
    -1.981126959435641     1.981126959435642    -2.936375630241627
17 46
     0.005073655330534     0.034618866084202    -0.034618866084202
     0.034618866084202     0.065669057795503     0.028412563915481
    -0.034618866084202     0.028412563915481     0.065669057795503
17 47
     0.065669057795503     0.034618866084202    -0.028412563915481
     0.034618866084202     0.005073655330534     0.034618866084202
    -0.028412563915481     0.034618866084202     0.065669057795503
17 48
    -0.019563048743976     0.021684910461772    -0.035574529101723
     0.021684910461772    -0.019563048743976     0.035574529101723
    -0.035574529101723     0.035574529101723    -0.116302803661483
17 49
    -0.197889187410283    -0.061054110119585     0.203163101105019
     0.061054110119585     0.325400609136750    -0.061054110119585
     0.203163101105019     0.061054110119585    -0.197889187410283
17 50
    -0.197889187410283    -0.061054110119585    -0.203163101105019
     0.061054110119585     0.325400609136750     0.061054110119585
    -0.203163101105019    -0.061054110119585    -0.197889187410283
17 51
    -0.028598700163229    -0.012401695039443    -0.039918368565850
     0.012401695039443     0.006056474586558    -0.012401695039443
    -0.039918368565850     0.012401695039443    -0.028598700163229
17 52
    -0.028598700163229    -0.012401695039443     0.039918368565850
     0.012401695039443     0.006056474586558     0.012401695039443
     0.039918368565850    -0.012401695039443    -0.028598700163229
17 53
    -0.197889187410283     0.061054110119585    -0.203163101105019
    -0.061054110119585     0.325400609136750    -0.061054110119585
    -0.203163101105019     0.061054110119585    -0.197889187410283
17 54
    -0.197889187410283     0.061054110119585     0.203163101105019
    -0.061054110119585     0.325400609136750     0.061054110119585
     0.203163101105019    -0.061054110119585    -0.197889187410283
17 55
    -0.028598700163229     0.012401695039443     0.039918368565850
    -0.012401695039443     0.006056474586558    -0.012401695039443
     0.039918368565850     0.012401695039443    -0.028598700163229
17 56
    -0.028598700163229     0.012401695039443    -0.039918368565850
    -0.012401695039443     0.006056474586558     0.012401695039443
    -0.039918368565850    -0.012401695039443    -0.028598700163229
17 57
    -2.936375630241628    -1.981126959435641     1.981126959435641
    -1.981126959435642    -2.936375630241628     1.981126959435642
     1.981126959435642     1.981126959435641    -2.936375630241626
17 58
     0.005073655330534    -0.034618866084202     0.034618866084202
    -0.034618866084202     0.065669057795503     0.028412563915481
     0.034618866084202     0.028412563915481     0.065669057795503
17 59
     0.065669057795503    -0.034618866084202     0.028412563915481
    -0.034618866084202     0.005073655330534     0.034618866084202
     0.028412563915481     0.034618866084202     0.065669057795503
17 60
    -0.019563048743976    -0.021684910461772     0.035574529101723
    -0.021684910461772    -0.019563048743976     0.035574529101723
     0.035574529101723     0.035574529101723    -0.116302803661483
17 61
     0.065669057795503    -0.028412563915481     0.034618866084202
    -0.028412563915481     0.065669057795503     0.034618866084202
     0.034618866084202     0.034618866084202     0.005073655330534
17 62
    -0.019563048743976    -0.035574529101723     0.021684910461772
    -0.035574529101723    -0.116302803661483     0.035574529101723
     0.021684910461772     0.035574529101723    -0.019563048743976
17 63
    -0.116302803661483    -0.035574529101723     0.035574529101723
    -0.035574529101723    -0.019563048743976     0.021684910461772
     0.035574529101723     0.021684910461772    -0.019563048743976
17 64
     0.005100415756942    -0.009146978118224     0.009146978118224
    -0.009146978118224     0.005100415756942     0.009146978118224
     0.009146978118224     0.009146978118224     0.005100415756942
18 1
     0.006056474586558     0.012401695039443    -0.012401695039443
    -0.012401695039443    -0.028598700163229    -0.039918368565850
     0.012401695039443    -0.039918368565850    -0.028598700163229
18 2
     0.325400609136750     0.061054110119585    -0.061054110119585
    -0.061054110119585    -0.197889187410283     0.203163101105019
     0.061054110119585     0.203163101105019    -0.197889187410283
18 3
     0.006056474586558     0.012401695039443     0.012401695039443
    -0.012401695039443    -0.028598700163229     0.039918368565850
    -0.012401695039443     0.039918368565850    -0.028598700163229
18 4
     0.325400609136750     0.061054110119585     0.061054110119585
    -0.061054110119585    -0.197889187410283    -0.203163101105019
    -0.061054110119585    -0.203163101105019    -0.197889187410283
18 5
     0.006056474586558    -0.012401695039443    -0.012401695039443
     0.012401695039443    -0.028598700163229     0.039918368565850
     0.012401695039443     0.039918368565850    -0.028598700163229
18 6
     0.325400609136750    -0.061054110119585    -0.061054110119585
     0.061054110119585    -0.197889187410283    -0.203163101105019
     0.061054110119585    -0.203163101105020    -0.197889187410283
18 7
     0.006056474586558    -0.012401695039443     0.012401695039443
     0.012401695039443    -0.028598700163229    -0.039918368565850
    -0.012401695039443    -0.039918368565850    -0.028598700163229
18 8
     0.325400609136750    -0.061054110119585     0.061054110119585
     0.061054110119585    -0.197889187410283     0.203163101105019
    -0.061054110119585     0.203163101105019    -0.197889187410283
18 9
     0.005073655330534    -0.034618866084202    -0.034618866084202
    -0.034618866084202     0.065669057795503    -0.028412563915481
    -0.034618866084202    -0.028412563915481     0.065669057795503
18 10
    -2.936375630241627    -1.981126959435641    -1.981126959435642
    -1.981126959435641    -2.936375630241627    -1.981126959435642
    -1.981126959435642    -1.981126959435642    -2.936375630241629
18 11
    -0.019563048743976    -0.021684910461772    -0.035574529101723
    -0.021684910461772    -0.019563048743976    -0.035574529101723
    -0.035574529101723    -0.035574529101723    -0.116302803661483
18 12
     0.065669057795503    -0.034618866084202    -0.028412563915481
    -0.034618866084202     0.005073655330534    -0.034618866084202
    -0.028412563915481    -0.034618866084202     0.065669057795503
18 13
    -0.019563048743976    -0.035574529101723    -0.021684910461772
    -0.035574529101723    -0.116302803661483    -0.035574529101723
    -0.021684910461772    -0.035574529101723    -0.019563048743976
18 14
     0.065669057795503    -0.028412563915481    -0.034618866084202
    -0.028412563915481     0.065669057795503    -0.034618866084202
    -0.034618866084202    -0.034618866084202     0.005073655330534
18 15
     0.005100415756942    -0.009146978118224    -0.009146978118224
    -0.009146978118224     0.005100415756942    -0.009146978118224
    -0.009146978118224    -0.009146978118224     0.005100415756942
18 16
    -0.116302803661483    -0.035574529101723    -0.035574529101723
    -0.035574529101723    -0.019563048743976    -0.021684910461772
    -0.035574529101723    -0.021684910461772    -0.019563048743976
18 17
    -0.033382157715778     0.000000000000000    -0.000000000000000
    -0.000000000000000    -0.061525177596877    -0.000000000000000
    -0.000000000000000    -0.000000000000000    -0.061525177596877
18 18
    12.253916845503451    -0.000000000000000     0.000000000000000
    -0.000000000000000    12.253916845503451     0.000000000000000
     0.000000000000000     0.000000000000000    12.253916845503458
18 19
    -0.011262453489280    -0.000000000000000     0.000000000000000
    -0.000000000000000    -0.011262453489280    -0.000000000000000
    -0.000000000000000    -0.000000000000000     0.217939354325836
18 20
    -0.061525177596877    -0.000000000000000     0.000000000000000
    -0.000000000000000    -0.033382157715778    -0.000000000000000
    -0.000000000000000     0.000000000000000    -0.061525177596877
18 21
    -0.011262453489280    -0.000000000000000     0.000000000000000
    -0.000000000000000     0.217939354325836     0.000000000000000
    -0.000000000000000    -0.000000000000000    -0.011262453489280
18 22
    -0.061525177596877     0.000000000000000     0.000000000000000
    -0.000000000000000    -0.061525177596877    -0.000000000000000
    -0.000000000000000    -0.000000000000000    -0.033382157715778
18 23
    -0.005654635396013     0.000000000000000     0.000000000000000
    -0.000000000000000    -0.005654635396013    -0.000000000000000
    -0.000000000000000     0.000000000000000    -0.005654635396013
18 24
     0.217939354325836    -0.000000000000000     0.000000000000000
    -0.000000000000000    -0.011262453489280     0.000000000000000
    -0.000000000000000     0.000000000000000    -0.011262453489280
18 25
    -0.019563048743976     0.035574529101723     0.021684910461772
     0.035574529101723    -0.116302803661483    -0.035574529101723
     0.021684910461772    -0.035574529101723    -0.019563048743976
18 26
     0.065669057795503     0.028412563915481     0.034618866084202
     0.028412563915481     0.065669057795503    -0.034618866084202
     0.034618866084202    -0.034618866084202     0.005073655330534
18 27
     0.005100415756942     0.009146978118224     0.009146978118224
     0.009146978118224     0.005100415756942    -0.009146978118224
     0.009146978118224    -0.009146978118224     0.005100415756942
18 28
    -0.116302803661483     0.035574529101723     0.035574529101723
     0.035574529101723    -0.019563048743976    -0.021684910461772
     0.035574529101723    -0.021684910461772    -0.019563048743976
18 29
     0.005073655330534     0.034618866084202     0.034618866084202
     0.034618866084202     0.065669057795503    -0.028412563915481
     0.034618866084202    -0.028412563915481     0.065669057795503
18 30
    -2.936375630241628     1.981126959435641     1.981126959435641
     1.981126959435642    -2.936375630241626    -1.981126959435641
     1.981126959435642    -1.981126959435642    -2.936375630241628
18 31
    -0.019563048743976     0.021684910461772     0.035574529101723
     0.021684910461772    -0.019563048743976    -0.035574529101723
     0.035574529101723    -0.035574529101723    -0.116302803661483
18 32
     0.065669057795503     0.034618866084202     0.028412563915481
     0.034618866084202     0.005073655330534    -0.034618866084202
     0.028412563915481    -0.034618866084202     0.065669057795503
18 33
    -0.197889187410283     0.203163101105019     0.061054110119585
     0.203163101105019    -0.197889187410283    -0.061054110119585
    -0.061054110119585     0.061054110119585     0.325400609136750
18 34
    -0.197889187410283    -0.203163101105019     0.061054110119585
    -0.203163101105019    -0.197889187410283     0.061054110119585
    -0.061054110119585    -0.061054110119585     0.325400609136750
18 35
    -0.197889187410283    -0.203163101105019    -0.061054110119585
    -0.203163101105019    -0.197889187410283    -0.061054110119585
     0.061054110119585     0.061054110119585     0.325400609136750
18 36
    -0.197889187410283     0.203163101105019    -0.061054110119585
     0.203163101105019    -0.197889187410283     0.061054110119585
     0.061054110119585    -0.061054110119585     0.325400609136750
18 37
    -0.028598700163229    -0.039918368565850     0.012401695039443
    -0.039918368565850    -0.028598700163229    -0.012401695039443
    -0.012401695039443     0.012401695039443     0.006056474586558
18 38
    -0.028598700163229     0.039918368565850     0.012401695039443
     0.039918368565850    -0.028598700163229     0.012401695039443
    -0.012401695039443    -0.012401695039443     0.006056474586558
18 39
    -0.028598700163229     0.039918368565850    -0.012401695039443
     0.039918368565850    -0.028598700163229    -0.012401695039443
     0.012401695039443     0.012401695039443     0.006056474586558
18 40
    -0.028598700163229    -0.039918368565850    -0.012401695039443
    -0.039918368565850    -0.028598700163229     0.012401695039443
     0.012401695039443    -0.012401695039443     0.006056474586558
18 41
    -0.019563048743976     0.035574529101723    -0.021684910461772
     0.035574529101723    -0.116302803661483     0.035574529101723
    -0.021684910461772     0.035574529101723    -0.019563048743976
18 42
     0.065669057795503     0.028412563915481    -0.034618866084202
     0.028412563915481     0.065669057795503     0.034618866084202
    -0.034618866084202     0.034618866084202     0.005073655330534
18 43
     0.005100415756942     0.009146978118224    -0.009146978118224
     0.009146978118224     0.005100415756942     0.009146978118224
    -0.009146978118224     0.009146978118224     0.005100415756942
18 44
    -0.116302803661483     0.035574529101723    -0.035574529101723
     0.035574529101723    -0.019563048743976     0.021684910461772
    -0.035574529101723     0.021684910461772    -0.019563048743976
18 45
     0.005073655330534     0.034618866084202    -0.034618866084202
     0.034618866084202     0.065669057795503     0.028412563915481
    -0.034618866084202     0.028412563915481     0.065669057795503
18 46
    -2.936375630241627     1.981126959435641    -1.981126959435642
     1.981126959435641    -2.936375630241626     1.981126959435642
    -1.981126959435642     1.981126959435642    -2.936375630241629
18 47
    -0.019563048743976     0.021684910461772    -0.035574529101723
     0.021684910461772    -0.019563048743976     0.035574529101723
    -0.035574529101723     0.035574529101723    -0.116302803661483
18 48
     0.065669057795503     0.034618866084202    -0.028412563915481
     0.034618866084202     0.005073655330534     0.034618866084202
    -0.028412563915481     0.034618866084202     0.065669057795503
18 49
    -0.197889187410283    -0.061054110119585    -0.203163101105019
     0.061054110119585     0.325400609136750     0.061054110119585
    -0.203163101105019    -0.061054110119585    -0.197889187410283
18 50
    -0.197889187410283    -0.061054110119585     0.203163101105019
     0.061054110119585     0.325400609136750    -0.061054110119585
     0.203163101105019     0.061054110119585    -0.197889187410283
18 51
    -0.028598700163229    -0.012401695039443     0.039918368565850
     0.012401695039443     0.006056474586558     0.012401695039443
     0.039918368565850    -0.012401695039443    -0.028598700163229
18 52
    -0.028598700163229    -0.012401695039443    -0.039918368565850
     0.012401695039443     0.006056474586558    -0.012401695039443
    -0.039918368565850     0.012401695039443    -0.028598700163229
18 53
    -0.197889187410283     0.061054110119585     0.203163101105019
    -0.061054110119585     0.325400609136750     0.061054110119585
     0.203163101105019    -0.061054110119585    -0.197889187410283
18 54
    -0.197889187410283     0.061054110119585    -0.203163101105019
    -0.061054110119585     0.325400609136750    -0.061054110119585
    -0.203163101105020     0.061054110119585    -0.197889187410283
18 55
    -0.028598700163229     0.012401695039443    -0.039918368565850
    -0.012401695039443     0.006056474586558     0.012401695039443
    -0.039918368565850    -0.012401695039443    -0.028598700163229
18 56
    -0.028598700163229     0.012401695039443     0.039918368565850
    -0.012401695039443     0.006056474586558    -0.012401695039443
     0.039918368565850     0.012401695039443    -0.028598700163229
18 57
     0.005073655330534    -0.034618866084202     0.034618866084202
    -0.034618866084202     0.065669057795503     0.028412563915481
     0.034618866084202     0.028412563915481     0.065669057795503
18 58
    -2.936375630241627    -1.981126959435641     1.981126959435642
    -1.981126959435641    -2.936375630241627     1.981126959435642
     1.981126959435642     1.981126959435642    -2.936375630241629
18 59
    -0.019563048743976    -0.021684910461772     0.035574529101723
    -0.021684910461772    -0.019563048743976     0.035574529101723
     0.035574529101723     0.035574529101723    -0.116302803661483
18 60
     0.065669057795503    -0.034618866084202     0.028412563915481
    -0.034618866084202     0.005073655330534     0.034618866084202
     0.028412563915481     0.034618866084202     0.065669057795503
18 61
    -0.019563048743976    -0.035574529101723     0.021684910461772
    -0.035574529101723    -0.116302803661483     0.035574529101723
     0.021684910461772     0.035574529101723    -0.019563048743976
18 62
     0.065669057795503    -0.028412563915481     0.034618866084202
    -0.028412563915481     0.065669057795503     0.034618866084202
     0.034618866084202     0.034618866084202     0.005073655330534
18 63
     0.005100415756942    -0.009146978118224     0.009146978118224
    -0.009146978118224     0.005100415756942     0.009146978118224
     0.009146978118224     0.009146978118224     0.005100415756942
18 64
    -0.116302803661483    -0.035574529101723     0.035574529101723
    -0.035574529101723    -0.019563048743976     0.021684910461772
     0.035574529101723     0.021684910461772    -0.019563048743976
19 1
     0.325400609136750     0.061054110119585     0.061054110119585
    -0.061054110119585    -0.197889187410283    -0.203163101105019
    -0.061054110119585    -0.203163101105020    -0.197889187410283
19 2
     0.006056474586558     0.012401695039443     0.012401695039443
    -0.012401695039443    -0.028598700163229     0.039918368565850
    -0.012401695039443     0.039918368565850    -0.028598700163229
19 3
     0.325400609136750     0.061054110119585    -0.061054110119585
    -0.061054110119585    -0.197889187410283     0.203163101105019
     0.061054110119585     0.203163101105020    -0.197889187410283
19 4
     0.006056474586558     0.012401695039443    -0.012401695039443
    -0.012401695039443    -0.028598700163229    -0.039918368565850
     0.012401695039443    -0.039918368565850    -0.028598700163229
19 5
     0.325400609136750    -0.061054110119585     0.061054110119585
     0.061054110119585    -0.197889187410283     0.203163101105019
    -0.061054110119585     0.203163101105019    -0.197889187410283
19 6
     0.006056474586558    -0.012401695039443     0.012401695039443
     0.012401695039443    -0.028598700163229    -0.039918368565850
    -0.012401695039443    -0.039918368565850    -0.028598700163229
19 7
     0.325400609136750    -0.061054110119585    -0.061054110119585
     0.061054110119585    -0.197889187410283    -0.203163101105019
     0.061054110119585    -0.203163101105020    -0.197889187410283
19 8
     0.006056474586558    -0.012401695039443    -0.012401695039443
     0.012401695039443    -0.028598700163229     0.039918368565850
     0.012401695039443     0.039918368565850    -0.028598700163229
19 9
     0.065669057795503    -0.034618866084202    -0.028412563915481
    -0.034618866084202     0.005073655330534    -0.034618866084202
    -0.028412563915481    -0.034618866084202     0.065669057795503
19 10
    -0.019563048743976    -0.021684910461772    -0.035574529101723
    -0.021684910461772    -0.019563048743976    -0.035574529101723
    -0.035574529101723    -0.035574529101723    -0.116302803661483
19 11
    -2.936375630241628    -1.981126959435641    -1.981126959435641
    -1.981126959435642    -2.936375630241626    -1.981126959435641
    -1.981126959435642    -1.981126959435642    -2.936375630241628
19 12
     0.005073655330534    -0.034618866084202    -0.034618866084202
    -0.034618866084202     0.065669057795503    -0.028412563915481
    -0.034618866084202    -0.028412563915481     0.065669057795503
19 13
    -0.116302803661483    -0.035574529101723    -0.035574529101723
    -0.035574529101723    -0.019563048743976    -0.021684910461772
    -0.035574529101723    -0.021684910461772    -0.019563048743976
19 14
     0.005100415756942    -0.009146978118224    -0.009146978118224
    -0.009146978118224     0.005100415756942    -0.009146978118224
    -0.009146978118224    -0.009146978118224     0.005100415756942
19 15
     0.065669057795503    -0.028412563915481    -0.034618866084202
    -0.028412563915481     0.065669057795503    -0.034618866084202
    -0.034618866084202    -0.034618866084202     0.005073655330534
19 16
    -0.019563048743976    -0.035574529101723    -0.021684910461772
    -0.035574529101723    -0.116302803661483    -0.035574529101723
    -0.021684910461772    -0.035574529101723    -0.019563048743976
19 17
    -0.061525177596877     0.000000000000000    -0.000000000000000
    -0.000000000000000    -0.033382157715778     0.000000000000000
     0.000000000000000    -0.000000000000000    -0.061525177596877
19 18
    -0.011262453489280    -0.000000000000000    -0.000000000000000
    -0.000000000000000    -0.011262453489280    -0.000000000000000
     0.000000000000000    -0.000000000000000     0.217939354325836
19 19
    12.253916845503454    -0.000000000000000    -0.000000000000000
    -0.000000000000000    12.253916845503451    -0.000000000000001
    -0.000000000000000    -0.000000000000001    12.253916845503454
19 20
    -0.033382157715778    -0.000000000000000     0.000000000000000
    -0.000000000000000    -0.061525177596877     0.000000000000000
     0.000000000000000    -0.000000000000000    -0.061525177596877
19 21
     0.217939354325836    -0.000000000000000    -0.000000000000000
     0.000000000000000    -0.011262453489280     0.000000000000000
    -0.000000000000000    -0.000000000000000    -0.011262453489280
19 22
    -0.005654635396013     0.000000000000000    -0.000000000000000
    -0.000000000000000    -0.005654635396013    -0.000000000000000
     0.000000000000000    -0.000000000000000    -0.005654635396013
19 23
    -0.061525177596877    -0.000000000000000     0.000000000000000
    -0.000000000000000    -0.061525177596877     0.000000000000000
    -0.000000000000000    -0.000000000000000    -0.033382157715778
19 24
    -0.011262453489280    -0.000000000000000     0.000000000000000
    -0.000000000000000     0.217939354325836     0.000000000000000
    -0.000000000000000    -0.000000000000000    -0.011262453489280
19 25
    -0.116302803661483     0.035574529101723     0.035574529101723
     0.035574529101723    -0.019563048743976    -0.021684910461772
     0.035574529101723    -0.021684910461772    -0.019563048743976
19 26
     0.005100415756942     0.009146978118224     0.009146978118224
     0.009146978118224     0.005100415756942    -0.009146978118224
     0.009146978118224    -0.009146978118224     0.005100415756942
19 27
     0.065669057795503     0.028412563915481     0.034618866084202
     0.028412563915481     0.065669057795503    -0.034618866084202
     0.034618866084202    -0.034618866084202     0.005073655330534
19 28
    -0.019563048743976     0.035574529101723     0.021684910461772
     0.035574529101723    -0.116302803661483    -0.035574529101723
     0.021684910461772    -0.035574529101723    -0.019563048743976
19 29
     0.065669057795503     0.034618866084202     0.028412563915481
     0.034618866084202     0.005073655330534    -0.034618866084202
     0.028412563915481    -0.034618866084202     0.065669057795503
19 30
    -0.019563048743976     0.021684910461772     0.035574529101723
     0.021684910461772    -0.019563048743976    -0.035574529101723
     0.035574529101723    -0.035574529101723    -0.116302803661483
19 31
    -2.936375630241628     1.981126959435641     1.981126959435641
     1.981126959435642    -2.936375630241627    -1.981126959435641
     1.981126959435642    -1.981126959435642    -2.936375630241628
19 32
     0.005073655330534     0.034618866084202     0.034618866084202
     0.034618866084202     0.065669057795503    -0.028412563915481
     0.034618866084202    -0.028412563915481     0.065669057795503
19 33
    -0.197889187410283     0.203163101105019    -0.061054110119585
     0.203163101105019    -0.197889187410283     0.061054110119585
     0.061054110119585    -0.061054110119585     0.325400609136750
19 34
    -0.197889187410283    -0.203163101105019    -0.061054110119585
    -0.203163101105019    -0.197889187410283    -0.061054110119585
     0.061054110119585     0.061054110119585     0.325400609136750
19 35
    -0.197889187410283    -0.203163101105019     0.061054110119585
    -0.203163101105019    -0.197889187410283     0.061054110119585
    -0.061054110119585    -0.061054110119585     0.325400609136750
19 36
    -0.197889187410283     0.203163101105019     0.061054110119585
     0.203163101105019    -0.197889187410283    -0.061054110119585
    -0.061054110119585     0.061054110119585     0.325400609136750
19 37
    -0.028598700163229    -0.039918368565850    -0.012401695039443
    -0.039918368565850    -0.028598700163229     0.012401695039443
     0.012401695039443    -0.012401695039443     0.006056474586558
19 38
    -0.028598700163229     0.039918368565850    -0.012401695039443
     0.039918368565850    -0.028598700163229    -0.012401695039443
     0.012401695039443     0.012401695039443     0.006056474586558
19 39
    -0.028598700163229     0.039918368565850     0.012401695039443
     0.039918368565850    -0.028598700163229     0.012401695039443
    -0.012401695039443    -0.012401695039443     0.006056474586558
19 40
    -0.028598700163229    -0.039918368565850     0.012401695039443
    -0.039918368565850    -0.028598700163229    -0.012401695039443
    -0.012401695039443     0.012401695039443     0.006056474586558
19 41
    -0.116302803661483     0.035574529101723    -0.035574529101723
     0.035574529101723    -0.019563048743976     0.021684910461772
    -0.035574529101723     0.021684910461772    -0.019563048743976
19 42
     0.005100415756942     0.009146978118224    -0.009146978118224
     0.009146978118224     0.005100415756942     0.009146978118224
    -0.009146978118224     0.009146978118224     0.005100415756942
19 43
     0.065669057795503     0.028412563915481    -0.034618866084202
     0.028412563915481     0.065669057795503     0.034618866084202
    -0.034618866084202     0.034618866084202     0.005073655330534
19 44
    -0.019563048743976     0.035574529101723    -0.021684910461772
     0.035574529101723    -0.116302803661483     0.035574529101723
    -0.021684910461772     0.035574529101723    -0.019563048743976
19 45
     0.065669057795503     0.034618866084202    -0.028412563915481
     0.034618866084202     0.005073655330534     0.034618866084202
    -0.028412563915481     0.034618866084202     0.065669057795503
19 46
    -0.019563048743976     0.021684910461772    -0.035574529101723
     0.021684910461772    -0.019563048743976     0.035574529101723
    -0.035574529101723     0.035574529101723    -0.116302803661483
19 47
    -2.936375630241627     1.981126959435642    -1.981126959435641
     1.981126959435641    -2.936375630241628     1.981126959435641
    -1.981126959435642     1.981126959435642    -2.936375630241628
19 48
     0.005073655330534     0.034618866084202    -0.034618866084202
     0.034618866084202     0.065669057795503     0.028412563915481
    -0.034618866084202     0.028412563915481     0.065669057795503
19 49
    -0.028598700163229    -0.012401695039443    -0.039918368565850
     0.012401695039443     0.006056474586558    -0.012401695039443
    -0.039918368565850     0.012401695039443    -0.028598700163229
19 50
    -0.028598700163229    -0.012401695039443     0.039918368565850
     0.012401695039443     0.006056474586558     0.012401695039443
     0.039918368565850    -0.012401695039443    -0.028598700163229
19 51
    -0.197889187410283    -0.061054110119585     0.203163101105019
     0.061054110119585     0.325400609136750    -0.061054110119585
     0.203163101105019     0.061054110119585    -0.197889187410283
19 52
    -0.197889187410283    -0.061054110119585    -0.203163101105019
     0.061054110119585     0.325400609136750     0.061054110119585
    -0.203163101105020    -0.061054110119585    -0.197889187410283
19 53
    -0.028598700163229     0.012401695039443     0.039918368565850
    -0.012401695039443     0.006056474586558    -0.012401695039443
     0.039918368565850     0.012401695039443    -0.028598700163229
19 54
    -0.028598700163229     0.012401695039443    -0.039918368565850
    -0.012401695039443     0.006056474586558     0.012401695039443
    -0.039918368565850    -0.012401695039443    -0.028598700163229
19 55
    -0.197889187410283     0.061054110119585    -0.203163101105019
    -0.061054110119585     0.325400609136750    -0.061054110119585
    -0.203163101105019     0.061054110119585    -0.197889187410283
19 56
    -0.197889187410283     0.061054110119585     0.203163101105019
    -0.061054110119585     0.325400609136750     0.061054110119585
     0.203163101105019    -0.061054110119585    -0.197889187410283
19 57
     0.065669057795503    -0.034618866084202     0.028412563915481
    -0.034618866084202     0.005073655330534     0.034618866084202
     0.028412563915481     0.034618866084202     0.065669057795503
19 58
    -0.019563048743976    -0.021684910461772     0.035574529101723
    -0.021684910461772    -0.019563048743976     0.035574529101723
     0.035574529101723     0.035574529101723    -0.116302803661483
19 59
    -2.936375630241627    -1.981126959435641     1.981126959435642
    -1.981126959435641    -2.936375630241627     1.981126959435642
     1.981126959435642     1.981126959435642    -2.936375630241629
19 60
     0.005073655330534    -0.034618866084202     0.034618866084202
    -0.034618866084202     0.065669057795503     0.028412563915481
     0.034618866084202     0.028412563915481     0.065669057795503
19 61
    -0.116302803661483    -0.035574529101723     0.035574529101723
    -0.035574529101723    -0.019563048743976     0.021684910461772
     0.035574529101723     0.021684910461772    -0.019563048743976
19 62
     0.005100415756942    -0.009146978118224     0.009146978118224
    -0.009146978118224     0.005100415756942     0.009146978118224
     0.009146978118224     0.009146978118224     0.005100415756942
19 63
     0.065669057795503    -0.028412563915481     0.034618866084202
    -0.028412563915481     0.065669057795503     0.034618866084202
     0.034618866084202     0.034618866084202     0.005073655330534
19 64
    -0.019563048743976    -0.035574529101723     0.021684910461772
    -0.035574529101723    -0.116302803661483     0.035574529101723
     0.021684910461772     0.035574529101723    -0.019563048743976
20 1
     0.006056474586558     0.012401695039443     0.012401695039443
    -0.012401695039443    -0.028598700163229     0.039918368565850
    -0.012401695039443     0.039918368565850    -0.028598700163229
20 2
     0.325400609136750     0.061054110119585     0.061054110119585
    -0.061054110119585    -0.197889187410283    -0.203163101105019
    -0.061054110119585    -0.203163101105019    -0.197889187410283
20 3
     0.006056474586558     0.012401695039443    -0.012401695039443
    -0.012401695039443    -0.028598700163229    -0.039918368565850
     0.012401695039443    -0.039918368565850    -0.028598700163229
20 4
     0.325400609136750     0.061054110119585    -0.061054110119585
    -0.061054110119585    -0.197889187410283     0.203163101105019
     0.061054110119585     0.203163101105019    -0.197889187410283
20 5
     0.006056474586558    -0.012401695039443     0.012401695039443
     0.012401695039443    -0.028598700163229    -0.039918368565850
    -0.012401695039443    -0.039918368565850    -0.028598700163229
20 6
     0.325400609136750    -0.061054110119585     0.061054110119585
     0.061054110119585    -0.197889187410283     0.203163101105019
    -0.061054110119585     0.203163101105019    -0.197889187410283
20 7
     0.006056474586558    -0.012401695039443    -0.012401695039443
     0.012401695039443    -0.028598700163229     0.039918368565850
     0.012401695039443     0.039918368565850    -0.028598700163229
20 8
     0.325400609136750    -0.061054110119585    -0.061054110119585
     0.061054110119585    -0.197889187410283    -0.203163101105019
     0.061054110119585    -0.203163101105019    -0.197889187410283
20 9
    -0.019563048743976    -0.021684910461772    -0.035574529101723
    -0.021684910461772    -0.019563048743976    -0.035574529101723
    -0.035574529101723    -0.035574529101723    -0.116302803661483
20 10
     0.065669057795503    -0.034618866084202    -0.028412563915481
    -0.034618866084202     0.005073655330534    -0.034618866084202
    -0.028412563915481    -0.034618866084202     0.065669057795503
20 11
     0.005073655330534    -0.034618866084202    -0.034618866084202
    -0.034618866084202     0.065669057795503    -0.028412563915481
    -0.034618866084202    -0.028412563915481     0.065669057795503
20 12
    -2.936375630241628    -1.981126959435641    -1.981126959435641
    -1.981126959435642    -2.936375630241628    -1.981126959435642
    -1.981126959435642    -1.981126959435641    -2.936375630241627
20 13
     0.005100415756942    -0.009146978118224    -0.009146978118224
    -0.009146978118224     0.005100415756942    -0.009146978118224
    -0.009146978118224    -0.009146978118224     0.005100415756942
20 14
    -0.116302803661483    -0.035574529101723    -0.035574529101723
    -0.035574529101723    -0.019563048743976    -0.021684910461772
    -0.035574529101723    -0.021684910461772    -0.019563048743976
20 15
    -0.019563048743976    -0.035574529101723    -0.021684910461772
    -0.035574529101723    -0.116302803661483    -0.035574529101723
    -0.021684910461772    -0.035574529101723    -0.019563048743976
20 16
     0.065669057795503    -0.028412563915481    -0.034618866084202
    -0.028412563915481     0.065669057795503    -0.034618866084202
    -0.034618866084202    -0.034618866084202     0.005073655330534
20 17
    -0.011262453489280     0.000000000000000    -0.000000000000000
    -0.000000000000000    -0.011262453489280     0.000000000000000
     0.000000000000000     0.000000000000000     0.217939354325836
20 18
    -0.061525177596877    -0.000000000000000    -0.000000000000000
    -0.000000000000000    -0.033382157715778     0.000000000000000
     0.000000000000000    -0.000000000000000    -0.061525177596877
20 19
    -0.033382157715778    -0.000000000000000     0.000000000000000
    -0.000000000000000    -0.061525177596877    -0.000000000000000
     0.000000000000000     0.000000000000000    -0.061525177596877
20 20
    12.253916845503454    -0.000000000000000     0.000000000000000
    -0.000000000000000    12.253916845503458    -0.000000000000000
     0.000000000000000    -0.000000000000000    12.253916845503451
20 21
    -0.005654635396013    -0.000000000000000    -0.000000000000000
     0.000000000000000    -0.005654635396013     0.000000000000000
     0.000000000000000     0.000000000000000    -0.005654635396013
20 22
     0.217939354325836     0.000000000000000    -0.000000000000000
     0.000000000000000    -0.011262453489280     0.000000000000000
     0.000000000000000    -0.000000000000000    -0.011262453489280
20 23
    -0.011262453489280     0.000000000000000     0.000000000000000
    -0.000000000000000     0.217939354325836     0.000000000000000
     0.000000000000000     0.000000000000000    -0.011262453489280
20 24
    -0.061525177596877    -0.000000000000000     0.000000000000000
    -0.000000000000000    -0.061525177596877     0.000000000000000
    -0.000000000000000     0.000000000000000    -0.033382157715778
20 25
     0.005100415756942     0.009146978118224     0.009146978118224
     0.009146978118224     0.005100415756942    -0.009146978118224
     0.009146978118224    -0.009146978118224     0.005100415756942
20 26
    -0.116302803661483     0.035574529101723     0.035574529101723
     0.035574529101723    -0.019563048743976    -0.021684910461772
     0.035574529101723    -0.021684910461772    -0.019563048743976
20 27
    -0.019563048743976     0.035574529101723     0.021684910461772
     0.035574529101723    -0.116302803661483    -0.035574529101723
     0.021684910461772    -0.035574529101723    -0.019563048743976
20 28
     0.065669057795503     0.028412563915481     0.034618866084202
     0.028412563915481     0.065669057795503    -0.034618866084202
     0.034618866084202    -0.034618866084202     0.005073655330534
20 29
    -0.019563048743976     0.021684910461772     0.035574529101723
     0.021684910461772    -0.019563048743976    -0.035574529101723
     0.035574529101723    -0.035574529101723    -0.116302803661483
20 30
     0.065669057795503     0.034618866084202     0.028412563915481
     0.034618866084202     0.005073655330534    -0.034618866084202
     0.028412563915481    -0.034618866084202     0.065669057795503
20 31
     0.005073655330534     0.034618866084202     0.034618866084202
     0.034618866084202     0.065669057795503    -0.028412563915481
     0.034618866084202    -0.028412563915481     0.065669057795503
20 32
    -2.936375630241627     1.981126959435642     1.981126959435641
     1.981126959435642    -2.936375630241629    -1.981126959435642
     1.981126959435641    -1.981126959435642    -2.936375630241627
20 33
    -0.197889187410283    -0.203163101105019    -0.061054110119585
    -0.203163101105019    -0.197889187410283    -0.061054110119585
     0.061054110119585     0.061054110119585     0.325400609136750
20 34
    -0.197889187410283     0.203163101105019    -0.061054110119585
     0.203163101105019    -0.197889187410283     0.061054110119585
     0.061054110119585    -0.061054110119585     0.325400609136750
20 35
    -0.197889187410283     0.203163101105019     0.061054110119585
     0.203163101105019    -0.197889187410283    -0.061054110119585
    -0.061054110119585     0.061054110119585     0.325400609136750
20 36
    -0.197889187410283    -0.203163101105019     0.061054110119585
    -0.203163101105020    -0.197889187410283     0.061054110119585
    -0.061054110119585    -0.061054110119585     0.325400609136750
20 37
    -0.028598700163229     0.039918368565850    -0.012401695039443
     0.039918368565850    -0.028598700163229    -0.012401695039443
     0.012401695039443     0.012401695039443     0.006056474586558
20 38
    -0.028598700163229    -0.039918368565850    -0.012401695039443
    -0.039918368565850    -0.028598700163229     0.012401695039443
     0.012401695039443    -0.012401695039443     0.006056474586558
20 39
    -0.028598700163229    -0.039918368565850     0.012401695039443
    -0.039918368565850    -0.028598700163229    -0.012401695039443
    -0.012401695039443     0.012401695039443     0.006056474586558
20 40
    -0.028598700163229     0.039918368565850     0.012401695039443
     0.039918368565850    -0.028598700163229     0.012401695039443
    -0.012401695039443    -0.012401695039443     0.006056474586558
20 41
     0.005100415756942     0.009146978118224    -0.009146978118224
     0.009146978118224     0.005100415756942     0.009146978118224
    -0.009146978118224     0.009146978118224     0.005100415756942
20 42
    -0.116302803661483     0.035574529101723    -0.035574529101723
     0.035574529101723    -0.019563048743976     0.021684910461772
    -0.035574529101723     0.021684910461772    -0.019563048743976
20 43
    -0.019563048743976     0.035574529101723    -0.021684910461772
     0.035574529101723    -0.116302803661483     0.035574529101723
    -0.021684910461772     0.035574529101723    -0.019563048743976
20 44
     0.065669057795503     0.028412563915481    -0.034618866084202
     0.028412563915481     0.065669057795503     0.034618866084202
    -0.034618866084202     0.034618866084202     0.005073655330534
20 45
    -0.019563048743976     0.021684910461772    -0.035574529101723
     0.021684910461772    -0.019563048743976     0.035574529101723
    -0.035574529101723     0.035574529101723    -0.116302803661483
20 46
     0.065669057795503     0.034618866084202    -0.028412563915481
     0.034618866084202     0.005073655330534     0.034618866084202
    -0.028412563915481     0.034618866084202     0.065669057795503
20 47
     0.005073655330534     0.034618866084202    -0.034618866084202
     0.034618866084202     0.065669057795503     0.028412563915481
    -0.034618866084202     0.028412563915481     0.065669057795503
20 48
    -2.936375630241628     1.981126959435641    -1.981126959435641
     1.981126959435642    -2.936375630241628     1.981126959435642
    -1.981126959435642     1.981126959435641    -2.936375630241626
20 49
    -0.028598700163229    -0.012401695039443     0.039918368565850
     0.012401695039443     0.006056474586558     0.012401695039443
     0.039918368565850    -0.012401695039443    -0.028598700163229
20 50
    -0.028598700163229    -0.012401695039443    -0.039918368565850
     0.012401695039443     0.006056474586558    -0.012401695039443
    -0.039918368565850     0.012401695039443    -0.028598700163229
20 51
    -0.197889187410283    -0.061054110119585    -0.203163101105019
     0.061054110119585     0.325400609136750     0.061054110119585
    -0.203163101105019    -0.061054110119585    -0.197889187410283
20 52
    -0.197889187410283    -0.061054110119585     0.203163101105019
     0.061054110119585     0.325400609136750    -0.061054110119585
     0.203163101105019     0.061054110119585    -0.197889187410283
20 53
    -0.028598700163229     0.012401695039443    -0.039918368565850
    -0.012401695039443     0.006056474586558     0.012401695039443
    -0.039918368565850    -0.012401695039443    -0.028598700163229
20 54
    -0.028598700163229     0.012401695039443     0.039918368565850
    -0.012401695039443     0.006056474586558    -0.012401695039443
     0.039918368565850     0.012401695039443    -0.028598700163229
20 55
    -0.197889187410283     0.061054110119585     0.203163101105019
    -0.061054110119585     0.325400609136750     0.061054110119585
     0.203163101105019    -0.061054110119585    -0.197889187410283
20 56
    -0.197889187410283     0.061054110119585    -0.203163101105019
    -0.061054110119585     0.325400609136750    -0.061054110119585
    -0.203163101105019     0.061054110119585    -0.197889187410283
20 57
    -0.019563048743976    -0.021684910461772     0.035574529101723
    -0.021684910461772    -0.019563048743976     0.035574529101723
     0.035574529101723     0.035574529101723    -0.116302803661483
20 58
     0.065669057795503    -0.034618866084202     0.028412563915481
    -0.034618866084202     0.005073655330534     0.034618866084202
     0.028412563915481     0.034618866084202     0.065669057795503
20 59
     0.005073655330534    -0.034618866084202     0.034618866084202
    -0.034618866084202     0.065669057795503     0.028412563915481
     0.034618866084202     0.028412563915481     0.065669057795503
20 60
    -2.936375630241627    -1.981126959435642     1.981126959435641
    -1.981126959435642    -2.936375630241629     1.981126959435642
     1.981126959435641     1.981126959435642    -2.936375630241627
20 61
     0.005100415756942    -0.009146978118224     0.009146978118224
    -0.009146978118224     0.005100415756942     0.009146978118224
     0.009146978118224     0.009146978118224     0.005100415756942
20 62
    -0.116302803661483    -0.035574529101723     0.035574529101723
    -0.035574529101723    -0.019563048743976     0.021684910461772
     0.035574529101723     0.021684910461772    -0.019563048743976
20 63
    -0.019563048743976    -0.035574529101723     0.021684910461772
    -0.035574529101723    -0.116302803661483     0.035574529101723
     0.021684910461772     0.035574529101723    -0.019563048743976
20 64
     0.065669057795503    -0.028412563915481     0.034618866084202
    -0.028412563915481     0.065669057795503     0.034618866084202
     0.034618866084202     0.034618866084202     0.005073655330534
21 1
     0.325400609136750    -0.061054110119585    -0.061054110119585
     0.061054110119585    -0.197889187410283    -0.203163101105019
     0.061054110119585    -0.203163101105020    -0.197889187410283
21 2
     0.006056474586558    -0.012401695039443    -0.012401695039443
     0.012401695039443    -0.028598700163229     0.039918368565850
     0.012401695039443     0.039918368565850    -0.028598700163229
21 3
     0.325400609136750    -0.061054110119585     0.061054110119585
     0.061054110119585    -0.197889187410283     0.203163101105019
    -0.061054110119585     0.203163101105020    -0.197889187410283
21 4
     0.006056474586558    -0.012401695039443     0.012401695039443
     0.012401695039443    -0.028598700163229    -0.039918368565850
    -0.012401695039443    -0.039918368565850    -0.028598700163229
21 5
     0.325400609136750     0.061054110119585    -0.061054110119585
    -0.061054110119585    -0.197889187410283     0.203163101105019
     0.061054110119585     0.203163101105020    -0.197889187410283
21 6
     0.006056474586558     0.012401695039443    -0.012401695039443
    -0.012401695039443    -0.028598700163229    -0.039918368565850
     0.012401695039443    -0.039918368565850    -0.028598700163229
21 7
     0.325400609136750     0.061054110119585     0.061054110119585
    -0.061054110119585    -0.197889187410283    -0.203163101105019
    -0.061054110119585    -0.203163101105020    -0.197889187410283
21 8
     0.006056474586558     0.012401695039443     0.012401695039443
    -0.012401695039443    -0.028598700163229     0.039918368565850
    -0.012401695039443     0.039918368565850    -0.028598700163229
21 9
     0.065669057795503    -0.028412563915481    -0.034618866084202
    -0.028412563915481     0.065669057795503    -0.034618866084202
    -0.034618866084202    -0.034618866084202     0.005073655330534
21 10
    -0.019563048743976    -0.035574529101723    -0.021684910461772
    -0.035574529101723    -0.116302803661483    -0.035574529101723
    -0.021684910461772    -0.035574529101723    -0.019563048743976
21 11
    -0.116302803661483    -0.035574529101723    -0.035574529101723
    -0.035574529101723    -0.019563048743976    -0.021684910461772
    -0.035574529101723    -0.021684910461772    -0.019563048743976
21 12
     0.005100415756942    -0.009146978118224    -0.009146978118224
    -0.009146978118224     0.005100415756942    -0.009146978118224
    -0.009146978118224    -0.009146978118224     0.005100415756942
21 13
    -2.936375630241627    -1.981126959435642    -1.981126959435641
    -1.981126959435641    -2.936375630241628    -1.981126959435641
    -1.981126959435642    -1.981126959435642    -2.936375630241628
21 14
     0.005073655330534    -0.034618866084202    -0.034618866084202
    -0.034618866084202     0.065669057795503    -0.028412563915481
    -0.034618866084202    -0.028412563915481     0.065669057795503
21 15
     0.065669057795503    -0.034618866084202    -0.028412563915481
    -0.034618866084202     0.005073655330534    -0.034618866084202
    -0.028412563915481    -0.034618866084202     0.065669057795503
21 16
    -0.019563048743976    -0.021684910461772    -0.035574529101723
    -0.021684910461772    -0.019563048743976    -0.035574529101723
    -0.035574529101723    -0.035574529101723    -0.116302803661483
21 17
    -0.061525177596877     0.000000000000000    -0.000000000000000
    -0.000000000000000    -0.061525177596877     0.000000000000000
     0.000000000000000     0.000000000000000    -0.033382157715778
21 18
    -0.011262453489280    -0.000000000000000    -0.000000000000000
    -0.000000000000000     0.217939354325836    -0.000000000000000
     0.000000000000000     0.000000000000000    -0.011262453489280
21 19
     0.217939354325836     0.000000000000000    -0.000000000000000
    -0.000000000000000    -0.011262453489280    -0.000000000000000
    -0.000000000000000     0.000000000000000    -0.011262453489280
21 20
    -0.005654635396013     0.000000000000000     0.000000000000000
    -0.000000000000000    -0.005654635396013     0.000000000000000
    -0.000000000000000     0.000000000000000    -0.005654635396013
21 21
    12.253916845503454     0.000000000000000     0.000000000000000
     0.000000000000000    12.253916845503451    -0.000000000000000
     0.000000000000000    -0.000000000000000    12.253916845503454
21 22
    -0.033382157715778     0.000000000000000    -0.000000000000000
    -0.000000000000000    -0.061525177596877     0.000000000000000
     0.000000000000000    -0.000000000000000    -0.061525177596877
21 23
    -0.061525177596877     0.000000000000000     0.000000000000000
    -0.000000000000000    -0.033382157715778     0.000000000000000
    -0.000000000000000     0.000000000000000    -0.061525177596877
21 24
    -0.011262453489280     0.000000000000000     0.000000000000000
    -0.000000000000000    -0.011262453489280     0.000000000000000
    -0.000000000000000     0.000000000000000     0.217939354325836
21 25
    -2.936375630241628     1.981126959435641     1.981126959435641
     1.981126959435642    -2.936375630241626    -1.981126959435641
     1.981126959435642    -1.981126959435642    -2.936375630241628
21 26
     0.005073655330534     0.034618866084202     0.034618866084202
     0.034618866084202     0.065669057795503    -0.028412563915481
     0.034618866084202    -0.028412563915481     0.065669057795503
21 27
     0.065669057795503     0.034618866084202     0.028412563915481
     0.034618866084202     0.005073655330534    -0.034618866084202
     0.028412563915481    -0.034618866084202     0.065669057795503
21 28
    -0.019563048743976     0.021684910461772     0.035574529101723
     0.021684910461772    -0.019563048743976    -0.035574529101723
     0.035574529101723    -0.035574529101723    -0.116302803661483
21 29
     0.065669057795503     0.028412563915481     0.034618866084202
     0.028412563915481     0.065669057795503    -0.034618866084202
     0.034618866084202    -0.034618866084202     0.005073655330534
21 30
    -0.019563048743976     0.035574529101723     0.021684910461772
     0.035574529101723    -0.116302803661483    -0.035574529101723
     0.021684910461772    -0.035574529101723    -0.019563048743976
21 31
    -0.116302803661483     0.035574529101723     0.035574529101723
     0.035574529101723    -0.019563048743976    -0.021684910461772
     0.035574529101723    -0.021684910461772    -0.019563048743976
21 32
     0.005100415756942     0.009146978118224     0.009146978118224
     0.009146978118224     0.005100415756942    -0.009146978118224
     0.009146978118224    -0.009146978118224     0.005100415756942
21 33
    -0.028598700163229     0.039918368565850     0.012401695039443
     0.039918368565850    -0.028598700163229     0.012401695039443
    -0.012401695039443    -0.012401695039443     0.006056474586558
21 34
    -0.028598700163229    -0.039918368565850     0.012401695039443
    -0.039918368565850    -0.028598700163229    -0.012401695039443
    -0.012401695039443     0.012401695039443     0.006056474586558
21 35
    -0.028598700163229    -0.039918368565850    -0.012401695039443
    -0.039918368565850    -0.028598700163229     0.012401695039443
     0.012401695039443    -0.012401695039443     0.006056474586558
21 36
    -0.028598700163229     0.039918368565850    -0.012401695039443
     0.039918368565850    -0.028598700163229    -0.012401695039443
     0.012401695039443     0.012401695039443     0.006056474586558
21 37
    -0.197889187410283    -0.203163101105019     0.061054110119585
    -0.203163101105019    -0.197889187410283     0.061054110119585
    -0.061054110119585    -0.061054110119585     0.325400609136750
21 38
    -0.197889187410283     0.203163101105019     0.061054110119585
     0.203163101105019    -0.197889187410283    -0.061054110119585
    -0.061054110119585     0.061054110119585     0.325400609136750
21 39
    -0.197889187410283     0.203163101105019    -0.061054110119585
     0.203163101105019    -0.197889187410283     0.061054110119585
     0.061054110119585    -0.061054110119585     0.325400609136750
21 40
    -0.197889187410283    -0.203163101105019    -0.061054110119585
    -0.203163101105019    -0.197889187410283    -0.061054110119585
     0.061054110119585     0.061054110119585     0.325400609136750
21 41
    -2.936375630241628     1.981126959435641    -1.981126959435641
     1.981126959435642    -2.936375630241627     1.981126959435641
    -1.981126959435642     1.981126959435642    -2.936375630241628
21 42
     0.005073655330534     0.034618866084202    -0.034618866084202
     0.034618866084202     0.065669057795503     0.028412563915481
    -0.034618866084202     0.028412563915481     0.065669057795503
21 43
     0.065669057795503     0.034618866084202    -0.028412563915481
     0.034618866084202     0.005073655330534     0.034618866084202
    -0.028412563915481     0.034618866084202     0.065669057795503
21 44
    -0.019563048743976     0.021684910461772    -0.035574529101723
     0.021684910461772    -0.019563048743976     0.035574529101723
    -0.035574529101723     0.035574529101723    -0.116302803661483
21 45
     0.065669057795503     0.028412563915481    -0.034618866084202
     0.028412563915481     0.065669057795503     0.034618866084202
    -0.034618866084202     0.034618866084202     0.005073655330534
21 46
    -0.019563048743976     0.035574529101723    -0.021684910461772
     0.035574529101723    -0.116302803661483     0.035574529101723
    -0.021684910461772     0.035574529101723    -0.019563048743976
21 47
    -0.116302803661483     0.035574529101723    -0.035574529101723
     0.035574529101723    -0.019563048743976     0.021684910461772
    -0.035574529101723     0.021684910461772    -0.019563048743976
21 48
     0.005100415756942     0.009146978118224    -0.009146978118224
     0.009146978118224     0.005100415756942     0.009146978118224
    -0.009146978118224     0.009146978118224     0.005100415756942
21 49
    -0.197889187410283     0.061054110119585    -0.203163101105019
    -0.061054110119585     0.325400609136750    -0.061054110119585
    -0.203163101105019     0.061054110119585    -0.197889187410283
21 50
    -0.197889187410283     0.061054110119585     0.203163101105019
    -0.061054110119585     0.325400609136750     0.061054110119585
     0.203163101105019    -0.061054110119585    -0.197889187410283
21 51
    -0.028598700163229     0.012401695039443     0.039918368565850
    -0.012401695039443     0.006056474586558    -0.012401695039443
     0.039918368565850     0.012401695039443    -0.028598700163229
21 52
    -0.028598700163229     0.012401695039443    -0.039918368565850
    -0.012401695039443     0.006056474586558     0.012401695039443
    -0.039918368565850    -0.012401695039443    -0.028598700163229
21 53
    -0.197889187410283    -0.061054110119585     0.203163101105019
     0.061054110119585     0.325400609136750    -0.061054110119585
     0.203163101105019     0.061054110119585    -0.197889187410283
21 54
    -0.197889187410283    -0.061054110119585    -0.203163101105019
     0.061054110119585     0.325400609136750     0.061054110119585
    -0.203163101105020    -0.061054110119585    -0.197889187410283
21 55
    -0.028598700163229    -0.012401695039443    -0.039918368565850
     0.012401695039443     0.006056474586558    -0.012401695039443
    -0.039918368565850     0.012401695039443    -0.028598700163229
21 56
    -0.028598700163229    -0.012401695039443     0.039918368565850
     0.012401695039443     0.006056474586558     0.012401695039443
     0.039918368565850    -0.012401695039443    -0.028598700163229
21 57
     0.065669057795503    -0.028412563915481     0.034618866084202
    -0.028412563915481     0.065669057795503     0.034618866084202
     0.034618866084202     0.034618866084202     0.005073655330534
21 58
    -0.019563048743976    -0.035574529101723     0.021684910461772
    -0.035574529101723    -0.116302803661483     0.035574529101723
     0.021684910461772     0.035574529101723    -0.019563048743976
21 59
    -0.116302803661483    -0.035574529101723     0.035574529101723
    -0.035574529101723    -0.019563048743976     0.021684910461772
     0.035574529101723     0.021684910461772    -0.019563048743976
21 60
     0.005100415756942    -0.009146978118224     0.009146978118224
    -0.009146978118224     0.005100415756942     0.009146978118224
     0.009146978118224     0.009146978118224     0.005100415756942
21 61
    -2.936375630241627    -1.981126959435641     1.981126959435642
    -1.981126959435641    -2.936375630241627     1.981126959435642
     1.981126959435642     1.981126959435642    -2.936375630241629
21 62
     0.005073655330534    -0.034618866084202     0.034618866084202
    -0.034618866084202     0.065669057795503     0.028412563915481
     0.034618866084202     0.028412563915481     0.065669057795503
21 63
     0.065669057795503    -0.034618866084202     0.028412563915481
    -0.034618866084202     0.005073655330534     0.034618866084202
     0.028412563915481     0.034618866084202     0.065669057795503
21 64
    -0.019563048743976    -0.021684910461772     0.035574529101723
    -0.021684910461772    -0.019563048743976     0.035574529101723
     0.035574529101723     0.035574529101723    -0.116302803661483
22 1
     0.006056474586558    -0.012401695039443    -0.012401695039443
     0.012401695039443    -0.028598700163229     0.039918368565850
     0.012401695039443     0.039918368565850    -0.028598700163229
22 2
     0.325400609136750    -0.061054110119585    -0.061054110119585
     0.061054110119585    -0.197889187410283    -0.203163101105019
     0.061054110119585    -0.203163101105019    -0.197889187410283
22 3
     0.006056474586558    -0.012401695039443     0.012401695039443
     0.012401695039443    -0.028598700163229    -0.039918368565850
    -0.012401695039443    -0.039918368565850    -0.028598700163229
22 4
     0.325400609136750    -0.061054110119585     0.061054110119585
     0.061054110119585    -0.197889187410283     0.203163101105019
    -0.061054110119585     0.203163101105019    -0.197889187410283
22 5
     0.006056474586558     0.012401695039443    -0.012401695039443
    -0.012401695039443    -0.028598700163229    -0.039918368565850
     0.012401695039443    -0.039918368565850    -0.028598700163229
22 6
     0.325400609136750     0.061054110119585    -0.061054110119585
    -0.061054110119585    -0.197889187410283     0.203163101105019
     0.061054110119585     0.203163101105019    -0.197889187410283
22 7
     0.006056474586558     0.012401695039443     0.012401695039443
    -0.012401695039443    -0.028598700163229     0.039918368565850
    -0.012401695039443     0.039918368565850    -0.028598700163229
22 8
     0.325400609136750     0.061054110119585     0.061054110119585
    -0.061054110119585    -0.197889187410283    -0.203163101105019
    -0.061054110119585    -0.203163101105019    -0.197889187410283
22 9
    -0.019563048743976    -0.035574529101723    -0.021684910461772
    -0.035574529101723    -0.116302803661483    -0.035574529101723
    -0.021684910461772    -0.035574529101723    -0.019563048743976
22 10
     0.065669057795503    -0.028412563915481    -0.034618866084202
    -0.028412563915481     0.065669057795503    -0.034618866084202
    -0.034618866084202    -0.034618866084202     0.005073655330534
22 11
     0.005100415756942    -0.009146978118224    -0.009146978118224
    -0.009146978118224     0.005100415756942    -0.009146978118224
    -0.009146978118224    -0.009146978118224     0.005100415756942
22 12
    -0.116302803661483    -0.035574529101723    -0.035574529101723
    -0.035574529101723    -0.019563048743976    -0.021684910461772
    -0.035574529101723    -0.021684910461772    -0.019563048743976
22 13
     0.005073655330534    -0.034618866084202    -0.034618866084202
    -0.034618866084202     0.065669057795503    -0.028412563915481
    -0.034618866084202    -0.028412563915481     0.065669057795503
22 14
    -2.936375630241629    -1.981126959435642    -1.981126959435642
    -1.981126959435642    -2.936375630241627    -1.981126959435641
    -1.981126959435642    -1.981126959435641    -2.936375630241627
22 15
    -0.019563048743976    -0.021684910461772    -0.035574529101723
    -0.021684910461772    -0.019563048743976    -0.035574529101723
    -0.035574529101723    -0.035574529101723    -0.116302803661483
22 16
     0.065669057795503    -0.034618866084202    -0.028412563915481
    -0.034618866084202     0.005073655330534    -0.034618866084202
    -0.028412563915481    -0.034618866084202     0.065669057795503
22 17
    -0.011262453489280     0.000000000000000    -0.000000000000000
     0.000000000000000     0.217939354325836    -0.000000000000000
    -0.000000000000000    -0.000000000000000    -0.011262453489280
22 18
    -0.061525177596877    -0.000000000000000    -0.000000000000000
     0.000000000000000    -0.061525177596877    -0.000000000000000
     0.000000000000000    -0.000000000000000    -0.033382157715778
22 19
    -0.005654635396013    -0.000000000000000     0.000000000000000
     0.000000000000000    -0.005654635396013    -0.000000000000000
    -0.000000000000000    -0.000000000000000    -0.005654635396013
22 20
     0.217939354325836     0.000000000000000     0.000000000000000
     0.000000000000000    -0.011262453489280    -0.000000000000000
    -0.000000000000000     0.000000000000000    -0.011262453489280
22 21
    -0.033382157715778    -0.000000000000000     0.000000000000000
     0.000000000000000    -0.061525177596877    -0.000000000000000
    -0.000000000000000     0.000000000000000    -0.061525177596877
22 22
    12.253916845503458    -0.000000000000000     0.000000000000000
    -0.000000000000000    12.253916845503451    -0.000000000000000
     0.000000000000000    -0.000000000000000    12.253916845503451
22 23
    -0.011262453489280     0.000000000000000     0.000000000000000
     0.000000000000000    -0.011262453489280    -0.000000000000000
    -0.000000000000000     0.000000000000000     0.217939354325836
22 24
    -0.061525177596877    -0.000000000000000     0.000000000000000
     0.000000000000000    -0.033382157715778    -0.000000000000000
    -0.000000000000000     0.000000000000000    -0.061525177596877
22 25
     0.005073655330534     0.034618866084202     0.034618866084202
     0.034618866084202     0.065669057795503    -0.028412563915481
     0.034618866084202    -0.028412563915481     0.065669057795503
22 26
    -2.936375630241629     1.981126959435642     1.981126959435642
     1.981126959435642    -2.936375630241627    -1.981126959435641
     1.981126959435642    -1.981126959435641    -2.936375630241627
22 27
    -0.019563048743976     0.021684910461772     0.035574529101723
     0.021684910461772    -0.019563048743976    -0.035574529101723
     0.035574529101723    -0.035574529101723    -0.116302803661483
22 28
     0.065669057795503     0.034618866084202     0.028412563915481
     0.034618866084202     0.005073655330534    -0.034618866084202
     0.028412563915481    -0.034618866084202     0.065669057795503
22 29
    -0.019563048743976     0.035574529101723     0.021684910461772
     0.035574529101723    -0.116302803661483    -0.035574529101723
     0.021684910461772    -0.035574529101723    -0.019563048743976
22 30
     0.065669057795503     0.028412563915481     0.034618866084202
     0.028412563915481     0.065669057795503    -0.034618866084202
     0.034618866084202    -0.034618866084202     0.005073655330534
22 31
     0.005100415756942     0.009146978118224     0.009146978118224
     0.009146978118224     0.005100415756942    -0.009146978118224
     0.009146978118224    -0.009146978118224     0.005100415756942
22 32
    -0.116302803661483     0.035574529101723     0.035574529101723
     0.035574529101723    -0.019563048743976    -0.021684910461772
     0.035574529101723    -0.021684910461772    -0.019563048743976
22 33
    -0.028598700163229    -0.039918368565850     0.012401695039443
    -0.039918368565850    -0.028598700163229    -0.012401695039443
    -0.012401695039443     0.012401695039443     0.006056474586558
22 34
    -0.028598700163229     0.039918368565850     0.012401695039443
     0.039918368565850    -0.028598700163229     0.012401695039443
    -0.012401695039443    -0.012401695039443     0.006056474586558
22 35
    -0.028598700163229     0.039918368565850    -0.012401695039443
     0.039918368565850    -0.028598700163229    -0.012401695039443
     0.012401695039443     0.012401695039443     0.006056474586558
22 36
    -0.028598700163229    -0.039918368565850    -0.012401695039443
    -0.039918368565850    -0.028598700163229     0.012401695039443
     0.012401695039443    -0.012401695039443     0.006056474586558
22 37
    -0.197889187410283     0.203163101105020     0.061054110119585
     0.203163101105019    -0.197889187410283    -0.061054110119585
    -0.061054110119585     0.061054110119585     0.325400609136750
22 38
    -0.197889187410283    -0.203163101105019     0.061054110119585
    -0.203163101105019    -0.197889187410283     0.061054110119585
    -0.061054110119585    -0.061054110119585     0.325400609136750
22 39
    -0.197889187410283    -0.203163101105020    -0.061054110119585
    -0.203163101105019    -0.197889187410283    -0.061054110119585
     0.061054110119585     0.061054110119585     0.325400609136750
22 40
    -0.197889187410283     0.203163101105019    -0.061054110119585
     0.203163101105019    -0.197889187410283     0.061054110119585
     0.061054110119585    -0.061054110119585     0.325400609136750
22 41
     0.005073655330534     0.034618866084202    -0.034618866084202
     0.034618866084202     0.065669057795503     0.028412563915481
    -0.034618866084202     0.028412563915481     0.065669057795503
22 42
    -2.936375630241628     1.981126959435642    -1.981126959435642
     1.981126959435641    -2.936375630241626     1.981126959435642
    -1.981126959435641     1.981126959435641    -2.936375630241628
22 43
    -0.019563048743976     0.021684910461772    -0.035574529101723
     0.021684910461772    -0.019563048743976     0.035574529101723
    -0.035574529101723     0.035574529101723    -0.116302803661483
22 44
     0.065669057795503     0.034618866084202    -0.028412563915481
     0.034618866084202     0.005073655330534     0.034618866084202
    -0.028412563915481     0.034618866084202     0.065669057795503
22 45
    -0.019563048743976     0.035574529101723    -0.021684910461772
     0.035574529101723    -0.116302803661483     0.035574529101723
    -0.021684910461772     0.035574529101723    -0.019563048743976
22 46
     0.065669057795503     0.028412563915481    -0.034618866084202
     0.028412563915481     0.065669057795503     0.034618866084202
    -0.034618866084202     0.034618866084202     0.005073655330534
22 47
     0.005100415756942     0.009146978118224    -0.009146978118224
     0.009146978118224     0.005100415756942     0.009146978118224
    -0.009146978118224     0.009146978118224     0.005100415756942
22 48
    -0.116302803661483     0.035574529101723    -0.035574529101723
     0.035574529101723    -0.019563048743976     0.021684910461772
    -0.035574529101723     0.021684910461772    -0.019563048743976
22 49
    -0.197889187410283     0.061054110119585     0.203163101105019
    -0.061054110119585     0.325400609136750     0.061054110119585
     0.203163101105019    -0.061054110119585    -0.197889187410283
22 50
    -0.197889187410283     0.061054110119585    -0.203163101105020
    -0.061054110119585     0.325400609136750    -0.061054110119585
    -0.203163101105019     0.061054110119585    -0.197889187410283
22 51
    -0.028598700163229     0.012401695039443    -0.039918368565850
    -0.012401695039443     0.006056474586558     0.012401695039443
    -0.039918368565850    -0.012401695039443    -0.028598700163229
22 52
    -0.028598700163229     0.012401695039443     0.039918368565850
    -0.012401695039443     0.006056474586558    -0.012401695039443
     0.039918368565850     0.012401695039443    -0.028598700163229
22 53
    -0.197889187410283    -0.061054110119585    -0.203163101105020
     0.061054110119585     0.325400609136750     0.061054110119585
    -0.203163101105019    -0.061054110119585    -0.197889187410283
22 54
    -0.197889187410283    -0.061054110119585     0.203163101105019
     0.061054110119585     0.325400609136750    -0.061054110119585
     0.203163101105019     0.061054110119585    -0.197889187410283
22 55
    -0.028598700163229    -0.012401695039443     0.039918368565850
     0.012401695039443     0.006056474586558     0.012401695039443
     0.039918368565850    -0.012401695039443    -0.028598700163229
22 56
    -0.028598700163229    -0.012401695039443    -0.039918368565850
     0.012401695039443     0.006056474586558    -0.012401695039443
    -0.039918368565850     0.012401695039443    -0.028598700163229
22 57
    -0.019563048743976    -0.035574529101723     0.021684910461772
    -0.035574529101723    -0.116302803661483     0.035574529101723
     0.021684910461772     0.035574529101723    -0.019563048743976
22 58
     0.065669057795503    -0.028412563915481     0.034618866084202
    -0.028412563915481     0.065669057795503     0.034618866084202
     0.034618866084202     0.034618866084202     0.005073655330534
22 59
     0.005100415756942    -0.009146978118224     0.009146978118224
    -0.009146978118224     0.005100415756942     0.009146978118224
     0.009146978118224     0.009146978118224     0.005100415756942
22 60
    -0.116302803661483    -0.035574529101723     0.035574529101723
    -0.035574529101723    -0.019563048743976     0.021684910461772
     0.035574529101723     0.021684910461772    -0.019563048743976
22 61
     0.005073655330534    -0.034618866084202     0.034618866084202
    -0.034618866084202     0.065669057795503     0.028412563915481
     0.034618866084202     0.028412563915481     0.065669057795503
22 62
    -2.936375630241629    -1.981126959435642     1.981126959435642
    -1.981126959435642    -2.936375630241627     1.981126959435641
     1.981126959435642     1.981126959435641    -2.936375630241627
22 63
    -0.019563048743976    -0.021684910461772     0.035574529101723
    -0.021684910461772    -0.019563048743976     0.035574529101723
     0.035574529101723     0.035574529101723    -0.116302803661483
22 64
     0.065669057795503    -0.034618866084202     0.028412563915481
    -0.034618866084202     0.005073655330534     0.034618866084202
     0.028412563915481     0.034618866084202     0.065669057795503
23 1
     0.325400609136750    -0.061054110119585     0.061054110119585
     0.061054110119585    -0.197889187410283     0.203163101105019
    -0.061054110119585     0.203163101105019    -0.197889187410283
23 2
     0.006056474586558    -0.012401695039443     0.012401695039443
     0.012401695039443    -0.028598700163229    -0.039918368565850
    -0.012401695039443    -0.039918368565850    -0.028598700163229
23 3
     0.325400609136750    -0.061054110119585    -0.061054110119585
     0.061054110119585    -0.197889187410283    -0.203163101105019
     0.061054110119585    -0.203163101105019    -0.197889187410283
23 4
     0.006056474586558    -0.012401695039443    -0.012401695039443
     0.012401695039443    -0.028598700163229     0.039918368565850
     0.012401695039443     0.039918368565850    -0.028598700163229
23 5
     0.325400609136750     0.061054110119585     0.061054110119585
    -0.061054110119585    -0.197889187410283    -0.203163101105019
    -0.061054110119585    -0.203163101105019    -0.197889187410283
23 6
     0.006056474586558     0.012401695039443     0.012401695039443
    -0.012401695039443    -0.028598700163229     0.039918368565850
    -0.012401695039443     0.039918368565850    -0.028598700163229
23 7
     0.325400609136750     0.061054110119585    -0.061054110119585
    -0.061054110119585    -0.197889187410283     0.203163101105019
     0.061054110119585     0.203163101105019    -0.197889187410283
23 8
     0.006056474586558     0.012401695039443    -0.012401695039443
    -0.012401695039443    -0.028598700163229    -0.039918368565850
     0.012401695039443    -0.039918368565850    -0.028598700163229
23 9
    -0.116302803661483    -0.035574529101723    -0.035574529101723
    -0.035574529101723    -0.019563048743976    -0.021684910461772
    -0.035574529101723    -0.021684910461772    -0.019563048743976
23 10
     0.005100415756942    -0.009146978118224    -0.009146978118224
    -0.009146978118224     0.005100415756942    -0.009146978118224
    -0.009146978118224    -0.009146978118224     0.005100415756942
23 11
     0.065669057795503    -0.028412563915481    -0.034618866084202
    -0.028412563915481     0.065669057795503    -0.034618866084202
    -0.034618866084202    -0.034618866084202     0.005073655330534
23 12
    -0.019563048743976    -0.035574529101723    -0.021684910461772
    -0.035574529101723    -0.116302803661483    -0.035574529101723
    -0.021684910461772    -0.035574529101723    -0.019563048743976
23 13
     0.065669057795503    -0.034618866084202    -0.028412563915481
    -0.034618866084202     0.005073655330534    -0.034618866084202
    -0.028412563915481    -0.034618866084202     0.065669057795503
23 14
    -0.019563048743976    -0.021684910461772    -0.035574529101723
    -0.021684910461772    -0.019563048743976    -0.035574529101723
    -0.035574529101723    -0.035574529101723    -0.116302803661483
23 15
    -2.936375630241628    -1.981126959435641    -1.981126959435641
    -1.981126959435642    -2.936375630241628    -1.981126959435642
    -1.981126959435642    -1.981126959435641    -2.936375630241626
23 16
     0.005073655330534    -0.034618866084202    -0.034618866084202
    -0.034618866084202     0.065669057795503    -0.028412563915481
    -0.034618866084202    -0.028412563915481     0.065669057795503
23 17
     0.217939354325836     0.000000000000000    -0.000000000000000
    -0.000000000000000    -0.011262453489280     0.000000000000000
     0.000000000000000     0.000000000000000    -0.011262453489280
23 18
    -0.005654635396013    -0.000000000000000    -0.000000000000000
     0.000000000000000    -0.005654635396013     0.000000000000000
     0.000000000000000    -0.000000000000000    -0.005654635396013
23 19
    -0.061525177596877    -0.000000000000000    -0.000000000000000
    -0.000000000000000    -0.061525177596877    -0.000000000000000
     0.000000000000000     0.000000000000000    -0.033382157715778
23 20
    -0.011262453489280    -0.000000000000000     0.000000000000000
     0.000000000000000     0.217939354325836     0.000000000000000
     0.000000000000000     0.000000000000000    -0.011262453489280
23 21
    -0.061525177596877    -0.000000000000000    -0.000000000000000
     0.000000000000000    -0.033382157715778     0.000000000000000
     0.000000000000000     0.000000000000000    -0.061525177596877
23 22
    -0.011262453489280     0.000000000000000    -0.000000000000000
     0.000000000000000    -0.011262453489280     0.000000000000000
     0.000000000000000    -0.000000000000000     0.217939354325836
23 23
    12.253916845503454    -0.000000000000000     0.000000000000000
    -0.000000000000000    12.253916845503458    -0.000000000000000
     0.000000000000000    -0.000000000000000    12.253916845503451
23 24
    -0.033382157715778    -0.000000000000000     0.000000000000000
     0.000000000000000    -0.061525177596877     0.000000000000000
    -0.000000000000000     0.000000000000000    -0.061525177596877
23 25
     0.065669057795503     0.034618866084202     0.028412563915481
     0.034618866084202     0.005073655330534    -0.034618866084202
     0.028412563915481    -0.034618866084202     0.065669057795503
23 26
    -0.019563048743976     0.021684910461772     0.035574529101723
     0.021684910461772    -0.019563048743976    -0.035574529101723
     0.035574529101723    -0.035574529101723    -0.116302803661483
23 27
    -2.936375630241627     1.981126959435642     1.981126959435641
     1.981126959435642    -2.936375630241629    -1.981126959435642
     1.981126959435641    -1.981126959435642    -2.936375630241627
23 28
     0.005073655330534     0.034618866084202     0.034618866084202
     0.034618866084202     0.065669057795503    -0.028412563915481
     0.034618866084202    -0.028412563915481     0.065669057795503
23 29
    -0.116302803661483     0.035574529101723     0.035574529101723
     0.035574529101723    -0.019563048743976    -0.021684910461772
     0.035574529101723    -0.021684910461772    -0.019563048743976
23 30
     0.005100415756942     0.009146978118224     0.009146978118224
     0.009146978118224     0.005100415756942    -0.009146978118224
     0.009146978118224    -0.009146978118224     0.005100415756942
23 31
     0.065669057795503     0.028412563915481     0.034618866084202
     0.028412563915481     0.065669057795503    -0.034618866084202
     0.034618866084202    -0.034618866084202     0.005073655330534
23 32
    -0.019563048743976     0.035574529101723     0.021684910461772
     0.035574529101723    -0.116302803661483    -0.035574529101723
     0.021684910461772    -0.035574529101723    -0.019563048743976
23 33
    -0.028598700163229    -0.039918368565850    -0.012401695039443
    -0.039918368565850    -0.028598700163229     0.012401695039443
     0.012401695039443    -0.012401695039443     0.006056474586558
23 34
    -0.028598700163229     0.039918368565850    -0.012401695039443
     0.039918368565850    -0.028598700163229    -0.012401695039443
     0.012401695039443     0.012401695039443     0.006056474586558
23 35
    -0.028598700163229     0.039918368565850     0.012401695039443
     0.039918368565850    -0.028598700163229     0.012401695039443
    -0.012401695039443    -0.012401695039443     0.006056474586558
23 36
    -0.028598700163229    -0.039918368565850     0.012401695039443
    -0.039918368565850    -0.028598700163229    -0.012401695039443
    -0.012401695039443     0.012401695039443     0.006056474586558
23 37
    -0.197889187410283     0.203163101105019    -0.061054110119585
     0.203163101105019    -0.197889187410283     0.061054110119585
     0.061054110119585    -0.061054110119585     0.325400609136750
23 38
    -0.197889187410283    -0.203163101105019    -0.061054110119585
    -0.203163101105020    -0.197889187410283    -0.061054110119585
     0.061054110119585     0.061054110119585     0.325400609136750
23 39
    -0.197889187410283    -0.203163101105019     0.061054110119585
    -0.203163101105019    -0.197889187410283     0.061054110119585
    -0.061054110119585    -0.061054110119585     0.325400609136750
23 40
    -0.197889187410283     0.203163101105019     0.061054110119585
     0.203163101105020    -0.197889187410283    -0.061054110119585
    -0.061054110119585     0.061054110119585     0.325400609136750
23 41
     0.065669057795503     0.034618866084202    -0.028412563915481
     0.034618866084202     0.005073655330534     0.034618866084202
    -0.028412563915481     0.034618866084202     0.065669057795503
23 42
    -0.019563048743976     0.021684910461772    -0.035574529101723
     0.021684910461772    -0.019563048743976     0.035574529101723
    -0.035574529101723     0.035574529101723    -0.116302803661483
23 43
    -2.936375630241628     1.981126959435641    -1.981126959435641
     1.981126959435642    -2.936375630241628     1.981126959435642
    -1.981126959435642     1.981126959435641    -2.936375630241626
23 44
     0.005073655330534     0.034618866084202    -0.034618866084202
     0.034618866084202     0.065669057795503     0.028412563915481
    -0.034618866084202     0.028412563915481     0.065669057795503
23 45
    -0.116302803661483     0.035574529101723    -0.035574529101723
     0.035574529101723    -0.019563048743976     0.021684910461772
    -0.035574529101723     0.021684910461772    -0.019563048743976
23 46
     0.005100415756942     0.009146978118224    -0.009146978118224
     0.009146978118224     0.005100415756942     0.009146978118224
    -0.009146978118224     0.009146978118224     0.005100415756942
23 47
     0.065669057795503     0.028412563915481    -0.034618866084202
     0.028412563915481     0.065669057795503     0.034618866084202
    -0.034618866084202     0.034618866084202     0.005073655330534
23 48
    -0.019563048743976     0.035574529101723    -0.021684910461772
     0.035574529101723    -0.116302803661483     0.035574529101723
    -0.021684910461772     0.035574529101723    -0.019563048743976
23 49
    -0.028598700163229     0.012401695039443     0.039918368565850
    -0.012401695039443     0.006056474586558    -0.012401695039443
     0.039918368565850     0.012401695039443    -0.028598700163229
23 50
    -0.028598700163229     0.012401695039443    -0.039918368565850
    -0.012401695039443     0.006056474586558     0.012401695039443
    -0.039918368565850    -0.012401695039443    -0.028598700163229
23 51
    -0.197889187410283     0.061054110119585    -0.203163101105019
    -0.061054110119585     0.325400609136750    -0.061054110119585
    -0.203163101105019     0.061054110119585    -0.197889187410283
23 52
    -0.197889187410283     0.061054110119585     0.203163101105019
    -0.061054110119585     0.325400609136750     0.061054110119585
     0.203163101105019    -0.061054110119585    -0.197889187410283
23 53
    -0.028598700163229    -0.012401695039443    -0.039918368565850
     0.012401695039443     0.006056474586558    -0.012401695039443
    -0.039918368565850     0.012401695039443    -0.028598700163229
23 54
    -0.028598700163229    -0.012401695039443     0.039918368565850
     0.012401695039443     0.006056474586558     0.012401695039443
     0.039918368565850    -0.012401695039443    -0.028598700163229
23 55
    -0.197889187410283    -0.061054110119585     0.203163101105019
     0.061054110119585     0.325400609136750    -0.061054110119585
     0.203163101105019     0.061054110119585    -0.197889187410283
23 56
    -0.197889187410283    -0.061054110119585    -0.203163101105019
     0.061054110119585     0.325400609136750     0.061054110119585
    -0.203163101105019    -0.061054110119585    -0.197889187410283
23 57
    -0.116302803661483    -0.035574529101723     0.035574529101723
    -0.035574529101723    -0.019563048743976     0.021684910461772
     0.035574529101723     0.021684910461772    -0.019563048743976
23 58
     0.005100415756942    -0.009146978118224     0.009146978118224
    -0.009146978118224     0.005100415756942     0.009146978118224
     0.009146978118224     0.009146978118224     0.005100415756942
23 59
     0.065669057795503    -0.028412563915481     0.034618866084202
    -0.028412563915481     0.065669057795503     0.034618866084202
     0.034618866084202     0.034618866084202     0.005073655330534
23 60
    -0.019563048743976    -0.035574529101723     0.021684910461772
    -0.035574529101723    -0.116302803661483     0.035574529101723
     0.021684910461772     0.035574529101723    -0.019563048743976
23 61
     0.065669057795503    -0.034618866084202     0.028412563915481
    -0.034618866084202     0.005073655330534     0.034618866084202
     0.028412563915481     0.034618866084202     0.065669057795503
23 62
    -0.019563048743976    -0.021684910461772     0.035574529101723
    -0.021684910461772    -0.019563048743976     0.035574529101723
     0.035574529101723     0.035574529101723    -0.116302803661483
23 63
    -2.936375630241627    -1.981126959435642     1.981126959435641
    -1.981126959435642    -2.936375630241629     1.981126959435642
     1.981126959435641     1.981126959435642    -2.936375630241627
23 64
     0.005073655330534    -0.034618866084202     0.034618866084202
    -0.034618866084202     0.065669057795503     0.028412563915481
     0.034618866084202     0.028412563915481     0.065669057795503
24 1
     0.006056474586558    -0.012401695039443     0.012401695039443
     0.012401695039443    -0.028598700163229    -0.039918368565850
    -0.012401695039443    -0.039918368565850    -0.028598700163229
24 2
     0.325400609136750    -0.061054110119585     0.061054110119585
     0.061054110119585    -0.197889187410283     0.203163101105019
    -0.061054110119585     0.203163101105019    -0.197889187410283
24 3
     0.006056474586558    -0.012401695039443    -0.012401695039443
     0.012401695039443    -0.028598700163229     0.039918368565850
     0.012401695039443     0.039918368565850    -0.028598700163229
24 4
     0.325400609136750    -0.061054110119585    -0.061054110119585
     0.061054110119585    -0.197889187410283    -0.203163101105019
     0.061054110119585    -0.203163101105019    -0.197889187410283
24 5
     0.006056474586558     0.012401695039443     0.012401695039443
    -0.012401695039443    -0.028598700163229     0.039918368565850
    -0.012401695039443     0.039918368565850    -0.028598700163229
24 6
     0.325400609136750     0.061054110119585     0.061054110119585
    -0.061054110119585    -0.197889187410283    -0.203163101105019
    -0.061054110119585    -0.203163101105020    -0.197889187410283
24 7
     0.006056474586558     0.012401695039443    -0.012401695039443
    -0.012401695039443    -0.028598700163229    -0.039918368565850
     0.012401695039443    -0.039918368565850    -0.028598700163229
24 8
     0.325400609136750     0.061054110119585    -0.061054110119585
    -0.061054110119585    -0.197889187410283     0.203163101105019
     0.061054110119585     0.203163101105019    -0.197889187410283
24 9
     0.005100415756942    -0.009146978118224    -0.009146978118224
    -0.009146978118224     0.005100415756942    -0.009146978118224
    -0.009146978118224    -0.009146978118224     0.005100415756942
24 10
    -0.116302803661483    -0.035574529101723    -0.035574529101723
    -0.035574529101723    -0.019563048743976    -0.021684910461772
    -0.035574529101723    -0.021684910461772    -0.019563048743976
24 11
    -0.019563048743976    -0.035574529101723    -0.021684910461772
    -0.035574529101723    -0.116302803661483    -0.035574529101723
    -0.021684910461772    -0.035574529101723    -0.019563048743976
24 12
     0.065669057795503    -0.028412563915481    -0.034618866084202
    -0.028412563915481     0.065669057795503    -0.034618866084202
    -0.034618866084202    -0.034618866084202     0.005073655330534
24 13
    -0.019563048743976    -0.021684910461772    -0.035574529101723
    -0.021684910461772    -0.019563048743976    -0.035574529101723
    -0.035574529101723    -0.035574529101723    -0.116302803661483
24 14
     0.065669057795503    -0.034618866084202    -0.028412563915481
    -0.034618866084202     0.005073655330534    -0.034618866084202
    -0.028412563915481    -0.034618866084202     0.065669057795503
24 15
     0.005073655330534    -0.034618866084202    -0.034618866084202
    -0.034618866084202     0.065669057795503    -0.028412563915481
    -0.034618866084202    -0.028412563915481     0.065669057795503
24 16
    -2.936375630241628    -1.981126959435641    -1.981126959435641
    -1.981126959435642    -2.936375630241626    -1.981126959435641
    -1.981126959435642    -1.981126959435642    -2.936375630241628
24 17
    -0.005654635396013     0.000000000000000    -0.000000000000000
    -0.000000000000000    -0.005654635396013     0.000000000000000
     0.000000000000000     0.000000000000000    -0.005654635396013
24 18
     0.217939354325836    -0.000000000000000    -0.000000000000000
    -0.000000000000000    -0.011262453489280     0.000000000000000
     0.000000000000000     0.000000000000000    -0.011262453489280
24 19
    -0.011262453489280    -0.000000000000000    -0.000000000000000
    -0.000000000000000     0.217939354325836    -0.000000000000000
     0.000000000000000     0.000000000000000    -0.011262453489280
24 20
    -0.061525177596877    -0.000000000000000    -0.000000000000000
    -0.000000000000000    -0.061525177596877     0.000000000000000
     0.000000000000000     0.000000000000000    -0.033382157715778
24 21
    -0.011262453489280    -0.000000000000000    -0.000000000000000
     0.000000000000000    -0.011262453489280     0.000000000000000
     0.000000000000000     0.000000000000000     0.217939354325836
24 22
    -0.061525177596877     0.000000000000000    -0.000000000000000
    -0.000000000000000    -0.033382157715778     0.000000000000000
     0.000000000000000    -0.000000000000000    -0.061525177596877
24 23
    -0.033382157715778     0.000000000000000    -0.000000000000000
    -0.000000000000000    -0.061525177596877     0.000000000000000
     0.000000000000000     0.000000000000000    -0.061525177596877
24 24
    12.253916845503454     0.000000000000000    -0.000000000000000
     0.000000000000000    12.253916845503449    -0.000000000000000
    -0.000000000000000    -0.000000000000000    12.253916845503454
24 25
    -0.019563048743976     0.021684910461772     0.035574529101723
     0.021684910461772    -0.019563048743976    -0.035574529101723
     0.035574529101723    -0.035574529101723    -0.116302803661483
24 26
     0.065669057795503     0.034618866084202     0.028412563915481
     0.034618866084202     0.005073655330534    -0.034618866084202
     0.028412563915481    -0.034618866084202     0.065669057795503
24 27
     0.005073655330534     0.034618866084202     0.034618866084202
     0.034618866084202     0.065669057795503    -0.028412563915481
     0.034618866084202    -0.028412563915481     0.065669057795503
24 28
    -2.936375630241627     1.981126959435641     1.981126959435642
     1.981126959435641    -2.936375630241626    -1.981126959435642
     1.981126959435642    -1.981126959435642    -2.936375630241629
24 29
     0.005100415756942     0.009146978118224     0.009146978118224
     0.009146978118224     0.005100415756942    -0.009146978118224
     0.009146978118224    -0.009146978118224     0.005100415756942
24 30
    -0.116302803661483     0.035574529101723     0.035574529101723
     0.035574529101723    -0.019563048743976    -0.021684910461772
     0.035574529101723    -0.021684910461772    -0.019563048743976
24 31
    -0.019563048743976     0.035574529101723     0.021684910461772
     0.035574529101723    -0.116302803661483    -0.035574529101723
     0.021684910461772    -0.035574529101723    -0.019563048743976
24 32
     0.065669057795503     0.028412563915481     0.034618866084202
     0.028412563915481     0.065669057795503    -0.034618866084202
     0.034618866084202    -0.034618866084202     0.005073655330534
24 33
    -0.028598700163229     0.039918368565850    -0.012401695039443
     0.039918368565850    -0.028598700163229    -0.012401695039443
     0.012401695039443     0.012401695039443     0.006056474586558
24 34
    -0.028598700163229    -0.039918368565850    -0.012401695039443
    -0.039918368565850    -0.028598700163229     0.012401695039443
     0.012401695039443    -0.012401695039443     0.006056474586558
24 35
    -0.028598700163229    -0.039918368565850     0.012401695039443
    -0.039918368565850    -0.028598700163229    -0.012401695039443
    -0.012401695039443     0.012401695039443     0.006056474586558
24 36
    -0.028598700163229     0.039918368565850     0.012401695039443
     0.039918368565850    -0.028598700163229     0.012401695039443
    -0.012401695039443    -0.012401695039443     0.006056474586558
24 37
    -0.197889187410283    -0.203163101105019    -0.061054110119585
    -0.203163101105019    -0.197889187410283    -0.061054110119585
     0.061054110119585     0.061054110119585     0.325400609136750
24 38
    -0.197889187410283     0.203163101105019    -0.061054110119585
     0.203163101105019    -0.197889187410283     0.061054110119585
     0.061054110119585    -0.061054110119585     0.325400609136750
24 39
    -0.197889187410283     0.203163101105019     0.061054110119585
     0.203163101105019    -0.197889187410283    -0.061054110119585
    -0.061054110119585     0.061054110119585     0.325400609136750
24 40
    -0.197889187410283    -0.203163101105019     0.061054110119585
    -0.203163101105019    -0.197889187410283     0.061054110119585
    -0.061054110119585    -0.061054110119585     0.325400609136750
24 41
    -0.019563048743976     0.021684910461772    -0.035574529101723
     0.021684910461772    -0.019563048743976     0.035574529101723
    -0.035574529101723     0.035574529101723    -0.116302803661483
24 42
     0.065669057795503     0.034618866084202    -0.028412563915481
     0.034618866084202     0.005073655330534     0.034618866084202
    -0.028412563915481     0.034618866084202     0.065669057795503
24 43
     0.005073655330534     0.034618866084202    -0.034618866084202
     0.034618866084202     0.065669057795503     0.028412563915481
    -0.034618866084202     0.028412563915481     0.065669057795503
24 44
    -2.936375630241628     1.981126959435641    -1.981126959435641
     1.981126959435642    -2.936375630241627     1.981126959435641
    -1.981126959435642     1.981126959435642    -2.936375630241628
24 45
     0.005100415756942     0.009146978118224    -0.009146978118224
     0.009146978118224     0.005100415756942     0.009146978118224
    -0.009146978118224     0.009146978118224     0.005100415756942
24 46
    -0.116302803661483     0.035574529101723    -0.035574529101723
     0.035574529101723    -0.019563048743976     0.021684910461772
    -0.035574529101723     0.021684910461772    -0.019563048743976
24 47
    -0.019563048743976     0.035574529101723    -0.021684910461772
     0.035574529101723    -0.116302803661483     0.035574529101723
    -0.021684910461772     0.035574529101723    -0.019563048743976
24 48
     0.065669057795503     0.028412563915481    -0.034618866084202
     0.028412563915481     0.065669057795503     0.034618866084202
    -0.034618866084202     0.034618866084202     0.005073655330534
24 49
    -0.028598700163229     0.012401695039443    -0.039918368565850
    -0.012401695039443     0.006056474586558     0.012401695039443
    -0.039918368565850    -0.012401695039443    -0.028598700163229
24 50
    -0.028598700163229     0.012401695039443     0.039918368565850
    -0.012401695039443     0.006056474586558    -0.012401695039443
     0.039918368565850     0.012401695039443    -0.028598700163229
24 51
    -0.197889187410283     0.061054110119585     0.203163101105019
    -0.061054110119585     0.325400609136750     0.061054110119585
     0.203163101105019    -0.061054110119585    -0.197889187410283
24 52
    -0.197889187410283     0.061054110119585    -0.203163101105019
    -0.061054110119585     0.325400609136750    -0.061054110119585
    -0.203163101105020     0.061054110119585    -0.197889187410283
24 53
    -0.028598700163229    -0.012401695039443     0.039918368565850
     0.012401695039443     0.006056474586558     0.012401695039443
     0.039918368565850    -0.012401695039443    -0.028598700163229
24 54
    -0.028598700163229    -0.012401695039443    -0.039918368565850
     0.012401695039443     0.006056474586558    -0.012401695039443
    -0.039918368565850     0.012401695039443    -0.028598700163229
24 55
    -0.197889187410283    -0.061054110119585    -0.203163101105019
     0.061054110119585     0.325400609136750     0.061054110119585
    -0.203163101105019    -0.061054110119585    -0.197889187410283
24 56
    -0.197889187410283    -0.061054110119585     0.203163101105019
     0.061054110119585     0.325400609136750    -0.061054110119585
     0.203163101105019     0.061054110119585    -0.197889187410283
24 57
     0.005100415756942    -0.009146978118224     0.009146978118224
    -0.009146978118224     0.005100415756942     0.009146978118224
     0.009146978118224     0.009146978118224     0.005100415756942
24 58
    -0.116302803661483    -0.035574529101723     0.035574529101723
    -0.035574529101723    -0.019563048743976     0.021684910461772
     0.035574529101723     0.021684910461772    -0.019563048743976
24 59
    -0.019563048743976    -0.035574529101723     0.021684910461772
    -0.035574529101723    -0.116302803661483     0.035574529101723
     0.021684910461772     0.035574529101723    -0.019563048743976
24 60
     0.065669057795503    -0.028412563915481     0.034618866084202
    -0.028412563915481     0.065669057795503     0.034618866084202
     0.034618866084202     0.034618866084202     0.005073655330534
24 61
    -0.019563048743976    -0.021684910461772     0.035574529101723
    -0.021684910461772    -0.019563048743976     0.035574529101723
     0.035574529101723     0.035574529101723    -0.116302803661483
24 62
     0.065669057795503    -0.034618866084202     0.028412563915481
    -0.034618866084202     0.005073655330534     0.034618866084202
     0.028412563915481     0.034618866084202     0.065669057795503
24 63
     0.005073655330534    -0.034618866084202     0.034618866084202
    -0.034618866084202     0.065669057795503     0.028412563915481
     0.034618866084202     0.028412563915481     0.065669057795503
24 64
    -2.936375630241627    -1.981126959435641     1.981126959435642
    -1.981126959435641    -2.936375630241626     1.981126959435642
     1.981126959435642     1.981126959435642    -2.936375630241629
25 1
    -2.936375630241628    -1.981126959435642    -1.981126959435642
    -1.981126959435641    -2.936375630241628    -1.981126959435641
    -1.981126959435641    -1.981126959435642    -2.936375630241627
25 2
     0.005073655330534    -0.034618866084202    -0.034618866084202
    -0.034618866084202     0.065669057795503    -0.028412563915481
    -0.034618866084202    -0.028412563915481     0.065669057795503
25 3
     0.065669057795503    -0.034618866084202    -0.028412563915481
    -0.034618866084202     0.005073655330534    -0.034618866084202
    -0.028412563915481    -0.034618866084202     0.065669057795503
25 4
    -0.019563048743976    -0.021684910461772    -0.035574529101723
    -0.021684910461772    -0.019563048743976    -0.035574529101723
    -0.035574529101723    -0.035574529101723    -0.116302803661483
25 5
     0.065669057795503    -0.028412563915481    -0.034618866084202
    -0.028412563915481     0.065669057795503    -0.034618866084202
    -0.034618866084202    -0.034618866084202     0.005073655330534
25 6
    -0.019563048743976    -0.035574529101723    -0.021684910461772
    -0.035574529101723    -0.116302803661483    -0.035574529101723
    -0.021684910461772    -0.035574529101723    -0.019563048743976
25 7
    -0.116302803661483    -0.035574529101723    -0.035574529101723
    -0.035574529101723    -0.019563048743976    -0.021684910461772
    -0.035574529101723    -0.021684910461772    -0.019563048743976
25 8
     0.005100415756942    -0.009146978118224    -0.009146978118224
    -0.009146978118224     0.005100415756942    -0.009146978118224
    -0.009146978118224    -0.009146978118224     0.005100415756942
25 9
     0.325400609136750     0.061054110119585    -0.061054110119585
    -0.061054110119585    -0.197889187410283     0.203163101105019
     0.061054110119585     0.203163101105019    -0.197889187410283
25 10
     0.006056474586558     0.012401695039443    -0.012401695039443
    -0.012401695039443    -0.028598700163229    -0.039918368565850
     0.012401695039443    -0.039918368565850    -0.028598700163229
25 11
     0.325400609136750     0.061054110119585     0.061054110119585
    -0.061054110119585    -0.197889187410283    -0.203163101105019
    -0.061054110119585    -0.203163101105019    -0.197889187410283
25 12
     0.006056474586558     0.012401695039443     0.012401695039443
    -0.012401695039443    -0.028598700163229     0.039918368565850
    -0.012401695039443     0.039918368565850    -0.028598700163229
25 13
     0.325400609136750    -0.061054110119585    -0.061054110119585
     0.061054110119585    -0.197889187410283    -0.203163101105019
     0.061054110119585    -0.203163101105019    -0.197889187410283
25 14
     0.006056474586558    -0.012401695039443    -0.012401695039443
     0.012401695039443    -0.028598700163229     0.039918368565850
     0.012401695039443     0.039918368565850    -0.028598700163229
25 15
     0.325400609136750    -0.061054110119585     0.061054110119585
     0.061054110119585    -0.197889187410283     0.203163101105019
    -0.061054110119585     0.203163101105019    -0.197889187410283
25 16
     0.006056474586558    -0.012401695039443     0.012401695039443
     0.012401695039443    -0.028598700163229    -0.039918368565850
    -0.012401695039443    -0.039918368565850    -0.028598700163229
25 17
     0.065669057795503     0.028412563915481     0.034618866084202
     0.028412563915481     0.065669057795503    -0.034618866084202
     0.034618866084202    -0.034618866084202     0.005073655330534
25 18
    -0.019563048743976     0.035574529101723     0.021684910461772
     0.035574529101723    -0.116302803661483    -0.035574529101723
     0.021684910461772    -0.035574529101723    -0.019563048743976
25 19
    -0.116302803661483     0.035574529101723     0.035574529101723
     0.035574529101723    -0.019563048743976    -0.021684910461772
     0.035574529101723    -0.021684910461772    -0.019563048743976
25 20
     0.005100415756942     0.009146978118224     0.009146978118224
     0.009146978118224     0.005100415756942    -0.009146978118224
     0.009146978118224    -0.009146978118224     0.005100415756942
25 21
    -2.936375630241628     1.981126959435642     1.981126959435642
     1.981126959435641    -2.936375630241626    -1.981126959435642
     1.981126959435641    -1.981126959435641    -2.936375630241628
25 22
     0.005073655330534     0.034618866084202     0.034618866084202
     0.034618866084202     0.065669057795503    -0.028412563915481
     0.034618866084202    -0.028412563915481     0.065669057795503
25 23
     0.065669057795503     0.034618866084202     0.028412563915481
     0.034618866084202     0.005073655330534    -0.034618866084202
     0.028412563915481    -0.034618866084202     0.065669057795503
25 24
    -0.019563048743976     0.021684910461772     0.035574529101723
     0.021684910461772    -0.019563048743976    -0.035574529101723
     0.035574529101723    -0.035574529101723    -0.116302803661483
25 25
    12.253916845503456     0.000000000000000    -0.000000000000000
     0.000000000000000    12.253916845503449     0.000000000000000
    -0.000000000000000     0.000000000000000    12.253916845503452
25 26
    -0.033382157715778     0.000000000000000    -0.000000000000000
    -0.000000000000000    -0.061525177596877    -0.000000000000000
     0.000000000000000     0.000000000000000    -0.061525177596877
25 27
    -0.061525177596877     0.000000000000000    -0.000000000000000
    -0.000000000000000    -0.033382157715778     0.000000000000000
     0.000000000000000     0.000000000000000    -0.061525177596877
25 28
    -0.011262453489280     0.000000000000000    -0.000000000000000
    -0.000000000000000    -0.011262453489280    -0.000000000000000
     0.000000000000000     0.000000000000000     0.217939354325836
25 29
    -0.061525177596877     0.000000000000000    -0.000000000000000
    -0.000000000000000    -0.061525177596877     0.000000000000000
     0.000000000000000     0.000000000000000    -0.033382157715778
25 30
    -0.011262453489280     0.000000000000000    -0.000000000000000
     0.000000000000000     0.217939354325836     0.000000000000000
     0.000000000000000     0.000000000000000    -0.011262453489280
25 31
     0.217939354325836     0.000000000000000    -0.000000000000000
    -0.000000000000000    -0.011262453489280     0.000000000000000
    -0.000000000000000     0.000000000000000    -0.011262453489280
25 32
    -0.005654635396013     0.000000000000000    -0.000000000000000
    -0.000000000000000    -0.005654635396013     0.000000000000000
     0.000000000000000    -0.000000000000000    -0.005654635396013
25 33
    -0.019563048743976     0.035574529101723    -0.021684910461772
     0.035574529101723    -0.116302803661483     0.035574529101723
    -0.021684910461772     0.035574529101723    -0.019563048743976
25 34
     0.065669057795503     0.028412563915481    -0.034618866084202
     0.028412563915481     0.065669057795503     0.034618866084202
    -0.034618866084202     0.034618866084202     0.005073655330534
25 35
     0.005100415756942     0.009146978118224    -0.009146978118224
     0.009146978118224     0.005100415756942     0.009146978118224
    -0.009146978118224     0.009146978118224     0.005100415756942
25 36
    -0.116302803661483     0.035574529101723    -0.035574529101723
     0.035574529101723    -0.019563048743976     0.021684910461772
    -0.035574529101723     0.021684910461772    -0.019563048743976
25 37
     0.005073655330534     0.034618866084202    -0.034618866084202
     0.034618866084202     0.065669057795503     0.028412563915481
    -0.034618866084202     0.028412563915481     0.065669057795503
25 38
    -2.936375630241629     1.981126959435642    -1.981126959435642
     1.981126959435642    -2.936375630241626     1.981126959435641
    -1.981126959435642     1.981126959435641    -2.936375630241627
25 39
    -0.019563048743976     0.021684910461772    -0.035574529101723
     0.021684910461772    -0.019563048743976     0.035574529101723
    -0.035574529101723     0.035574529101723    -0.116302803661483
25 40
     0.065669057795503     0.034618866084202    -0.028412563915481
     0.034618866084202     0.005073655330534     0.034618866084202
    -0.028412563915481     0.034618866084202     0.065669057795503
25 41
    -0.197889187410283     0.203163101105019     0.061054110119585
     0.203163101105019    -0.197889187410283    -0.061054110119585
    -0.061054110119585     0.061054110119585     0.325400609136750
25 42
    -0.197889187410283    -0.203163101105019     0.061054110119585
    -0.203163101105019    -0.197889187410283     0.061054110119585
    -0.061054110119585    -0.061054110119585     0.325400609136750
25 43
    -0.197889187410283    -0.203163101105019    -0.061054110119585
    -0.203163101105019    -0.197889187410283    -0.061054110119585
     0.061054110119585     0.061054110119585     0.325400609136750
25 44
    -0.197889187410283     0.203163101105019    -0.061054110119585
     0.203163101105019    -0.197889187410283     0.061054110119585
     0.061054110119585    -0.061054110119585     0.325400609136750
25 45
    -0.028598700163229    -0.039918368565850     0.012401695039443
    -0.039918368565850    -0.028598700163229    -0.012401695039443
    -0.012401695039443     0.012401695039443     0.006056474586558
25 46
    -0.028598700163229     0.039918368565850     0.012401695039443
     0.039918368565850    -0.028598700163229     0.012401695039443
    -0.012401695039443    -0.012401695039443     0.006056474586558
25 47
    -0.028598700163229     0.039918368565850    -0.012401695039443
     0.039918368565850    -0.028598700163229    -0.012401695039443
     0.012401695039443     0.012401695039443     0.006056474586558
25 48
    -0.028598700163229    -0.039918368565850    -0.012401695039443
    -0.039918368565850    -0.028598700163229     0.012401695039443
     0.012401695039443    -0.012401695039443     0.006056474586558
25 49
     0.005073655330534    -0.034618866084202     0.034618866084202
    -0.034618866084202     0.065669057795503     0.028412563915481
     0.034618866084202     0.028412563915481     0.065669057795503
25 50
    -2.936375630241628    -1.981126959435642     1.981126959435642
    -1.981126959435641    -2.936375630241626     1.981126959435642
     1.981126959435641     1.981126959435641    -2.936375630241628
25 51
    -0.019563048743976    -0.021684910461772     0.035574529101723
    -0.021684910461772    -0.019563048743976     0.035574529101723
     0.035574529101723     0.035574529101723    -0.116302803661483
25 52
     0.065669057795503    -0.034618866084202     0.028412563915481
    -0.034618866084202     0.005073655330534     0.034618866084202
     0.028412563915481     0.034618866084202     0.065669057795503
25 53
    -0.019563048743976    -0.035574529101723     0.021684910461772
    -0.035574529101723    -0.116302803661483     0.035574529101723
     0.021684910461772     0.035574529101723    -0.019563048743976
25 54
     0.065669057795503    -0.028412563915481     0.034618866084202
    -0.028412563915481     0.065669057795503     0.034618866084202
     0.034618866084202     0.034618866084202     0.005073655330534
25 55
     0.005100415756942    -0.009146978118224     0.009146978118224
    -0.009146978118224     0.005100415756942     0.009146978118224
     0.009146978118224     0.009146978118224     0.005100415756942
25 56
    -0.116302803661483    -0.035574529101723     0.035574529101723
    -0.035574529101723    -0.019563048743976     0.021684910461772
     0.035574529101723     0.021684910461772    -0.019563048743976
25 57
    -0.197889187410283    -0.061054110119585    -0.203163101105019
     0.061054110119585     0.325400609136750     0.061054110119585
    -0.203163101105019    -0.061054110119585    -0.197889187410283
25 58
    -0.197889187410283    -0.061054110119585     0.203163101105020
     0.061054110119585     0.325400609136750    -0.061054110119585
     0.203163101105019     0.061054110119585    -0.197889187410283
25 59
    -0.028598700163229    -0.012401695039443     0.039918368565850
     0.012401695039443     0.006056474586558     0.012401695039443
     0.039918368565850    -0.012401695039443    -0.028598700163229
25 60
    -0.028598700163229    -0.012401695039443    -0.039918368565850
     0.012401695039443     0.006056474586558    -0.012401695039443
    -0.039918368565850     0.012401695039443    -0.028598700163229
25 61
    -0.197889187410283     0.061054110119585     0.203163101105020
    -0.061054110119585     0.325400609136750     0.061054110119585
     0.203163101105019    -0.061054110119585    -0.197889187410283
25 62
    -0.197889187410283     0.061054110119585    -0.203163101105019
    -0.061054110119585     0.325400609136750    -0.061054110119585
    -0.203163101105019     0.061054110119585    -0.197889187410283
25 63
    -0.028598700163229     0.012401695039443    -0.039918368565850
    -0.012401695039443     0.006056474586558     0.012401695039443
    -0.039918368565850    -0.012401695039443    -0.028598700163229
25 64
    -0.028598700163229     0.012401695039443     0.039918368565850
    -0.012401695039443     0.006056474586558    -0.012401695039443
     0.039918368565850     0.012401695039443    -0.028598700163229
26 1
     0.005073655330534    -0.034618866084202    -0.034618866084202
    -0.034618866084202     0.065669057795503    -0.028412563915481
    -0.034618866084202    -0.028412563915481     0.065669057795503
26 2
    -2.936375630241629    -1.981126959435642    -1.981126959435642
    -1.981126959435642    -2.936375630241627    -1.981126959435641
    -1.981126959435642    -1.981126959435641    -2.936375630241626
26 3
    -0.019563048743976    -0.021684910461772    -0.035574529101723
    -0.021684910461772    -0.019563048743976    -0.035574529101723
    -0.035574529101723    -0.035574529101723    -0.116302803661483
26 4
     0.065669057795503    -0.034618866084202    -0.028412563915481
    -0.034618866084202     0.005073655330534    -0.034618866084202
    -0.028412563915481    -0.034618866084202     0.065669057795503
26 5
    -0.019563048743976    -0.035574529101723    -0.021684910461772
    -0.035574529101723    -0.116302803661483    -0.035574529101723
    -0.021684910461772    -0.035574529101723    -0.019563048743976
26 6
     0.065669057795503    -0.028412563915481    -0.034618866084202
    -0.028412563915481     0.065669057795503    -0.034618866084202
    -0.034618866084202    -0.034618866084202     0.005073655330534
26 7
     0.005100415756942    -0.009146978118224    -0.009146978118224
    -0.009146978118224     0.005100415756942    -0.009146978118224
    -0.009146978118224    -0.009146978118224     0.005100415756942
26 8
    -0.116302803661483    -0.035574529101723    -0.035574529101723
    -0.035574529101723    -0.019563048743976    -0.021684910461772
    -0.035574529101723    -0.021684910461772    -0.019563048743976
26 9
     0.006056474586558     0.012401695039443    -0.012401695039443
    -0.012401695039443    -0.028598700163229    -0.039918368565850
     0.012401695039443    -0.039918368565850    -0.028598700163229
26 10
     0.325400609136750     0.061054110119585    -0.061054110119585
    -0.061054110119585    -0.197889187410283     0.203163101105019
     0.061054110119585     0.203163101105019    -0.197889187410283
26 11
     0.006056474586558     0.012401695039443     0.012401695039443
    -0.012401695039443    -0.028598700163229     0.039918368565850
    -0.012401695039443     0.039918368565850    -0.028598700163229
26 12
     0.325400609136750     0.061054110119585     0.061054110119585
    -0.061054110119585    -0.197889187410283    -0.203163101105019
    -0.061054110119585    -0.203163101105019    -0.197889187410283
26 13
     0.006056474586558    -0.012401695039443    -0.012401695039443
     0.012401695039443    -0.028598700163229     0.039918368565850
     0.012401695039443     0.039918368565850    -0.028598700163229
26 14
     0.325400609136750    -0.061054110119585    -0.061054110119585
     0.061054110119585    -0.197889187410283    -0.203163101105019
     0.061054110119585    -0.203163101105019    -0.197889187410283
26 15
     0.006056474586558    -0.012401695039443     0.012401695039443
     0.012401695039443    -0.028598700163229    -0.039918368565850
    -0.012401695039443    -0.039918368565850    -0.028598700163229
26 16
     0.325400609136750    -0.061054110119585     0.061054110119585
     0.061054110119585    -0.197889187410283     0.203163101105019
    -0.061054110119585     0.203163101105019    -0.197889187410283
26 17
    -0.019563048743976     0.035574529101723     0.021684910461772
     0.035574529101723    -0.116302803661483    -0.035574529101723
     0.021684910461772    -0.035574529101723    -0.019563048743976
26 18
     0.065669057795503     0.028412563915481     0.034618866084202
     0.028412563915481     0.065669057795503    -0.034618866084202
     0.034618866084202    -0.034618866084202     0.005073655330534
26 19
     0.005100415756942     0.009146978118224     0.009146978118224
     0.009146978118224     0.005100415756942    -0.009146978118224
     0.009146978118224    -0.009146978118224     0.005100415756942
26 20
    -0.116302803661483     0.035574529101723     0.035574529101723
     0.035574529101723    -0.019563048743976    -0.021684910461772
     0.035574529101723    -0.021684910461772    -0.019563048743976
26 21
     0.005073655330534     0.034618866084202     0.034618866084202
     0.034618866084202     0.065669057795503    -0.028412563915481
     0.034618866084202    -0.028412563915481     0.065669057795503
26 22
    -2.936375630241629     1.981126959435642     1.981126959435642
     1.981126959435642    -2.936375630241627    -1.981126959435641
     1.981126959435642    -1.981126959435641    -2.936375630241627
26 23
    -0.019563048743976     0.021684910461772     0.035574529101723
     0.021684910461772    -0.019563048743976    -0.035574529101723
     0.035574529101723    -0.035574529101723    -0.116302803661483
26 24
     0.065669057795503     0.034618866084202     0.028412563915481
     0.034618866084202     0.005073655330534    -0.034618866084202
     0.028412563915481    -0.034618866084202     0.065669057795503
26 25
    -0.033382157715778    -0.000000000000000     0.000000000000000
     0.000000000000000    -0.061525177596877     0.000000000000000
    -0.000000000000000    -0.000000000000000    -0.061525177596877
26 26
    12.253916845503456     0.000000000000000     0.000000000000000
     0.000000000000000    12.253916845503452    -0.000000000000000
     0.000000000000000    -0.000000000000000    12.253916845503449
26 27
    -0.011262453489280     0.000000000000000    -0.000000000000000
    -0.000000000000000    -0.011262453489280     0.000000000000000
    -0.000000000000000    -0.000000000000000     0.217939354325836
26 28
    -0.061525177596877     0.000000000000000     0.000000000000000
    -0.000000000000000    -0.033382157715778    -0.000000000000000
    -0.000000000000000     0.000000000000000    -0.061525177596877
26 29
    -0.011262453489280     0.000000000000000    -0.000000000000000
    -0.000000000000000     0.217939354325836     0.000000000000000
     0.000000000000000    -0.000000000000000    -0.011262453489280
26 30
    -0.061525177596877    -0.000000000000000     0.000000000000000
     0.000000000000000    -0.061525177596877     0.000000000000000
    -0.000000000000000    -0.000000000000000    -0.033382157715778
26 31
    -0.005654635396013    -0.000000000000000     0.000000000000000
     0.000000000000000    -0.005654635396013     0.000000000000000
    -0.000000000000000    -0.000000000000000    -0.005654635396013
26 32
     0.217939354325836     0.000000000000000     0.000000000000000
    -0.000000000000000    -0.011262453489280     0.000000000000000
    -0.000000000000000    -0.000000000000000    -0.011262453489280
26 33
     0.065669057795503     0.028412563915481    -0.034618866084202
     0.028412563915481     0.065669057795503     0.034618866084202
    -0.034618866084202     0.034618866084202     0.005073655330534
26 34
    -0.019563048743976     0.035574529101723    -0.021684910461772
     0.035574529101723    -0.116302803661483     0.035574529101723
    -0.021684910461772     0.035574529101723    -0.019563048743976
26 35
    -0.116302803661483     0.035574529101723    -0.035574529101723
     0.035574529101723    -0.019563048743976     0.021684910461772
    -0.035574529101723     0.021684910461772    -0.019563048743976
26 36
     0.005100415756942     0.009146978118224    -0.009146978118224
     0.009146978118224     0.005100415756942     0.009146978118224
    -0.009146978118224     0.009146978118224     0.005100415756942
26 37
    -2.936375630241628     1.981126959435642    -1.981126959435642
     1.981126959435641    -2.936375630241628     1.981126959435641
    -1.981126959435641     1.981126959435642    -2.936375630241626
26 38
     0.005073655330534     0.034618866084202    -0.034618866084202
     0.034618866084202     0.065669057795503     0.028412563915481
    -0.034618866084202     0.028412563915481     0.065669057795503
26 39
     0.065669057795503     0.034618866084202    -0.028412563915481
     0.034618866084202     0.005073655330534     0.034618866084202
    -0.028412563915481     0.034618866084202     0.065669057795503
26 40
    -0.019563048743976     0.021684910461772    -0.035574529101723
     0.021684910461772    -0.019563048743976     0.035574529101723
    -0.035574529101723     0.035574529101723    -0.116302803661483
26 41
    -0.197889187410283    -0.203163101105019     0.061054110119585
    -0.203163101105019    -0.197889187410283     0.061054110119585
    -0.061054110119585    -0.061054110119585     0.325400609136750
26 42
    -0.197889187410283     0.203163101105019     0.061054110119585
     0.203163101105019    -0.197889187410283    -0.061054110119585
    -0.061054110119585     0.061054110119585     0.325400609136750
26 43
    -0.197889187410283     0.203163101105019    -0.061054110119585
     0.203163101105019    -0.197889187410283     0.061054110119585
     0.061054110119585    -0.061054110119585     0.325400609136750
26 44
    -0.197889187410283    -0.203163101105019    -0.061054110119585
    -0.203163101105019    -0.197889187410283    -0.061054110119585
     0.061054110119585     0.061054110119585     0.325400609136750
26 45
    -0.028598700163229     0.039918368565850     0.012401695039443
     0.039918368565850    -0.028598700163229     0.012401695039443
    -0.012401695039443    -0.012401695039443     0.006056474586558
26 46
    -0.028598700163229    -0.039918368565850     0.012401695039443
    -0.039918368565850    -0.028598700163229    -0.012401695039443
    -0.012401695039443     0.012401695039443     0.006056474586558
26 47
    -0.028598700163229    -0.039918368565850    -0.012401695039443
    -0.039918368565850    -0.028598700163229     0.012401695039443
     0.012401695039443    -0.012401695039443     0.006056474586558
26 48
    -0.028598700163229     0.039918368565850    -0.012401695039443
     0.039918368565850    -0.028598700163229    -0.012401695039443
     0.012401695039443     0.012401695039443     0.006056474586558
26 49
    -2.936375630241628    -1.981126959435642     1.981126959435642
    -1.981126959435641    -2.936375630241628     1.981126959435641
     1.981126959435641     1.981126959435642    -2.936375630241626
26 50
     0.005073655330534    -0.034618866084202     0.034618866084202
    -0.034618866084202     0.065669057795503     0.028412563915481
     0.034618866084202     0.028412563915481     0.065669057795503
26 51
     0.065669057795503    -0.034618866084202     0.028412563915481
    -0.034618866084202     0.005073655330534     0.034618866084202
     0.028412563915481     0.034618866084202     0.065669057795503
26 52
    -0.019563048743976    -0.021684910461772     0.035574529101723
    -0.021684910461772    -0.019563048743976     0.035574529101723
     0.035574529101723     0.035574529101723    -0.116302803661483
26 53
     0.065669057795503    -0.028412563915481     0.034618866084202
    -0.028412563915481     0.065669057795503     0.034618866084202
     0.034618866084202     0.034618866084202     0.005073655330534
26 54
    -0.019563048743976    -0.035574529101723     0.021684910461772
    -0.035574529101723    -0.116302803661483     0.035574529101723
     0.021684910461772     0.035574529101723    -0.019563048743976
26 55
    -0.116302803661483    -0.035574529101723     0.035574529101723
    -0.035574529101723    -0.019563048743976     0.021684910461772
     0.035574529101723     0.021684910461772    -0.019563048743976
26 56
     0.005100415756942    -0.009146978118224     0.009146978118224
    -0.009146978118224     0.005100415756942     0.009146978118224
     0.009146978118224     0.009146978118224     0.005100415756942
26 57
    -0.197889187410283    -0.061054110119585     0.203163101105019
     0.061054110119585     0.325400609136750    -0.061054110119585
     0.203163101105019     0.061054110119585    -0.197889187410283
26 58
    -0.197889187410283    -0.061054110119585    -0.203163101105020
     0.061054110119585     0.325400609136750     0.061054110119585
    -0.203163101105019    -0.061054110119585    -0.197889187410283
26 59
    -0.028598700163229    -0.012401695039443    -0.039918368565850
     0.012401695039443     0.006056474586558    -0.012401695039443
    -0.039918368565850     0.012401695039443    -0.028598700163229
26 60
    -0.028598700163229    -0.012401695039443     0.039918368565850
     0.012401695039443     0.006056474586558     0.012401695039443
     0.039918368565850    -0.012401695039443    -0.028598700163229
26 61
    -0.197889187410283     0.061054110119585    -0.203163101105020
    -0.061054110119585     0.325400609136750    -0.061054110119585
    -0.203163101105019     0.061054110119585    -0.197889187410283
26 62
    -0.197889187410283     0.061054110119585     0.203163101105019
    -0.061054110119585     0.325400609136750     0.061054110119585
     0.203163101105019    -0.061054110119585    -0.197889187410283
26 63
    -0.028598700163229     0.012401695039443     0.039918368565850
    -0.012401695039443     0.006056474586558    -0.012401695039443
     0.039918368565850     0.012401695039443    -0.028598700163229
26 64
    -0.028598700163229     0.012401695039443    -0.039918368565850
    -0.012401695039443     0.006056474586558     0.012401695039443
    -0.039918368565850    -0.012401695039443    -0.028598700163229
27 1
     0.065669057795503    -0.034618866084202    -0.028412563915481
    -0.034618866084202     0.005073655330534    -0.034618866084202
    -0.028412563915481    -0.034618866084202     0.065669057795503
27 2
    -0.019563048743976    -0.021684910461772    -0.035574529101723
    -0.021684910461772    -0.019563048743976    -0.035574529101723
    -0.035574529101723    -0.035574529101723    -0.116302803661483
27 3
    -2.936375630241626    -1.981126959435642    -1.981126959435641
    -1.981126959435642    -2.936375630241629    -1.981126959435642
    -1.981126959435641    -1.981126959435642    -2.936375630241627
27 4
     0.005073655330534    -0.034618866084202    -0.034618866084202
    -0.034618866084202     0.065669057795503    -0.028412563915481
    -0.034618866084202    -0.028412563915481     0.065669057795503
27 5
    -0.116302803661483    -0.035574529101723    -0.035574529101723
    -0.035574529101723    -0.019563048743976    -0.021684910461772
    -0.035574529101723    -0.021684910461772    -0.019563048743976
27 6
     0.005100415756942    -0.009146978118224    -0.009146978118224
    -0.009146978118224     0.005100415756942    -0.009146978118224
    -0.009146978118224    -0.009146978118224     0.005100415756942
27 7
     0.065669057795503    -0.028412563915481    -0.034618866084202
    -0.028412563915481     0.065669057795503    -0.034618866084202
    -0.034618866084202    -0.034618866084202     0.005073655330534
27 8
    -0.019563048743976    -0.035574529101723    -0.021684910461772
    -0.035574529101723    -0.116302803661483    -0.035574529101723
    -0.021684910461772    -0.035574529101723    -0.019563048743976
27 9
     0.325400609136750     0.061054110119585     0.061054110119585
    -0.061054110119585    -0.197889187410283    -0.203163101105019
    -0.061054110119585    -0.203163101105019    -0.197889187410283
27 10
     0.006056474586558     0.012401695039443     0.012401695039443
    -0.012401695039443    -0.028598700163229     0.039918368565850
    -0.012401695039443     0.039918368565850    -0.028598700163229
27 11
     0.325400609136750     0.061054110119585    -0.061054110119585
    -0.061054110119585    -0.197889187410283     0.203163101105019
     0.061054110119585     0.203163101105019    -0.197889187410283
27 12
     0.006056474586558     0.012401695039443    -0.012401695039443
    -0.012401695039443    -0.028598700163229    -0.039918368565850
     0.012401695039443    -0.039918368565850    -0.028598700163229
27 13
     0.325400609136750    -0.061054110119585     0.061054110119585
     0.061054110119585    -0.197889187410283     0.203163101105019
    -0.061054110119585     0.203163101105019    -0.197889187410283
27 14
     0.006056474586558    -0.012401695039443     0.012401695039443
     0.012401695039443    -0.028598700163229    -0.039918368565850
    -0.012401695039443    -0.039918368565850    -0.028598700163229
27 15
     0.325400609136750    -0.061054110119585    -0.061054110119585
     0.061054110119585    -0.197889187410283    -0.203163101105019
     0.061054110119585    -0.203163101105019    -0.197889187410283
27 16
     0.006056474586558    -0.012401695039443    -0.012401695039443
     0.012401695039443    -0.028598700163229     0.039918368565850
     0.012401695039443     0.039918368565850    -0.028598700163229
27 17
    -0.116302803661483     0.035574529101723     0.035574529101723
     0.035574529101723    -0.019563048743976    -0.021684910461772
     0.035574529101723    -0.021684910461772    -0.019563048743976
27 18
     0.005100415756942     0.009146978118224     0.009146978118224
     0.009146978118224     0.005100415756942    -0.009146978118224
     0.009146978118224    -0.009146978118224     0.005100415756942
27 19
     0.065669057795503     0.028412563915481     0.034618866084202
     0.028412563915481     0.065669057795503    -0.034618866084202
     0.034618866084202    -0.034618866084202     0.005073655330534
27 20
    -0.019563048743976     0.035574529101723     0.021684910461772
     0.035574529101723    -0.116302803661483    -0.035574529101723
     0.021684910461772    -0.035574529101723    -0.019563048743976
27 21
     0.065669057795503     0.034618866084202     0.028412563915481
     0.034618866084202     0.005073655330534    -0.034618866084202
     0.028412563915481    -0.034618866084202     0.065669057795503
27 22
    -0.019563048743976     0.021684910461772     0.035574529101723
     0.021684910461772    -0.019563048743976    -0.035574529101723
     0.035574529101723    -0.035574529101723    -0.116302803661483
27 23
    -2.936375630241627     1.981126959435642     1.981126959435641
     1.981126959435642    -2.936375630241629    -1.981126959435642
     1.981126959435641    -1.981126959435642    -2.936375630241627
27 24
     0.005073655330534     0.034618866084202     0.034618866084202
     0.034618866084202     0.065669057795503    -0.028412563915481
     0.034618866084202    -0.028412563915481     0.065669057795503
27 25
    -0.061525177596877    -0.000000000000000     0.000000000000000
     0.000000000000000    -0.033382157715778     0.000000000000000
    -0.000000000000000     0.000000000000000    -0.061525177596877
27 26
    -0.011262453489280    -0.000000000000000    -0.000000000000000
     0.000000000000000    -0.011262453489280    -0.000000000000000
    -0.000000000000000     0.000000000000000     0.217939354325836
27 27
    12.253916845503452     0.000000000000000     0.000000000000000
     0.000000000000000    12.253916845503456     0.000000000000001
     0.000000000000000     0.000000000000001    12.253916845503451
27 28
    -0.033382157715778     0.000000000000000     0.000000000000000
    -0.000000000000000    -0.061525177596877    -0.000000000000000
    -0.000000000000000     0.000000000000000    -0.061525177596877
27 29
     0.217939354325836     0.000000000000000    -0.000000000000000
    -0.000000000000000    -0.011262453489280     0.000000000000000
     0.000000000000000     0.000000000000000    -0.011262453489280
27 30
    -0.005654635396013    -0.000000000000000    -0.000000000000000
     0.000000000000000    -0.005654635396013     0.000000000000000
    -0.000000000000000     0.000000000000000    -0.005654635396013
27 31
    -0.061525177596877    -0.000000000000000     0.000000000000000
     0.000000000000000    -0.061525177596877     0.000000000000000
    -0.000000000000000     0.000000000000000    -0.033382157715778
27 32
    -0.011262453489280     0.000000000000000     0.000000000000000
    -0.000000000000000     0.217939354325836     0.000000000000000
    -0.000000000000000    -0.000000000000000    -0.011262453489280
27 33
     0.005100415756942     0.009146978118224    -0.009146978118224
     0.009146978118224     0.005100415756942     0.009146978118224
    -0.009146978118224     0.009146978118224     0.005100415756942
27 34
    -0.116302803661483     0.035574529101723    -0.035574529101723
     0.035574529101723    -0.019563048743976     0.021684910461772
    -0.035574529101723     0.021684910461772    -0.019563048743976
27 35
    -0.019563048743976     0.035574529101723    -0.021684910461772
     0.035574529101723    -0.116302803661483     0.035574529101723
    -0.021684910461772     0.035574529101723    -0.019563048743976
27 36
     0.065669057795503     0.028412563915481    -0.034618866084202
     0.028412563915481     0.065669057795503     0.034618866084202
    -0.034618866084202     0.034618866084202     0.005073655330534
27 37
    -0.019563048743976     0.021684910461772    -0.035574529101723
     0.021684910461772    -0.019563048743976     0.035574529101723
    -0.035574529101723     0.035574529101723    -0.116302803661483
27 38
     0.065669057795503     0.034618866084202    -0.028412563915481
     0.034618866084202     0.005073655330534     0.034618866084202
    -0.028412563915481     0.034618866084202     0.065669057795503
27 39
     0.005073655330534     0.034618866084202    -0.034618866084202
     0.034618866084202     0.065669057795503     0.028412563915481
    -0.034618866084202     0.028412563915481     0.065669057795503
27 40
    -2.936375630241628     1.981126959435641    -1.981126959435641
     1.981126959435642    -2.936375630241628     1.981126959435642
    -1.981126959435642     1.981126959435641    -2.936375630241627
27 41
    -0.197889187410283    -0.203163101105019    -0.061054110119585
    -0.203163101105020    -0.197889187410283    -0.061054110119585
     0.061054110119585     0.061054110119585     0.325400609136750
27 42
    -0.197889187410283     0.203163101105019    -0.061054110119585
     0.203163101105019    -0.197889187410283     0.061054110119585
     0.061054110119585    -0.061054110119585     0.325400609136750
27 43
    -0.197889187410283     0.203163101105019     0.061054110119585
     0.203163101105020    -0.197889187410283    -0.061054110119585
    -0.061054110119585     0.061054110119585     0.325400609136750
27 44
    -0.197889187410283    -0.203163101105019     0.061054110119585
    -0.203163101105020    -0.197889187410283     0.061054110119585
    -0.061054110119585    -0.061054110119585     0.325400609136750
27 45
    -0.028598700163229     0.039918368565850    -0.012401695039443
     0.039918368565850    -0.028598700163229    -0.012401695039443
     0.012401695039443     0.012401695039443     0.006056474586558
27 46
    -0.028598700163229    -0.039918368565850    -0.012401695039443
    -0.039918368565850    -0.028598700163229     0.012401695039443
     0.012401695039443    -0.012401695039443     0.006056474586558
27 47
    -0.028598700163229    -0.039918368565850     0.012401695039443
    -0.039918368565850    -0.028598700163229    -0.012401695039443
    -0.012401695039443     0.012401695039443     0.006056474586558
27 48
    -0.028598700163229     0.039918368565850     0.012401695039443
     0.039918368565850    -0.028598700163229     0.012401695039443
    -0.012401695039443    -0.012401695039443     0.006056474586558
27 49
    -0.019563048743976    -0.021684910461772     0.035574529101723
    -0.021684910461772    -0.019563048743976     0.035574529101723
     0.035574529101723     0.035574529101723    -0.116302803661483
27 50
     0.065669057795503    -0.034618866084202     0.028412563915481
    -0.034618866084202     0.005073655330534     0.034618866084202
     0.028412563915481     0.034618866084202     0.065669057795503
27 51
     0.005073655330534    -0.034618866084202     0.034618866084202
    -0.034618866084202     0.065669057795503     0.028412563915481
     0.034618866084202     0.028412563915481     0.065669057795503
27 52
    -2.936375630241628    -1.981126959435641     1.981126959435641
    -1.981126959435642    -2.936375630241628     1.981126959435642
     1.981126959435642     1.981126959435641    -2.936375630241627
27 53
     0.005100415756942    -0.009146978118224     0.009146978118224
    -0.009146978118224     0.005100415756942     0.009146978118224
     0.009146978118224     0.009146978118224     0.005100415756942
27 54
    -0.116302803661483    -0.035574529101723     0.035574529101723
    -0.035574529101723    -0.019563048743976     0.021684910461772
     0.035574529101723     0.021684910461772    -0.019563048743976
27 55
    -0.019563048743976    -0.035574529101723     0.021684910461772
    -0.035574529101723    -0.116302803661483     0.035574529101723
     0.021684910461772     0.035574529101723    -0.019563048743976
27 56
     0.065669057795503    -0.028412563915481     0.034618866084202
    -0.028412563915481     0.065669057795503     0.034618866084202
     0.034618866084202     0.034618866084202     0.005073655330534
27 57
    -0.028598700163229    -0.012401695039443     0.039918368565850
     0.012401695039443     0.006056474586558     0.012401695039443
     0.039918368565850    -0.012401695039443    -0.028598700163229
27 58
    -0.028598700163229    -0.012401695039443    -0.039918368565850
     0.012401695039443     0.006056474586558    -0.012401695039443
    -0.039918368565850     0.012401695039443    -0.028598700163229
27 59
    -0.197889187410283    -0.061054110119585    -0.203163101105019
     0.061054110119585     0.325400609136750     0.061054110119585
    -0.203163101105019    -0.061054110119585    -0.197889187410283
27 60
    -0.197889187410283    -0.061054110119585     0.203163101105019
     0.061054110119585     0.325400609136750    -0.061054110119585
     0.203163101105019     0.061054110119585    -0.197889187410283
27 61
    -0.028598700163229     0.012401695039443    -0.039918368565850
    -0.012401695039443     0.006056474586558     0.012401695039443
    -0.039918368565850    -0.012401695039443    -0.028598700163229
27 62
    -0.028598700163229     0.012401695039443     0.039918368565850
    -0.012401695039443     0.006056474586558    -0.012401695039443
     0.039918368565850     0.012401695039443    -0.028598700163229
27 63
    -0.197889187410283     0.061054110119585     0.203163101105019
    -0.061054110119585     0.325400609136750     0.061054110119585
     0.203163101105019    -0.061054110119585    -0.197889187410283
27 64
    -0.197889187410283     0.061054110119585    -0.203163101105019
    -0.061054110119585     0.325400609136750    -0.061054110119585
    -0.203163101105019     0.061054110119585    -0.197889187410283
28 1
    -0.019563048743976    -0.021684910461772    -0.035574529101723
    -0.021684910461772    -0.019563048743976    -0.035574529101723
    -0.035574529101723    -0.035574529101723    -0.116302803661483
28 2
     0.065669057795503    -0.034618866084202    -0.028412563915481
    -0.034618866084202     0.005073655330534    -0.034618866084202
    -0.028412563915481    -0.034618866084202     0.065669057795503
28 3
     0.005073655330534    -0.034618866084202    -0.034618866084202
    -0.034618866084202     0.065669057795503    -0.028412563915481
    -0.034618866084202    -0.028412563915481     0.065669057795503
28 4
    -2.936375630241628    -1.981126959435641    -1.981126959435641
    -1.981126959435642    -2.936375630241626    -1.981126959435641
    -1.981126959435642    -1.981126959435642    -2.936375630241628
28 5
     0.005100415756942    -0.009146978118224    -0.009146978118224
    -0.009146978118224     0.005100415756942    -0.009146978118224
    -0.009146978118224    -0.009146978118224     0.005100415756942
28 6
    -0.116302803661483    -0.035574529101723    -0.035574529101723
    -0.035574529101723    -0.019563048743976    -0.021684910461772
    -0.035574529101723    -0.021684910461772    -0.019563048743976
28 7
    -0.019563048743976    -0.035574529101723    -0.021684910461772
    -0.035574529101723    -0.116302803661483    -0.035574529101723
    -0.021684910461772    -0.035574529101723    -0.019563048743976
28 8
     0.065669057795503    -0.028412563915481    -0.034618866084202
    -0.028412563915481     0.065669057795503    -0.034618866084202
    -0.034618866084202    -0.034618866084202     0.005073655330534
28 9
     0.006056474586558     0.012401695039443     0.012401695039443
    -0.012401695039443    -0.028598700163229     0.039918368565850
    -0.012401695039443     0.039918368565850    -0.028598700163229
28 10
     0.325400609136750     0.061054110119585     0.061054110119585
    -0.061054110119585    -0.197889187410283    -0.203163101105019
    -0.061054110119585    -0.203163101105019    -0.197889187410283
28 11
     0.006056474586558     0.012401695039443    -0.012401695039443
    -0.012401695039443    -0.028598700163229    -0.039918368565850
     0.012401695039443    -0.039918368565850    -0.028598700163229
28 12
     0.325400609136750     0.061054110119585    -0.061054110119585
    -0.061054110119585    -0.197889187410283     0.203163101105019
     0.061054110119585     0.203163101105019    -0.197889187410283
28 13
     0.006056474586558    -0.012401695039443     0.012401695039443
     0.012401695039443    -0.028598700163229    -0.039918368565850
    -0.012401695039443    -0.039918368565850    -0.028598700163229
28 14
     0.325400609136750    -0.061054110119585     0.061054110119585
     0.061054110119585    -0.197889187410283     0.203163101105019
    -0.061054110119585     0.203163101105019    -0.197889187410283
28 15
     0.006056474586558    -0.012401695039443    -0.012401695039443
     0.012401695039443    -0.028598700163229     0.039918368565850
     0.012401695039443     0.039918368565850    -0.028598700163229
28 16
     0.325400609136750    -0.061054110119585    -0.061054110119585
     0.061054110119585    -0.197889187410283    -0.203163101105019
     0.061054110119585    -0.203163101105019    -0.197889187410283
28 17
     0.005100415756942     0.009146978118224     0.009146978118224
     0.009146978118224     0.005100415756942    -0.009146978118224
     0.009146978118224    -0.009146978118224     0.005100415756942
28 18
    -0.116302803661483     0.035574529101723     0.035574529101723
     0.035574529101723    -0.019563048743976    -0.021684910461772
     0.035574529101723    -0.021684910461772    -0.019563048743976
28 19
    -0.019563048743976     0.035574529101723     0.021684910461772
     0.035574529101723    -0.116302803661483    -0.035574529101723
     0.021684910461772    -0.035574529101723    -0.019563048743976
28 20
     0.065669057795503     0.028412563915481     0.034618866084202
     0.028412563915481     0.065669057795503    -0.034618866084202
     0.034618866084202    -0.034618866084202     0.005073655330534
28 21
    -0.019563048743976     0.021684910461772     0.035574529101723
     0.021684910461772    -0.019563048743976    -0.035574529101723
     0.035574529101723    -0.035574529101723    -0.116302803661483
28 22
     0.065669057795503     0.034618866084202     0.028412563915481
     0.034618866084202     0.005073655330534    -0.034618866084202
     0.028412563915481    -0.034618866084202     0.065669057795503
28 23
     0.005073655330534     0.034618866084202     0.034618866084202
     0.034618866084202     0.065669057795503    -0.028412563915481
     0.034618866084202    -0.028412563915481     0.065669057795503
28 24
    -2.936375630241627     1.981126959435641     1.981126959435642
     1.981126959435641    -2.936375630241626    -1.981126959435642
     1.981126959435642    -1.981126959435642    -2.936375630241629
28 25
    -0.011262453489280    -0.000000000000000     0.000000000000000
     0.000000000000000    -0.011262453489280     0.000000000000000
    -0.000000000000000    -0.000000000000000     0.217939354325836
28 26
    -0.061525177596877    -0.000000000000000    -0.000000000000000
     0.000000000000000    -0.033382157715778     0.000000000000000
     0.000000000000000    -0.000000000000000    -0.061525177596877
28 27
    -0.033382157715778    -0.000000000000000    -0.000000000000000
     0.000000000000000    -0.061525177596877     0.000000000000000
     0.000000000000000    -0.000000000000000    -0.061525177596877
28 28
    12.253916845503451     0.000000000000000     0.000000000000000
     0.000000000000000    12.253916845503451    -0.000000000000000
     0.000000000000000    -0.000000000000000    12.253916845503454
28 29
    -0.005654635396013     0.000000000000000    -0.000000000000000
     0.000000000000000    -0.005654635396013     0.000000000000000
     0.000000000000000    -0.000000000000000    -0.005654635396013
28 30
     0.217939354325836    -0.000000000000000    -0.000000000000000
     0.000000000000000    -0.011262453489280     0.000000000000000
    -0.000000000000000    -0.000000000000000    -0.011262453489280
28 31
    -0.011262453489280    -0.000000000000000    -0.000000000000000
     0.000000000000000     0.217939354325836     0.000000000000000
    -0.000000000000000    -0.000000000000000    -0.011262453489280
28 32
    -0.061525177596877     0.000000000000000    -0.000000000000000
     0.000000000000000    -0.061525177596877     0.000000000000000
     0.000000000000000    -0.000000000000000    -0.033382157715778
28 33
    -0.116302803661483     0.035574529101723    -0.035574529101723
     0.035574529101723    -0.019563048743976     0.021684910461772
    -0.035574529101723     0.021684910461772    -0.019563048743976
28 34
     0.005100415756942     0.009146978118224    -0.009146978118224
     0.009146978118224     0.005100415756942     0.009146978118224
    -0.009146978118224     0.009146978118224     0.005100415756942
28 35
     0.065669057795503     0.028412563915481    -0.034618866084202
     0.028412563915481     0.065669057795503     0.034618866084202
    -0.034618866084202     0.034618866084202     0.005073655330534
28 36
    -0.019563048743976     0.035574529101723    -0.021684910461772
     0.035574529101723    -0.116302803661483     0.035574529101723
    -0.021684910461772     0.035574529101723    -0.019563048743976
28 37
     0.065669057795503     0.034618866084202    -0.028412563915481
     0.034618866084202     0.005073655330534     0.034618866084202
    -0.028412563915481     0.034618866084202     0.065669057795503
28 38
    -0.019563048743976     0.021684910461772    -0.035574529101723
     0.021684910461772    -0.019563048743976     0.035574529101723
    -0.035574529101723     0.035574529101723    -0.116302803661483
28 39
    -2.936375630241627     1.981126959435642    -1.981126959435641
     1.981126959435641    -2.936375630241628     1.981126959435641
    -1.981126959435642     1.981126959435642    -2.936375630241628
28 40
     0.005073655330534     0.034618866084202    -0.034618866084202
     0.034618866084202     0.065669057795503     0.028412563915481
    -0.034618866084202     0.028412563915481     0.065669057795503
28 41
    -0.197889187410283     0.203163101105019    -0.061054110119585
     0.203163101105019    -0.197889187410283     0.061054110119585
     0.061054110119585    -0.061054110119585     0.325400609136750
28 42
    -0.197889187410283    -0.203163101105019    -0.061054110119585
    -0.203163101105019    -0.197889187410283    -0.061054110119585
     0.061054110119585     0.061054110119585     0.325400609136750
28 43
    -0.197889187410283    -0.203163101105019     0.061054110119585
    -0.203163101105019    -0.197889187410283     0.061054110119585
    -0.061054110119585    -0.061054110119585     0.325400609136750
28 44
    -0.197889187410283     0.203163101105019     0.061054110119585
     0.203163101105019    -0.197889187410283    -0.061054110119585
    -0.061054110119585     0.061054110119585     0.325400609136750
28 45
    -0.028598700163229    -0.039918368565850    -0.012401695039443
    -0.039918368565850    -0.028598700163229     0.012401695039443
     0.012401695039443    -0.012401695039443     0.006056474586558
28 46
    -0.028598700163229     0.039918368565850    -0.012401695039443
     0.039918368565850    -0.028598700163229    -0.012401695039443
     0.012401695039443     0.012401695039443     0.006056474586558
28 47
    -0.028598700163229     0.039918368565850     0.012401695039443
     0.039918368565850    -0.028598700163229     0.012401695039443
    -0.012401695039443    -0.012401695039443     0.006056474586558
28 48
    -0.028598700163229    -0.039918368565850     0.012401695039443
    -0.039918368565850    -0.028598700163229    -0.012401695039443
    -0.012401695039443     0.012401695039443     0.006056474586558
28 49
     0.065669057795503    -0.034618866084202     0.028412563915481
    -0.034618866084202     0.005073655330534     0.034618866084202
     0.028412563915481     0.034618866084202     0.065669057795503
28 50
    -0.019563048743976    -0.021684910461772     0.035574529101723
    -0.021684910461772    -0.019563048743976     0.035574529101723
     0.035574529101723     0.035574529101723    -0.116302803661483
28 51
    -2.936375630241627    -1.981126959435642     1.981126959435641
    -1.981126959435641    -2.936375630241628     1.981126959435641
     1.981126959435642     1.981126959435642    -2.936375630241628
28 52
     0.005073655330534    -0.034618866084202     0.034618866084202
    -0.034618866084202     0.065669057795503     0.028412563915481
     0.034618866084202     0.028412563915481     0.065669057795503
28 53
    -0.116302803661483    -0.035574529101723     0.035574529101723
    -0.035574529101723    -0.019563048743976     0.021684910461772
     0.035574529101723     0.021684910461772    -0.019563048743976
28 54
     0.005100415756942    -0.009146978118224     0.009146978118224
    -0.009146978118224     0.005100415756942     0.009146978118224
     0.009146978118224     0.009146978118224     0.005100415756942
28 55
     0.065669057795503    -0.028412563915481     0.034618866084202
    -0.028412563915481     0.065669057795503     0.034618866084202
     0.034618866084202     0.034618866084202     0.005073655330534
28 56
    -0.019563048743976    -0.035574529101723     0.021684910461772
    -0.035574529101723    -0.116302803661483     0.035574529101723
     0.021684910461772     0.035574529101723    -0.019563048743976
28 57
    -0.028598700163229    -0.012401695039443    -0.039918368565850
     0.012401695039443     0.006056474586558    -0.012401695039443
    -0.039918368565850     0.012401695039443    -0.028598700163229
28 58
    -0.028598700163229    -0.012401695039443     0.039918368565850
     0.012401695039443     0.006056474586558     0.012401695039443
     0.039918368565850    -0.012401695039443    -0.028598700163229
28 59
    -0.197889187410283    -0.061054110119585     0.203163101105019
     0.061054110119585     0.325400609136750    -0.061054110119585
     0.203163101105019     0.061054110119585    -0.197889187410283
28 60
    -0.197889187410283    -0.061054110119585    -0.203163101105019
     0.061054110119585     0.325400609136750     0.061054110119585
    -0.203163101105019    -0.061054110119585    -0.197889187410283
28 61
    -0.028598700163229     0.012401695039443     0.039918368565850
    -0.012401695039443     0.006056474586558    -0.012401695039443
     0.039918368565850     0.012401695039443    -0.028598700163229
28 62
    -0.028598700163229     0.012401695039443    -0.039918368565850
    -0.012401695039443     0.006056474586558     0.012401695039443
    -0.039918368565850    -0.012401695039443    -0.028598700163229
28 63
    -0.197889187410283     0.061054110119585    -0.203163101105019
    -0.061054110119585     0.325400609136750    -0.061054110119585
    -0.203163101105019     0.061054110119585    -0.197889187410283
28 64
    -0.197889187410283     0.061054110119585     0.203163101105019
    -0.061054110119585     0.325400609136750     0.061054110119585
     0.203163101105019    -0.061054110119585    -0.197889187410283
29 1
     0.065669057795503    -0.028412563915481    -0.034618866084202
    -0.028412563915481     0.065669057795503    -0.034618866084202
    -0.034618866084202    -0.034618866084202     0.005073655330534
29 2
    -0.019563048743976    -0.035574529101723    -0.021684910461772
    -0.035574529101723    -0.116302803661483    -0.035574529101723
    -0.021684910461772    -0.035574529101723    -0.019563048743976
29 3
    -0.116302803661483    -0.035574529101723    -0.035574529101723
    -0.035574529101723    -0.019563048743976    -0.021684910461772
    -0.035574529101723    -0.021684910461772    -0.019563048743976
29 4
     0.005100415756942    -0.009146978118224    -0.009146978118224
    -0.009146978118224     0.005100415756942    -0.009146978118224
    -0.009146978118224    -0.009146978118224     0.005100415756942
29 5
    -2.936375630241627    -1.981126959435642    -1.981126959435641
    -1.981126959435642    -2.936375630241629    -1.981126959435642
    -1.981126959435641    -1.981126959435642    -2.936375630241627
29 6
     0.005073655330534    -0.034618866084202    -0.034618866084202
    -0.034618866084202     0.065669057795503    -0.028412563915481
    -0.034618866084202    -0.028412563915481     0.065669057795503
29 7
     0.065669057795503    -0.034618866084202    -0.028412563915481
    -0.034618866084202     0.005073655330534    -0.034618866084202
    -0.028412563915481    -0.034618866084202     0.065669057795503
29 8
    -0.019563048743976    -0.021684910461772    -0.035574529101723
    -0.021684910461772    -0.019563048743976    -0.035574529101723
    -0.035574529101723    -0.035574529101723    -0.116302803661483
29 9
     0.325400609136750    -0.061054110119585    -0.061054110119585
     0.061054110119585    -0.197889187410283    -0.203163101105019
     0.061054110119585    -0.203163101105019    -0.197889187410283
29 10
     0.006056474586558    -0.012401695039443    -0.012401695039443
     0.012401695039443    -0.028598700163229     0.039918368565850
     0.012401695039443     0.039918368565850    -0.028598700163229
29 11
     0.325400609136750    -0.061054110119585     0.061054110119585
     0.061054110119585    -0.197889187410283     0.203163101105019
    -0.061054110119585     0.203163101105019    -0.197889187410283
29 12
     0.006056474586558    -0.012401695039443     0.012401695039443
     0.012401695039443    -0.028598700163229    -0.039918368565850
    -0.012401695039443    -0.039918368565850    -0.028598700163229
29 13
     0.325400609136750     0.061054110119585    -0.061054110119585
    -0.061054110119585    -0.197889187410283     0.203163101105019
     0.061054110119585     0.203163101105019    -0.197889187410283
29 14
     0.006056474586558     0.012401695039443    -0.012401695039443
    -0.012401695039443    -0.028598700163229    -0.039918368565850
     0.012401695039443    -0.039918368565850    -0.028598700163229
29 15
     0.325400609136750     0.061054110119585     0.061054110119585
    -0.061054110119585    -0.197889187410283    -0.203163101105019
    -0.061054110119585    -0.203163101105019    -0.197889187410283
29 16
     0.006056474586558     0.012401695039443     0.012401695039443
    -0.012401695039443    -0.028598700163229     0.039918368565850
    -0.012401695039443     0.039918368565850    -0.028598700163229
29 17
    -2.936375630241627     1.981126959435642     1.981126959435641
     1.981126959435642    -2.936375630241629    -1.981126959435642
     1.981126959435641    -1.981126959435642    -2.936375630241626
29 18
     0.005073655330534     0.034618866084202     0.034618866084202
     0.034618866084202     0.065669057795503    -0.028412563915481
     0.034618866084202    -0.028412563915481     0.065669057795503
29 19
     0.065669057795503     0.034618866084202     0.028412563915481
     0.034618866084202     0.005073655330534    -0.034618866084202
     0.028412563915481    -0.034618866084202     0.065669057795503
29 20
    -0.019563048743976     0.021684910461772     0.035574529101723
     0.021684910461772    -0.019563048743976    -0.035574529101723
     0.035574529101723    -0.035574529101723    -0.116302803661483
29 21
     0.065669057795503     0.028412563915481     0.034618866084202
     0.028412563915481     0.065669057795503    -0.034618866084202
     0.034618866084202    -0.034618866084202     0.005073655330534
29 22
    -0.019563048743976     0.035574529101723     0.021684910461772
     0.035574529101723    -0.116302803661483    -0.035574529101723
     0.021684910461772    -0.035574529101723    -0.019563048743976
29 23
    -0.116302803661483     0.035574529101723     0.035574529101723
     0.035574529101723    -0.019563048743976    -0.021684910461772
     0.035574529101723    -0.021684910461772    -0.019563048743976
29 24
     0.005100415756942     0.009146978118224     0.009146978118224
     0.009146978118224     0.005100415756942    -0.009146978118224
     0.009146978118224    -0.009146978118224     0.005100415756942
29 25
    -0.061525177596877    -0.000000000000000     0.000000000000000
     0.000000000000000    -0.061525177596877     0.000000000000000
    -0.000000000000000     0.000000000000000    -0.033382157715778
29 26
    -0.011262453489280    -0.000000000000000     0.000000000000000
     0.000000000000000     0.217939354325836    -0.000000000000000
    -0.000000000000000     0.000000000000000    -0.011262453489280
29 27
     0.217939354325836    -0.000000000000000     0.000000000000000
     0.000000000000000    -0.011262453489280     0.000000000000000
    -0.000000000000000     0.000000000000000    -0.011262453489280
29 28
    -0.005654635396013     0.000000000000000     0.000000000000000
     0.000000000000000    -0.005654635396013    -0.000000000000000
    -0.000000000000000     0.000000000000000    -0.005654635396013
29 29
    12.253916845503451     0.000000000000000    -0.000000000000000
     0.000000000000000    12.253916845503456     0.000000000000000
    -0.000000000000000     0.000000000000000    12.253916845503451
29 30
    -0.033382157715778    -0.000000000000000     0.000000000000000
     0.000000000000000    -0.061525177596877     0.000000000000000
    -0.000000000000000     0.000000000000000    -0.061525177596877
29 31
    -0.061525177596877    -0.000000000000000     0.000000000000000
     0.000000000000000    -0.033382157715778     0.000000000000000
    -0.000000000000000     0.000000000000000    -0.061525177596877
29 32
    -0.011262453489280     0.000000000000000     0.000000000000000
     0.000000000000000    -0.011262453489280     0.000000000000000
    -0.000000000000000     0.000000000000000     0.217939354325836
29 33
     0.005073655330534     0.034618866084202    -0.034618866084202
     0.034618866084202     0.065669057795503     0.028412563915481
    -0.034618866084202     0.028412563915481     0.065669057795503
29 34
    -2.936375630241627     1.981126959435641    -1.981126959435642
     1.981126959435642    -2.936375630241628     1.981126959435642
    -1.981126959435641     1.981126959435641    -2.936375630241628
29 35
    -0.019563048743976     0.021684910461772    -0.035574529101723
     0.021684910461772    -0.019563048743976     0.035574529101723
    -0.035574529101723     0.035574529101723    -0.116302803661483
29 36
     0.065669057795503     0.034618866084202    -0.028412563915481
     0.034618866084202     0.005073655330534     0.034618866084202
    -0.028412563915481     0.034618866084202     0.065669057795503
29 37
    -0.019563048743976     0.035574529101723    -0.021684910461772
     0.035574529101723    -0.116302803661483     0.035574529101723
    -0.021684910461772     0.035574529101723    -0.019563048743976
29 38
     0.065669057795503     0.028412563915481    -0.034618866084202
     0.028412563915481     0.065669057795503     0.034618866084202
    -0.034618866084202     0.034618866084202     0.005073655330534
29 39
     0.005100415756942     0.009146978118224    -0.009146978118224
     0.009146978118224     0.005100415756942     0.009146978118224
    -0.009146978118224     0.009146978118224     0.005100415756942
29 40
    -0.116302803661483     0.035574529101723    -0.035574529101723
     0.035574529101723    -0.019563048743976     0.021684910461772
    -0.035574529101723     0.021684910461772    -0.019563048743976
29 41
    -0.028598700163229    -0.039918368565850     0.012401695039443
    -0.039918368565850    -0.028598700163229    -0.012401695039443
    -0.012401695039443     0.012401695039443     0.006056474586558
29 42
    -0.028598700163229     0.039918368565850     0.012401695039443
     0.039918368565850    -0.028598700163229     0.012401695039443
    -0.012401695039443    -0.012401695039443     0.006056474586558
29 43
    -0.028598700163229     0.039918368565850    -0.012401695039443
     0.039918368565850    -0.028598700163229    -0.012401695039443
     0.012401695039443     0.012401695039443     0.006056474586558
29 44
    -0.028598700163229    -0.039918368565850    -0.012401695039443
    -0.039918368565850    -0.028598700163229     0.012401695039443
     0.012401695039443    -0.012401695039443     0.006056474586558
29 45
    -0.197889187410283     0.203163101105019     0.061054110119585
     0.203163101105019    -0.197889187410283    -0.061054110119585
    -0.061054110119585     0.061054110119585     0.325400609136750
29 46
    -0.197889187410283    -0.203163101105019     0.061054110119585
    -0.203163101105019    -0.197889187410283     0.061054110119585
    -0.061054110119585    -0.061054110119585     0.325400609136750
29 47
    -0.197889187410283    -0.203163101105019    -0.061054110119585
    -0.203163101105019    -0.197889187410283    -0.061054110119585
     0.061054110119585     0.061054110119585     0.325400609136750
29 48
    -0.197889187410283     0.203163101105019    -0.061054110119585
     0.203163101105020    -0.197889187410283     0.061054110119585
     0.061054110119585    -0.061054110119585     0.325400609136750
29 49
    -0.019563048743976    -0.035574529101723     0.021684910461772
    -0.035574529101723    -0.116302803661483     0.035574529101723
     0.021684910461772     0.035574529101723    -0.019563048743976
29 50
     0.065669057795503    -0.028412563915481     0.034618866084202
    -0.028412563915481     0.065669057795503     0.034618866084202
     0.034618866084202     0.034618866084202     0.005073655330534
29 51
     0.005100415756942    -0.009146978118224     0.009146978118224
    -0.009146978118224     0.005100415756942     0.009146978118224
     0.009146978118224     0.009146978118224     0.005100415756942
29 52
    -0.116302803661483    -0.035574529101723     0.035574529101723
    -0.035574529101723    -0.019563048743976     0.021684910461772
     0.035574529101723     0.021684910461772    -0.019563048743976
29 53
     0.005073655330534    -0.034618866084202     0.034618866084202
    -0.034618866084202     0.065669057795503     0.028412563915481
     0.034618866084202     0.028412563915481     0.065669057795503
29 54
    -2.936375630241628    -1.981126959435641     1.981126959435641
    -1.981126959435642    -2.936375630241628     1.981126959435642
     1.981126959435642     1.981126959435641    -2.936375630241627
29 55
    -0.019563048743976    -0.021684910461772     0.035574529101723
    -0.021684910461772    -0.019563048743976     0.035574529101723
     0.035574529101723     0.035574529101723    -0.116302803661483
29 56
     0.065669057795503    -0.034618866084202     0.028412563915481
    -0.034618866084202     0.005073655330534     0.034618866084202
     0.028412563915481     0.034618866084202     0.065669057795503
29 57
    -0.197889187410283     0.061054110119585     0.203163101105019
    -0.061054110119585     0.325400609136750     0.061054110119585
     0.203163101105019    -0.061054110119585    -0.197889187410283
29 58
    -0.197889187410283     0.061054110119585    -0.203163101105019
    -0.061054110119585     0.325400609136750    -0.061054110119585
    -0.203163101105019     0.061054110119585    -0.197889187410283
29 59
    -0.028598700163229     0.012401695039443    -0.039918368565850
    -0.012401695039443     0.006056474586558     0.012401695039443
    -0.039918368565850    -0.012401695039443    -0.028598700163229
29 60
    -0.028598700163229     0.012401695039443     0.039918368565850
    -0.012401695039443     0.006056474586558    -0.012401695039443
     0.039918368565850     0.012401695039443    -0.028598700163229
29 61
    -0.197889187410283    -0.061054110119585    -0.203163101105019
     0.061054110119585     0.325400609136750     0.061054110119585
    -0.203163101105019    -0.061054110119585    -0.197889187410283
29 62
    -0.197889187410283    -0.061054110119585     0.203163101105019
     0.061054110119585     0.325400609136750    -0.061054110119585
     0.203163101105019     0.061054110119585    -0.197889187410283
29 63
    -0.028598700163229    -0.012401695039443     0.039918368565850
     0.012401695039443     0.006056474586558     0.012401695039443
     0.039918368565850    -0.012401695039443    -0.028598700163229
29 64
    -0.028598700163229    -0.012401695039443    -0.039918368565850
     0.012401695039443     0.006056474586558    -0.012401695039443
    -0.039918368565850     0.012401695039443    -0.028598700163229
30 1
    -0.019563048743976    -0.035574529101723    -0.021684910461772
    -0.035574529101723    -0.116302803661483    -0.035574529101723
    -0.021684910461772    -0.035574529101723    -0.019563048743976
30 2
     0.065669057795503    -0.028412563915481    -0.034618866084202
    -0.028412563915481     0.065669057795503    -0.034618866084202
    -0.034618866084202    -0.034618866084202     0.005073655330534
30 3
     0.005100415756942    -0.009146978118224    -0.009146978118224
    -0.009146978118224     0.005100415756942    -0.009146978118224
    -0.009146978118224    -0.009146978118224     0.005100415756942
30 4
    -0.116302803661483    -0.035574529101723    -0.035574529101723
    -0.035574529101723    -0.019563048743976    -0.021684910461772
    -0.035574529101723    -0.021684910461772    -0.019563048743976
30 5
     0.005073655330534    -0.034618866084202    -0.034618866084202
    -0.034618866084202     0.065669057795503    -0.028412563915481
    -0.034618866084202    -0.028412563915481     0.065669057795503
30 6
    -2.936375630241628    -1.981126959435642    -1.981126959435642
    -1.981126959435641    -2.936375630241628    -1.981126959435641
    -1.981126959435641    -1.981126959435642    -2.936375630241627
30 7
    -0.019563048743976    -0.021684910461772    -0.035574529101723
    -0.021684910461772    -0.019563048743976    -0.035574529101723
    -0.035574529101723    -0.035574529101723    -0.116302803661483
30 8
     0.065669057795503    -0.034618866084202    -0.028412563915481
    -0.034618866084202     0.005073655330534    -0.034618866084202
    -0.028412563915481    -0.034618866084202     0.065669057795503
30 9
     0.006056474586558    -0.012401695039443    -0.012401695039443
     0.012401695039443    -0.028598700163229     0.039918368565850
     0.012401695039443     0.039918368565850    -0.028598700163229
30 10
     0.325400609136750    -0.061054110119585    -0.061054110119585
     0.061054110119585    -0.197889187410283    -0.203163101105019
     0.061054110119585    -0.203163101105019    -0.197889187410283
30 11
     0.006056474586558    -0.012401695039443     0.012401695039443
     0.012401695039443    -0.028598700163229    -0.039918368565850
    -0.012401695039443    -0.039918368565850    -0.028598700163229
30 12
     0.325400609136750    -0.061054110119585     0.061054110119585
     0.061054110119585    -0.197889187410283     0.203163101105019
    -0.061054110119585     0.203163101105019    -0.197889187410283
30 13
     0.006056474586558     0.012401695039443    -0.012401695039443
    -0.012401695039443    -0.028598700163229    -0.039918368565850
     0.012401695039443    -0.039918368565850    -0.028598700163229
30 14
     0.325400609136750     0.061054110119585    -0.061054110119585
    -0.061054110119585    -0.197889187410283     0.203163101105019
     0.061054110119585     0.203163101105019    -0.197889187410283
30 15
     0.006056474586558     0.012401695039443     0.012401695039443
    -0.012401695039443    -0.028598700163229     0.039918368565850
    -0.012401695039443     0.039918368565850    -0.028598700163229
30 16
     0.325400609136750     0.061054110119585     0.061054110119585
    -0.061054110119585    -0.197889187410283    -0.203163101105019
    -0.061054110119585    -0.203163101105019    -0.197889187410283
30 17
     0.005073655330534     0.034618866084202     0.034618866084202
     0.034618866084202     0.065669057795503    -0.028412563915481
     0.034618866084202    -0.028412563915481     0.065669057795503
30 18
    -2.936375630241628     1.981126959435642     1.981126959435642
     1.981126959435641    -2.936375630241626    -1.981126959435642
     1.981126959435641    -1.981126959435641    -2.936375630241628
30 19
    -0.019563048743976     0.021684910461772     0.035574529101723
     0.021684910461772    -0.019563048743976    -0.035574529101723
     0.035574529101723    -0.035574529101723    -0.116302803661483
30 20
     0.065669057795503     0.034618866084202     0.028412563915481
     0.034618866084202     0.005073655330534    -0.034618866084202
     0.028412563915481    -0.034618866084202     0.065669057795503
30 21
    -0.019563048743976     0.035574529101723     0.021684910461772
     0.035574529101723    -0.116302803661483    -0.035574529101723
     0.021684910461772    -0.035574529101723    -0.019563048743976
30 22
     0.065669057795503     0.028412563915481     0.034618866084202
     0.028412563915481     0.065669057795503    -0.034618866084202
     0.034618866084202    -0.034618866084202     0.005073655330534
30 23
     0.005100415756942     0.009146978118224     0.009146978118224
     0.009146978118224     0.005100415756942    -0.009146978118224
     0.009146978118224    -0.009146978118224     0.005100415756942
30 24
    -0.116302803661483     0.035574529101723     0.035574529101723
     0.035574529101723    -0.019563048743976    -0.021684910461772
     0.035574529101723    -0.021684910461772    -0.019563048743976
30 25
    -0.011262453489280     0.000000000000000     0.000000000000000
     0.000000000000000     0.217939354325836     0.000000000000000
    -0.000000000000000     0.000000000000000    -0.011262453489280
30 26
    -0.061525177596877     0.000000000000000    -0.000000000000000
    -0.000000000000000    -0.061525177596877    -0.000000000000000
     0.000000000000000     0.000000000000000    -0.033382157715778
30 27
    -0.005654635396013     0.000000000000000    -0.000000000000000
    -0.000000000000000    -0.005654635396013     0.000000000000000
    -0.000000000000000     0.000000000000000    -0.005654635396013
30 28
     0.217939354325836     0.000000000000000    -0.000000000000000
    -0.000000000000000    -0.011262453489280    -0.000000000000000
    -0.000000000000000     0.000000000000000    -0.011262453489280
30 29
    -0.033382157715778     0.000000000000000    -0.000000000000000
    -0.000000000000000    -0.061525177596877     0.000000000000000
     0.000000000000000     0.000000000000000    -0.061525177596877
30 30
    12.253916845503454     0.000000000000000    -0.000000000000000
     0.000000000000000    12.253916845503451     0.000000000000000
    -0.000000000000000     0.000000000000000    12.253916845503452
30 31
    -0.011262453489280    -0.000000000000000    -0.000000000000000
     0.000000000000000    -0.011262453489280     0.000000000000000
    -0.000000000000000     0.000000000000000     0.217939354325836
30 32
    -0.061525177596877     0.000000000000000    -0.000000000000000
    -0.000000000000000    -0.033382157715778     0.000000000000000
     0.000000000000000    -0.000000000000000    -0.061525177596877
30 33
    -2.936375630241628     1.981126959435642    -1.981126959435642
     1.981126959435641    -2.936375630241626     1.981126959435642
    -1.981126959435641     1.981126959435641    -2.936375630241628
30 34
     0.005073655330534     0.034618866084202    -0.034618866084202
     0.034618866084202     0.065669057795503     0.028412563915481
    -0.034618866084202     0.028412563915481     0.065669057795503
30 35
     0.065669057795503     0.034618866084202    -0.028412563915481
     0.034618866084202     0.005073655330534     0.034618866084202
    -0.028412563915481     0.034618866084202     0.065669057795503
30 36
    -0.019563048743976     0.021684910461772    -0.035574529101723
     0.021684910461772    -0.019563048743976     0.035574529101723
    -0.035574529101723     0.035574529101723    -0.116302803661483
30 37
     0.065669057795503     0.028412563915481    -0.034618866084202
     0.028412563915481     0.065669057795503     0.034618866084202
    -0.034618866084202     0.034618866084202     0.005073655330534
30 38
    -0.019563048743976     0.035574529101723    -0.021684910461772
     0.035574529101723    -0.116302803661483     0.035574529101723
    -0.021684910461772     0.035574529101723    -0.019563048743976
30 39
    -0.116302803661483     0.035574529101723    -0.035574529101723
     0.035574529101723    -0.019563048743976     0.021684910461772
    -0.035574529101723     0.021684910461772    -0.019563048743976
30 40
     0.005100415756942     0.009146978118224    -0.009146978118224
     0.009146978118224     0.005100415756942     0.009146978118224
    -0.009146978118224     0.009146978118224     0.005100415756942
30 41
    -0.028598700163229     0.039918368565850     0.012401695039443
     0.039918368565850    -0.028598700163229     0.012401695039443
    -0.012401695039443    -0.012401695039443     0.006056474586558
30 42
    -0.028598700163229    -0.039918368565850     0.012401695039443
    -0.039918368565850    -0.028598700163229    -0.012401695039443
    -0.012401695039443     0.012401695039443     0.006056474586558
30 43
    -0.028598700163229    -0.039918368565850    -0.012401695039443
    -0.039918368565850    -0.028598700163229     0.012401695039443
     0.012401695039443    -0.012401695039443     0.006056474586558
30 44
    -0.028598700163229     0.039918368565850    -0.012401695039443
     0.039918368565850    -0.028598700163229    -0.012401695039443
     0.012401695039443     0.012401695039443     0.006056474586558
30 45
    -0.197889187410283    -0.203163101105020     0.061054110119585
    -0.203163101105019    -0.197889187410283     0.061054110119585
    -0.061054110119585    -0.061054110119585     0.325400609136750
30 46
    -0.197889187410283     0.203163101105019     0.061054110119585
     0.203163101105019    -0.197889187410283    -0.061054110119585
    -0.061054110119585     0.061054110119585     0.325400609136750
30 47
    -0.197889187410283     0.203163101105020    -0.061054110119585
     0.203163101105019    -0.197889187410283     0.061054110119585
     0.061054110119585    -0.061054110119585     0.325400609136750
30 48
    -0.197889187410283    -0.203163101105019    -0.061054110119585
    -0.203163101105019    -0.197889187410283    -0.061054110119585
     0.061054110119585     0.061054110119585     0.325400609136750
30 49
     0.065669057795503    -0.028412563915481     0.034618866084202
    -0.028412563915481     0.065669057795503     0.034618866084202
     0.034618866084202     0.034618866084202     0.005073655330534
30 50
    -0.019563048743976    -0.035574529101723     0.021684910461772
    -0.035574529101723    -0.116302803661483     0.035574529101723
     0.021684910461772     0.035574529101723    -0.019563048743976
30 51
    -0.116302803661483    -0.035574529101723     0.035574529101723
    -0.035574529101723    -0.019563048743976     0.021684910461772
     0.035574529101723     0.021684910461772    -0.019563048743976
30 52
     0.005100415756942    -0.009146978118224     0.009146978118224
    -0.009146978118224     0.005100415756942     0.009146978118224
     0.009146978118224     0.009146978118224     0.005100415756942
30 53
    -2.936375630241628    -1.981126959435642     1.981126959435642
    -1.981126959435641    -2.936375630241627     1.981126959435642
     1.981126959435641     1.981126959435641    -2.936375630241628
30 54
     0.005073655330534    -0.034618866084202     0.034618866084202
    -0.034618866084202     0.065669057795503     0.028412563915481
     0.034618866084202     0.028412563915481     0.065669057795503
30 55
     0.065669057795503    -0.034618866084202     0.028412563915481
    -0.034618866084202     0.005073655330534     0.034618866084202
     0.028412563915481     0.034618866084202     0.065669057795503
30 56
    -0.019563048743976    -0.021684910461772     0.035574529101723
    -0.021684910461772    -0.019563048743976     0.035574529101723
     0.035574529101723     0.035574529101723    -0.116302803661483
30 57
    -0.197889187410283     0.061054110119585    -0.203163101105019
    -0.061054110119585     0.325400609136750    -0.061054110119585
    -0.203163101105019     0.061054110119585    -0.197889187410283
30 58
    -0.197889187410283     0.061054110119585     0.203163101105020
    -0.061054110119585     0.325400609136750     0.061054110119585
     0.203163101105019    -0.061054110119585    -0.197889187410283
30 59
    -0.028598700163229     0.012401695039443     0.039918368565850
    -0.012401695039443     0.006056474586558    -0.012401695039443
     0.039918368565850     0.012401695039443    -0.028598700163229
30 60
    -0.028598700163229     0.012401695039443    -0.039918368565850
    -0.012401695039443     0.006056474586558     0.012401695039443
    -0.039918368565850    -0.012401695039443    -0.028598700163229
30 61
    -0.197889187410283    -0.061054110119585     0.203163101105020
     0.061054110119585     0.325400609136750    -0.061054110119585
     0.203163101105019     0.061054110119585    -0.197889187410283
30 62
    -0.197889187410283    -0.061054110119585    -0.203163101105019
     0.061054110119585     0.325400609136750     0.061054110119585
    -0.203163101105019    -0.061054110119585    -0.197889187410283
30 63
    -0.028598700163229    -0.012401695039443    -0.039918368565850
     0.012401695039443     0.006056474586558    -0.012401695039443
    -0.039918368565850     0.012401695039443    -0.028598700163229
30 64
    -0.028598700163229    -0.012401695039443     0.039918368565850
     0.012401695039443     0.006056474586558     0.012401695039443
     0.039918368565850    -0.012401695039443    -0.028598700163229
31 1
    -0.116302803661483    -0.035574529101723    -0.035574529101723
    -0.035574529101723    -0.019563048743976    -0.021684910461772
    -0.035574529101723    -0.021684910461772    -0.019563048743976
31 2
     0.005100415756942    -0.009146978118224    -0.009146978118224
    -0.009146978118224     0.005100415756942    -0.009146978118224
    -0.009146978118224    -0.009146978118224     0.005100415756942
31 3
     0.065669057795503    -0.028412563915481    -0.034618866084202
    -0.028412563915481     0.065669057795503    -0.034618866084202
    -0.034618866084202    -0.034618866084202     0.005073655330534
31 4
    -0.019563048743976    -0.035574529101723    -0.021684910461772
    -0.035574529101723    -0.116302803661483    -0.035574529101723
    -0.021684910461772    -0.035574529101723    -0.019563048743976
31 5
     0.065669057795503    -0.034618866084202    -0.028412563915481
    -0.034618866084202     0.005073655330534    -0.034618866084202
    -0.028412563915481    -0.034618866084202     0.065669057795503
31 6
    -0.019563048743976    -0.021684910461772    -0.035574529101723
    -0.021684910461772    -0.019563048743976    -0.035574529101723
    -0.035574529101723    -0.035574529101723    -0.116302803661483
31 7
    -2.936375630241628    -1.981126959435642    -1.981126959435642
    -1.981126959435641    -2.936375630241628    -1.981126959435641
    -1.981126959435641    -1.981126959435642    -2.936375630241626
31 8
     0.005073655330534    -0.034618866084202    -0.034618866084202
    -0.034618866084202     0.065669057795503    -0.028412563915481
    -0.034618866084202    -0.028412563915481     0.065669057795503
31 9
     0.325400609136750    -0.061054110119585     0.061054110119585
     0.061054110119585    -0.197889187410283     0.203163101105019
    -0.061054110119585     0.203163101105019    -0.197889187410283
31 10
     0.006056474586558    -0.012401695039443     0.012401695039443
     0.012401695039443    -0.028598700163229    -0.039918368565850
    -0.012401695039443    -0.039918368565850    -0.028598700163229
31 11
     0.325400609136750    -0.061054110119585    -0.061054110119585
     0.061054110119585    -0.197889187410283    -0.203163101105019
     0.061054110119585    -0.203163101105019    -0.197889187410283
31 12
     0.006056474586558    -0.012401695039443    -0.012401695039443
     0.012401695039443    -0.028598700163229     0.039918368565850
     0.012401695039443     0.039918368565850    -0.028598700163229
31 13
     0.325400609136750     0.061054110119585     0.061054110119585
    -0.061054110119585    -0.197889187410283    -0.203163101105019
    -0.061054110119585    -0.203163101105019    -0.197889187410283
31 14
     0.006056474586558     0.012401695039443     0.012401695039443
    -0.012401695039443    -0.028598700163229     0.039918368565850
    -0.012401695039443     0.039918368565850    -0.028598700163229
31 15
     0.325400609136750     0.061054110119585    -0.061054110119585
    -0.061054110119585    -0.197889187410283     0.203163101105019
     0.061054110119585     0.203163101105019    -0.197889187410283
31 16
     0.006056474586558     0.012401695039443    -0.012401695039443
    -0.012401695039443    -0.028598700163229    -0.039918368565850
     0.012401695039443    -0.039918368565850    -0.028598700163229
31 17
     0.065669057795503     0.034618866084202     0.028412563915481
     0.034618866084202     0.005073655330534    -0.034618866084202
     0.028412563915481    -0.034618866084202     0.065669057795503
31 18
    -0.019563048743976     0.021684910461772     0.035574529101723
     0.021684910461772    -0.019563048743976    -0.035574529101723
     0.035574529101723    -0.035574529101723    -0.116302803661483
31 19
    -2.936375630241628     1.981126959435642     1.981126959435642
     1.981126959435641    -2.936375630241627    -1.981126959435642
     1.981126959435641    -1.981126959435641    -2.936375630241628
31 20
     0.005073655330534     0.034618866084202     0.034618866084202
     0.034618866084202     0.065669057795503    -0.028412563915481
     0.034618866084202    -0.028412563915481     0.065669057795503
31 21
    -0.116302803661483     0.035574529101723     0.035574529101723
     0.035574529101723    -0.019563048743976    -0.021684910461772
     0.035574529101723    -0.021684910461772    -0.019563048743976
31 22
     0.005100415756942     0.009146978118224     0.009146978118224
     0.009146978118224     0.005100415756942    -0.009146978118224
     0.009146978118224    -0.009146978118224     0.005100415756942
31 23
     0.065669057795503     0.028412563915481     0.034618866084202
     0.028412563915481     0.065669057795503    -0.034618866084202
     0.034618866084202    -0.034618866084202     0.005073655330534
31 24
    -0.019563048743976     0.035574529101723     0.021684910461772
     0.035574529101723    -0.116302803661483    -0.035574529101723
     0.021684910461772    -0.035574529101723    -0.019563048743976
31 25
     0.217939354325836    -0.000000000000000    -0.000000000000000
     0.000000000000000    -0.011262453489280     0.000000000000000
    -0.000000000000000     0.000000000000000    -0.011262453489280
31 26
    -0.005654635396013     0.000000000000000    -0.000000000000000
    -0.000000000000000    -0.005654635396013    -0.000000000000000
     0.000000000000000     0.000000000000000    -0.005654635396013
31 27
    -0.061525177596877     0.000000000000000    -0.000000000000000
    -0.000000000000000    -0.061525177596877     0.000000000000000
     0.000000000000000     0.000000000000000    -0.033382157715778
31 28
    -0.011262453489280     0.000000000000000    -0.000000000000000
    -0.000000000000000     0.217939354325836    -0.000000000000000
    -0.000000000000000     0.000000000000000    -0.011262453489280
31 29
    -0.061525177596877     0.000000000000000    -0.000000000000000
    -0.000000000000000    -0.033382157715778     0.000000000000000
     0.000000000000000     0.000000000000000    -0.061525177596877
31 30
    -0.011262453489280     0.000000000000000    -0.000000000000000
    -0.000000000000000    -0.011262453489280     0.000000000000000
    -0.000000000000000     0.000000000000000     0.217939354325836
31 31
    12.253916845503454     0.000000000000000    -0.000000000000000
     0.000000000000000    12.253916845503451     0.000000000000001
    -0.000000000000000     0.000000000000001    12.253916845503451
31 32
    -0.033382157715778     0.000000000000000    -0.000000000000000
    -0.000000000000000    -0.061525177596877     0.000000000000000
     0.000000000000000    -0.000000000000000    -0.061525177596877
31 33
    -0.019563048743976     0.021684910461772    -0.035574529101723
     0.021684910461772    -0.019563048743976     0.035574529101723
    -0.035574529101723     0.035574529101723    -0.116302803661483
31 34
     0.065669057795503     0.034618866084202    -0.028412563915481
     0.034618866084202     0.005073655330534     0.034618866084202
    -0.028412563915481     0.034618866084202     0.065669057795503
31 35
     0.005073655330534     0.034618866084202    -0.034618866084202
     0.034618866084202     0.065669057795503     0.028412563915481
    -0.034618866084202     0.028412563915481     0.065669057795503
31 36
    -2.936375630241629     1.981126959435642    -1.981126959435642
     1.981126959435642    -2.936375630241627     1.981126959435641
    -1.981126959435642     1.981126959435641    -2.936375630241627
31 37
     0.005100415756942     0.009146978118224    -0.009146978118224
     0.009146978118224     0.005100415756942     0.009146978118224
    -0.009146978118224     0.009146978118224     0.005100415756942
31 38
    -0.116302803661483     0.035574529101723    -0.035574529101723
     0.035574529101723    -0.019563048743976     0.021684910461772
    -0.035574529101723     0.021684910461772    -0.019563048743976
31 39
    -0.019563048743976     0.035574529101723    -0.021684910461772
     0.035574529101723    -0.116302803661483     0.035574529101723
    -0.021684910461772     0.035574529101723    -0.019563048743976
31 40
     0.065669057795503     0.028412563915481    -0.034618866084202
     0.028412563915481     0.065669057795503     0.034618866084202
    -0.034618866084202     0.034618866084202     0.005073655330534
31 41
    -0.028598700163229     0.039918368565850    -0.012401695039443
     0.039918368565850    -0.028598700163229    -0.012401695039443
     0.012401695039443     0.012401695039443     0.006056474586558
31 42
    -0.028598700163229    -0.039918368565850    -0.012401695039443
    -0.039918368565850    -0.028598700163229     0.012401695039443
     0.012401695039443    -0.012401695039443     0.006056474586558
31 43
    -0.028598700163229    -0.039918368565850     0.012401695039443
    -0.039918368565850    -0.028598700163229    -0.012401695039443
    -0.012401695039443     0.012401695039443     0.006056474586558
31 44
    -0.028598700163229     0.039918368565850     0.012401695039443
     0.039918368565850    -0.028598700163229     0.012401695039443
    -0.012401695039443    -0.012401695039443     0.006056474586558
31 45
    -0.197889187410283    -0.203163101105020    -0.061054110119585
    -0.203163101105019    -0.197889187410283    -0.061054110119585
     0.061054110119585     0.061054110119585     0.325400609136750
31 46
    -0.197889187410283     0.203163101105019    -0.061054110119585
     0.203163101105019    -0.197889187410283     0.061054110119585
     0.061054110119585    -0.061054110119585     0.325400609136750
31 47
    -0.197889187410283     0.203163101105020     0.061054110119585
     0.203163101105019    -0.197889187410283    -0.061054110119585
    -0.061054110119585     0.061054110119585     0.325400609136750
31 48
    -0.197889187410283    -0.203163101105019     0.061054110119585
    -0.203163101105019    -0.197889187410283     0.061054110119585
    -0.061054110119585    -0.061054110119585     0.325400609136750
31 49
     0.005100415756942    -0.009146978118224     0.009146978118224
    -0.009146978118224     0.005100415756942     0.009146978118224
     0.009146978118224     0.009146978118224     0.005100415756942
31 50
    -0.116302803661483    -0.035574529101723     0.035574529101723
    -0.035574529101723    -0.019563048743976     0.021684910461772
     0.035574529101723     0.021684910461772    -0.019563048743976
31 51
    -0.019563048743976    -0.035574529101723     0.021684910461772
    -0.035574529101723    -0.116302803661483     0.035574529101723
     0.021684910461772     0.035574529101723    -0.019563048743976
31 52
     0.065669057795503    -0.028412563915481     0.034618866084202
    -0.028412563915481     0.065669057795503     0.034618866084202
     0.034618866084202     0.034618866084202     0.005073655330534
31 53
    -0.019563048743976    -0.021684910461772     0.035574529101723
    -0.021684910461772    -0.019563048743976     0.035574529101723
     0.035574529101723     0.035574529101723    -0.116302803661483
31 54
     0.065669057795503    -0.034618866084202     0.028412563915481
    -0.034618866084202     0.005073655330534     0.034618866084202
     0.028412563915481     0.034618866084202     0.065669057795503
31 55
     0.005073655330534    -0.034618866084202     0.034618866084202
    -0.034618866084202     0.065669057795503     0.028412563915481
     0.034618866084202     0.028412563915481     0.065669057795503
31 56
    -2.936375630241628    -1.981126959435642     1.981126959435642
    -1.981126959435641    -2.936375630241627     1.981126959435642
     1.981126959435641     1.981126959435641    -2.936375630241628
31 57
    -0.028598700163229     0.012401695039443    -0.039918368565850
    -0.012401695039443     0.006056474586558     0.012401695039443
    -0.039918368565850    -0.012401695039443    -0.028598700163229
31 58
    -0.028598700163229     0.012401695039443     0.039918368565850
    -0.012401695039443     0.006056474586558    -0.012401695039443
     0.039918368565850     0.012401695039443    -0.028598700163229
31 59
    -0.197889187410283     0.061054110119585     0.203163101105019
    -0.061054110119585     0.325400609136750     0.061054110119585
     0.203163101105019    -0.061054110119585    -0.197889187410283
31 60
    -0.197889187410283     0.061054110119585    -0.203163101105019
    -0.061054110119585     0.325400609136750    -0.061054110119585
    -0.203163101105019     0.061054110119585    -0.197889187410283
31 61
    -0.028598700163229    -0.012401695039443     0.039918368565850
     0.012401695039443     0.006056474586558     0.012401695039443
     0.039918368565850    -0.012401695039443    -0.028598700163229
31 62
    -0.028598700163229    -0.012401695039443    -0.039918368565850
     0.012401695039443     0.006056474586558    -0.012401695039443
    -0.039918368565850     0.012401695039443    -0.028598700163229
31 63
    -0.197889187410283    -0.061054110119585    -0.203163101105019
     0.061054110119585     0.325400609136750     0.061054110119585
    -0.203163101105019    -0.061054110119585    -0.197889187410283
31 64
    -0.197889187410283    -0.061054110119585     0.203163101105020
     0.061054110119585     0.325400609136750    -0.061054110119585
     0.203163101105019     0.061054110119585    -0.197889187410283
32 1
     0.005100415756942    -0.009146978118224    -0.009146978118224
    -0.009146978118224     0.005100415756942    -0.009146978118224
    -0.009146978118224    -0.009146978118224     0.005100415756942
32 2
    -0.116302803661483    -0.035574529101723    -0.035574529101723
    -0.035574529101723    -0.019563048743976    -0.021684910461772
    -0.035574529101723    -0.021684910461772    -0.019563048743976
32 3
    -0.019563048743976    -0.035574529101723    -0.021684910461772
    -0.035574529101723    -0.116302803661483    -0.035574529101723
    -0.021684910461772    -0.035574529101723    -0.019563048743976
32 4
     0.065669057795503    -0.028412563915481    -0.034618866084202
    -0.028412563915481     0.065669057795503    -0.034618866084202
    -0.034618866084202    -0.034618866084202     0.005073655330534
32 5
    -0.019563048743976    -0.021684910461772    -0.035574529101723
    -0.021684910461772    -0.019563048743976    -0.035574529101723
    -0.035574529101723    -0.035574529101723    -0.116302803661483
32 6
     0.065669057795503    -0.034618866084202    -0.028412563915481
    -0.034618866084202     0.005073655330534    -0.034618866084202
    -0.028412563915481    -0.034618866084202     0.065669057795503
32 7
     0.005073655330534    -0.034618866084202    -0.034618866084202
    -0.034618866084202     0.065669057795503    -0.028412563915481
    -0.034618866084202    -0.028412563915481     0.065669057795503
32 8
    -2.936375630241628    -1.981126959435641    -1.981126959435641
    -1.981126959435642    -2.936375630241628    -1.981126959435642
    -1.981126959435642    -1.981126959435641    -2.936375630241627
32 9
     0.006056474586558    -0.012401695039443     0.012401695039443
     0.012401695039443    -0.028598700163229    -0.039918368565850
    -0.012401695039443    -0.039918368565850    -0.028598700163229
32 10
     0.325400609136750    -0.061054110119585     0.061054110119585
     0.061054110119585    -0.197889187410283     0.203163101105019
    -0.061054110119585     0.203163101105019    -0.197889187410283
32 11
     0.006056474586558    -0.012401695039443    -0.012401695039443
     0.012401695039443    -0.028598700163229     0.039918368565850
     0.012401695039443     0.039918368565850    -0.028598700163229
32 12
     0.325400609136750    -0.061054110119585    -0.061054110119585
     0.061054110119585    -0.197889187410283    -0.203163101105019
     0.061054110119585    -0.203163101105019    -0.197889187410283
32 13
     0.006056474586558     0.012401695039443     0.012401695039443
    -0.012401695039443    -0.028598700163229     0.039918368565850
    -0.012401695039443     0.039918368565850    -0.028598700163229
32 14
     0.325400609136750     0.061054110119585     0.061054110119585
    -0.061054110119585    -0.197889187410283    -0.203163101105019
    -0.061054110119585    -0.203163101105019    -0.197889187410283
32 15
     0.006056474586558     0.012401695039443    -0.012401695039443
    -0.012401695039443    -0.028598700163229    -0.039918368565850
     0.012401695039443    -0.039918368565850    -0.028598700163229
32 16
     0.325400609136750     0.061054110119585    -0.061054110119585
    -0.061054110119585    -0.197889187410283     0.203163101105019
     0.061054110119585     0.203163101105019    -0.197889187410283
32 17
    -0.019563048743976     0.021684910461772     0.035574529101723
     0.021684910461772    -0.019563048743976    -0.035574529101723
     0.035574529101723    -0.035574529101723    -0.116302803661483
32 18
     0.065669057795503     0.034618866084202     0.028412563915481
     0.034618866084202     0.005073655330534    -0.034618866084202
     0.028412563915481    -0.034618866084202     0.065669057795503
32 19
     0.005073655330534     0.034618866084202     0.034618866084202
     0.034618866084202     0.065669057795503    -0.028412563915481
     0.034618866084202    -0.028412563915481     0.065669057795503
32 20
    -2.936375630241627     1.981126959435642     1.981126959435641
     1.981126959435642    -2.936375630241629    -1.981126959435642
     1.981126959435641    -1.981126959435642    -2.936375630241627
32 21
     0.005100415756942     0.009146978118224     0.009146978118224
     0.009146978118224     0.005100415756942    -0.009146978118224
     0.009146978118224    -0.009146978118224     0.005100415756942
32 22
    -0.116302803661483     0.035574529101723     0.035574529101723
     0.035574529101723    -0.019563048743976    -0.021684910461772
     0.035574529101723    -0.021684910461772    -0.019563048743976
32 23
    -0.019563048743976     0.035574529101723     0.021684910461772
     0.035574529101723    -0.116302803661483    -0.035574529101723
     0.021684910461772    -0.035574529101723    -0.019563048743976
32 24
     0.065669057795503     0.028412563915481     0.034618866084202
     0.028412563915481     0.065669057795503    -0.034618866084202
     0.034618866084202    -0.034618866084202     0.005073655330534
32 25
    -0.005654635396013    -0.000000000000000     0.000000000000000
     0.000000000000000    -0.005654635396013    -0.000000000000000
    -0.000000000000000     0.000000000000000    -0.005654635396013
32 26
     0.217939354325836    -0.000000000000000    -0.000000000000000
     0.000000000000000    -0.011262453489280    -0.000000000000000
     0.000000000000000     0.000000000000000    -0.011262453489280
32 27
    -0.011262453489280    -0.000000000000000    -0.000000000000000
     0.000000000000000     0.217939354325836    -0.000000000000000
     0.000000000000000     0.000000000000000    -0.011262453489280
32 28
    -0.061525177596877     0.000000000000000     0.000000000000000
     0.000000000000000    -0.061525177596877    -0.000000000000000
    -0.000000000000000     0.000000000000000    -0.033382157715778
32 29
    -0.011262453489280     0.000000000000000    -0.000000000000000
     0.000000000000000    -0.011262453489280     0.000000000000000
     0.000000000000000     0.000000000000000     0.217939354325836
32 30
    -0.061525177596877    -0.000000000000000     0.000000000000000
     0.000000000000000    -0.033382157715778    -0.000000000000000
    -0.000000000000000     0.000000000000000    -0.061525177596877
32 31
    -0.033382157715778    -0.000000000000000     0.000000000000000
     0.000000000000000    -0.061525177596877    -0.000000000000000
    -0.000000000000000     0.000000000000000    -0.061525177596877
32 32
    12.253916845503451    -0.000000000000000     0.000000000000000
    -0.000000000000000    12.253916845503456    -0.000000000000000
     0.000000000000000    -0.000000000000000    12.253916845503452
32 33
     0.065669057795503     0.034618866084202    -0.028412563915481
     0.034618866084202     0.005073655330534     0.034618866084202
    -0.028412563915481     0.034618866084202     0.065669057795503
32 34
    -0.019563048743976     0.021684910461772    -0.035574529101723
     0.021684910461772    -0.019563048743976     0.035574529101723
    -0.035574529101723     0.035574529101723    -0.116302803661483
32 35
    -2.936375630241626     1.981126959435641    -1.981126959435642
     1.981126959435642    -2.936375630241628     1.981126959435642
    -1.981126959435641     1.981126959435641    -2.936375630241628
32 36
     0.005073655330534     0.034618866084202    -0.034618866084202
     0.034618866084202     0.065669057795503     0.028412563915481
    -0.034618866084202     0.028412563915481     0.065669057795503
32 37
    -0.116302803661483     0.035574529101723    -0.035574529101723
     0.035574529101723    -0.019563048743976     0.021684910461772
    -0.035574529101723     0.021684910461772    -0.019563048743976
32 38
     0.005100415756942     0.009146978118224    -0.009146978118224
     0.009146978118224     0.005100415756942     0.009146978118224
    -0.009146978118224     0.009146978118224     0.005100415756942
32 39
     0.065669057795503     0.028412563915481    -0.034618866084202
     0.028412563915481     0.065669057795503     0.034618866084202
    -0.034618866084202     0.034618866084202     0.005073655330534
32 40
    -0.019563048743976     0.035574529101723    -0.021684910461772
     0.035574529101723    -0.116302803661483     0.035574529101723
    -0.021684910461772     0.035574529101723    -0.019563048743976
32 41
    -0.028598700163229    -0.039918368565850    -0.012401695039443
    -0.039918368565850    -0.028598700163229     0.012401695039443
     0.012401695039443    -0.012401695039443     0.006056474586558
32 42
    -0.028598700163229     0.039918368565850    -0.012401695039443
     0.039918368565850    -0.028598700163229    -0.012401695039443
     0.012401695039443     0.012401695039443     0.006056474586558
32 43
    -0.028598700163229     0.039918368565850     0.012401695039443
     0.039918368565850    -0.028598700163229     0.012401695039443
    -0.012401695039443    -0.012401695039443     0.006056474586558
32 44
    -0.028598700163229    -0.039918368565850     0.012401695039443
    -0.039918368565850    -0.028598700163229    -0.012401695039443
    -0.012401695039443     0.012401695039443     0.006056474586558
32 45
    -0.197889187410283     0.203163101105019    -0.061054110119585
     0.203163101105019    -0.197889187410283     0.061054110119585
     0.061054110119585    -0.061054110119585     0.325400609136750
32 46
    -0.197889187410283    -0.203163101105019    -0.061054110119585
    -0.203163101105019    -0.197889187410283    -0.061054110119585
     0.061054110119585     0.061054110119585     0.325400609136750
32 47
    -0.197889187410283    -0.203163101105019     0.061054110119585
    -0.203163101105019    -0.197889187410283     0.061054110119585
    -0.061054110119585    -0.061054110119585     0.325400609136750
32 48
    -0.197889187410283     0.203163101105019     0.061054110119585
     0.203163101105020    -0.197889187410283    -0.061054110119585
    -0.061054110119585     0.061054110119585     0.325400609136750
32 49
    -0.116302803661483    -0.035574529101723     0.035574529101723
    -0.035574529101723    -0.019563048743976     0.021684910461772
     0.035574529101723     0.021684910461772    -0.019563048743976
32 50
     0.005100415756942    -0.009146978118224     0.009146978118224
    -0.009146978118224     0.005100415756942     0.009146978118224
     0.009146978118224     0.009146978118224     0.005100415756942
32 51
     0.065669057795503    -0.028412563915481     0.034618866084202
    -0.028412563915481     0.065669057795503     0.034618866084202
     0.034618866084202     0.034618866084202     0.005073655330534
32 52
    -0.019563048743976    -0.035574529101723     0.021684910461772
    -0.035574529101723    -0.116302803661483     0.035574529101723
     0.021684910461772     0.035574529101723    -0.019563048743976
32 53
     0.065669057795503    -0.034618866084202     0.028412563915481
    -0.034618866084202     0.005073655330534     0.034618866084202
     0.028412563915481     0.034618866084202     0.065669057795503
32 54
    -0.019563048743976    -0.021684910461772     0.035574529101723
    -0.021684910461772    -0.019563048743976     0.035574529101723
     0.035574529101723     0.035574529101723    -0.116302803661483
32 55
    -2.936375630241626    -1.981126959435641     1.981126959435642
    -1.981126959435642    -2.936375630241628     1.981126959435642
     1.981126959435641     1.981126959435641    -2.936375630241628
32 56
     0.005073655330534    -0.034618866084202     0.034618866084202
    -0.034618866084202     0.065669057795503     0.028412563915481
     0.034618866084202     0.028412563915481     0.065669057795503
32 57
    -0.028598700163229     0.012401695039443     0.039918368565850
    -0.012401695039443     0.006056474586558    -0.012401695039443
     0.039918368565850     0.012401695039443    -0.028598700163229
32 58
    -0.028598700163229     0.012401695039443    -0.039918368565850
    -0.012401695039443     0.006056474586558     0.012401695039443
    -0.039918368565850    -0.012401695039443    -0.028598700163229
32 59
    -0.197889187410283     0.061054110119585    -0.203163101105019
    -0.061054110119585     0.325400609136750    -0.061054110119585
    -0.203163101105019     0.061054110119585    -0.197889187410283
32 60
    -0.197889187410283     0.061054110119585     0.203163101105019
    -0.061054110119585     0.325400609136750     0.061054110119585
     0.203163101105019    -0.061054110119585    -0.197889187410283
32 61
    -0.028598700163229    -0.012401695039443    -0.039918368565850
     0.012401695039443     0.006056474586558    -0.012401695039443
    -0.039918368565850     0.012401695039443    -0.028598700163229
32 62
    -0.028598700163229    -0.012401695039443     0.039918368565850
     0.012401695039443     0.006056474586558     0.012401695039443
     0.039918368565850    -0.012401695039443    -0.028598700163229
32 63
    -0.197889187410283    -0.061054110119585     0.203163101105019
     0.061054110119585     0.325400609136750    -0.061054110119585
     0.203163101105019     0.061054110119585    -0.197889187410283
32 64
    -0.197889187410283    -0.061054110119585    -0.203163101105019
     0.061054110119585     0.325400609136750     0.061054110119585
    -0.203163101105019    -0.061054110119585    -0.197889187410283
33 1
    -0.197889187410283    -0.061054110119585    -0.203163101105019
     0.061054110119585     0.325400609136750     0.061054110119585
    -0.203163101105019    -0.061054110119585    -0.197889187410283
33 2
    -0.197889187410283    -0.061054110119585     0.203163101105019
     0.061054110119585     0.325400609136750    -0.061054110119585
     0.203163101105020     0.061054110119585    -0.197889187410283
33 3
    -0.028598700163229    -0.012401695039443     0.039918368565850
     0.012401695039443     0.006056474586558     0.012401695039443
     0.039918368565850    -0.012401695039443    -0.028598700163229
33 4
    -0.028598700163229    -0.012401695039443    -0.039918368565850
     0.012401695039443     0.006056474586558    -0.012401695039443
    -0.039918368565850     0.012401695039443    -0.028598700163229
33 5
    -0.197889187410283     0.061054110119585     0.203163101105019
    -0.061054110119585     0.325400609136750     0.061054110119585
     0.203163101105019    -0.061054110119585    -0.197889187410283
33 6
    -0.197889187410283     0.061054110119585    -0.203163101105019
    -0.061054110119585     0.325400609136750    -0.061054110119585
    -0.203163101105019     0.061054110119585    -0.197889187410283
33 7
    -0.028598700163229     0.012401695039443    -0.039918368565850
    -0.012401695039443     0.006056474586558     0.012401695039443
    -0.039918368565850    -0.012401695039443    -0.028598700163229
33 8
    -0.028598700163229     0.012401695039443     0.039918368565850
    -0.012401695039443     0.006056474586558    -0.012401695039443
     0.039918368565850     0.012401695039443    -0.028598700163229
33 9
    -0.019563048743976    -0.021684910461772     0.035574529101723
    -0.021684910461772    -0.019563048743976     0.035574529101723
     0.035574529101723     0.035574529101723    -0.116302803661483
33 10
     0.065669057795503    -0.034618866084202     0.028412563915481
    -0.034618866084202     0.005073655330534     0.034618866084202
     0.028412563915481     0.034618866084202     0.065669057795503
33 11
     0.005073655330534    -0.034618866084202     0.034618866084202
    -0.034618866084202     0.065669057795503     0.028412563915481
     0.034618866084202     0.028412563915481     0.065669057795503
33 12
    -2.936375630241628    -1.981126959435641     1.981126959435641
    -1.981126959435642    -2.936375630241626     1.981126959435641
     1.981126959435642     1.981126959435642    -2.936375630241628
33 13
     0.005100415756942    -0.009146978118224     0.009146978118224
    -0.009146978118224     0.005100415756942     0.009146978118224
     0.009146978118224     0.009146978118224     0.005100415756942
33 14
    -0.116302803661483    -0.035574529101723     0.035574529101723
    -0.035574529101723    -0.019563048743976     0.021684910461772
     0.035574529101723     0.021684910461772    -0.019563048743976
33 15
    -0.019563048743976    -0.035574529101723     0.021684910461772
    -0.035574529101723    -0.116302803661483     0.035574529101723
     0.021684910461772     0.035574529101723    -0.019563048743976
33 16
     0.065669057795503    -0.028412563915481     0.034618866084202
    -0.028412563915481     0.065669057795503     0.034618866084202
     0.034618866084202     0.034618866084202     0.005073655330534
33 17
    -0.197889187410283    -0.203163101105019    -0.061054110119585
    -0.203163101105019    -0.197889187410283    -0.061054110119585
     0.061054110119585     0.061054110119585     0.325400609136750
33 18
    -0.197889187410283     0.203163101105019    -0.061054110119585
     0.203163101105019    -0.197889187410283     0.061054110119585
     0.061054110119585    -0.061054110119585     0.325400609136750
33 19
    -0.197889187410283     0.203163101105019     0.061054110119585
     0.203163101105019    -0.197889187410283    -0.061054110119585
    -0.061054110119585     0.061054110119585     0.325400609136750
33 20
    -0.197889187410283    -0.203163101105019     0.061054110119585
    -0.203163101105019    -0.197889187410283     0.061054110119585
    -0.061054110119585    -0.061054110119585     0.325400609136750
33 21
    -0.028598700163229     0.039918368565850    -0.012401695039443
     0.039918368565850    -0.028598700163229    -0.012401695039443
     0.012401695039443     0.012401695039443     0.006056474586558
33 22
    -0.028598700163229    -0.039918368565850    -0.012401695039443
    -0.039918368565850    -0.028598700163229     0.012401695039443
     0.012401695039443    -0.012401695039443     0.006056474586558
33 23
    -0.028598700163229    -0.039918368565850     0.012401695039443
    -0.039918368565850    -0.028598700163229    -0.012401695039443
    -0.012401695039443     0.012401695039443     0.006056474586558
33 24
    -0.028598700163229     0.039918368565850     0.012401695039443
     0.039918368565850    -0.028598700163229     0.012401695039443
    -0.012401695039443    -0.012401695039443     0.006056474586558
33 25
    -0.019563048743976     0.035574529101723    -0.021684910461772
     0.035574529101723    -0.116302803661483     0.035574529101723
    -0.021684910461772     0.035574529101723    -0.019563048743976
33 26
     0.065669057795503     0.028412563915481    -0.034618866084202
     0.028412563915481     0.065669057795503     0.034618866084202
    -0.034618866084202     0.034618866084202     0.005073655330534
33 27
     0.005100415756942     0.009146978118224    -0.009146978118224
     0.009146978118224     0.005100415756942     0.009146978118224
    -0.009146978118224     0.009146978118224     0.005100415756942
33 28
    -0.116302803661483     0.035574529101723    -0.035574529101723
     0.035574529101723    -0.019563048743976     0.021684910461772
    -0.035574529101723     0.021684910461772    -0.019563048743976
33 29
     0.005073655330534     0.034618866084202    -0.034618866084202
     0.034618866084202     0.065669057795503     0.028412563915481
    -0.034618866084202     0.028412563915481     0.065669057795503
33 30
    -2.936375630241628     1.981126959435641    -1.981126959435641
     1.981126959435642    -2.936375630241626     1.981126959435641
    -1.981126959435642     1.981126959435642    -2.936375630241628
33 31
    -0.019563048743976     0.021684910461772    -0.035574529101723
     0.021684910461772    -0.019563048743976     0.035574529101723
    -0.035574529101723     0.035574529101723    -0.116302803661483
33 32
     0.065669057795503     0.034618866084202    -0.028412563915481
     0.034618866084202     0.005073655330534     0.034618866084202
    -0.028412563915481     0.034618866084202     0.065669057795503
33 33
    12.253916845503452     0.000000000000000     0.000000000000000
     0.000000000000000    12.253916845503451     0.000000000000001
     0.000000000000000     0.000000000000001    12.253916845503454
33 34
    -0.033382157715778    -0.000000000000000    -0.000000000000000
     0.000000000000000    -0.061525177596877    -0.000000000000000
     0.000000000000000     0.000000000000000    -0.061525177596877
33 35
    -0.061525177596877    -0.000000000000000     0.000000000000000
    -0.000000000000000    -0.033382157715778    -0.000000000000000
     0.000000000000000    -0.000000000000000    -0.061525177596877
33 36
    -0.011262453489280    -0.000000000000000     0.000000000000000
     0.000000000000000    -0.011262453489280     0.000000000000000
     0.000000000000000     0.000000000000000     0.217939354325836
33 37
    -0.061525177596877    -0.000000000000000    -0.000000000000000
     0.000000000000000    -0.061525177596877     0.000000000000000
     0.000000000000000     0.000000000000000    -0.033382157715778
33 38
    -0.011262453489280    -0.000000000000000     0.000000000000000
     0.000000000000000     0.217939354325836    -0.000000000000000
     0.000000000000000     0.000000000000000    -0.011262453489280
33 39
     0.217939354325836    -0.000000000000000    -0.000000000000000
     0.000000000000000    -0.011262453489280     0.000000000000000
     0.000000000000000    -0.000000000000000    -0.011262453489280
33 40
    -0.005654635396013    -0.000000000000000     0.000000000000000
     0.000000000000000    -0.005654635396013    -0.000000000000000
     0.000000000000000     0.000000000000000    -0.005654635396013
33 41
    -0.116302803661483     0.035574529101723     0.035574529101723
     0.035574529101723    -0.019563048743976    -0.021684910461772
     0.035574529101723    -0.021684910461772    -0.019563048743976
33 42
     0.005100415756942     0.009146978118224     0.009146978118224
     0.009146978118224     0.005100415756942    -0.009146978118224
     0.009146978118224    -0.009146978118224     0.005100415756942
33 43
     0.065669057795503     0.028412563915481     0.034618866084202
     0.028412563915481     0.065669057795503    -0.034618866084202
     0.034618866084202    -0.034618866084202     0.005073655330534
33 44
    -0.019563048743976     0.035574529101723     0.021684910461772
     0.035574529101723    -0.116302803661483    -0.035574529101723
     0.021684910461772    -0.035574529101723    -0.019563048743976
33 45
     0.065669057795503     0.034618866084202     0.028412563915481
     0.034618866084202     0.005073655330534    -0.034618866084202
     0.028412563915481    -0.034618866084202     0.065669057795503
33 46
    -0.019563048743976     0.021684910461772     0.035574529101723
     0.021684910461772    -0.019563048743976    -0.035574529101723
     0.035574529101723    -0.035574529101723    -0.116302803661483
33 47
    -2.936375630241627     1.981126959435642     1.981126959435641
     1.981126959435641    -2.936375630241628    -1.981126959435641
     1.981126959435642    -1.981126959435642    -2.936375630241628
33 48
     0.005073655330534     0.034618866084202     0.034618866084202
     0.034618866084202     0.065669057795503    -0.028412563915481
     0.034618866084202    -0.028412563915481     0.065669057795503
33 49
     0.325400609136750     0.061054110119585     0.061054110119585
    -0.061054110119585    -0.197889187410283    -0.203163101105019
    -0.061054110119585    -0.203163101105020    -0.197889187410283
33 50
     0.006056474586558     0.012401695039443     0.012401695039443
    -0.012401695039443    -0.028598700163229     0.039918368565850
    -0.012401695039443     0.039918368565850    -0.028598700163229
33 51
     0.325400609136750     0.061054110119585    -0.061054110119585
    -0.061054110119585    -0.197889187410283     0.203163101105019
     0.061054110119585     0.203163101105020    -0.197889187410283
33 52
     0.006056474586558     0.012401695039443    -0.012401695039443
    -0.012401695039443    -0.028598700163229    -0.039918368565850
     0.012401695039443    -0.039918368565850    -0.028598700163229
33 53
     0.325400609136750    -0.061054110119585     0.061054110119585
     0.061054110119585    -0.197889187410283     0.203163101105019
    -0.061054110119585     0.203163101105019    -0.197889187410283
33 54
     0.006056474586558    -0.012401695039443     0.012401695039443
     0.012401695039443    -0.028598700163229    -0.039918368565850
    -0.012401695039443    -0.039918368565850    -0.028598700163229
33 55
     0.325400609136750    -0.061054110119585    -0.061054110119585
     0.061054110119585    -0.197889187410283    -0.203163101105019
     0.061054110119585    -0.203163101105019    -0.197889187410283
33 56
     0.006056474586558    -0.012401695039443    -0.012401695039443
     0.012401695039443    -0.028598700163229     0.039918368565850
     0.012401695039443     0.039918368565850    -0.028598700163229
33 57
    -2.936375630241628    -1.981126959435641    -1.981126959435641
    -1.981126959435642    -2.936375630241627    -1.981126959435641
    -1.981126959435642    -1.981126959435642    -2.936375630241628
33 58
     0.005073655330534    -0.034618866084202    -0.034618866084202
    -0.034618866084202     0.065669057795503    -0.028412563915481
    -0.034618866084202    -0.028412563915481     0.065669057795503
33 59
     0.065669057795503    -0.034618866084202    -0.028412563915481
    -0.034618866084202     0.005073655330534    -0.034618866084202
    -0.028412563915481    -0.034618866084202     0.065669057795503
33 60
    -0.019563048743976    -0.021684910461772    -0.035574529101723
    -0.021684910461772    -0.019563048743976    -0.035574529101723
    -0.035574529101723    -0.035574529101723    -0.116302803661483
33 61
     0.065669057795503    -0.028412563915481    -0.034618866084202
    -0.028412563915481     0.065669057795503    -0.034618866084202
    -0.034618866084202    -0.034618866084202     0.005073655330534
33 62
    -0.019563048743976    -0.035574529101723    -0.021684910461772
    -0.035574529101723    -0.116302803661483    -0.035574529101723
    -0.021684910461772    -0.035574529101723    -0.019563048743976
33 63
    -0.116302803661483    -0.035574529101723    -0.035574529101723
    -0.035574529101723    -0.019563048743976    -0.021684910461772
    -0.035574529101723    -0.021684910461772    -0.019563048743976
33 64
     0.005100415756942    -0.009146978118224    -0.009146978118224
    -0.009146978118224     0.005100415756942    -0.009146978118224
    -0.009146978118224    -0.009146978118224     0.005100415756942
34 1
    -0.197889187410283    -0.061054110119585     0.203163101105019
     0.061054110119585     0.325400609136750    -0.061054110119585
     0.203163101105019     0.061054110119585    -0.197889187410283
34 2
    -0.197889187410283    -0.061054110119585    -0.203163101105019
     0.061054110119585     0.325400609136750     0.061054110119585
    -0.203163101105020    -0.061054110119585    -0.197889187410283
34 3
    -0.028598700163229    -0.012401695039443    -0.039918368565850
     0.012401695039443     0.006056474586558    -0.012401695039443
    -0.039918368565850     0.012401695039443    -0.028598700163229
34 4
    -0.028598700163229    -0.012401695039443     0.039918368565850
     0.012401695039443     0.006056474586558     0.012401695039443
     0.039918368565850    -0.012401695039443    -0.028598700163229
34 5
    -0.197889187410283     0.061054110119585    -0.203163101105019
    -0.061054110119585     0.325400609136750    -0.061054110119585
    -0.203163101105019     0.061054110119585    -0.197889187410283
34 6
    -0.197889187410283     0.061054110119585     0.203163101105019
    -0.061054110119585     0.325400609136750     0.061054110119585
     0.203163101105019    -0.061054110119585    -0.197889187410283
34 7
    -0.028598700163229     0.012401695039443     0.039918368565850
    -0.012401695039443     0.006056474586558    -0.012401695039443
     0.039918368565850     0.012401695039443    -0.028598700163229
34 8
    -0.028598700163229     0.012401695039443    -0.039918368565850
    -0.012401695039443     0.006056474586558     0.012401695039443
    -0.039918368565850    -0.012401695039443    -0.028598700163229
34 9
     0.065669057795503    -0.034618866084202     0.028412563915481
    -0.034618866084202     0.005073655330534     0.034618866084202
     0.028412563915481     0.034618866084202     0.065669057795503
34 10
    -0.019563048743976    -0.021684910461772     0.035574529101723
    -0.021684910461772    -0.019563048743976     0.035574529101723
     0.035574529101723     0.035574529101723    -0.116302803661483
34 11
    -2.936375630241628    -1.981126959435641     1.981126959435641
    -1.981126959435642    -2.936375630241627     1.981126959435641
     1.981126959435642     1.981126959435642    -2.936375630241628
34 12
     0.005073655330534    -0.034618866084202     0.034618866084202
    -0.034618866084202     0.065669057795503     0.028412563915481
     0.034618866084202     0.028412563915481     0.065669057795503
34 13
    -0.116302803661483    -0.035574529101723     0.035574529101723
    -0.035574529101723    -0.019563048743976     0.021684910461772
     0.035574529101723     0.021684910461772    -0.019563048743976
34 14
     0.005100415756942    -0.009146978118224     0.009146978118224
    -0.009146978118224     0.005100415756942     0.009146978118224
     0.009146978118224     0.009146978118224     0.005100415756942
34 15
     0.065669057795503    -0.028412563915481     0.034618866084202
    -0.028412563915481     0.065669057795503     0.034618866084202
     0.034618866084202     0.034618866084202     0.005073655330534
34 16
    -0.019563048743976    -0.035574529101723     0.021684910461772
    -0.035574529101723    -0.116302803661483     0.035574529101723
     0.021684910461772     0.035574529101723    -0.019563048743976
34 17
    -0.197889187410283     0.203163101105019    -0.061054110119585
     0.203163101105019    -0.197889187410283     0.061054110119585
     0.061054110119585    -0.061054110119585     0.325400609136750
34 18
    -0.197889187410283    -0.203163101105019    -0.061054110119585
    -0.203163101105019    -0.197889187410283    -0.061054110119585
     0.061054110119585     0.061054110119585     0.325400609136750
34 19
    -0.197889187410283    -0.203163101105019     0.061054110119585
    -0.203163101105019    -0.197889187410283     0.061054110119585
    -0.061054110119585    -0.061054110119585     0.325400609136750
34 20
    -0.197889187410283     0.203163101105019     0.061054110119585
     0.203163101105019    -0.197889187410283    -0.061054110119585
    -0.061054110119585     0.061054110119585     0.325400609136750
34 21
    -0.028598700163229    -0.039918368565850    -0.012401695039443
    -0.039918368565850    -0.028598700163229     0.012401695039443
     0.012401695039443    -0.012401695039443     0.006056474586558
34 22
    -0.028598700163229     0.039918368565850    -0.012401695039443
     0.039918368565850    -0.028598700163229    -0.012401695039443
     0.012401695039443     0.012401695039443     0.006056474586558
34 23
    -0.028598700163229     0.039918368565850     0.012401695039443
     0.039918368565850    -0.028598700163229     0.012401695039443
    -0.012401695039443    -0.012401695039443     0.006056474586558
34 24
    -0.028598700163229    -0.039918368565850     0.012401695039443
    -0.039918368565850    -0.028598700163229    -0.012401695039443
    -0.012401695039443     0.012401695039443     0.006056474586558
34 25
     0.065669057795503     0.028412563915481    -0.034618866084202
     0.028412563915481     0.065669057795503     0.034618866084202
    -0.034618866084202     0.034618866084202     0.005073655330534
34 26
    -0.019563048743976     0.035574529101723    -0.021684910461772
     0.035574529101723    -0.116302803661483     0.035574529101723
    -0.021684910461772     0.035574529101723    -0.019563048743976
34 27
    -0.116302803661483     0.035574529101723    -0.035574529101723
     0.035574529101723    -0.019563048743976     0.021684910461772
    -0.035574529101723     0.021684910461772    -0.019563048743976
34 28
     0.005100415756942     0.009146978118224    -0.009146978118224
     0.009146978118224     0.005100415756942     0.009146978118224
    -0.009146978118224     0.009146978118224     0.005100415756942
34 29
    -2.936375630241627     1.981126959435642    -1.981126959435641
     1.981126959435641    -2.936375630241628     1.981126959435641
    -1.981126959435642     1.981126959435642    -2.936375630241628
34 30
     0.005073655330534     0.034618866084202    -0.034618866084202
     0.034618866084202     0.065669057795503     0.028412563915481
    -0.034618866084202     0.028412563915481     0.065669057795503
34 31
     0.065669057795503     0.034618866084202    -0.028412563915481
     0.034618866084202     0.005073655330534     0.034618866084202
    -0.028412563915481     0.034618866084202     0.065669057795503
34 32
    -0.019563048743976     0.021684910461772    -0.035574529101723
     0.021684910461772    -0.019563048743976     0.035574529101723
    -0.035574529101723     0.035574529101723    -0.116302803661483
34 33
    -0.033382157715778     0.000000000000000     0.000000000000000
    -0.000000000000000    -0.061525177596877     0.000000000000000
    -0.000000000000000    -0.000000000000000    -0.061525177596877
34 34
    12.253916845503451    -0.000000000000000    -0.000000000000000
    -0.000000000000000    12.253916845503451     0.000000000000000
    -0.000000000000000     0.000000000000000    12.253916845503454
34 35
    -0.011262453489280    -0.000000000000000     0.000000000000000
    -0.000000000000000    -0.011262453489280     0.000000000000000
    -0.000000000000000    -0.000000000000000     0.217939354325836
34 36
    -0.061525177596877    -0.000000000000000     0.000000000000000
     0.000000000000000    -0.033382157715778     0.000000000000000
    -0.000000000000000    -0.000000000000000    -0.061525177596877
34 37
    -0.011262453489280    -0.000000000000000     0.000000000000000
    -0.000000000000000     0.217939354325836     0.000000000000000
     0.000000000000000    -0.000000000000000    -0.011262453489280
34 38
    -0.061525177596877    -0.000000000000000     0.000000000000000
     0.000000000000000    -0.061525177596877     0.000000000000000
    -0.000000000000000    -0.000000000000000    -0.033382157715778
34 39
    -0.005654635396013    -0.000000000000000     0.000000000000000
     0.000000000000000    -0.005654635396013     0.000000000000000
     0.000000000000000    -0.000000000000000    -0.005654635396013
34 40
     0.217939354325836    -0.000000000000000     0.000000000000000
     0.000000000000000    -0.011262453489280    -0.000000000000000
    -0.000000000000000    -0.000000000000000    -0.011262453489280
34 41
     0.005100415756942     0.009146978118224     0.009146978118224
     0.009146978118224     0.005100415756942    -0.009146978118224
     0.009146978118224    -0.009146978118224     0.005100415756942
34 42
    -0.116302803661483     0.035574529101723     0.035574529101723
     0.035574529101723    -0.019563048743976    -0.021684910461772
     0.035574529101723    -0.021684910461772    -0.019563048743976
34 43
    -0.019563048743976     0.035574529101723     0.021684910461772
     0.035574529101723    -0.116302803661483    -0.035574529101723
     0.021684910461772    -0.035574529101723    -0.019563048743976
34 44
     0.065669057795503     0.028412563915481     0.034618866084202
     0.028412563915481     0.065669057795503    -0.034618866084202
     0.034618866084202    -0.034618866084202     0.005073655330534
34 45
    -0.019563048743976     0.021684910461772     0.035574529101723
     0.021684910461772    -0.019563048743976    -0.035574529101723
     0.035574529101723    -0.035574529101723    -0.116302803661483
34 46
     0.065669057795503     0.034618866084202     0.028412563915481
     0.034618866084202     0.005073655330534    -0.034618866084202
     0.028412563915481    -0.034618866084202     0.065669057795503
34 47
     0.005073655330534     0.034618866084202     0.034618866084202
     0.034618866084202     0.065669057795503    -0.028412563915481
     0.034618866084202    -0.028412563915481     0.065669057795503
34 48
    -2.936375630241628     1.981126959435641     1.981126959435641
     1.981126959435642    -2.936375630241627    -1.981126959435641
     1.981126959435642    -1.981126959435642    -2.936375630241628
34 49
     0.006056474586558     0.012401695039443     0.012401695039443
    -0.012401695039443    -0.028598700163229     0.039918368565850
    -0.012401695039443     0.039918368565850    -0.028598700163229
34 50
     0.325400609136750     0.061054110119585     0.061054110119585
    -0.061054110119585    -0.197889187410283    -0.203163101105019
    -0.061054110119585    -0.203163101105019    -0.197889187410283
34 51
     0.006056474586558     0.012401695039443    -0.012401695039443
    -0.012401695039443    -0.028598700163229    -0.039918368565850
     0.012401695039443    -0.039918368565850    -0.028598700163229
34 52
     0.325400609136750     0.061054110119585    -0.061054110119585
    -0.061054110119585    -0.197889187410283     0.203163101105019
     0.061054110119585     0.203163101105019    -0.197889187410283
34 53
     0.006056474586558    -0.012401695039443     0.012401695039443
     0.012401695039443    -0.028598700163229    -0.039918368565850
    -0.012401695039443    -0.039918368565850    -0.028598700163229
34 54
     0.325400609136750    -0.061054110119585     0.061054110119585
     0.061054110119585    -0.197889187410283     0.203163101105019
    -0.061054110119585     0.203163101105019    -0.197889187410283
34 55
     0.006056474586558    -0.012401695039443    -0.012401695039443
     0.012401695039443    -0.028598700163229     0.039918368565850
     0.012401695039443     0.039918368565850    -0.028598700163229
34 56
     0.325400609136750    -0.061054110119585    -0.061054110119585
     0.061054110119585    -0.197889187410283    -0.203163101105019
     0.061054110119585    -0.203163101105019    -0.197889187410283
34 57
     0.005073655330534    -0.034618866084202    -0.034618866084202
    -0.034618866084202     0.065669057795503    -0.028412563915481
    -0.034618866084202    -0.028412563915481     0.065669057795503
34 58
    -2.936375630241626    -1.981126959435641    -1.981126959435642
    -1.981126959435641    -2.936375630241627    -1.981126959435642
    -1.981126959435642    -1.981126959435642    -2.936375630241629
34 59
    -0.019563048743976    -0.021684910461772    -0.035574529101723
    -0.021684910461772    -0.019563048743976    -0.035574529101723
    -0.035574529101723    -0.035574529101723    -0.116302803661483
34 60
     0.065669057795503    -0.034618866084202    -0.028412563915481
    -0.034618866084202     0.005073655330534    -0.034618866084202
    -0.028412563915481    -0.034618866084202     0.065669057795503
34 61
    -0.019563048743976    -0.035574529101723    -0.021684910461772
    -0.035574529101723    -0.116302803661483    -0.035574529101723
    -0.021684910461772    -0.035574529101723    -0.019563048743976
34 62
     0.065669057795503    -0.028412563915481    -0.034618866084202
    -0.028412563915481     0.065669057795503    -0.034618866084202
    -0.034618866084202    -0.034618866084202     0.005073655330534
34 63
     0.005100415756942    -0.009146978118224    -0.009146978118224
    -0.009146978118224     0.005100415756942    -0.009146978118224
    -0.009146978118224    -0.009146978118224     0.005100415756942
34 64
    -0.116302803661483    -0.035574529101723    -0.035574529101723
    -0.035574529101723    -0.019563048743976    -0.021684910461772
    -0.035574529101723    -0.021684910461772    -0.019563048743976
35 1
    -0.028598700163229    -0.012401695039443     0.039918368565850
     0.012401695039443     0.006056474586558     0.012401695039443
     0.039918368565850    -0.012401695039443    -0.028598700163229
35 2
    -0.028598700163229    -0.012401695039443    -0.039918368565850
     0.012401695039443     0.006056474586558    -0.012401695039443
    -0.039918368565850     0.012401695039443    -0.028598700163229
35 3
    -0.197889187410283    -0.061054110119585    -0.203163101105019
     0.061054110119585     0.325400609136750     0.061054110119585
    -0.203163101105019    -0.061054110119585    -0.197889187410283
35 4
    -0.197889187410283    -0.061054110119585     0.203163101105019
     0.061054110119585     0.325400609136750    -0.061054110119585
     0.203163101105020     0.061054110119585    -0.197889187410283
35 5
    -0.028598700163229     0.012401695039443    -0.039918368565850
    -0.012401695039443     0.006056474586558     0.012401695039443
    -0.039918368565850    -0.012401695039443    -0.028598700163229
35 6
    -0.028598700163229     0.012401695039443     0.039918368565850
    -0.012401695039443     0.006056474586558    -0.012401695039443
     0.039918368565850     0.012401695039443    -0.028598700163229
35 7
    -0.197889187410283     0.061054110119585     0.203163101105019
    -0.061054110119585     0.325400609136750     0.061054110119585
     0.203163101105019    -0.061054110119585    -0.197889187410283
35 8
    -0.197889187410283     0.061054110119585    -0.203163101105019
    -0.061054110119585     0.325400609136750    -0.061054110119585
    -0.203163101105020     0.061054110119585    -0.197889187410283
35 9
     0.005073655330534    -0.034618866084202     0.034618866084202
    -0.034618866084202     0.065669057795503     0.028412563915481
     0.034618866084202     0.028412563915481     0.065669057795503
35 10
    -2.936375630241626    -1.981126959435641     1.981126959435642
    -1.981126959435641    -2.936375630241627     1.981126959435642
     1.981126959435642     1.981126959435642    -2.936375630241629
35 11
    -0.019563048743976    -0.021684910461772     0.035574529101723
    -0.021684910461772    -0.019563048743976     0.035574529101723
     0.035574529101723     0.035574529101723    -0.116302803661483
35 12
     0.065669057795503    -0.034618866084202     0.028412563915481
    -0.034618866084202     0.005073655330534     0.034618866084202
     0.028412563915481     0.034618866084202     0.065669057795503
35 13
    -0.019563048743976    -0.035574529101723     0.021684910461772
    -0.035574529101723    -0.116302803661483     0.035574529101723
     0.021684910461772     0.035574529101723    -0.019563048743976
35 14
     0.065669057795503    -0.028412563915481     0.034618866084202
    -0.028412563915481     0.065669057795503     0.034618866084202
     0.034618866084202     0.034618866084202     0.005073655330534
35 15
     0.005100415756942    -0.009146978118224     0.009146978118224
    -0.009146978118224     0.005100415756942     0.009146978118224
     0.009146978118224     0.009146978118224     0.005100415756942
35 16
    -0.116302803661483    -0.035574529101723     0.035574529101723
    -0.035574529101723    -0.019563048743976     0.021684910461772
     0.035574529101723     0.021684910461772    -0.019563048743976
35 17
    -0.197889187410283     0.203163101105019     0.061054110119585
     0.203163101105019    -0.197889187410283    -0.061054110119585
    -0.061054110119585     0.061054110119585     0.325400609136750
35 18
    -0.197889187410283    -0.203163101105019     0.061054110119585
    -0.203163101105019    -0.197889187410283     0.061054110119585
    -0.061054110119585    -0.061054110119585     0.325400609136750
35 19
    -0.197889187410283    -0.203163101105019    -0.061054110119585
    -0.203163101105019    -0.197889187410283    -0.061054110119585
     0.061054110119585     0.061054110119585     0.325400609136750
35 20
    -0.197889187410283     0.203163101105019    -0.061054110119585
     0.203163101105019    -0.197889187410283     0.061054110119585
     0.061054110119585    -0.061054110119585     0.325400609136750
35 21
    -0.028598700163229    -0.039918368565850     0.012401695039443
    -0.039918368565850    -0.028598700163229    -0.012401695039443
    -0.012401695039443     0.012401695039443     0.006056474586558
35 22
    -0.028598700163229     0.039918368565850     0.012401695039443
     0.039918368565850    -0.028598700163229     0.012401695039443
    -0.012401695039443    -0.012401695039443     0.006056474586558
35 23
    -0.028598700163229     0.039918368565850    -0.012401695039443
     0.039918368565850    -0.028598700163229    -0.012401695039443
     0.012401695039443     0.012401695039443     0.006056474586558
35 24
    -0.028598700163229    -0.039918368565850    -0.012401695039443
    -0.039918368565850    -0.028598700163229     0.012401695039443
     0.012401695039443    -0.012401695039443     0.006056474586558
35 25
     0.005100415756942     0.009146978118224    -0.009146978118224
     0.009146978118224     0.005100415756942     0.009146978118224
    -0.009146978118224     0.009146978118224     0.005100415756942
35 26
    -0.116302803661483     0.035574529101723    -0.035574529101723
     0.035574529101723    -0.019563048743976     0.021684910461772
    -0.035574529101723     0.021684910461772    -0.019563048743976
35 27
    -0.019563048743976     0.035574529101723    -0.021684910461772
     0.035574529101723    -0.116302803661483     0.035574529101723
    -0.021684910461772     0.035574529101723    -0.019563048743976
35 28
     0.065669057795503     0.028412563915481    -0.034618866084202
     0.028412563915481     0.065669057795503     0.034618866084202
    -0.034618866084202     0.034618866084202     0.005073655330534
35 29
    -0.019563048743976     0.021684910461772    -0.035574529101723
     0.021684910461772    -0.019563048743976     0.035574529101723
    -0.035574529101723     0.035574529101723    -0.116302803661483
35 30
     0.065669057795503     0.034618866084202    -0.028412563915481
     0.034618866084202     0.005073655330534     0.034618866084202
    -0.028412563915481     0.034618866084202     0.065669057795503
35 31
     0.005073655330534     0.034618866084202    -0.034618866084202
     0.034618866084202     0.065669057795503     0.028412563915481
    -0.034618866084202     0.028412563915481     0.065669057795503
35 32
    -2.936375630241626     1.981126959435642    -1.981126959435641
     1.981126959435641    -2.936375630241628     1.981126959435641
    -1.981126959435642     1.981126959435642    -2.936375630241628
35 33
    -0.061525177596877    -0.000000000000000     0.000000000000000
    -0.000000000000000    -0.033382157715778    -0.000000000000000
     0.000000000000000    -0.000000000000000    -0.061525177596877
35 34
    -0.011262453489280    -0.000000000000000    -0.000000000000000
    -0.000000000000000    -0.011262453489280    -0.000000000000000
     0.000000000000000     0.000000000000000     0.217939354325836
35 35
    12.253916845503447    -0.000000000000000    -0.000000000000000
    -0.000000000000000    12.253916845503454     0.000000000000000
    -0.000000000000000     0.000000000000000    12.253916845503454
35 36
    -0.033382157715778    -0.000000000000000     0.000000000000000
     0.000000000000000    -0.061525177596877    -0.000000000000000
    -0.000000000000000     0.000000000000000    -0.061525177596877
35 37
     0.217939354325836    -0.000000000000000    -0.000000000000000
    -0.000000000000000    -0.011262453489280     0.000000000000000
     0.000000000000000     0.000000000000000    -0.011262453489280
35 38
    -0.005654635396013    -0.000000000000000     0.000000000000000
     0.000000000000000    -0.005654635396013    -0.000000000000000
     0.000000000000000    -0.000000000000000    -0.005654635396013
35 39
    -0.061525177596877    -0.000000000000000    -0.000000000000000
     0.000000000000000    -0.061525177596877    -0.000000000000000
     0.000000000000000    -0.000000000000000    -0.033382157715778
35 40
    -0.011262453489280    -0.000000000000000     0.000000000000000
    -0.000000000000000     0.217939354325836    -0.000000000000000
     0.000000000000000     0.000000000000000    -0.011262453489280
35 41
     0.065669057795503     0.028412563915481     0.034618866084202
     0.028412563915481     0.065669057795503    -0.034618866084202
     0.034618866084202    -0.034618866084202     0.005073655330534
35 42
    -0.019563048743976     0.035574529101723     0.021684910461772
     0.035574529101723    -0.116302803661483    -0.035574529101723
     0.021684910461772    -0.035574529101723    -0.019563048743976
35 43
    -0.116302803661483     0.035574529101723     0.035574529101723
     0.035574529101723    -0.019563048743976    -0.021684910461772
     0.035574529101723    -0.021684910461772    -0.019563048743976
35 44
     0.005100415756942     0.009146978118224     0.009146978118224
     0.009146978118224     0.005100415756942    -0.009146978118224
     0.009146978118224    -0.009146978118224     0.005100415756942
35 45
    -2.936375630241626     1.981126959435642     1.981126959435641
     1.981126959435641    -2.936375630241628    -1.981126959435641
     1.981126959435642    -1.981126959435642    -2.936375630241628
35 46
     0.005073655330534     0.034618866084202     0.034618866084202
     0.034618866084202     0.065669057795503    -0.028412563915481
     0.034618866084202    -0.028412563915481     0.065669057795503
35 47
     0.065669057795503     0.034618866084202     0.028412563915481
     0.034618866084202     0.005073655330534    -0.034618866084202
     0.028412563915481    -0.034618866084202     0.065669057795503
35 48
    -0.019563048743976     0.021684910461772     0.035574529101723
     0.021684910461772    -0.019563048743976    -0.035574529101723
     0.035574529101723    -0.035574529101723    -0.116302803661483
35 49
     0.325400609136750     0.061054110119585    -0.061054110119585
    -0.061054110119585    -0.197889187410283     0.203163101105019
     0.061054110119585     0.203163101105020    -0.197889187410283
35 50
     0.006056474586558     0.012401695039443    -0.012401695039443
    -0.012401695039443    -0.028598700163229    -0.039918368565850
     0.012401695039443    -0.039918368565850    -0.028598700163229
35 51
     0.325400609136750     0.061054110119585     0.061054110119585
    -0.061054110119585    -0.197889187410283    -0.203163101105019
    -0.061054110119585    -0.203163101105020    -0.197889187410283
35 52
     0.006056474586558     0.012401695039443     0.012401695039443
    -0.012401695039443    -0.028598700163229     0.039918368565850
    -0.012401695039443     0.039918368565850    -0.028598700163229
35 53
     0.325400609136750    -0.061054110119585    -0.061054110119585
     0.061054110119585    -0.197889187410283    -0.203163101105019
     0.061054110119585    -0.203163101105019    -0.197889187410283
35 54
     0.006056474586558    -0.012401695039443    -0.012401695039443
     0.012401695039443    -0.028598700163229     0.039918368565850
     0.012401695039443     0.039918368565850    -0.028598700163229
35 55
     0.325400609136750    -0.061054110119585     0.061054110119585
     0.061054110119585    -0.197889187410283     0.203163101105019
    -0.061054110119585     0.203163101105019    -0.197889187410283
35 56
     0.006056474586558    -0.012401695039443     0.012401695039443
     0.012401695039443    -0.028598700163229    -0.039918368565850
    -0.012401695039443    -0.039918368565850    -0.028598700163229
35 57
     0.065669057795503    -0.034618866084202    -0.028412563915481
    -0.034618866084202     0.005073655330534    -0.034618866084202
    -0.028412563915481    -0.034618866084202     0.065669057795503
35 58
    -0.019563048743976    -0.021684910461772    -0.035574529101723
    -0.021684910461772    -0.019563048743976    -0.035574529101723
    -0.035574529101723    -0.035574529101723    -0.116302803661483
35 59
    -2.936375630241626    -1.981126959435641    -1.981126959435642
    -1.981126959435641    -2.936375630241627    -1.981126959435642
    -1.981126959435642    -1.981126959435642    -2.936375630241629
35 60
     0.005073655330534    -0.034618866084202    -0.034618866084202
    -0.034618866084202     0.065669057795503    -0.028412563915481
    -0.034618866084202    -0.028412563915481     0.065669057795503
35 61
    -0.116302803661483    -0.035574529101723    -0.035574529101723
    -0.035574529101723    -0.019563048743976    -0.021684910461772
    -0.035574529101723    -0.021684910461772    -0.019563048743976
35 62
     0.005100415756942    -0.009146978118224    -0.009146978118224
    -0.009146978118224     0.005100415756942    -0.009146978118224
    -0.009146978118224    -0.009146978118224     0.005100415756942
35 63
     0.065669057795503    -0.028412563915481    -0.034618866084202
    -0.028412563915481     0.065669057795503    -0.034618866084202
    -0.034618866084202    -0.034618866084202     0.005073655330534
35 64
    -0.019563048743976    -0.035574529101723    -0.021684910461772
    -0.035574529101723    -0.116302803661483    -0.035574529101723
    -0.021684910461772    -0.035574529101723    -0.019563048743976
36 1
    -0.028598700163229    -0.012401695039443    -0.039918368565850
     0.012401695039443     0.006056474586558    -0.012401695039443
    -0.039918368565850     0.012401695039443    -0.028598700163229
36 2
    -0.028598700163229    -0.012401695039443     0.039918368565850
     0.012401695039443     0.006056474586558     0.012401695039443
     0.039918368565850    -0.012401695039443    -0.028598700163229
36 3
    -0.197889187410283    -0.061054110119585     0.203163101105019
     0.061054110119585     0.325400609136750    -0.061054110119585
     0.203163101105019     0.061054110119585    -0.197889187410283
36 4
    -0.197889187410283    -0.061054110119585    -0.203163101105019
     0.061054110119585     0.325400609136750     0.061054110119585
    -0.203163101105019    -0.061054110119585    -0.197889187410283
36 5
    -0.028598700163229     0.012401695039443     0.039918368565850
    -0.012401695039443     0.006056474586558    -0.012401695039443
     0.039918368565850     0.012401695039443    -0.028598700163229
36 6
    -0.028598700163229     0.012401695039443    -0.039918368565850
    -0.012401695039443     0.006056474586558     0.012401695039443
    -0.039918368565850    -0.012401695039443    -0.028598700163229
36 7
    -0.197889187410283     0.061054110119585    -0.203163101105019
    -0.061054110119585     0.325400609136750    -0.061054110119585
    -0.203163101105019     0.061054110119585    -0.197889187410283
36 8
    -0.197889187410283     0.061054110119585     0.203163101105019
    -0.061054110119585     0.325400609136750     0.061054110119585
     0.203163101105019    -0.061054110119585    -0.197889187410283
36 9
    -2.936375630241628    -1.981126959435642     1.981126959435642
    -1.981126959435641    -2.936375630241628     1.981126959435641
     1.981126959435641     1.981126959435642    -2.936375630241627
36 10
     0.005073655330534    -0.034618866084202     0.034618866084202
    -0.034618866084202     0.065669057795503     0.028412563915481
     0.034618866084202     0.028412563915481     0.065669057795503
36 11
     0.065669057795503    -0.034618866084202     0.028412563915481
    -0.034618866084202     0.005073655330534     0.034618866084202
     0.028412563915481     0.034618866084202     0.065669057795503
36 12
    -0.019563048743976    -0.021684910461772     0.035574529101723
    -0.021684910461772    -0.019563048743976     0.035574529101723
     0.035574529101723     0.035574529101723    -0.116302803661483
36 13
     0.065669057795503    -0.028412563915481     0.034618866084202
    -0.028412563915481     0.065669057795503     0.034618866084202
     0.034618866084202     0.034618866084202     0.005073655330534
36 14
    -0.019563048743976    -0.035574529101723     0.021684910461772
    -0.035574529101723    -0.116302803661483     0.035574529101723
     0.021684910461772     0.035574529101723    -0.019563048743976
36 15
    -0.116302803661483    -0.035574529101723     0.035574529101723
    -0.035574529101723    -0.019563048743976     0.021684910461772
     0.035574529101723     0.021684910461772    -0.019563048743976
36 16
     0.005100415756942    -0.009146978118224     0.009146978118224
    -0.009146978118224     0.005100415756942     0.009146978118224
     0.009146978118224     0.009146978118224     0.005100415756942
36 17
    -0.197889187410283    -0.203163101105020     0.061054110119585
    -0.203163101105019    -0.197889187410283     0.061054110119585
    -0.061054110119585    -0.061054110119585     0.325400609136750
36 18
    -0.197889187410283     0.203163101105019     0.061054110119585
     0.203163101105019    -0.197889187410283    -0.061054110119585
    -0.061054110119585     0.061054110119585     0.325400609136750
36 19
    -0.197889187410283     0.203163101105019    -0.061054110119585
     0.203163101105019    -0.197889187410283     0.061054110119585
     0.061054110119585    -0.061054110119585     0.325400609136750
36 20
    -0.197889187410283    -0.203163101105020    -0.061054110119585
    -0.203163101105019    -0.197889187410283    -0.061054110119585
     0.061054110119585     0.061054110119585     0.325400609136750
36 21
    -0.028598700163229     0.039918368565850     0.012401695039443
     0.039918368565850    -0.028598700163229     0.012401695039443
    -0.012401695039443    -0.012401695039443     0.006056474586558
36 22
    -0.028598700163229    -0.039918368565850     0.012401695039443
    -0.039918368565850    -0.028598700163229    -0.012401695039443
    -0.012401695039443     0.012401695039443     0.006056474586558
36 23
    -0.028598700163229    -0.039918368565850    -0.012401695039443
    -0.039918368565850    -0.028598700163229     0.012401695039443
     0.012401695039443    -0.012401695039443     0.006056474586558
36 24
    -0.028598700163229     0.039918368565850    -0.012401695039443
     0.039918368565850    -0.028598700163229    -0.012401695039443
     0.012401695039443     0.012401695039443     0.006056474586558
36 25
    -0.116302803661483     0.035574529101723    -0.035574529101723
     0.035574529101723    -0.019563048743976     0.021684910461772
    -0.035574529101723     0.021684910461772    -0.019563048743976
36 26
     0.005100415756942     0.009146978118224    -0.009146978118224
     0.009146978118224     0.005100415756942     0.009146978118224
    -0.009146978118224     0.009146978118224     0.005100415756942
36 27
     0.065669057795503     0.028412563915481    -0.034618866084202
     0.028412563915481     0.065669057795503     0.034618866084202
    -0.034618866084202     0.034618866084202     0.005073655330534
36 28
    -0.019563048743976     0.035574529101723    -0.021684910461772
     0.035574529101723    -0.116302803661483     0.035574529101723
    -0.021684910461772     0.035574529101723    -0.019563048743976
36 29
     0.065669057795503     0.034618866084202    -0.028412563915481
     0.034618866084202     0.005073655330534     0.034618866084202
    -0.028412563915481     0.034618866084202     0.065669057795503
36 30
    -0.019563048743976     0.021684910461772    -0.035574529101723
     0.021684910461772    -0.019563048743976     0.035574529101723
    -0.035574529101723     0.035574529101723    -0.116302803661483
36 31
    -2.936375630241629     1.981126959435642    -1.981126959435642
     1.981126959435642    -2.936375630241627     1.981126959435641
    -1.981126959435642     1.981126959435641    -2.936375630241627
36 32
     0.005073655330534     0.034618866084202    -0.034618866084202
     0.034618866084202     0.065669057795503     0.028412563915481
    -0.034618866084202     0.028412563915481     0.065669057795503
36 33
    -0.011262453489280     0.000000000000000     0.000000000000000
    -0.000000000000000    -0.011262453489280     0.000000000000000
     0.000000000000000     0.000000000000000     0.217939354325836
36 34
    -0.061525177596877     0.000000000000000    -0.000000000000000
    -0.000000000000000    -0.033382157715778    -0.000000000000000
     0.000000000000000     0.000000000000000    -0.061525177596877
36 35
    -0.033382157715778     0.000000000000000    -0.000000000000000
    -0.000000000000000    -0.061525177596877     0.000000000000000
     0.000000000000000    -0.000000000000000    -0.061525177596877
36 36
    12.253916845503456     0.000000000000000     0.000000000000000
     0.000000000000000    12.253916845503452     0.000000000000000
     0.000000000000000     0.000000000000000    12.253916845503451
36 37
    -0.005654635396013     0.000000000000000    -0.000000000000000
    -0.000000000000000    -0.005654635396013     0.000000000000000
     0.000000000000000     0.000000000000000    -0.005654635396013
36 38
     0.217939354325836     0.000000000000000    -0.000000000000000
    -0.000000000000000    -0.011262453489280     0.000000000000000
     0.000000000000000    -0.000000000000000    -0.011262453489280
36 39
    -0.011262453489280     0.000000000000000    -0.000000000000000
    -0.000000000000000     0.217939354325836     0.000000000000000
     0.000000000000000    -0.000000000000000    -0.011262453489280
36 40
    -0.061525177596877     0.000000000000000    -0.000000000000000
    -0.000000000000000    -0.061525177596877    -0.000000000000000
     0.000000000000000     0.000000000000000    -0.033382157715778
36 41
    -0.019563048743976     0.035574529101723     0.021684910461772
     0.035574529101723    -0.116302803661483    -0.035574529101723
     0.021684910461772    -0.035574529101723    -0.019563048743976
36 42
     0.065669057795503     0.028412563915481     0.034618866084202
     0.028412563915481     0.065669057795503    -0.034618866084202
     0.034618866084202    -0.034618866084202     0.005073655330534
36 43
     0.005100415756942     0.009146978118224     0.009146978118224
     0.009146978118224     0.005100415756942    -0.009146978118224
     0.009146978118224    -0.009146978118224     0.005100415756942
36 44
    -0.116302803661483     0.035574529101723     0.035574529101723
     0.035574529101723    -0.019563048743976    -0.021684910461772
     0.035574529101723    -0.021684910461772    -0.019563048743976
36 45
     0.005073655330534     0.034618866084202     0.034618866084202
     0.034618866084202     0.065669057795503    -0.028412563915481
     0.034618866084202    -0.028412563915481     0.065669057795503
36 46
    -2.936375630241628     1.981126959435642     1.981126959435642
     1.981126959435641    -2.936375630241626    -1.981126959435642
     1.981126959435641    -1.981126959435641    -2.936375630241628
36 47
    -0.019563048743976     0.021684910461772     0.035574529101723
     0.021684910461772    -0.019563048743976    -0.035574529101723
     0.035574529101723    -0.035574529101723    -0.116302803661483
36 48
     0.065669057795503     0.034618866084202     0.028412563915481
     0.034618866084202     0.005073655330534    -0.034618866084202
     0.028412563915481    -0.034618866084202     0.065669057795503
36 49
     0.006056474586558     0.012401695039443    -0.012401695039443
    -0.012401695039443    -0.028598700163229    -0.039918368565850
     0.012401695039443    -0.039918368565850    -0.028598700163229
36 50
     0.325400609136750     0.061054110119585    -0.061054110119585
    -0.061054110119585    -0.197889187410283     0.203163101105019
     0.061054110119585     0.203163101105019    -0.197889187410283
36 51
     0.006056474586558     0.012401695039443     0.012401695039443
    -0.012401695039443    -0.028598700163229     0.039918368565850
    -0.012401695039443     0.039918368565850    -0.028598700163229
36 52
     0.325400609136750     0.061054110119585     0.061054110119585
    -0.061054110119585    -0.197889187410283    -0.203163101105019
    -0.061054110119585    -0.203163101105019    -0.197889187410283
36 53
     0.006056474586558    -0.012401695039443    -0.012401695039443
     0.012401695039443    -0.028598700163229     0.039918368565850
     0.012401695039443     0.039918368565850    -0.028598700163229
36 54
     0.325400609136750    -0.061054110119585    -0.061054110119585
     0.061054110119585    -0.197889187410283    -0.203163101105019
     0.061054110119585    -0.203163101105019    -0.197889187410283
36 55
     0.006056474586558    -0.012401695039443     0.012401695039443
     0.012401695039443    -0.028598700163229    -0.039918368565850
    -0.012401695039443    -0.039918368565850    -0.028598700163229
36 56
     0.325400609136750    -0.061054110119585     0.061054110119585
     0.061054110119585    -0.197889187410283     0.203163101105019
    -0.061054110119585     0.203163101105019    -0.197889187410283
36 57
    -0.019563048743976    -0.021684910461772    -0.035574529101723
    -0.021684910461772    -0.019563048743976    -0.035574529101723
    -0.035574529101723    -0.035574529101723    -0.116302803661483
36 58
     0.065669057795503    -0.034618866084202    -0.028412563915481
    -0.034618866084202     0.005073655330534    -0.034618866084202
    -0.028412563915481    -0.034618866084202     0.065669057795503
36 59
     0.005073655330534    -0.034618866084202    -0.034618866084202
    -0.034618866084202     0.065669057795503    -0.028412563915481
    -0.034618866084202    -0.028412563915481     0.065669057795503
36 60
    -2.936375630241628    -1.981126959435642    -1.981126959435642
    -1.981126959435641    -2.936375630241628    -1.981126959435641
    -1.981126959435641    -1.981126959435642    -2.936375630241627
36 61
     0.005100415756942    -0.009146978118224    -0.009146978118224
    -0.009146978118224     0.005100415756942    -0.009146978118224
    -0.009146978118224    -0.009146978118224     0.005100415756942
36 62
    -0.116302803661483    -0.035574529101723    -0.035574529101723
    -0.035574529101723    -0.019563048743976    -0.021684910461772
    -0.035574529101723    -0.021684910461772    -0.019563048743976
36 63
    -0.019563048743976    -0.035574529101723    -0.021684910461772
    -0.035574529101723    -0.116302803661483    -0.035574529101723
    -0.021684910461772    -0.035574529101723    -0.019563048743976
36 64
     0.065669057795503    -0.028412563915481    -0.034618866084202
    -0.028412563915481     0.065669057795503    -0.034618866084202
    -0.034618866084202    -0.034618866084202     0.005073655330534
37 1
    -0.197889187410283     0.061054110119585     0.203163101105019
    -0.061054110119585     0.325400609136750     0.061054110119585
     0.203163101105019    -0.061054110119585    -0.197889187410283
37 2
    -0.197889187410283     0.061054110119585    -0.203163101105019
    -0.061054110119585     0.325400609136750    -0.061054110119585
    -0.203163101105019     0.061054110119585    -0.197889187410283
37 3
    -0.028598700163229     0.012401695039443    -0.039918368565850
    -0.012401695039443     0.006056474586558     0.012401695039443
    -0.039918368565850    -0.012401695039443    -0.028598700163229
37 4
    -0.028598700163229     0.012401695039443     0.039918368565850
    -0.012401695039443     0.006056474586558    -0.012401695039443
     0.039918368565850     0.012401695039443    -0.028598700163229
37 5
    -0.197889187410283    -0.061054110119585    -0.203163101105019
     0.061054110119585     0.325400609136750     0.061054110119585
    -0.203163101105019    -0.061054110119585    -0.197889187410283
37 6
    -0.197889187410283    -0.061054110119585     0.203163101105019
     0.061054110119585     0.325400609136750    -0.061054110119585
     0.203163101105019     0.061054110119585    -0.197889187410283
37 7
    -0.028598700163229    -0.012401695039443     0.039918368565850
     0.012401695039443     0.006056474586558     0.012401695039443
     0.039918368565850    -0.012401695039443    -0.028598700163229
37 8
    -0.028598700163229    -0.012401695039443    -0.039918368565850
     0.012401695039443     0.006056474586558    -0.012401695039443
    -0.039918368565850     0.012401695039443    -0.028598700163229
37 9
     0.005100415756942    -0.009146978118224     0.009146978118224
    -0.009146978118224     0.005100415756942     0.009146978118224
     0.009146978118224     0.009146978118224     0.005100415756942
37 10
    -0.116302803661483    -0.035574529101723     0.035574529101723
    -0.035574529101723    -0.019563048743976     0.021684910461772
     0.035574529101723     0.021684910461772    -0.019563048743976
37 11
    -0.019563048743976    -0.035574529101723     0.021684910461772
    -0.035574529101723    -0.116302803661483     0.035574529101723
     0.021684910461772     0.035574529101723    -0.019563048743976
37 12
     0.065669057795503    -0.028412563915481     0.034618866084202
    -0.028412563915481     0.065669057795503     0.034618866084202
     0.034618866084202     0.034618866084202     0.005073655330534
37 13
    -0.019563048743976    -0.021684910461772     0.035574529101723
    -0.021684910461772    -0.019563048743976     0.035574529101723
     0.035574529101723     0.035574529101723    -0.116302803661483
37 14
     0.065669057795503    -0.034618866084202     0.028412563915481
    -0.034618866084202     0.005073655330534     0.034618866084202
     0.028412563915481     0.034618866084202     0.065669057795503
37 15
     0.005073655330534    -0.034618866084202     0.034618866084202
    -0.034618866084202     0.065669057795503     0.028412563915481
     0.034618866084202     0.028412563915481     0.065669057795503
37 16
    -2.936375630241628    -1.981126959435641     1.981126959435641
    -1.981126959435642    -2.936375630241628     1.981126959435642
     1.981126959435642     1.981126959435641    -2.936375630241627
37 17
    -0.028598700163229     0.039918368565850    -0.012401695039443
     0.039918368565850    -0.028598700163229    -0.012401695039443
     0.012401695039443     0.012401695039443     0.006056474586558
37 18
    -0.028598700163229    -0.039918368565850    -0.012401695039443
    -0.039918368565850    -0.028598700163229     0.012401695039443
     0.012401695039443    -0.012401695039443     0.006056474586558
37 19
    -0.028598700163229    -0.039918368565850     0.012401695039443
    -0.039918368565850    -0.028598700163229    -0.012401695039443
    -0.012401695039443     0.012401695039443     0.006056474586558
37 20
    -0.028598700163229     0.039918368565850     0.012401695039443
     0.039918368565850    -0.028598700163229     0.012401695039443
    -0.012401695039443    -0.012401695039443     0.006056474586558
37 21
    -0.197889187410283    -0.203163101105019    -0.061054110119585
    -0.203163101105019    -0.197889187410283    -0.061054110119585
     0.061054110119585     0.061054110119585     0.325400609136750
37 22
    -0.197889187410283     0.203163101105019    -0.061054110119585
     0.203163101105020    -0.197889187410283     0.061054110119585
     0.061054110119585    -0.061054110119585     0.325400609136750
37 23
    -0.197889187410283     0.203163101105019     0.061054110119585
     0.203163101105019    -0.197889187410283    -0.061054110119585
    -0.061054110119585     0.061054110119585     0.325400609136750
37 24
    -0.197889187410283    -0.203163101105019     0.061054110119585
    -0.203163101105019    -0.197889187410283     0.061054110119585
    -0.061054110119585    -0.061054110119585     0.325400609136750
37 25
     0.005073655330534     0.034618866084202    -0.034618866084202
     0.034618866084202     0.065669057795503     0.028412563915481
    -0.034618866084202     0.028412563915481     0.065669057795503
37 26
    -2.936375630241628     1.981126959435641    -1.981126959435641
     1.981126959435642    -2.936375630241628     1.981126959435642
    -1.981126959435642     1.981126959435641    -2.936375630241626
37 27
    -0.019563048743976     0.021684910461772    -0.035574529101723
     0.021684910461772    -0.019563048743976     0.035574529101723
    -0.035574529101723     0.035574529101723    -0.116302803661483
37 28
     0.065669057795503     0.034618866084202    -0.028412563915481
     0.034618866084202     0.005073655330534     0.034618866084202
    -0.028412563915481     0.034618866084202     0.065669057795503
37 29
    -0.019563048743976     0.035574529101723    -0.021684910461772
     0.035574529101723    -0.116302803661483     0.035574529101723
    -0.021684910461772     0.035574529101723    -0.019563048743976
37 30
     0.065669057795503     0.028412563915481    -0.034618866084202
     0.028412563915481     0.065669057795503     0.034618866084202
    -0.034618866084202     0.034618866084202     0.005073655330534
37 31
     0.005100415756942     0.009146978118224    -0.009146978118224
     0.009146978118224     0.005100415756942     0.009146978118224
    -0.009146978118224     0.009146978118224     0.005100415756942
37 32
    -0.116302803661483     0.035574529101723    -0.035574529101723
     0.035574529101723    -0.019563048743976     0.021684910461772
    -0.035574529101723     0.021684910461772    -0.019563048743976
37 33
    -0.061525177596877     0.000000000000000     0.000000000000000
    -0.000000000000000    -0.061525177596877     0.000000000000000
    -0.000000000000000     0.000000000000000    -0.033382157715778
37 34
    -0.011262453489280    -0.000000000000000     0.000000000000000
    -0.000000000000000     0.217939354325836    -0.000000000000000
     0.000000000000000     0.000000000000000    -0.011262453489280
37 35
     0.217939354325836    -0.000000000000000     0.000000000000000
    -0.000000000000000    -0.011262453489280     0.000000000000000
    -0.000000000000000     0.000000000000000    -0.011262453489280
37 36
    -0.005654635396013    -0.000000000000000     0.000000000000000
     0.000000000000000    -0.005654635396013     0.000000000000000
    -0.000000000000000     0.000000000000000    -0.005654635396013
37 37
    12.253916845503454    -0.000000000000000    -0.000000000000000
    -0.000000000000000    12.253916845503454    -0.000000000000000
    -0.000000000000000    -0.000000000000000    12.253916845503449
37 38
    -0.033382157715778    -0.000000000000000     0.000000000000000
    -0.000000000000000    -0.061525177596877     0.000000000000000
    -0.000000000000000     0.000000000000000    -0.061525177596877
37 39
    -0.061525177596877    -0.000000000000000    -0.000000000000000
    -0.000000000000000    -0.033382157715778     0.000000000000000
    -0.000000000000000    -0.000000000000000    -0.061525177596877
37 40
    -0.011262453489280    -0.000000000000000     0.000000000000000
    -0.000000000000000    -0.011262453489280    -0.000000000000000
    -0.000000000000000     0.000000000000000     0.217939354325836
37 41
     0.065669057795503     0.034618866084202     0.028412563915481
     0.034618866084202     0.005073655330534    -0.034618866084202
     0.028412563915481    -0.034618866084202     0.065669057795503
37 42
    -0.019563048743976     0.021684910461772     0.035574529101723
     0.021684910461772    -0.019563048743976    -0.035574529101723
     0.035574529101723    -0.035574529101723    -0.116302803661483
37 43
    -2.936375630241628     1.981126959435641     1.981126959435641
     1.981126959435642    -2.936375630241628    -1.981126959435642
     1.981126959435642    -1.981126959435641    -2.936375630241626
37 44
     0.005073655330534     0.034618866084202     0.034618866084202
     0.034618866084202     0.065669057795503    -0.028412563915481
     0.034618866084202    -0.028412563915481     0.065669057795503
37 45
    -0.116302803661483     0.035574529101723     0.035574529101723
     0.035574529101723    -0.019563048743976    -0.021684910461772
     0.035574529101723    -0.021684910461772    -0.019563048743976
37 46
     0.005100415756942     0.009146978118224     0.009146978118224
     0.009146978118224     0.005100415756942    -0.009146978118224
     0.009146978118224    -0.009146978118224     0.005100415756942
37 47
     0.065669057795503     0.028412563915481     0.034618866084202
     0.028412563915481     0.065669057795503    -0.034618866084202
     0.034618866084202    -0.034618866084202     0.005073655330534
37 48
    -0.019563048743976     0.035574529101723     0.021684910461772
     0.035574529101723    -0.116302803661483    -0.035574529101723
     0.021684910461772    -0.035574529101723    -0.019563048743976
37 49
     0.325400609136750    -0.061054110119585     0.061054110119585
     0.061054110119585    -0.197889187410283     0.203163101105019
    -0.061054110119585     0.203163101105019    -0.197889187410283
37 50
     0.006056474586558    -0.012401695039443     0.012401695039443
     0.012401695039443    -0.028598700163229    -0.039918368565850
    -0.012401695039443    -0.039918368565850    -0.028598700163229
37 51
     0.325400609136750    -0.061054110119585    -0.061054110119585
     0.061054110119585    -0.197889187410283    -0.203163101105019
     0.061054110119585    -0.203163101105019    -0.197889187410283
37 52
     0.006056474586558    -0.012401695039443    -0.012401695039443
     0.012401695039443    -0.028598700163229     0.039918368565850
     0.012401695039443     0.039918368565850    -0.028598700163229
37 53
     0.325400609136750     0.061054110119585     0.061054110119585
    -0.061054110119585    -0.197889187410283    -0.203163101105020
    -0.061054110119585    -0.203163101105019    -0.197889187410283
37 54
     0.006056474586558     0.012401695039443     0.012401695039443
    -0.012401695039443    -0.028598700163229     0.039918368565850
    -0.012401695039443     0.039918368565850    -0.028598700163229
37 55
     0.325400609136750     0.061054110119585    -0.061054110119585
    -0.061054110119585    -0.197889187410283     0.203163101105020
     0.061054110119585     0.203163101105019    -0.197889187410283
37 56
     0.006056474586558     0.012401695039443    -0.012401695039443
    -0.012401695039443    -0.028598700163229    -0.039918368565850
     0.012401695039443    -0.039918368565850    -0.028598700163229
37 57
     0.065669057795503    -0.028412563915481    -0.034618866084202
    -0.028412563915481     0.065669057795503    -0.034618866084202
    -0.034618866084202    -0.034618866084202     0.005073655330534
37 58
    -0.019563048743976    -0.035574529101723    -0.021684910461772
    -0.035574529101723    -0.116302803661483    -0.035574529101723
    -0.021684910461772    -0.035574529101723    -0.019563048743976
37 59
    -0.116302803661483    -0.035574529101723    -0.035574529101723
    -0.035574529101723    -0.019563048743976    -0.021684910461772
    -0.035574529101723    -0.021684910461772    -0.019563048743976
37 60
     0.005100415756942    -0.009146978118224    -0.009146978118224
    -0.009146978118224     0.005100415756942    -0.009146978118224
    -0.009146978118224    -0.009146978118224     0.005100415756942
37 61
    -2.936375630241627    -1.981126959435641    -1.981126959435642
    -1.981126959435642    -2.936375630241628    -1.981126959435642
    -1.981126959435641    -1.981126959435641    -2.936375630241628
37 62
     0.005073655330534    -0.034618866084202    -0.034618866084202
    -0.034618866084202     0.065669057795503    -0.028412563915481
    -0.034618866084202    -0.028412563915481     0.065669057795503
37 63
     0.065669057795503    -0.034618866084202    -0.028412563915481
    -0.034618866084202     0.005073655330534    -0.034618866084202
    -0.028412563915481    -0.034618866084202     0.065669057795503
37 64
    -0.019563048743976    -0.021684910461772    -0.035574529101723
    -0.021684910461772    -0.019563048743976    -0.035574529101723
    -0.035574529101723    -0.035574529101723    -0.116302803661483
38 1
    -0.197889187410283     0.061054110119585    -0.203163101105019
    -0.061054110119585     0.325400609136750    -0.061054110119585
    -0.203163101105019     0.061054110119585    -0.197889187410283
38 2
    -0.197889187410283     0.061054110119585     0.203163101105019
    -0.061054110119585     0.325400609136750     0.061054110119585
     0.203163101105019    -0.061054110119585    -0.197889187410283
38 3
    -0.028598700163229     0.012401695039443     0.039918368565850
    -0.012401695039443     0.006056474586558    -0.012401695039443
     0.039918368565850     0.012401695039443    -0.028598700163229
38 4
    -0.028598700163229     0.012401695039443    -0.039918368565850
    -0.012401695039443     0.006056474586558     0.012401695039443
    -0.039918368565850    -0.012401695039443    -0.028598700163229
38 5
    -0.197889187410283    -0.061054110119585     0.203163101105019
     0.061054110119585     0.325400609136750    -0.061054110119585
     0.203163101105019     0.061054110119585    -0.197889187410283
38 6
    -0.197889187410283    -0.061054110119585    -0.203163101105019
     0.061054110119585     0.325400609136750     0.061054110119585
    -0.203163101105019    -0.061054110119585    -0.197889187410283
38 7
    -0.028598700163229    -0.012401695039443    -0.039918368565850
     0.012401695039443     0.006056474586558    -0.012401695039443
    -0.039918368565850     0.012401695039443    -0.028598700163229
38 8
    -0.028598700163229    -0.012401695039443     0.039918368565850
     0.012401695039443     0.006056474586558     0.012401695039443
     0.039918368565850    -0.012401695039443    -0.028598700163229
38 9
    -0.116302803661483    -0.035574529101723     0.035574529101723
    -0.035574529101723    -0.019563048743976     0.021684910461772
     0.035574529101723     0.021684910461772    -0.019563048743976
38 10
     0.005100415756942    -0.009146978118224     0.009146978118224
    -0.009146978118224     0.005100415756942     0.009146978118224
     0.009146978118224     0.009146978118224     0.005100415756942
38 11
     0.065669057795503    -0.028412563915481     0.034618866084202
    -0.028412563915481     0.065669057795503     0.034618866084202
     0.034618866084202     0.034618866084202     0.005073655330534
38 12
    -0.019563048743976    -0.035574529101723     0.021684910461772
    -0.035574529101723    -0.116302803661483     0.035574529101723
     0.021684910461772     0.035574529101723    -0.019563048743976
38 13
     0.065669057795503    -0.034618866084202     0.028412563915481
    -0.034618866084202     0.005073655330534     0.034618866084202
     0.028412563915481     0.034618866084202     0.065669057795503
38 14
    -0.019563048743976    -0.021684910461772     0.035574529101723
    -0.021684910461772    -0.019563048743976     0.035574529101723
     0.035574529101723     0.035574529101723    -0.116302803661483
38 15
    -2.936375630241629    -1.981126959435642     1.981126959435642
    -1.981126959435642    -2.936375630241627     1.981126959435641
     1.981126959435642     1.981126959435641    -2.936375630241627
38 16
     0.005073655330534    -0.034618866084202     0.034618866084202
    -0.034618866084202     0.065669057795503     0.028412563915481
     0.034618866084202     0.028412563915481     0.065669057795503
38 17
    -0.028598700163229    -0.039918368565850    -0.012401695039443
    -0.039918368565850    -0.028598700163229     0.012401695039443
     0.012401695039443    -0.012401695039443     0.006056474586558
38 18
    -0.028598700163229     0.039918368565850    -0.012401695039443
     0.039918368565850    -0.028598700163229    -0.012401695039443
     0.012401695039443     0.012401695039443     0.006056474586558
38 19
    -0.028598700163229     0.039918368565850     0.012401695039443
     0.039918368565850    -0.028598700163229     0.012401695039443
    -0.012401695039443    -0.012401695039443     0.006056474586558
38 20
    -0.028598700163229    -0.039918368565850     0.012401695039443
    -0.039918368565850    -0.028598700163229    -0.012401695039443
    -0.012401695039443     0.012401695039443     0.006056474586558
38 21
    -0.197889187410283     0.203163101105019    -0.061054110119585
     0.203163101105019    -0.197889187410283     0.061054110119585
     0.061054110119585    -0.061054110119585     0.325400609136750
38 22
    -0.197889187410283    -0.203163101105019    -0.061054110119585
    -0.203163101105019    -0.197889187410283    -0.061054110119585
     0.061054110119585     0.061054110119585     0.325400609136750
38 23
    -0.197889187410283    -0.203163101105020     0.061054110119585
    -0.203163101105019    -0.197889187410283     0.061054110119585
    -0.061054110119585    -0.061054110119585     0.325400609136750
38 24
    -0.197889187410283     0.203163101105019     0.061054110119585
     0.203163101105019    -0.197889187410283    -0.061054110119585
    -0.061054110119585     0.061054110119585     0.325400609136750
38 25
    -2.936375630241629     1.981126959435642    -1.981126959435642
     1.981126959435642    -2.936375630241626     1.981126959435641
    -1.981126959435642     1.981126959435641    -2.936375630241627
38 26
     0.005073655330534     0.034618866084202    -0.034618866084202
     0.034618866084202     0.065669057795503     0.028412563915481
    -0.034618866084202     0.028412563915481     0.065669057795503
38 27
     0.065669057795503     0.034618866084202    -0.028412563915481
     0.034618866084202     0.005073655330534     0.034618866084202
    -0.028412563915481     0.034618866084202     0.065669057795503
38 28
    -0.019563048743976     0.021684910461772    -0.035574529101723
     0.021684910461772    -0.019563048743976     0.035574529101723
    -0.035574529101723     0.035574529101723    -0.116302803661483
38 29
     0.065669057795503     0.028412563915481    -0.034618866084202
     0.028412563915481     0.065669057795503     0.034618866084202
    -0.034618866084202     0.034618866084202     0.005073655330534
38 30
    -0.019563048743976     0.035574529101723    -0.021684910461772
     0.035574529101723    -0.116302803661483     0.035574529101723
    -0.021684910461772     0.035574529101723    -0.019563048743976
38 31
    -0.116302803661483     0.035574529101723    -0.035574529101723
     0.035574529101723    -0.019563048743976     0.021684910461772
    -0.035574529101723     0.021684910461772    -0.019563048743976
38 32
     0.005100415756942     0.009146978118224    -0.009146978118224
     0.009146978118224     0.005100415756942     0.009146978118224
    -0.009146978118224     0.009146978118224     0.005100415756942
38 33
    -0.011262453489280     0.000000000000000     0.000000000000000
    -0.000000000000000     0.217939354325836     0.000000000000000
     0.000000000000000    -0.000000000000000    -0.011262453489280
38 34
    -0.061525177596877     0.000000000000000    -0.000000000000000
    -0.000000000000000    -0.061525177596877    -0.000000000000000
     0.000000000000000     0.000000000000000    -0.033382157715778
38 35
    -0.005654635396013     0.000000000000000     0.000000000000000
    -0.000000000000000    -0.005654635396013    -0.000000000000000
     0.000000000000000    -0.000000000000000    -0.005654635396013
38 36
     0.217939354325836    -0.000000000000000     0.000000000000000
     0.000000000000000    -0.011262453489280    -0.000000000000000
    -0.000000000000000     0.000000000000000    -0.011262453489280
38 37
    -0.033382157715778    -0.000000000000000    -0.000000000000000
    -0.000000000000000    -0.061525177596877     0.000000000000000
     0.000000000000000     0.000000000000000    -0.061525177596877
38 38
    12.253916845503458    -0.000000000000000     0.000000000000000
    -0.000000000000000    12.253916845503451     0.000000000000000
     0.000000000000000     0.000000000000000    12.253916845503451
38 39
    -0.011262453489280     0.000000000000000    -0.000000000000000
     0.000000000000000    -0.011262453489280     0.000000000000000
     0.000000000000000    -0.000000000000000     0.217939354325836
38 40
    -0.061525177596877     0.000000000000000     0.000000000000000
     0.000000000000000    -0.033382157715778    -0.000000000000000
     0.000000000000000     0.000000000000000    -0.061525177596877
38 41
    -0.019563048743976     0.021684910461772     0.035574529101723
     0.021684910461772    -0.019563048743976    -0.035574529101723
     0.035574529101723    -0.035574529101723    -0.116302803661483
38 42
     0.065669057795503     0.034618866084202     0.028412563915481
     0.034618866084202     0.005073655330534    -0.034618866084202
     0.028412563915481    -0.034618866084202     0.065669057795503
38 43
     0.005073655330534     0.034618866084202     0.034618866084202
     0.034618866084202     0.065669057795503    -0.028412563915481
     0.034618866084202    -0.028412563915481     0.065669057795503
38 44
    -2.936375630241629     1.981126959435642     1.981126959435642
     1.981126959435642    -2.936375630241627    -1.981126959435641
     1.981126959435642    -1.981126959435641    -2.936375630241627
38 45
     0.005100415756942     0.009146978118224     0.009146978118224
     0.009146978118224     0.005100415756942    -0.009146978118224
     0.009146978118224    -0.009146978118224     0.005100415756942
38 46
    -0.116302803661483     0.035574529101723     0.035574529101723
     0.035574529101723    -0.019563048743976    -0.021684910461772
     0.035574529101723    -0.021684910461772    -0.019563048743976
38 47
    -0.019563048743976     0.035574529101723     0.021684910461772
     0.035574529101723    -0.116302803661483    -0.035574529101723
     0.021684910461772    -0.035574529101723    -0.019563048743976
38 48
     0.065669057795503     0.028412563915481     0.034618866084202
     0.028412563915481     0.065669057795503    -0.034618866084202
     0.034618866084202    -0.034618866084202     0.005073655330534
38 49
     0.006056474586558    -0.012401695039443     0.012401695039443
     0.012401695039443    -0.028598700163229    -0.039918368565850
    -0.012401695039443    -0.039918368565850    -0.028598700163229
38 50
     0.325400609136750    -0.061054110119585     0.061054110119585
     0.061054110119585    -0.197889187410283     0.203163101105019
    -0.061054110119585     0.203163101105019    -0.197889187410283
38 51
     0.006056474586558    -0.012401695039443    -0.012401695039443
     0.012401695039443    -0.028598700163229     0.039918368565850
     0.012401695039443     0.039918368565850    -0.028598700163229
38 52
     0.325400609136750    -0.061054110119585    -0.061054110119585
     0.061054110119585    -0.197889187410283    -0.203163101105019
     0.061054110119585    -0.203163101105019    -0.197889187410283
38 53
     0.006056474586558     0.012401695039443     0.012401695039443
    -0.012401695039443    -0.028598700163229     0.039918368565850
    -0.012401695039443     0.039918368565850    -0.028598700163229
38 54
     0.325400609136750     0.061054110119585     0.061054110119585
    -0.061054110119585    -0.197889187410283    -0.203163101105019
    -0.061054110119585    -0.203163101105019    -0.197889187410283
38 55
     0.006056474586558     0.012401695039443    -0.012401695039443
    -0.012401695039443    -0.028598700163229    -0.039918368565850
     0.012401695039443    -0.039918368565850    -0.028598700163229
38 56
     0.325400609136750     0.061054110119585    -0.061054110119585
    -0.061054110119585    -0.197889187410283     0.203163101105019
     0.061054110119585     0.203163101105019    -0.197889187410283
38 57
    -0.019563048743976    -0.035574529101723    -0.021684910461772
    -0.035574529101723    -0.116302803661483    -0.035574529101723
    -0.021684910461772    -0.035574529101723    -0.019563048743976
38 58
     0.065669057795503    -0.028412563915481    -0.034618866084202
    -0.028412563915481     0.065669057795503    -0.034618866084202
    -0.034618866084202    -0.034618866084202     0.005073655330534
38 59
     0.005100415756942    -0.009146978118224    -0.009146978118224
    -0.009146978118224     0.005100415756942    -0.009146978118224
    -0.009146978118224    -0.009146978118224     0.005100415756942
38 60
    -0.116302803661483    -0.035574529101723    -0.035574529101723
    -0.035574529101723    -0.019563048743976    -0.021684910461772
    -0.035574529101723    -0.021684910461772    -0.019563048743976
38 61
     0.005073655330534    -0.034618866084202    -0.034618866084202
    -0.034618866084202     0.065669057795503    -0.028412563915481
    -0.034618866084202    -0.028412563915481     0.065669057795503
38 62
    -2.936375630241629    -1.981126959435642    -1.981126959435642
    -1.981126959435642    -2.936375630241627    -1.981126959435641
    -1.981126959435642    -1.981126959435641    -2.936375630241627
38 63
    -0.019563048743976    -0.021684910461772    -0.035574529101723
    -0.021684910461772    -0.019563048743976    -0.035574529101723
    -0.035574529101723    -0.035574529101723    -0.116302803661483
38 64
     0.065669057795503    -0.034618866084202    -0.028412563915481
    -0.034618866084202     0.005073655330534    -0.034618866084202
    -0.028412563915481    -0.034618866084202     0.065669057795503
39 1
    -0.028598700163229     0.012401695039443    -0.039918368565850
    -0.012401695039443     0.006056474586558     0.012401695039443
    -0.039918368565850    -0.012401695039443    -0.028598700163229
39 2
    -0.028598700163229     0.012401695039443     0.039918368565850
    -0.012401695039443     0.006056474586558    -0.012401695039443
     0.039918368565850     0.012401695039443    -0.028598700163229
39 3
    -0.197889187410283     0.061054110119585     0.203163101105019
    -0.061054110119585     0.325400609136750     0.061054110119585
     0.203163101105019    -0.061054110119585    -0.197889187410283
39 4
    -0.197889187410283     0.061054110119585    -0.203163101105019
    -0.061054110119585     0.325400609136750    -0.061054110119585
    -0.203163101105019     0.061054110119585    -0.197889187410283
39 5
    -0.028598700163229    -0.012401695039443     0.039918368565850
     0.012401695039443     0.006056474586558     0.012401695039443
     0.039918368565850    -0.012401695039443    -0.028598700163229
39 6
    -0.028598700163229    -0.012401695039443    -0.039918368565850
     0.012401695039443     0.006056474586558    -0.012401695039443
    -0.039918368565850     0.012401695039443    -0.028598700163229
39 7
    -0.197889187410283    -0.061054110119585    -0.203163101105019
     0.061054110119585     0.325400609136750     0.061054110119585
    -0.203163101105019    -0.061054110119585    -0.197889187410283
39 8
    -0.197889187410283    -0.061054110119585     0.203163101105019
     0.061054110119585     0.325400609136750    -0.061054110119585
     0.203163101105019     0.061054110119585    -0.197889187410283
39 9
    -0.019563048743976    -0.035574529101723     0.021684910461772
    -0.035574529101723    -0.116302803661483     0.035574529101723
     0.021684910461772     0.035574529101723    -0.019563048743976
39 10
     0.065669057795503    -0.028412563915481     0.034618866084202
    -0.028412563915481     0.065669057795503     0.034618866084202
     0.034618866084202     0.034618866084202     0.005073655330534
39 11
     0.005100415756942    -0.009146978118224     0.009146978118224
    -0.009146978118224     0.005100415756942     0.009146978118224
     0.009146978118224     0.009146978118224     0.005100415756942
39 12
    -0.116302803661483    -0.035574529101723     0.035574529101723
    -0.035574529101723    -0.019563048743976     0.021684910461772
     0.035574529101723     0.021684910461772    -0.019563048743976
39 13
     0.005073655330534    -0.034618866084202     0.034618866084202
    -0.034618866084202     0.065669057795503     0.028412563915481
     0.034618866084202     0.028412563915481     0.065669057795503
39 14
    -2.936375630241628    -1.981126959435641     1.981126959435641
    -1.981126959435642    -2.936375630241628     1.981126959435642
     1.981126959435642     1.981126959435641    -2.936375630241626
39 15
    -0.019563048743976    -0.021684910461772     0.035574529101723
    -0.021684910461772    -0.019563048743976     0.035574529101723
     0.035574529101723     0.035574529101723    -0.116302803661483
39 16
     0.065669057795503    -0.034618866084202     0.028412563915481
    -0.034618866084202     0.005073655330534     0.034618866084202
     0.028412563915481     0.034618866084202     0.065669057795503
39 17
    -0.028598700163229    -0.039918368565850     0.012401695039443
    -0.039918368565850    -0.028598700163229    -0.012401695039443
    -0.012401695039443     0.012401695039443     0.006056474586558
39 18
    -0.028598700163229     0.039918368565850     0.012401695039443
     0.039918368565850    -0.028598700163229     0.012401695039443
    -0.012401695039443    -0.012401695039443     0.006056474586558
39 19
    -0.028598700163229     0.039918368565850    -0.012401695039443
     0.039918368565850    -0.028598700163229    -0.012401695039443
     0.012401695039443     0.012401695039443     0.006056474586558
39 20
    -0.028598700163229    -0.039918368565850    -0.012401695039443
    -0.039918368565850    -0.028598700163229     0.012401695039443
     0.012401695039443    -0.012401695039443     0.006056474586558
39 21
    -0.197889187410283     0.203163101105019     0.061054110119585
     0.203163101105019    -0.197889187410283    -0.061054110119585
    -0.061054110119585     0.061054110119585     0.325400609136750
39 22
    -0.197889187410283    -0.203163101105019     0.061054110119585
    -0.203163101105020    -0.197889187410283     0.061054110119585
    -0.061054110119585    -0.061054110119585     0.325400609136750
39 23
    -0.197889187410283    -0.203163101105019    -0.061054110119585
    -0.203163101105019    -0.197889187410283    -0.061054110119585
     0.061054110119585     0.061054110119585     0.325400609136750
39 24
    -0.197889187410283     0.203163101105019    -0.061054110119585
     0.203163101105019    -0.197889187410283     0.061054110119585
     0.061054110119585    -0.061054110119585     0.325400609136750
39 25
    -0.019563048743976     0.021684910461772    -0.035574529101723
     0.021684910461772    -0.019563048743976     0.035574529101723
    -0.035574529101723     0.035574529101723    -0.116302803661483
39 26
     0.065669057795503     0.034618866084202    -0.028412563915481
     0.034618866084202     0.005073655330534     0.034618866084202
    -0.028412563915481     0.034618866084202     0.065669057795503
39 27
     0.005073655330534     0.034618866084202    -0.034618866084202
     0.034618866084202     0.065669057795503     0.028412563915481
    -0.034618866084202     0.028412563915481     0.065669057795503
39 28
    -2.936375630241627     1.981126959435641    -1.981126959435642
     1.981126959435642    -2.936375630241628     1.981126959435642
    -1.981126959435641     1.981126959435641    -2.936375630241628
39 29
     0.005100415756942     0.009146978118224    -0.009146978118224
     0.009146978118224     0.005100415756942     0.009146978118224
    -0.009146978118224     0.009146978118224     0.005100415756942
39 30
    -0.116302803661483     0.035574529101723    -0.035574529101723
     0.035574529101723    -0.019563048743976     0.021684910461772
    -0.035574529101723     0.021684910461772    -0.019563048743976
39 31
    -0.019563048743976     0.035574529101723    -0.021684910461772
     0.035574529101723    -0.116302803661483     0.035574529101723
    -0.021684910461772     0.035574529101723    -0.019563048743976
39 32
     0.065669057795503     0.028412563915481    -0.034618866084202
     0.028412563915481     0.065669057795503     0.034618866084202
    -0.034618866084202     0.034618866084202     0.005073655330534
39 33
     0.217939354325836     0.000000000000000     0.000000000000000
    -0.000000000000000    -0.011262453489280    -0.000000000000000
    -0.000000000000000     0.000000000000000    -0.011262453489280
39 34
    -0.005654635396013     0.000000000000000     0.000000000000000
    -0.000000000000000    -0.005654635396013    -0.000000000000000
     0.000000000000000     0.000000000000000    -0.005654635396013
39 35
    -0.061525177596877     0.000000000000000     0.000000000000000
    -0.000000000000000    -0.061525177596877    -0.000000000000000
    -0.000000000000000    -0.000000000000000    -0.033382157715778
39 36
    -0.011262453489280    -0.000000000000000     0.000000000000000
     0.000000000000000     0.217939354325836    -0.000000000000000
    -0.000000000000000     0.000000000000000    -0.011262453489280
39 37
    -0.061525177596877    -0.000000000000000    -0.000000000000000
    -0.000000000000000    -0.033382157715778    -0.000000000000000
    -0.000000000000000     0.000000000000000    -0.061525177596877
39 38
    -0.011262453489280     0.000000000000000     0.000000000000000
     0.000000000000000    -0.011262453489280    -0.000000000000000
    -0.000000000000000     0.000000000000000     0.217939354325836
39 39
    12.253916845503451     0.000000000000000    -0.000000000000000
     0.000000000000000    12.253916845503454     0.000000000000000
    -0.000000000000000     0.000000000000000    12.253916845503451
39 40
    -0.033382157715778     0.000000000000000     0.000000000000000
     0.000000000000000    -0.061525177596877    -0.000000000000000
    -0.000000000000000     0.000000000000000    -0.061525177596877
39 41
    -2.936375630241628     1.981126959435641     1.981126959435641
     1.981126959435642    -2.936375630241628    -1.981126959435642
     1.981126959435642    -1.981126959435641    -2.936375630241626
39 42
     0.005073655330534     0.034618866084202     0.034618866084202
     0.034618866084202     0.065669057795503    -0.028412563915481
     0.034618866084202    -0.028412563915481     0.065669057795503
39 43
     0.065669057795503     0.034618866084202     0.028412563915481
     0.034618866084202     0.005073655330534    -0.034618866084202
     0.028412563915481    -0.034618866084202     0.065669057795503
39 44
    -0.019563048743976     0.021684910461772     0.035574529101723
     0.021684910461772    -0.019563048743976    -0.035574529101723
     0.035574529101723    -0.035574529101723    -0.116302803661483
39 45
     0.065669057795503     0.028412563915481     0.034618866084202
     0.028412563915481     0.065669057795503    -0.034618866084202
     0.034618866084202    -0.034618866084202     0.005073655330534
39 46
    -0.019563048743976     0.035574529101723     0.021684910461772
     0.035574529101723    -0.116302803661483    -0.035574529101723
     0.021684910461772    -0.035574529101723    -0.019563048743976
39 47
    -0.116302803661483     0.035574529101723     0.035574529101723
     0.035574529101723    -0.019563048743976    -0.021684910461772
     0.035574529101723    -0.021684910461772    -0.019563048743976
39 48
     0.005100415756942     0.009146978118224     0.009146978118224
     0.009146978118224     0.005100415756942    -0.009146978118224
     0.009146978118224    -0.009146978118224     0.005100415756942
39 49
     0.325400609136750    -0.061054110119585    -0.061054110119585
     0.061054110119585    -0.197889187410283    -0.203163101105019
     0.061054110119585    -0.203163101105019    -0.197889187410283
39 50
     0.006056474586558    -0.012401695039443    -0.012401695039443
     0.012401695039443    -0.028598700163229     0.039918368565850
     0.012401695039443     0.039918368565850    -0.028598700163229
39 51
     0.325400609136750    -0.061054110119585     0.061054110119585
     0.061054110119585    -0.197889187410283     0.203163101105019
    -0.061054110119585     0.203163101105019    -0.197889187410283
39 52
     0.006056474586558    -0.012401695039443     0.012401695039443
     0.012401695039443    -0.028598700163229    -0.039918368565850
    -0.012401695039443    -0.039918368565850    -0.028598700163229
39 53
     0.325400609136750     0.061054110119585    -0.061054110119585
    -0.061054110119585    -0.197889187410283     0.203163101105020
     0.061054110119585     0.203163101105019    -0.197889187410283
39 54
     0.006056474586558     0.012401695039443    -0.012401695039443
    -0.012401695039443    -0.028598700163229    -0.039918368565850
     0.012401695039443    -0.039918368565850    -0.028598700163229
39 55
     0.325400609136750     0.061054110119585     0.061054110119585
    -0.061054110119585    -0.197889187410283    -0.203163101105020
    -0.061054110119585    -0.203163101105019    -0.197889187410283
39 56
     0.006056474586558     0.012401695039443     0.012401695039443
    -0.012401695039443    -0.028598700163229     0.039918368565850
    -0.012401695039443     0.039918368565850    -0.028598700163229
39 57
    -0.116302803661483    -0.035574529101723    -0.035574529101723
    -0.035574529101723    -0.019563048743976    -0.021684910461772
    -0.035574529101723    -0.021684910461772    -0.019563048743976
39 58
     0.005100415756942    -0.009146978118224    -0.009146978118224
    -0.009146978118224     0.005100415756942    -0.009146978118224
    -0.009146978118224    -0.009146978118224     0.005100415756942
39 59
     0.065669057795503    -0.028412563915481    -0.034618866084202
    -0.028412563915481     0.065669057795503    -0.034618866084202
    -0.034618866084202    -0.034618866084202     0.005073655330534
39 60
    -0.019563048743976    -0.035574529101723    -0.021684910461772
    -0.035574529101723    -0.116302803661483    -0.035574529101723
    -0.021684910461772    -0.035574529101723    -0.019563048743976
39 61
     0.065669057795503    -0.034618866084202    -0.028412563915481
    -0.034618866084202     0.005073655330534    -0.034618866084202
    -0.028412563915481    -0.034618866084202     0.065669057795503
39 62
    -0.019563048743976    -0.021684910461772    -0.035574529101723
    -0.021684910461772    -0.019563048743976    -0.035574529101723
    -0.035574529101723    -0.035574529101723    -0.116302803661483
39 63
    -2.936375630241627    -1.981126959435642    -1.981126959435641
    -1.981126959435642    -2.936375630241629    -1.981126959435642
    -1.981126959435641    -1.981126959435642    -2.936375630241627
39 64
     0.005073655330534    -0.034618866084202    -0.034618866084202
    -0.034618866084202     0.065669057795503    -0.028412563915481
    -0.034618866084202    -0.028412563915481     0.065669057795503
40 1
    -0.028598700163229     0.012401695039443     0.039918368565850
    -0.012401695039443     0.006056474586558    -0.012401695039443
     0.039918368565850     0.012401695039443    -0.028598700163229
40 2
    -0.028598700163229     0.012401695039443    -0.039918368565850
    -0.012401695039443     0.006056474586558     0.012401695039443
    -0.039918368565850    -0.012401695039443    -0.028598700163229
40 3
    -0.197889187410283     0.061054110119585    -0.203163101105019
    -0.061054110119585     0.325400609136750    -0.061054110119585
    -0.203163101105019     0.061054110119585    -0.197889187410283
40 4
    -0.197889187410283     0.061054110119585     0.203163101105019
    -0.061054110119585     0.325400609136750     0.061054110119585
     0.203163101105019    -0.061054110119585    -0.197889187410283
40 5
    -0.028598700163229    -0.012401695039443    -0.039918368565850
     0.012401695039443     0.006056474586558    -0.012401695039443
    -0.039918368565850     0.012401695039443    -0.028598700163229
40 6
    -0.028598700163229    -0.012401695039443     0.039918368565850
     0.012401695039443     0.006056474586558     0.012401695039443
     0.039918368565850    -0.012401695039443    -0.028598700163229
40 7
    -0.197889187410283    -0.061054110119585     0.203163101105019
     0.061054110119585     0.325400609136750    -0.061054110119585
     0.203163101105019     0.061054110119585    -0.197889187410283
40 8
    -0.197889187410283    -0.061054110119585    -0.203163101105019
     0.061054110119585     0.325400609136750     0.061054110119585
    -0.203163101105019    -0.061054110119585    -0.197889187410283
40 9
     0.065669057795503    -0.028412563915481     0.034618866084202
    -0.028412563915481     0.065669057795503     0.034618866084202
     0.034618866084202     0.034618866084202     0.005073655330534
40 10
    -0.019563048743976    -0.035574529101723     0.021684910461772
    -0.035574529101723    -0.116302803661483     0.035574529101723
     0.021684910461772     0.035574529101723    -0.019563048743976
40 11
    -0.116302803661483    -0.035574529101723     0.035574529101723
    -0.035574529101723    -0.019563048743976     0.021684910461772
     0.035574529101723     0.021684910461772    -0.019563048743976
40 12
     0.005100415756942    -0.009146978118224     0.009146978118224
    -0.009146978118224     0.005100415756942     0.009146978118224
     0.009146978118224     0.009146978118224     0.005100415756942
40 13
    -2.936375630241628    -1.981126959435642     1.981126959435642
    -1.981126959435641    -2.936375630241628     1.981126959435641
     1.981126959435641     1.981126959435642    -2.936375630241626
40 14
     0.005073655330534    -0.034618866084202     0.034618866084202
    -0.034618866084202     0.065669057795503     0.028412563915481
     0.034618866084202     0.028412563915481     0.065669057795503
40 15
     0.065669057795503    -0.034618866084202     0.028412563915481
    -0.034618866084202     0.005073655330534     0.034618866084202
     0.028412563915481     0.034618866084202     0.065669057795503
40 16
    -0.019563048743976    -0.021684910461772     0.035574529101723
    -0.021684910461772    -0.019563048743976     0.035574529101723
     0.035574529101723     0.035574529101723    -0.116302803661483
40 17
    -0.028598700163229     0.039918368565850     0.012401695039443
     0.039918368565850    -0.028598700163229     0.012401695039443
    -0.012401695039443    -0.012401695039443     0.006056474586558
40 18
    -0.028598700163229    -0.039918368565850     0.012401695039443
    -0.039918368565850    -0.028598700163229    -0.012401695039443
    -0.012401695039443     0.012401695039443     0.006056474586558
40 19
    -0.028598700163229    -0.039918368565850    -0.012401695039443
    -0.039918368565850    -0.028598700163229     0.012401695039443
     0.012401695039443    -0.012401695039443     0.006056474586558
40 20
    -0.028598700163229     0.039918368565850    -0.012401695039443
     0.039918368565850    -0.028598700163229    -0.012401695039443
     0.012401695039443     0.012401695039443     0.006056474586558
40 21
    -0.197889187410283    -0.203163101105019     0.061054110119585
    -0.203163101105019    -0.197889187410283     0.061054110119585
    -0.061054110119585    -0.061054110119585     0.325400609136750
40 22
    -0.197889187410283     0.203163101105019     0.061054110119585
     0.203163101105019    -0.197889187410283    -0.061054110119585
    -0.061054110119585     0.061054110119585     0.325400609136750
40 23
    -0.197889187410283     0.203163101105020    -0.061054110119585
     0.203163101105019    -0.197889187410283     0.061054110119585
     0.061054110119585    -0.061054110119585     0.325400609136750
40 24
    -0.197889187410283    -0.203163101105019    -0.061054110119585
    -0.203163101105019    -0.197889187410283    -0.061054110119585
     0.061054110119585     0.061054110119585     0.325400609136750
40 25
     0.065669057795503     0.034618866084202    -0.028412563915481
     0.034618866084202     0.005073655330534     0.034618866084202
    -0.028412563915481     0.034618866084202     0.065669057795503
40 26
    -0.019563048743976     0.021684910461772    -0.035574529101723
     0.021684910461772    -0.019563048743976     0.035574529101723
    -0.035574529101723     0.035574529101723    -0.116302803661483
40 27
    -2.936375630241628     1.981126959435642    -1.981126959435642
     1.981126959435641    -2.936375630241628     1.981126959435641
    -1.981126959435641     1.981126959435642    -2.936375630241627
40 28
     0.005073655330534     0.034618866084202    -0.034618866084202
     0.034618866084202     0.065669057795503     0.028412563915481
    -0.034618866084202     0.028412563915481     0.065669057795503
40 29
    -0.116302803661483     0.035574529101723    -0.035574529101723
     0.035574529101723    -0.019563048743976     0.021684910461772
    -0.035574529101723     0.021684910461772    -0.019563048743976
40 30
     0.005100415756942     0.009146978118224    -0.009146978118224
     0.009146978118224     0.005100415756942     0.009146978118224
    -0.009146978118224     0.009146978118224     0.005100415756942
40 31
     0.065669057795503     0.028412563915481    -0.034618866084202
     0.028412563915481     0.065669057795503     0.034618866084202
    -0.034618866084202     0.034618866084202     0.005073655330534
40 32
    -0.019563048743976     0.035574529101723    -0.021684910461772
     0.035574529101723    -0.116302803661483     0.035574529101723
    -0.021684910461772     0.035574529101723    -0.019563048743976
40 33
    -0.005654635396013     0.000000000000000     0.000000000000000
    -0.000000000000000    -0.005654635396013     0.000000000000000
     0.000000000000000    -0.000000000000000    -0.005654635396013
40 34
     0.217939354325836     0.000000000000000    -0.000000000000000
    -0.000000000000000    -0.011262453489280    -0.000000000000000
     0.000000000000000    -0.000000000000000    -0.011262453489280
40 35
    -0.011262453489280    -0.000000000000000     0.000000000000000
    -0.000000000000000     0.217939354325836     0.000000000000000
     0.000000000000000    -0.000000000000000    -0.011262453489280
40 36
    -0.061525177596877    -0.000000000000000     0.000000000000000
     0.000000000000000    -0.061525177596877     0.000000000000000
    -0.000000000000000    -0.000000000000000    -0.033382157715778
40 37
    -0.011262453489280    -0.000000000000000    -0.000000000000000
    -0.000000000000000    -0.011262453489280     0.000000000000000
     0.000000000000000    -0.000000000000000     0.217939354325836
40 38
    -0.061525177596877     0.000000000000000     0.000000000000000
     0.000000000000000    -0.033382157715778     0.000000000000000
     0.000000000000000    -0.000000000000000    -0.061525177596877
40 39
    -0.033382157715778     0.000000000000000    -0.000000000000000
     0.000000000000000    -0.061525177596877     0.000000000000000
     0.000000000000000    -0.000000000000000    -0.061525177596877
40 40
    12.253916845503454     0.000000000000000    -0.000000000000000
     0.000000000000000    12.253916845503454    -0.000000000000000
    -0.000000000000000    -0.000000000000000    12.253916845503451
40 41
     0.005073655330534     0.034618866084202     0.034618866084202
     0.034618866084202     0.065669057795503    -0.028412563915481
     0.034618866084202    -0.028412563915481     0.065669057795503
40 42
    -2.936375630241628     1.981126959435642     1.981126959435642
     1.981126959435641    -2.936375630241627    -1.981126959435642
     1.981126959435641    -1.981126959435641    -2.936375630241628
40 43
    -0.019563048743976     0.021684910461772     0.035574529101723
     0.021684910461772    -0.019563048743976    -0.035574529101723
     0.035574529101723    -0.035574529101723    -0.116302803661483
40 44
     0.065669057795503     0.034618866084202     0.028412563915481
     0.034618866084202     0.005073655330534    -0.034618866084202
     0.028412563915481    -0.034618866084202     0.065669057795503
40 45
    -0.019563048743976     0.035574529101723     0.021684910461772
     0.035574529101723    -0.116302803661483    -0.035574529101723
     0.021684910461772    -0.035574529101723    -0.019563048743976
40 46
     0.065669057795503     0.028412563915481     0.034618866084202
     0.028412563915481     0.065669057795503    -0.034618866084202
     0.034618866084202    -0.034618866084202     0.005073655330534
40 47
     0.005100415756942     0.009146978118224     0.009146978118224
     0.009146978118224     0.005100415756942    -0.009146978118224
     0.009146978118224    -0.009146978118224     0.005100415756942
40 48
    -0.116302803661483     0.035574529101723     0.035574529101723
     0.035574529101723    -0.019563048743976    -0.021684910461772
     0.035574529101723    -0.021684910461772    -0.019563048743976
40 49
     0.006056474586558    -0.012401695039443    -0.012401695039443
     0.012401695039443    -0.028598700163229     0.039918368565850
     0.012401695039443     0.039918368565850    -0.028598700163229
40 50
     0.325400609136750    -0.061054110119585    -0.061054110119585
     0.061054110119585    -0.197889187410283    -0.203163101105019
     0.061054110119585    -0.203163101105019    -0.197889187410283
40 51
     0.006056474586558    -0.012401695039443     0.012401695039443
     0.012401695039443    -0.028598700163229    -0.039918368565850
    -0.012401695039443    -0.039918368565850    -0.028598700163229
40 52
     0.325400609136750    -0.061054110119585     0.061054110119585
     0.061054110119585    -0.197889187410283     0.203163101105019
    -0.061054110119585     0.203163101105019    -0.197889187410283
40 53
     0.006056474586558     0.012401695039443    -0.012401695039443
    -0.012401695039443    -0.028598700163229    -0.039918368565850
     0.012401695039443    -0.039918368565850    -0.028598700163229
40 54
     0.325400609136750     0.061054110119585    -0.061054110119585
    -0.061054110119585    -0.197889187410283     0.203163101105019
     0.061054110119585     0.203163101105019    -0.197889187410283
40 55
     0.006056474586558     0.012401695039443     0.012401695039443
    -0.012401695039443    -0.028598700163229     0.039918368565850
    -0.012401695039443     0.039918368565850    -0.028598700163229
40 56
     0.325400609136750     0.061054110119585     0.061054110119585
    -0.061054110119585    -0.197889187410283    -0.203163101105019
    -0.061054110119585    -0.203163101105019    -0.197889187410283
40 57
     0.005100415756942    -0.009146978118224    -0.009146978118224
    -0.009146978118224     0.005100415756942    -0.009146978118224
    -0.009146978118224    -0.009146978118224     0.005100415756942
40 58
    -0.116302803661483    -0.035574529101723    -0.035574529101723
    -0.035574529101723    -0.019563048743976    -0.021684910461772
    -0.035574529101723    -0.021684910461772    -0.019563048743976
40 59
    -0.019563048743976    -0.035574529101723    -0.021684910461772
    -0.035574529101723    -0.116302803661483    -0.035574529101723
    -0.021684910461772    -0.035574529101723    -0.019563048743976
40 60
     0.065669057795503    -0.028412563915481    -0.034618866084202
    -0.028412563915481     0.065669057795503    -0.034618866084202
    -0.034618866084202    -0.034618866084202     0.005073655330534
40 61
    -0.019563048743976    -0.021684910461772    -0.035574529101723
    -0.021684910461772    -0.019563048743976    -0.035574529101723
    -0.035574529101723    -0.035574529101723    -0.116302803661483
40 62
     0.065669057795503    -0.034618866084202    -0.028412563915481
    -0.034618866084202     0.005073655330534    -0.034618866084202
    -0.028412563915481    -0.034618866084202     0.065669057795503
40 63
     0.005073655330534    -0.034618866084202    -0.034618866084202
    -0.034618866084202     0.065669057795503    -0.028412563915481
    -0.034618866084202    -0.028412563915481     0.065669057795503
40 64
    -2.936375630241628    -1.981126959435642    -1.981126959435642
    -1.981126959435641    -2.936375630241627    -1.981126959435642
    -1.981126959435641    -1.981126959435641    -2.936375630241628
41 1
     0.065669057795503    -0.034618866084202     0.028412563915481
    -0.034618866084202     0.005073655330534     0.034618866084202
     0.028412563915481     0.034618866084202     0.065669057795503
41 2
    -0.019563048743976    -0.021684910461772     0.035574529101723
    -0.021684910461772    -0.019563048743976     0.035574529101723
     0.035574529101723     0.035574529101723    -0.116302803661483
41 3
    -2.936375630241628    -1.981126959435642     1.981126959435642
    -1.981126959435641    -2.936375630241628     1.981126959435641
     1.981126959435641     1.981126959435642    -2.936375630241627
41 4
     0.005073655330534    -0.034618866084202     0.034618866084202
    -0.034618866084202     0.065669057795503     0.028412563915481
     0.034618866084202     0.028412563915481     0.065669057795503
41 5
    -0.116302803661483    -0.035574529101723     0.035574529101723
    -0.035574529101723    -0.019563048743976     0.021684910461772
     0.035574529101723     0.021684910461772    -0.019563048743976
41 6
     0.005100415756942    -0.009146978118224     0.009146978118224
    -0.009146978118224     0.005100415756942     0.009146978118224
     0.009146978118224     0.009146978118224     0.005100415756942
41 7
     0.065669057795503    -0.028412563915481     0.034618866084202
    -0.028412563915481     0.065669057795503     0.034618866084202
     0.034618866084202     0.034618866084202     0.005073655330534
41 8
    -0.019563048743976    -0.035574529101723     0.021684910461772
    -0.035574529101723    -0.116302803661483     0.035574529101723
     0.021684910461772     0.035574529101723    -0.019563048743976
41 9
    -0.197889187410283    -0.061054110119585     0.203163101105019
     0.061054110119585     0.325400609136750    -0.061054110119585
     0.203163101105019     0.061054110119585    -0.197889187410283
41 10
    -0.197889187410283    -0.061054110119585    -0.203163101105020
     0.061054110119585     0.325400609136750     0.061054110119585
    -0.203163101105019    -0.061054110119585    -0.197889187410283
41 11
    -0.028598700163229    -0.012401695039443    -0.039918368565850
     0.012401695039443     0.006056474586558    -0.012401695039443
    -0.039918368565850     0.012401695039443    -0.028598700163229
41 12
    -0.028598700163229    -0.012401695039443     0.039918368565850
     0.012401695039443     0.006056474586558     0.012401695039443
     0.039918368565850    -0.012401695039443    -0.028598700163229
41 13
    -0.197889187410283     0.061054110119585    -0.203163101105019
    -0.061054110119585     0.325400609136750    -0.061054110119585
    -0.203163101105019     0.061054110119585    -0.197889187410283
41 14
    -0.197889187410283     0.061054110119585     0.203163101105019
    -0.061054110119585     0.325400609136750     0.061054110119585
     0.203163101105019    -0.061054110119585    -0.197889187410283
41 15
    -0.028598700163229     0.012401695039443     0.039918368565850
    -0.012401695039443     0.006056474586558    -0.012401695039443
     0.039918368565850     0.012401695039443    -0.028598700163229
41 16
    -0.028598700163229     0.012401695039443    -0.039918368565850
    -0.012401695039443     0.006056474586558     0.012401695039443
    -0.039918368565850    -0.012401695039443    -0.028598700163229
41 17
     0.065669057795503     0.028412563915481    -0.034618866084202
     0.028412563915481     0.065669057795503     0.034618866084202
    -0.034618866084202     0.034618866084202     0.005073655330534
41 18
    -0.019563048743976     0.035574529101723    -0.021684910461772
     0.035574529101723    -0.116302803661483     0.035574529101723
    -0.021684910461772     0.035574529101723    -0.019563048743976
41 19
    -0.116302803661483     0.035574529101723    -0.035574529101723
     0.035574529101723    -0.019563048743976     0.021684910461772
    -0.035574529101723     0.021684910461772    -0.019563048743976
41 20
     0.005100415756942     0.009146978118224    -0.009146978118224
     0.009146978118224     0.005100415756942     0.009146978118224
    -0.009146978118224     0.009146978118224     0.005100415756942
41 21
    -2.936375630241628     1.981126959435642    -1.981126959435642
     1.981126959435641    -2.936375630241627     1.981126959435642
    -1.981126959435641     1.981126959435641    -2.936375630241628
41 22
     0.005073655330534     0.034618866084202    -0.034618866084202
     0.034618866084202     0.065669057795503     0.028412563915481
    -0.034618866084202     0.028412563915481     0.065669057795503
41 23
     0.065669057795503     0.034618866084202    -0.028412563915481
     0.034618866084202     0.005073655330534     0.034618866084202
    -0.028412563915481     0.034618866084202     0.065669057795503
41 24
    -0.019563048743976     0.021684910461772    -0.035574529101723
     0.021684910461772    -0.019563048743976     0.035574529101723
    -0.035574529101723     0.035574529101723    -0.116302803661483
41 25
    -0.197889187410283     0.203163101105019    -0.061054110119585
     0.203163101105019    -0.197889187410283     0.061054110119585
     0.061054110119585    -0.061054110119585     0.325400609136750
41 26
    -0.197889187410283    -0.203163101105019    -0.061054110119585
    -0.203163101105019    -0.197889187410283    -0.061054110119585
     0.061054110119585     0.061054110119585     0.325400609136750
41 27
    -0.197889187410283    -0.203163101105020     0.061054110119585
    -0.203163101105019    -0.197889187410283     0.061054110119585
    -0.061054110119585    -0.061054110119585     0.325400609136750
41 28
    -0.197889187410283     0.203163101105019     0.061054110119585
     0.203163101105019    -0.197889187410283    -0.061054110119585
    -0.061054110119585     0.061054110119585     0.325400609136750
41 29
    -0.028598700163229    -0.039918368565850    -0.012401695039443
    -0.039918368565850    -0.028598700163229     0.012401695039443
     0.012401695039443    -0.012401695039443     0.006056474586558
41 30
    -0.028598700163229     0.039918368565850    -0.012401695039443
     0.039918368565850    -0.028598700163229    -0.012401695039443
     0.012401695039443     0.012401695039443     0.006056474586558
41 31
    -0.028598700163229     0.039918368565850     0.012401695039443
     0.039918368565850    -0.028598700163229     0.012401695039443
    -0.012401695039443    -0.012401695039443     0.006056474586558
41 32
    -0.028598700163229    -0.039918368565850     0.012401695039443
    -0.039918368565850    -0.028598700163229    -0.012401695039443
    -0.012401695039443     0.012401695039443     0.006056474586558
41 33
    -0.116302803661483     0.035574529101723     0.035574529101723
     0.035574529101723    -0.019563048743976    -0.021684910461772
     0.035574529101723    -0.021684910461772    -0.019563048743976
41 34
     0.005100415756942     0.009146978118224     0.009146978118224
     0.009146978118224     0.005100415756942    -0.009146978118224
     0.009146978118224    -0.009146978118224     0.005100415756942
41 35
     0.065669057795503     0.028412563915481     0.034618866084202
     0.028412563915481     0.065669057795503    -0.034618866084202
     0.034618866084202    -0.034618866084202     0.005073655330534
41 36
    -0.019563048743976     0.035574529101723     0.021684910461772
     0.035574529101723    -0.116302803661483    -0.035574529101723
     0.021684910461772    -0.035574529101723    -0.019563048743976
41 37
     0.065669057795503     0.034618866084202     0.028412563915481
     0.034618866084202     0.005073655330534    -0.034618866084202
     0.028412563915481    -0.034618866084202     0.065669057795503
41 38
    -0.019563048743976     0.021684910461772     0.035574529101723
     0.021684910461772    -0.019563048743976    -0.035574529101723
     0.035574529101723    -0.035574529101723    -0.116302803661483
41 39
    -2.936375630241628     1.981126959435642     1.981126959435642
     1.981126959435641    -2.936375630241628    -1.981126959435641
     1.981126959435641    -1.981126959435642    -2.936375630241626
41 40
     0.005073655330534     0.034618866084202     0.034618866084202
     0.034618866084202     0.065669057795503    -0.028412563915481
     0.034618866084202    -0.028412563915481     0.065669057795503
41 41
    12.253916845503454     0.000000000000000    -0.000000000000000
     0.000000000000000    12.253916845503454    -0.000000000000000
    -0.000000000000000    -0.000000000000000    12.253916845503451
41 42
    -0.033382157715778    -0.000000000000000     0.000000000000000
    -0.000000000000000    -0.061525177596877    -0.000000000000000
     0.000000000000000     0.000000000000000    -0.061525177596877
41 43
    -0.061525177596877     0.000000000000000     0.000000000000000
    -0.000000000000000    -0.033382157715778    -0.000000000000000
     0.000000000000000     0.000000000000000    -0.061525177596877
41 44
    -0.011262453489280     0.000000000000000     0.000000000000000
    -0.000000000000000    -0.011262453489280    -0.000000000000000
     0.000000000000000    -0.000000000000000     0.217939354325836
41 45
    -0.061525177596877     0.000000000000000     0.000000000000000
    -0.000000000000000    -0.061525177596877    -0.000000000000000
     0.000000000000000     0.000000000000000    -0.033382157715778
41 46
    -0.011262453489280     0.000000000000000     0.000000000000000
    -0.000000000000000     0.217939354325836    -0.000000000000000
     0.000000000000000    -0.000000000000000    -0.011262453489280
41 47
     0.217939354325836     0.000000000000000     0.000000000000000
     0.000000000000000    -0.011262453489280    -0.000000000000000
     0.000000000000000     0.000000000000000    -0.011262453489280
41 48
    -0.005654635396013     0.000000000000000     0.000000000000000
    -0.000000000000000    -0.005654635396013    -0.000000000000000
     0.000000000000000     0.000000000000000    -0.005654635396013
41 49
    -2.936375630241628    -1.981126959435642    -1.981126959435642
    -1.981126959435641    -2.936375630241628    -1.981126959435641
    -1.981126959435641    -1.981126959435642    -2.936375630241626
41 50
     0.005073655330534    -0.034618866084202    -0.034618866084202
    -0.034618866084202     0.065669057795503    -0.028412563915481
    -0.034618866084202    -0.028412563915481     0.065669057795503
41 51
     0.065669057795503    -0.034618866084202    -0.028412563915481
    -0.034618866084202     0.005073655330534    -0.034618866084202
    -0.028412563915481    -0.034618866084202     0.065669057795503
41 52
    -0.019563048743976    -0.021684910461772    -0.035574529101723
    -0.021684910461772    -0.019563048743976    -0.035574529101723
    -0.035574529101723    -0.035574529101723    -0.116302803661483
41 53
     0.065669057795503    -0.028412563915481    -0.034618866084202
    -0.028412563915481     0.065669057795503    -0.034618866084202
    -0.034618866084202    -0.034618866084202     0.005073655330534
41 54
    -0.019563048743976    -0.035574529101723    -0.021684910461772
    -0.035574529101723    -0.116302803661483    -0.035574529101723
    -0.021684910461772    -0.035574529101723    -0.019563048743976
41 55
    -0.116302803661483    -0.035574529101723    -0.035574529101723
    -0.035574529101723    -0.019563048743976    -0.021684910461772
    -0.035574529101723    -0.021684910461772    -0.019563048743976
41 56
     0.005100415756942    -0.009146978118224    -0.009146978118224
    -0.009146978118224     0.005100415756942    -0.009146978118224
    -0.009146978118224    -0.009146978118224     0.005100415756942
41 57
     0.325400609136750     0.061054110119585     0.061054110119585
    -0.061054110119585    -0.197889187410283    -0.203163101105019
    -0.061054110119585    -0.203163101105019    -0.197889187410283
41 58
     0.006056474586558     0.012401695039443     0.012401695039443
    -0.012401695039443    -0.028598700163229     0.039918368565850
    -0.012401695039443     0.039918368565850    -0.028598700163229
41 59
     0.325400609136750     0.061054110119585    -0.061054110119585
    -0.061054110119585    -0.197889187410283     0.203163101105019
     0.061054110119585     0.203163101105019    -0.197889187410283
41 60
     0.006056474586558     0.012401695039443    -0.012401695039443
    -0.012401695039443    -0.028598700163229    -0.039918368565850
     0.012401695039443    -0.039918368565850    -0.028598700163229
41 61
     0.325400609136750    -0.061054110119585     0.061054110119585
     0.061054110119585    -0.197889187410283     0.203163101105019
    -0.061054110119585     0.203163101105019    -0.197889187410283
41 62
     0.006056474586558    -0.012401695039443     0.012401695039443
     0.012401695039443    -0.028598700163229    -0.039918368565850
    -0.012401695039443    -0.039918368565850    -0.028598700163229
41 63
     0.325400609136750    -0.061054110119585    -0.061054110119585
     0.061054110119585    -0.197889187410283    -0.203163101105019
     0.061054110119585    -0.203163101105019    -0.197889187410283
41 64
     0.006056474586558    -0.012401695039443    -0.012401695039443
     0.012401695039443    -0.028598700163229     0.039918368565850
     0.012401695039443     0.039918368565850    -0.028598700163229
42 1
    -0.019563048743976    -0.021684910461772     0.035574529101723
    -0.021684910461772    -0.019563048743976     0.035574529101723
     0.035574529101723     0.035574529101723    -0.116302803661483
42 2
     0.065669057795503    -0.034618866084202     0.028412563915481
    -0.034618866084202     0.005073655330534     0.034618866084202
     0.028412563915481     0.034618866084202     0.065669057795503
42 3
     0.005073655330534    -0.034618866084202     0.034618866084202
    -0.034618866084202     0.065669057795503     0.028412563915481
     0.034618866084202     0.028412563915481     0.065669057795503
42 4
    -2.936375630241628    -1.981126959435641     1.981126959435641
    -1.981126959435642    -2.936375630241626     1.981126959435641
     1.981126959435642     1.981126959435642    -2.936375630241628
42 5
     0.005100415756942    -0.009146978118224     0.009146978118224
    -0.009146978118224     0.005100415756942     0.009146978118224
     0.009146978118224     0.009146978118224     0.005100415756942
42 6
    -0.116302803661483    -0.035574529101723     0.035574529101723
    -0.035574529101723    -0.019563048743976     0.021684910461772
     0.035574529101723     0.021684910461772    -0.019563048743976
42 7
    -0.019563048743976    -0.035574529101723     0.021684910461772
    -0.035574529101723    -0.116302803661483     0.035574529101723
     0.021684910461772     0.035574529101723    -0.019563048743976
42 8
     0.065669057795503    -0.028412563915481     0.034618866084202
    -0.028412563915481     0.065669057795503     0.034618866084202
     0.034618866084202     0.034618866084202     0.005073655330534
42 9
    -0.197889187410283    -0.061054110119585    -0.203163101105019
     0.061054110119585     0.325400609136750     0.061054110119585
    -0.203163101105019    -0.061054110119585    -0.197889187410283
42 10
    -0.197889187410283    -0.061054110119585     0.203163101105019
     0.061054110119585     0.325400609136750    -0.061054110119585
     0.203163101105019     0.061054110119585    -0.197889187410283
42 11
    -0.028598700163229    -0.012401695039443     0.039918368565850
     0.012401695039443     0.006056474586558     0.012401695039443
     0.039918368565850    -0.012401695039443    -0.028598700163229
42 12
    -0.028598700163229    -0.012401695039443    -0.039918368565850
     0.012401695039443     0.006056474586558    -0.012401695039443
    -0.039918368565850     0.012401695039443    -0.028598700163229
42 13
    -0.197889187410283     0.061054110119585     0.203163101105019
    -0.061054110119585     0.325400609136750     0.061054110119585
     0.203163101105019    -0.061054110119585    -0.197889187410283
42 14
    -0.197889187410283     0.061054110119585    -0.203163101105019
    -0.061054110119585     0.325400609136750    -0.061054110119585
    -0.203163101105020     0.061054110119585    -0.197889187410283
42 15
    -0.028598700163229     0.012401695039443    -0.039918368565850
    -0.012401695039443     0.006056474586558     0.012401695039443
    -0.039918368565850    -0.012401695039443    -0.028598700163229
42 16
    -0.028598700163229     0.012401695039443     0.039918368565850
    -0.012401695039443     0.006056474586558    -0.012401695039443
     0.039918368565850     0.012401695039443    -0.028598700163229
42 17
    -0.019563048743976     0.035574529101723    -0.021684910461772
     0.035574529101723    -0.116302803661483     0.035574529101723
    -0.021684910461772     0.035574529101723    -0.019563048743976
42 18
     0.065669057795503     0.028412563915481    -0.034618866084202
     0.028412563915481     0.065669057795503     0.034618866084202
    -0.034618866084202     0.034618866084202     0.005073655330534
42 19
     0.005100415756942     0.009146978118224    -0.009146978118224
     0.009146978118224     0.005100415756942     0.009146978118224
    -0.009146978118224     0.009146978118224     0.005100415756942
42 20
    -0.116302803661483     0.035574529101723    -0.035574529101723
     0.035574529101723    -0.019563048743976     0.021684910461772
    -0.035574529101723     0.021684910461772    -0.019563048743976
42 21
     0.005073655330534     0.034618866084202    -0.034618866084202
     0.034618866084202     0.065669057795503     0.028412563915481
    -0.034618866084202     0.028412563915481     0.065669057795503
42 22
    -2.936375630241628     1.981126959435641    -1.981126959435641
     1.981126959435642    -2.936375630241626     1.981126959435641
    -1.981126959435642     1.981126959435642    -2.936375630241628
42 23
    -0.019563048743976     0.021684910461772    -0.035574529101723
     0.021684910461772    -0.019563048743976     0.035574529101723
    -0.035574529101723     0.035574529101723    -0.116302803661483
42 24
     0.065669057795503     0.034618866084202    -0.028412563915481
     0.034618866084202     0.005073655330534     0.034618866084202
    -0.028412563915481     0.034618866084202     0.065669057795503
42 25
    -0.197889187410283    -0.203163101105019    -0.061054110119585
    -0.203163101105019    -0.197889187410283    -0.061054110119585
     0.061054110119585     0.061054110119585     0.325400609136750
42 26
    -0.197889187410283     0.203163101105019    -0.061054110119585
     0.203163101105019    -0.197889187410283     0.061054110119585
     0.061054110119585    -0.061054110119585     0.325400609136750
42 27
    -0.197889187410283     0.203163101105019     0.061054110119585
     0.203163101105019    -0.197889187410283    -0.061054110119585
    -0.061054110119585     0.061054110119585     0.325400609136750
42 28
    -0.197889187410283    -0.203163101105019     0.061054110119585
    -0.203163101105019    -0.197889187410283     0.061054110119585
    -0.061054110119585    -0.061054110119585     0.325400609136750
42 29
    -0.028598700163229     0.039918368565850    -0.012401695039443
     0.039918368565850    -0.028598700163229    -0.012401695039443
     0.012401695039443     0.012401695039443     0.006056474586558
42 30
    -0.028598700163229    -0.039918368565850    -0.012401695039443
    -0.039918368565850    -0.028598700163229     0.012401695039443
     0.012401695039443    -0.012401695039443     0.006056474586558
42 31
    -0.028598700163229    -0.039918368565850     0.012401695039443
    -0.039918368565850    -0.028598700163229    -0.012401695039443
    -0.012401695039443     0.012401695039443     0.006056474586558
42 32
    -0.028598700163229     0.039918368565850     0.012401695039443
     0.039918368565850    -0.028598700163229     0.012401695039443
    -0.012401695039443    -0.012401695039443     0.006056474586558
42 33
     0.005100415756942     0.009146978118224     0.009146978118224
     0.009146978118224     0.005100415756942    -0.009146978118224
     0.009146978118224    -0.009146978118224     0.005100415756942
42 34
    -0.116302803661483     0.035574529101723     0.035574529101723
     0.035574529101723    -0.019563048743976    -0.021684910461772
     0.035574529101723    -0.021684910461772    -0.019563048743976
42 35
    -0.019563048743976     0.035574529101723     0.021684910461772
     0.035574529101723    -0.116302803661483    -0.035574529101723
     0.021684910461772    -0.035574529101723    -0.019563048743976
42 36
     0.065669057795503     0.028412563915481     0.034618866084202
     0.028412563915481     0.065669057795503    -0.034618866084202
     0.034618866084202    -0.034618866084202     0.005073655330534
42 37
    -0.019563048743976     0.021684910461772     0.035574529101723
     0.021684910461772    -0.019563048743976    -0.035574529101723
     0.035574529101723    -0.035574529101723    -0.116302803661483
42 38
     0.065669057795503     0.034618866084202     0.028412563915481
     0.034618866084202     0.005073655330534    -0.034618866084202
     0.028412563915481    -0.034618866084202     0.065669057795503
42 39
     0.005073655330534     0.034618866084202     0.034618866084202
     0.034618866084202     0.065669057795503    -0.028412563915481
     0.034618866084202    -0.028412563915481     0.065669057795503
42 40
    -2.936375630241628     1.981126959435641     1.981126959435641
     1.981126959435642    -2.936375630241627    -1.981126959435641
     1.981126959435642    -1.981126959435642    -2.936375630241628
42 41
    -0.033382157715778    -0.000000000000000     0.000000000000000
    -0.000000000000000    -0.061525177596877     0.000000000000000
     0.000000000000000    -0.000000000000000    -0.061525177596877
42 42
    12.253916845503454     0.000000000000000     0.000000000000000
     0.000000000000000    12.253916845503449    -0.000000000000000
     0.000000000000000    -0.000000000000000    12.253916845503454
42 43
    -0.011262453489280    -0.000000000000000     0.000000000000000
    -0.000000000000000    -0.011262453489280     0.000000000000000
    -0.000000000000000     0.000000000000000     0.217939354325836
42 44
    -0.061525177596877     0.000000000000000     0.000000000000000
    -0.000000000000000    -0.033382157715778     0.000000000000000
     0.000000000000000    -0.000000000000000    -0.061525177596877
42 45
    -0.011262453489280    -0.000000000000000     0.000000000000000
    -0.000000000000000     0.217939354325836    -0.000000000000000
    -0.000000000000000     0.000000000000000    -0.011262453489280
42 46
    -0.061525177596877     0.000000000000000    -0.000000000000000
    -0.000000000000000    -0.061525177596877     0.000000000000000
     0.000000000000000    -0.000000000000000    -0.033382157715778
42 47
    -0.005654635396013    -0.000000000000000     0.000000000000000
     0.000000000000000    -0.005654635396013     0.000000000000000
     0.000000000000000     0.000000000000000    -0.005654635396013
42 48
     0.217939354325836    -0.000000000000000     0.000000000000000
    -0.000000000000000    -0.011262453489280    -0.000000000000000
    -0.000000000000000     0.000000000000000    -0.011262453489280
42 49
     0.005073655330534    -0.034618866084202    -0.034618866084202
    -0.034618866084202     0.065669057795503    -0.028412563915481
    -0.034618866084202    -0.028412563915481     0.065669057795503
42 50
    -2.936375630241627    -1.981126959435641    -1.981126959435642
    -1.981126959435641    -2.936375630241626    -1.981126959435642
    -1.981126959435642    -1.981126959435642    -2.936375630241629
42 51
    -0.019563048743976    -0.021684910461772    -0.035574529101723
    -0.021684910461772    -0.019563048743976    -0.035574529101723
    -0.035574529101723    -0.035574529101723    -0.116302803661483
42 52
     0.065669057795503    -0.034618866084202    -0.028412563915481
    -0.034618866084202     0.005073655330534    -0.034618866084202
    -0.028412563915481    -0.034618866084202     0.065669057795503
42 53
    -0.019563048743976    -0.035574529101723    -0.021684910461772
    -0.035574529101723    -0.116302803661483    -0.035574529101723
    -0.021684910461772    -0.035574529101723    -0.019563048743976
42 54
     0.065669057795503    -0.028412563915481    -0.034618866084202
    -0.028412563915481     0.065669057795503    -0.034618866084202
    -0.034618866084202    -0.034618866084202     0.005073655330534
42 55
     0.005100415756942    -0.009146978118224    -0.009146978118224
    -0.009146978118224     0.005100415756942    -0.009146978118224
    -0.009146978118224    -0.009146978118224     0.005100415756942
42 56
    -0.116302803661483    -0.035574529101723    -0.035574529101723
    -0.035574529101723    -0.019563048743976    -0.021684910461772
    -0.035574529101723    -0.021684910461772    -0.019563048743976
42 57
     0.006056474586558     0.012401695039443     0.012401695039443
    -0.012401695039443    -0.028598700163229     0.039918368565850
    -0.012401695039443     0.039918368565850    -0.028598700163229
42 58
     0.325400609136750     0.061054110119585     0.061054110119585
    -0.061054110119585    -0.197889187410283    -0.203163101105019
    -0.061054110119585    -0.203163101105019    -0.197889187410283
42 59
     0.006056474586558     0.012401695039443    -0.012401695039443
    -0.012401695039443    -0.028598700163229    -0.039918368565850
     0.012401695039443    -0.039918368565850    -0.028598700163229
42 60
     0.325400609136750     0.061054110119585    -0.061054110119585
    -0.061054110119585    -0.197889187410283     0.203163101105019
     0.061054110119585     0.203163101105020    -0.197889187410283
42 61
     0.006056474586558    -0.012401695039443     0.012401695039443
     0.012401695039443    -0.028598700163229    -0.039918368565850
    -0.012401695039443    -0.039918368565850    -0.028598700163229
42 62
     0.325400609136750    -0.061054110119585     0.061054110119585
     0.061054110119585    -0.197889187410283     0.203163101105019
    -0.061054110119585     0.203163101105019    -0.197889187410283
42 63
     0.006056474586558    -0.012401695039443    -0.012401695039443
     0.012401695039443    -0.028598700163229     0.039918368565850
     0.012401695039443     0.039918368565850    -0.028598700163229
42 64
     0.325400609136750    -0.061054110119585    -0.061054110119585
     0.061054110119585    -0.197889187410283    -0.203163101105019
     0.061054110119585    -0.203163101105019    -0.197889187410283
43 1
    -2.936375630241628    -1.981126959435642     1.981126959435642
    -1.981126959435641    -2.936375630241628     1.981126959435641
     1.981126959435641     1.981126959435642    -2.936375630241626
43 2
     0.005073655330534    -0.034618866084202     0.034618866084202
    -0.034618866084202     0.065669057795503     0.028412563915481
     0.034618866084202     0.028412563915481     0.065669057795503
43 3
     0.065669057795503    -0.034618866084202     0.028412563915481
    -0.034618866084202     0.005073655330534     0.034618866084202
     0.028412563915481     0.034618866084202     0.065669057795503
43 4
    -0.019563048743976    -0.021684910461772     0.035574529101723
    -0.021684910461772    -0.019563048743976     0.035574529101723
     0.035574529101723     0.035574529101723    -0.116302803661483
43 5
     0.065669057795503    -0.028412563915481     0.034618866084202
    -0.028412563915481     0.065669057795503     0.034618866084202
     0.034618866084202     0.034618866084202     0.005073655330534
43 6
    -0.019563048743976    -0.035574529101723     0.021684910461772
    -0.035574529101723    -0.116302803661483     0.035574529101723
     0.021684910461772     0.035574529101723    -0.019563048743976
43 7
    -0.116302803661483    -0.035574529101723     0.035574529101723
    -0.035574529101723    -0.019563048743976     0.021684910461772
     0.035574529101723     0.021684910461772    -0.019563048743976
43 8
     0.005100415756942    -0.009146978118224     0.009146978118224
    -0.009146978118224     0.005100415756942     0.009146978118224
     0.009146978118224     0.009146978118224     0.005100415756942
43 9
    -0.028598700163229    -0.012401695039443    -0.039918368565850
     0.012401695039443     0.006056474586558    -0.012401695039443
    -0.039918368565850     0.012401695039443    -0.028598700163229
43 10
    -0.028598700163229    -0.012401695039443     0.039918368565850
     0.012401695039443     0.006056474586558     0.012401695039443
     0.039918368565850    -0.012401695039443    -0.028598700163229
43 11
    -0.197889187410283    -0.061054110119585     0.203163101105019
     0.061054110119585     0.325400609136750    -0.061054110119585
     0.203163101105019     0.061054110119585    -0.197889187410283
43 12
    -0.197889187410283    -0.061054110119585    -0.203163101105019
     0.061054110119585     0.325400609136750     0.061054110119585
    -0.203163101105019    -0.061054110119585    -0.197889187410283
43 13
    -0.028598700163229     0.012401695039443     0.039918368565850
    -0.012401695039443     0.006056474586558    -0.012401695039443
     0.039918368565850     0.012401695039443    -0.028598700163229
43 14
    -0.028598700163229     0.012401695039443    -0.039918368565850
    -0.012401695039443     0.006056474586558     0.012401695039443
    -0.039918368565850    -0.012401695039443    -0.028598700163229
43 15
    -0.197889187410283     0.061054110119585    -0.203163101105019
    -0.061054110119585     0.325400609136750    -0.061054110119585
    -0.203163101105019     0.061054110119585    -0.197889187410283
43 16
    -0.197889187410283     0.061054110119585     0.203163101105019
    -0.061054110119585     0.325400609136750     0.061054110119585
     0.203163101105019    -0.061054110119585    -0.197889187410283
43 17
    -0.116302803661483     0.035574529101723    -0.035574529101723
     0.035574529101723    -0.019563048743976     0.021684910461772
    -0.035574529101723     0.021684910461772    -0.019563048743976
43 18
     0.005100415756942     0.009146978118224    -0.009146978118224
     0.009146978118224     0.005100415756942     0.009146978118224
    -0.009146978118224     0.009146978118224     0.005100415756942
43 19
     0.065669057795503     0.028412563915481    -0.034618866084202
     0.028412563915481     0.065669057795503     0.034618866084202
    -0.034618866084202     0.034618866084202     0.005073655330534
43 20
    -0.019563048743976     0.035574529101723    -0.021684910461772
     0.035574529101723    -0.116302803661483     0.035574529101723
    -0.021684910461772     0.035574529101723    -0.019563048743976
43 21
     0.065669057795503     0.034618866084202    -0.028412563915481
     0.034618866084202     0.005073655330534     0.034618866084202
    -0.028412563915481     0.034618866084202     0.065669057795503
43 22
    -0.019563048743976     0.021684910461772    -0.035574529101723
     0.021684910461772    -0.019563048743976     0.035574529101723
    -0.035574529101723     0.035574529101723    -0.116302803661483
43 23
    -2.936375630241628     1.981126959435642    -1.981126959435642
     1.981126959435641    -2.936375630241628     1.981126959435641
    -1.981126959435641     1.981126959435642    -2.936375630241626
43 24
     0.005073655330534     0.034618866084202    -0.034618866084202
     0.034618866084202     0.065669057795503     0.028412563915481
    -0.034618866084202     0.028412563915481     0.065669057795503
43 25
    -0.197889187410283    -0.203163101105019     0.061054110119585
    -0.203163101105019    -0.197889187410283     0.061054110119585
    -0.061054110119585    -0.061054110119585     0.325400609136750
43 26
    -0.197889187410283     0.203163101105019     0.061054110119585
     0.203163101105019    -0.197889187410283    -0.061054110119585
    -0.061054110119585     0.061054110119585     0.325400609136750
43 27
    -0.197889187410283     0.203163101105020    -0.061054110119585
     0.203163101105019    -0.197889187410283     0.061054110119585
     0.061054110119585    -0.061054110119585     0.325400609136750
43 28
    -0.197889187410283    -0.203163101105019    -0.061054110119585
    -0.203163101105019    -0.197889187410283    -0.061054110119585
     0.061054110119585     0.061054110119585     0.325400609136750
43 29
    -0.028598700163229     0.039918368565850     0.012401695039443
     0.039918368565850    -0.028598700163229     0.012401695039443
    -0.012401695039443    -0.012401695039443     0.006056474586558
43 30
    -0.028598700163229    -0.039918368565850     0.012401695039443
    -0.039918368565850    -0.028598700163229    -0.012401695039443
    -0.012401695039443     0.012401695039443     0.006056474586558
43 31
    -0.028598700163229    -0.039918368565850    -0.012401695039443
    -0.039918368565850    -0.028598700163229     0.012401695039443
     0.012401695039443    -0.012401695039443     0.006056474586558
43 32
    -0.028598700163229     0.039918368565850    -0.012401695039443
     0.039918368565850    -0.028598700163229    -0.012401695039443
     0.012401695039443     0.012401695039443     0.006056474586558
43 33
     0.065669057795503     0.028412563915481     0.034618866084202
     0.028412563915481     0.065669057795503    -0.034618866084202
     0.034618866084202    -0.034618866084202     0.005073655330534
43 34
    -0.019563048743976     0.035574529101723     0.021684910461772
     0.035574529101723    -0.116302803661483    -0.035574529101723
     0.021684910461772    -0.035574529101723    -0.019563048743976
43 35
    -0.116302803661483     0.035574529101723     0.035574529101723
     0.035574529101723    -0.019563048743976    -0.021684910461772
     0.035574529101723    -0.021684910461772    -0.019563048743976
43 36
     0.005100415756942     0.009146978118224     0.009146978118224
     0.009146978118224     0.005100415756942    -0.009146978118224
     0.009146978118224    -0.009146978118224     0.005100415756942
43 37
    -2.936375630241628     1.981126959435642     1.981126959435642
     1.981126959435641    -2.936375630241628    -1.981126959435641
     1.981126959435641    -1.981126959435642    -2.936375630241626
43 38
     0.005073655330534     0.034618866084202     0.034618866084202
     0.034618866084202     0.065669057795503    -0.028412563915481
     0.034618866084202    -0.028412563915481     0.065669057795503
43 39
     0.065669057795503     0.034618866084202     0.028412563915481
     0.034618866084202     0.005073655330534    -0.034618866084202
     0.028412563915481    -0.034618866084202     0.065669057795503
43 40
    -0.019563048743976     0.021684910461772     0.035574529101723
     0.021684910461772    -0.019563048743976    -0.035574529101723
     0.035574529101723    -0.035574529101723    -0.116302803661483
43 41
    -0.061525177596877    -0.000000000000000     0.000000000000000
     0.000000000000000    -0.033382157715778     0.000000000000000
     0.000000000000000    -0.000000000000000    -0.061525177596877
43 42
    -0.011262453489280    -0.000000000000000    -0.000000000000000
    -0.000000000000000    -0.011262453489280     0.000000000000000
     0.000000000000000     0.000000000000000     0.217939354325836
43 43
    12.253916845503454    -0.000000000000000     0.000000000000000
    -0.000000000000000    12.253916845503454    -0.000000000000000
     0.000000000000000    -0.000000000000000    12.253916845503449
43 44
    -0.033382157715778     0.000000000000000    -0.000000000000000
     0.000000000000000    -0.061525177596877    -0.000000000000000
     0.000000000000000    -0.000000000000000    -0.061525177596877
43 45
     0.217939354325836    -0.000000000000000     0.000000000000000
    -0.000000000000000    -0.011262453489280    -0.000000000000000
     0.000000000000000     0.000000000000000    -0.011262453489280
43 46
    -0.005654635396013     0.000000000000000    -0.000000000000000
    -0.000000000000000    -0.005654635396013    -0.000000000000000
     0.000000000000000    -0.000000000000000    -0.005654635396013
43 47
    -0.061525177596877    -0.000000000000000     0.000000000000000
     0.000000000000000    -0.061525177596877    -0.000000000000000
     0.000000000000000     0.000000000000000    -0.033382157715778
43 48
    -0.011262453489280     0.000000000000000     0.000000000000000
    -0.000000000000000     0.217939354325836    -0.000000000000000
    -0.000000000000000     0.000000000000000    -0.011262453489280
43 49
     0.065669057795503    -0.034618866084202    -0.028412563915481
    -0.034618866084202     0.005073655330534    -0.034618866084202
    -0.028412563915481    -0.034618866084202     0.065669057795503
43 50
    -0.019563048743976    -0.021684910461772    -0.035574529101723
    -0.021684910461772    -0.019563048743976    -0.035574529101723
    -0.035574529101723    -0.035574529101723    -0.116302803661483
43 51
    -2.936375630241628    -1.981126959435642    -1.981126959435642
    -1.981126959435641    -2.936375630241628    -1.981126959435641
    -1.981126959435641    -1.981126959435642    -2.936375630241626
43 52
     0.005073655330534    -0.034618866084202    -0.034618866084202
    -0.034618866084202     0.065669057795503    -0.028412563915481
    -0.034618866084202    -0.028412563915481     0.065669057795503
43 53
    -0.116302803661483    -0.035574529101723    -0.035574529101723
    -0.035574529101723    -0.019563048743976    -0.021684910461772
    -0.035574529101723    -0.021684910461772    -0.019563048743976
43 54
     0.005100415756942    -0.009146978118224    -0.009146978118224
    -0.009146978118224     0.005100415756942    -0.009146978118224
    -0.009146978118224    -0.009146978118224     0.005100415756942
43 55
     0.065669057795503    -0.028412563915481    -0.034618866084202
    -0.028412563915481     0.065669057795503    -0.034618866084202
    -0.034618866084202    -0.034618866084202     0.005073655330534
43 56
    -0.019563048743976    -0.035574529101723    -0.021684910461772
    -0.035574529101723    -0.116302803661483    -0.035574529101723
    -0.021684910461772    -0.035574529101723    -0.019563048743976
43 57
     0.325400609136750     0.061054110119585    -0.061054110119585
    -0.061054110119585    -0.197889187410283     0.203163101105019
     0.061054110119585     0.203163101105019    -0.197889187410283
43 58
     0.006056474586558     0.012401695039443    -0.012401695039443
    -0.012401695039443    -0.028598700163229    -0.039918368565850
     0.012401695039443    -0.039918368565850    -0.028598700163229
43 59
     0.325400609136750     0.061054110119585     0.061054110119585
    -0.061054110119585    -0.197889187410283    -0.203163101105019
    -0.061054110119585    -0.203163101105019    -0.197889187410283
43 60
     0.006056474586558     0.012401695039443     0.012401695039443
    -0.012401695039443    -0.028598700163229     0.039918368565850
    -0.012401695039443     0.039918368565850    -0.028598700163229
43 61
     0.325400609136750    -0.061054110119585    -0.061054110119585
     0.061054110119585    -0.197889187410283    -0.203163101105019
     0.061054110119585    -0.203163101105019    -0.197889187410283
43 62
     0.006056474586558    -0.012401695039443    -0.012401695039443
     0.012401695039443    -0.028598700163229     0.039918368565850
     0.012401695039443     0.039918368565850    -0.028598700163229
43 63
     0.325400609136750    -0.061054110119585     0.061054110119585
     0.061054110119585    -0.197889187410283     0.203163101105019
    -0.061054110119585     0.203163101105019    -0.197889187410283
43 64
     0.006056474586558    -0.012401695039443     0.012401695039443
     0.012401695039443    -0.028598700163229    -0.039918368565850
    -0.012401695039443    -0.039918368565850    -0.028598700163229
44 1
     0.005073655330534    -0.034618866084202     0.034618866084202
    -0.034618866084202     0.065669057795503     0.028412563915481
     0.034618866084202     0.028412563915481     0.065669057795503
44 2
    -2.936375630241629    -1.981126959435642     1.981126959435642
    -1.981126959435642    -2.936375630241627     1.981126959435641
     1.981126959435642     1.981126959435641    -2.936375630241626
44 3
    -0.019563048743976    -0.021684910461772     0.035574529101723
    -0.021684910461772    -0.019563048743976     0.035574529101723
     0.035574529101723     0.035574529101723    -0.116302803661483
44 4
     0.065669057795503    -0.034618866084202     0.028412563915481
    -0.034618866084202     0.005073655330534     0.034618866084202
     0.028412563915481     0.034618866084202     0.065669057795503
44 5
    -0.019563048743976    -0.035574529101723     0.021684910461772
    -0.035574529101723    -0.116302803661483     0.035574529101723
     0.021684910461772     0.035574529101723    -0.019563048743976
44 6
     0.065669057795503    -0.028412563915481     0.034618866084202
    -0.028412563915481     0.065669057795503     0.034618866084202
     0.034618866084202     0.034618866084202     0.005073655330534
44 7
     0.005100415756942    -0.009146978118224     0.009146978118224
    -0.009146978118224     0.005100415756942     0.009146978118224
     0.009146978118224     0.009146978118224     0.005100415756942
44 8
    -0.116302803661483    -0.035574529101723     0.035574529101723
    -0.035574529101723    -0.019563048743976     0.021684910461772
     0.035574529101723     0.021684910461772    -0.019563048743976
44 9
    -0.028598700163229    -0.012401695039443     0.039918368565850
     0.012401695039443     0.006056474586558     0.012401695039443
     0.039918368565850    -0.012401695039443    -0.028598700163229
44 10
    -0.028598700163229    -0.012401695039443    -0.039918368565850
     0.012401695039443     0.006056474586558    -0.012401695039443
    -0.039918368565850     0.012401695039443    -0.028598700163229
44 11
    -0.197889187410283    -0.061054110119585    -0.203163101105019
     0.061054110119585     0.325400609136750     0.061054110119585
    -0.203163101105019    -0.061054110119585    -0.197889187410283
44 12
    -0.197889187410283    -0.061054110119585     0.203163101105019
     0.061054110119585     0.325400609136750    -0.061054110119585
     0.203163101105019     0.061054110119585    -0.197889187410283
44 13
    -0.028598700163229     0.012401695039443    -0.039918368565850
    -0.012401695039443     0.006056474586558     0.012401695039443
    -0.039918368565850    -0.012401695039443    -0.028598700163229
44 14
    -0.028598700163229     0.012401695039443     0.039918368565850
    -0.012401695039443     0.006056474586558    -0.012401695039443
     0.039918368565850     0.012401695039443    -0.028598700163229
44 15
    -0.197889187410283     0.061054110119585     0.203163101105019
    -0.061054110119585     0.325400609136750     0.061054110119585
     0.203163101105019    -0.061054110119585    -0.197889187410283
44 16
    -0.197889187410283     0.061054110119585    -0.203163101105019
    -0.061054110119585     0.325400609136750    -0.061054110119585
    -0.203163101105019     0.061054110119585    -0.197889187410283
44 17
     0.005100415756942     0.009146978118224    -0.009146978118224
     0.009146978118224     0.005100415756942     0.009146978118224
    -0.009146978118224     0.009146978118224     0.005100415756942
44 18
    -0.116302803661483     0.035574529101723    -0.035574529101723
     0.035574529101723    -0.019563048743976     0.021684910461772
    -0.035574529101723     0.021684910461772    -0.019563048743976
44 19
    -0.019563048743976     0.035574529101723    -0.021684910461772
     0.035574529101723    -0.116302803661483     0.035574529101723
    -0.021684910461772     0.035574529101723    -0.019563048743976
44 20
     0.065669057795503     0.028412563915481    -0.034618866084202
     0.028412563915481     0.065669057795503     0.034618866084202
    -0.034618866084202     0.034618866084202     0.005073655330534
44 21
    -0.019563048743976     0.021684910461772    -0.035574529101723
     0.021684910461772    -0.019563048743976     0.035574529101723
    -0.035574529101723     0.035574529101723    -0.116302803661483
44 22
     0.065669057795503     0.034618866084202    -0.028412563915481
     0.034618866084202     0.005073655330534     0.034618866084202
    -0.028412563915481     0.034618866084202     0.065669057795503
44 23
     0.005073655330534     0.034618866084202    -0.034618866084202
     0.034618866084202     0.065669057795503     0.028412563915481
    -0.034618866084202     0.028412563915481     0.065669057795503
44 24
    -2.936375630241628     1.981126959435642    -1.981126959435642
     1.981126959435641    -2.936375630241627     1.981126959435642
    -1.981126959435641     1.981126959435641    -2.936375630241628
44 25
    -0.197889187410283     0.203163101105019     0.061054110119585
     0.203163101105019    -0.197889187410283    -0.061054110119585
    -0.061054110119585     0.061054110119585     0.325400609136750
44 26
    -0.197889187410283    -0.203163101105019     0.061054110119585
    -0.203163101105019    -0.197889187410283     0.061054110119585
    -0.061054110119585    -0.061054110119585     0.325400609136750
44 27
    -0.197889187410283    -0.203163101105020    -0.061054110119585
    -0.203163101105019    -0.197889187410283    -0.061054110119585
     0.061054110119585     0.061054110119585     0.325400609136750
44 28
    -0.197889187410283     0.203163101105019    -0.061054110119585
     0.203163101105019    -0.197889187410283     0.061054110119585
     0.061054110119585    -0.061054110119585     0.325400609136750
44 29
    -0.028598700163229    -0.039918368565850     0.012401695039443
    -0.039918368565850    -0.028598700163229    -0.012401695039443
    -0.012401695039443     0.012401695039443     0.006056474586558
44 30
    -0.028598700163229     0.039918368565850     0.012401695039443
     0.039918368565850    -0.028598700163229     0.012401695039443
    -0.012401695039443    -0.012401695039443     0.006056474586558
44 31
    -0.028598700163229     0.039918368565850    -0.012401695039443
     0.039918368565850    -0.028598700163229    -0.012401695039443
     0.012401695039443     0.012401695039443     0.006056474586558
44 32
    -0.028598700163229    -0.039918368565850    -0.012401695039443
    -0.039918368565850    -0.028598700163229     0.012401695039443
     0.012401695039443    -0.012401695039443     0.006056474586558
44 33
    -0.019563048743976     0.035574529101723     0.021684910461772
     0.035574529101723    -0.116302803661483    -0.035574529101723
     0.021684910461772    -0.035574529101723    -0.019563048743976
44 34
     0.065669057795503     0.028412563915481     0.034618866084202
     0.028412563915481     0.065669057795503    -0.034618866084202
     0.034618866084202    -0.034618866084202     0.005073655330534
44 35
     0.005100415756942     0.009146978118224     0.009146978118224
     0.009146978118224     0.005100415756942    -0.009146978118224
     0.009146978118224    -0.009146978118224     0.005100415756942
44 36
    -0.116302803661483     0.035574529101723     0.035574529101723
     0.035574529101723    -0.019563048743976    -0.021684910461772
     0.035574529101723    -0.021684910461772    -0.019563048743976
44 37
     0.005073655330534     0.034618866084202     0.034618866084202
     0.034618866084202     0.065669057795503    -0.028412563915481
     0.034618866084202    -0.028412563915481     0.065669057795503
44 38
    -2.936375630241629     1.981126959435642     1.981126959435642
     1.981126959435642    -2.936375630241627    -1.981126959435641
     1.981126959435642    -1.981126959435641    -2.936375630241627
44 39
    -0.019563048743976     0.021684910461772     0.035574529101723
     0.021684910461772    -0.019563048743976    -0.035574529101723
     0.035574529101723    -0.035574529101723    -0.116302803661483
44 40
     0.065669057795503     0.034618866084202     0.028412563915481
     0.034618866084202     0.005073655330534    -0.034618866084202
     0.028412563915481    -0.034618866084202     0.065669057795503
44 41
    -0.011262453489280    -0.000000000000000     0.000000000000000
     0.000000000000000    -0.011262453489280    -0.000000000000000
     0.000000000000000    -0.000000000000000     0.217939354325836
44 42
    -0.061525177596877    -0.000000000000000     0.000000000000000
     0.000000000000000    -0.033382157715778    -0.000000000000000
     0.000000000000000     0.000000000000000    -0.061525177596877
44 43
    -0.033382157715778     0.000000000000000     0.000000000000000
     0.000000000000000    -0.061525177596877    -0.000000000000000
    -0.000000000000000    -0.000000000000000    -0.061525177596877
44 44
    12.253916845503458     0.000000000000000    -0.000000000000000
     0.000000000000000    12.253916845503451    -0.000000000000000
    -0.000000000000000    -0.000000000000000    12.253916845503451
44 45
    -0.005654635396013     0.000000000000000     0.000000000000000
     0.000000000000000    -0.005654635396013    -0.000000000000000
     0.000000000000000     0.000000000000000    -0.005654635396013
44 46
     0.217939354325836     0.000000000000000     0.000000000000000
     0.000000000000000    -0.011262453489280    -0.000000000000000
     0.000000000000000    -0.000000000000000    -0.011262453489280
44 47
    -0.011262453489280    -0.000000000000000     0.000000000000000
     0.000000000000000     0.217939354325836    -0.000000000000000
     0.000000000000000    -0.000000000000000    -0.011262453489280
44 48
    -0.061525177596877     0.000000000000000     0.000000000000000
     0.000000000000000    -0.061525177596877    -0.000000000000000
    -0.000000000000000     0.000000000000000    -0.033382157715778
44 49
    -0.019563048743976    -0.021684910461772    -0.035574529101723
    -0.021684910461772    -0.019563048743976    -0.035574529101723
    -0.035574529101723    -0.035574529101723    -0.116302803661483
44 50
     0.065669057795503    -0.034618866084202    -0.028412563915481
    -0.034618866084202     0.005073655330534    -0.034618866084202
    -0.028412563915481    -0.034618866084202     0.065669057795503
44 51
     0.005073655330534    -0.034618866084202    -0.034618866084202
    -0.034618866084202     0.065669057795503    -0.028412563915481
    -0.034618866084202    -0.028412563915481     0.065669057795503
44 52
    -2.936375630241629    -1.981126959435642    -1.981126959435642
    -1.981126959435642    -2.936375630241627    -1.981126959435641
    -1.981126959435642    -1.981126959435641    -2.936375630241627
44 53
     0.005100415756942    -0.009146978118224    -0.009146978118224
    -0.009146978118224     0.005100415756942    -0.009146978118224
    -0.009146978118224    -0.009146978118224     0.005100415756942
44 54
    -0.116302803661483    -0.035574529101723    -0.035574529101723
    -0.035574529101723    -0.019563048743976    -0.021684910461772
    -0.035574529101723    -0.021684910461772    -0.019563048743976
44 55
    -0.019563048743976    -0.035574529101723    -0.021684910461772
    -0.035574529101723    -0.116302803661483    -0.035574529101723
    -0.021684910461772    -0.035574529101723    -0.019563048743976
44 56
     0.065669057795503    -0.028412563915481    -0.034618866084202
    -0.028412563915481     0.065669057795503    -0.034618866084202
    -0.034618866084202    -0.034618866084202     0.005073655330534
44 57
     0.006056474586558     0.012401695039443    -0.012401695039443
    -0.012401695039443    -0.028598700163229    -0.039918368565850
     0.012401695039443    -0.039918368565850    -0.028598700163229
44 58
     0.325400609136750     0.061054110119585    -0.061054110119585
    -0.061054110119585    -0.197889187410283     0.203163101105019
     0.061054110119585     0.203163101105019    -0.197889187410283
44 59
     0.006056474586558     0.012401695039443     0.012401695039443
    -0.012401695039443    -0.028598700163229     0.039918368565850
    -0.012401695039443     0.039918368565850    -0.028598700163229
44 60
     0.325400609136750     0.061054110119585     0.061054110119585
    -0.061054110119585    -0.197889187410283    -0.203163101105019
    -0.061054110119585    -0.203163101105019    -0.197889187410283
44 61
     0.006056474586558    -0.012401695039443    -0.012401695039443
     0.012401695039443    -0.028598700163229     0.039918368565850
     0.012401695039443     0.039918368565850    -0.028598700163229
44 62
     0.325400609136750    -0.061054110119585    -0.061054110119585
     0.061054110119585    -0.197889187410283    -0.203163101105019
     0.061054110119585    -0.203163101105019    -0.197889187410283
44 63
     0.006056474586558    -0.012401695039443     0.012401695039443
     0.012401695039443    -0.028598700163229    -0.039918368565850
    -0.012401695039443    -0.039918368565850    -0.028598700163229
44 64
     0.325400609136750    -0.061054110119585     0.061054110119585
     0.061054110119585    -0.197889187410283     0.203163101105019
    -0.061054110119585     0.203163101105019    -0.197889187410283
45 1
    -0.116302803661483    -0.035574529101723     0.035574529101723
    -0.035574529101723    -0.019563048743976     0.021684910461772
     0.035574529101723     0.021684910461772    -0.019563048743976
45 2
     0.005100415756942    -0.009146978118224     0.009146978118224
    -0.009146978118224     0.005100415756942     0.009146978118224
     0.009146978118224     0.009146978118224     0.005100415756942
45 3
     0.065669057795503    -0.028412563915481     0.034618866084202
    -0.028412563915481     0.065669057795503     0.034618866084202
     0.034618866084202     0.034618866084202     0.005073655330534
45 4
    -0.019563048743976    -0.035574529101723     0.021684910461772
    -0.035574529101723    -0.116302803661483     0.035574529101723
     0.021684910461772     0.035574529101723    -0.019563048743976
45 5
     0.065669057795503    -0.034618866084202     0.028412563915481
    -0.034618866084202     0.005073655330534     0.034618866084202
     0.028412563915481     0.034618866084202     0.065669057795503
45 6
    -0.019563048743976    -0.021684910461772     0.035574529101723
    -0.021684910461772    -0.019563048743976     0.035574529101723
     0.035574529101723     0.035574529101723    -0.116302803661483
45 7
    -2.936375630241627    -1.981126959435642     1.981126959435641
    -1.981126959435642    -2.936375630241629     1.981126959435642
     1.981126959435641     1.981126959435642    -2.936375630241627
45 8
     0.005073655330534    -0.034618866084202     0.034618866084202
    -0.034618866084202     0.065669057795503     0.028412563915481
     0.034618866084202     0.028412563915481     0.065669057795503
45 9
    -0.197889187410283     0.061054110119585    -0.203163101105019
    -0.061054110119585     0.325400609136750    -0.061054110119585
    -0.203163101105019     0.061054110119585    -0.197889187410283
45 10
    -0.197889187410283     0.061054110119585     0.203163101105019
    -0.061054110119585     0.325400609136750     0.061054110119585
     0.203163101105019    -0.061054110119585    -0.197889187410283
45 11
    -0.028598700163229     0.012401695039443     0.039918368565850
    -0.012401695039443     0.006056474586558    -0.012401695039443
     0.039918368565850     0.012401695039443    -0.028598700163229
45 12
    -0.028598700163229     0.012401695039443    -0.039918368565850
    -0.012401695039443     0.006056474586558     0.012401695039443
    -0.039918368565850    -0.012401695039443    -0.028598700163229
45 13
    -0.197889187410283    -0.061054110119585     0.203163101105019
     0.061054110119585     0.325400609136750    -0.061054110119585
     0.203163101105019     0.061054110119585    -0.197889187410283
45 14
    -0.197889187410283    -0.061054110119585    -0.203163101105019
     0.061054110119585     0.325400609136750     0.061054110119585
    -0.203163101105019    -0.061054110119585    -0.197889187410283
45 15
    -0.028598700163229    -0.012401695039443    -0.039918368565850
     0.012401695039443     0.006056474586558    -0.012401695039443
    -0.039918368565850     0.012401695039443    -0.028598700163229
45 16
    -0.028598700163229    -0.012401695039443     0.039918368565850
     0.012401695039443     0.006056474586558     0.012401695039443
     0.039918368565850    -0.012401695039443    -0.028598700163229
45 17
    -2.936375630241627     1.981126959435642    -1.981126959435641
     1.981126959435642    -2.936375630241629     1.981126959435642
    -1.981126959435641     1.981126959435642    -2.936375630241627
45 18
     0.005073655330534     0.034618866084202    -0.034618866084202
     0.034618866084202     0.065669057795503     0.028412563915481
    -0.034618866084202     0.028412563915481     0.065669057795503
45 19
     0.065669057795503     0.034618866084202    -0.028412563915481
     0.034618866084202     0.005073655330534     0.034618866084202
    -0.028412563915481     0.034618866084202     0.065669057795503
45 20
    -0.019563048743976     0.021684910461772    -0.035574529101723
     0.021684910461772    -0.019563048743976     0.035574529101723
    -0.035574529101723     0.035574529101723    -0.116302803661483
45 21
     0.065669057795503     0.028412563915481    -0.034618866084202
     0.028412563915481     0.065669057795503     0.034618866084202
    -0.034618866084202     0.034618866084202     0.005073655330534
45 22
    -0.019563048743976     0.035574529101723    -0.021684910461772
     0.035574529101723    -0.116302803661483     0.035574529101723
    -0.021684910461772     0.035574529101723    -0.019563048743976
45 23
    -0.116302803661483     0.035574529101723    -0.035574529101723
     0.035574529101723    -0.019563048743976     0.021684910461772
    -0.035574529101723     0.021684910461772    -0.019563048743976
45 24
     0.005100415756942     0.009146978118224    -0.009146978118224
     0.009146978118224     0.005100415756942     0.009146978118224
    -0.009146978118224     0.009146978118224     0.005100415756942
45 25
    -0.028598700163229    -0.039918368565850    -0.012401695039443
    -0.039918368565850    -0.028598700163229     0.012401695039443
     0.012401695039443    -0.012401695039443     0.006056474586558
45 26
    -0.028598700163229     0.039918368565850    -0.012401695039443
     0.039918368565850    -0.028598700163229    -0.012401695039443
     0.012401695039443     0.012401695039443     0.006056474586558
45 27
    -0.028598700163229     0.039918368565850     0.012401695039443
     0.039918368565850    -0.028598700163229     0.012401695039443
    -0.012401695039443    -0.012401695039443     0.006056474586558
45 28
    -0.028598700163229    -0.039918368565850     0.012401695039443
    -0.039918368565850    -0.028598700163229    -0.012401695039443
    -0.012401695039443     0.012401695039443     0.006056474586558
45 29
    -0.197889187410283     0.203163101105019    -0.061054110119585
     0.203163101105019    -0.197889187410283     0.061054110119585
     0.061054110119585    -0.061054110119585     0.325400609136750
45 30
    -0.197889187410283    -0.203163101105019    -0.061054110119585
    -0.203163101105020    -0.197889187410283    -0.061054110119585
     0.061054110119585     0.061054110119585     0.325400609136750
45 31
    -0.197889187410283    -0.203163101105019     0.061054110119585
    -0.203163101105020    -0.197889187410283     0.061054110119585
    -0.061054110119585    -0.061054110119585     0.325400609136750
45 32
    -0.197889187410283     0.203163101105019     0.061054110119585
     0.203163101105019    -0.197889187410283    -0.061054110119585
    -0.061054110119585     0.061054110119585     0.325400609136750
45 33
     0.065669057795503     0.034618866084202     0.028412563915481
     0.034618866084202     0.005073655330534    -0.034618866084202
     0.028412563915481    -0.034618866084202     0.065669057795503
45 34
    -0.019563048743976     0.021684910461772     0.035574529101723
     0.021684910461772    -0.019563048743976    -0.035574529101723
     0.035574529101723    -0.035574529101723    -0.116302803661483
45 35
    -2.936375630241626     1.981126959435641     1.981126959435642
     1.981126959435642    -2.936375630241628    -1.981126959435642
     1.981126959435641    -1.981126959435641    -2.936375630241628
45 36
     0.005073655330534     0.034618866084202     0.034618866084202
     0.034618866084202     0.065669057795503    -0.028412563915481
     0.034618866084202    -0.028412563915481     0.065669057795503
45 37
    -0.116302803661483     0.035574529101723     0.035574529101723
     0.035574529101723    -0.019563048743976    -0.021684910461772
     0.035574529101723    -0.021684910461772    -0.019563048743976
45 38
     0.005100415756942     0.009146978118224     0.009146978118224
     0.009146978118224     0.005100415756942    -0.009146978118224
     0.009146978118224    -0.009146978118224     0.005100415756942
45 39
     0.065669057795503     0.028412563915481     0.034618866084202
     0.028412563915481     0.065669057795503    -0.034618866084202
     0.034618866084202    -0.034618866084202     0.005073655330534
45 40
    -0.019563048743976     0.035574529101723     0.021684910461772
     0.035574529101723    -0.116302803661483    -0.035574529101723
     0.021684910461772    -0.035574529101723    -0.019563048743976
45 41
    -0.061525177596877    -0.000000000000000     0.000000000000000
     0.000000000000000    -0.061525177596877     0.000000000000000
     0.000000000000000    -0.000000000000000    -0.033382157715778
45 42
    -0.011262453489280    -0.000000000000000    -0.000000000000000
    -0.000000000000000     0.217939354325836     0.000000000000000
     0.000000000000000    -0.000000000000000    -0.011262453489280
45 43
     0.217939354325836    -0.000000000000000     0.000000000000000
    -0.000000000000000    -0.011262453489280     0.000000000000000
     0.000000000000000    -0.000000000000000    -0.011262453489280
45 44
    -0.005654635396013     0.000000000000000     0.000000000000000
     0.000000000000000    -0.005654635396013     0.000000000000000
     0.000000000000000    -0.000000000000000    -0.005654635396013
45 45
    12.253916845503449     0.000000000000000    -0.000000000000000
     0.000000000000000    12.253916845503456    -0.000000000000000
    -0.000000000000000    -0.000000000000000    12.253916845503452
45 46
    -0.033382157715778    -0.000000000000000    -0.000000000000000
    -0.000000000000000    -0.061525177596877     0.000000000000000
     0.000000000000000    -0.000000000000000    -0.061525177596877
45 47
    -0.061525177596877    -0.000000000000000     0.000000000000000
     0.000000000000000    -0.033382157715778     0.000000000000000
     0.000000000000000    -0.000000000000000    -0.061525177596877
45 48
    -0.011262453489280    -0.000000000000000     0.000000000000000
    -0.000000000000000    -0.011262453489280     0.000000000000000
     0.000000000000000    -0.000000000000000     0.217939354325836
45 49
     0.065669057795503    -0.028412563915481    -0.034618866084202
    -0.028412563915481     0.065669057795503    -0.034618866084202
    -0.034618866084202    -0.034618866084202     0.005073655330534
45 50
    -0.019563048743976    -0.035574529101723    -0.021684910461772
    -0.035574529101723    -0.116302803661483    -0.035574529101723
    -0.021684910461772    -0.035574529101723    -0.019563048743976
45 51
    -0.116302803661483    -0.035574529101723    -0.035574529101723
    -0.035574529101723    -0.019563048743976    -0.021684910461772
    -0.035574529101723    -0.021684910461772    -0.019563048743976
45 52
     0.005100415756942    -0.009146978118224    -0.009146978118224
    -0.009146978118224     0.005100415756942    -0.009146978118224
    -0.009146978118224    -0.009146978118224     0.005100415756942
45 53
    -2.936375630241626    -1.981126959435641    -1.981126959435642
    -1.981126959435642    -2.936375630241628    -1.981126959435642
    -1.981126959435641    -1.981126959435641    -2.936375630241628
45 54
     0.005073655330534    -0.034618866084202    -0.034618866084202
    -0.034618866084202     0.065669057795503    -0.028412563915481
    -0.034618866084202    -0.028412563915481     0.065669057795503
45 55
     0.065669057795503    -0.034618866084202    -0.028412563915481
    -0.034618866084202     0.005073655330534    -0.034618866084202
    -0.028412563915481    -0.034618866084202     0.065669057795503
45 56
    -0.019563048743976    -0.021684910461772    -0.035574529101723
    -0.021684910461772    -0.019563048743976    -0.035574529101723
    -0.035574529101723    -0.035574529101723    -0.116302803661483
45 57
     0.325400609136750    -0.061054110119585     0.061054110119585
     0.061054110119585    -0.197889187410283     0.203163101105019
    -0.061054110119585     0.203163101105019    -0.197889187410283
45 58
     0.006056474586558    -0.012401695039443     0.012401695039443
     0.012401695039443    -0.028598700163229    -0.039918368565850
    -0.012401695039443    -0.039918368565850    -0.028598700163229
45 59
     0.325400609136750    -0.061054110119585    -0.061054110119585
     0.061054110119585    -0.197889187410283    -0.203163101105019
     0.061054110119585    -0.203163101105019    -0.197889187410283
45 60
     0.006056474586558    -0.012401695039443    -0.012401695039443
     0.012401695039443    -0.028598700163229     0.039918368565850
     0.012401695039443     0.039918368565850    -0.028598700163229
45 61
     0.325400609136750     0.061054110119585     0.061054110119585
    -0.061054110119585    -0.197889187410283    -0.203163101105019
    -0.061054110119585    -0.203163101105019    -0.197889187410283
45 62
     0.006056474586558     0.012401695039443     0.012401695039443
    -0.012401695039443    -0.028598700163229     0.039918368565850
    -0.012401695039443     0.039918368565850    -0.028598700163229
45 63
     0.325400609136750     0.061054110119585    -0.061054110119585
    -0.061054110119585    -0.197889187410283     0.203163101105019
     0.061054110119585     0.203163101105019    -0.197889187410283
45 64
     0.006056474586558     0.012401695039443    -0.012401695039443
    -0.012401695039443    -0.028598700163229    -0.039918368565850
     0.012401695039443    -0.039918368565850    -0.028598700163229
46 1
     0.005100415756942    -0.009146978118224     0.009146978118224
    -0.009146978118224     0.005100415756942     0.009146978118224
     0.009146978118224     0.009146978118224     0.005100415756942
46 2
    -0.116302803661483    -0.035574529101723     0.035574529101723
    -0.035574529101723    -0.019563048743976     0.021684910461772
     0.035574529101723     0.021684910461772    -0.019563048743976
46 3
    -0.019563048743976    -0.035574529101723     0.021684910461772
    -0.035574529101723    -0.116302803661483     0.035574529101723
     0.021684910461772     0.035574529101723    -0.019563048743976
46 4
     0.065669057795503    -0.028412563915481     0.034618866084202
    -0.028412563915481     0.065669057795503     0.034618866084202
     0.034618866084202     0.034618866084202     0.005073655330534
46 5
    -0.019563048743976    -0.021684910461772     0.035574529101723
    -0.021684910461772    -0.019563048743976     0.035574529101723
     0.035574529101723     0.035574529101723    -0.116302803661483
46 6
     0.065669057795503    -0.034618866084202     0.028412563915481
    -0.034618866084202     0.005073655330534     0.034618866084202
     0.028412563915481     0.034618866084202     0.065669057795503
46 7
     0.005073655330534    -0.034618866084202     0.034618866084202
    -0.034618866084202     0.065669057795503     0.028412563915481
     0.034618866084202     0.028412563915481     0.065669057795503
46 8
    -2.936375630241628    -1.981126959435641     1.981126959435641
    -1.981126959435642    -2.936375630241627     1.981126959435641
     1.981126959435642     1.981126959435642    -2.936375630241628
46 9
    -0.197889187410283     0.061054110119585     0.203163101105019
    -0.061054110119585     0.325400609136750     0.061054110119585
     0.203163101105019    -0.061054110119585    -0.197889187410283
46 10
    -0.197889187410283     0.061054110119585    -0.203163101105019
    -0.061054110119585     0.325400609136750    -0.061054110119585
    -0.203163101105019     0.061054110119585    -0.197889187410283
46 11
    -0.028598700163229     0.012401695039443    -0.039918368565850
    -0.012401695039443     0.006056474586558     0.012401695039443
    -0.039918368565850    -0.012401695039443    -0.028598700163229
46 12
    -0.028598700163229     0.012401695039443     0.039918368565850
    -0.012401695039443     0.006056474586558    -0.012401695039443
     0.039918368565850     0.012401695039443    -0.028598700163229
46 13
    -0.197889187410283    -0.061054110119585    -0.203163101105019
     0.061054110119585     0.325400609136750     0.061054110119585
    -0.203163101105019    -0.061054110119585    -0.197889187410283
46 14
    -0.197889187410283    -0.061054110119585     0.203163101105019
     0.061054110119585     0.325400609136750    -0.061054110119585
     0.203163101105020     0.061054110119585    -0.197889187410283
46 15
    -0.028598700163229    -0.012401695039443     0.039918368565850
     0.012401695039443     0.006056474586558     0.012401695039443
     0.039918368565850    -0.012401695039443    -0.028598700163229
46 16
    -0.028598700163229    -0.012401695039443    -0.039918368565850
     0.012401695039443     0.006056474586558    -0.012401695039443
    -0.039918368565850     0.012401695039443    -0.028598700163229
46 17
     0.005073655330534     0.034618866084202    -0.034618866084202
     0.034618866084202     0.065669057795503     0.028412563915481
    -0.034618866084202     0.028412563915481     0.065669057795503
46 18
    -2.936375630241627     1.981126959435641    -1.981126959435642
     1.981126959435641    -2.936375630241626     1.981126959435642
    -1.981126959435642     1.981126959435642    -2.936375630241629
46 19
    -0.019563048743976     0.021684910461772    -0.035574529101723
     0.021684910461772    -0.019563048743976     0.035574529101723
    -0.035574529101723     0.035574529101723    -0.116302803661483
46 20
     0.065669057795503     0.034618866084202    -0.028412563915481
     0.034618866084202     0.005073655330534     0.034618866084202
    -0.028412563915481     0.034618866084202     0.065669057795503
46 21
    -0.019563048743976     0.035574529101723    -0.021684910461772
     0.035574529101723    -0.116302803661483     0.035574529101723
    -0.021684910461772     0.035574529101723    -0.019563048743976
46 22
     0.065669057795503     0.028412563915481    -0.034618866084202
     0.028412563915481     0.065669057795503     0.034618866084202
    -0.034618866084202     0.034618866084202     0.005073655330534
46 23
     0.005100415756942     0.009146978118224    -0.009146978118224
     0.009146978118224     0.005100415756942     0.009146978118224
    -0.009146978118224     0.009146978118224     0.005100415756942
46 24
    -0.116302803661483     0.035574529101723    -0.035574529101723
     0.035574529101723    -0.019563048743976     0.021684910461772
    -0.035574529101723     0.021684910461772    -0.019563048743976
46 25
    -0.028598700163229     0.039918368565850    -0.012401695039443
     0.039918368565850    -0.028598700163229    -0.012401695039443
     0.012401695039443     0.012401695039443     0.006056474586558
46 26
    -0.028598700163229    -0.039918368565850    -0.012401695039443
    -0.039918368565850    -0.028598700163229     0.012401695039443
     0.012401695039443    -0.012401695039443     0.006056474586558
46 27
    -0.028598700163229    -0.039918368565850     0.012401695039443
    -0.039918368565850    -0.028598700163229    -0.012401695039443
    -0.012401695039443     0.012401695039443     0.006056474586558
46 28
    -0.028598700163229     0.039918368565850     0.012401695039443
     0.039918368565850    -0.028598700163229     0.012401695039443
    -0.012401695039443    -0.012401695039443     0.006056474586558
46 29
    -0.197889187410283    -0.203163101105019    -0.061054110119585
    -0.203163101105019    -0.197889187410283    -0.061054110119585
     0.061054110119585     0.061054110119585     0.325400609136750
46 30
    -0.197889187410283     0.203163101105019    -0.061054110119585
     0.203163101105019    -0.197889187410283     0.061054110119585
     0.061054110119585    -0.061054110119585     0.325400609136750
46 31
    -0.197889187410283     0.203163101105019     0.061054110119585
     0.203163101105019    -0.197889187410283    -0.061054110119585
    -0.061054110119585     0.061054110119585     0.325400609136750
46 32
    -0.197889187410283    -0.203163101105019     0.061054110119585
    -0.203163101105019    -0.197889187410283     0.061054110119585
    -0.061054110119585    -0.061054110119585     0.325400609136750
46 33
    -0.019563048743976     0.021684910461772     0.035574529101723
     0.021684910461772    -0.019563048743976    -0.035574529101723
     0.035574529101723    -0.035574529101723    -0.116302803661483
46 34
     0.065669057795503     0.034618866084202     0.028412563915481
     0.034618866084202     0.005073655330534    -0.034618866084202
     0.028412563915481    -0.034618866084202     0.065669057795503
46 35
     0.005073655330534     0.034618866084202     0.034618866084202
     0.034618866084202     0.065669057795503    -0.028412563915481
     0.034618866084202    -0.028412563915481     0.065669057795503
46 36
    -2.936375630241628     1.981126959435641     1.981126959435641
     1.981126959435642    -2.936375630241626    -1.981126959435641
     1.981126959435642    -1.981126959435642    -2.936375630241628
46 37
     0.005100415756942     0.009146978118224     0.009146978118224
     0.009146978118224     0.005100415756942    -0.009146978118224
     0.009146978118224    -0.009146978118224     0.005100415756942
46 38
    -0.116302803661483     0.035574529101723     0.035574529101723
     0.035574529101723    -0.019563048743976    -0.021684910461772
     0.035574529101723    -0.021684910461772    -0.019563048743976
46 39
    -0.019563048743976     0.035574529101723     0.021684910461772
     0.035574529101723    -0.116302803661483    -0.035574529101723
     0.021684910461772    -0.035574529101723    -0.019563048743976
46 40
     0.065669057795503     0.028412563915481     0.034618866084202
     0.028412563915481     0.065669057795503    -0.034618866084202
     0.034618866084202    -0.034618866084202     0.005073655330534
46 41
    -0.011262453489280    -0.000000000000000     0.000000000000000
     0.000000000000000     0.217939354325836    -0.000000000000000
     0.000000000000000    -0.000000000000000    -0.011262453489280
46 42
    -0.061525177596877    -0.000000000000000     0.000000000000000
     0.000000000000000    -0.061525177596877    -0.000000000000000
    -0.000000000000000     0.000000000000000    -0.033382157715778
46 43
    -0.005654635396013    -0.000000000000000     0.000000000000000
     0.000000000000000    -0.005654635396013    -0.000000000000000
    -0.000000000000000    -0.000000000000000    -0.005654635396013
46 44
     0.217939354325836     0.000000000000000     0.000000000000000
     0.000000000000000    -0.011262453489280    -0.000000000000000
     0.000000000000000    -0.000000000000000    -0.011262453489280
46 45
    -0.033382157715778    -0.000000000000000     0.000000000000000
    -0.000000000000000    -0.061525177596877    -0.000000000000000
    -0.000000000000000     0.000000000000000    -0.061525177596877
46 46
    12.253916845503452     0.000000000000000     0.000000000000000
     0.000000000000000    12.253916845503449    -0.000000000000000
     0.000000000000000    -0.000000000000000    12.253916845503454
46 47
    -0.011262453489280    -0.000000000000000     0.000000000000000
     0.000000000000000    -0.011262453489280    -0.000000000000000
     0.000000000000000     0.000000000000000     0.217939354325836
46 48
    -0.061525177596877     0.000000000000000     0.000000000000000
     0.000000000000000    -0.033382157715778    -0.000000000000000
    -0.000000000000000     0.000000000000000    -0.061525177596877
46 49
    -0.019563048743976    -0.035574529101723    -0.021684910461772
    -0.035574529101723    -0.116302803661483    -0.035574529101723
    -0.021684910461772    -0.035574529101723    -0.019563048743976
46 50
     0.065669057795503    -0.028412563915481    -0.034618866084202
    -0.028412563915481     0.065669057795503    -0.034618866084202
    -0.034618866084202    -0.034618866084202     0.005073655330534
46 51
     0.005100415756942    -0.009146978118224    -0.009146978118224
    -0.009146978118224     0.005100415756942    -0.009146978118224
    -0.009146978118224    -0.009146978118224     0.005100415756942
46 52
    -0.116302803661483    -0.035574529101723    -0.035574529101723
    -0.035574529101723    -0.019563048743976    -0.021684910461772
    -0.035574529101723    -0.021684910461772    -0.019563048743976
46 53
     0.005073655330534    -0.034618866084202    -0.034618866084202
    -0.034618866084202     0.065669057795503    -0.028412563915481
    -0.034618866084202    -0.028412563915481     0.065669057795503
46 54
    -2.936375630241628    -1.981126959435641    -1.981126959435641
    -1.981126959435642    -2.936375630241626    -1.981126959435641
    -1.981126959435642    -1.981126959435642    -2.936375630241628
46 55
    -0.019563048743976    -0.021684910461772    -0.035574529101723
    -0.021684910461772    -0.019563048743976    -0.035574529101723
    -0.035574529101723    -0.035574529101723    -0.116302803661483
46 56
     0.065669057795503    -0.034618866084202    -0.028412563915481
    -0.034618866084202     0.005073655330534    -0.034618866084202
    -0.028412563915481    -0.034618866084202     0.065669057795503
46 57
     0.006056474586558    -0.012401695039443     0.012401695039443
     0.012401695039443    -0.028598700163229    -0.039918368565850
    -0.012401695039443    -0.039918368565850    -0.028598700163229
46 58
     0.325400609136750    -0.061054110119585     0.061054110119585
     0.061054110119585    -0.197889187410283     0.203163101105019
    -0.061054110119585     0.203163101105019    -0.197889187410283
46 59
     0.006056474586558    -0.012401695039443    -0.012401695039443
     0.012401695039443    -0.028598700163229     0.039918368565850
     0.012401695039443     0.039918368565850    -0.028598700163229
46 60
     0.325400609136750    -0.061054110119585    -0.061054110119585
     0.061054110119585    -0.197889187410283    -0.203163101105019
     0.061054110119585    -0.203163101105020    -0.197889187410283
46 61
     0.006056474586558     0.012401695039443     0.012401695039443
    -0.012401695039443    -0.028598700163229     0.039918368565850
    -0.012401695039443     0.039918368565850    -0.028598700163229
46 62
     0.325400609136750     0.061054110119585     0.061054110119585
    -0.061054110119585    -0.197889187410283    -0.203163101105019
    -0.061054110119585    -0.203163101105019    -0.197889187410283
46 63
     0.006056474586558     0.012401695039443    -0.012401695039443
    -0.012401695039443    -0.028598700163229    -0.039918368565850
     0.012401695039443    -0.039918368565850    -0.028598700163229
46 64
     0.325400609136750     0.061054110119585    -0.061054110119585
    -0.061054110119585    -0.197889187410283     0.203163101105019
     0.061054110119585     0.203163101105019    -0.197889187410283
47 1
     0.065669057795503    -0.028412563915481     0.034618866084202
    -0.028412563915481     0.065669057795503     0.034618866084202
     0.034618866084202     0.034618866084202     0.005073655330534
47 2
    -0.019563048743976    -0.035574529101723     0.021684910461772
    -0.035574529101723    -0.116302803661483     0.035574529101723
     0.021684910461772     0.035574529101723    -0.019563048743976
47 3
    -0.116302803661483    -0.035574529101723     0.035574529101723
    -0.035574529101723    -0.019563048743976     0.021684910461772
     0.035574529101723     0.021684910461772    -0.019563048743976
47 4
     0.005100415756942    -0.009146978118224     0.009146978118224
    -0.009146978118224     0.005100415756942     0.009146978118224
     0.009146978118224     0.009146978118224     0.005100415756942
47 5
    -2.936375630241626    -1.981126959435642     1.981126959435641
    -1.981126959435642    -2.936375630241629     1.981126959435642
     1.981126959435641     1.981126959435642    -2.936375630241627
47 6
     0.005073655330534    -0.034618866084202     0.034618866084202
    -0.034618866084202     0.065669057795503     0.028412563915481
     0.034618866084202     0.028412563915481     0.065669057795503
47 7
     0.065669057795503    -0.034618866084202     0.028412563915481
    -0.034618866084202     0.005073655330534     0.034618866084202
     0.028412563915481     0.034618866084202     0.065669057795503
47 8
    -0.019563048743976    -0.021684910461772     0.035574529101723
    -0.021684910461772    -0.019563048743976     0.035574529101723
     0.035574529101723     0.035574529101723    -0.116302803661483
47 9
    -0.028598700163229     0.012401695039443     0.039918368565850
    -0.012401695039443     0.006056474586558    -0.012401695039443
     0.039918368565850     0.012401695039443    -0.028598700163229
47 10
    -0.028598700163229     0.012401695039443    -0.039918368565850
    -0.012401695039443     0.006056474586558     0.012401695039443
    -0.039918368565850    -0.012401695039443    -0.028598700163229
47 11
    -0.197889187410283     0.061054110119585    -0.203163101105019
    -0.061054110119585     0.325400609136750    -0.061054110119585
    -0.203163101105019     0.061054110119585    -0.197889187410283
47 12
    -0.197889187410283     0.061054110119585     0.203163101105019
    -0.061054110119585     0.325400609136750     0.061054110119585
     0.203163101105019    -0.061054110119585    -0.197889187410283
47 13
    -0.028598700163229    -0.012401695039443    -0.039918368565850
     0.012401695039443     0.006056474586558    -0.012401695039443
    -0.039918368565850     0.012401695039443    -0.028598700163229
47 14
    -0.028598700163229    -0.012401695039443     0.039918368565850
     0.012401695039443     0.006056474586558     0.012401695039443
     0.039918368565850    -0.012401695039443    -0.028598700163229
47 15
    -0.197889187410283    -0.061054110119585     0.203163101105019
     0.061054110119585     0.325400609136750    -0.061054110119585
     0.203163101105019     0.061054110119585    -0.197889187410283
47 16
    -0.197889187410283    -0.061054110119585    -0.203163101105019
     0.061054110119585     0.325400609136750     0.061054110119585
    -0.203163101105019    -0.061054110119585    -0.197889187410283
47 17
     0.065669057795503     0.034618866084202    -0.028412563915481
     0.034618866084202     0.005073655330534     0.034618866084202
    -0.028412563915481     0.034618866084202     0.065669057795503
47 18
    -0.019563048743976     0.021684910461772    -0.035574529101723
     0.021684910461772    -0.019563048743976     0.035574529101723
    -0.035574529101723     0.035574529101723    -0.116302803661483
47 19
    -2.936375630241627     1.981126959435641    -1.981126959435642
     1.981126959435642    -2.936375630241628     1.981126959435642
    -1.981126959435641     1.981126959435641    -2.936375630241628
47 20
     0.005073655330534     0.034618866084202    -0.034618866084202
     0.034618866084202     0.065669057795503     0.028412563915481
    -0.034618866084202     0.028412563915481     0.065669057795503
47 21
    -0.116302803661483     0.035574529101723    -0.035574529101723
     0.035574529101723    -0.019563048743976     0.021684910461772
    -0.035574529101723     0.021684910461772    -0.019563048743976
47 22
     0.005100415756942     0.009146978118224    -0.009146978118224
     0.009146978118224     0.005100415756942     0.009146978118224
    -0.009146978118224     0.009146978118224     0.005100415756942
47 23
     0.065669057795503     0.028412563915481    -0.034618866084202
     0.028412563915481     0.065669057795503     0.034618866084202
    -0.034618866084202     0.034618866084202     0.005073655330534
47 24
    -0.019563048743976     0.035574529101723    -0.021684910461772
     0.035574529101723    -0.116302803661483     0.035574529101723
    -0.021684910461772     0.035574529101723    -0.019563048743976
47 25
    -0.028598700163229     0.039918368565850     0.012401695039443
     0.039918368565850    -0.028598700163229     0.012401695039443
    -0.012401695039443    -0.012401695039443     0.006056474586558
47 26
    -0.028598700163229    -0.039918368565850     0.012401695039443
    -0.039918368565850    -0.028598700163229    -0.012401695039443
    -0.012401695039443     0.012401695039443     0.006056474586558
47 27
    -0.028598700163229    -0.039918368565850    -0.012401695039443
    -0.039918368565850    -0.028598700163229     0.012401695039443
     0.012401695039443    -0.012401695039443     0.006056474586558
47 28
    -0.028598700163229     0.039918368565850    -0.012401695039443
     0.039918368565850    -0.028598700163229    -0.012401695039443
     0.012401695039443     0.012401695039443     0.006056474586558
47 29
    -0.197889187410283    -0.203163101105019     0.061054110119585
    -0.203163101105019    -0.197889187410283     0.061054110119585
    -0.061054110119585    -0.061054110119585     0.325400609136750
47 30
    -0.197889187410283     0.203163101105019     0.061054110119585
     0.203163101105020    -0.197889187410283    -0.061054110119585
    -0.061054110119585     0.061054110119585     0.325400609136750
47 31
    -0.197889187410283     0.203163101105019    -0.061054110119585
     0.203163101105020    -0.197889187410283     0.061054110119585
     0.061054110119585    -0.061054110119585     0.325400609136750
47 32
    -0.197889187410283    -0.203163101105019    -0.061054110119585
    -0.203163101105019    -0.197889187410283    -0.061054110119585
     0.061054110119585     0.061054110119585     0.325400609136750
47 33
    -2.936375630241627     1.981126959435641     1.981126959435642
     1.981126959435642    -2.936375630241628    -1.981126959435642
     1.981126959435641    -1.981126959435641    -2.936375630241628
47 34
     0.005073655330534     0.034618866084202     0.034618866084202
     0.034618866084202     0.065669057795503    -0.028412563915481
     0.034618866084202    -0.028412563915481     0.065669057795503
47 35
     0.065669057795503     0.034618866084202     0.028412563915481
     0.034618866084202     0.005073655330534    -0.034618866084202
     0.028412563915481    -0.034618866084202     0.065669057795503
47 36
    -0.019563048743976     0.021684910461772     0.035574529101723
     0.021684910461772    -0.019563048743976    -0.035574529101723
     0.035574529101723    -0.035574529101723    -0.116302803661483
47 37
     0.065669057795503     0.028412563915481     0.034618866084202
     0.028412563915481     0.065669057795503    -0.034618866084202
     0.034618866084202    -0.034618866084202     0.005073655330534
47 38
    -0.019563048743976     0.035574529101723     0.021684910461772
     0.035574529101723    -0.116302803661483    -0.035574529101723
     0.021684910461772    -0.035574529101723    -0.019563048743976
47 39
    -0.116302803661483     0.035574529101723     0.035574529101723
     0.035574529101723    -0.019563048743976    -0.021684910461772
     0.035574529101723    -0.021684910461772    -0.019563048743976
47 40
     0.005100415756942     0.009146978118224     0.009146978118224
     0.009146978118224     0.005100415756942    -0.009146978118224
     0.009146978118224    -0.009146978118224     0.005100415756942
47 41
     0.217939354325836     0.000000000000000     0.000000000000000
     0.000000000000000    -0.011262453489280     0.000000000000000
     0.000000000000000    -0.000000000000000    -0.011262453489280
47 42
    -0.005654635396013     0.000000000000000     0.000000000000000
    -0.000000000000000    -0.005654635396013     0.000000000000000
     0.000000000000000     0.000000000000000    -0.005654635396013
47 43
    -0.061525177596877     0.000000000000000     0.000000000000000
    -0.000000000000000    -0.061525177596877     0.000000000000000
     0.000000000000000    -0.000000000000000    -0.033382157715778
47 44
    -0.011262453489280     0.000000000000000     0.000000000000000
    -0.000000000000000     0.217939354325836    -0.000000000000000
     0.000000000000000    -0.000000000000000    -0.011262453489280
47 45
    -0.061525177596877     0.000000000000000     0.000000000000000
    -0.000000000000000    -0.033382157715778    -0.000000000000000
     0.000000000000000     0.000000000000000    -0.061525177596877
47 46
    -0.011262453489280     0.000000000000000     0.000000000000000
    -0.000000000000000    -0.011262453489280     0.000000000000000
     0.000000000000000    -0.000000000000000     0.217939354325836
47 47
    12.253916845503449     0.000000000000000     0.000000000000001
     0.000000000000000    12.253916845503456     0.000000000000000
     0.000000000000001     0.000000000000000    12.253916845503454
47 48
    -0.033382157715778     0.000000000000000     0.000000000000000
    -0.000000000000000    -0.061525177596877    -0.000000000000000
     0.000000000000000     0.000000000000000    -0.061525177596877
47 49
    -0.116302803661483    -0.035574529101723    -0.035574529101723
    -0.035574529101723    -0.019563048743976    -0.021684910461772
    -0.035574529101723    -0.021684910461772    -0.019563048743976
47 50
     0.005100415756942    -0.009146978118224    -0.009146978118224
    -0.009146978118224     0.005100415756942    -0.009146978118224
    -0.009146978118224    -0.009146978118224     0.005100415756942
47 51
     0.065669057795503    -0.028412563915481    -0.034618866084202
    -0.028412563915481     0.065669057795503    -0.034618866084202
    -0.034618866084202    -0.034618866084202     0.005073655330534
47 52
    -0.019563048743976    -0.035574529101723    -0.021684910461772
    -0.035574529101723    -0.116302803661483    -0.035574529101723
    -0.021684910461772    -0.035574529101723    -0.019563048743976
47 53
     0.065669057795503    -0.034618866084202    -0.028412563915481
    -0.034618866084202     0.005073655330534    -0.034618866084202
    -0.028412563915481    -0.034618866084202     0.065669057795503
47 54
    -0.019563048743976    -0.021684910461772    -0.035574529101723
    -0.021684910461772    -0.019563048743976    -0.035574529101723
    -0.035574529101723    -0.035574529101723    -0.116302803661483
47 55
    -2.936375630241626    -1.981126959435641    -1.981126959435642
    -1.981126959435642    -2.936375630241628    -1.981126959435642
    -1.981126959435641    -1.981126959435641    -2.936375630241628
47 56
     0.005073655330534    -0.034618866084202    -0.034618866084202
    -0.034618866084202     0.065669057795503    -0.028412563915481
    -0.034618866084202    -0.028412563915481     0.065669057795503
47 57
     0.325400609136750    -0.061054110119585    -0.061054110119585
     0.061054110119585    -0.197889187410283    -0.203163101105019
     0.061054110119585    -0.203163101105019    -0.197889187410283
47 58
     0.006056474586558    -0.012401695039443    -0.012401695039443
     0.012401695039443    -0.028598700163229     0.039918368565850
     0.012401695039443     0.039918368565850    -0.028598700163229
47 59
     0.325400609136750    -0.061054110119585     0.061054110119585
     0.061054110119585    -0.197889187410283     0.203163101105020
    -0.061054110119585     0.203163101105019    -0.197889187410283
47 60
     0.006056474586558    -0.012401695039443     0.012401695039443
     0.012401695039443    -0.028598700163229    -0.039918368565850
    -0.012401695039443    -0.039918368565850    -0.028598700163229
47 61
     0.325400609136750     0.061054110119585    -0.061054110119585
    -0.061054110119585    -0.197889187410283     0.203163101105020
     0.061054110119585     0.203163101105019    -0.197889187410283
47 62
     0.006056474586558     0.012401695039443    -0.012401695039443
    -0.012401695039443    -0.028598700163229    -0.039918368565850
     0.012401695039443    -0.039918368565850    -0.028598700163229
47 63
     0.325400609136750     0.061054110119585     0.061054110119585
    -0.061054110119585    -0.197889187410283    -0.203163101105019
    -0.061054110119585    -0.203163101105019    -0.197889187410283
47 64
     0.006056474586558     0.012401695039443     0.012401695039443
    -0.012401695039443    -0.028598700163229     0.039918368565850
    -0.012401695039443     0.039918368565850    -0.028598700163229
48 1
    -0.019563048743976    -0.035574529101723     0.021684910461772
    -0.035574529101723    -0.116302803661483     0.035574529101723
     0.021684910461772     0.035574529101723    -0.019563048743976
48 2
     0.065669057795503    -0.028412563915481     0.034618866084202
    -0.028412563915481     0.065669057795503     0.034618866084202
     0.034618866084202     0.034618866084202     0.005073655330534
48 3
     0.005100415756942    -0.009146978118224     0.009146978118224
    -0.009146978118224     0.005100415756942     0.009146978118224
     0.009146978118224     0.009146978118224     0.005100415756942
48 4
    -0.116302803661483    -0.035574529101723     0.035574529101723
    -0.035574529101723    -0.019563048743976     0.021684910461772
     0.035574529101723     0.021684910461772    -0.019563048743976
48 5
     0.005073655330534    -0.034618866084202     0.034618866084202
    -0.034618866084202     0.065669057795503     0.028412563915481
     0.034618866084202     0.028412563915481     0.065669057795503
48 6
    -2.936375630241628    -1.981126959435642     1.981126959435642
    -1.981126959435641    -2.936375630241628     1.981126959435641
     1.981126959435641     1.981126959435642    -2.936375630241626
48 7
    -0.019563048743976    -0.021684910461772     0.035574529101723
    -0.021684910461772    -0.019563048743976     0.035574529101723
     0.035574529101723     0.035574529101723    -0.116302803661483
48 8
     0.065669057795503    -0.034618866084202     0.028412563915481
    -0.034618866084202     0.005073655330534     0.034618866084202
     0.028412563915481     0.034618866084202     0.065669057795503
48 9
    -0.028598700163229     0.012401695039443    -0.039918368565850
    -0.012401695039443     0.006056474586558     0.012401695039443
    -0.039918368565850    -0.012401695039443    -0.028598700163229
48 10
    -0.028598700163229     0.012401695039443     0.039918368565850
    -0.012401695039443     0.006056474586558    -0.012401695039443
     0.039918368565850     0.012401695039443    -0.028598700163229
48 11
    -0.197889187410283     0.061054110119585     0.203163101105019
    -0.061054110119585     0.325400609136750     0.061054110119585
     0.203163101105019    -0.061054110119585    -0.197889187410283
48 12
    -0.197889187410283     0.061054110119585    -0.203163101105019
    -0.061054110119585     0.325400609136750    -0.061054110119585
    -0.203163101105019     0.061054110119585    -0.197889187410283
48 13
    -0.028598700163229    -0.012401695039443     0.039918368565850
     0.012401695039443     0.006056474586558     0.012401695039443
     0.039918368565850    -0.012401695039443    -0.028598700163229
48 14
    -0.028598700163229    -0.012401695039443    -0.039918368565850
     0.012401695039443     0.006056474586558    -0.012401695039443
    -0.039918368565850     0.012401695039443    -0.028598700163229
48 15
    -0.197889187410283    -0.061054110119585    -0.203163101105019
     0.061054110119585     0.325400609136750     0.061054110119585
    -0.203163101105019    -0.061054110119585    -0.197889187410283
48 16
    -0.197889187410283    -0.061054110119585     0.203163101105019
     0.061054110119585     0.325400609136750    -0.061054110119585
     0.203163101105019     0.061054110119585    -0.197889187410283
48 17
    -0.019563048743976     0.021684910461772    -0.035574529101723
     0.021684910461772    -0.019563048743976     0.035574529101723
    -0.035574529101723     0.035574529101723    -0.116302803661483
48 18
     0.065669057795503     0.034618866084202    -0.028412563915481
     0.034618866084202     0.005073655330534     0.034618866084202
    -0.028412563915481     0.034618866084202     0.065669057795503
48 19
     0.005073655330534     0.034618866084202    -0.034618866084202
     0.034618866084202     0.065669057795503     0.028412563915481
    -0.034618866084202     0.028412563915481     0.065669057795503
48 20
    -2.936375630241628     1.981126959435642    -1.981126959435642
     1.981126959435641    -2.936375630241628     1.981126959435641
    -1.981126959435641     1.981126959435642    -2.936375630241626
48 21
     0.005100415756942     0.009146978118224    -0.009146978118224
     0.009146978118224     0.005100415756942     0.009146978118224
    -0.009146978118224     0.009146978118224     0.005100415756942
48 22
    -0.116302803661483     0.035574529101723    -0.035574529101723
     0.035574529101723    -0.019563048743976     0.021684910461772
    -0.035574529101723     0.021684910461772    -0.019563048743976
48 23
    -0.019563048743976     0.035574529101723    -0.021684910461772
     0.035574529101723    -0.116302803661483     0.035574529101723
    -0.021684910461772     0.035574529101723    -0.019563048743976
48 24
     0.065669057795503     0.028412563915481    -0.034618866084202
     0.028412563915481     0.065669057795503     0.034618866084202
    -0.034618866084202     0.034618866084202     0.005073655330534
48 25
    -0.028598700163229    -0.039918368565850     0.012401695039443
    -0.039918368565850    -0.028598700163229    -0.012401695039443
    -0.012401695039443     0.012401695039443     0.006056474586558
48 26
    -0.028598700163229     0.039918368565850     0.012401695039443
     0.039918368565850    -0.028598700163229     0.012401695039443
    -0.012401695039443    -0.012401695039443     0.006056474586558
48 27
    -0.028598700163229     0.039918368565850    -0.012401695039443
     0.039918368565850    -0.028598700163229    -0.012401695039443
     0.012401695039443     0.012401695039443     0.006056474586558
48 28
    -0.028598700163229    -0.039918368565850    -0.012401695039443
    -0.039918368565850    -0.028598700163229     0.012401695039443
     0.012401695039443    -0.012401695039443     0.006056474586558
48 29
    -0.197889187410283     0.203163101105020     0.061054110119585
     0.203163101105019    -0.197889187410283    -0.061054110119585
    -0.061054110119585     0.061054110119585     0.325400609136750
48 30
    -0.197889187410283    -0.203163101105019     0.061054110119585
    -0.203163101105019    -0.197889187410283     0.061054110119585
    -0.061054110119585    -0.061054110119585     0.325400609136750
48 31
    -0.197889187410283    -0.203163101105019    -0.061054110119585
    -0.203163101105019    -0.197889187410283    -0.061054110119585
     0.061054110119585     0.061054110119585     0.325400609136750
48 32
    -0.197889187410283     0.203163101105020    -0.061054110119585
     0.203163101105019    -0.197889187410283     0.061054110119585
     0.061054110119585    -0.061054110119585     0.325400609136750
48 33
     0.005073655330534     0.034618866084202     0.034618866084202
     0.034618866084202     0.065669057795503    -0.028412563915481
     0.034618866084202    -0.028412563915481     0.065669057795503
48 34
    -2.936375630241628     1.981126959435642     1.981126959435642
     1.981126959435641    -2.936375630241627    -1.981126959435642
     1.981126959435641    -1.981126959435641    -2.936375630241628
48 35
    -0.019563048743976     0.021684910461772     0.035574529101723
     0.021684910461772    -0.019563048743976    -0.035574529101723
     0.035574529101723    -0.035574529101723    -0.116302803661483
48 36
     0.065669057795503     0.034618866084202     0.028412563915481
     0.034618866084202     0.005073655330534    -0.034618866084202
     0.028412563915481    -0.034618866084202     0.065669057795503
48 37
    -0.019563048743976     0.035574529101723     0.021684910461772
     0.035574529101723    -0.116302803661483    -0.035574529101723
     0.021684910461772    -0.035574529101723    -0.019563048743976
48 38
     0.065669057795503     0.028412563915481     0.034618866084202
     0.028412563915481     0.065669057795503    -0.034618866084202
     0.034618866084202    -0.034618866084202     0.005073655330534
48 39
     0.005100415756942     0.009146978118224     0.009146978118224
     0.009146978118224     0.005100415756942    -0.009146978118224
     0.009146978118224    -0.009146978118224     0.005100415756942
48 40
    -0.116302803661483     0.035574529101723     0.035574529101723
     0.035574529101723    -0.019563048743976    -0.021684910461772
     0.035574529101723    -0.021684910461772    -0.019563048743976
48 41
    -0.005654635396013    -0.000000000000000     0.000000000000000
     0.000000000000000    -0.005654635396013     0.000000000000000
     0.000000000000000    -0.000000000000000    -0.005654635396013
48 42
     0.217939354325836    -0.000000000000000    -0.000000000000000
    -0.000000000000000    -0.011262453489280     0.000000000000000
     0.000000000000000    -0.000000000000000    -0.011262453489280
48 43
    -0.011262453489280    -0.000000000000000    -0.000000000000000
     0.000000000000000     0.217939354325836     0.000000000000000
     0.000000000000000    -0.000000000000000    -0.011262453489280
48 44
    -0.061525177596877     0.000000000000000    -0.000000000000000
     0.000000000000000    -0.061525177596877     0.000000000000000
     0.000000000000000    -0.000000000000000    -0.033382157715778
48 45
    -0.011262453489280    -0.000000000000000     0.000000000000000
    -0.000000000000000    -0.011262453489280    -0.000000000000000
     0.000000000000000     0.000000000000000     0.217939354325836
48 46
    -0.061525177596877     0.000000000000000    -0.000000000000000
     0.000000000000000    -0.033382157715778     0.000000000000000
     0.000000000000000    -0.000000000000000    -0.061525177596877
48 47
    -0.033382157715778    -0.000000000000000     0.000000000000000
     0.000000000000000    -0.061525177596877     0.000000000000000
     0.000000000000000    -0.000000000000000    -0.061525177596877
48 48
    12.253916845503454    -0.000000000000000    -0.000000000000000
    -0.000000000000000    12.253916845503454    -0.000000000000000
    -0.000000000000000    -0.000000000000000    12.253916845503451
48 49
     0.005100415756942    -0.009146978118224    -0.009146978118224
    -0.009146978118224     0.005100415756942    -0.009146978118224
    -0.009146978118224    -0.009146978118224     0.005100415756942
48 50
    -0.116302803661483    -0.035574529101723    -0.035574529101723
    -0.035574529101723    -0.019563048743976    -0.021684910461772
    -0.035574529101723    -0.021684910461772    -0.019563048743976
48 51
    -0.019563048743976    -0.035574529101723    -0.021684910461772
    -0.035574529101723    -0.116302803661483    -0.035574529101723
    -0.021684910461772    -0.035574529101723    -0.019563048743976
48 52
     0.065669057795503    -0.028412563915481    -0.034618866084202
    -0.028412563915481     0.065669057795503    -0.034618866084202
    -0.034618866084202    -0.034618866084202     0.005073655330534
48 53
    -0.019563048743976    -0.021684910461772    -0.035574529101723
    -0.021684910461772    -0.019563048743976    -0.035574529101723
    -0.035574529101723    -0.035574529101723    -0.116302803661483
48 54
     0.065669057795503    -0.034618866084202    -0.028412563915481
    -0.034618866084202     0.005073655330534    -0.034618866084202
    -0.028412563915481    -0.034618866084202     0.065669057795503
48 55
     0.005073655330534    -0.034618866084202    -0.034618866084202
    -0.034618866084202     0.065669057795503    -0.028412563915481
    -0.034618866084202    -0.028412563915481     0.065669057795503
48 56
    -2.936375630241628    -1.981126959435642    -1.981126959435642
    -1.981126959435641    -2.936375630241627    -1.981126959435642
    -1.981126959435641    -1.981126959435641    -2.936375630241628
48 57
     0.006056474586558    -0.012401695039443    -0.012401695039443
     0.012401695039443    -0.028598700163229     0.039918368565850
     0.012401695039443     0.039918368565850    -0.028598700163229
48 58
     0.325400609136750    -0.061054110119585    -0.061054110119585
     0.061054110119585    -0.197889187410283    -0.203163101105019
     0.061054110119585    -0.203163101105019    -0.197889187410283
48 59
     0.006056474586558    -0.012401695039443     0.012401695039443
     0.012401695039443    -0.028598700163229    -0.039918368565850
    -0.012401695039443    -0.039918368565850    -0.028598700163229
48 60
     0.325400609136750    -0.061054110119585     0.061054110119585
     0.061054110119585    -0.197889187410283     0.203163101105019
    -0.061054110119585     0.203163101105019    -0.197889187410283
48 61
     0.006056474586558     0.012401695039443    -0.012401695039443
    -0.012401695039443    -0.028598700163229    -0.039918368565850
     0.012401695039443    -0.039918368565850    -0.028598700163229
48 62
     0.325400609136750     0.061054110119585    -0.061054110119585
    -0.061054110119585    -0.197889187410283     0.203163101105019
     0.061054110119585     0.203163101105019    -0.197889187410283
48 63
     0.006056474586558     0.012401695039443     0.012401695039443
    -0.012401695039443    -0.028598700163229     0.039918368565850
    -0.012401695039443     0.039918368565850    -0.028598700163229
48 64
     0.325400609136750     0.061054110119585     0.061054110119585
    -0.061054110119585    -0.197889187410283    -0.203163101105019
    -0.061054110119585    -0.203163101105019    -0.197889187410283
49 1
    -0.197889187410283     0.203163101105019     0.061054110119585
     0.203163101105019    -0.197889187410283    -0.061054110119585
    -0.061054110119585     0.061054110119585     0.325400609136750
49 2
    -0.197889187410283    -0.203163101105019     0.061054110119585
    -0.203163101105020    -0.197889187410283     0.061054110119585
    -0.061054110119585    -0.061054110119585     0.325400609136750
49 3
    -0.197889187410283    -0.203163101105019    -0.061054110119585
    -0.203163101105019    -0.197889187410283    -0.061054110119585
     0.061054110119585     0.061054110119585     0.325400609136750
49 4
    -0.197889187410283     0.203163101105019    -0.061054110119585
     0.203163101105020    -0.197889187410283     0.061054110119585
     0.061054110119585    -0.061054110119585     0.325400609136750
49 5
    -0.028598700163229    -0.039918368565850     0.012401695039443
    -0.039918368565850    -0.028598700163229    -0.012401695039443
    -0.012401695039443     0.012401695039443     0.006056474586558
49 6
    -0.028598700163229     0.039918368565850     0.012401695039443
     0.039918368565850    -0.028598700163229     0.012401695039443
    -0.012401695039443    -0.012401695039443     0.006056474586558
49 7
    -0.028598700163229     0.039918368565850    -0.012401695039443
     0.039918368565850    -0.028598700163229    -0.012401695039443
     0.012401695039443     0.012401695039443     0.006056474586558
49 8
    -0.028598700163229    -0.039918368565850    -0.012401695039443
    -0.039918368565850    -0.028598700163229     0.012401695039443
     0.012401695039443    -0.012401695039443     0.006056474586558
49 9
     0.005073655330534     0.034618866084202    -0.034618866084202
     0.034618866084202     0.065669057795503     0.028412563915481
    -0.034618866084202     0.028412563915481     0.065669057795503
49 10
    -2.936375630241627     1.981126959435641    -1.981126959435642
     1.981126959435642    -2.936375630241628     1.981126959435642
    -1.981126959435641     1.981126959435641    -2.936375630241628
49 11
    -0.019563048743976     0.021684910461772    -0.035574529101723
     0.021684910461772    -0.019563048743976     0.035574529101723
    -0.035574529101723     0.035574529101723    -0.116302803661483
49 12
     0.065669057795503     0.034618866084202    -0.028412563915481
     0.034618866084202     0.005073655330534     0.034618866084202
    -0.028412563915481     0.034618866084202     0.065669057795503
49 13
    -0.019563048743976     0.035574529101723    -0.021684910461772
     0.035574529101723    -0.116302803661483     0.035574529101723
    -0.021684910461772     0.035574529101723    -0.019563048743976
49 14
     0.065669057795503     0.028412563915481    -0.034618866084202
     0.028412563915481     0.065669057795503     0.034618866084202
    -0.034618866084202     0.034618866084202     0.005073655330534
49 15
     0.005100415756942     0.009146978118224    -0.009146978118224
     0.009146978118224     0.005100415756942     0.009146978118224
    -0.009146978118224     0.009146978118224     0.005100415756942
49 16
    -0.116302803661483     0.035574529101723    -0.035574529101723
     0.035574529101723    -0.019563048743976     0.021684910461772
    -0.035574529101723     0.021684910461772    -0.019563048743976
49 17
    -0.197889187410283     0.061054110119585     0.203163101105019
    -0.061054110119585     0.325400609136750     0.061054110119585
     0.203163101105019    -0.061054110119585    -0.197889187410283
49 18
    -0.197889187410283     0.061054110119585    -0.203163101105019
    -0.061054110119585     0.325400609136750    -0.061054110119585
    -0.203163101105019     0.061054110119585    -0.197889187410283
49 19
    -0.028598700163229     0.012401695039443    -0.039918368565850
    -0.012401695039443     0.006056474586558     0.012401695039443
    -0.039918368565850    -0.012401695039443    -0.028598700163229
49 20
    -0.028598700163229     0.012401695039443     0.039918368565850
    -0.012401695039443     0.006056474586558    -0.012401695039443
     0.039918368565850     0.012401695039443    -0.028598700163229
49 21
    -0.197889187410283    -0.061054110119585    -0.203163101105019
     0.061054110119585     0.325400609136750     0.061054110119585
    -0.203163101105019    -0.061054110119585    -0.197889187410283
49 22
    -0.197889187410283    -0.061054110119585     0.203163101105019
     0.061054110119585     0.325400609136750    -0.061054110119585
     0.203163101105019     0.061054110119585    -0.197889187410283
49 23
    -0.028598700163229    -0.012401695039443     0.039918368565850
     0.012401695039443     0.006056474586558     0.012401695039443
     0.039918368565850    -0.012401695039443    -0.028598700163229
49 24
    -0.028598700163229    -0.012401695039443    -0.039918368565850
     0.012401695039443     0.006056474586558    -0.012401695039443
    -0.039918368565850     0.012401695039443    -0.028598700163229
49 25
     0.005073655330534    -0.034618866084202     0.034618866084202
    -0.034618866084202     0.065669057795503     0.028412563915481
     0.034618866084202     0.028412563915481     0.065669057795503
49 26
    -2.936375630241628    -1.981126959435641     1.981126959435641
    -1.981126959435642    -2.936375630241628     1.981126959435642
     1.981126959435642     1.981126959435641    -2.936375630241626
49 27
    -0.019563048743976    -0.021684910461772     0.035574529101723
    -0.021684910461772    -0.019563048743976     0.035574529101723
     0.035574529101723     0.035574529101723    -0.116302803661483
49 28
     0.065669057795503    -0.034618866084202     0.028412563915481
    -0.034618866084202     0.005073655330534     0.034618866084202
     0.028412563915481     0.034618866084202     0.065669057795503
49 29
    -0.019563048743976    -0.035574529101723     0.021684910461772
    -0.035574529101723    -0.116302803661483     0.035574529101723
     0.021684910461772     0.035574529101723    -0.019563048743976
49 30
     0.065669057795503    -0.028412563915481     0.034618866084202
    -0.028412563915481     0.065669057795503     0.034618866084202
     0.034618866084202     0.034618866084202     0.005073655330534
49 31
     0.005100415756942    -0.009146978118224     0.009146978118224
    -0.009146978118224     0.005100415756942     0.009146978118224
     0.009146978118224     0.009146978118224     0.005100415756942
49 32
    -0.116302803661483    -0.035574529101723     0.035574529101723
    -0.035574529101723    -0.019563048743976     0.021684910461772
     0.035574529101723     0.021684910461772    -0.019563048743976
49 33
     0.325400609136750    -0.061054110119585    -0.061054110119585
     0.061054110119585    -0.197889187410283    -0.203163101105020
     0.061054110119585    -0.203163101105019    -0.197889187410283
49 34
     0.006056474586558    -0.012401695039443    -0.012401695039443
     0.012401695039443    -0.028598700163229     0.039918368565850
     0.012401695039443     0.039918368565850    -0.028598700163229
49 35
     0.325400609136750    -0.061054110119585     0.061054110119585
     0.061054110119585    -0.197889187410283     0.203163101105020
    -0.061054110119585     0.203163101105019    -0.197889187410283
49 36
     0.006056474586558    -0.012401695039443     0.012401695039443
     0.012401695039443    -0.028598700163229    -0.039918368565850
    -0.012401695039443    -0.039918368565850    -0.028598700163229
49 37
     0.325400609136750     0.061054110119585    -0.061054110119585
    -0.061054110119585    -0.197889187410283     0.203163101105019
     0.061054110119585     0.203163101105019    -0.197889187410283
49 38
     0.006056474586558     0.012401695039443    -0.012401695039443
    -0.012401695039443    -0.028598700163229    -0.039918368565850
     0.012401695039443    -0.039918368565850    -0.028598700163229
49 39
     0.325400609136750     0.061054110119585     0.061054110119585
    -0.061054110119585    -0.197889187410283    -0.203163101105019
    -0.061054110119585    -0.203163101105019    -0.197889187410283
49 40
     0.006056474586558     0.012401695039443     0.012401695039443
    -0.012401695039443    -0.028598700163229     0.039918368565850
    -0.012401695039443     0.039918368565850    -0.028598700163229
49 41
    -2.936375630241628    -1.981126959435641    -1.981126959435641
    -1.981126959435642    -2.936375630241628    -1.981126959435642
    -1.981126959435642    -1.981126959435641    -2.936375630241626
49 42
     0.005073655330534    -0.034618866084202    -0.034618866084202
    -0.034618866084202     0.065669057795503    -0.028412563915481
    -0.034618866084202    -0.028412563915481     0.065669057795503
49 43
     0.065669057795503    -0.034618866084202    -0.028412563915481
    -0.034618866084202     0.005073655330534    -0.034618866084202
    -0.028412563915481    -0.034618866084202     0.065669057795503
49 44
    -0.019563048743976    -0.021684910461772    -0.035574529101723
    -0.021684910461772    -0.019563048743976    -0.035574529101723
    -0.035574529101723    -0.035574529101723    -0.116302803661483
49 45
     0.065669057795503    -0.028412563915481    -0.034618866084202
    -0.028412563915481     0.065669057795503    -0.034618866084202
    -0.034618866084202    -0.034618866084202     0.005073655330534
49 46
    -0.019563048743976    -0.035574529101723    -0.021684910461772
    -0.035574529101723    -0.116302803661483    -0.035574529101723
    -0.021684910461772    -0.035574529101723    -0.019563048743976
49 47
    -0.116302803661483    -0.035574529101723    -0.035574529101723
    -0.035574529101723    -0.019563048743976    -0.021684910461772
    -0.035574529101723    -0.021684910461772    -0.019563048743976
49 48
     0.005100415756942    -0.009146978118224    -0.009146978118224
    -0.009146978118224     0.005100415756942    -0.009146978118224
    -0.009146978118224    -0.009146978118224     0.005100415756942
49 49
    12.253916845503452     0.000000000000000    -0.000000000000000
     0.000000000000000    12.253916845503454     0.000000000000000
    -0.000000000000000     0.000000000000000    12.253916845503449
49 50
    -0.033382157715778     0.000000000000000     0.000000000000000
     0.000000000000000    -0.061525177596877    -0.000000000000000
    -0.000000000000000     0.000000000000000    -0.061525177596877
49 51
    -0.061525177596877    -0.000000000000000     0.000000000000000
     0.000000000000000    -0.033382157715778    -0.000000000000000
    -0.000000000000000    -0.000000000000000    -0.061525177596877
49 52
    -0.011262453489280    -0.000000000000000     0.000000000000000
     0.000000000000000    -0.011262453489280    -0.000000000000000
    -0.000000000000000    -0.000000000000000     0.217939354325836
49 53
    -0.061525177596877     0.000000000000000     0.000000000000000
     0.000000000000000    -0.061525177596877    -0.000000000000000
    -0.000000000000000    -0.000000000000000    -0.033382157715778
49 54
    -0.011262453489280    -0.000000000000000    -0.000000000000000
     0.000000000000000     0.217939354325836    -0.000000000000000
    -0.000000000000000     0.000000000000000    -0.011262453489280
49 55
     0.217939354325836    -0.000000000000000     0.000000000000000
     0.000000000000000    -0.011262453489280    -0.000000000000000
    -0.000000000000000    -0.000000000000000    -0.011262453489280
49 56
    -0.005654635396013     0.000000000000000     0.000000000000000
     0.000000000000000    -0.005654635396013    -0.000000000000000
    -0.000000000000000    -0.000000000000000    -0.005654635396013
49 57
    -2.936375630241628     1.981126959435641     1.981126959435641
     1.981126959435642    -2.936375630241628    -1.981126959435642
     1.981126959435642    -1.981126959435641    -2.936375630241626
49 58
     0.005073655330534     0.034618866084202     0.034618866084202
     0.034618866084202     0.065669057795503    -0.028412563915481
     0.034618866084202    -0.028412563915481     0.065669057795503
49 59
     0.065669057795503     0.034618866084202     0.028412563915481
     0.034618866084202     0.005073655330534    -0.034618866084202
     0.028412563915481    -0.034618866084202     0.065669057795503
49 60
    -0.019563048743976     0.021684910461772     0.035574529101723
     0.021684910461772    -0.019563048743976    -0.035574529101723
     0.035574529101723    -0.035574529101723    -0.116302803661483
49 61
     0.065669057795503     0.028412563915481     0.034618866084202
     0.028412563915481     0.065669057795503    -0.034618866084202
     0.034618866084202    -0.034618866084202     0.005073655330534
49 62
    -0.019563048743976     0.035574529101723     0.021684910461772
     0.035574529101723    -0.116302803661483    -0.035574529101723
     0.021684910461772    -0.035574529101723    -0.019563048743976
49 63
    -0.116302803661483     0.035574529101723     0.035574529101723
     0.035574529101723    -0.019563048743976    -0.021684910461772
     0.035574529101723    -0.021684910461772    -0.019563048743976
49 64
     0.005100415756942     0.009146978118224     0.009146978118224
     0.009146978118224     0.005100415756942    -0.009146978118224
     0.009146978118224    -0.009146978118224     0.005100415756942
50 1
    -0.197889187410283    -0.203163101105019     0.061054110119585
    -0.203163101105019    -0.197889187410283     0.061054110119585
    -0.061054110119585    -0.061054110119585     0.325400609136750
50 2
    -0.197889187410283     0.203163101105019     0.061054110119585
     0.203163101105019    -0.197889187410283    -0.061054110119585
    -0.061054110119585     0.061054110119585     0.325400609136750
50 3
    -0.197889187410283     0.203163101105019    -0.061054110119585
     0.203163101105019    -0.197889187410283     0.061054110119585
     0.061054110119585    -0.061054110119585     0.325400609136750
50 4
    -0.197889187410283    -0.203163101105019    -0.061054110119585
    -0.203163101105019    -0.197889187410283    -0.061054110119585
     0.061054110119585     0.061054110119585     0.325400609136750
50 5
    -0.028598700163229     0.039918368565850     0.012401695039443
     0.039918368565850    -0.028598700163229     0.012401695039443
    -0.012401695039443    -0.012401695039443     0.006056474586558
50 6
    -0.028598700163229    -0.039918368565850     0.012401695039443
    -0.039918368565850    -0.028598700163229    -0.012401695039443
    -0.012401695039443     0.012401695039443     0.006056474586558
50 7
    -0.028598700163229    -0.039918368565850    -0.012401695039443
    -0.039918368565850    -0.028598700163229     0.012401695039443
     0.012401695039443    -0.012401695039443     0.006056474586558
50 8
    -0.028598700163229     0.039918368565850    -0.012401695039443
     0.039918368565850    -0.028598700163229    -0.012401695039443
     0.012401695039443     0.012401695039443     0.006056474586558
50 9
    -2.936375630241627     1.981126959435642    -1.981126959435641
     1.981126959435641    -2.936375630241628     1.981126959435641
    -1.981126959435642     1.981126959435642    -2.936375630241628
50 10
     0.005073655330534     0.034618866084202    -0.034618866084202
     0.034618866084202     0.065669057795503     0.028412563915481
    -0.034618866084202     0.028412563915481     0.065669057795503
50 11
     0.065669057795503     0.034618866084202    -0.028412563915481
     0.034618866084202     0.005073655330534     0.034618866084202
    -0.028412563915481     0.034618866084202     0.065669057795503
50 12
    -0.019563048743976     0.021684910461772    -0.035574529101723
     0.021684910461772    -0.019563048743976     0.035574529101723
    -0.035574529101723     0.035574529101723    -0.116302803661483
50 13
     0.065669057795503     0.028412563915481    -0.034618866084202
     0.028412563915481     0.065669057795503     0.034618866084202
    -0.034618866084202     0.034618866084202     0.005073655330534
50 14
    -0.019563048743976     0.035574529101723    -0.021684910461772
     0.035574529101723    -0.116302803661483     0.035574529101723
    -0.021684910461772     0.035574529101723    -0.019563048743976
50 15
    -0.116302803661483     0.035574529101723    -0.035574529101723
     0.035574529101723    -0.019563048743976     0.021684910461772
    -0.035574529101723     0.021684910461772    -0.019563048743976
50 16
     0.005100415756942     0.009146978118224    -0.009146978118224
     0.009146978118224     0.005100415756942     0.009146978118224
    -0.009146978118224     0.009146978118224     0.005100415756942
50 17
    -0.197889187410283     0.061054110119585    -0.203163101105019
    -0.061054110119585     0.325400609136750    -0.061054110119585
    -0.203163101105019     0.061054110119585    -0.197889187410283
50 18
    -0.197889187410283     0.061054110119585     0.203163101105019
    -0.061054110119585     0.325400609136750     0.061054110119585
     0.203163101105019    -0.061054110119585    -0.197889187410283
50 19
    -0.028598700163229     0.012401695039443     0.039918368565850
    -0.012401695039443     0.006056474586558    -0.012401695039443
     0.039918368565850     0.012401695039443    -0.028598700163229
50 20
    -0.028598700163229     0.012401695039443    -0.039918368565850
    -0.012401695039443     0.006056474586558     0.012401695039443
    -0.039918368565850    -0.012401695039443    -0.028598700163229
50 21
    -0.197889187410283    -0.061054110119585     0.203163101105019
     0.061054110119585     0.325400609136750    -0.061054110119585
     0.203163101105019     0.061054110119585    -0.197889187410283
50 22
    -0.197889187410283    -0.061054110119585    -0.203163101105019
     0.061054110119585     0.325400609136750     0.061054110119585
    -0.203163101105020    -0.061054110119585    -0.197889187410283
50 23
    -0.028598700163229    -0.012401695039443    -0.039918368565850
     0.012401695039443     0.006056474586558    -0.012401695039443
    -0.039918368565850     0.012401695039443    -0.028598700163229
50 24
    -0.028598700163229    -0.012401695039443     0.039918368565850
     0.012401695039443     0.006056474586558     0.012401695039443
     0.039918368565850    -0.012401695039443    -0.028598700163229
50 25
    -2.936375630241628    -1.981126959435641     1.981126959435641
    -1.981126959435642    -2.936375630241626     1.981126959435641
     1.981126959435642     1.981126959435642    -2.936375630241628
50 26
     0.005073655330534    -0.034618866084202     0.034618866084202
    -0.034618866084202     0.065669057795503     0.028412563915481
     0.034618866084202     0.028412563915481     0.065669057795503
50 27
     0.065669057795503    -0.034618866084202     0.028412563915481
    -0.034618866084202     0.005073655330534     0.034618866084202
     0.028412563915481     0.034618866084202     0.065669057795503
50 28
    -0.019563048743976    -0.021684910461772     0.035574529101723
    -0.021684910461772    -0.019563048743976     0.035574529101723
     0.035574529101723     0.035574529101723    -0.116302803661483
50 29
     0.065669057795503    -0.028412563915481     0.034618866084202
    -0.028412563915481     0.065669057795503     0.034618866084202
     0.034618866084202     0.034618866084202     0.005073655330534
50 30
    -0.019563048743976    -0.035574529101723     0.021684910461772
    -0.035574529101723    -0.116302803661483     0.035574529101723
     0.021684910461772     0.035574529101723    -0.019563048743976
50 31
    -0.116302803661483    -0.035574529101723     0.035574529101723
    -0.035574529101723    -0.019563048743976     0.021684910461772
     0.035574529101723     0.021684910461772    -0.019563048743976
50 32
     0.005100415756942    -0.009146978118224     0.009146978118224
    -0.009146978118224     0.005100415756942     0.009146978118224
     0.009146978118224     0.009146978118224     0.005100415756942
50 33
     0.006056474586558    -0.012401695039443    -0.012401695039443
     0.012401695039443    -0.028598700163229     0.039918368565850
     0.012401695039443     0.039918368565850    -0.028598700163229
50 34
     0.325400609136750    -0.061054110119585    -0.061054110119585
     0.061054110119585    -0.197889187410283    -0.203163101105019
     0.061054110119585    -0.203163101105019    -0.197889187410283
50 35
     0.006056474586558    -0.012401695039443     0.012401695039443
     0.012401695039443    -0.028598700163229    -0.039918368565850
    -0.012401695039443    -0.039918368565850    -0.028598700163229
50 36
     0.325400609136750    -0.061054110119585     0.061054110119585
     0.061054110119585    -0.197889187410283     0.203163101105019
    -0.061054110119585     0.203163101105019    -0.197889187410283
50 37
     0.006056474586558     0.012401695039443    -0.012401695039443
    -0.012401695039443    -0.028598700163229    -0.039918368565850
     0.012401695039443    -0.039918368565850    -0.028598700163229
50 38
     0.325400609136750     0.061054110119585    -0.061054110119585
    -0.061054110119585    -0.197889187410283     0.203163101105019
     0.061054110119585     0.203163101105019    -0.197889187410283
50 39
     0.006056474586558     0.012401695039443     0.012401695039443
    -0.012401695039443    -0.028598700163229     0.039918368565850
    -0.012401695039443     0.039918368565850    -0.028598700163229
50 40
     0.325400609136750     0.061054110119585     0.061054110119585
    -0.061054110119585    -0.197889187410283    -0.203163101105019
    -0.061054110119585    -0.203163101105019    -0.197889187410283
50 41
     0.005073655330534    -0.034618866084202    -0.034618866084202
    -0.034618866084202     0.065669057795503    -0.028412563915481
    -0.034618866084202    -0.028412563915481     0.065669057795503
50 42
    -2.936375630241627    -1.981126959435641    -1.981126959435642
    -1.981126959435641    -2.936375630241626    -1.981126959435642
    -1.981126959435642    -1.981126959435642    -2.936375630241629
50 43
    -0.019563048743976    -0.021684910461772    -0.035574529101723
    -0.021684910461772    -0.019563048743976    -0.035574529101723
    -0.035574529101723    -0.035574529101723    -0.116302803661483
50 44
     0.065669057795503    -0.034618866084202    -0.028412563915481
    -0.034618866084202     0.005073655330534    -0.034618866084202
    -0.028412563915481    -0.034618866084202     0.065669057795503
50 45
    -0.019563048743976    -0.035574529101723    -0.021684910461772
    -0.035574529101723    -0.116302803661483    -0.035574529101723
    -0.021684910461772    -0.035574529101723    -0.019563048743976
50 46
     0.065669057795503    -0.028412563915481    -0.034618866084202
    -0.028412563915481     0.065669057795503    -0.034618866084202
    -0.034618866084202    -0.034618866084202     0.005073655330534
50 47
     0.005100415756942    -0.009146978118224    -0.009146978118224
    -0.009146978118224     0.005100415756942    -0.009146978118224
    -0.009146978118224    -0.009146978118224     0.005100415756942
50 48
    -0.116302803661483    -0.035574529101723    -0.035574529101723
    -0.035574529101723    -0.019563048743976    -0.021684910461772
    -0.035574529101723    -0.021684910461772    -0.019563048743976
50 49
    -0.033382157715778     0.000000000000000    -0.000000000000000
     0.000000000000000    -0.061525177596877     0.000000000000000
     0.000000000000000    -0.000000000000000    -0.061525177596877
50 50
    12.253916845503451    -0.000000000000000    -0.000000000000000
    -0.000000000000000    12.253916845503451     0.000000000000000
    -0.000000000000000     0.000000000000000    12.253916845503454
50 51
    -0.011262453489280    -0.000000000000000     0.000000000000000
     0.000000000000000    -0.011262453489280    -0.000000000000000
    -0.000000000000000    -0.000000000000000     0.217939354325836
50 52
    -0.061525177596877    -0.000000000000000     0.000000000000000
     0.000000000000000    -0.033382157715778     0.000000000000000
    -0.000000000000000    -0.000000000000000    -0.061525177596877
50 53
    -0.011262453489280    -0.000000000000000    -0.000000000000000
     0.000000000000000     0.217939354325836     0.000000000000000
    -0.000000000000000    -0.000000000000000    -0.011262453489280
50 54
    -0.061525177596877    -0.000000000000000    -0.000000000000000
     0.000000000000000    -0.061525177596877    -0.000000000000000
     0.000000000000000    -0.000000000000000    -0.033382157715778
50 55
    -0.005654635396013    -0.000000000000000     0.000000000000000
     0.000000000000000    -0.005654635396013     0.000000000000000
    -0.000000000000000    -0.000000000000000    -0.005654635396013
50 56
     0.217939354325836     0.000000000000000     0.000000000000000
     0.000000000000000    -0.011262453489280     0.000000000000000
    -0.000000000000000    -0.000000000000000    -0.011262453489280
50 57
     0.005073655330534     0.034618866084202     0.034618866084202
     0.034618866084202     0.065669057795503    -0.028412563915481
     0.034618866084202    -0.028412563915481     0.065669057795503
50 58
    -2.936375630241627     1.981126959435641     1.981126959435642
     1.981126959435641    -2.936375630241627    -1.981126959435642
     1.981126959435642    -1.981126959435642    -2.936375630241629
50 59
    -0.019563048743976     0.021684910461772     0.035574529101723
     0.021684910461772    -0.019563048743976    -0.035574529101723
     0.035574529101723    -0.035574529101723    -0.116302803661483
50 60
     0.065669057795503     0.034618866084202     0.028412563915481
     0.034618866084202     0.005073655330534    -0.034618866084202
     0.028412563915481    -0.034618866084202     0.065669057795503
50 61
    -0.019563048743976     0.035574529101723     0.021684910461772
     0.035574529101723    -0.116302803661483    -0.035574529101723
     0.021684910461772    -0.035574529101723    -0.019563048743976
50 62
     0.065669057795503     0.028412563915481     0.034618866084202
     0.028412563915481     0.065669057795503    -0.034618866084202
     0.034618866084202    -0.034618866084202     0.005073655330534
50 63
     0.005100415756942     0.009146978118224     0.009146978118224
     0.009146978118224     0.005100415756942    -0.009146978118224
     0.009146978118224    -0.009146978118224     0.005100415756942
50 64
    -0.116302803661483     0.035574529101723     0.035574529101723
     0.035574529101723    -0.019563048743976    -0.021684910461772
     0.035574529101723    -0.021684910461772    -0.019563048743976
51 1
    -0.197889187410283    -0.203163101105019    -0.061054110119585
    -0.203163101105019    -0.197889187410283    -0.061054110119585
     0.061054110119585     0.061054110119585     0.325400609136750
51 2
    -0.197889187410283     0.203163101105019    -0.061054110119585
     0.203163101105020    -0.197889187410283     0.061054110119585
     0.061054110119585    -0.061054110119585     0.325400609136750
51 3
    -0.197889187410283     0.203163101105019     0.061054110119585
     0.203163101105019    -0.197889187410283    -0.061054110119585
    -0.061054110119585     0.061054110119585     0.325400609136750
51 4
    -0.197889187410283    -0.203163101105019     0.061054110119585
    -0.203163101105020    -0.197889187410283     0.061054110119585
    -0.061054110119585    -0.061054110119585     0.325400609136750
51 5
    -0.028598700163229     0.039918368565850    -0.012401695039443
     0.039918368565850    -0.028598700163229    -0.012401695039443
     0.012401695039443     0.012401695039443     0.006056474586558
51 6
    -0.028598700163229    -0.039918368565850    -0.012401695039443
    -0.039918368565850    -0.028598700163229     0.012401695039443
     0.012401695039443    -0.012401695039443     0.006056474586558
51 7
    -0.028598700163229    -0.039918368565850     0.012401695039443
    -0.039918368565850    -0.028598700163229    -0.012401695039443
    -0.012401695039443     0.012401695039443     0.006056474586558
51 8
    -0.028598700163229     0.039918368565850     0.012401695039443
     0.039918368565850    -0.028598700163229     0.012401695039443
    -0.012401695039443    -0.012401695039443     0.006056474586558
51 9
    -0.019563048743976     0.021684910461772    -0.035574529101723
     0.021684910461772    -0.019563048743976     0.035574529101723
    -0.035574529101723     0.035574529101723    -0.116302803661483
51 10
     0.065669057795503     0.034618866084202    -0.028412563915481
     0.034618866084202     0.005073655330534     0.034618866084202
    -0.028412563915481     0.034618866084202     0.065669057795503
51 11
     0.005073655330534     0.034618866084202    -0.034618866084202
     0.034618866084202     0.065669057795503     0.028412563915481
    -0.034618866084202     0.028412563915481     0.065669057795503
51 12
    -2.936375630241628     1.981126959435641    -1.981126959435641
     1.981126959435642    -2.936375630241628     1.981126959435642
    -1.981126959435642     1.981126959435641    -2.936375630241627
51 13
     0.005100415756942     0.009146978118224    -0.009146978118224
     0.009146978118224     0.005100415756942     0.009146978118224
    -0.009146978118224     0.009146978118224     0.005100415756942
51 14
    -0.116302803661483     0.035574529101723    -0.035574529101723
     0.035574529101723    -0.019563048743976     0.021684910461772
    -0.035574529101723     0.021684910461772    -0.019563048743976
51 15
    -0.019563048743976     0.035574529101723    -0.021684910461772
     0.035574529101723    -0.116302803661483     0.035574529101723
    -0.021684910461772     0.035574529101723    -0.019563048743976
51 16
     0.065669057795503     0.028412563915481    -0.034618866084202
     0.028412563915481     0.065669057795503     0.034618866084202
    -0.034618866084202     0.034618866084202     0.005073655330534
51 17
    -0.028598700163229     0.012401695039443    -0.039918368565850
    -0.012401695039443     0.006056474586558     0.012401695039443
    -0.039918368565850    -0.012401695039443    -0.028598700163229
51 18
    -0.028598700163229     0.012401695039443     0.039918368565850
    -0.012401695039443     0.006056474586558    -0.012401695039443
     0.039918368565850     0.012401695039443    -0.028598700163229
51 19
    -0.197889187410283     0.061054110119585     0.203163101105019
    -0.061054110119585     0.325400609136750     0.061054110119585
     0.203163101105019    -0.061054110119585    -0.197889187410283
51 20
    -0.197889187410283     0.061054110119585    -0.203163101105019
    -0.061054110119585     0.325400609136750    -0.061054110119585
    -0.203163101105019     0.061054110119585    -0.197889187410283
51 21
    -0.028598700163229    -0.012401695039443     0.039918368565850
     0.012401695039443     0.006056474586558     0.012401695039443
     0.039918368565850    -0.012401695039443    -0.028598700163229
51 22
    -0.028598700163229    -0.012401695039443    -0.039918368565850
     0.012401695039443     0.006056474586558    -0.012401695039443
    -0.039918368565850     0.012401695039443    -0.028598700163229
51 23
    -0.197889187410283    -0.061054110119585    -0.203163101105019
     0.061054110119585     0.325400609136750     0.061054110119585
    -0.203163101105019    -0.061054110119585    -0.197889187410283
51 24
    -0.197889187410283    -0.061054110119585     0.203163101105019
     0.061054110119585     0.325400609136750    -0.061054110119585
     0.203163101105019     0.061054110119585    -0.197889187410283
51 25
    -0.019563048743976    -0.021684910461772     0.035574529101723
    -0.021684910461772    -0.019563048743976     0.035574529101723
     0.035574529101723     0.035574529101723    -0.116302803661483
51 26
     0.065669057795503    -0.034618866084202     0.028412563915481
    -0.034618866084202     0.005073655330534     0.034618866084202
     0.028412563915481     0.034618866084202     0.065669057795503
51 27
     0.005073655330534    -0.034618866084202     0.034618866084202
    -0.034618866084202     0.065669057795503     0.028412563915481
     0.034618866084202     0.028412563915481     0.065669057795503
51 28
    -2.936375630241627    -1.981126959435641     1.981126959435642
    -1.981126959435642    -2.936375630241628     1.981126959435642
     1.981126959435641     1.981126959435641    -2.936375630241628
51 29
     0.005100415756942    -0.009146978118224     0.009146978118224
    -0.009146978118224     0.005100415756942     0.009146978118224
     0.009146978118224     0.009146978118224     0.005100415756942
51 30
    -0.116302803661483    -0.035574529101723     0.035574529101723
    -0.035574529101723    -0.019563048743976     0.021684910461772
     0.035574529101723     0.021684910461772    -0.019563048743976
51 31
    -0.019563048743976    -0.035574529101723     0.021684910461772
    -0.035574529101723    -0.116302803661483     0.035574529101723
     0.021684910461772     0.035574529101723    -0.019563048743976
51 32
     0.065669057795503    -0.028412563915481     0.034618866084202
    -0.028412563915481     0.065669057795503     0.034618866084202
     0.034618866084202     0.034618866084202     0.005073655330534
51 33
     0.325400609136750    -0.061054110119585     0.061054110119585
     0.061054110119585    -0.197889187410283     0.203163101105020
    -0.061054110119585     0.203163101105019    -0.197889187410283
51 34
     0.006056474586558    -0.012401695039443     0.012401695039443
     0.012401695039443    -0.028598700163229    -0.039918368565850
    -0.012401695039443    -0.039918368565850    -0.028598700163229
51 35
     0.325400609136750    -0.061054110119585    -0.061054110119585
     0.061054110119585    -0.197889187410283    -0.203163101105020
     0.061054110119585    -0.203163101105019    -0.197889187410283
51 36
     0.006056474586558    -0.012401695039443    -0.012401695039443
     0.012401695039443    -0.028598700163229     0.039918368565850
     0.012401695039443     0.039918368565850    -0.028598700163229
51 37
     0.325400609136750     0.061054110119585     0.061054110119585
    -0.061054110119585    -0.197889187410283    -0.203163101105019
    -0.061054110119585    -0.203163101105019    -0.197889187410283
51 38
     0.006056474586558     0.012401695039443     0.012401695039443
    -0.012401695039443    -0.028598700163229     0.039918368565850
    -0.012401695039443     0.039918368565850    -0.028598700163229
51 39
     0.325400609136750     0.061054110119585    -0.061054110119585
    -0.061054110119585    -0.197889187410283     0.203163101105019
     0.061054110119585     0.203163101105019    -0.197889187410283
51 40
     0.006056474586558     0.012401695039443    -0.012401695039443
    -0.012401695039443    -0.028598700163229    -0.039918368565850
     0.012401695039443    -0.039918368565850    -0.028598700163229
51 41
     0.065669057795503    -0.034618866084202    -0.028412563915481
    -0.034618866084202     0.005073655330534    -0.034618866084202
    -0.028412563915481    -0.034618866084202     0.065669057795503
51 42
    -0.019563048743976    -0.021684910461772    -0.035574529101723
    -0.021684910461772    -0.019563048743976    -0.035574529101723
    -0.035574529101723    -0.035574529101723    -0.116302803661483
51 43
    -2.936375630241628    -1.981126959435641    -1.981126959435641
    -1.981126959435642    -2.936375630241628    -1.981126959435642
    -1.981126959435642    -1.981126959435641    -2.936375630241626
51 44
     0.005073655330534    -0.034618866084202    -0.034618866084202
    -0.034618866084202     0.065669057795503    -0.028412563915481
    -0.034618866084202    -0.028412563915481     0.065669057795503
51 45
    -0.116302803661483    -0.035574529101723    -0.035574529101723
    -0.035574529101723    -0.019563048743976    -0.021684910461772
    -0.035574529101723    -0.021684910461772    -0.019563048743976
51 46
     0.005100415756942    -0.009146978118224    -0.009146978118224
    -0.009146978118224     0.005100415756942    -0.009146978118224
    -0.009146978118224    -0.009146978118224     0.005100415756942
51 47
     0.065669057795503    -0.028412563915481    -0.034618866084202
    -0.028412563915481     0.065669057795503    -0.034618866084202
    -0.034618866084202    -0.034618866084202     0.005073655330534
51 48
    -0.019563048743976    -0.035574529101723    -0.021684910461772
    -0.035574529101723    -0.116302803661483    -0.035574529101723
    -0.021684910461772    -0.035574529101723    -0.019563048743976
51 49
    -0.061525177596877     0.000000000000000    -0.000000000000000
    -0.000000000000000    -0.033382157715778    -0.000000000000000
     0.000000000000000    -0.000000000000000    -0.061525177596877
51 50
    -0.011262453489280     0.000000000000000    -0.000000000000000
    -0.000000000000000    -0.011262453489280    -0.000000000000000
     0.000000000000000    -0.000000000000000     0.217939354325836
51 51
    12.253916845503454    -0.000000000000000     0.000000000000000
    -0.000000000000000    12.253916845503454    -0.000000000000000
     0.000000000000000    -0.000000000000000    12.253916845503452
51 52
    -0.033382157715778     0.000000000000000    -0.000000000000000
    -0.000000000000000    -0.061525177596877    -0.000000000000000
     0.000000000000000    -0.000000000000000    -0.061525177596877
51 53
     0.217939354325836     0.000000000000000    -0.000000000000000
     0.000000000000000    -0.011262453489280     0.000000000000000
     0.000000000000000    -0.000000000000000    -0.011262453489280
51 54
    -0.005654635396013     0.000000000000000    -0.000000000000000
     0.000000000000000    -0.005654635396013    -0.000000000000000
     0.000000000000000    -0.000000000000000    -0.005654635396013
51 55
    -0.061525177596877    -0.000000000000000    -0.000000000000000
     0.000000000000000    -0.061525177596877     0.000000000000000
     0.000000000000000    -0.000000000000000    -0.033382157715778
51 56
    -0.011262453489280     0.000000000000000    -0.000000000000000
     0.000000000000000     0.217939354325836     0.000000000000000
     0.000000000000000    -0.000000000000000    -0.011262453489280
51 57
     0.065669057795503     0.034618866084202     0.028412563915481
     0.034618866084202     0.005073655330534    -0.034618866084202
     0.028412563915481    -0.034618866084202     0.065669057795503
51 58
    -0.019563048743976     0.021684910461772     0.035574529101723
     0.021684910461772    -0.019563048743976    -0.035574529101723
     0.035574529101723    -0.035574529101723    -0.116302803661483
51 59
    -2.936375630241627     1.981126959435641     1.981126959435642
     1.981126959435642    -2.936375630241628    -1.981126959435642
     1.981126959435641    -1.981126959435641    -2.936375630241628
51 60
     0.005073655330534     0.034618866084202     0.034618866084202
     0.034618866084202     0.065669057795503    -0.028412563915481
     0.034618866084202    -0.028412563915481     0.065669057795503
51 61
    -0.116302803661483     0.035574529101723     0.035574529101723
     0.035574529101723    -0.019563048743976    -0.021684910461772
     0.035574529101723    -0.021684910461772    -0.019563048743976
51 62
     0.005100415756942     0.009146978118224     0.009146978118224
     0.009146978118224     0.005100415756942    -0.009146978118224
     0.009146978118224    -0.009146978118224     0.005100415756942
51 63
     0.065669057795503     0.028412563915481     0.034618866084202
     0.028412563915481     0.065669057795503    -0.034618866084202
     0.034618866084202    -0.034618866084202     0.005073655330534
51 64
    -0.019563048743976     0.035574529101723     0.021684910461772
     0.035574529101723    -0.116302803661483    -0.035574529101723
     0.021684910461772    -0.035574529101723    -0.019563048743976
52 1
    -0.197889187410283     0.203163101105020    -0.061054110119585
     0.203163101105019    -0.197889187410283     0.061054110119585
     0.061054110119585    -0.061054110119585     0.325400609136750
52 2
    -0.197889187410283    -0.203163101105019    -0.061054110119585
    -0.203163101105019    -0.197889187410283    -0.061054110119585
     0.061054110119585     0.061054110119585     0.325400609136750
52 3
    -0.197889187410283    -0.203163101105020     0.061054110119585
    -0.203163101105019    -0.197889187410283     0.061054110119585
    -0.061054110119585    -0.061054110119585     0.325400609136750
52 4
    -0.197889187410283     0.203163101105019     0.061054110119585
     0.203163101105019    -0.197889187410283    -0.061054110119585
    -0.061054110119585     0.061054110119585     0.325400609136750
52 5
    -0.028598700163229    -0.039918368565850    -0.012401695039443
    -0.039918368565850    -0.028598700163229     0.012401695039443
     0.012401695039443    -0.012401695039443     0.006056474586558
52 6
    -0.028598700163229     0.039918368565850    -0.012401695039443
     0.039918368565850    -0.028598700163229    -0.012401695039443
     0.012401695039443     0.012401695039443     0.006056474586558
52 7
    -0.028598700163229     0.039918368565850     0.012401695039443
     0.039918368565850    -0.028598700163229     0.012401695039443
    -0.012401695039443    -0.012401695039443     0.006056474586558
52 8
    -0.028598700163229    -0.039918368565850     0.012401695039443
    -0.039918368565850    -0.028598700163229    -0.012401695039443
    -0.012401695039443     0.012401695039443     0.006056474586558
52 9
     0.065669057795503     0.034618866084202    -0.028412563915481
     0.034618866084202     0.005073655330534     0.034618866084202
    -0.028412563915481     0.034618866084202     0.065669057795503
52 10
    -0.019563048743976     0.021684910461772    -0.035574529101723
     0.021684910461772    -0.019563048743976     0.035574529101723
    -0.035574529101723     0.035574529101723    -0.116302803661483
52 11
    -2.936375630241629     1.981126959435642    -1.981126959435642
     1.981126959435642    -2.936375630241626     1.981126959435641
    -1.981126959435642     1.981126959435641    -2.936375630241627
52 12
     0.005073655330534     0.034618866084202    -0.034618866084202
     0.034618866084202     0.065669057795503     0.028412563915481
    -0.034618866084202     0.028412563915481     0.065669057795503
52 13
    -0.116302803661483     0.035574529101723    -0.035574529101723
     0.035574529101723    -0.019563048743976     0.021684910461772
    -0.035574529101723     0.021684910461772    -0.019563048743976
52 14
     0.005100415756942     0.009146978118224    -0.009146978118224
     0.009146978118224     0.005100415756942     0.009146978118224
    -0.009146978118224     0.009146978118224     0.005100415756942
52 15
     0.065669057795503     0.028412563915481    -0.034618866084202
     0.028412563915481     0.065669057795503     0.034618866084202
    -0.034618866084202     0.034618866084202     0.005073655330534
52 16
    -0.019563048743976     0.035574529101723    -0.021684910461772
     0.035574529101723    -0.116302803661483     0.035574529101723
    -0.021684910461772     0.035574529101723    -0.019563048743976
52 17
    -0.028598700163229     0.012401695039443     0.039918368565850
    -0.012401695039443     0.006056474586558    -0.012401695039443
     0.039918368565850     0.012401695039443    -0.028598700163229
52 18
    -0.028598700163229     0.012401695039443    -0.039918368565850
    -0.012401695039443     0.006056474586558     0.012401695039443
    -0.039918368565850    -0.012401695039443    -0.028598700163229
52 19
    -0.197889187410283     0.061054110119585    -0.203163101105020
    -0.061054110119585     0.325400609136750    -0.061054110119585
    -0.203163101105019     0.061054110119585    -0.197889187410283
52 20
    -0.197889187410283     0.061054110119585     0.203163101105019
    -0.061054110119585     0.325400609136750     0.061054110119585
     0.203163101105019    -0.061054110119585    -0.197889187410283
52 21
    -0.028598700163229    -0.012401695039443    -0.039918368565850
     0.012401695039443     0.006056474586558    -0.012401695039443
    -0.039918368565850     0.012401695039443    -0.028598700163229
52 22
    -0.028598700163229    -0.012401695039443     0.039918368565850
     0.012401695039443     0.006056474586558     0.012401695039443
     0.039918368565850    -0.012401695039443    -0.028598700163229
52 23
    -0.197889187410283    -0.061054110119585     0.203163101105019
     0.061054110119585     0.325400609136750    -0.061054110119585
     0.203163101105019     0.061054110119585    -0.197889187410283
52 24
    -0.197889187410283    -0.061054110119585    -0.203163101105020
     0.061054110119585     0.325400609136750     0.061054110119585
    -0.203163101105019    -0.061054110119585    -0.197889187410283
52 25
     0.065669057795503    -0.034618866084202     0.028412563915481
    -0.034618866084202     0.005073655330534     0.034618866084202
     0.028412563915481     0.034618866084202     0.065669057795503
52 26
    -0.019563048743976    -0.021684910461772     0.035574529101723
    -0.021684910461772    -0.019563048743976     0.035574529101723
     0.035574529101723     0.035574529101723    -0.116302803661483
52 27
    -2.936375630241628    -1.981126959435642     1.981126959435642
    -1.981126959435641    -2.936375630241628     1.981126959435641
     1.981126959435641     1.981126959435642    -2.936375630241627
52 28
     0.005073655330534    -0.034618866084202     0.034618866084202
    -0.034618866084202     0.065669057795503     0.028412563915481
     0.034618866084202     0.028412563915481     0.065669057795503
52 29
    -0.116302803661483    -0.035574529101723     0.035574529101723
    -0.035574529101723    -0.019563048743976     0.021684910461772
     0.035574529101723     0.021684910461772    -0.019563048743976
52 30
     0.005100415756942    -0.009146978118224     0.009146978118224
    -0.009146978118224     0.005100415756942     0.009146978118224
     0.009146978118224     0.009146978118224     0.005100415756942
52 31
     0.065669057795503    -0.028412563915481     0.034618866084202
    -0.028412563915481     0.065669057795503     0.034618866084202
     0.034618866084202     0.034618866084202     0.005073655330534
52 32
    -0.019563048743976    -0.035574529101723     0.021684910461772
    -0.035574529101723    -0.116302803661483     0.035574529101723
     0.021684910461772     0.035574529101723    -0.019563048743976
52 33
     0.006056474586558    -0.012401695039443     0.012401695039443
     0.012401695039443    -0.028598700163229    -0.039918368565850
    -0.012401695039443    -0.039918368565850    -0.028598700163229
52 34
     0.325400609136750    -0.061054110119585     0.061054110119585
     0.061054110119585    -0.197889187410283     0.203163101105019
    -0.061054110119585     0.203163101105019    -0.197889187410283
52 35
     0.006056474586558    -0.012401695039443    -0.012401695039443
     0.012401695039443    -0.028598700163229     0.039918368565850
     0.012401695039443     0.039918368565850    -0.028598700163229
52 36
     0.325400609136750    -0.061054110119585    -0.061054110119585
     0.061054110119585    -0.197889187410283    -0.203163101105019
     0.061054110119585    -0.203163101105019    -0.197889187410283
52 37
     0.006056474586558     0.012401695039443     0.012401695039443
    -0.012401695039443    -0.028598700163229     0.039918368565850
    -0.012401695039443     0.039918368565850    -0.028598700163229
52 38
     0.325400609136750     0.061054110119585     0.061054110119585
    -0.061054110119585    -0.197889187410283    -0.203163101105019
    -0.061054110119585    -0.203163101105019    -0.197889187410283
52 39
     0.006056474586558     0.012401695039443    -0.012401695039443
    -0.012401695039443    -0.028598700163229    -0.039918368565850
     0.012401695039443    -0.039918368565850    -0.028598700163229
52 40
     0.325400609136750     0.061054110119585    -0.061054110119585
    -0.061054110119585    -0.197889187410283     0.203163101105019
     0.061054110119585     0.203163101105019    -0.197889187410283
52 41
    -0.019563048743976    -0.021684910461772    -0.035574529101723
    -0.021684910461772    -0.019563048743976    -0.035574529101723
    -0.035574529101723    -0.035574529101723    -0.116302803661483
52 42
     0.065669057795503    -0.034618866084202    -0.028412563915481
    -0.034618866084202     0.005073655330534    -0.034618866084202
    -0.028412563915481    -0.034618866084202     0.065669057795503
52 43
     0.005073655330534    -0.034618866084202    -0.034618866084202
    -0.034618866084202     0.065669057795503    -0.028412563915481
    -0.034618866084202    -0.028412563915481     0.065669057795503
52 44
    -2.936375630241629    -1.981126959435642    -1.981126959435642
    -1.981126959435642    -2.936375630241627    -1.981126959435641
    -1.981126959435642    -1.981126959435641    -2.936375630241627
52 45
     0.005100415756942    -0.009146978118224    -0.009146978118224
    -0.009146978118224     0.005100415756942    -0.009146978118224
    -0.009146978118224    -0.009146978118224     0.005100415756942
52 46
    -0.116302803661483    -0.035574529101723    -0.035574529101723
    -0.035574529101723    -0.019563048743976    -0.021684910461772
    -0.035574529101723    -0.021684910461772    -0.019563048743976
52 47
    -0.019563048743976    -0.035574529101723    -0.021684910461772
    -0.035574529101723    -0.116302803661483    -0.035574529101723
    -0.021684910461772    -0.035574529101723    -0.019563048743976
52 48
     0.065669057795503    -0.028412563915481    -0.034618866084202
    -0.028412563915481     0.065669057795503    -0.034618866084202
    -0.034618866084202    -0.034618866084202     0.005073655330534
52 49
    -0.011262453489280     0.000000000000000    -0.000000000000000
    -0.000000000000000    -0.011262453489280    -0.000000000000000
     0.000000000000000    -0.000000000000000     0.217939354325836
52 50
    -0.061525177596877     0.000000000000000    -0.000000000000000
    -0.000000000000000    -0.033382157715778    -0.000000000000000
     0.000000000000000     0.000000000000000    -0.061525177596877
52 51
    -0.033382157715778    -0.000000000000000     0.000000000000000
     0.000000000000000    -0.061525177596877    -0.000000000000000
    -0.000000000000000    -0.000000000000000    -0.061525177596877
52 52
    12.253916845503458     0.000000000000000     0.000000000000001
     0.000000000000000    12.253916845503451     0.000000000000000
     0.000000000000001     0.000000000000000    12.253916845503451
52 53
    -0.005654635396013    -0.000000000000000    -0.000000000000000
     0.000000000000000    -0.005654635396013     0.000000000000000
     0.000000000000000     0.000000000000000    -0.005654635396013
52 54
     0.217939354325836    -0.000000000000000    -0.000000000000000
     0.000000000000000    -0.011262453489280    -0.000000000000000
     0.000000000000000     0.000000000000000    -0.011262453489280
52 55
    -0.011262453489280    -0.000000000000000     0.000000000000000
     0.000000000000000     0.217939354325836     0.000000000000000
     0.000000000000000    -0.000000000000000    -0.011262453489280
52 56
    -0.061525177596877     0.000000000000000     0.000000000000000
     0.000000000000000    -0.061525177596877    -0.000000000000000
     0.000000000000000     0.000000000000000    -0.033382157715778
52 57
    -0.019563048743976     0.021684910461772     0.035574529101723
     0.021684910461772    -0.019563048743976    -0.035574529101723
     0.035574529101723    -0.035574529101723    -0.116302803661483
52 58
     0.065669057795503     0.034618866084202     0.028412563915481
     0.034618866084202     0.005073655330534    -0.034618866084202
     0.028412563915481    -0.034618866084202     0.065669057795503
52 59
     0.005073655330534     0.034618866084202     0.034618866084202
     0.034618866084202     0.065669057795503    -0.028412563915481
     0.034618866084202    -0.028412563915481     0.065669057795503
52 60
    -2.936375630241628     1.981126959435642     1.981126959435642
     1.981126959435641    -2.936375630241628    -1.981126959435641
     1.981126959435641    -1.981126959435642    -2.936375630241627
52 61
     0.005100415756942     0.009146978118224     0.009146978118224
     0.009146978118224     0.005100415756942    -0.009146978118224
     0.009146978118224    -0.009146978118224     0.005100415756942
52 62
    -0.116302803661483     0.035574529101723     0.035574529101723
     0.035574529101723    -0.019563048743976    -0.021684910461772
     0.035574529101723    -0.021684910461772    -0.019563048743976
52 63
    -0.019563048743976     0.035574529101723     0.021684910461772
     0.035574529101723    -0.116302803661483    -0.035574529101723
     0.021684910461772    -0.035574529101723    -0.019563048743976
52 64
     0.065669057795503     0.028412563915481     0.034618866084202
     0.028412563915481     0.065669057795503    -0.034618866084202
     0.034618866084202    -0.034618866084202     0.005073655330534
53 1
    -0.028598700163229    -0.039918368565850     0.012401695039443
    -0.039918368565850    -0.028598700163229    -0.012401695039443
    -0.012401695039443     0.012401695039443     0.006056474586558
53 2
    -0.028598700163229     0.039918368565850     0.012401695039443
     0.039918368565850    -0.028598700163229     0.012401695039443
    -0.012401695039443    -0.012401695039443     0.006056474586558
53 3
    -0.028598700163229     0.039918368565850    -0.012401695039443
     0.039918368565850    -0.028598700163229    -0.012401695039443
     0.012401695039443     0.012401695039443     0.006056474586558
53 4
    -0.028598700163229    -0.039918368565850    -0.012401695039443
    -0.039918368565850    -0.028598700163229     0.012401695039443
     0.012401695039443    -0.012401695039443     0.006056474586558
53 5
    -0.197889187410283     0.203163101105019     0.061054110119585
     0.203163101105019    -0.197889187410283    -0.061054110119585
    -0.061054110119585     0.061054110119585     0.325400609136750
53 6
    -0.197889187410283    -0.203163101105019     0.061054110119585
    -0.203163101105019    -0.197889187410283     0.061054110119585
    -0.061054110119585    -0.061054110119585     0.325400609136750
53 7
    -0.197889187410283    -0.203163101105019    -0.061054110119585
    -0.203163101105019    -0.197889187410283    -0.061054110119585
     0.061054110119585     0.061054110119585     0.325400609136750
53 8
    -0.197889187410283     0.203163101105019    -0.061054110119585
     0.203163101105019    -0.197889187410283     0.061054110119585
     0.061054110119585    -0.061054110119585     0.325400609136750
53 9
    -0.019563048743976     0.035574529101723    -0.021684910461772
     0.035574529101723    -0.116302803661483     0.035574529101723
    -0.021684910461772     0.035574529101723    -0.019563048743976
53 10
     0.065669057795503     0.028412563915481    -0.034618866084202
     0.028412563915481     0.065669057795503     0.034618866084202
    -0.034618866084202     0.034618866084202     0.005073655330534
53 11
     0.005100415756942     0.009146978118224    -0.009146978118224
     0.009146978118224     0.005100415756942     0.009146978118224
    -0.009146978118224     0.009146978118224     0.005100415756942
53 12
    -0.116302803661483     0.035574529101723    -0.035574529101723
     0.035574529101723    -0.019563048743976     0.021684910461772
    -0.035574529101723     0.021684910461772    -0.019563048743976
53 13
     0.005073655330534     0.034618866084202    -0.034618866084202
     0.034618866084202     0.065669057795503     0.028412563915481
    -0.034618866084202     0.028412563915481     0.065669057795503
53 14
    -2.936375630241628     1.981126959435641    -1.981126959435641
     1.981126959435642    -2.936375630241627     1.981126959435641
    -1.981126959435642     1.981126959435642    -2.936375630241628
53 15
    -0.019563048743976     0.021684910461772    -0.035574529101723
     0.021684910461772    -0.019563048743976     0.035574529101723
    -0.035574529101723     0.035574529101723    -0.116302803661483
53 16
     0.065669057795503     0.034618866084202    -0.028412563915481
     0.034618866084202     0.005073655330534     0.034618866084202
    -0.028412563915481     0.034618866084202     0.065669057795503
53 17
    -0.197889187410283    -0.061054110119585    -0.203163101105019
     0.061054110119585     0.325400609136750     0.061054110119585
    -0.203163101105019    -0.061054110119585    -0.197889187410283
53 18
    -0.197889187410283    -0.061054110119585     0.203163101105019
     0.061054110119585     0.325400609136750    -0.061054110119585
     0.203163101105019     0.061054110119585    -0.197889187410283
53 19
    -0.028598700163229    -0.012401695039443     0.039918368565850
     0.012401695039443     0.006056474586558     0.012401695039443
     0.039918368565850    -0.012401695039443    -0.028598700163229
53 20
    -0.028598700163229    -0.012401695039443    -0.039918368565850
     0.012401695039443     0.006056474586558    -0.012401695039443
    -0.039918368565850     0.012401695039443    -0.028598700163229
53 21
    -0.197889187410283     0.061054110119585     0.203163101105019
    -0.061054110119585     0.325400609136750     0.061054110119585
     0.203163101105019    -0.061054110119585    -0.197889187410283
53 22
    -0.197889187410283     0.061054110119585    -0.203163101105019
    -0.061054110119585     0.325400609136750    -0.061054110119585
    -0.203163101105020     0.061054110119585    -0.197889187410283
53 23
    -0.028598700163229     0.012401695039443    -0.039918368565850
    -0.012401695039443     0.006056474586558     0.012401695039443
    -0.039918368565850    -0.012401695039443    -0.028598700163229
53 24
    -0.028598700163229     0.012401695039443     0.039918368565850
    -0.012401695039443     0.006056474586558    -0.012401695039443
     0.039918368565850     0.012401695039443    -0.028598700163229
53 25
    -0.019563048743976    -0.035574529101723     0.021684910461772
    -0.035574529101723    -0.116302803661483     0.035574529101723
     0.021684910461772     0.035574529101723    -0.019563048743976
53 26
     0.065669057795503    -0.028412563915481     0.034618866084202
    -0.028412563915481     0.065669057795503     0.034618866084202
     0.034618866084202     0.034618866084202     0.005073655330534
53 27
     0.005100415756942    -0.009146978118224     0.009146978118224
    -0.009146978118224     0.005100415756942     0.009146978118224
     0.009146978118224     0.009146978118224     0.005100415756942
53 28
    -0.116302803661483    -0.035574529101723     0.035574529101723
    -0.035574529101723    -0.019563048743976     0.021684910461772
     0.035574529101723     0.021684910461772    -0.019563048743976
53 29
     0.005073655330534    -0.034618866084202     0.034618866084202
    -0.034618866084202     0.065669057795503     0.028412563915481
     0.034618866084202     0.028412563915481     0.065669057795503
53 30
    -2.936375630241628    -1.981126959435641     1.981126959435641
    -1.981126959435642    -2.936375630241627     1.981126959435641
     1.981126959435642     1.981126959435642    -2.936375630241628
53 31
    -0.019563048743976    -0.021684910461772     0.035574529101723
    -0.021684910461772    -0.019563048743976     0.035574529101723
     0.035574529101723     0.035574529101723    -0.116302803661483
53 32
     0.065669057795503    -0.034618866084202     0.028412563915481
    -0.034618866084202     0.005073655330534     0.034618866084202
     0.028412563915481     0.034618866084202     0.065669057795503
53 33
     0.325400609136750     0.061054110119585    -0.061054110119585
    -0.061054110119585    -0.197889187410283     0.203163101105019
     0.061054110119585     0.203163101105019    -0.197889187410283
53 34
     0.006056474586558     0.012401695039443    -0.012401695039443
    -0.012401695039443    -0.028598700163229    -0.039918368565850
     0.012401695039443    -0.039918368565850    -0.028598700163229
53 35
     0.325400609136750     0.061054110119585     0.061054110119585
    -0.061054110119585    -0.197889187410283    -0.203163101105019
    -0.061054110119585    -0.203163101105019    -0.197889187410283
53 36
     0.006056474586558     0.012401695039443     0.012401695039443
    -0.012401695039443    -0.028598700163229     0.039918368565850
    -0.012401695039443     0.039918368565850    -0.028598700163229
53 37
     0.325400609136750    -0.061054110119585    -0.061054110119585
     0.061054110119585    -0.197889187410283    -0.203163101105019
     0.061054110119585    -0.203163101105020    -0.197889187410283
53 38
     0.006056474586558    -0.012401695039443    -0.012401695039443
     0.012401695039443    -0.028598700163229     0.039918368565850
     0.012401695039443     0.039918368565850    -0.028598700163229
53 39
     0.325400609136750    -0.061054110119585     0.061054110119585
     0.061054110119585    -0.197889187410283     0.203163101105019
    -0.061054110119585     0.203163101105020    -0.197889187410283
53 40
     0.006056474586558    -0.012401695039443     0.012401695039443
     0.012401695039443    -0.028598700163229    -0.039918368565850
    -0.012401695039443    -0.039918368565850    -0.028598700163229
53 41
     0.065669057795503    -0.028412563915481    -0.034618866084202
    -0.028412563915481     0.065669057795503    -0.034618866084202
    -0.034618866084202    -0.034618866084202     0.005073655330534
53 42
    -0.019563048743976    -0.035574529101723    -0.021684910461772
    -0.035574529101723    -0.116302803661483    -0.035574529101723
    -0.021684910461772    -0.035574529101723    -0.019563048743976
53 43
    -0.116302803661483    -0.035574529101723    -0.035574529101723
    -0.035574529101723    -0.019563048743976    -0.021684910461772
    -0.035574529101723    -0.021684910461772    -0.019563048743976
53 44
     0.005100415756942    -0.009146978118224    -0.009146978118224
    -0.009146978118224     0.005100415756942    -0.009146978118224
    -0.009146978118224    -0.009146978118224     0.005100415756942
53 45
    -2.936375630241626    -1.981126959435642    -1.981126959435641
    -1.981126959435641    -2.936375630241628    -1.981126959435641
    -1.981126959435642    -1.981126959435642    -2.936375630241628
53 46
     0.005073655330534    -0.034618866084202    -0.034618866084202
    -0.034618866084202     0.065669057795503    -0.028412563915481
    -0.034618866084202    -0.028412563915481     0.065669057795503
53 47
     0.065669057795503    -0.034618866084202    -0.028412563915481
    -0.034618866084202     0.005073655330534    -0.034618866084202
    -0.028412563915481    -0.034618866084202     0.065669057795503
53 48
    -0.019563048743976    -0.021684910461772    -0.035574529101723
    -0.021684910461772    -0.019563048743976    -0.035574529101723
    -0.035574529101723    -0.035574529101723    -0.116302803661483
53 49
    -0.061525177596877     0.000000000000000    -0.000000000000000
     0.000000000000000    -0.061525177596877    -0.000000000000000
     0.000000000000000    -0.000000000000000    -0.033382157715778
53 50
    -0.011262453489280     0.000000000000000    -0.000000000000000
    -0.000000000000000     0.217939354325836    -0.000000000000000
    -0.000000000000000     0.000000000000000    -0.011262453489280
53 51
     0.217939354325836     0.000000000000000     0.000000000000000
     0.000000000000000    -0.011262453489280    -0.000000000000000
    -0.000000000000000     0.000000000000000    -0.011262453489280
53 52
    -0.005654635396013     0.000000000000000     0.000000000000000
    -0.000000000000000    -0.005654635396013     0.000000000000000
    -0.000000000000000     0.000000000000000    -0.005654635396013
53 53
    12.253916845503451     0.000000000000000     0.000000000000000
     0.000000000000000    12.253916845503451     0.000000000000000
     0.000000000000000     0.000000000000000    12.253916845503454
53 54
    -0.033382157715778     0.000000000000000    -0.000000000000000
     0.000000000000000    -0.061525177596877    -0.000000000000000
     0.000000000000000     0.000000000000000    -0.061525177596877
53 55
    -0.061525177596877     0.000000000000000    -0.000000000000000
     0.000000000000000    -0.033382157715778     0.000000000000000
    -0.000000000000000     0.000000000000000    -0.061525177596877
53 56
    -0.011262453489280     0.000000000000000    -0.000000000000000
     0.000000000000000    -0.011262453489280     0.000000000000000
    -0.000000000000000     0.000000000000000     0.217939354325836
53 57
     0.065669057795503     0.028412563915481     0.034618866084202
     0.028412563915481     0.065669057795503    -0.034618866084202
     0.034618866084202    -0.034618866084202     0.005073655330534
53 58
    -0.019563048743976     0.035574529101723     0.021684910461772
     0.035574529101723    -0.116302803661483    -0.035574529101723
     0.021684910461772    -0.035574529101723    -0.019563048743976
53 59
    -0.116302803661483     0.035574529101723     0.035574529101723
     0.035574529101723    -0.019563048743976    -0.021684910461772
     0.035574529101723    -0.021684910461772    -0.019563048743976
53 60
     0.005100415756942     0.009146978118224     0.009146978118224
     0.009146978118224     0.005100415756942    -0.009146978118224
     0.009146978118224    -0.009146978118224     0.005100415756942
53 61
    -2.936375630241626     1.981126959435641     1.981126959435642
     1.981126959435641    -2.936375630241627    -1.981126959435642
     1.981126959435642    -1.981126959435642    -2.936375630241629
53 62
     0.005073655330534     0.034618866084202     0.034618866084202
     0.034618866084202     0.065669057795503    -0.028412563915481
     0.034618866084202    -0.028412563915481     0.065669057795503
53 63
     0.065669057795503     0.034618866084202     0.028412563915481
     0.034618866084202     0.005073655330534    -0.034618866084202
     0.028412563915481    -0.034618866084202     0.065669057795503
53 64
    -0.019563048743976     0.021684910461772     0.035574529101723
     0.021684910461772    -0.019563048743976    -0.035574529101723
     0.035574529101723    -0.035574529101723    -0.116302803661483
54 1
    -0.028598700163229     0.039918368565850     0.012401695039443
     0.039918368565850    -0.028598700163229     0.012401695039443
    -0.012401695039443    -0.012401695039443     0.006056474586558
54 2
    -0.028598700163229    -0.039918368565850     0.012401695039443
    -0.039918368565850    -0.028598700163229    -0.012401695039443
    -0.012401695039443     0.012401695039443     0.006056474586558
54 3
    -0.028598700163229    -0.039918368565850    -0.012401695039443
    -0.039918368565850    -0.028598700163229     0.012401695039443
     0.012401695039443    -0.012401695039443     0.006056474586558
54 4
    -0.028598700163229     0.039918368565850    -0.012401695039443
     0.039918368565850    -0.028598700163229    -0.012401695039443
     0.012401695039443     0.012401695039443     0.006056474586558
54 5
    -0.197889187410283    -0.203163101105020     0.061054110119585
    -0.203163101105019    -0.197889187410283     0.061054110119585
    -0.061054110119585    -0.061054110119585     0.325400609136750
54 6
    -0.197889187410283     0.203163101105020     0.061054110119585
     0.203163101105019    -0.197889187410283    -0.061054110119585
    -0.061054110119585     0.061054110119585     0.325400609136750
54 7
    -0.197889187410283     0.203163101105020    -0.061054110119585
     0.203163101105019    -0.197889187410283     0.061054110119585
     0.061054110119585    -0.061054110119585     0.325400609136750
54 8
    -0.197889187410283    -0.203163101105019    -0.061054110119585
    -0.203163101105019    -0.197889187410283    -0.061054110119585
     0.061054110119585     0.061054110119585     0.325400609136750
54 9
     0.065669057795503     0.028412563915481    -0.034618866084202
     0.028412563915481     0.065669057795503     0.034618866084202
    -0.034618866084202     0.034618866084202     0.005073655330534
54 10
    -0.019563048743976     0.035574529101723    -0.021684910461772
     0.035574529101723    -0.116302803661483     0.035574529101723
    -0.021684910461772     0.035574529101723    -0.019563048743976
54 11
    -0.116302803661483     0.035574529101723    -0.035574529101723
     0.035574529101723    -0.019563048743976     0.021684910461772
    -0.035574529101723     0.021684910461772    -0.019563048743976
54 12
     0.005100415756942     0.009146978118224    -0.009146978118224
     0.009146978118224     0.005100415756942     0.009146978118224
    -0.009146978118224     0.009146978118224     0.005100415756942
54 13
    -2.936375630241628     1.981126959435642    -1.981126959435642
     1.981126959435641    -2.936375630241628     1.981126959435641
    -1.981126959435641     1.981126959435642    -2.936375630241627
54 14
     0.005073655330534     0.034618866084202    -0.034618866084202
     0.034618866084202     0.065669057795503     0.028412563915481
    -0.034618866084202     0.028412563915481     0.065669057795503
54 15
     0.065669057795503     0.034618866084202    -0.028412563915481
     0.034618866084202     0.005073655330534     0.034618866084202
    -0.028412563915481     0.034618866084202     0.065669057795503
54 16
    -0.019563048743976     0.021684910461772    -0.035574529101723
     0.021684910461772    -0.019563048743976     0.035574529101723
    -0.035574529101723     0.035574529101723    -0.116302803661483
54 17
    -0.197889187410283    -0.061054110119585     0.203163101105019
     0.061054110119585     0.325400609136750    -0.061054110119585
     0.203163101105019     0.061054110119585    -0.197889187410283
54 18
    -0.197889187410283    -0.061054110119585    -0.203163101105020
     0.061054110119585     0.325400609136750     0.061054110119585
    -0.203163101105019    -0.061054110119585    -0.197889187410283
54 19
    -0.028598700163229    -0.012401695039443    -0.039918368565850
     0.012401695039443     0.006056474586558    -0.012401695039443
    -0.039918368565850     0.012401695039443    -0.028598700163229
54 20
    -0.028598700163229    -0.012401695039443     0.039918368565850
     0.012401695039443     0.006056474586558     0.012401695039443
     0.039918368565850    -0.012401695039443    -0.028598700163229
54 21
    -0.197889187410283     0.061054110119585    -0.203163101105020
    -0.061054110119585     0.325400609136750    -0.061054110119585
    -0.203163101105019     0.061054110119585    -0.197889187410283
54 22
    -0.197889187410283     0.061054110119585     0.203163101105019
    -0.061054110119585     0.325400609136750     0.061054110119585
     0.203163101105019    -0.061054110119585    -0.197889187410283
54 23
    -0.028598700163229     0.012401695039443     0.039918368565850
    -0.012401695039443     0.006056474586558    -0.012401695039443
     0.039918368565850     0.012401695039443    -0.028598700163229
54 24
    -0.028598700163229     0.012401695039443    -0.039918368565850
    -0.012401695039443     0.006056474586558     0.012401695039443
    -0.039918368565850    -0.012401695039443    -0.028598700163229
54 25
     0.065669057795503    -0.028412563915481     0.034618866084202
    -0.028412563915481     0.065669057795503     0.034618866084202
     0.034618866084202     0.034618866084202     0.005073655330534
54 26
    -0.019563048743976    -0.035574529101723     0.021684910461772
    -0.035574529101723    -0.116302803661483     0.035574529101723
     0.021684910461772     0.035574529101723    -0.019563048743976
54 27
    -0.116302803661483    -0.035574529101723     0.035574529101723
    -0.035574529101723    -0.019563048743976     0.021684910461772
     0.035574529101723     0.021684910461772    -0.019563048743976
54 28
     0.005100415756942    -0.009146978118224     0.009146978118224
    -0.009146978118224     0.005100415756942     0.009146978118224
     0.009146978118224     0.009146978118224     0.005100415756942
54 29
    -2.936375630241628    -1.981126959435642     1.981126959435642
    -1.981126959435641    -2.936375630241628     1.981126959435641
     1.981126959435641     1.981126959435642    -2.936375630241627
54 30
     0.005073655330534    -0.034618866084202     0.034618866084202
    -0.034618866084202     0.065669057795503     0.028412563915481
     0.034618866084202     0.028412563915481     0.065669057795503
54 31
     0.065669057795503    -0.034618866084202     0.028412563915481
    -0.034618866084202     0.005073655330534     0.034618866084202
     0.028412563915481     0.034618866084202     0.065669057795503
54 32
    -0.019563048743976    -0.021684910461772     0.035574529101723
    -0.021684910461772    -0.019563048743976     0.035574529101723
     0.035574529101723     0.035574529101723    -0.116302803661483
54 33
     0.006056474586558     0.012401695039443    -0.012401695039443
    -0.012401695039443    -0.028598700163229    -0.039918368565850
     0.012401695039443    -0.039918368565850    -0.028598700163229
54 34
     0.325400609136750     0.061054110119585    -0.061054110119585
    -0.061054110119585    -0.197889187410283     0.203163101105019
     0.061054110119585     0.203163101105019    -0.197889187410283
54 35
     0.006056474586558     0.012401695039443     0.012401695039443
    -0.012401695039443    -0.028598700163229     0.039918368565850
    -0.012401695039443     0.039918368565850    -0.028598700163229
54 36
     0.325400609136750     0.061054110119585     0.061054110119585
    -0.061054110119585    -0.197889187410283    -0.203163101105019
    -0.061054110119585    -0.203163101105019    -0.197889187410283
54 37
     0.006056474586558    -0.012401695039443    -0.012401695039443
     0.012401695039443    -0.028598700163229     0.039918368565850
     0.012401695039443     0.039918368565850    -0.028598700163229
54 38
     0.325400609136750    -0.061054110119585    -0.061054110119585
     0.061054110119585    -0.197889187410283    -0.203163101105019
     0.061054110119585    -0.203163101105019    -0.197889187410283
54 39
     0.006056474586558    -0.012401695039443     0.012401695039443
     0.012401695039443    -0.028598700163229    -0.039918368565850
    -0.012401695039443    -0.039918368565850    -0.028598700163229
54 40
     0.325400609136750    -0.061054110119585     0.061054110119585
     0.061054110119585    -0.197889187410283     0.203163101105019
    -0.061054110119585     0.203163101105019    -0.197889187410283
54 41
    -0.019563048743976    -0.035574529101723    -0.021684910461772
    -0.035574529101723    -0.116302803661483    -0.035574529101723
    -0.021684910461772    -0.035574529101723    -0.019563048743976
54 42
     0.065669057795503    -0.028412563915481    -0.034618866084202
    -0.028412563915481     0.065669057795503    -0.034618866084202
    -0.034618866084202    -0.034618866084202     0.005073655330534
54 43
     0.005100415756942    -0.009146978118224    -0.009146978118224
    -0.009146978118224     0.005100415756942    -0.009146978118224
    -0.009146978118224    -0.009146978118224     0.005100415756942
54 44
    -0.116302803661483    -0.035574529101723    -0.035574529101723
    -0.035574529101723    -0.019563048743976    -0.021684910461772
    -0.035574529101723    -0.021684910461772    -0.019563048743976
54 45
     0.005073655330534    -0.034618866084202    -0.034618866084202
    -0.034618866084202     0.065669057795503    -0.028412563915481
    -0.034618866084202    -0.028412563915481     0.065669057795503
54 46
    -2.936375630241628    -1.981126959435642    -1.981126959435642
    -1.981126959435641    -2.936375630241626    -1.981126959435642
    -1.981126959435641    -1.981126959435641    -2.936375630241628
54 47
    -0.019563048743976    -0.021684910461772    -0.035574529101723
    -0.021684910461772    -0.019563048743976    -0.035574529101723
    -0.035574529101723    -0.035574529101723    -0.116302803661483
54 48
     0.065669057795503    -0.034618866084202    -0.028412563915481
    -0.034618866084202     0.005073655330534    -0.034618866084202
    -0.028412563915481    -0.034618866084202     0.065669057795503
54 49
    -0.011262453489280     0.000000000000000    -0.000000000000000
    -0.000000000000000     0.217939354325836     0.000000000000000
    -0.000000000000000    -0.000000000000000    -0.011262453489280
54 50
    -0.061525177596877     0.000000000000000     0.000000000000000
    -0.000000000000000    -0.061525177596877    -0.000000000000000
    -0.000000000000000    -0.000000000000000    -0.033382157715778
54 51
    -0.005654635396013     0.000000000000000     0.000000000000000
     0.000000000000000    -0.005654635396013    -0.000000000000000
    -0.000000000000000    -0.000000000000000    -0.005654635396013
54 52
     0.217939354325836     0.000000000000000     0.000000000000000
    -0.000000000000000    -0.011262453489280     0.000000000000000
    -0.000000000000000    -0.000000000000000    -0.011262453489280
54 53
    -0.033382157715778     0.000000000000000     0.000000000000000
     0.000000000000000    -0.061525177596877     0.000000000000000
    -0.000000000000000    -0.000000000000000    -0.061525177596877
54 54
    12.253916845503454    -0.000000000000000     0.000000000000000
    -0.000000000000000    12.253916845503451    -0.000000000000000
     0.000000000000000    -0.000000000000000    12.253916845503451
54 55
    -0.011262453489280    -0.000000000000000     0.000000000000000
     0.000000000000000    -0.011262453489280     0.000000000000000
    -0.000000000000000    -0.000000000000000     0.217939354325836
54 56
    -0.061525177596877     0.000000000000000     0.000000000000000
     0.000000000000000    -0.033382157715778     0.000000000000000
    -0.000000000000000    -0.000000000000000    -0.061525177596877
54 57
    -0.019563048743976     0.035574529101723     0.021684910461772
     0.035574529101723    -0.116302803661483    -0.035574529101723
     0.021684910461772    -0.035574529101723    -0.019563048743976
54 58
     0.065669057795503     0.028412563915481     0.034618866084202
     0.028412563915481     0.065669057795503    -0.034618866084202
     0.034618866084202    -0.034618866084202     0.005073655330534
54 59
     0.005100415756942     0.009146978118224     0.009146978118224
     0.009146978118224     0.005100415756942    -0.009146978118224
     0.009146978118224    -0.009146978118224     0.005100415756942
54 60
    -0.116302803661483     0.035574529101723     0.035574529101723
     0.035574529101723    -0.019563048743976    -0.021684910461772
     0.035574529101723    -0.021684910461772    -0.019563048743976
54 61
     0.005073655330534     0.034618866084202     0.034618866084202
     0.034618866084202     0.065669057795503    -0.028412563915481
     0.034618866084202    -0.028412563915481     0.065669057795503
54 62
    -2.936375630241629     1.981126959435642     1.981126959435642
     1.981126959435642    -2.936375630241627    -1.981126959435641
     1.981126959435642    -1.981126959435641    -2.936375630241627
54 63
    -0.019563048743976     0.021684910461772     0.035574529101723
     0.021684910461772    -0.019563048743976    -0.035574529101723
     0.035574529101723    -0.035574529101723    -0.116302803661483
54 64
     0.065669057795503     0.034618866084202     0.028412563915481
     0.034618866084202     0.005073655330534    -0.034618866084202
     0.028412563915481    -0.034618866084202     0.065669057795503
55 1
    -0.028598700163229     0.039918368565850    -0.012401695039443
     0.039918368565850    -0.028598700163229    -0.012401695039443
     0.012401695039443     0.012401695039443     0.006056474586558
55 2
    -0.028598700163229    -0.039918368565850    -0.012401695039443
    -0.039918368565850    -0.028598700163229     0.012401695039443
     0.012401695039443    -0.012401695039443     0.006056474586558
55 3
    -0.028598700163229    -0.039918368565850     0.012401695039443
    -0.039918368565850    -0.028598700163229    -0.012401695039443
    -0.012401695039443     0.012401695039443     0.006056474586558
55 4
    -0.028598700163229     0.039918368565850     0.012401695039443
     0.039918368565850    -0.028598700163229     0.012401695039443
    -0.012401695039443    -0.012401695039443     0.006056474586558
55 5
    -0.197889187410283    -0.203163101105019    -0.061054110119585
    -0.203163101105019    -0.197889187410283    -0.061054110119585
     0.061054110119585     0.061054110119585     0.325400609136750
55 6
    -0.197889187410283     0.203163101105019    -0.061054110119585
     0.203163101105019    -0.197889187410283     0.061054110119585
     0.061054110119585    -0.061054110119585     0.325400609136750
55 7
    -0.197889187410283     0.203163101105019     0.061054110119585
     0.203163101105019    -0.197889187410283    -0.061054110119585
    -0.061054110119585     0.061054110119585     0.325400609136750
55 8
    -0.197889187410283    -0.203163101105019     0.061054110119585
    -0.203163101105019    -0.197889187410283     0.061054110119585
    -0.061054110119585    -0.061054110119585     0.325400609136750
55 9
     0.005100415756942     0.009146978118224    -0.009146978118224
     0.009146978118224     0.005100415756942     0.009146978118224
    -0.009146978118224     0.009146978118224     0.005100415756942
55 10
    -0.116302803661483     0.035574529101723    -0.035574529101723
     0.035574529101723    -0.019563048743976     0.021684910461772
    -0.035574529101723     0.021684910461772    -0.019563048743976
55 11
    -0.019563048743976     0.035574529101723    -0.021684910461772
     0.035574529101723    -0.116302803661483     0.035574529101723
    -0.021684910461772     0.035574529101723    -0.019563048743976
55 12
     0.065669057795503     0.028412563915481    -0.034618866084202
     0.028412563915481     0.065669057795503     0.034618866084202
    -0.034618866084202     0.034618866084202     0.005073655330534
55 13
    -0.019563048743976     0.021684910461772    -0.035574529101723
     0.021684910461772    -0.019563048743976     0.035574529101723
    -0.035574529101723     0.035574529101723    -0.116302803661483
55 14
     0.065669057795503     0.034618866084202    -0.028412563915481
     0.034618866084202     0.005073655330534     0.034618866084202
    -0.028412563915481     0.034618866084202     0.065669057795503
55 15
     0.005073655330534     0.034618866084202    -0.034618866084202
     0.034618866084202     0.065669057795503     0.028412563915481
    -0.034618866084202     0.028412563915481     0.065669057795503
55 16
    -2.936375630241628     1.981126959435641    -1.981126959435641
     1.981126959435642    -2.936375630241627     1.981126959435641
    -1.981126959435642     1.981126959435642    -2.936375630241628
55 17
    -0.028598700163229    -0.012401695039443     0.039918368565850
     0.012401695039443     0.006056474586558     0.012401695039443
     0.039918368565850    -0.012401695039443    -0.028598700163229
55 18
    -0.028598700163229    -0.012401695039443    -0.039918368565850
     0.012401695039443     0.006056474586558    -0.012401695039443
    -0.039918368565850     0.012401695039443    -0.028598700163229
55 19
    -0.197889187410283    -0.061054110119585    -0.203163101105019
     0.061054110119585     0.325400609136750     0.061054110119585
    -0.203163101105019    -0.061054110119585    -0.197889187410283
55 20
    -0.197889187410283    -0.061054110119585     0.203163101105019
     0.061054110119585     0.325400609136750    -0.061054110119585
     0.203163101105019     0.061054110119585    -0.197889187410283
55 21
    -0.028598700163229     0.012401695039443    -0.039918368565850
    -0.012401695039443     0.006056474586558     0.012401695039443
    -0.039918368565850    -0.012401695039443    -0.028598700163229
55 22
    -0.028598700163229     0.012401695039443     0.039918368565850
    -0.012401695039443     0.006056474586558    -0.012401695039443
     0.039918368565850     0.012401695039443    -0.028598700163229
55 23
    -0.197889187410283     0.061054110119585     0.203163101105019
    -0.061054110119585     0.325400609136750     0.061054110119585
     0.203163101105019    -0.061054110119585    -0.197889187410283
55 24
    -0.197889187410283     0.061054110119585    -0.203163101105019
    -0.061054110119585     0.325400609136750    -0.061054110119585
    -0.203163101105019     0.061054110119585    -0.197889187410283
55 25
     0.005100415756942    -0.009146978118224     0.009146978118224
    -0.009146978118224     0.005100415756942     0.009146978118224
     0.009146978118224     0.009146978118224     0.005100415756942
55 26
    -0.116302803661483    -0.035574529101723     0.035574529101723
    -0.035574529101723    -0.019563048743976     0.021684910461772
     0.035574529101723     0.021684910461772    -0.019563048743976
55 27
    -0.019563048743976    -0.035574529101723     0.021684910461772
    -0.035574529101723    -0.116302803661483     0.035574529101723
     0.021684910461772     0.035574529101723    -0.019563048743976
55 28
     0.065669057795503    -0.028412563915481     0.034618866084202
    -0.028412563915481     0.065669057795503     0.034618866084202
     0.034618866084202     0.034618866084202     0.005073655330534
55 29
    -0.019563048743976    -0.021684910461772     0.035574529101723
    -0.021684910461772    -0.019563048743976     0.035574529101723
     0.035574529101723     0.035574529101723    -0.116302803661483
55 30
     0.065669057795503    -0.034618866084202     0.028412563915481
    -0.034618866084202     0.005073655330534     0.034618866084202
     0.028412563915481     0.034618866084202     0.065669057795503
55 31
     0.005073655330534    -0.034618866084202     0.034618866084202
    -0.034618866084202     0.065669057795503     0.028412563915481
     0.034618866084202     0.028412563915481     0.065669057795503
55 32
    -2.936375630241626    -1.981126959435642     1.981126959435641
    -1.981126959435641    -2.936375630241628     1.981126959435641
     1.981126959435642     1.981126959435642    -2.936375630241628
55 33
     0.325400609136750     0.061054110119585     0.061054110119585
    -0.061054110119585    -0.197889187410283    -0.203163101105019
    -0.061054110119585    -0.203163101105019    -0.197889187410283
55 34
     0.006056474586558     0.012401695039443     0.012401695039443
    -0.012401695039443    -0.028598700163229     0.039918368565850
    -0.012401695039443     0.039918368565850    -0.028598700163229
55 35
     0.325400609136750     0.061054110119585    -0.061054110119585
    -0.061054110119585    -0.197889187410283     0.203163101105019
     0.061054110119585     0.203163101105019    -0.197889187410283
55 36
     0.006056474586558     0.012401695039443    -0.012401695039443
    -0.012401695039443    -0.028598700163229    -0.039918368565850
     0.012401695039443    -0.039918368565850    -0.028598700163229
55 37
     0.325400609136750    -0.061054110119585     0.061054110119585
     0.061054110119585    -0.197889187410283     0.203163101105019
    -0.061054110119585     0.203163101105020    -0.197889187410283
55 38
     0.006056474586558    -0.012401695039443     0.012401695039443
     0.012401695039443    -0.028598700163229    -0.039918368565850
    -0.012401695039443    -0.039918368565850    -0.028598700163229
55 39
     0.325400609136750    -0.061054110119585    -0.061054110119585
     0.061054110119585    -0.197889187410283    -0.203163101105019
     0.061054110119585    -0.203163101105020    -0.197889187410283
55 40
     0.006056474586558    -0.012401695039443    -0.012401695039443
     0.012401695039443    -0.028598700163229     0.039918368565850
     0.012401695039443     0.039918368565850    -0.028598700163229
55 41
    -0.116302803661483    -0.035574529101723    -0.035574529101723
    -0.035574529101723    -0.019563048743976    -0.021684910461772
    -0.035574529101723    -0.021684910461772    -0.019563048743976
55 42
     0.005100415756942    -0.009146978118224    -0.009146978118224
    -0.009146978118224     0.005100415756942    -0.009146978118224
    -0.009146978118224    -0.009146978118224     0.005100415756942
55 43
     0.065669057795503    -0.028412563915481    -0.034618866084202
    -0.028412563915481     0.065669057795503    -0.034618866084202
    -0.034618866084202    -0.034618866084202     0.005073655330534
55 44
    -0.019563048743976    -0.035574529101723    -0.021684910461772
    -0.035574529101723    -0.116302803661483    -0.035574529101723
    -0.021684910461772    -0.035574529101723    -0.019563048743976
55 45
     0.065669057795503    -0.034618866084202    -0.028412563915481
    -0.034618866084202     0.005073655330534    -0.034618866084202
    -0.028412563915481    -0.034618866084202     0.065669057795503
55 46
    -0.019563048743976    -0.021684910461772    -0.035574529101723
    -0.021684910461772    -0.019563048743976    -0.035574529101723
    -0.035574529101723    -0.035574529101723    -0.116302803661483
55 47
    -2.936375630241626    -1.981126959435642    -1.981126959435641
    -1.981126959435641    -2.936375630241628    -1.981126959435641
    -1.981126959435642    -1.981126959435642    -2.936375630241628
55 48
     0.005073655330534    -0.034618866084202    -0.034618866084202
    -0.034618866084202     0.065669057795503    -0.028412563915481
    -0.034618866084202    -0.028412563915481     0.065669057795503
55 49
     0.217939354325836     0.000000000000000    -0.000000000000000
    -0.000000000000000    -0.011262453489280    -0.000000000000000
     0.000000000000000    -0.000000000000000    -0.011262453489280
55 50
    -0.005654635396013     0.000000000000000    -0.000000000000000
    -0.000000000000000    -0.005654635396013    -0.000000000000000
     0.000000000000000     0.000000000000000    -0.005654635396013
55 51
    -0.061525177596877     0.000000000000000     0.000000000000000
    -0.000000000000000    -0.061525177596877    -0.000000000000000
    -0.000000000000000     0.000000000000000    -0.033382157715778
55 52
    -0.011262453489280     0.000000000000000     0.000000000000000
    -0.000000000000000     0.217939354325836    -0.000000000000000
     0.000000000000000     0.000000000000000    -0.011262453489280
55 53
    -0.061525177596877     0.000000000000000    -0.000000000000000
     0.000000000000000    -0.033382157715778     0.000000000000000
    -0.000000000000000     0.000000000000000    -0.061525177596877
55 54
    -0.011262453489280     0.000000000000000    -0.000000000000000
    -0.000000000000000    -0.011262453489280    -0.000000000000000
     0.000000000000000     0.000000000000000     0.217939354325836
55 55
    12.253916845503449     0.000000000000000    -0.000000000000000
     0.000000000000000    12.253916845503454     0.000000000000001
    -0.000000000000000     0.000000000000001    12.253916845503454
55 56
    -0.033382157715778     0.000000000000000     0.000000000000000
    -0.000000000000000    -0.061525177596877     0.000000000000000
     0.000000000000000     0.000000000000000    -0.061525177596877
55 57
    -0.116302803661483     0.035574529101723     0.035574529101723
     0.035574529101723    -0.019563048743976    -0.021684910461772
     0.035574529101723    -0.021684910461772    -0.019563048743976
55 58
     0.005100415756942     0.009146978118224     0.009146978118224
     0.009146978118224     0.005100415756942    -0.009146978118224
     0.009146978118224    -0.009146978118224     0.005100415756942
55 59
     0.065669057795503     0.028412563915481     0.034618866084202
     0.028412563915481     0.065669057795503    -0.034618866084202
     0.034618866084202    -0.034618866084202     0.005073655330534
55 60
    -0.019563048743976     0.035574529101723     0.021684910461772
     0.035574529101723    -0.116302803661483    -0.035574529101723
     0.021684910461772    -0.035574529101723    -0.019563048743976
55 61
     0.065669057795503     0.034618866084202     0.028412563915481
     0.034618866084202     0.005073655330534    -0.034618866084202
     0.028412563915481    -0.034618866084202     0.065669057795503
55 62
    -0.019563048743976     0.021684910461772     0.035574529101723
     0.021684910461772    -0.019563048743976    -0.035574529101723
     0.035574529101723    -0.035574529101723    -0.116302803661483
55 63
    -2.936375630241626     1.981126959435642     1.981126959435641
     1.981126959435641    -2.936375630241628    -1.981126959435641
     1.981126959435642    -1.981126959435642    -2.936375630241628
55 64
     0.005073655330534     0.034618866084202     0.034618866084202
     0.034618866084202     0.065669057795503    -0.028412563915481
     0.034618866084202    -0.028412563915481     0.065669057795503
56 1
    -0.028598700163229    -0.039918368565850    -0.012401695039443
    -0.039918368565850    -0.028598700163229     0.012401695039443
     0.012401695039443    -0.012401695039443     0.006056474586558
56 2
    -0.028598700163229     0.039918368565850    -0.012401695039443
     0.039918368565850    -0.028598700163229    -0.012401695039443
     0.012401695039443     0.012401695039443     0.006056474586558
56 3
    -0.028598700163229     0.039918368565850     0.012401695039443
     0.039918368565850    -0.028598700163229     0.012401695039443
    -0.012401695039443    -0.012401695039443     0.006056474586558
56 4
    -0.028598700163229    -0.039918368565850     0.012401695039443
    -0.039918368565850    -0.028598700163229    -0.012401695039443
    -0.012401695039443     0.012401695039443     0.006056474586558
56 5
    -0.197889187410283     0.203163101105019    -0.061054110119585
     0.203163101105019    -0.197889187410283     0.061054110119585
     0.061054110119585    -0.061054110119585     0.325400609136750
56 6
    -0.197889187410283    -0.203163101105019    -0.061054110119585
    -0.203163101105019    -0.197889187410283    -0.061054110119585
     0.061054110119585     0.061054110119585     0.325400609136750
56 7
    -0.197889187410283    -0.203163101105019     0.061054110119585
    -0.203163101105019    -0.197889187410283     0.061054110119585
    -0.061054110119585    -0.061054110119585     0.325400609136750
56 8
    -0.197889187410283     0.203163101105019     0.061054110119585
     0.203163101105019    -0.197889187410283    -0.061054110119585
    -0.061054110119585     0.061054110119585     0.325400609136750
56 9
    -0.116302803661483     0.035574529101723    -0.035574529101723
     0.035574529101723    -0.019563048743976     0.021684910461772
    -0.035574529101723     0.021684910461772    -0.019563048743976
56 10
     0.005100415756942     0.009146978118224    -0.009146978118224
     0.009146978118224     0.005100415756942     0.009146978118224
    -0.009146978118224     0.009146978118224     0.005100415756942
56 11
     0.065669057795503     0.028412563915481    -0.034618866084202
     0.028412563915481     0.065669057795503     0.034618866084202
    -0.034618866084202     0.034618866084202     0.005073655330534
56 12
    -0.019563048743976     0.035574529101723    -0.021684910461772
     0.035574529101723    -0.116302803661483     0.035574529101723
    -0.021684910461772     0.035574529101723    -0.019563048743976
56 13
     0.065669057795503     0.034618866084202    -0.028412563915481
     0.034618866084202     0.005073655330534     0.034618866084202
    -0.028412563915481     0.034618866084202     0.065669057795503
56 14
    -0.019563048743976     0.021684910461772    -0.035574529101723
     0.021684910461772    -0.019563048743976     0.035574529101723
    -0.035574529101723     0.035574529101723    -0.116302803661483
56 15
    -2.936375630241628     1.981126959435641    -1.981126959435641
     1.981126959435642    -2.936375630241627     1.981126959435641
    -1.981126959435642     1.981126959435642    -2.936375630241628
56 16
     0.005073655330534     0.034618866084202    -0.034618866084202
     0.034618866084202     0.065669057795503     0.028412563915481
    -0.034618866084202     0.028412563915481     0.065669057795503
56 17
    -0.028598700163229    -0.012401695039443    -0.039918368565850
     0.012401695039443     0.006056474586558    -0.012401695039443
    -0.039918368565850     0.012401695039443    -0.028598700163229
56 18
    -0.028598700163229    -0.012401695039443     0.039918368565850
     0.012401695039443     0.006056474586558     0.012401695039443
     0.039918368565850    -0.012401695039443    -0.028598700163229
56 19
    -0.197889187410283    -0.061054110119585     0.203163101105019
     0.061054110119585     0.325400609136750    -0.061054110119585
     0.203163101105019     0.061054110119585    -0.197889187410283
56 20
    -0.197889187410283    -0.061054110119585    -0.203163101105019
     0.061054110119585     0.325400609136750     0.061054110119585
    -0.203163101105019    -0.061054110119585    -0.197889187410283
56 21
    -0.028598700163229     0.012401695039443     0.039918368565850
    -0.012401695039443     0.006056474586558    -0.012401695039443
     0.039918368565850     0.012401695039443    -0.028598700163229
56 22
    -0.028598700163229     0.012401695039443    -0.039918368565850
    -0.012401695039443     0.006056474586558     0.012401695039443
    -0.039918368565850    -0.012401695039443    -0.028598700163229
56 23
    -0.197889187410283     0.061054110119585    -0.203163101105019
    -0.061054110119585     0.325400609136750    -0.061054110119585
    -0.203163101105019     0.061054110119585    -0.197889187410283
56 24
    -0.197889187410283     0.061054110119585     0.203163101105019
    -0.061054110119585     0.325400609136750     0.061054110119585
     0.203163101105019    -0.061054110119585    -0.197889187410283
56 25
    -0.116302803661483    -0.035574529101723     0.035574529101723
    -0.035574529101723    -0.019563048743976     0.021684910461772
     0.035574529101723     0.021684910461772    -0.019563048743976
56 26
     0.005100415756942    -0.009146978118224     0.009146978118224
    -0.009146978118224     0.005100415756942     0.009146978118224
     0.009146978118224     0.009146978118224     0.005100415756942
56 27
     0.065669057795503    -0.028412563915481     0.034618866084202
    -0.028412563915481     0.065669057795503     0.034618866084202
     0.034618866084202     0.034618866084202     0.005073655330534
56 28
    -0.019563048743976    -0.035574529101723     0.021684910461772
    -0.035574529101723    -0.116302803661483     0.035574529101723
     0.021684910461772     0.035574529101723    -0.019563048743976
56 29
     0.065669057795503    -0.034618866084202     0.028412563915481
    -0.034618866084202     0.005073655330534     0.034618866084202
     0.028412563915481     0.034618866084202     0.065669057795503
56 30
    -0.019563048743976    -0.021684910461772     0.035574529101723
    -0.021684910461772    -0.019563048743976     0.035574529101723
     0.035574529101723     0.035574529101723    -0.116302803661483
56 31
    -2.936375630241628    -1.981126959435641     1.981126959435641
    -1.981126959435642    -2.936375630241627     1.981126959435641
     1.981126959435642     1.981126959435642    -2.936375630241628
56 32
     0.005073655330534    -0.034618866084202     0.034618866084202
    -0.034618866084202     0.065669057795503     0.028412563915481
     0.034618866084202     0.028412563915481     0.065669057795503
56 33
     0.006056474586558     0.012401695039443     0.012401695039443
    -0.012401695039443    -0.028598700163229     0.039918368565850
    -0.012401695039443     0.039918368565850    -0.028598700163229
56 34
     0.325400609136750     0.061054110119585     0.061054110119585
    -0.061054110119585    -0.197889187410283    -0.203163101105019
    -0.061054110119585    -0.203163101105019    -0.197889187410283
56 35
     0.006056474586558     0.012401695039443    -0.012401695039443
    -0.012401695039443    -0.028598700163229    -0.039918368565850
     0.012401695039443    -0.039918368565850    -0.028598700163229
56 36
     0.325400609136750     0.061054110119585    -0.061054110119585
    -0.061054110119585    -0.197889187410283     0.203163101105019
     0.061054110119585     0.203163101105019    -0.197889187410283
56 37
     0.006056474586558    -0.012401695039443     0.012401695039443
     0.012401695039443    -0.028598700163229    -0.039918368565850
    -0.012401695039443    -0.039918368565850    -0.028598700163229
56 38
     0.325400609136750    -0.061054110119585     0.061054110119585
     0.061054110119585    -0.197889187410283     0.203163101105019
    -0.061054110119585     0.203163101105019    -0.197889187410283
56 39
     0.006056474586558    -0.012401695039443    -0.012401695039443
     0.012401695039443    -0.028598700163229     0.039918368565850
     0.012401695039443     0.039918368565850    -0.028598700163229
56 40
     0.325400609136750    -0.061054110119585    -0.061054110119585
     0.061054110119585    -0.197889187410283    -0.203163101105019
     0.061054110119585    -0.203163101105019    -0.197889187410283
56 41
     0.005100415756942    -0.009146978118224    -0.009146978118224
    -0.009146978118224     0.005100415756942    -0.009146978118224
    -0.009146978118224    -0.009146978118224     0.005100415756942
56 42
    -0.116302803661483    -0.035574529101723    -0.035574529101723
    -0.035574529101723    -0.019563048743976    -0.021684910461772
    -0.035574529101723    -0.021684910461772    -0.019563048743976
56 43
    -0.019563048743976    -0.035574529101723    -0.021684910461772
    -0.035574529101723    -0.116302803661483    -0.035574529101723
    -0.021684910461772    -0.035574529101723    -0.019563048743976
56 44
     0.065669057795503    -0.028412563915481    -0.034618866084202
    -0.028412563915481     0.065669057795503    -0.034618866084202
    -0.034618866084202    -0.034618866084202     0.005073655330534
56 45
    -0.019563048743976    -0.021684910461772    -0.035574529101723
    -0.021684910461772    -0.019563048743976    -0.035574529101723
    -0.035574529101723    -0.035574529101723    -0.116302803661483
56 46
     0.065669057795503    -0.034618866084202    -0.028412563915481
    -0.034618866084202     0.005073655330534    -0.034618866084202
    -0.028412563915481    -0.034618866084202     0.065669057795503
56 47
     0.005073655330534    -0.034618866084202    -0.034618866084202
    -0.034618866084202     0.065669057795503    -0.028412563915481
    -0.034618866084202    -0.028412563915481     0.065669057795503
56 48
    -2.936375630241628    -1.981126959435641    -1.981126959435641
    -1.981126959435642    -2.936375630241627    -1.981126959435641
    -1.981126959435642    -1.981126959435642    -2.936375630241628
56 49
    -0.005654635396013     0.000000000000000    -0.000000000000000
     0.000000000000000    -0.005654635396013    -0.000000000000000
     0.000000000000000    -0.000000000000000    -0.005654635396013
56 50
     0.217939354325836     0.000000000000000    -0.000000000000000
     0.000000000000000    -0.011262453489280    -0.000000000000000
     0.000000000000000     0.000000000000000    -0.011262453489280
56 51
    -0.011262453489280     0.000000000000000     0.000000000000000
     0.000000000000000     0.217939354325836    -0.000000000000000
    -0.000000000000000     0.000000000000000    -0.011262453489280
56 52
    -0.061525177596877     0.000000000000000     0.000000000000000
     0.000000000000000    -0.061525177596877     0.000000000000000
     0.000000000000000    -0.000000000000000    -0.033382157715778
56 53
    -0.011262453489280     0.000000000000000    -0.000000000000000
     0.000000000000000    -0.011262453489280     0.000000000000000
    -0.000000000000000     0.000000000000000     0.217939354325836
56 54
    -0.061525177596877     0.000000000000000    -0.000000000000000
     0.000000000000000    -0.033382157715778    -0.000000000000000
     0.000000000000000     0.000000000000000    -0.061525177596877
56 55
    -0.033382157715778    -0.000000000000000     0.000000000000000
     0.000000000000000    -0.061525177596877     0.000000000000000
     0.000000000000000     0.000000000000000    -0.061525177596877
56 56
    12.253916845503454     0.000000000000000     0.000000000000000
     0.000000000000000    12.253916845503451    -0.000000000000000
     0.000000000000000    -0.000000000000000    12.253916845503454
56 57
     0.005100415756942     0.009146978118224     0.009146978118224
     0.009146978118224     0.005100415756942    -0.009146978118224
     0.009146978118224    -0.009146978118224     0.005100415756942
56 58
    -0.116302803661483     0.035574529101723     0.035574529101723
     0.035574529101723    -0.019563048743976    -0.021684910461772
     0.035574529101723    -0.021684910461772    -0.019563048743976
56 59
    -0.019563048743976     0.035574529101723     0.021684910461772
     0.035574529101723    -0.116302803661483    -0.035574529101723
     0.021684910461772    -0.035574529101723    -0.019563048743976
56 60
     0.065669057795503     0.028412563915481     0.034618866084202
     0.028412563915481     0.065669057795503    -0.034618866084202
     0.034618866084202    -0.034618866084202     0.005073655330534
56 61
    -0.019563048743976     0.021684910461772     0.035574529101723
     0.021684910461772    -0.019563048743976    -0.035574529101723
     0.035574529101723    -0.035574529101723    -0.116302803661483
56 62
     0.065669057795503     0.034618866084202     0.028412563915481
     0.034618866084202     0.005073655330534    -0.034618866084202
     0.028412563915481    -0.034618866084202     0.065669057795503
56 63
     0.005073655330534     0.034618866084202     0.034618866084202
     0.034618866084202     0.065669057795503    -0.028412563915481
     0.034618866084202    -0.028412563915481     0.065669057795503
56 64
    -2.936375630241627     1.981126959435641     1.981126959435642
     1.981126959435641    -2.936375630241627    -1.981126959435642
     1.981126959435642    -1.981126959435642    -2.936375630241629
57 1
    -2.936375630241628     1.981126959435642    -1.981126959435642
     1.981126959435641    -2.936375630241628     1.981126959435641
    -1.981126959435641     1.981126959435642    -2.936375630241626
57 2
     0.005073655330534     0.034618866084202    -0.034618866084202
     0.034618866084202     0.065669057795503     0.028412563915481
    -0.034618866084202     0.028412563915481     0.065669057795503
57 3
     0.065669057795503     0.034618866084202    -0.028412563915481
     0.034618866084202     0.005073655330534     0.034618866084202
    -0.028412563915481     0.034618866084202     0.065669057795503
57 4
    -0.019563048743976     0.021684910461772    -0.035574529101723
     0.021684910461772    -0.019563048743976     0.035574529101723
    -0.035574529101723     0.035574529101723    -0.116302803661483
57 5
     0.065669057795503     0.028412563915481    -0.034618866084202
     0.028412563915481     0.065669057795503     0.034618866084202
    -0.034618866084202     0.034618866084202     0.005073655330534
57 6
    -0.019563048743976     0.035574529101723    -0.021684910461772
     0.035574529101723    -0.116302803661483     0.035574529101723
    -0.021684910461772     0.035574529101723    -0.019563048743976
57 7
    -0.116302803661483     0.035574529101723    -0.035574529101723
     0.035574529101723    -0.019563048743976     0.021684910461772
    -0.035574529101723     0.021684910461772    -0.019563048743976
57 8
     0.005100415756942     0.009146978118224    -0.009146978118224
     0.009146978118224     0.005100415756942     0.009146978118224
    -0.009146978118224     0.009146978118224     0.005100415756942
57 9
    -0.197889187410283    -0.203163101105020     0.061054110119585
    -0.203163101105019    -0.197889187410283     0.061054110119585
    -0.061054110119585    -0.061054110119585     0.325400609136750
57 10
    -0.197889187410283     0.203163101105019     0.061054110119585
     0.203163101105019    -0.197889187410283    -0.061054110119585
    -0.061054110119585     0.061054110119585     0.325400609136750
57 11
    -0.197889187410283     0.203163101105019    -0.061054110119585
     0.203163101105019    -0.197889187410283     0.061054110119585
     0.061054110119585    -0.061054110119585     0.325400609136750
57 12
    -0.197889187410283    -0.203163101105019    -0.061054110119585
    -0.203163101105019    -0.197889187410283    -0.061054110119585
     0.061054110119585     0.061054110119585     0.325400609136750
57 13
    -0.028598700163229     0.039918368565850     0.012401695039443
     0.039918368565850    -0.028598700163229     0.012401695039443
    -0.012401695039443    -0.012401695039443     0.006056474586558
57 14
    -0.028598700163229    -0.039918368565850     0.012401695039443
    -0.039918368565850    -0.028598700163229    -0.012401695039443
    -0.012401695039443     0.012401695039443     0.006056474586558
57 15
    -0.028598700163229    -0.039918368565850    -0.012401695039443
    -0.039918368565850    -0.028598700163229     0.012401695039443
     0.012401695039443    -0.012401695039443     0.006056474586558
57 16
    -0.028598700163229     0.039918368565850    -0.012401695039443
     0.039918368565850    -0.028598700163229    -0.012401695039443
     0.012401695039443     0.012401695039443     0.006056474586558
57 17
    -2.936375630241628    -1.981126959435642     1.981126959435642
    -1.981126959435641    -2.936375630241628     1.981126959435641
     1.981126959435641     1.981126959435642    -2.936375630241626
57 18
     0.005073655330534    -0.034618866084202     0.034618866084202
    -0.034618866084202     0.065669057795503     0.028412563915481
     0.034618866084202     0.028412563915481     0.065669057795503
57 19
     0.065669057795503    -0.034618866084202     0.028412563915481
    -0.034618866084202     0.005073655330534     0.034618866084202
     0.028412563915481     0.034618866084202     0.065669057795503
57 20
    -0.019563048743976    -0.021684910461772     0.035574529101723
    -0.021684910461772    -0.019563048743976     0.035574529101723
     0.035574529101723     0.035574529101723    -0.116302803661483
57 21
     0.065669057795503    -0.028412563915481     0.034618866084202
    -0.028412563915481     0.065669057795503     0.034618866084202
     0.034618866084202     0.034618866084202     0.005073655330534
57 22
    -0.019563048743976    -0.035574529101723     0.021684910461772
    -0.035574529101723    -0.116302803661483     0.035574529101723
     0.021684910461772     0.035574529101723    -0.019563048743976
57 23
    -0.116302803661483    -0.035574529101723     0.035574529101723
    -0.035574529101723    -0.019563048743976     0.021684910461772
     0.035574529101723     0.021684910461772    -0.019563048743976
57 24
     0.005100415756942    -0.009146978118224     0.009146978118224
    -0.009146978118224     0.005100415756942     0.009146978118224
     0.009146978118224     0.009146978118224     0.005100415756942
57 25
    -0.197889187410283     0.061054110119585    -0.203163101105019
    -0.061054110119585     0.325400609136750    -0.061054110119585
    -0.203163101105019     0.061054110119585    -0.197889187410283
57 26
    -0.197889187410283     0.061054110119585     0.203163101105019
    -0.061054110119585     0.325400609136750     0.061054110119585
     0.203163101105019    -0.061054110119585    -0.197889187410283
57 27
    -0.028598700163229     0.012401695039443     0.039918368565850
    -0.012401695039443     0.006056474586558    -0.012401695039443
     0.039918368565850     0.012401695039443    -0.028598700163229
57 28
    -0.028598700163229     0.012401695039443    -0.039918368565850
    -0.012401695039443     0.006056474586558     0.012401695039443
    -0.039918368565850    -0.012401695039443    -0.028598700163229
57 29
    -0.197889187410283    -0.061054110119585     0.203163101105019
     0.061054110119585     0.325400609136750    -0.061054110119585
     0.203163101105019     0.061054110119585    -0.197889187410283
57 30
    -0.197889187410283    -0.061054110119585    -0.203163101105019
     0.061054110119585     0.325400609136750     0.061054110119585
    -0.203163101105019    -0.061054110119585    -0.197889187410283
57 31
    -0.028598700163229    -0.012401695039443    -0.039918368565850
     0.012401695039443     0.006056474586558    -0.012401695039443
    -0.039918368565850     0.012401695039443    -0.028598700163229
57 32
    -0.028598700163229    -0.012401695039443     0.039918368565850
     0.012401695039443     0.006056474586558     0.012401695039443
     0.039918368565850    -0.012401695039443    -0.028598700163229
57 33
    -2.936375630241628    -1.981126959435642    -1.981126959435642
    -1.981126959435641    -2.936375630241627    -1.981126959435642
    -1.981126959435641    -1.981126959435641    -2.936375630241628
57 34
     0.005073655330534    -0.034618866084202    -0.034618866084202
    -0.034618866084202     0.065669057795503    -0.028412563915481
    -0.034618866084202    -0.028412563915481     0.065669057795503
57 35
     0.065669057795503    -0.034618866084202    -0.028412563915481
    -0.034618866084202     0.005073655330534    -0.034618866084202
    -0.028412563915481    -0.034618866084202     0.065669057795503
57 36
    -0.019563048743976    -0.021684910461772    -0.035574529101723
    -0.021684910461772    -0.019563048743976    -0.035574529101723
    -0.035574529101723    -0.035574529101723    -0.116302803661483
57 37
     0.065669057795503    -0.028412563915481    -0.034618866084202
    -0.028412563915481     0.065669057795503    -0.034618866084202
    -0.034618866084202    -0.034618866084202     0.005073655330534
57 38
    -0.019563048743976    -0.035574529101723    -0.021684910461772
    -0.035574529101723    -0.116302803661483    -0.035574529101723
    -0.021684910461772    -0.035574529101723    -0.019563048743976
57 39
    -0.116302803661483    -0.035574529101723    -0.035574529101723
    -0.035574529101723    -0.019563048743976    -0.021684910461772
    -0.035574529101723    -0.021684910461772    -0.019563048743976
57 40
     0.005100415756942    -0.009146978118224    -0.009146978118224
    -0.009146978118224     0.005100415756942    -0.009146978118224
    -0.009146978118224    -0.009146978118224     0.005100415756942
57 41
     0.325400609136750    -0.061054110119585    -0.061054110119585
     0.061054110119585    -0.197889187410283    -0.203163101105019
     0.061054110119585    -0.203163101105019    -0.197889187410283
57 42
     0.006056474586558    -0.012401695039443    -0.012401695039443
     0.012401695039443    -0.028598700163229     0.039918368565850
     0.012401695039443     0.039918368565850    -0.028598700163229
57 43
     0.325400609136750    -0.061054110119585     0.061054110119585
     0.061054110119585    -0.197889187410283     0.203163101105019
    -0.061054110119585     0.203163101105019    -0.197889187410283
57 44
     0.006056474586558    -0.012401695039443     0.012401695039443
     0.012401695039443    -0.028598700163229    -0.039918368565850
    -0.012401695039443    -0.039918368565850    -0.028598700163229
57 45
     0.325400609136750     0.061054110119585    -0.061054110119585
    -0.061054110119585    -0.197889187410283     0.203163101105019
     0.061054110119585     0.203163101105019    -0.197889187410283
57 46
     0.006056474586558     0.012401695039443    -0.012401695039443
    -0.012401695039443    -0.028598700163229    -0.039918368565850
     0.012401695039443    -0.039918368565850    -0.028598700163229
57 47
     0.325400609136750     0.061054110119585     0.061054110119585
    -0.061054110119585    -0.197889187410283    -0.203163101105019
    -0.061054110119585    -0.203163101105019    -0.197889187410283
57 48
     0.006056474586558     0.012401695039443     0.012401695039443
    -0.012401695039443    -0.028598700163229     0.039918368565850
    -0.012401695039443     0.039918368565850    -0.028598700163229
57 49
    -2.936375630241628     1.981126959435642     1.981126959435642
     1.981126959435641    -2.936375630241628    -1.981126959435641
     1.981126959435641    -1.981126959435642    -2.936375630241626
57 50
     0.005073655330534     0.034618866084202     0.034618866084202
     0.034618866084202     0.065669057795503    -0.028412563915481
     0.034618866084202    -0.028412563915481     0.065669057795503
57 51
     0.065669057795503     0.034618866084202     0.028412563915481
     0.034618866084202     0.005073655330534    -0.034618866084202
     0.028412563915481    -0.034618866084202     0.065669057795503
57 52
    -0.019563048743976     0.021684910461772     0.035574529101723
     0.021684910461772    -0.019563048743976    -0.035574529101723
     0.035574529101723    -0.035574529101723    -0.116302803661483
57 53
     0.065669057795503     0.028412563915481     0.034618866084202
     0.028412563915481     0.065669057795503    -0.034618866084202
     0.034618866084202    -0.034618866084202     0.005073655330534
57 54
    -0.019563048743976     0.035574529101723     0.021684910461772
     0.035574529101723    -0.116302803661483    -0.035574529101723
     0.021684910461772    -0.035574529101723    -0.019563048743976
57 55
    -0.116302803661483     0.035574529101723     0.035574529101723
     0.035574529101723    -0.019563048743976    -0.021684910461772
     0.035574529101723    -0.021684910461772    -0.019563048743976
57 56
     0.005100415756942     0.009146978118224     0.009146978118224
     0.009146978118224     0.005100415756942    -0.009146978118224
     0.009146978118224    -0.009146978118224     0.005100415756942
57 57
    12.253916845503454     0.000000000000000     0.000000000000000
     0.000000000000000    12.253916845503454    -0.000000000000000
     0.000000000000000    -0.000000000000000    12.253916845503449
57 58
    -0.033382157715778    -0.000000000000000     0.000000000000000
     0.000000000000000    -0.061525177596877     0.000000000000000
    -0.000000000000000    -0.000000000000000    -0.061525177596877
57 59
    -0.061525177596877    -0.000000000000000     0.000000000000000
    -0.000000000000000    -0.033382157715778     0.000000000000000
    -0.000000000000000    -0.000000000000000    -0.061525177596877
57 60
    -0.011262453489280    -0.000000000000000     0.000000000000000
     0.000000000000000    -0.011262453489280     0.000000000000000
     0.000000000000000    -0.000000000000000     0.217939354325836
57 61
    -0.061525177596877    -0.000000000000000     0.000000000000000
     0.000000000000000    -0.061525177596877     0.000000000000000
    -0.000000000000000    -0.000000000000000    -0.033382157715778
57 62
    -0.011262453489280     0.000000000000000    -0.000000000000000
    -0.000000000000000     0.217939354325836     0.000000000000000
    -0.000000000000000    -0.000000000000000    -0.011262453489280
57 63
     0.217939354325836    -0.000000000000000     0.000000000000000
     0.000000000000000    -0.011262453489280     0.000000000000000
    -0.000000000000000     0.000000000000000    -0.011262453489280
57 64
    -0.005654635396013    -0.000000000000000     0.000000000000000
     0.000000000000000    -0.005654635396013     0.000000000000000
    -0.000000000000000    -0.000000000000000    -0.005654635396013
58 1
     0.005073655330534     0.034618866084202    -0.034618866084202
     0.034618866084202     0.065669057795503     0.028412563915481
    -0.034618866084202     0.028412563915481     0.065669057795503
58 2
    -2.936375630241628     1.981126959435641    -1.981126959435641
     1.981126959435642    -2.936375630241627     1.981126959435641
    -1.981126959435642     1.981126959435642    -2.936375630241628
58 3
    -0.019563048743976     0.021684910461772    -0.035574529101723
     0.021684910461772    -0.019563048743976     0.035574529101723
    -0.035574529101723     0.035574529101723    -0.116302803661483
58 4
     0.065669057795503     0.034618866084202    -0.028412563915481
     0.034618866084202     0.005073655330534     0.034618866084202
    -0.028412563915481     0.034618866084202     0.065669057795503
58 5
    -0.019563048743976     0.035574529101723    -0.021684910461772
     0.035574529101723    -0.116302803661483     0.035574529101723
    -0.021684910461772     0.035574529101723    -0.019563048743976
58 6
     0.065669057795503     0.028412563915481    -0.034618866084202
     0.028412563915481     0.065669057795503     0.034618866084202
    -0.034618866084202     0.034618866084202     0.005073655330534
58 7
     0.005100415756942     0.009146978118224    -0.009146978118224
     0.009146978118224     0.005100415756942     0.009146978118224
    -0.009146978118224     0.009146978118224     0.005100415756942
58 8
    -0.116302803661483     0.035574529101723    -0.035574529101723
     0.035574529101723    -0.019563048743976     0.021684910461772
    -0.035574529101723     0.021684910461772    -0.019563048743976
58 9
    -0.197889187410283     0.203163101105019     0.061054110119585
     0.203163101105019    -0.197889187410283    -0.061054110119585
    -0.061054110119585     0.061054110119585     0.325400609136750
58 10
    -0.197889187410283    -0.203163101105019     0.061054110119585
    -0.203163101105019    -0.197889187410283     0.061054110119585
    -0.061054110119585    -0.061054110119585     0.325400609136750
58 11
    -0.197889187410283    -0.203163101105019    -0.061054110119585
    -0.203163101105019    -0.197889187410283    -0.061054110119585
     0.061054110119585     0.061054110119585     0.325400609136750
58 12
    -0.197889187410283     0.203163101105019    -0.061054110119585
     0.203163101105019    -0.197889187410283     0.061054110119585
     0.061054110119585    -0.061054110119585     0.325400609136750
58 13
    -0.028598700163229    -0.039918368565850     0.012401695039443
    -0.039918368565850    -0.028598700163229    -0.012401695039443
    -0.012401695039443     0.012401695039443     0.006056474586558
58 14
    -0.028598700163229     0.039918368565850     0.012401695039443
     0.039918368565850    -0.028598700163229     0.012401695039443
    -0.012401695039443    -0.012401695039443     0.006056474586558
58 15
    -0.028598700163229     0.039918368565850    -0.012401695039443
     0.039918368565850    -0.028598700163229    -0.012401695039443
     0.012401695039443     0.012401695039443     0.006056474586558
58 16
    -0.028598700163229    -0.039918368565850    -0.012401695039443
    -0.039918368565850    -0.028598700163229     0.012401695039443
     0.012401695039443    -0.012401695039443     0.006056474586558
58 17
     0.005073655330534    -0.034618866084202     0.034618866084202
    -0.034618866084202     0.065669057795503     0.028412563915481
     0.034618866084202     0.028412563915481     0.065669057795503
58 18
    -2.936375630241627    -1.981126959435641     1.981126959435642
    -1.981126959435641    -2.936375630241627     1.981126959435642
     1.981126959435642     1.981126959435642    -2.936375630241629
58 19
    -0.019563048743976    -0.021684910461772     0.035574529101723
    -0.021684910461772    -0.019563048743976     0.035574529101723
     0.035574529101723     0.035574529101723    -0.116302803661483
58 20
     0.065669057795503    -0.034618866084202     0.028412563915481
    -0.034618866084202     0.005073655330534     0.034618866084202
     0.028412563915481     0.034618866084202     0.065669057795503
58 21
    -0.019563048743976    -0.035574529101723     0.021684910461772
    -0.035574529101723    -0.116302803661483     0.035574529101723
     0.021684910461772     0.035574529101723    -0.019563048743976
58 22
     0.065669057795503    -0.028412563915481     0.034618866084202
    -0.028412563915481     0.065669057795503     0.034618866084202
     0.034618866084202     0.034618866084202     0.005073655330534
58 23
     0.005100415756942    -0.009146978118224     0.009146978118224
    -0.009146978118224     0.005100415756942     0.009146978118224
     0.009146978118224     0.009146978118224     0.005100415756942
58 24
    -0.116302803661483    -0.035574529101723     0.035574529101723
    -0.035574529101723    -0.019563048743976     0.021684910461772
     0.035574529101723     0.021684910461772    -0.019563048743976
58 25
    -0.197889187410283     0.061054110119585     0.203163101105019
    -0.061054110119585     0.325400609136750     0.061054110119585
     0.203163101105020    -0.061054110119585    -0.197889187410283
58 26
    -0.197889187410283     0.061054110119585    -0.203163101105019
    -0.061054110119585     0.325400609136750    -0.061054110119585
    -0.203163101105020     0.061054110119585    -0.197889187410283
58 27
    -0.028598700163229     0.012401695039443    -0.039918368565850
    -0.012401695039443     0.006056474586558     0.012401695039443
    -0.039918368565850    -0.012401695039443    -0.028598700163229
58 28
    -0.028598700163229     0.012401695039443     0.039918368565850
    -0.012401695039443     0.006056474586558    -0.012401695039443
     0.039918368565850     0.012401695039443    -0.028598700163229
58 29
    -0.197889187410283    -0.061054110119585    -0.203163101105019
     0.061054110119585     0.325400609136750     0.061054110119585
    -0.203163101105019    -0.061054110119585    -0.197889187410283
58 30
    -0.197889187410283    -0.061054110119585     0.203163101105019
     0.061054110119585     0.325400609136750    -0.061054110119585
     0.203163101105020     0.061054110119585    -0.197889187410283
58 31
    -0.028598700163229    -0.012401695039443     0.039918368565850
     0.012401695039443     0.006056474586558     0.012401695039443
     0.039918368565850    -0.012401695039443    -0.028598700163229
58 32
    -0.028598700163229    -0.012401695039443    -0.039918368565850
     0.012401695039443     0.006056474586558    -0.012401695039443
    -0.039918368565850     0.012401695039443    -0.028598700163229
58 33
     0.005073655330534    -0.034618866084202    -0.034618866084202
    -0.034618866084202     0.065669057795503    -0.028412563915481
    -0.034618866084202    -0.028412563915481     0.065669057795503
58 34
    -2.936375630241626    -1.981126959435641    -1.981126959435642
    -1.981126959435641    -2.936375630241627    -1.981126959435642
    -1.981126959435642    -1.981126959435642    -2.936375630241629
58 35
    -0.019563048743976    -0.021684910461772    -0.035574529101723
    -0.021684910461772    -0.019563048743976    -0.035574529101723
    -0.035574529101723    -0.035574529101723    -0.116302803661483
58 36
     0.065669057795503    -0.034618866084202    -0.028412563915481
    -0.034618866084202     0.005073655330534    -0.034618866084202
    -0.028412563915481    -0.034618866084202     0.065669057795503
58 37
    -0.019563048743976    -0.035574529101723    -0.021684910461772
    -0.035574529101723    -0.116302803661483    -0.035574529101723
    -0.021684910461772    -0.035574529101723    -0.019563048743976
58 38
     0.065669057795503    -0.028412563915481    -0.034618866084202
    -0.028412563915481     0.065669057795503    -0.034618866084202
    -0.034618866084202    -0.034618866084202     0.005073655330534
58 39
     0.005100415756942    -0.009146978118224    -0.009146978118224
    -0.009146978118224     0.005100415756942    -0.009146978118224
    -0.009146978118224    -0.009146978118224     0.005100415756942
58 40
    -0.116302803661483    -0.035574529101723    -0.035574529101723
    -0.035574529101723    -0.019563048743976    -0.021684910461772
    -0.035574529101723    -0.021684910461772    -0.019563048743976
58 41
     0.006056474586558    -0.012401695039443    -0.012401695039443
     0.012401695039443    -0.028598700163229     0.039918368565850
     0.012401695039443     0.039918368565850    -0.028598700163229
58 42
     0.325400609136750    -0.061054110119585    -0.061054110119585
     0.061054110119585    -0.197889187410283    -0.203163101105019
     0.061054110119585    -0.203163101105019    -0.197889187410283
58 43
     0.006056474586558    -0.012401695039443     0.012401695039443
     0.012401695039443    -0.028598700163229    -0.039918368565850
    -0.012401695039443    -0.039918368565850    -0.028598700163229
58 44
     0.325400609136750    -0.061054110119585     0.061054110119585
     0.061054110119585    -0.197889187410283     0.203163101105019
    -0.061054110119585     0.203163101105019    -0.197889187410283
58 45
     0.006056474586558     0.012401695039443    -0.012401695039443
    -0.012401695039443    -0.028598700163229    -0.039918368565850
     0.012401695039443    -0.039918368565850    -0.028598700163229
58 46
     0.325400609136750     0.061054110119585    -0.061054110119585
    -0.061054110119585    -0.197889187410283     0.203163101105019
     0.061054110119585     0.203163101105019    -0.197889187410283
58 47
     0.006056474586558     0.012401695039443     0.012401695039443
    -0.012401695039443    -0.028598700163229     0.039918368565850
    -0.012401695039443     0.039918368565850    -0.028598700163229
58 48
     0.325400609136750     0.061054110119585     0.061054110119585
    -0.061054110119585    -0.197889187410283    -0.203163101105019
    -0.061054110119585    -0.203163101105019    -0.197889187410283
58 49
     0.005073655330534     0.034618866084202     0.034618866084202
     0.034618866084202     0.065669057795503    -0.028412563915481
     0.034618866084202    -0.028412563915481     0.065669057795503
58 50
    -2.936375630241627     1.981126959435641     1.981126959435642
     1.981126959435641    -2.936375630241627    -1.981126959435642
     1.981126959435642    -1.981126959435642    -2.936375630241629
58 51
    -0.019563048743976     0.021684910461772     0.035574529101723
     0.021684910461772    -0.019563048743976    -0.035574529101723
     0.035574529101723    -0.035574529101723    -0.116302803661483
58 52
     0.065669057795503     0.034618866084202     0.028412563915481
     0.034618866084202     0.005073655330534    -0.034618866084202
     0.028412563915481    -0.034618866084202     0.065669057795503
58 53
    -0.019563048743976     0.035574529101723     0.021684910461772
     0.035574529101723    -0.116302803661483    -0.035574529101723
     0.021684910461772    -0.035574529101723    -0.019563048743976
58 54
     0.065669057795503     0.028412563915481     0.034618866084202
     0.028412563915481     0.065669057795503    -0.034618866084202
     0.034618866084202    -0.034618866084202     0.005073655330534
58 55
     0.005100415756942     0.009146978118224     0.009146978118224
     0.009146978118224     0.005100415756942    -0.009146978118224
     0.009146978118224    -0.009146978118224     0.005100415756942
58 56
    -0.116302803661483     0.035574529101723     0.035574529101723
     0.035574529101723    -0.019563048743976    -0.021684910461772
     0.035574529101723    -0.021684910461772    -0.019563048743976
58 57
    -0.033382157715778     0.000000000000000    -0.000000000000000
    -0.000000000000000    -0.061525177596877    -0.000000000000000
     0.000000000000000     0.000000000000000    -0.061525177596877
58 58
    12.253916845503451    -0.000000000000000     0.000000000000000
    -0.000000000000000    12.253916845503451     0.000000000000000
     0.000000000000000     0.000000000000000    12.253916845503458
58 59
    -0.011262453489280     0.000000000000000    -0.000000000000000
    -0.000000000000000    -0.011262453489280     0.000000000000000
     0.000000000000000    -0.000000000000000     0.217939354325836
58 60
    -0.061525177596877    -0.000000000000000    -0.000000000000000
     0.000000000000000    -0.033382157715778    -0.000000000000000
     0.000000000000000    -0.000000000000000    -0.061525177596877
58 61
    -0.011262453489280     0.000000000000000    -0.000000000000000
    -0.000000000000000     0.217939354325836     0.000000000000000
    -0.000000000000000    -0.000000000000000    -0.011262453489280
58 62
    -0.061525177596877     0.000000000000000    -0.000000000000000
    -0.000000000000000    -0.061525177596877    -0.000000000000000
    -0.000000000000000    -0.000000000000000    -0.033382157715778
58 63
    -0.005654635396013    -0.000000000000000    -0.000000000000000
    -0.000000000000000    -0.005654635396013     0.000000000000000
    -0.000000000000000     0.000000000000000    -0.005654635396013
58 64
     0.217939354325836     0.000000000000000     0.000000000000000
    -0.000000000000000    -0.011262453489280     0.000000000000000
    -0.000000000000000    -0.000000000000000    -0.011262453489280
59 1
     0.065669057795503     0.034618866084202    -0.028412563915481
     0.034618866084202     0.005073655330534     0.034618866084202
    -0.028412563915481     0.034618866084202     0.065669057795503
59 2
    -0.019563048743976     0.021684910461772    -0.035574529101723
     0.021684910461772    -0.019563048743976     0.035574529101723
    -0.035574529101723     0.035574529101723    -0.116302803661483
59 3
    -2.936375630241626     1.981126959435642    -1.981126959435641
     1.981126959435641    -2.936375630241628     1.981126959435641
    -1.981126959435642     1.981126959435642    -2.936375630241628
59 4
     0.005073655330534     0.034618866084202    -0.034618866084202
     0.034618866084202     0.065669057795503     0.028412563915481
    -0.034618866084202     0.028412563915481     0.065669057795503
59 5
    -0.116302803661483     0.035574529101723    -0.035574529101723
     0.035574529101723    -0.019563048743976     0.021684910461772
    -0.035574529101723     0.021684910461772    -0.019563048743976
59 6
     0.005100415756942     0.009146978118224    -0.009146978118224
     0.009146978118224     0.005100415756942     0.009146978118224
    -0.009146978118224     0.009146978118224     0.005100415756942
59 7
     0.065669057795503     0.028412563915481    -0.034618866084202
     0.028412563915481     0.065669057795503     0.034618866084202
    -0.034618866084202     0.034618866084202     0.005073655330534
59 8
    -0.019563048743976     0.035574529101723    -0.021684910461772
     0.035574529101723    -0.116302803661483     0.035574529101723
    -0.021684910461772     0.035574529101723    -0.019563048743976
59 9
    -0.197889187410283     0.203163101105019    -0.061054110119585
     0.203163101105019    -0.197889187410283     0.061054110119585
     0.061054110119585    -0.061054110119585     0.325400609136750
59 10
    -0.197889187410283    -0.203163101105019    -0.061054110119585
    -0.203163101105019    -0.197889187410283    -0.061054110119585
     0.061054110119585     0.061054110119585     0.325400609136750
59 11
    -0.197889187410283    -0.203163101105019     0.061054110119585
    -0.203163101105019    -0.197889187410283     0.061054110119585
    -0.061054110119585    -0.061054110119585     0.325400609136750
59 12
    -0.197889187410283     0.203163101105019     0.061054110119585
     0.203163101105019    -0.197889187410283    -0.061054110119585
    -0.061054110119585     0.061054110119585     0.325400609136750
59 13
    -0.028598700163229    -0.039918368565850    -0.012401695039443
    -0.039918368565850    -0.028598700163229     0.012401695039443
     0.012401695039443    -0.012401695039443     0.006056474586558
59 14
    -0.028598700163229     0.039918368565850    -0.012401695039443
     0.039918368565850    -0.028598700163229    -0.012401695039443
     0.012401695039443     0.012401695039443     0.006056474586558
59 15
    -0.028598700163229     0.039918368565850     0.012401695039443
     0.039918368565850    -0.028598700163229     0.012401695039443
    -0.012401695039443    -0.012401695039443     0.006056474586558
59 16
    -0.028598700163229    -0.039918368565850     0.012401695039443
    -0.039918368565850    -0.028598700163229    -0.012401695039443
    -0.012401695039443     0.012401695039443     0.006056474586558
59 17
     0.065669057795503    -0.034618866084202     0.028412563915481
    -0.034618866084202     0.005073655330534     0.034618866084202
     0.028412563915481     0.034618866084202     0.065669057795503
59 18
    -0.019563048743976    -0.021684910461772     0.035574529101723
    -0.021684910461772    -0.019563048743976     0.035574529101723
     0.035574529101723     0.035574529101723    -0.116302803661483
59 19
    -2.936375630241627    -1.981126959435641     1.981126959435642
    -1.981126959435641    -2.936375630241627     1.981126959435642
     1.981126959435642     1.981126959435642    -2.936375630241629
59 20
     0.005073655330534    -0.034618866084202     0.034618866084202
    -0.034618866084202     0.065669057795503     0.028412563915481
     0.034618866084202     0.028412563915481     0.065669057795503
59 21
    -0.116302803661483    -0.035574529101723     0.035574529101723
    -0.035574529101723    -0.019563048743976     0.021684910461772
     0.035574529101723     0.021684910461772    -0.019563048743976
59 22
     0.005100415756942    -0.009146978118224     0.009146978118224
    -0.009146978118224     0.005100415756942     0.009146978118224
     0.009146978118224     0.009146978118224     0.005100415756942
59 23
     0.065669057795503    -0.028412563915481     0.034618866084202
    -0.028412563915481     0.065669057795503     0.034618866084202
     0.034618866084202     0.034618866084202     0.005073655330534
59 24
    -0.019563048743976    -0.035574529101723     0.021684910461772
    -0.035574529101723    -0.116302803661483     0.035574529101723
     0.021684910461772     0.035574529101723    -0.019563048743976
59 25
    -0.028598700163229     0.012401695039443     0.039918368565850
    -0.012401695039443     0.006056474586558    -0.012401695039443
     0.039918368565850     0.012401695039443    -0.028598700163229
59 26
    -0.028598700163229     0.012401695039443    -0.039918368565850
    -0.012401695039443     0.006056474586558     0.012401695039443
    -0.039918368565850    -0.012401695039443    -0.028598700163229
59 27
    -0.197889187410283     0.061054110119585    -0.203163101105019
    -0.061054110119585     0.325400609136750    -0.061054110119585
    -0.203163101105019     0.061054110119585    -0.197889187410283
59 28
    -0.197889187410283     0.061054110119585     0.203163101105019
    -0.061054110119585     0.325400609136750     0.061054110119585
     0.203163101105019    -0.061054110119585    -0.197889187410283
59 29
    -0.028598700163229    -0.012401695039443    -0.039918368565850
     0.012401695039443     0.006056474586558    -0.012401695039443
    -0.039918368565850     0.012401695039443    -0.028598700163229
59 30
    -0.028598700163229    -0.012401695039443     0.039918368565850
     0.012401695039443     0.006056474586558     0.012401695039443
     0.039918368565850    -0.012401695039443    -0.028598700163229
59 31
    -0.197889187410283    -0.061054110119585     0.203163101105019
     0.061054110119585     0.325400609136750    -0.061054110119585
     0.203163101105019     0.061054110119585    -0.197889187410283
59 32
    -0.197889187410283    -0.061054110119585    -0.203163101105019
     0.061054110119585     0.325400609136750     0.061054110119585
    -0.203163101105019    -0.061054110119585    -0.197889187410283
59 33
     0.065669057795503    -0.034618866084202    -0.028412563915481
    -0.034618866084202     0.005073655330534    -0.034618866084202
    -0.028412563915481    -0.034618866084202     0.065669057795503
59 34
    -0.019563048743976    -0.021684910461772    -0.035574529101723
    -0.021684910461772    -0.019563048743976    -0.035574529101723
    -0.035574529101723    -0.035574529101723    -0.116302803661483
59 35
    -2.936375630241626    -1.981126959435641    -1.981126959435642
    -1.981126959435641    -2.936375630241627    -1.981126959435642
    -1.981126959435642    -1.981126959435642    -2.936375630241629
59 36
     0.005073655330534    -0.034618866084202    -0.034618866084202
    -0.034618866084202     0.065669057795503    -0.028412563915481
    -0.034618866084202    -0.028412563915481     0.065669057795503
59 37
    -0.116302803661483    -0.035574529101723    -0.035574529101723
    -0.035574529101723    -0.019563048743976    -0.021684910461772
    -0.035574529101723    -0.021684910461772    -0.019563048743976
59 38
     0.005100415756942    -0.009146978118224    -0.009146978118224
    -0.009146978118224     0.005100415756942    -0.009146978118224
    -0.009146978118224    -0.009146978118224     0.005100415756942
59 39
     0.065669057795503    -0.028412563915481    -0.034618866084202
    -0.028412563915481     0.065669057795503    -0.034618866084202
    -0.034618866084202    -0.034618866084202     0.005073655330534
59 40
    -0.019563048743976    -0.035574529101723    -0.021684910461772
    -0.035574529101723    -0.116302803661483    -0.035574529101723
    -0.021684910461772    -0.035574529101723    -0.019563048743976
59 41
     0.325400609136750    -0.061054110119585     0.061054110119585
     0.061054110119585    -0.197889187410283     0.203163101105019
    -0.061054110119585     0.203163101105019    -0.197889187410283
59 42
     0.006056474586558    -0.012401695039443     0.012401695039443
     0.012401695039443    -0.028598700163229    -0.039918368565850
    -0.012401695039443    -0.039918368565850    -0.028598700163229
59 43
     0.325400609136750    -0.061054110119585    -0.061054110119585
     0.061054110119585    -0.197889187410283    -0.203163101105019
     0.061054110119585    -0.203163101105019    -0.197889187410283
59 44
     0.006056474586558    -0.012401695039443    -0.012401695039443
     0.012401695039443    -0.028598700163229     0.039918368565850
     0.012401695039443     0.039918368565850    -0.028598700163229
59 45
     0.325400609136750     0.061054110119585     0.061054110119585
    -0.061054110119585    -0.197889187410283    -0.203163101105019
    -0.061054110119585    -0.203163101105019    -0.197889187410283
59 46
     0.006056474586558     0.012401695039443     0.012401695039443
    -0.012401695039443    -0.028598700163229     0.039918368565850
    -0.012401695039443     0.039918368565850    -0.028598700163229
59 47
     0.325400609136750     0.061054110119585    -0.061054110119585
    -0.061054110119585    -0.197889187410283     0.203163101105019
     0.061054110119585     0.203163101105020    -0.197889187410283
59 48
     0.006056474586558     0.012401695039443    -0.012401695039443
    -0.012401695039443    -0.028598700163229    -0.039918368565850
     0.012401695039443    -0.039918368565850    -0.028598700163229
59 49
     0.065669057795503     0.034618866084202     0.028412563915481
     0.034618866084202     0.005073655330534    -0.034618866084202
     0.028412563915481    -0.034618866084202     0.065669057795503
59 50
    -0.019563048743976     0.021684910461772     0.035574529101723
     0.021684910461772    -0.019563048743976    -0.035574529101723
     0.035574529101723    -0.035574529101723    -0.116302803661483
59 51
    -2.936375630241627     1.981126959435642     1.981126959435641
     1.981126959435641    -2.936375630241628    -1.981126959435641
     1.981126959435642    -1.981126959435642    -2.936375630241628
59 52
     0.005073655330534     0.034618866084202     0.034618866084202
     0.034618866084202     0.065669057795503    -0.028412563915481
     0.034618866084202    -0.028412563915481     0.065669057795503
59 53
    -0.116302803661483     0.035574529101723     0.035574529101723
     0.035574529101723    -0.019563048743976    -0.021684910461772
     0.035574529101723    -0.021684910461772    -0.019563048743976
59 54
     0.005100415756942     0.009146978118224     0.009146978118224
     0.009146978118224     0.005100415756942    -0.009146978118224
     0.009146978118224    -0.009146978118224     0.005100415756942
59 55
     0.065669057795503     0.028412563915481     0.034618866084202
     0.028412563915481     0.065669057795503    -0.034618866084202
     0.034618866084202    -0.034618866084202     0.005073655330534
59 56
    -0.019563048743976     0.035574529101723     0.021684910461772
     0.035574529101723    -0.116302803661483    -0.035574529101723
     0.021684910461772    -0.035574529101723    -0.019563048743976
59 57
    -0.061525177596877    -0.000000000000000    -0.000000000000000
    -0.000000000000000    -0.033382157715778    -0.000000000000000
     0.000000000000000     0.000000000000000    -0.061525177596877
59 58
    -0.011262453489280    -0.000000000000000     0.000000000000000
     0.000000000000000    -0.011262453489280    -0.000000000000000
    -0.000000000000000     0.000000000000000     0.217939354325836
59 59
    12.253916845503451    -0.000000000000000    -0.000000000000000
    -0.000000000000000    12.253916845503452     0.000000000000000
    -0.000000000000000     0.000000000000000    12.253916845503456
59 60
    -0.033382157715778    -0.000000000000000     0.000000000000000
     0.000000000000000    -0.061525177596877    -0.000000000000000
    -0.000000000000000    -0.000000000000000    -0.061525177596877
59 61
     0.217939354325836    -0.000000000000000    -0.000000000000000
     0.000000000000000    -0.011262453489280    -0.000000000000000
    -0.000000000000000    -0.000000000000000    -0.011262453489280
59 62
    -0.005654635396013    -0.000000000000000    -0.000000000000000
    -0.000000000000000    -0.005654635396013    -0.000000000000000
    -0.000000000000000    -0.000000000000000    -0.005654635396013
59 63
    -0.061525177596877    -0.000000000000000    -0.000000000000000
     0.000000000000000    -0.061525177596877    -0.000000000000000
    -0.000000000000000     0.000000000000000    -0.033382157715778
59 64
    -0.011262453489280    -0.000000000000000     0.000000000000000
     0.000000000000000     0.217939354325836    -0.000000000000000
    -0.000000000000000    -0.000000000000000    -0.011262453489280
60 1
    -0.019563048743976     0.021684910461772    -0.035574529101723
     0.021684910461772    -0.019563048743976     0.035574529101723
    -0.035574529101723     0.035574529101723    -0.116302803661483
60 2
     0.065669057795503     0.034618866084202    -0.028412563915481
     0.034618866084202     0.005073655330534     0.034618866084202
    -0.028412563915481     0.034618866084202     0.065669057795503
60 3
     0.005073655330534     0.034618866084202    -0.034618866084202
     0.034618866084202     0.065669057795503     0.028412563915481
    -0.034618866084202     0.028412563915481     0.065669057795503
60 4
    -2.936375630241628     1.981126959435641    -1.981126959435641
     1.981126959435642    -2.936375630241628     1.981126959435642
    -1.981126959435642     1.981126959435641    -2.936375630241627
60 5
     0.005100415756942     0.009146978118224    -0.009146978118224
     0.009146978118224     0.005100415756942     0.009146978118224
    -0.009146978118224     0.009146978118224     0.005100415756942
60 6
    -0.116302803661483     0.035574529101723    -0.035574529101723
     0.035574529101723    -0.019563048743976     0.021684910461772
    -0.035574529101723     0.021684910461772    -0.019563048743976
60 7
    -0.019563048743976     0.035574529101723    -0.021684910461772
     0.035574529101723    -0.116302803661483     0.035574529101723
    -0.021684910461772     0.035574529101723    -0.019563048743976
60 8
     0.065669057795503     0.028412563915481    -0.034618866084202
     0.028412563915481     0.065669057795503     0.034618866084202
    -0.034618866084202     0.034618866084202     0.005073655330534
60 9
    -0.197889187410283    -0.203163101105019    -0.061054110119585
    -0.203163101105019    -0.197889187410283    -0.061054110119585
     0.061054110119585     0.061054110119585     0.325400609136750
60 10
    -0.197889187410283     0.203163101105019    -0.061054110119585
     0.203163101105019    -0.197889187410283     0.061054110119585
     0.061054110119585    -0.061054110119585     0.325400609136750
60 11
    -0.197889187410283     0.203163101105019     0.061054110119585
     0.203163101105020    -0.197889187410283    -0.061054110119585
    -0.061054110119585     0.061054110119585     0.325400609136750
60 12
    -0.197889187410283    -0.203163101105019     0.061054110119585
    -0.203163101105020    -0.197889187410283     0.061054110119585
    -0.061054110119585    -0.061054110119585     0.325400609136750
60 13
    -0.028598700163229     0.039918368565850    -0.012401695039443
     0.039918368565850    -0.028598700163229    -0.012401695039443
     0.012401695039443     0.012401695039443     0.006056474586558
60 14
    -0.028598700163229    -0.039918368565850    -0.012401695039443
    -0.039918368565850    -0.028598700163229     0.012401695039443
     0.012401695039443    -0.012401695039443     0.006056474586558
60 15
    -0.028598700163229    -0.039918368565850     0.012401695039443
    -0.039918368565850    -0.028598700163229    -0.012401695039443
    -0.012401695039443     0.012401695039443     0.006056474586558
60 16
    -0.028598700163229     0.039918368565850     0.012401695039443
     0.039918368565850    -0.028598700163229     0.012401695039443
    -0.012401695039443    -0.012401695039443     0.006056474586558
60 17
    -0.019563048743976    -0.021684910461772     0.035574529101723
    -0.021684910461772    -0.019563048743976     0.035574529101723
     0.035574529101723     0.035574529101723    -0.116302803661483
60 18
     0.065669057795503    -0.034618866084202     0.028412563915481
    -0.034618866084202     0.005073655330534     0.034618866084202
     0.028412563915481     0.034618866084202     0.065669057795503
60 19
     0.005073655330534    -0.034618866084202     0.034618866084202
    -0.034618866084202     0.065669057795503     0.028412563915481
     0.034618866084202     0.028412563915481     0.065669057795503
60 20
    -2.936375630241627    -1.981126959435642     1.981126959435641
    -1.981126959435642    -2.936375630241629     1.981126959435642
     1.981126959435641     1.981126959435642    -2.936375630241627
60 21
     0.005100415756942    -0.009146978118224     0.009146978118224
    -0.009146978118224     0.005100415756942     0.009146978118224
     0.009146978118224     0.009146978118224     0.005100415756942
60 22
    -0.116302803661483    -0.035574529101723     0.035574529101723
    -0.035574529101723    -0.019563048743976     0.021684910461772
     0.035574529101723     0.021684910461772    -0.019563048743976
60 23
    -0.019563048743976    -0.035574529101723     0.021684910461772
    -0.035574529101723    -0.116302803661483     0.035574529101723
     0.021684910461772     0.035574529101723    -0.019563048743976
60 24
     0.065669057795503    -0.028412563915481     0.034618866084202
    -0.028412563915481     0.065669057795503     0.034618866084202
     0.034618866084202     0.034618866084202     0.005073655330534
60 25
    -0.028598700163229     0.012401695039443    -0.039918368565850
    -0.012401695039443     0.006056474586558     0.012401695039443
    -0.039918368565850    -0.012401695039443    -0.028598700163229
60 26
    -0.028598700163229     0.012401695039443     0.039918368565850
    -0.012401695039443     0.006056474586558    -0.012401695039443
     0.039918368565850     0.012401695039443    -0.028598700163229
60 27
    -0.197889187410283     0.061054110119585     0.203163101105019
    -0.061054110119585     0.325400609136750     0.061054110119585
     0.203163101105019    -0.061054110119585    -0.197889187410283
60 28
    -0.197889187410283     0.061054110119585    -0.203163101105019
    -0.061054110119585     0.325400609136750    -0.061054110119585
    -0.203163101105019     0.061054110119585    -0.197889187410283
60 29
    -0.028598700163229    -0.012401695039443     0.039918368565850
     0.012401695039443     0.006056474586558     0.012401695039443
     0.039918368565850    -0.012401695039443    -0.028598700163229
60 30
    -0.028598700163229    -0.012401695039443    -0.039918368565850
     0.012401695039443     0.006056474586558    -0.012401695039443
    -0.039918368565850     0.012401695039443    -0.028598700163229
60 31
    -0.197889187410283    -0.061054110119585    -0.203163101105019
     0.061054110119585     0.325400609136750     0.061054110119585
    -0.203163101105019    -0.061054110119585    -0.197889187410283
60 32
    -0.197889187410283    -0.061054110119585     0.203163101105019
     0.061054110119585     0.325400609136750    -0.061054110119585
     0.203163101105019     0.061054110119585    -0.197889187410283
60 33
    -0.019563048743976    -0.021684910461772    -0.035574529101723
    -0.021684910461772    -0.019563048743976    -0.035574529101723
    -0.035574529101723    -0.035574529101723    -0.116302803661483
60 34
     0.065669057795503    -0.034618866084202    -0.028412563915481
    -0.034618866084202     0.005073655330534    -0.034618866084202
    -0.028412563915481    -0.034618866084202     0.065669057795503
60 35
     0.005073655330534    -0.034618866084202    -0.034618866084202
    -0.034618866084202     0.065669057795503    -0.028412563915481
    -0.034618866084202    -0.028412563915481     0.065669057795503
60 36
    -2.936375630241628    -1.981126959435641    -1.981126959435641
    -1.981126959435642    -2.936375630241628    -1.981126959435642
    -1.981126959435642    -1.981126959435641    -2.936375630241627
60 37
     0.005100415756942    -0.009146978118224    -0.009146978118224
    -0.009146978118224     0.005100415756942    -0.009146978118224
    -0.009146978118224    -0.009146978118224     0.005100415756942
60 38
    -0.116302803661483    -0.035574529101723    -0.035574529101723
    -0.035574529101723    -0.019563048743976    -0.021684910461772
    -0.035574529101723    -0.021684910461772    -0.019563048743976
60 39
    -0.019563048743976    -0.035574529101723    -0.021684910461772
    -0.035574529101723    -0.116302803661483    -0.035574529101723
    -0.021684910461772    -0.035574529101723    -0.019563048743976
60 40
     0.065669057795503    -0.028412563915481    -0.034618866084202
    -0.028412563915481     0.065669057795503    -0.034618866084202
    -0.034618866084202    -0.034618866084202     0.005073655330534
60 41
     0.006056474586558    -0.012401695039443     0.012401695039443
     0.012401695039443    -0.028598700163229    -0.039918368565850
    -0.012401695039443    -0.039918368565850    -0.028598700163229
60 42
     0.325400609136750    -0.061054110119585     0.061054110119585
     0.061054110119585    -0.197889187410283     0.203163101105020
    -0.061054110119585     0.203163101105019    -0.197889187410283
60 43
     0.006056474586558    -0.012401695039443    -0.012401695039443
     0.012401695039443    -0.028598700163229     0.039918368565850
     0.012401695039443     0.039918368565850    -0.028598700163229
60 44
     0.325400609136750    -0.061054110119585    -0.061054110119585
     0.061054110119585    -0.197889187410283    -0.203163101105019
     0.061054110119585    -0.203163101105019    -0.197889187410283
60 45
     0.006056474586558     0.012401695039443     0.012401695039443
    -0.012401695039443    -0.028598700163229     0.039918368565850
    -0.012401695039443     0.039918368565850    -0.028598700163229
60 46
     0.325400609136750     0.061054110119585     0.061054110119585
    -0.061054110119585    -0.197889187410283    -0.203163101105020
    -0.061054110119585    -0.203163101105019    -0.197889187410283
60 47
     0.006056474586558     0.012401695039443    -0.012401695039443
    -0.012401695039443    -0.028598700163229    -0.039918368565850
     0.012401695039443    -0.039918368565850    -0.028598700163229
60 48
     0.325400609136750     0.061054110119585    -0.061054110119585
    -0.061054110119585    -0.197889187410283     0.203163101105019
     0.061054110119585     0.203163101105019    -0.197889187410283
60 49
    -0.019563048743976     0.021684910461772     0.035574529101723
     0.021684910461772    -0.019563048743976    -0.035574529101723
     0.035574529101723    -0.035574529101723    -0.116302803661483
60 50
     0.065669057795503     0.034618866084202     0.028412563915481
     0.034618866084202     0.005073655330534    -0.034618866084202
     0.028412563915481    -0.034618866084202     0.065669057795503
60 51
     0.005073655330534     0.034618866084202     0.034618866084202
     0.034618866084202     0.065669057795503    -0.028412563915481
     0.034618866084202    -0.028412563915481     0.065669057795503
60 52
    -2.936375630241628     1.981126959435641     1.981126959435641
     1.981126959435642    -2.936375630241628    -1.981126959435642
     1.981126959435642    -1.981126959435641    -2.936375630241627
60 53
     0.005100415756942     0.009146978118224     0.009146978118224
     0.009146978118224     0.005100415756942    -0.009146978118224
     0.009146978118224    -0.009146978118224     0.005100415756942
60 54
    -0.116302803661483     0.035574529101723     0.035574529101723
     0.035574529101723    -0.019563048743976    -0.021684910461772
     0.035574529101723    -0.021684910461772    -0.019563048743976
60 55
    -0.019563048743976     0.035574529101723     0.021684910461772
     0.035574529101723    -0.116302803661483    -0.035574529101723
     0.021684910461772    -0.035574529101723    -0.019563048743976
60 56
     0.065669057795503     0.028412563915481     0.034618866084202
     0.028412563915481     0.065669057795503    -0.034618866084202
     0.034618866084202    -0.034618866084202     0.005073655330534
60 57
    -0.011262453489280     0.000000000000000     0.000000000000000
    -0.000000000000000    -0.011262453489280    -0.000000000000000
     0.000000000000000     0.000000000000000     0.217939354325836
60 58
    -0.061525177596877     0.000000000000000     0.000000000000000
    -0.000000000000000    -0.033382157715778    -0.000000000000000
    -0.000000000000000    -0.000000000000000    -0.061525177596877
60 59
    -0.033382157715778     0.000000000000000    -0.000000000000000
    -0.000000000000000    -0.061525177596877    -0.000000000000000
     0.000000000000000    -0.000000000000000    -0.061525177596877
60 60
    12.253916845503454    -0.000000000000000     0.000000000000000
    -0.000000000000000    12.253916845503456    -0.000000000000000
     0.000000000000000    -0.000000000000000    12.253916845503451
60 61
    -0.005654635396013     0.000000000000000    -0.000000000000000
    -0.000000000000000    -0.005654635396013     0.000000000000000
    -0.000000000000000    -0.000000000000000    -0.005654635396013
60 62
     0.217939354325836     0.000000000000000    -0.000000000000000
    -0.000000000000000    -0.011262453489280    -0.000000000000000
     0.000000000000000    -0.000000000000000    -0.011262453489280
60 63
    -0.011262453489280     0.000000000000000    -0.000000000000000
     0.000000000000000     0.217939354325836    -0.000000000000000
    -0.000000000000000     0.000000000000000    -0.011262453489280
60 64
    -0.061525177596877     0.000000000000000     0.000000000000000
    -0.000000000000000    -0.061525177596877    -0.000000000000000
    -0.000000000000000    -0.000000000000000    -0.033382157715778
61 1
     0.065669057795503     0.028412563915481    -0.034618866084202
     0.028412563915481     0.065669057795503     0.034618866084202
    -0.034618866084202     0.034618866084202     0.005073655330534
61 2
    -0.019563048743976     0.035574529101723    -0.021684910461772
     0.035574529101723    -0.116302803661483     0.035574529101723
    -0.021684910461772     0.035574529101723    -0.019563048743976
61 3
    -0.116302803661483     0.035574529101723    -0.035574529101723
     0.035574529101723    -0.019563048743976     0.021684910461772
    -0.035574529101723     0.021684910461772    -0.019563048743976
61 4
     0.005100415756942     0.009146978118224    -0.009146978118224
     0.009146978118224     0.005100415756942     0.009146978118224
    -0.009146978118224     0.009146978118224     0.005100415756942
61 5
    -2.936375630241626     1.981126959435642    -1.981126959435641
     1.981126959435641    -2.936375630241628     1.981126959435641
    -1.981126959435642     1.981126959435642    -2.936375630241628
61 6
     0.005073655330534     0.034618866084202    -0.034618866084202
     0.034618866084202     0.065669057795503     0.028412563915481
    -0.034618866084202     0.028412563915481     0.065669057795503
61 7
     0.065669057795503     0.034618866084202    -0.028412563915481
     0.034618866084202     0.005073655330534     0.034618866084202
    -0.028412563915481     0.034618866084202     0.065669057795503
61 8
    -0.019563048743976     0.021684910461772    -0.035574529101723
     0.021684910461772    -0.019563048743976     0.035574529101723
    -0.035574529101723     0.035574529101723    -0.116302803661483
61 9
    -0.028598700163229     0.039918368565850     0.012401695039443
     0.039918368565850    -0.028598700163229     0.012401695039443
    -0.012401695039443    -0.012401695039443     0.006056474586558
61 10
    -0.028598700163229    -0.039918368565850     0.012401695039443
    -0.039918368565850    -0.028598700163229    -0.012401695039443
    -0.012401695039443     0.012401695039443     0.006056474586558
61 11
    -0.028598700163229    -0.039918368565850    -0.012401695039443
    -0.039918368565850    -0.028598700163229     0.012401695039443
     0.012401695039443    -0.012401695039443     0.006056474586558
61 12
    -0.028598700163229     0.039918368565850    -0.012401695039443
     0.039918368565850    -0.028598700163229    -0.012401695039443
     0.012401695039443     0.012401695039443     0.006056474586558
61 13
    -0.197889187410283    -0.203163101105019     0.061054110119585
    -0.203163101105019    -0.197889187410283     0.061054110119585
    -0.061054110119585    -0.061054110119585     0.325400609136750
61 14
    -0.197889187410283     0.203163101105019     0.061054110119585
     0.203163101105019    -0.197889187410283    -0.061054110119585
    -0.061054110119585     0.061054110119585     0.325400609136750
61 15
    -0.197889187410283     0.203163101105019    -0.061054110119585
     0.203163101105019    -0.197889187410283     0.061054110119585
     0.061054110119585    -0.061054110119585     0.325400609136750
61 16
    -0.197889187410283    -0.203163101105019    -0.061054110119585
    -0.203163101105019    -0.197889187410283    -0.061054110119585
     0.061054110119585     0.061054110119585     0.325400609136750
61 17
     0.065669057795503    -0.028412563915481     0.034618866084202
    -0.028412563915481     0.065669057795503     0.034618866084202
     0.034618866084202     0.034618866084202     0.005073655330534
61 18
    -0.019563048743976    -0.035574529101723     0.021684910461772
    -0.035574529101723    -0.116302803661483     0.035574529101723
     0.021684910461772     0.035574529101723    -0.019563048743976
61 19
    -0.116302803661483    -0.035574529101723     0.035574529101723
    -0.035574529101723    -0.019563048743976     0.021684910461772
     0.035574529101723     0.021684910461772    -0.019563048743976
61 20
     0.005100415756942    -0.009146978118224     0.009146978118224
    -0.009146978118224     0.005100415756942     0.009146978118224
     0.009146978118224     0.009146978118224     0.005100415756942
61 21
    -2.936375630241627    -1.981126959435641     1.981126959435642
    -1.981126959435641    -2.936375630241627     1.981126959435642
     1.981126959435642     1.981126959435642    -2.936375630241629
61 22
     0.005073655330534    -0.034618866084202     0.034618866084202
    -0.034618866084202     0.065669057795503     0.028412563915481
     0.034618866084202     0.028412563915481     0.065669057795503
61 23
     0.065669057795503    -0.034618866084202     0.028412563915481
    -0.034618866084202     0.005073655330534     0.034618866084202
     0.028412563915481     0.034618866084202     0.065669057795503
61 24
    -0.019563048743976    -0.021684910461772     0.035574529101723
    -0.021684910461772    -0.019563048743976     0.035574529101723
     0.035574529101723     0.035574529101723    -0.116302803661483
61 25
    -0.197889187410283    -0.061054110119585     0.203163101105019
     0.061054110119585     0.325400609136750    -0.061054110119585
     0.203163101105020     0.061054110119585    -0.197889187410283
61 26
    -0.197889187410283    -0.061054110119585    -0.203163101105019
     0.061054110119585     0.325400609136750     0.061054110119585
    -0.203163101105020    -0.061054110119585    -0.197889187410283
61 27
    -0.028598700163229    -0.012401695039443    -0.039918368565850
     0.012401695039443     0.006056474586558    -0.012401695039443
    -0.039918368565850     0.012401695039443    -0.028598700163229
61 28
    -0.028598700163229    -0.012401695039443     0.039918368565850
     0.012401695039443     0.006056474586558     0.012401695039443
     0.039918368565850    -0.012401695039443    -0.028598700163229
61 29
    -0.197889187410283     0.061054110119585    -0.203163101105019
    -0.061054110119585     0.325400609136750    -0.061054110119585
    -0.203163101105019     0.061054110119585    -0.197889187410283
61 30
    -0.197889187410283     0.061054110119585     0.203163101105019
    -0.061054110119585     0.325400609136750     0.061054110119585
     0.203163101105020    -0.061054110119585    -0.197889187410283
61 31
    -0.028598700163229     0.012401695039443     0.039918368565850
    -0.012401695039443     0.006056474586558    -0.012401695039443
     0.039918368565850     0.012401695039443    -0.028598700163229
61 32
    -0.028598700163229     0.012401695039443    -0.039918368565850
    -0.012401695039443     0.006056474586558     0.012401695039443
    -0.039918368565850    -0.012401695039443    -0.028598700163229
61 33
     0.065669057795503    -0.028412563915481    -0.034618866084202
    -0.028412563915481     0.065669057795503    -0.034618866084202
    -0.034618866084202    -0.034618866084202     0.005073655330534
61 34
    -0.019563048743976    -0.035574529101723    -0.021684910461772
    -0.035574529101723    -0.116302803661483    -0.035574529101723
    -0.021684910461772    -0.035574529101723    -0.019563048743976
61 35
    -0.116302803661483    -0.035574529101723    -0.035574529101723
    -0.035574529101723    -0.019563048743976    -0.021684910461772
    -0.035574529101723    -0.021684910461772    -0.019563048743976
61 36
     0.005100415756942    -0.009146978118224    -0.009146978118224
    -0.009146978118224     0.005100415756942    -0.009146978118224
    -0.009146978118224    -0.009146978118224     0.005100415756942
61 37
    -2.936375630241627    -1.981126959435642    -1.981126959435641
    -1.981126959435641    -2.936375630241628    -1.981126959435641
    -1.981126959435642    -1.981126959435642    -2.936375630241628
61 38
     0.005073655330534    -0.034618866084202    -0.034618866084202
    -0.034618866084202     0.065669057795503    -0.028412563915481
    -0.034618866084202    -0.028412563915481     0.065669057795503
61 39
     0.065669057795503    -0.034618866084202    -0.028412563915481
    -0.034618866084202     0.005073655330534    -0.034618866084202
    -0.028412563915481    -0.034618866084202     0.065669057795503
61 40
    -0.019563048743976    -0.021684910461772    -0.035574529101723
    -0.021684910461772    -0.019563048743976    -0.035574529101723
    -0.035574529101723    -0.035574529101723    -0.116302803661483
61 41
     0.325400609136750     0.061054110119585    -0.061054110119585
    -0.061054110119585    -0.197889187410283     0.203163101105019
     0.061054110119585     0.203163101105019    -0.197889187410283
61 42
     0.006056474586558     0.012401695039443    -0.012401695039443
    -0.012401695039443    -0.028598700163229    -0.039918368565850
     0.012401695039443    -0.039918368565850    -0.028598700163229
61 43
     0.325400609136750     0.061054110119585     0.061054110119585
    -0.061054110119585    -0.197889187410283    -0.203163101105019
    -0.061054110119585    -0.203163101105019    -0.197889187410283
61 44
     0.006056474586558     0.012401695039443     0.012401695039443
    -0.012401695039443    -0.028598700163229     0.039918368565850
    -0.012401695039443     0.039918368565850    -0.028598700163229
61 45
     0.325400609136750    -0.061054110119585    -0.061054110119585
     0.061054110119585    -0.197889187410283    -0.203163101105019
     0.061054110119585    -0.203163101105019    -0.197889187410283
61 46
     0.006056474586558    -0.012401695039443    -0.012401695039443
     0.012401695039443    -0.028598700163229     0.039918368565850
     0.012401695039443     0.039918368565850    -0.028598700163229
61 47
     0.325400609136750    -0.061054110119585     0.061054110119585
     0.061054110119585    -0.197889187410283     0.203163101105019
    -0.061054110119585     0.203163101105020    -0.197889187410283
61 48
     0.006056474586558    -0.012401695039443     0.012401695039443
     0.012401695039443    -0.028598700163229    -0.039918368565850
    -0.012401695039443    -0.039918368565850    -0.028598700163229
61 49
     0.065669057795503     0.028412563915481     0.034618866084202
     0.028412563915481     0.065669057795503    -0.034618866084202
     0.034618866084202    -0.034618866084202     0.005073655330534
61 50
    -0.019563048743976     0.035574529101723     0.021684910461772
     0.035574529101723    -0.116302803661483    -0.035574529101723
     0.021684910461772    -0.035574529101723    -0.019563048743976
61 51
    -0.116302803661483     0.035574529101723     0.035574529101723
     0.035574529101723    -0.019563048743976    -0.021684910461772
     0.035574529101723    -0.021684910461772    -0.019563048743976
61 52
     0.005100415756942     0.009146978118224     0.009146978118224
     0.009146978118224     0.005100415756942    -0.009146978118224
     0.009146978118224    -0.009146978118224     0.005100415756942
61 53
    -2.936375630241626     1.981126959435641     1.981126959435642
     1.981126959435641    -2.936375630241627    -1.981126959435642
     1.981126959435642    -1.981126959435642    -2.936375630241629
61 54
     0.005073655330534     0.034618866084202     0.034618866084202
     0.034618866084202     0.065669057795503    -0.028412563915481
     0.034618866084202    -0.028412563915481     0.065669057795503
61 55
     0.065669057795503     0.034618866084202     0.028412563915481
     0.034618866084202     0.005073655330534    -0.034618866084202
     0.028412563915481    -0.034618866084202     0.065669057795503
61 56
    -0.019563048743976     0.021684910461772     0.035574529101723
     0.021684910461772    -0.019563048743976    -0.035574529101723
     0.035574529101723    -0.035574529101723    -0.116302803661483
61 57
    -0.061525177596877     0.000000000000000    -0.000000000000000
    -0.000000000000000    -0.061525177596877    -0.000000000000000
     0.000000000000000     0.000000000000000    -0.033382157715778
61 58
    -0.011262453489280    -0.000000000000000    -0.000000000000000
     0.000000000000000     0.217939354325836    -0.000000000000000
    -0.000000000000000     0.000000000000000    -0.011262453489280
61 59
     0.217939354325836     0.000000000000000    -0.000000000000000
    -0.000000000000000    -0.011262453489280    -0.000000000000000
    -0.000000000000000    -0.000000000000000    -0.011262453489280
61 60
    -0.005654635396013    -0.000000000000000    -0.000000000000000
     0.000000000000000    -0.005654635396013    -0.000000000000000
    -0.000000000000000     0.000000000000000    -0.005654635396013
61 61
    12.253916845503449    -0.000000000000000    -0.000000000000000
    -0.000000000000000    12.253916845503454     0.000000000000000
    -0.000000000000000     0.000000000000000    12.253916845503454
61 62
    -0.033382157715778     0.000000000000000    -0.000000000000000
    -0.000000000000000    -0.061525177596877    -0.000000000000000
    -0.000000000000000     0.000000000000000    -0.061525177596877
61 63
    -0.061525177596877    -0.000000000000000    -0.000000000000000
     0.000000000000000    -0.033382157715778    -0.000000000000000
    -0.000000000000000     0.000000000000000    -0.061525177596877
61 64
    -0.011262453489280     0.000000000000000    -0.000000000000000
     0.000000000000000    -0.011262453489280    -0.000000000000000
    -0.000000000000000    -0.000000000000000     0.217939354325836
62 1
    -0.019563048743976     0.035574529101723    -0.021684910461772
     0.035574529101723    -0.116302803661483     0.035574529101723
    -0.021684910461772     0.035574529101723    -0.019563048743976
62 2
     0.065669057795503     0.028412563915481    -0.034618866084202
     0.028412563915481     0.065669057795503     0.034618866084202
    -0.034618866084202     0.034618866084202     0.005073655330534
62 3
     0.005100415756942     0.009146978118224    -0.009146978118224
     0.009146978118224     0.005100415756942     0.009146978118224
    -0.009146978118224     0.009146978118224     0.005100415756942
62 4
    -0.116302803661483     0.035574529101723    -0.035574529101723
     0.035574529101723    -0.019563048743976     0.021684910461772
    -0.035574529101723     0.021684910461772    -0.019563048743976
62 5
     0.005073655330534     0.034618866084202    -0.034618866084202
     0.034618866084202     0.065669057795503     0.028412563915481
    -0.034618866084202     0.028412563915481     0.065669057795503
62 6
    -2.936375630241628     1.981126959435642    -1.981126959435642
     1.981126959435641    -2.936375630241628     1.981126959435641
    -1.981126959435641     1.981126959435642    -2.936375630241626
62 7
    -0.019563048743976     0.021684910461772    -0.035574529101723
     0.021684910461772    -0.019563048743976     0.035574529101723
    -0.035574529101723     0.035574529101723    -0.116302803661483
62 8
     0.065669057795503     0.034618866084202    -0.028412563915481
     0.034618866084202     0.005073655330534     0.034618866084202
    -0.028412563915481     0.034618866084202     0.065669057795503
62 9
    -0.028598700163229    -0.039918368565850     0.012401695039443
    -0.039918368565850    -0.028598700163229    -0.012401695039443
    -0.012401695039443     0.012401695039443     0.006056474586558
62 10
    -0.028598700163229     0.039918368565850     0.012401695039443
     0.039918368565850    -0.028598700163229     0.012401695039443
    -0.012401695039443    -0.012401695039443     0.006056474586558
62 11
    -0.028598700163229     0.039918368565850    -0.012401695039443
     0.039918368565850    -0.028598700163229    -0.012401695039443
     0.012401695039443     0.012401695039443     0.006056474586558
62 12
    -0.028598700163229    -0.039918368565850    -0.012401695039443
    -0.039918368565850    -0.028598700163229     0.012401695039443
     0.012401695039443    -0.012401695039443     0.006056474586558
62 13
    -0.197889187410283     0.203163101105020     0.061054110119585
     0.203163101105019    -0.197889187410283    -0.061054110119585
    -0.061054110119585     0.061054110119585     0.325400609136750
62 14
    -0.197889187410283    -0.203163101105019     0.061054110119585
    -0.203163101105019    -0.197889187410283     0.061054110119585
    -0.061054110119585    -0.061054110119585     0.325400609136750
62 15
    -0.197889187410283    -0.203163101105019    -0.061054110119585
    -0.203163101105019    -0.197889187410283    -0.061054110119585
     0.061054110119585     0.061054110119585     0.325400609136750
62 16
    -0.197889187410283     0.203163101105019    -0.061054110119585
     0.203163101105019    -0.197889187410283     0.061054110119585
     0.061054110119585    -0.061054110119585     0.325400609136750
62 17
    -0.019563048743976    -0.035574529101723     0.021684910461772
    -0.035574529101723    -0.116302803661483     0.035574529101723
     0.021684910461772     0.035574529101723    -0.019563048743976
62 18
     0.065669057795503    -0.028412563915481     0.034618866084202
    -0.028412563915481     0.065669057795503     0.034618866084202
     0.034618866084202     0.034618866084202     0.005073655330534
62 19
     0.005100415756942    -0.009146978118224     0.009146978118224
    -0.009146978118224     0.005100415756942     0.009146978118224
     0.009146978118224     0.009146978118224     0.005100415756942
62 20
    -0.116302803661483    -0.035574529101723     0.035574529101723
    -0.035574529101723    -0.019563048743976     0.021684910461772
     0.035574529101723     0.021684910461772    -0.019563048743976
62 21
     0.005073655330534    -0.034618866084202     0.034618866084202
    -0.034618866084202     0.065669057795503     0.028412563915481
     0.034618866084202     0.028412563915481     0.065669057795503
62 22
    -2.936375630241629    -1.981126959435642     1.981126959435642
    -1.981126959435642    -2.936375630241627     1.981126959435641
     1.981126959435642     1.981126959435641    -2.936375630241627
62 23
    -0.019563048743976    -0.021684910461772     0.035574529101723
    -0.021684910461772    -0.019563048743976     0.035574529101723
     0.035574529101723     0.035574529101723    -0.116302803661483
62 24
     0.065669057795503    -0.034618866084202     0.028412563915481
    -0.034618866084202     0.005073655330534     0.034618866084202
     0.028412563915481     0.034618866084202     0.065669057795503
62 25
    -0.197889187410283    -0.061054110119585    -0.203163101105019
     0.061054110119585     0.325400609136750     0.061054110119585
    -0.203163101105019    -0.061054110119585    -0.197889187410283
62 26
    -0.197889187410283    -0.061054110119585     0.203163101105019
     0.061054110119585     0.325400609136750    -0.061054110119585
     0.203163101105019     0.061054110119585    -0.197889187410283
62 27
    -0.028598700163229    -0.012401695039443     0.039918368565850
     0.012401695039443     0.006056474586558     0.012401695039443
     0.039918368565850    -0.012401695039443    -0.028598700163229
62 28
    -0.028598700163229    -0.012401695039443    -0.039918368565850
     0.012401695039443     0.006056474586558    -0.012401695039443
    -0.039918368565850     0.012401695039443    -0.028598700163229
62 29
    -0.197889187410283     0.061054110119585     0.203163101105019
    -0.061054110119585     0.325400609136750     0.061054110119585
     0.203163101105019    -0.061054110119585    -0.197889187410283
62 30
    -0.197889187410283     0.061054110119585    -0.203163101105019
    -0.061054110119585     0.325400609136750    -0.061054110119585
    -0.203163101105019     0.061054110119585    -0.197889187410283
62 31
    -0.028598700163229     0.012401695039443    -0.039918368565850
    -0.012401695039443     0.006056474586558     0.012401695039443
    -0.039918368565850    -0.012401695039443    -0.028598700163229
62 32
    -0.028598700163229     0.012401695039443     0.039918368565850
    -0.012401695039443     0.006056474586558    -0.012401695039443
     0.039918368565850     0.012401695039443    -0.028598700163229
62 33
    -0.019563048743976    -0.035574529101723    -0.021684910461772
    -0.035574529101723    -0.116302803661483    -0.035574529101723
    -0.021684910461772    -0.035574529101723    -0.019563048743976
62 34
     0.065669057795503    -0.028412563915481    -0.034618866084202
    -0.028412563915481     0.065669057795503    -0.034618866084202
    -0.034618866084202    -0.034618866084202     0.005073655330534
62 35
     0.005100415756942    -0.009146978118224    -0.009146978118224
    -0.009146978118224     0.005100415756942    -0.009146978118224
    -0.009146978118224    -0.009146978118224     0.005100415756942
62 36
    -0.116302803661483    -0.035574529101723    -0.035574529101723
    -0.035574529101723    -0.019563048743976    -0.021684910461772
    -0.035574529101723    -0.021684910461772    -0.019563048743976
62 37
     0.005073655330534    -0.034618866084202    -0.034618866084202
    -0.034618866084202     0.065669057795503    -0.028412563915481
    -0.034618866084202    -0.028412563915481     0.065669057795503
62 38
    -2.936375630241629    -1.981126959435642    -1.981126959435642
    -1.981126959435642    -2.936375630241627    -1.981126959435641
    -1.981126959435642    -1.981126959435641    -2.936375630241627
62 39
    -0.019563048743976    -0.021684910461772    -0.035574529101723
    -0.021684910461772    -0.019563048743976    -0.035574529101723
    -0.035574529101723    -0.035574529101723    -0.116302803661483
62 40
     0.065669057795503    -0.034618866084202    -0.028412563915481
    -0.034618866084202     0.005073655330534    -0.034618866084202
    -0.028412563915481    -0.034618866084202     0.065669057795503
62 41
     0.006056474586558     0.012401695039443    -0.012401695039443
    -0.012401695039443    -0.028598700163229    -0.039918368565850
     0.012401695039443    -0.039918368565850    -0.028598700163229
62 42
     0.325400609136750     0.061054110119585    -0.061054110119585
    -0.061054110119585    -0.197889187410283     0.203163101105019
     0.061054110119585     0.203163101105019    -0.197889187410283
62 43
     0.006056474586558     0.012401695039443     0.012401695039443
    -0.012401695039443    -0.028598700163229     0.039918368565850
    -0.012401695039443     0.039918368565850    -0.028598700163229
62 44
     0.325400609136750     0.061054110119585     0.061054110119585
    -0.061054110119585    -0.197889187410283    -0.203163101105019
    -0.061054110119585    -0.203163101105019    -0.197889187410283
62 45
     0.006056474586558    -0.012401695039443    -0.012401695039443
     0.012401695039443    -0.028598700163229     0.039918368565850
     0.012401695039443     0.039918368565850    -0.028598700163229
62 46
     0.325400609136750    -0.061054110119585    -0.061054110119585
     0.061054110119585    -0.197889187410283    -0.203163101105019
     0.061054110119585    -0.203163101105019    -0.197889187410283
62 47
     0.006056474586558    -0.012401695039443     0.012401695039443
     0.012401695039443    -0.028598700163229    -0.039918368565850
    -0.012401695039443    -0.039918368565850    -0.028598700163229
62 48
     0.325400609136750    -0.061054110119585     0.061054110119585
     0.061054110119585    -0.197889187410283     0.203163101105019
    -0.061054110119585     0.203163101105019    -0.197889187410283
62 49
    -0.019563048743976     0.035574529101723     0.021684910461772
     0.035574529101723    -0.116302803661483    -0.035574529101723
     0.021684910461772    -0.035574529101723    -0.019563048743976
62 50
     0.065669057795503     0.028412563915481     0.034618866084202
     0.028412563915481     0.065669057795503    -0.034618866084202
     0.034618866084202    -0.034618866084202     0.005073655330534
62 51
     0.005100415756942     0.009146978118224     0.009146978118224
     0.009146978118224     0.005100415756942    -0.009146978118224
     0.009146978118224    -0.009146978118224     0.005100415756942
62 52
    -0.116302803661483     0.035574529101723     0.035574529101723
     0.035574529101723    -0.019563048743976    -0.021684910461772
     0.035574529101723    -0.021684910461772    -0.019563048743976
62 53
     0.005073655330534     0.034618866084202     0.034618866084202
     0.034618866084202     0.065669057795503    -0.028412563915481
     0.034618866084202    -0.028412563915481     0.065669057795503
62 54
    -2.936375630241629     1.981126959435642     1.981126959435642
     1.981126959435642    -2.936375630241627    -1.981126959435641
     1.981126959435642    -1.981126959435641    -2.936375630241627
62 55
    -0.019563048743976     0.021684910461772     0.035574529101723
     0.021684910461772    -0.019563048743976    -0.035574529101723
     0.035574529101723    -0.035574529101723    -0.116302803661483
62 56
     0.065669057795503     0.034618866084202     0.028412563915481
     0.034618866084202     0.005073655330534    -0.034618866084202
     0.028412563915481    -0.034618866084202     0.065669057795503
62 57
    -0.011262453489280    -0.000000000000000    -0.000000000000000
     0.000000000000000     0.217939354325836    -0.000000000000000
    -0.000000000000000     0.000000000000000    -0.011262453489280
62 58
    -0.061525177596877    -0.000000000000000    -0.000000000000000
     0.000000000000000    -0.061525177596877    -0.000000000000000
    -0.000000000000000    -0.000000000000000    -0.033382157715778
62 59
    -0.005654635396013    -0.000000000000000    -0.000000000000000
    -0.000000000000000    -0.005654635396013    -0.000000000000000
    -0.000000000000000    -0.000000000000000    -0.005654635396013
62 60
     0.217939354325836    -0.000000000000000     0.000000000000000
     0.000000000000000    -0.011262453489280    -0.000000000000000
    -0.000000000000000    -0.000000000000000    -0.011262453489280
62 61
    -0.033382157715778    -0.000000000000000    -0.000000000000000
     0.000000000000000    -0.061525177596877     0.000000000000000
    -0.000000000000000    -0.000000000000000    -0.061525177596877
62 62
    12.253916845503458    -0.000000000000000     0.000000000000000
    -0.000000000000000    12.253916845503451    -0.000000000000000
     0.000000000000000    -0.000000000000000    12.253916845503451
62 63
    -0.011262453489280    -0.000000000000000    -0.000000000000000
     0.000000000000000    -0.011262453489280    -0.000000000000000
    -0.000000000000000     0.000000000000000     0.217939354325836
62 64
    -0.061525177596877    -0.000000000000000     0.000000000000000
     0.000000000000000    -0.033382157715778     0.000000000000000
    -0.000000000000000    -0.000000000000000    -0.061525177596877
63 1
    -0.116302803661483     0.035574529101723    -0.035574529101723
     0.035574529101723    -0.019563048743976     0.021684910461772
    -0.035574529101723     0.021684910461772    -0.019563048743976
63 2
     0.005100415756942     0.009146978118224    -0.009146978118224
     0.009146978118224     0.005100415756942     0.009146978118224
    -0.009146978118224     0.009146978118224     0.005100415756942
63 3
     0.065669057795503     0.028412563915481    -0.034618866084202
     0.028412563915481     0.065669057795503     0.034618866084202
    -0.034618866084202     0.034618866084202     0.005073655330534
63 4
    -0.019563048743976     0.035574529101723    -0.021684910461772
     0.035574529101723    -0.116302803661483     0.035574529101723
    -0.021684910461772     0.035574529101723    -0.019563048743976
63 5
     0.065669057795503     0.034618866084202    -0.028412563915481
     0.034618866084202     0.005073655330534     0.034618866084202
    -0.028412563915481     0.034618866084202     0.065669057795503
63 6
    -0.019563048743976     0.021684910461772    -0.035574529101723
     0.021684910461772    -0.019563048743976     0.035574529101723
    -0.035574529101723     0.035574529101723    -0.116302803661483
63 7
    -2.936375630241627     1.981126959435642    -1.981126959435641
     1.981126959435642    -2.936375630241629     1.981126959435642
    -1.981126959435641     1.981126959435642    -2.936375630241627
63 8
     0.005073655330534     0.034618866084202    -0.034618866084202
     0.034618866084202     0.065669057795503     0.028412563915481
    -0.034618866084202     0.028412563915481     0.065669057795503
63 9
    -0.028598700163229    -0.039918368565850    -0.012401695039443
    -0.039918368565850    -0.028598700163229     0.012401695039443
     0.012401695039443    -0.012401695039443     0.006056474586558
63 10
    -0.028598700163229     0.039918368565850    -0.012401695039443
     0.039918368565850    -0.028598700163229    -0.012401695039443
     0.012401695039443     0.012401695039443     0.006056474586558
63 11
    -0.028598700163229     0.039918368565850     0.012401695039443
     0.039918368565850    -0.028598700163229     0.012401695039443
    -0.012401695039443    -0.012401695039443     0.006056474586558
63 12
    -0.028598700163229    -0.039918368565850     0.012401695039443
    -0.039918368565850    -0.028598700163229    -0.012401695039443
    -0.012401695039443     0.012401695039443     0.006056474586558
63 13
    -0.197889187410283     0.203163101105019    -0.061054110119585
     0.203163101105019    -0.197889187410283     0.061054110119585
     0.061054110119585    -0.061054110119585     0.325400609136750
63 14
    -0.197889187410283    -0.203163101105019    -0.061054110119585
    -0.203163101105020    -0.197889187410283    -0.061054110119585
     0.061054110119585     0.061054110119585     0.325400609136750
63 15
    -0.197889187410283    -0.203163101105019     0.061054110119585
    -0.203163101105020    -0.197889187410283     0.061054110119585
    -0.061054110119585    -0.061054110119585     0.325400609136750
63 16
    -0.197889187410283     0.203163101105019     0.061054110119585
     0.203163101105020    -0.197889187410283    -0.061054110119585
    -0.061054110119585     0.061054110119585     0.325400609136750
63 17
    -0.116302803661483    -0.035574529101723     0.035574529101723
    -0.035574529101723    -0.019563048743976     0.021684910461772
     0.035574529101723     0.021684910461772    -0.019563048743976
63 18
     0.005100415756942    -0.009146978118224     0.009146978118224
    -0.009146978118224     0.005100415756942     0.009146978118224
     0.009146978118224     0.009146978118224     0.005100415756942
63 19
     0.065669057795503    -0.028412563915481     0.034618866084202
    -0.028412563915481     0.065669057795503     0.034618866084202
     0.034618866084202     0.034618866084202     0.005073655330534
63 20
    -0.019563048743976    -0.035574529101723     0.021684910461772
    -0.035574529101723    -0.116302803661483     0.035574529101723
     0.021684910461772     0.035574529101723    -0.019563048743976
63 21
     0.065669057795503    -0.034618866084202     0.028412563915481
    -0.034618866084202     0.005073655330534     0.034618866084202
     0.028412563915481     0.034618866084202     0.065669057795503
63 22
    -0.019563048743976    -0.021684910461772     0.035574529101723
    -0.021684910461772    -0.019563048743976     0.035574529101723
     0.035574529101723     0.035574529101723    -0.116302803661483
63 23
    -2.936375630241627    -1.981126959435642     1.981126959435641
    -1.981126959435642    -2.936375630241629     1.981126959435642
     1.981126959435641     1.981126959435642    -2.936375630241627
63 24
     0.005073655330534    -0.034618866084202     0.034618866084202
    -0.034618866084202     0.065669057795503     0.028412563915481
     0.034618866084202     0.028412563915481     0.065669057795503
63 25
    -0.028598700163229    -0.012401695039443    -0.039918368565850
     0.012401695039443     0.006056474586558    -0.012401695039443
    -0.039918368565850     0.012401695039443    -0.028598700163229
63 26
    -0.028598700163229    -0.012401695039443     0.039918368565850
     0.012401695039443     0.006056474586558     0.012401695039443
     0.039918368565850    -0.012401695039443    -0.028598700163229
63 27
    -0.197889187410283    -0.061054110119585     0.203163101105019
     0.061054110119585     0.325400609136750    -0.061054110119585
     0.203163101105019     0.061054110119585    -0.197889187410283
63 28
    -0.197889187410283    -0.061054110119585    -0.203163101105019
     0.061054110119585     0.325400609136750     0.061054110119585
    -0.203163101105019    -0.061054110119585    -0.197889187410283
63 29
    -0.028598700163229     0.012401695039443     0.039918368565850
    -0.012401695039443     0.006056474586558    -0.012401695039443
     0.039918368565850     0.012401695039443    -0.028598700163229
63 30
    -0.028598700163229     0.012401695039443    -0.039918368565850
    -0.012401695039443     0.006056474586558     0.012401695039443
    -0.039918368565850    -0.012401695039443    -0.028598700163229
63 31
    -0.197889187410283     0.061054110119585    -0.203163101105019
    -0.061054110119585     0.325400609136750    -0.061054110119585
    -0.203163101105019     0.061054110119585    -0.197889187410283
63 32
    -0.197889187410283     0.061054110119585     0.203163101105019
    -0.061054110119585     0.325400609136750     0.061054110119585
     0.203163101105019    -0.061054110119585    -0.197889187410283
63 33
    -0.116302803661483    -0.035574529101723    -0.035574529101723
    -0.035574529101723    -0.019563048743976    -0.021684910461772
    -0.035574529101723    -0.021684910461772    -0.019563048743976
63 34
     0.005100415756942    -0.009146978118224    -0.009146978118224
    -0.009146978118224     0.005100415756942    -0.009146978118224
    -0.009146978118224    -0.009146978118224     0.005100415756942
63 35
     0.065669057795503    -0.028412563915481    -0.034618866084202
    -0.028412563915481     0.065669057795503    -0.034618866084202
    -0.034618866084202    -0.034618866084202     0.005073655330534
63 36
    -0.019563048743976    -0.035574529101723    -0.021684910461772
    -0.035574529101723    -0.116302803661483    -0.035574529101723
    -0.021684910461772    -0.035574529101723    -0.019563048743976
63 37
     0.065669057795503    -0.034618866084202    -0.028412563915481
    -0.034618866084202     0.005073655330534    -0.034618866084202
    -0.028412563915481    -0.034618866084202     0.065669057795503
63 38
    -0.019563048743976    -0.021684910461772    -0.035574529101723
    -0.021684910461772    -0.019563048743976    -0.035574529101723
    -0.035574529101723    -0.035574529101723    -0.116302803661483
63 39
    -2.936375630241627    -1.981126959435642    -1.981126959435641
    -1.981126959435642    -2.936375630241629    -1.981126959435642
    -1.981126959435641    -1.981126959435642    -2.936375630241627
63 40
     0.005073655330534    -0.034618866084202    -0.034618866084202
    -0.034618866084202     0.065669057795503    -0.028412563915481
    -0.034618866084202    -0.028412563915481     0.065669057795503
63 41
     0.325400609136750     0.061054110119585     0.061054110119585
    -0.061054110119585    -0.197889187410283    -0.203163101105019
    -0.061054110119585    -0.203163101105019    -0.197889187410283
63 42
     0.006056474586558     0.012401695039443     0.012401695039443
    -0.012401695039443    -0.028598700163229     0.039918368565850
    -0.012401695039443     0.039918368565850    -0.028598700163229
63 43
     0.325400609136750     0.061054110119585    -0.061054110119585
    -0.061054110119585    -0.197889187410283     0.203163101105019
     0.061054110119585     0.203163101105019    -0.197889187410283
63 44
     0.006056474586558     0.012401695039443    -0.012401695039443
    -0.012401695039443    -0.028598700163229    -0.039918368565850
     0.012401695039443    -0.039918368565850    -0.028598700163229
63 45
     0.325400609136750    -0.061054110119585     0.061054110119585
     0.061054110119585    -0.197889187410283     0.203163101105019
    -0.061054110119585     0.203163101105019    -0.197889187410283
63 46
     0.006056474586558    -0.012401695039443     0.012401695039443
     0.012401695039443    -0.028598700163229    -0.039918368565850
    -0.012401695039443    -0.039918368565850    -0.028598700163229
63 47
     0.325400609136750    -0.061054110119585    -0.061054110119585
     0.061054110119585    -0.197889187410283    -0.203163101105019
     0.061054110119585    -0.203163101105019    -0.197889187410283
63 48
     0.006056474586558    -0.012401695039443    -0.012401695039443
     0.012401695039443    -0.028598700163229     0.039918368565850
     0.012401695039443     0.039918368565850    -0.028598700163229
63 49
    -0.116302803661483     0.035574529101723     0.035574529101723
     0.035574529101723    -0.019563048743976    -0.021684910461772
     0.035574529101723    -0.021684910461772    -0.019563048743976
63 50
     0.005100415756942     0.009146978118224     0.009146978118224
     0.009146978118224     0.005100415756942    -0.009146978118224
     0.009146978118224    -0.009146978118224     0.005100415756942
63 51
     0.065669057795503     0.028412563915481     0.034618866084202
     0.028412563915481     0.065669057795503    -0.034618866084202
     0.034618866084202    -0.034618866084202     0.005073655330534
63 52
    -0.019563048743976     0.035574529101723     0.021684910461772
     0.035574529101723    -0.116302803661483    -0.035574529101723
     0.021684910461772    -0.035574529101723    -0.019563048743976
63 53
     0.065669057795503     0.034618866084202     0.028412563915481
     0.034618866084202     0.005073655330534    -0.034618866084202
     0.028412563915481    -0.034618866084202     0.065669057795503
63 54
    -0.019563048743976     0.021684910461772     0.035574529101723
     0.021684910461772    -0.019563048743976    -0.035574529101723
     0.035574529101723    -0.035574529101723    -0.116302803661483
63 55
    -2.936375630241626     1.981126959435641     1.981126959435642
     1.981126959435642    -2.936375630241628    -1.981126959435642
     1.981126959435641    -1.981126959435641    -2.936375630241628
63 56
     0.005073655330534     0.034618866084202     0.034618866084202
     0.034618866084202     0.065669057795503    -0.028412563915481
     0.034618866084202    -0.028412563915481     0.065669057795503
63 57
     0.217939354325836     0.000000000000000    -0.000000000000000
    -0.000000000000000    -0.011262453489280     0.000000000000000
     0.000000000000000     0.000000000000000    -0.011262453489280
63 58
    -0.005654635396013    -0.000000000000000    -0.000000000000000
    -0.000000000000000    -0.005654635396013     0.000000000000000
    -0.000000000000000     0.000000000000000    -0.005654635396013
63 59
    -0.061525177596877     0.000000000000000    -0.000000000000000
    -0.000000000000000    -0.061525177596877     0.000000000000000
    -0.000000000000000    -0.000000000000000    -0.033382157715778
63 60
    -0.011262453489280     0.000000000000000    -0.000000000000000
     0.000000000000000     0.217939354325836     0.000000000000000
    -0.000000000000000    -0.000000000000000    -0.011262453489280
63 61
    -0.061525177596877     0.000000000000000    -0.000000000000000
    -0.000000000000000    -0.033382157715778     0.000000000000000
    -0.000000000000000    -0.000000000000000    -0.061525177596877
63 62
    -0.011262453489280     0.000000000000000    -0.000000000000000
    -0.000000000000000    -0.011262453489280     0.000000000000000
    -0.000000000000000    -0.000000000000000     0.217939354325836
63 63
    12.253916845503449     0.000000000000000    -0.000000000000000
     0.000000000000000    12.253916845503458    -0.000000000000000
    -0.000000000000000    -0.000000000000000    12.253916845503451
63 64
    -0.033382157715778     0.000000000000000     0.000000000000000
     0.000000000000000    -0.061525177596877     0.000000000000000
    -0.000000000000000    -0.000000000000000    -0.061525177596877
64 1
     0.005100415756942     0.009146978118224    -0.009146978118224
     0.009146978118224     0.005100415756942     0.009146978118224
    -0.009146978118224     0.009146978118224     0.005100415756942
64 2
    -0.116302803661483     0.035574529101723    -0.035574529101723
     0.035574529101723    -0.019563048743976     0.021684910461772
    -0.035574529101723     0.021684910461772    -0.019563048743976
64 3
    -0.019563048743976     0.035574529101723    -0.021684910461772
     0.035574529101723    -0.116302803661483     0.035574529101723
    -0.021684910461772     0.035574529101723    -0.019563048743976
64 4
     0.065669057795503     0.028412563915481    -0.034618866084202
     0.028412563915481     0.065669057795503     0.034618866084202
    -0.034618866084202     0.034618866084202     0.005073655330534
64 5
    -0.019563048743976     0.021684910461772    -0.035574529101723
     0.021684910461772    -0.019563048743976     0.035574529101723
    -0.035574529101723     0.035574529101723    -0.116302803661483
64 6
     0.065669057795503     0.034618866084202    -0.028412563915481
     0.034618866084202     0.005073655330534     0.034618866084202
    -0.028412563915481     0.034618866084202     0.065669057795503
64 7
     0.005073655330534     0.034618866084202    -0.034618866084202
     0.034618866084202     0.065669057795503     0.028412563915481
    -0.034618866084202     0.028412563915481     0.065669057795503
64 8
    -2.936375630241628     1.981126959435641    -1.981126959435641
     1.981126959435642    -2.936375630241627     1.981126959435641
    -1.981126959435642     1.981126959435642    -2.936375630241628
64 9
    -0.028598700163229     0.039918368565850    -0.012401695039443
     0.039918368565850    -0.028598700163229    -0.012401695039443
     0.012401695039443     0.012401695039443     0.006056474586558
64 10
    -0.028598700163229    -0.039918368565850    -0.012401695039443
    -0.039918368565850    -0.028598700163229     0.012401695039443
     0.012401695039443    -0.012401695039443     0.006056474586558
64 11
    -0.028598700163229    -0.039918368565850     0.012401695039443
    -0.039918368565850    -0.028598700163229    -0.012401695039443
    -0.012401695039443     0.012401695039443     0.006056474586558
64 12
    -0.028598700163229     0.039918368565850     0.012401695039443
     0.039918368565850    -0.028598700163229     0.012401695039443
    -0.012401695039443    -0.012401695039443     0.006056474586558
64 13
    -0.197889187410283    -0.203163101105019    -0.061054110119585
    -0.203163101105019    -0.197889187410283    -0.061054110119585
     0.061054110119585     0.061054110119585     0.325400609136750
64 14
    -0.197889187410283     0.203163101105019    -0.061054110119585
     0.203163101105019    -0.197889187410283     0.061054110119585
     0.061054110119585    -0.061054110119585     0.325400609136750
64 15
    -0.197889187410283     0.203163101105019     0.061054110119585
     0.203163101105019    -0.197889187410283    -0.061054110119585
    -0.061054110119585     0.061054110119585     0.325400609136750
64 16
    -0.197889187410283    -0.203163101105019     0.061054110119585
    -0.203163101105019    -0.197889187410283     0.061054110119585
    -0.061054110119585    -0.061054110119585     0.325400609136750
64 17
     0.005100415756942    -0.009146978118224     0.009146978118224
    -0.009146978118224     0.005100415756942     0.009146978118224
     0.009146978118224     0.009146978118224     0.005100415756942
64 18
    -0.116302803661483    -0.035574529101723     0.035574529101723
    -0.035574529101723    -0.019563048743976     0.021684910461772
     0.035574529101723     0.021684910461772    -0.019563048743976
64 19
    -0.019563048743976    -0.035574529101723     0.021684910461772
    -0.035574529101723    -0.116302803661483     0.035574529101723
     0.021684910461772     0.035574529101723    -0.019563048743976
64 20
     0.065669057795503    -0.028412563915481     0.034618866084202
    -0.028412563915481     0.065669057795503     0.034618866084202
     0.034618866084202     0.034618866084202     0.005073655330534
64 21
    -0.019563048743976    -0.021684910461772     0.035574529101723
    -0.021684910461772    -0.019563048743976     0.035574529101723
     0.035574529101723     0.035574529101723    -0.116302803661483
64 22
     0.065669057795503    -0.034618866084202     0.028412563915481
    -0.034618866084202     0.005073655330534     0.034618866084202
     0.028412563915481     0.034618866084202     0.065669057795503
64 23
     0.005073655330534    -0.034618866084202     0.034618866084202
    -0.034618866084202     0.065669057795503     0.028412563915481
     0.034618866084202     0.028412563915481     0.065669057795503
64 24
    -2.936375630241627    -1.981126959435641     1.981126959435642
    -1.981126959435641    -2.936375630241626     1.981126959435642
     1.981126959435642     1.981126959435642    -2.936375630241629
64 25
    -0.028598700163229    -0.012401695039443     0.039918368565850
     0.012401695039443     0.006056474586558     0.012401695039443
     0.039918368565850    -0.012401695039443    -0.028598700163229
64 26
    -0.028598700163229    -0.012401695039443    -0.039918368565850
     0.012401695039443     0.006056474586558    -0.012401695039443
    -0.039918368565850     0.012401695039443    -0.028598700163229
64 27
    -0.197889187410283    -0.061054110119585    -0.203163101105019
     0.061054110119585     0.325400609136750     0.061054110119585
    -0.203163101105019    -0.061054110119585    -0.197889187410283
64 28
    -0.197889187410283    -0.061054110119585     0.203163101105019
     0.061054110119585     0.325400609136750    -0.061054110119585
     0.203163101105019     0.061054110119585    -0.197889187410283
64 29
    -0.028598700163229     0.012401695039443    -0.039918368565850
    -0.012401695039443     0.006056474586558     0.012401695039443
    -0.039918368565850    -0.012401695039443    -0.028598700163229
64 30
    -0.028598700163229     0.012401695039443     0.039918368565850
    -0.012401695039443     0.006056474586558    -0.012401695039443
     0.039918368565850     0.012401695039443    -0.028598700163229
64 31
    -0.197889187410283     0.061054110119585     0.203163101105019
    -0.061054110119585     0.325400609136750     0.061054110119585
     0.203163101105020    -0.061054110119585    -0.197889187410283
64 32
    -0.197889187410283     0.061054110119585    -0.203163101105019
    -0.061054110119585     0.325400609136750    -0.061054110119585
    -0.203163101105019     0.061054110119585    -0.197889187410283
64 33
     0.005100415756942    -0.009146978118224    -0.009146978118224
    -0.009146978118224     0.005100415756942    -0.009146978118224
    -0.009146978118224    -0.009146978118224     0.005100415756942
64 34
    -0.116302803661483    -0.035574529101723    -0.035574529101723
    -0.035574529101723    -0.019563048743976    -0.021684910461772
    -0.035574529101723    -0.021684910461772    -0.019563048743976
64 35
    -0.019563048743976    -0.035574529101723    -0.021684910461772
    -0.035574529101723    -0.116302803661483    -0.035574529101723
    -0.021684910461772    -0.035574529101723    -0.019563048743976
64 36
     0.065669057795503    -0.028412563915481    -0.034618866084202
    -0.028412563915481     0.065669057795503    -0.034618866084202
    -0.034618866084202    -0.034618866084202     0.005073655330534
64 37
    -0.019563048743976    -0.021684910461772    -0.035574529101723
    -0.021684910461772    -0.019563048743976    -0.035574529101723
    -0.035574529101723    -0.035574529101723    -0.116302803661483
64 38
     0.065669057795503    -0.034618866084202    -0.028412563915481
    -0.034618866084202     0.005073655330534    -0.034618866084202
    -0.028412563915481    -0.034618866084202     0.065669057795503
64 39
     0.005073655330534    -0.034618866084202    -0.034618866084202
    -0.034618866084202     0.065669057795503    -0.028412563915481
    -0.034618866084202    -0.028412563915481     0.065669057795503
64 40
    -2.936375630241628    -1.981126959435641    -1.981126959435641
    -1.981126959435642    -2.936375630241627    -1.981126959435641
    -1.981126959435642    -1.981126959435642    -2.936375630241628
64 41
     0.006056474586558     0.012401695039443     0.012401695039443
    -0.012401695039443    -0.028598700163229     0.039918368565850
    -0.012401695039443     0.039918368565850    -0.028598700163229
64 42
     0.325400609136750     0.061054110119585     0.061054110119585
    -0.061054110119585    -0.197889187410283    -0.203163101105019
    -0.061054110119585    -0.203163101105019    -0.197889187410283
64 43
     0.006056474586558     0.012401695039443    -0.012401695039443
    -0.012401695039443    -0.028598700163229    -0.039918368565850
     0.012401695039443    -0.039918368565850    -0.028598700163229
64 44
     0.325400609136750     0.061054110119585    -0.061054110119585
    -0.061054110119585    -0.197889187410283     0.203163101105019
     0.061054110119585     0.203163101105019    -0.197889187410283
64 45
     0.006056474586558    -0.012401695039443     0.012401695039443
     0.012401695039443    -0.028598700163229    -0.039918368565850
    -0.012401695039443    -0.039918368565850    -0.028598700163229
64 46
     0.325400609136750    -0.061054110119585     0.061054110119585
     0.061054110119585    -0.197889187410283     0.203163101105019
    -0.061054110119585     0.203163101105019    -0.197889187410283
64 47
     0.006056474586558    -0.012401695039443    -0.012401695039443
     0.012401695039443    -0.028598700163229     0.039918368565850
     0.012401695039443     0.039918368565850    -0.028598700163229
64 48
     0.325400609136750    -0.061054110119585    -0.061054110119585
     0.061054110119585    -0.197889187410283    -0.203163101105019
     0.061054110119585    -0.203163101105019    -0.197889187410283
64 49
     0.005100415756942     0.009146978118224     0.009146978118224
     0.009146978118224     0.005100415756942    -0.009146978118224
     0.009146978118224    -0.009146978118224     0.005100415756942
64 50
    -0.116302803661483     0.035574529101723     0.035574529101723
     0.035574529101723    -0.019563048743976    -0.021684910461772
     0.035574529101723    -0.021684910461772    -0.019563048743976
64 51
    -0.019563048743976     0.035574529101723     0.021684910461772
     0.035574529101723    -0.116302803661483    -0.035574529101723
     0.021684910461772    -0.035574529101723    -0.019563048743976
64 52
     0.065669057795503     0.028412563915481     0.034618866084202
     0.028412563915481     0.065669057795503    -0.034618866084202
     0.034618866084202    -0.034618866084202     0.005073655330534
64 53
    -0.019563048743976     0.021684910461772     0.035574529101723
     0.021684910461772    -0.019563048743976    -0.035574529101723
     0.035574529101723    -0.035574529101723    -0.116302803661483
64 54
     0.065669057795503     0.034618866084202     0.028412563915481
     0.034618866084202     0.005073655330534    -0.034618866084202
     0.028412563915481    -0.034618866084202     0.065669057795503
64 55
     0.005073655330534     0.034618866084202     0.034618866084202
     0.034618866084202     0.065669057795503    -0.028412563915481
     0.034618866084202    -0.028412563915481     0.065669057795503
64 56
    -2.936375630241627     1.981126959435641     1.981126959435642
     1.981126959435641    -2.936375630241627    -1.981126959435642
     1.981126959435642    -1.981126959435642    -2.936375630241629
64 57
    -0.005654635396013     0.000000000000000    -0.000000000000000
    -0.000000000000000    -0.005654635396013    -0.000000000000000
     0.000000000000000     0.000000000000000    -0.005654635396013
64 58
     0.217939354325836    -0.000000000000000    -0.000000000000000
     0.000000000000000    -0.011262453489280    -0.000000000000000
     0.000000000000000     0.000000000000000    -0.011262453489280
64 59
    -0.011262453489280     0.000000000000000    -0.000000000000000
    -0.000000000000000     0.217939354325836    -0.000000000000000
     0.000000000000000    -0.000000000000000    -0.011262453489280
64 60
    -0.061525177596877    -0.000000000000000    -0.000000000000000
     0.000000000000000    -0.061525177596877    -0.000000000000000
     0.000000000000000    -0.000000000000000    -0.033382157715778
64 61
    -0.011262453489280     0.000000000000000    -0.000000000000000
     0.000000000000000    -0.011262453489280    -0.000000000000000
    -0.000000000000000    -0.000000000000000     0.217939354325836
64 62
    -0.061525177596877     0.000000000000000    -0.000000000000000
    -0.000000000000000    -0.033382157715778    -0.000000000000000
     0.000000000000000     0.000000000000000    -0.061525177596877
64 63
    -0.033382157715778     0.000000000000000    -0.000000000000000
     0.000000000000000    -0.061525177596877    -0.000000000000000
     0.000000000000000     0.000000000000000    -0.061525177596877
64 64
    12.253916845503454    -0.000000000000000    -0.000000000000000
    -0.000000000000000    12.253916845503451     0.000000000000000
    -0.000000000000000     0.000000000000000    12.253916845503454