  64   64
1 1
     9.696337472371397     0.000000000000000    -0.000000000000000
     0.000000000000000     9.696337472371397     0.000000000000000
    -0.000000000000000     0.000000000000000     9.696337472371393
1 2
    -0.015432216503086     0.000000000000000    -0.000000000000000
    -0.000000000000000    -0.057780722897860     0.000000000000000
     0.000000000000000    -0.000000000000000    -0.057780722897860
1 3
    -0.057780722897860     0.000000000000000    -0.000000000000000
    -0.000000000000000    -0.015432216503086     0.000000000000000
     0.000000000000000    -0.000000000000000    -0.057780722897860
1 4
    -0.041754298479191     0.000000000000000     0.000000000000000
    -0.000000000000000    -0.041754298479191    -0.000000000000000
    -0.000000000000000     0.000000000000000     0.250247780888912
1 5
    -0.057780722897860    -0.000000000000000    -0.000000000000000
     0.000000000000000    -0.057780722897860     0.000000000000000
     0.000000000000000    -0.000000000000000    -0.015432216503086
1 6
    -0.041754298479191     0.000000000000000    -0.000000000000000
     0.000000000000000     0.250247780888913    -0.000000000000000
     0.000000000000000    -0.000000000000000    -0.041754298479191
1 7
     0.250247780888913     0.000000000000000     0.000000000000000
    -0.000000000000000    -0.041754298479191    -0.000000000000000
    -0.000000000000000    -0.000000000000000    -0.041754298479191
1 8
     0.002996701471147    -0.000000000000000    -0.000000000000000
     0.000000000000000     0.002996701471147     0.000000000000000
    -0.000000000000000    -0.000000000000000     0.002996701471147
1 9
     0.069928232653638     0.035007932092412     0.035338320594747
     0.035007932092412    -0.031492912864906    -0.035007932092412
     0.035338320594747    -0.035007932092412     0.069928232653638
1 10
    -0.011315208018914     0.009925772428687     0.024354182278330
     0.009925772428687    -0.011315208018914    -0.024354182278330
     0.024354182278330    -0.024354182278330    -0.133864037968579
1 11
    -2.341654446252051     1.196902454830706     1.196902454830706
     1.196902454830707    -2.341654446252051    -1.196902454830706
     1.196902454830706    -1.196902454830706    -2.341654446252050
1 12
    -0.031492912864905     0.035007932092412     0.035007932092412
     0.035007932092412     0.069928232653638    -0.035338320594747
     0.035007932092412    -0.035338320594747     0.069928232653638
1 13
    -0.133864037968578     0.024354182278330     0.024354182278330
     0.024354182278330    -0.011315208018914    -0.009925772428687
     0.024354182278330    -0.009925772428687    -0.011315208018914
1 14
     0.003274804578268     0.012843773583882     0.012843773583882
     0.012843773583882     0.003274804578268    -0.012843773583882
     0.012843773583882    -0.012843773583882     0.003274804578268
1 15
     0.069928232653638     0.035338320594747     0.035007932092412
     0.035338320594747     0.069928232653638    -0.035007932092412
     0.035007932092412    -0.035007932092412    -0.031492912864905
1 16
    -0.011315208018914     0.024354182278330     0.009925772428687
     0.024354182278330    -0.133864037968579    -0.024354182278330
     0.009925772428687    -0.024354182278330    -0.011315208018914
1 17
     0.319300378862408    -0.072948118759086     0.072948118759086
     0.072948118759086    -0.158355902283347     0.156713285832666
    -0.072948118759086     0.156713285832666    -0.158355902283347
1 18
     0.018478612139461    -0.012843031709053     0.012843031709053
     0.012843031709053    -0.034163283532962    -0.037615269320668
    -0.012843031709053    -0.037615269320668    -0.034163283532962
1 19
     0.319300378862408    -0.072948118759086    -0.072948118759086
     0.072948118759086    -0.158355902283347    -0.156713285832666
     0.072948118759086    -0.156713285832666    -0.158355902283347
1 20
     0.018478612139461    -0.012843031709053    -0.012843031709053
     0.012843031709053    -0.034163283532962     0.037615269320668
     0.012843031709053     0.037615269320668    -0.034163283532962
1 21
     0.319300378862408     0.072948118759086     0.072948118759086
    -0.072948118759086    -0.158355902283347    -0.156713285832666
    -0.072948118759086    -0.156713285832666    -0.158355902283347
1 22
     0.018478612139461     0.012843031709053     0.012843031709053
    -0.012843031709053    -0.034163283532962     0.037615269320668
    -0.012843031709053     0.037615269320668    -0.034163283532962
1 23
     0.319300378862408     0.072948118759086    -0.072948118759086
    -0.072948118759086    -0.158355902283347     0.156713285832666
     0.072948118759086     0.156713285832666    -0.158355902283347
1 24
     0.018478612139461     0.012843031709053    -0.012843031709053
    -0.012843031709053    -0.034163283532962    -0.037615269320668
     0.012843031709053    -0.037615269320668    -0.034163283532962
1 25
    -2.341654446252051    -1.196902454830706    -1.196902454830706
    -1.196902454830707    -2.341654446252051    -1.196902454830706
    -1.196902454830706    -1.196902454830706    -2.341654446252050
1 26
    -0.031492912864905    -0.035007932092412    -0.035007932092412
    -0.035007932092412     0.069928232653638    -0.035338320594747
    -0.035007932092412    -0.035338320594747     0.069928232653638
1 27
     0.069928232653638    -0.035007932092412    -0.035338320594747
    -0.035007932092412    -0.031492912864906    -0.035007932092412
    -0.035338320594747    -0.035007932092412     0.069928232653638
1 28
    -0.011315208018914    -0.009925772428687    -0.024354182278330
    -0.009925772428687    -0.011315208018914    -0.024354182278330
    -0.024354182278330    -0.024354182278330    -0.133864037968579
1 29
     0.069928232653638    -0.035338320594747    -0.035007932092412
    -0.035338320594747     0.069928232653638    -0.035007932092412
    -0.035007932092412    -0.035007932092412    -0.031492912864905
1 30
    -0.011315208018914    -0.024354182278330    -0.009925772428687
    -0.024354182278330    -0.133864037968579    -0.024354182278330
    -0.009925772428687    -0.024354182278330    -0.011315208018914
1 31
    -0.133864037968578    -0.024354182278330    -0.024354182278330
    -0.024354182278330    -0.011315208018914    -0.009925772428687
    -0.024354182278330    -0.009925772428687    -0.011315208018914
1 32
     0.003274804578268    -0.012843773583882    -0.012843773583882
    -0.012843773583882     0.003274804578268    -0.012843773583882
    -0.012843773583882    -0.012843773583882     0.003274804578268
1 33
    -0.158355902283347     0.072948118759086    -0.156713285832666
    -0.072948118759086     0.319300378862408    -0.072948118759086
    -0.156713285832666     0.072948118759086    -0.158355902283347
1 34
    -0.158355902283347     0.072948118759086     0.156713285832666
    -0.072948118759086     0.319300378862408     0.072948118759086
     0.156713285832666    -0.072948118759086    -0.158355902283347
1 35
    -0.034163283532962     0.012843031709053     0.037615269320668
    -0.012843031709053     0.018478612139461    -0.012843031709053
     0.037615269320668     0.012843031709053    -0.034163283532962
1 36
    -0.034163283532962     0.012843031709053    -0.037615269320668
    -0.012843031709053     0.018478612139461     0.012843031709053
    -0.037615269320668    -0.012843031709053    -0.034163283532962
1 37
    -0.158355902283347    -0.072948118759086     0.156713285832666
     0.072948118759086     0.319300378862408    -0.072948118759086
     0.156713285832666     0.072948118759086    -0.158355902283347
1 38
    -0.158355902283347    -0.072948118759086    -0.156713285832666
     0.072948118759086     0.319300378862408     0.072948118759086
    -0.156713285832666    -0.072948118759086    -0.158355902283347
1 39
    -0.034163283532962    -0.012843031709053    -0.037615269320668
     0.012843031709053     0.018478612139461    -0.012843031709053
    -0.037615269320668     0.012843031709053    -0.034163283532962
1 40
    -0.034163283532962    -0.012843031709053     0.037615269320668
     0.012843031709053     0.018478612139461     0.012843031709053
     0.037615269320668    -0.012843031709053    -0.034163283532962
1 41
     0.069928232653638    -0.035007932092412     0.035338320594747
    -0.035007932092412    -0.031492912864906     0.035007932092412
     0.035338320594747     0.035007932092412     0.069928232653638
1 42
    -0.011315208018914    -0.009925772428687     0.024354182278330
    -0.009925772428687    -0.011315208018914     0.024354182278330
     0.024354182278330     0.024354182278330    -0.133864037968579
1 43
    -2.341654446252051    -1.196902454830706     1.196902454830706
    -1.196902454830707    -2.341654446252051     1.196902454830706
     1.196902454830706     1.196902454830706    -2.341654446252050
1 44
    -0.031492912864905    -0.035007932092412     0.035007932092412
    -0.035007932092412     0.069928232653638     0.035338320594747
     0.035007932092412     0.035338320594747     0.069928232653638
1 45
    -0.133864037968578    -0.024354182278330     0.024354182278330
    -0.024354182278330    -0.011315208018914     0.009925772428687
     0.024354182278330     0.009925772428687    -0.011315208018914
1 46
     0.003274804578268    -0.012843773583882     0.012843773583882
    -0.012843773583882     0.003274804578268     0.012843773583882
     0.012843773583882     0.012843773583882     0.003274804578268
1 47
     0.069928232653638    -0.035338320594747     0.035007932092412
    -0.035338320594747     0.069928232653638     0.035007932092412
     0.035007932092412     0.035007932092412    -0.031492912864905
1 48
    -0.011315208018914    -0.024354182278330     0.009925772428687
    -0.024354182278330    -0.133864037968579     0.024354182278330
     0.009925772428687     0.024354182278330    -0.011315208018914
1 49
    -0.158355902283347     0.156713285832666    -0.072948118759086
     0.156713285832666    -0.158355902283347     0.072948118759086
     0.072948118759086    -0.072948118759086     0.319300378862408
1 50
    -0.158355902283347    -0.156713285832666    -0.072948118759086
    -0.156713285832666    -0.158355902283347    -0.072948118759086
     0.072948118759086     0.072948118759086     0.319300378862408
1 51
    -0.158355902283347    -0.156713285832666     0.072948118759086
    -0.156713285832666    -0.158355902283347     0.072948118759086
    -0.072948118759086    -0.072948118759086     0.319300378862408
1 52
    -0.158355902283347     0.156713285832666     0.072948118759086
     0.156713285832666    -0.158355902283347    -0.072948118759086
    -0.072948118759086     0.072948118759086     0.319300378862408
1 53
    -0.034163283532962    -0.037615269320668    -0.012843031709053
    -0.037615269320668    -0.034163283532962     0.012843031709053
     0.012843031709053    -0.012843031709053     0.018478612139461
1 54
    -0.034163283532962     0.037615269320668    -0.012843031709053
     0.037615269320668    -0.034163283532962    -0.012843031709053
     0.012843031709053     0.012843031709053     0.018478612139461
1 55
    -0.034163283532962     0.037615269320668     0.012843031709053
     0.037615269320668    -0.034163283532962     0.012843031709053
    -0.012843031709053    -0.012843031709053     0.018478612139461
1 56
    -0.034163283532962    -0.037615269320668     0.012843031709053
    -0.037615269320668    -0.034163283532962    -0.012843031709053
    -0.012843031709053     0.012843031709053     0.018478612139461
1 57
    -2.341654446252051     1.196902454830706    -1.196902454830706
     1.196902454830707    -2.341654446252051     1.196902454830706
    -1.196902454830706     1.196902454830706    -2.341654446252050
1 58
    -0.031492912864905     0.035007932092412    -0.035007932092412
     0.035007932092412     0.069928232653638     0.035338320594747
    -0.035007932092412     0.035338320594747     0.069928232653638
1 59
     0.069928232653638     0.035007932092412    -0.035338320594747
     0.035007932092412    -0.031492912864906     0.035007932092412
    -0.035338320594747     0.035007932092412     0.069928232653638
1 60
    -0.011315208018914     0.009925772428687    -0.024354182278330
     0.009925772428687    -0.011315208018914     0.024354182278330
    -0.024354182278330     0.024354182278330    -0.133864037968578
1 61
     0.069928232653638     0.035338320594747    -0.035007932092412
     0.035338320594747     0.069928232653638     0.035007932092412
    -0.035007932092412     0.035007932092412    -0.031492912864906
1 62
    -0.011315208018914     0.024354182278330    -0.009925772428687
     0.024354182278330    -0.133864037968579     0.024354182278330
    -0.009925772428687     0.024354182278330    -0.011315208018914
1 63
    -0.133864037968578     0.024354182278330    -0.024354182278330
     0.024354182278330    -0.011315208018914     0.009925772428687
    -0.024354182278330     0.009925772428687    -0.011315208018914
1 64
     0.003274804578268     0.012843773583882    -0.012843773583882
     0.012843773583882     0.003274804578268     0.012843773583882
    -0.012843773583882     0.012843773583882     0.003274804578268
2 1
    -0.015432216503086    -0.000000000000000     0.000000000000000
     0.000000000000000    -0.057780722897860    -0.000000000000000
    -0.000000000000000     0.000000000000000    -0.057780722897860
2 2
     9.696337472371400     0.000000000000000     0.000000000000000
     0.000000000000000     9.696337472371393    -0.000000000000000
     0.000000000000000    -0.000000000000000     9.696337472371393
2 3
    -0.041754298479191     0.000000000000000    -0.000000000000000
     0.000000000000000    -0.041754298479191     0.000000000000000
    -0.000000000000000    -0.000000000000000     0.250247780888912
2 4
    -0.057780722897860    -0.000000000000000     0.000000000000000
    -0.000000000000000    -0.015432216503086    -0.000000000000000
    -0.000000000000000     0.000000000000000    -0.057780722897860
2 5
    -0.041754298479191    -0.000000000000000    -0.000000000000000
     0.000000000000000     0.250247780888913    -0.000000000000000
     0.000000000000000    -0.000000000000000    -0.041754298479191
2 6
    -0.057780722897860    -0.000000000000000     0.000000000000000
     0.000000000000000    -0.057780722897860    -0.000000000000000
    -0.000000000000000     0.000000000000000    -0.015432216503086
2 7
     0.002996701471147     0.000000000000000     0.000000000000000
     0.000000000000000     0.002996701471147    -0.000000000000000
    -0.000000000000000    -0.000000000000000     0.002996701471147
2 8
     0.250247780888913    -0.000000000000000     0.000000000000000
     0.000000000000000    -0.041754298479191     0.000000000000000
    -0.000000000000000    -0.000000000000000    -0.041754298479191
2 9
    -0.011315208018914     0.009925772428687     0.024354182278330
     0.009925772428687    -0.011315208018914    -0.024354182278330
     0.024354182278330    -0.024354182278330    -0.133864037968578
2 10
     0.069928232653638     0.035007932092412     0.035338320594747
     0.035007932092412    -0.031492912864905    -0.035007932092412
     0.035338320594747    -0.035007932092412     0.069928232653638
2 11
    -0.031492912864906     0.035007932092412     0.035007932092412
     0.035007932092412     0.069928232653638    -0.035338320594747
     0.035007932092412    -0.035338320594747     0.069928232653638
2 12
    -2.341654446252051     1.196902454830706     1.196902454830706
     1.196902454830706    -2.341654446252050    -1.196902454830706
     1.196902454830706    -1.196902454830706    -2.341654446252050
2 13
     0.003274804578268     0.012843773583882     0.012843773583882
     0.012843773583882     0.003274804578268    -0.012843773583882
     0.012843773583882    -0.012843773583882     0.003274804578268
2 14
    -0.133864037968579     0.024354182278330     0.024354182278330
     0.024354182278330    -0.011315208018914    -0.009925772428687
     0.024354182278330    -0.009925772428687    -0.011315208018914
2 15
    -0.011315208018914     0.024354182278330     0.009925772428687
     0.024354182278330    -0.133864037968578    -0.024354182278330
     0.009925772428687    -0.024354182278330    -0.011315208018914
2 16
     0.069928232653638     0.035338320594747     0.035007932092412
     0.035338320594747     0.069928232653638    -0.035007932092412
     0.035007932092412    -0.035007932092412    -0.031492912864905
2 17
     0.018478612139461    -0.012843031709053     0.012843031709053
     0.012843031709053    -0.034163283532962    -0.037615269320668
    -0.012843031709053    -0.037615269320668    -0.034163283532962
2 18
     0.319300378862408    -0.072948118759086     0.072948118759086
     0.072948118759086    -0.158355902283347     0.156713285832666
    -0.072948118759086     0.156713285832666    -0.158355902283347
2 19
     0.018478612139461    -0.012843031709053    -0.012843031709053
     0.012843031709053    -0.034163283532962     0.037615269320668
     0.012843031709053     0.037615269320668    -0.034163283532962
2 20
     0.319300378862408    -0.072948118759086    -0.072948118759086
     0.072948118759086    -0.158355902283347    -0.156713285832666
     0.072948118759086    -0.156713285832666    -0.158355902283347
2 21
     0.018478612139461     0.012843031709053     0.012843031709053
    -0.012843031709053    -0.034163283532962     0.037615269320668
    -0.012843031709053     0.037615269320668    -0.034163283532962
2 22
     0.319300378862408     0.072948118759086     0.072948118759086
    -0.072948118759086    -0.158355902283347    -0.156713285832666
    -0.072948118759086    -0.156713285832666    -0.158355902283347
2 23
     0.018478612139461     0.012843031709053    -0.012843031709053
    -0.012843031709053    -0.034163283532962    -0.037615269320668
     0.012843031709053    -0.037615269320668    -0.034163283532962
2 24
     0.319300378862408     0.072948118759086    -0.072948118759086
    -0.072948118759086    -0.158355902283347     0.156713285832666
     0.072948118759086     0.156713285832666    -0.158355902283347
2 25
    -0.031492912864906    -0.035007932092412    -0.035007932092412
    -0.035007932092412     0.069928232653638    -0.035338320594747
    -0.035007932092412    -0.035338320594747     0.069928232653638
2 26
    -2.341654446252051    -1.196902454830706    -1.196902454830706
    -1.196902454830706    -2.341654446252050    -1.196902454830706
    -1.196902454830706    -1.196902454830706    -2.341654446252050
2 27
    -0.011315208018914    -0.009925772428687    -0.024354182278330
    -0.009925772428687    -0.011315208018914    -0.024354182278330
    -0.024354182278330    -0.024354182278330    -0.133864037968578
2 28
     0.069928232653638    -0.035007932092412    -0.035338320594747
    -0.035007932092412    -0.031492912864905    -0.035007932092412
    -0.035338320594747    -0.035007932092412     0.069928232653638
2 29
    -0.011315208018914    -0.024354182278330    -0.009925772428687
    -0.024354182278330    -0.133864037968579    -0.024354182278330
    -0.009925772428687    -0.024354182278330    -0.011315208018914
2 30
     0.069928232653638    -0.035338320594747    -0.035007932092412
    -0.035338320594747     0.069928232653638    -0.035007932092412
    -0.035007932092412    -0.035007932092412    -0.031492912864905
2 31
     0.003274804578268    -0.012843773583882    -0.012843773583882
    -0.012843773583882     0.003274804578268    -0.012843773583882
    -0.012843773583882    -0.012843773583882     0.003274804578268
2 32
    -0.133864037968578    -0.024354182278330    -0.024354182278330
    -0.024354182278330    -0.011315208018914    -0.009925772428687
    -0.024354182278330    -0.009925772428687    -0.011315208018914
2 33
    -0.158355902283347     0.072948118759086     0.156713285832666
    -0.072948118759086     0.319300378862408     0.072948118759086
     0.156713285832666    -0.072948118759086    -0.158355902283347
2 34
    -0.158355902283347     0.072948118759086    -0.156713285832666
    -0.072948118759086     0.319300378862408    -0.072948118759086
    -0.156713285832666     0.072948118759086    -0.158355902283347
2 35
    -0.034163283532962     0.012843031709053    -0.037615269320668
    -0.012843031709053     0.018478612139461     0.012843031709053
    -0.037615269320668    -0.012843031709053    -0.034163283532962
2 36
    -0.034163283532962     0.012843031709053     0.037615269320668
    -0.012843031709053     0.018478612139461    -0.012843031709053
     0.037615269320668     0.012843031709053    -0.034163283532962
2 37
    -0.158355902283347    -0.072948118759086    -0.156713285832666
     0.072948118759086     0.319300378862408     0.072948118759086
    -0.156713285832666    -0.072948118759086    -0.158355902283347
2 38
    -0.158355902283347    -0.072948118759086     0.156713285832666
     0.072948118759086     0.319300378862408    -0.072948118759086
     0.156713285832666     0.072948118759086    -0.158355902283347
2 39
    -0.034163283532962    -0.012843031709053     0.037615269320668
     0.012843031709053     0.018478612139461     0.012843031709053
     0.037615269320668    -0.012843031709053    -0.034163283532962
2 40
    -0.034163283532962    -0.012843031709053    -0.037615269320668
     0.012843031709053     0.018478612139461    -0.012843031709053
    -0.037615269320668     0.012843031709053    -0.034163283532962
2 41
    -0.011315208018914    -0.009925772428687     0.024354182278330
    -0.009925772428687    -0.011315208018914     0.024354182278330
     0.024354182278330     0.024354182278330    -0.133864037968578
2 42
     0.069928232653638    -0.035007932092412     0.035338320594747
    -0.035007932092412    -0.031492912864906     0.035007932092412
     0.035338320594747     0.035007932092412     0.069928232653638
2 43
    -0.031492912864906    -0.035007932092412     0.035007932092412
    -0.035007932092412     0.069928232653638     0.035338320594747
     0.035007932092412     0.035338320594747     0.069928232653638
2 44
    -2.341654446252051    -1.196902454830706     1.196902454830706
    -1.196902454830706    -2.341654446252050     1.196902454830706
     1.196902454830706     1.196902454830706    -2.341654446252050
2 45
     0.003274804578268    -0.012843773583882     0.012843773583882
    -0.012843773583882     0.003274804578268     0.012843773583882
     0.012843773583882     0.012843773583882     0.003274804578268
2 46
    -0.133864037968578    -0.024354182278330     0.024354182278330
    -0.024354182278330    -0.011315208018914     0.009925772428687
     0.024354182278330     0.009925772428687    -0.011315208018914
2 47
    -0.011315208018914    -0.024354182278330     0.009925772428687
    -0.024354182278330    -0.133864037968579     0.024354182278330
     0.009925772428687     0.024354182278330    -0.011315208018914
2 48
     0.069928232653638    -0.035338320594747     0.035007932092412
    -0.035338320594747     0.069928232653638     0.035007932092412
     0.035007932092412     0.035007932092412    -0.031492912864905
2 49
    -0.158355902283347    -0.156713285832666    -0.072948118759086
    -0.156713285832666    -0.158355902283347    -0.072948118759086
     0.072948118759086     0.072948118759086     0.319300378862408
2 50
    -0.158355902283347     0.156713285832666    -0.072948118759086
     0.156713285832666    -0.158355902283347     0.072948118759086
     0.072948118759086    -0.072948118759086     0.319300378862408
2 51
    -0.158355902283347     0.156713285832666     0.072948118759086
     0.156713285832666    -0.158355902283347    -0.072948118759086
    -0.072948118759086     0.072948118759086     0.319300378862408
2 52
    -0.158355902283347    -0.156713285832666     0.072948118759086
    -0.156713285832666    -0.158355902283347     0.072948118759086
    -0.072948118759086    -0.072948118759086     0.319300378862408
2 53
    -0.034163283532962     0.037615269320668    -0.012843031709053
     0.037615269320668    -0.034163283532962    -0.012843031709053
     0.012843031709053     0.012843031709053     0.018478612139461
2 54
    -0.034163283532962    -0.037615269320668    -0.012843031709053
    -0.037615269320668    -0.034163283532962     0.012843031709053
     0.012843031709053    -0.012843031709053     0.018478612139461
2 55
    -0.034163283532962    -0.037615269320668     0.012843031709053
    -0.037615269320668    -0.034163283532962    -0.012843031709053
    -0.012843031709053     0.012843031709053     0.018478612139461
2 56
    -0.034163283532962     0.037615269320668     0.012843031709053
     0.037615269320668    -0.034163283532962     0.012843031709053
    -0.012843031709053    -0.012843031709053     0.018478612139461
2 57
    -0.031492912864906     0.035007932092412    -0.035007932092412
     0.035007932092412     0.069928232653638     0.035338320594747
    -0.035007932092412     0.035338320594747     0.069928232653638
2 58
    -2.341654446252051     1.196902454830706    -1.196902454830707
     1.196902454830706    -2.341654446252050     1.196902454830706
    -1.196902454830706     1.196902454830706    -2.341654446252051
2 59
    -0.011315208018914     0.009925772428687    -0.024354182278330
     0.009925772428687    -0.011315208018914     0.024354182278330
    -0.024354182278330     0.024354182278330    -0.133864037968578
2 60
     0.069928232653638     0.035007932092412    -0.035338320594747
     0.035007932092412    -0.031492912864906     0.035007932092412
    -0.035338320594747     0.035007932092412     0.069928232653638
2 61
    -0.011315208018914     0.024354182278330    -0.009925772428687
     0.024354182278330    -0.133864037968578     0.024354182278330
    -0.009925772428687     0.024354182278330    -0.011315208018914
2 62
     0.069928232653638     0.035338320594747    -0.035007932092412
     0.035338320594747     0.069928232653638     0.035007932092412
    -0.035007932092412     0.035007932092412    -0.031492912864905
2 63
     0.003274804578268     0.012843773583882    -0.012843773583882
     0.012843773583882     0.003274804578268     0.012843773583882
    -0.012843773583882     0.012843773583882     0.003274804578268
2 64
    -0.133864037968578     0.024354182278330    -0.024354182278330
     0.024354182278330    -0.011315208018914     0.009925772428687
    -0.024354182278330     0.009925772428687    -0.011315208018914
3 1
    -0.057780722897860    -0.000000000000000     0.000000000000000
     0.000000000000000    -0.015432216503086    -0.000000000000000
    -0.000000000000000     0.000000000000000    -0.057780722897860
3 2
    -0.041754298479191     0.000000000000000    -0.000000000000000
     0.000000000000000    -0.041754298479191    -0.000000000000000
    -0.000000000000000     0.000000000000000     0.250247780888912
3 3
     9.696337472371393     0.000000000000000    -0.000000000000000
     0.000000000000000     9.696337472371399     0.000000000000000
    -0.000000000000000     0.000000000000000     9.696337472371393
3 4
    -0.015432216503086    -0.000000000000000     0.000000000000000
    -0.000000000000000    -0.057780722897860    -0.000000000000000
    -0.000000000000000     0.000000000000000    -0.057780722897860
3 5
     0.250247780888912    -0.000000000000000    -0.000000000000000
     0.000000000000000    -0.041754298479191    -0.000000000000000
     0.000000000000000     0.000000000000000    -0.041754298479191
3 6
     0.002996701471147    -0.000000000000000     0.000000000000000
     0.000000000000000     0.002996701471147    -0.000000000000000
    -0.000000000000000     0.000000000000000     0.002996701471147
3 7
    -0.057780722897860     0.000000000000000     0.000000000000000
    -0.000000000000000    -0.057780722897860    -0.000000000000000
    -0.000000000000000     0.000000000000000    -0.015432216503086
3 8
    -0.041754298479191    -0.000000000000000    -0.000000000000000
     0.000000000000000     0.250247780888913     0.000000000000000
    -0.000000000000000     0.000000000000000    -0.041754298479191
3 9
    -2.341654446252050     1.196902454830706     1.196902454830706
     1.196902454830706    -2.341654446252051    -1.196902454830706
     1.196902454830706    -1.196902454830706    -2.341654446252050
3 10
    -0.031492912864905     0.035007932092412     0.035007932092412
     0.035007932092412     0.069928232653638    -0.035338320594747
     0.035007932092412    -0.035338320594747     0.069928232653638
3 11
     0.069928232653638     0.035007932092412     0.035338320594747
     0.035007932092412    -0.031492912864906    -0.035007932092412
     0.035338320594747    -0.035007932092412     0.069928232653638
3 12
    -0.011315208018914     0.009925772428687     0.024354182278330
     0.009925772428687    -0.011315208018914    -0.024354182278330
     0.024354182278330    -0.024354182278330    -0.133864037968578
3 13
     0.069928232653638     0.035338320594747     0.035007932092412
     0.035338320594747     0.069928232653638    -0.035007932092412
     0.035007932092412    -0.035007932092412    -0.031492912864905
3 14
    -0.011315208018914     0.024354182278330     0.009925772428687
     0.024354182278330    -0.133864037968578    -0.024354182278330
     0.009925772428687    -0.024354182278330    -0.011315208018914
3 15
    -0.133864037968579     0.024354182278330     0.024354182278330
     0.024354182278330    -0.011315208018914    -0.009925772428687
     0.024354182278330    -0.009925772428687    -0.011315208018914
3 16
     0.003274804578268     0.012843773583882     0.012843773583882
     0.012843773583882     0.003274804578268    -0.012843773583882
     0.012843773583882    -0.012843773583882     0.003274804578268
3 17
     0.319300378862408    -0.072948118759086    -0.072948118759086
     0.072948118759086    -0.158355902283347    -0.156713285832666
     0.072948118759086    -0.156713285832666    -0.158355902283347
3 18
     0.018478612139461    -0.012843031709053    -0.012843031709053
     0.012843031709053    -0.034163283532962     0.037615269320668
     0.012843031709053     0.037615269320668    -0.034163283532962
3 19
     0.319300378862408    -0.072948118759086     0.072948118759086
     0.072948118759086    -0.158355902283347     0.156713285832666
    -0.072948118759086     0.156713285832666    -0.158355902283347
3 20
     0.018478612139461    -0.012843031709053     0.012843031709053
     0.012843031709053    -0.034163283532962    -0.037615269320668
    -0.012843031709053    -0.037615269320668    -0.034163283532962
3 21
     0.319300378862408     0.072948118759086    -0.072948118759086
    -0.072948118759086    -0.158355902283347     0.156713285832666
     0.072948118759086     0.156713285832666    -0.158355902283347
3 22
     0.018478612139461     0.012843031709053    -0.012843031709053
    -0.012843031709053    -0.034163283532962    -0.037615269320668
     0.012843031709053    -0.037615269320668    -0.034163283532962
3 23
     0.319300378862408     0.072948118759086     0.072948118759086
    -0.072948118759086    -0.158355902283347    -0.156713285832666
    -0.072948118759086    -0.156713285832666    -0.158355902283347
3 24
     0.018478612139461     0.012843031709053     0.012843031709053
    -0.012843031709053    -0.034163283532962     0.037615269320668
    -0.012843031709053     0.037615269320668    -0.034163283532962
3 25
     0.069928232653638    -0.035007932092412    -0.035338320594747
    -0.035007932092412    -0.031492912864906    -0.035007932092412
    -0.035338320594747    -0.035007932092412     0.069928232653638
3 26
    -0.011315208018914    -0.009925772428687    -0.024354182278330
    -0.009925772428687    -0.011315208018914    -0.024354182278330
    -0.024354182278330    -0.024354182278330    -0.133864037968578
3 27
    -2.341654446252050    -1.196902454830706    -1.196902454830706
    -1.196902454830706    -2.341654446252051    -1.196902454830706
    -1.196902454830706    -1.196902454830706    -2.341654446252050
3 28
    -0.031492912864905    -0.035007932092412    -0.035007932092412
    -0.035007932092412     0.069928232653638    -0.035338320594747
    -0.035007932092412    -0.035338320594747     0.069928232653638
3 29
    -0.133864037968578    -0.024354182278330    -0.024354182278330
    -0.024354182278330    -0.011315208018914    -0.009925772428687
    -0.024354182278330    -0.009925772428687    -0.011315208018914
3 30
     0.003274804578268    -0.012843773583882    -0.012843773583882
    -0.012843773583882     0.003274804578268    -0.012843773583882
    -0.012843773583882    -0.012843773583882     0.003274804578268
3 31
     0.069928232653638    -0.035338320594747    -0.035007932092412
    -0.035338320594747     0.069928232653638    -0.035007932092412
    -0.035007932092412    -0.035007932092412    -0.031492912864905
3 32
    -0.011315208018914    -0.024354182278330    -0.009925772428687
    -0.024354182278330    -0.133864037968579    -0.024354182278330
    -0.009925772428687    -0.024354182278330    -0.011315208018914
3 33
    -0.034163283532962     0.012843031709053     0.037615269320668
    -0.012843031709053     0.018478612139461    -0.012843031709053
     0.037615269320668     0.012843031709053    -0.034163283532962
3 34
    -0.034163283532962     0.012843031709053    -0.037615269320668
    -0.012843031709053     0.018478612139461     0.012843031709053
    -0.037615269320668    -0.012843031709053    -0.034163283532962
3 35
    -0.158355902283347     0.072948118759086    -0.156713285832666
    -0.072948118759086     0.319300378862408    -0.072948118759086
    -0.156713285832666     0.072948118759086    -0.158355902283347
3 36
    -0.158355902283347     0.072948118759086     0.156713285832666
    -0.072948118759086     0.319300378862408     0.072948118759086
     0.156713285832666    -0.072948118759086    -0.158355902283347
3 37
    -0.034163283532962    -0.012843031709053    -0.037615269320668
     0.012843031709053     0.018478612139461    -0.012843031709053
    -0.037615269320668     0.012843031709053    -0.034163283532962
3 38
    -0.034163283532962    -0.012843031709053     0.037615269320668
     0.012843031709053     0.018478612139461     0.012843031709053
     0.037615269320668    -0.012843031709053    -0.034163283532962
3 39
    -0.158355902283347    -0.072948118759086     0.156713285832666
     0.072948118759086     0.319300378862408    -0.072948118759086
     0.156713285832666     0.072948118759086    -0.158355902283347
3 40
    -0.158355902283347    -0.072948118759086    -0.156713285832666
     0.072948118759086     0.319300378862408     0.072948118759086
    -0.156713285832666    -0.072948118759086    -0.158355902283347
3 41
    -2.341654446252051    -1.196902454830706     1.196902454830706
    -1.196902454830707    -2.341654446252051     1.196902454830706
     1.196902454830706     1.196902454830706    -2.341654446252050
3 42
    -0.031492912864905    -0.035007932092412     0.035007932092412
    -0.035007932092412     0.069928232653638     0.035338320594747
     0.035007932092412     0.035338320594747     0.069928232653638
3 43
     0.069928232653638    -0.035007932092412     0.035338320594747
    -0.035007932092412    -0.031492912864905     0.035007932092412
     0.035338320594747     0.035007932092412     0.069928232653638
3 44
    -0.011315208018914    -0.009925772428687     0.024354182278330
    -0.009925772428687    -0.011315208018914     0.024354182278330
     0.024354182278330     0.024354182278330    -0.133864037968578
3 45
     0.069928232653638    -0.035338320594747     0.035007932092412
    -0.035338320594747     0.069928232653638     0.035007932092412
     0.035007932092412     0.035007932092412    -0.031492912864905
3 46
    -0.011315208018914    -0.024354182278330     0.009925772428687
    -0.024354182278330    -0.133864037968579     0.024354182278330
     0.009925772428687     0.024354182278330    -0.011315208018914
3 47
    -0.133864037968578    -0.024354182278330     0.024354182278330
    -0.024354182278330    -0.011315208018914     0.009925772428687
     0.024354182278330     0.009925772428687    -0.011315208018914
3 48
     0.003274804578268    -0.012843773583882     0.012843773583882
    -0.012843773583882     0.003274804578268     0.012843773583882
     0.012843773583882     0.012843773583882     0.003274804578268
3 49
    -0.158355902283347    -0.156713285832666     0.072948118759086
    -0.156713285832666    -0.158355902283347     0.072948118759086
    -0.072948118759086    -0.072948118759086     0.319300378862408
3 50
    -0.158355902283347     0.156713285832666     0.072948118759086
     0.156713285832666    -0.158355902283347    -0.072948118759086
    -0.072948118759086     0.072948118759086     0.319300378862408
3 51
    -0.158355902283347     0.156713285832666    -0.072948118759086
     0.156713285832666    -0.158355902283347     0.072948118759086
     0.072948118759086    -0.072948118759086     0.319300378862408
3 52
    -0.158355902283347    -0.156713285832666    -0.072948118759086
    -0.156713285832666    -0.158355902283347    -0.072948118759086
     0.072948118759086     0.072948118759086     0.319300378862408
3 53
    -0.034163283532962     0.037615269320668     0.012843031709053
     0.037615269320668    -0.034163283532962     0.012843031709053
    -0.012843031709053    -0.012843031709053     0.018478612139461
3 54
    -0.034163283532962    -0.037615269320668     0.012843031709053
    -0.037615269320668    -0.034163283532962    -0.012843031709053
    -0.012843031709053     0.012843031709053     0.018478612139461
3 55
    -0.034163283532962    -0.037615269320668    -0.012843031709053
    -0.037615269320668    -0.034163283532962     0.012843031709053
     0.012843031709053    -0.012843031709053     0.018478612139461
3 56
    -0.034163283532962     0.037615269320668    -0.012843031709053
     0.037615269320668    -0.034163283532962    -0.012843031709053
     0.012843031709053     0.012843031709053     0.018478612139461
3 57
     0.069928232653638     0.035007932092412    -0.035338320594747
     0.035007932092412    -0.031492912864906     0.035007932092412
    -0.035338320594747     0.035007932092412     0.069928232653638
3 58
    -0.011315208018914     0.009925772428687    -0.024354182278330
     0.009925772428687    -0.011315208018914     0.024354182278330
    -0.024354182278330     0.024354182278330    -0.133864037968578
3 59
    -2.341654446252050     1.196902454830706    -1.196902454830706
     1.196902454830706    -2.341654446252051     1.196902454830707
    -1.196902454830706     1.196902454830706    -2.341654446252051
3 60
    -0.031492912864905     0.035007932092412    -0.035007932092412
     0.035007932092412     0.069928232653638     0.035338320594747
    -0.035007932092412     0.035338320594747     0.069928232653638
3 61
    -0.133864037968578     0.024354182278330    -0.024354182278330
     0.024354182278330    -0.011315208018914     0.009925772428687
    -0.024354182278330     0.009925772428687    -0.011315208018914
3 62
     0.003274804578268     0.012843773583882    -0.012843773583882
     0.012843773583882     0.003274804578268     0.012843773583882
    -0.012843773583882     0.012843773583882     0.003274804578268
3 63
     0.069928232653638     0.035338320594747    -0.035007932092412
     0.035338320594747     0.069928232653638     0.035007932092412
    -0.035007932092412     0.035007932092412    -0.031492912864905
3 64
    -0.011315208018914     0.024354182278330    -0.009925772428687
     0.024354182278330    -0.133864037968579     0.024354182278330
    -0.009925772428687     0.024354182278330    -0.011315208018914
4 1
    -0.041754298479191    -0.000000000000000    -0.000000000000000
     0.000000000000000    -0.041754298479191     0.000000000000000
     0.000000000000000    -0.000000000000000     0.250247780888912
4 2
    -0.057780722897860    -0.000000000000000    -0.000000000000000
    -0.000000000000000    -0.015432216503086     0.000000000000000
     0.000000000000000    -0.000000000000000    -0.057780722897860
4 3
    -0.015432216503086    -0.000000000000000    -0.000000000000000
    -0.000000000000000    -0.057780722897860     0.000000000000000
     0.000000000000000    -0.000000000000000    -0.057780722897860
4 4
     9.696337472371397    -0.000000000000000    -0.000000000000000
    -0.000000000000000     9.696337472371393     0.000000000000000
    -0.000000000000000     0.000000000000000     9.696337472371397
4 5
     0.002996701471147    -0.000000000000000    -0.000000000000000
     0.000000000000000     0.002996701471147     0.000000000000000
     0.000000000000000    -0.000000000000000     0.002996701471147
4 6
     0.250247780888913    -0.000000000000000    -0.000000000000000
     0.000000000000000    -0.041754298479191     0.000000000000000
     0.000000000000000    -0.000000000000000    -0.041754298479191
4 7
    -0.041754298479191    -0.000000000000000    -0.000000000000000
    -0.000000000000000     0.250247780888913     0.000000000000000
     0.000000000000000    -0.000000000000000    -0.041754298479191
4 8
    -0.057780722897860    -0.000000000000000    -0.000000000000000
     0.000000000000000    -0.057780722897860     0.000000000000000
     0.000000000000000    -0.000000000000000    -0.015432216503086
4 9
    -0.031492912864906     0.035007932092412     0.035007932092412
     0.035007932092412     0.069928232653638    -0.035338320594747
     0.035007932092412    -0.035338320594747     0.069928232653638
4 10
    -2.341654446252051     1.196902454830706     1.196902454830707
     1.196902454830706    -2.341654446252050    -1.196902454830706
     1.196902454830706    -1.196902454830706    -2.341654446252051
4 11
    -0.011315208018914     0.009925772428687     0.024354182278330
     0.009925772428687    -0.011315208018914    -0.024354182278330
     0.024354182278330    -0.024354182278330    -0.133864037968578
4 12
     0.069928232653638     0.035007932092412     0.035338320594747
     0.035007932092412    -0.031492912864905    -0.035007932092412
     0.035338320594747    -0.035007932092412     0.069928232653638
4 13
    -0.011315208018914     0.024354182278330     0.009925772428687
     0.024354182278330    -0.133864037968578    -0.024354182278330
     0.009925772428687    -0.024354182278330    -0.011315208018914
4 14
     0.069928232653638     0.035338320594747     0.035007932092412
     0.035338320594747     0.069928232653638    -0.035007932092412
     0.035007932092412    -0.035007932092412    -0.031492912864905
4 15
     0.003274804578268     0.012843773583882     0.012843773583882
     0.012843773583882     0.003274804578268    -0.012843773583882
     0.012843773583882    -0.012843773583882     0.003274804578268
4 16
    -0.133864037968579     0.024354182278330     0.024354182278330
     0.024354182278330    -0.011315208018914    -0.009925772428687
     0.024354182278330    -0.009925772428687    -0.011315208018914
4 17
     0.018478612139461    -0.012843031709053    -0.012843031709053
     0.012843031709053    -0.034163283532962     0.037615269320668
     0.012843031709053     0.037615269320668    -0.034163283532962
4 18
     0.319300378862408    -0.072948118759086    -0.072948118759086
     0.072948118759086    -0.158355902283347    -0.156713285832666
     0.072948118759086    -0.156713285832666    -0.158355902283347
4 19
     0.018478612139461    -0.012843031709053     0.012843031709053
     0.012843031709053    -0.034163283532962    -0.037615269320668
    -0.012843031709053    -0.037615269320668    -0.034163283532962
4 20
     0.319300378862408    -0.072948118759086     0.072948118759086
     0.072948118759086    -0.158355902283347     0.156713285832666
    -0.072948118759086     0.156713285832666    -0.158355902283347
4 21
     0.018478612139461     0.012843031709053    -0.012843031709053
    -0.012843031709053    -0.034163283532962    -0.037615269320668
     0.012843031709053    -0.037615269320668    -0.034163283532962
4 22
     0.319300378862408     0.072948118759086    -0.072948118759086
    -0.072948118759086    -0.158355902283347     0.156713285832666
     0.072948118759086     0.156713285832666    -0.158355902283347
4 23
     0.018478612139461     0.012843031709053     0.012843031709053
    -0.012843031709053    -0.034163283532962     0.037615269320668
    -0.012843031709053     0.037615269320668    -0.034163283532962
4 24
     0.319300378862408     0.072948118759086     0.072948118759086
    -0.072948118759086    -0.158355902283347    -0.156713285832666
    -0.072948118759086    -0.156713285832666    -0.158355902283347
4 25
    -0.011315208018914    -0.009925772428687    -0.024354182278330
    -0.009925772428687    -0.011315208018914    -0.024354182278330
    -0.024354182278330    -0.024354182278330    -0.133864037968578
4 26
     0.069928232653638    -0.035007932092412    -0.035338320594747
    -0.035007932092412    -0.031492912864905    -0.035007932092412
    -0.035338320594747    -0.035007932092412     0.069928232653638
4 27
    -0.031492912864906    -0.035007932092412    -0.035007932092412
    -0.035007932092412     0.069928232653638    -0.035338320594747
    -0.035007932092412    -0.035338320594747     0.069928232653638
4 28
    -2.341654446252051    -1.196902454830706    -1.196902454830707
    -1.196902454830706    -2.341654446252050    -1.196902454830706
    -1.196902454830706    -1.196902454830706    -2.341654446252051
4 29
     0.003274804578268    -0.012843773583882    -0.012843773583882
    -0.012843773583882     0.003274804578268    -0.012843773583882
    -0.012843773583882    -0.012843773583882     0.003274804578268
4 30
    -0.133864037968579    -0.024354182278330    -0.024354182278330
    -0.024354182278330    -0.011315208018914    -0.009925772428687
    -0.024354182278330    -0.009925772428687    -0.011315208018914
4 31
    -0.011315208018914    -0.024354182278330    -0.009925772428687
    -0.024354182278330    -0.133864037968578    -0.024354182278330
    -0.009925772428687    -0.024354182278330    -0.011315208018914
4 32
     0.069928232653638    -0.035338320594747    -0.035007932092412
    -0.035338320594747     0.069928232653638    -0.035007932092412
    -0.035007932092412    -0.035007932092412    -0.031492912864905
4 33
    -0.034163283532962     0.012843031709053    -0.037615269320668
    -0.012843031709053     0.018478612139461     0.012843031709053
    -0.037615269320668    -0.012843031709053    -0.034163283532962
4 34
    -0.034163283532962     0.012843031709053     0.037615269320668
    -0.012843031709053     0.018478612139461    -0.012843031709053
     0.037615269320668     0.012843031709053    -0.034163283532962
4 35
    -0.158355902283347     0.072948118759086     0.156713285832666
    -0.072948118759086     0.319300378862408     0.072948118759086
     0.156713285832666    -0.072948118759086    -0.158355902283347
4 36
    -0.158355902283347     0.072948118759086    -0.156713285832666
    -0.072948118759086     0.319300378862408    -0.072948118759086
    -0.156713285832666     0.072948118759086    -0.158355902283347
4 37
    -0.034163283532962    -0.012843031709053     0.037615269320668
     0.012843031709053     0.018478612139461     0.012843031709053
     0.037615269320668    -0.012843031709053    -0.034163283532962
4 38
    -0.034163283532962    -0.012843031709053    -0.037615269320668
     0.012843031709053     0.018478612139461    -0.012843031709053
    -0.037615269320668     0.012843031709053    -0.034163283532962
4 39
    -0.158355902283347    -0.072948118759086    -0.156713285832666
     0.072948118759086     0.319300378862408     0.072948118759086
    -0.156713285832666    -0.072948118759086    -0.158355902283347
4 40
    -0.158355902283347    -0.072948118759086     0.156713285832666
     0.072948118759086     0.319300378862408    -0.072948118759086
     0.156713285832666     0.072948118759086    -0.158355902283347
4 41
    -0.031492912864906    -0.035007932092412     0.035007932092412
    -0.035007932092412     0.069928232653638     0.035338320594747
     0.035007932092412     0.035338320594747     0.069928232653638
4 42
    -2.341654446252051    -1.196902454830706     1.196902454830707
    -1.196902454830706    -2.341654446252050     1.196902454830706
     1.196902454830706     1.196902454830706    -2.341654446252051
4 43
    -0.011315208018914    -0.009925772428687     0.024354182278330
    -0.009925772428687    -0.011315208018914     0.024354182278330
     0.024354182278330     0.024354182278330    -0.133864037968578
4 44
     0.069928232653638    -0.035007932092412     0.035338320594747
    -0.035007932092412    -0.031492912864905     0.035007932092412
     0.035338320594747     0.035007932092412     0.069928232653638
4 45
    -0.011315208018914    -0.024354182278330     0.009925772428687
    -0.024354182278330    -0.133864037968578     0.024354182278330
     0.009925772428687     0.024354182278330    -0.011315208018914
4 46
     0.069928232653638    -0.035338320594747     0.035007932092412
    -0.035338320594747     0.069928232653638     0.035007932092412
     0.035007932092412     0.035007932092412    -0.031492912864906
4 47
     0.003274804578268    -0.012843773583882     0.012843773583882
    -0.012843773583882     0.003274804578268     0.012843773583882
     0.012843773583882     0.012843773583882     0.003274804578268
4 48
    -0.133864037968579    -0.024354182278330     0.024354182278330
    -0.024354182278330    -0.011315208018914     0.009925772428687
     0.024354182278330     0.009925772428687    -0.011315208018914
4 49
    -0.158355902283347     0.156713285832666     0.072948118759086
     0.156713285832666    -0.158355902283347    -0.072948118759086
    -0.072948118759086     0.072948118759086     0.319300378862408
4 50
    -0.158355902283347    -0.156713285832666     0.072948118759086
    -0.156713285832666    -0.158355902283347     0.072948118759086
    -0.072948118759086    -0.072948118759086     0.319300378862408
4 51
    -0.158355902283347    -0.156713285832666    -0.072948118759086
    -0.156713285832666    -0.158355902283347    -0.072948118759086
     0.072948118759086     0.072948118759086     0.319300378862408
4 52
    -0.158355902283347     0.156713285832666    -0.072948118759086
     0.156713285832666    -0.158355902283347     0.072948118759086
     0.072948118759086    -0.072948118759086     0.319300378862408
4 53
    -0.034163283532962    -0.037615269320668     0.012843031709053
    -0.037615269320668    -0.034163283532962    -0.012843031709053
    -0.012843031709053     0.012843031709053     0.018478612139461
4 54
    -0.034163283532962     0.037615269320668     0.012843031709053
     0.037615269320668    -0.034163283532962     0.012843031709053
    -0.012843031709053    -0.012843031709053     0.018478612139461
4 55
    -0.034163283532962     0.037615269320668    -0.012843031709053
     0.037615269320668    -0.034163283532962    -0.012843031709053
     0.012843031709053     0.012843031709053     0.018478612139461
4 56
    -0.034163283532962    -0.037615269320668    -0.012843031709053
    -0.037615269320668    -0.034163283532962     0.012843031709053
     0.012843031709053    -0.012843031709053     0.018478612139461
4 57
    -0.011315208018914     0.009925772428687    -0.024354182278330
     0.009925772428687    -0.011315208018914     0.024354182278330
    -0.024354182278330     0.024354182278330    -0.133864037968578
4 58
     0.069928232653638     0.035007932092412    -0.035338320594747
     0.035007932092412    -0.031492912864905     0.035007932092412
    -0.035338320594747     0.035007932092412     0.069928232653638
4 59
    -0.031492912864906     0.035007932092412    -0.035007932092412
     0.035007932092412     0.069928232653638     0.035338320594747
    -0.035007932092412     0.035338320594747     0.069928232653638
4 60
    -2.341654446252051     1.196902454830707    -1.196902454830706
     1.196902454830706    -2.341654446252051     1.196902454830706
    -1.196902454830706     1.196902454830706    -2.341654446252050
4 61
     0.003274804578268     0.012843773583882    -0.012843773583882
     0.012843773583882     0.003274804578268     0.012843773583882
    -0.012843773583882     0.012843773583882     0.003274804578268
4 62
    -0.133864037968579     0.024354182278330    -0.024354182278330
     0.024354182278330    -0.011315208018914     0.009925772428687
    -0.024354182278330     0.009925772428687    -0.011315208018914
4 63
    -0.011315208018914     0.024354182278330    -0.009925772428687
     0.024354182278330    -0.133864037968578     0.024354182278330
    -0.009925772428687     0.024354182278330    -0.011315208018914
4 64
     0.069928232653638     0.035338320594747    -0.035007932092412
     0.035338320594747     0.069928232653638     0.035007932092412
    -0.035007932092412     0.035007932092412    -0.031492912864905
5 1
    -0.057780722897860     0.000000000000000     0.000000000000000
    -0.000000000000000    -0.057780722897860    -0.000000000000000
    -0.000000000000000     0.000000000000000    -0.015432216503086
5 2
    -0.041754298479191     0.000000000000000     0.000000000000000
    -0.000000000000000     0.250247780888913    -0.000000000000000
    -0.000000000000000    -0.000000000000000    -0.041754298479191
5 3
     0.250247780888912     0.000000000000000     0.000000000000000
    -0.000000000000000    -0.041754298479191     0.000000000000000
    -0.000000000000000    -0.000000000000000    -0.041754298479191
5 4
     0.002996701471147     0.000000000000000     0.000000000000000
    -0.000000000000000     0.002996701471147    -0.000000000000000
    -0.000000000000000     0.000000000000000     0.002996701471147
5 5
     9.696337472371393     0.000000000000000     0.000000000000000
     0.000000000000000     9.696337472371400    -0.000000000000000
     0.000000000000000    -0.000000000000000     9.696337472371393
5 6
    -0.015432216503086     0.000000000000000     0.000000000000000
    -0.000000000000000    -0.057780722897860    -0.000000000000000
    -0.000000000000000     0.000000000000000    -0.057780722897860
5 7
    -0.057780722897860     0.000000000000000     0.000000000000000
    -0.000000000000000    -0.015432216503086    -0.000000000000000
    -0.000000000000000    -0.000000000000000    -0.057780722897860
5 8
    -0.041754298479191     0.000000000000000     0.000000000000000
     0.000000000000000    -0.041754298479191     0.000000000000000
    -0.000000000000000    -0.000000000000000     0.250247780888912
5 9
    -0.133864037968578     0.024354182278330     0.024354182278330
     0.024354182278330    -0.011315208018914    -0.009925772428687
     0.024354182278330    -0.009925772428687    -0.011315208018914
5 10
     0.003274804578268     0.012843773583882     0.012843773583882
     0.012843773583882     0.003274804578268    -0.012843773583882
     0.012843773583882    -0.012843773583882     0.003274804578268
5 11
     0.069928232653638     0.035338320594747     0.035007932092412
     0.035338320594747     0.069928232653638    -0.035007932092412
     0.035007932092412    -0.035007932092412    -0.031492912864905
5 12
    -0.011315208018914     0.024354182278330     0.009925772428687
     0.024354182278330    -0.133864037968578    -0.024354182278330
     0.009925772428687    -0.024354182278330    -0.011315208018914
5 13
     0.069928232653638     0.035007932092412     0.035338320594747
     0.035007932092412    -0.031492912864906    -0.035007932092412
     0.035338320594747    -0.035007932092412     0.069928232653638
5 14
    -0.011315208018914     0.009925772428687     0.024354182278330
     0.009925772428687    -0.011315208018914    -0.024354182278330
     0.024354182278330    -0.024354182278330    -0.133864037968578
5 15
    -2.341654446252051     1.196902454830706     1.196902454830706
     1.196902454830707    -2.341654446252051    -1.196902454830706
     1.196902454830706    -1.196902454830706    -2.341654446252050
5 16
    -0.031492912864906     0.035007932092412     0.035007932092412
     0.035007932092412     0.069928232653638    -0.035338320594747
     0.035007932092412    -0.035338320594747     0.069928232653638
5 17
     0.319300378862408     0.072948118759086     0.072948118759086
    -0.072948118759086    -0.158355902283347    -0.156713285832666
    -0.072948118759086    -0.156713285832666    -0.158355902283347
5 18
     0.018478612139461     0.012843031709053     0.012843031709053
    -0.012843031709053    -0.034163283532962     0.037615269320668
    -0.012843031709053     0.037615269320668    -0.034163283532962
5 19
     0.319300378862408     0.072948118759086    -0.072948118759086
    -0.072948118759086    -0.158355902283347     0.156713285832666
     0.072948118759086     0.156713285832666    -0.158355902283347
5 20
     0.018478612139461     0.012843031709053    -0.012843031709053
    -0.012843031709053    -0.034163283532962    -0.037615269320668
     0.012843031709053    -0.037615269320668    -0.034163283532962
5 21
     0.319300378862408    -0.072948118759086     0.072948118759086
     0.072948118759086    -0.158355902283347     0.156713285832666
    -0.072948118759086     0.156713285832666    -0.158355902283347
5 22
     0.018478612139461    -0.012843031709053     0.012843031709053
     0.012843031709053    -0.034163283532962    -0.037615269320668
    -0.012843031709053    -0.037615269320668    -0.034163283532962
5 23
     0.319300378862408    -0.072948118759086    -0.072948118759086
     0.072948118759086    -0.158355902283347    -0.156713285832666
     0.072948118759086    -0.156713285832666    -0.158355902283347
5 24
     0.018478612139461    -0.012843031709053    -0.012843031709053
     0.012843031709053    -0.034163283532962     0.037615269320668
     0.012843031709053     0.037615269320668    -0.034163283532962
5 25
     0.069928232653638    -0.035338320594747    -0.035007932092412
    -0.035338320594747     0.069928232653638    -0.035007932092412
    -0.035007932092412    -0.035007932092412    -0.031492912864905
5 26
    -0.011315208018914    -0.024354182278330    -0.009925772428687
    -0.024354182278330    -0.133864037968578    -0.024354182278330
    -0.009925772428687    -0.024354182278330    -0.011315208018914
5 27
    -0.133864037968578    -0.024354182278330    -0.024354182278330
    -0.024354182278330    -0.011315208018914    -0.009925772428687
    -0.024354182278330    -0.009925772428687    -0.011315208018914
5 28
     0.003274804578268    -0.012843773583882    -0.012843773583882
    -0.012843773583882     0.003274804578268    -0.012843773583882
    -0.012843773583882    -0.012843773583882     0.003274804578268
5 29
    -2.341654446252050    -1.196902454830706    -1.196902454830706
    -1.196902454830706    -2.341654446252051    -1.196902454830706
    -1.196902454830706    -1.196902454830706    -2.341654446252050
5 30
    -0.031492912864906    -0.035007932092412    -0.035007932092412
    -0.035007932092412     0.069928232653638    -0.035338320594747
    -0.035007932092412    -0.035338320594747     0.069928232653638
5 31
     0.069928232653638    -0.035007932092412    -0.035338320594747
    -0.035007932092412    -0.031492912864906    -0.035007932092412
    -0.035338320594747    -0.035007932092412     0.069928232653638
5 32
    -0.011315208018914    -0.009925772428687    -0.024354182278330
    -0.009925772428687    -0.011315208018914    -0.024354182278330
    -0.024354182278330    -0.024354182278330    -0.133864037968578
5 33
    -0.158355902283347    -0.072948118759086     0.156713285832666
     0.072948118759086     0.319300378862408    -0.072948118759086
     0.156713285832666     0.072948118759086    -0.158355902283347
5 34
    -0.158355902283347    -0.072948118759086    -0.156713285832666
     0.072948118759086     0.319300378862408     0.072948118759086
    -0.156713285832666    -0.072948118759086    -0.158355902283347
5 35
    -0.034163283532962    -0.012843031709053    -0.037615269320668
     0.012843031709053     0.018478612139461    -0.012843031709053
    -0.037615269320668     0.012843031709053    -0.034163283532962
5 36
    -0.034163283532962    -0.012843031709053     0.037615269320668
     0.012843031709053     0.018478612139461     0.012843031709053
     0.037615269320668    -0.012843031709053    -0.034163283532962
5 37
    -0.158355902283347     0.072948118759086    -0.156713285832666
    -0.072948118759086     0.319300378862408    -0.072948118759086
    -0.156713285832666     0.072948118759086    -0.158355902283347
5 38
    -0.158355902283347     0.072948118759086     0.156713285832666
    -0.072948118759086     0.319300378862408     0.072948118759086
     0.156713285832666    -0.072948118759086    -0.158355902283347
5 39
    -0.034163283532962     0.012843031709053     0.037615269320668
    -0.012843031709053     0.018478612139461    -0.012843031709053
     0.037615269320668     0.012843031709053    -0.034163283532962
5 40
    -0.034163283532962     0.012843031709053    -0.037615269320668
    -0.012843031709053     0.018478612139461     0.012843031709053
    -0.037615269320668    -0.012843031709053    -0.034163283532962
5 41
    -0.133864037968578    -0.024354182278330     0.024354182278330
    -0.024354182278330    -0.011315208018914     0.009925772428687
     0.024354182278330     0.009925772428687    -0.011315208018914
5 42
     0.003274804578268    -0.012843773583882     0.012843773583882
    -0.012843773583882     0.003274804578268     0.012843773583882
     0.012843773583882     0.012843773583882     0.003274804578268
5 43
     0.069928232653638    -0.035338320594747     0.035007932092412
    -0.035338320594747     0.069928232653638     0.035007932092412
     0.035007932092412     0.035007932092412    -0.031492912864905
5 44
    -0.011315208018914    -0.024354182278330     0.009925772428687
    -0.024354182278330    -0.133864037968579     0.024354182278330
     0.009925772428687     0.024354182278330    -0.011315208018914
5 45
     0.069928232653638    -0.035007932092412     0.035338320594747
    -0.035007932092412    -0.031492912864906     0.035007932092412
     0.035338320594747     0.035007932092412     0.069928232653638
5 46
    -0.011315208018914    -0.009925772428687     0.024354182278330
    -0.009925772428687    -0.011315208018914     0.024354182278330
     0.024354182278330     0.024354182278330    -0.133864037968578
5 47
    -2.341654446252050    -1.196902454830706     1.196902454830706
    -1.196902454830706    -2.341654446252051     1.196902454830706
     1.196902454830706     1.196902454830706    -2.341654446252050
5 48
    -0.031492912864906    -0.035007932092412     0.035007932092412
    -0.035007932092412     0.069928232653638     0.035338320594747
     0.035007932092412     0.035338320594747     0.069928232653638
5 49
    -0.034163283532962    -0.037615269320668    -0.012843031709053
    -0.037615269320668    -0.034163283532962     0.012843031709053
     0.012843031709053    -0.012843031709053     0.018478612139461
5 50
    -0.034163283532962     0.037615269320668    -0.012843031709053
     0.037615269320668    -0.034163283532962    -0.012843031709053
     0.012843031709053     0.012843031709053     0.018478612139461
5 51
    -0.034163283532962     0.037615269320668     0.012843031709053
     0.037615269320668    -0.034163283532962     0.012843031709053
    -0.012843031709053    -0.012843031709053     0.018478612139461
5 52
    -0.034163283532962    -0.037615269320668     0.012843031709053
    -0.037615269320668    -0.034163283532962    -0.012843031709053
    -0.012843031709053     0.012843031709053     0.018478612139461
5 53
    -0.158355902283347     0.156713285832666    -0.072948118759086
     0.156713285832666    -0.158355902283347     0.072948118759086
     0.072948118759086    -0.072948118759086     0.319300378862408
5 54
    -0.158355902283347    -0.156713285832666    -0.072948118759086
    -0.156713285832666    -0.158355902283347    -0.072948118759086
     0.072948118759086     0.072948118759086     0.319300378862408
5 55
    -0.158355902283347    -0.156713285832666     0.072948118759086
    -0.156713285832666    -0.158355902283347     0.072948118759086
    -0.072948118759086    -0.072948118759086     0.319300378862408
5 56
    -0.158355902283347     0.156713285832666     0.072948118759086
     0.156713285832666    -0.158355902283347    -0.072948118759086
    -0.072948118759086     0.072948118759086     0.319300378862408
5 57
     0.069928232653638     0.035338320594747    -0.035007932092412
     0.035338320594747     0.069928232653638     0.035007932092412
    -0.035007932092412     0.035007932092412    -0.031492912864905
5 58
    -0.011315208018914     0.024354182278330    -0.009925772428687
     0.024354182278330    -0.133864037968579     0.024354182278330
    -0.009925772428687     0.024354182278330    -0.011315208018914
5 59
    -0.133864037968578     0.024354182278330    -0.024354182278330
     0.024354182278330    -0.011315208018914     0.009925772428687
    -0.024354182278330     0.009925772428687    -0.011315208018914
5 60
     0.003274804578268     0.012843773583882    -0.012843773583882
     0.012843773583882     0.003274804578268     0.012843773583882
    -0.012843773583882     0.012843773583882     0.003274804578268
5 61
    -2.341654446252050     1.196902454830706    -1.196902454830706
     1.196902454830706    -2.341654446252051     1.196902454830707
    -1.196902454830706     1.196902454830706    -2.341654446252051
5 62
    -0.031492912864906     0.035007932092412    -0.035007932092412
     0.035007932092412     0.069928232653638     0.035338320594747
    -0.035007932092412     0.035338320594747     0.069928232653638
5 63
     0.069928232653638     0.035007932092412    -0.035338320594747
     0.035007932092412    -0.031492912864906     0.035007932092412
    -0.035338320594747     0.035007932092412     0.069928232653638
5 64
    -0.011315208018914     0.009925772428687    -0.024354182278330
     0.009925772428687    -0.011315208018914     0.024354182278330
    -0.024354182278330     0.024354182278330    -0.133864037968578
6 1
    -0.041754298479191     0.000000000000000     0.000000000000000
     0.000000000000000     0.250247780888913    -0.000000000000000
    -0.000000000000000    -0.000000000000000    -0.041754298479191
6 2
    -0.057780722897860     0.000000000000000    -0.000000000000000
    -0.000000000000000    -0.057780722897860     0.000000000000000
     0.000000000000000    -0.000000000000000    -0.015432216503086
6 3
     0.002996701471147     0.000000000000000    -0.000000000000000
    -0.000000000000000     0.002996701471147     0.000000000000000
     0.000000000000000    -0.000000000000000     0.002996701471147
6 4
     0.250247780888913     0.000000000000000     0.000000000000000
    -0.000000000000000    -0.041754298479191    -0.000000000000000
    -0.000000000000000     0.000000000000000    -0.041754298479191
6 5
    -0.015432216503086    -0.000000000000000    -0.000000000000000
     0.000000000000000    -0.057780722897860     0.000000000000000
     0.000000000000000    -0.000000000000000    -0.057780722897860
6 6
     9.696337472371397     0.000000000000000    -0.000000000000000
     0.000000000000000     9.696337472371397    -0.000000000000000
    -0.000000000000000    -0.000000000000000     9.696337472371393
6 7
    -0.041754298479191     0.000000000000000     0.000000000000000
    -0.000000000000000    -0.041754298479191    -0.000000000000000
    -0.000000000000000    -0.000000000000000     0.250247780888912
6 8
    -0.057780722897860    -0.000000000000000    -0.000000000000000
     0.000000000000000    -0.015432216503086     0.000000000000000
    -0.000000000000000    -0.000000000000000    -0.057780722897860
6 9
     0.003274804578268     0.012843773583882     0.012843773583882
     0.012843773583882     0.003274804578268    -0.012843773583882
     0.012843773583882    -0.012843773583882     0.003274804578268
6 10
    -0.133864037968578     0.024354182278330     0.024354182278330
     0.024354182278330    -0.011315208018914    -0.009925772428687
     0.024354182278330    -0.009925772428687    -0.011315208018914
6 11
    -0.011315208018914     0.024354182278330     0.009925772428687
     0.024354182278330    -0.133864037968579    -0.024354182278330
     0.009925772428687    -0.024354182278330    -0.011315208018914
6 12
     0.069928232653638     0.035338320594747     0.035007932092412
     0.035338320594747     0.069928232653638    -0.035007932092412
     0.035007932092412    -0.035007932092412    -0.031492912864905
6 13
    -0.011315208018914     0.009925772428687     0.024354182278330
     0.009925772428687    -0.011315208018914    -0.024354182278330
     0.024354182278330    -0.024354182278330    -0.133864037968578
6 14
     0.069928232653638     0.035007932092412     0.035338320594747
     0.035007932092412    -0.031492912864906    -0.035007932092412
     0.035338320594747    -0.035007932092412     0.069928232653638
6 15
    -0.031492912864905     0.035007932092412     0.035007932092412
     0.035007932092412     0.069928232653638    -0.035338320594747
     0.035007932092412    -0.035338320594747     0.069928232653638
6 16
    -2.341654446252051     1.196902454830706     1.196902454830706
     1.196902454830707    -2.341654446252051    -1.196902454830706
     1.196902454830706    -1.196902454830706    -2.341654446252050
6 17
     0.018478612139461     0.012843031709053     0.012843031709053
    -0.012843031709053    -0.034163283532962     0.037615269320668
    -0.012843031709053     0.037615269320668    -0.034163283532962
6 18
     0.319300378862408     0.072948118759086     0.072948118759086
    -0.072948118759086    -0.158355902283347    -0.156713285832666
    -0.072948118759086    -0.156713285832666    -0.158355902283347
6 19
     0.018478612139461     0.012843031709053    -0.012843031709053
    -0.012843031709053    -0.034163283532962    -0.037615269320668
     0.012843031709053    -0.037615269320668    -0.034163283532962
6 20
     0.319300378862408     0.072948118759086    -0.072948118759086
    -0.072948118759086    -0.158355902283347     0.156713285832666
     0.072948118759086     0.156713285832666    -0.158355902283347
6 21
     0.018478612139461    -0.012843031709053     0.012843031709053
     0.012843031709053    -0.034163283532962    -0.037615269320668
    -0.012843031709053    -0.037615269320668    -0.034163283532962
6 22
     0.319300378862408    -0.072948118759086     0.072948118759086
     0.072948118759086    -0.158355902283347     0.156713285832666
    -0.072948118759086     0.156713285832666    -0.158355902283347
6 23
     0.018478612139461    -0.012843031709053    -0.012843031709053
     0.012843031709053    -0.034163283532962     0.037615269320668
     0.012843031709053     0.037615269320668    -0.034163283532962
6 24
     0.319300378862408    -0.072948118759086    -0.072948118759086
     0.072948118759086    -0.158355902283347    -0.156713285832666
     0.072948118759086    -0.156713285832666    -0.158355902283347
6 25
    -0.011315208018914    -0.024354182278330    -0.009925772428687
    -0.024354182278330    -0.133864037968579    -0.024354182278330
    -0.009925772428687    -0.024354182278330    -0.011315208018914
6 26
     0.069928232653638    -0.035338320594747    -0.035007932092412
    -0.035338320594747     0.069928232653638    -0.035007932092412
    -0.035007932092412    -0.035007932092412    -0.031492912864905
6 27
     0.003274804578268    -0.012843773583882    -0.012843773583882
    -0.012843773583882     0.003274804578268    -0.012843773583882
    -0.012843773583882    -0.012843773583882     0.003274804578268
6 28
    -0.133864037968578    -0.024354182278330    -0.024354182278330
    -0.024354182278330    -0.011315208018914    -0.009925772428687
    -0.024354182278330    -0.009925772428687    -0.011315208018914
6 29
    -0.031492912864905    -0.035007932092412    -0.035007932092412
    -0.035007932092412     0.069928232653638    -0.035338320594747
    -0.035007932092412    -0.035338320594747     0.069928232653638
6 30
    -2.341654446252051    -1.196902454830706    -1.196902454830706
    -1.196902454830707    -2.341654446252051    -1.196902454830706
    -1.196902454830706    -1.196902454830706    -2.341654446252050
6 31
    -0.011315208018914    -0.009925772428687    -0.024354182278330
    -0.009925772428687    -0.011315208018914    -0.024354182278330
    -0.024354182278330    -0.024354182278330    -0.133864037968578
6 32
     0.069928232653638    -0.035007932092412    -0.035338320594747
    -0.035007932092412    -0.031492912864906    -0.035007932092412
    -0.035338320594747    -0.035007932092412     0.069928232653638
6 33
    -0.158355902283347    -0.072948118759086    -0.156713285832666
     0.072948118759086     0.319300378862408     0.072948118759086
    -0.156713285832666    -0.072948118759086    -0.158355902283347
6 34
    -0.158355902283347    -0.072948118759086     0.156713285832666
     0.072948118759086     0.319300378862408    -0.072948118759086
     0.156713285832666     0.072948118759086    -0.158355902283347
6 35
    -0.034163283532962    -0.012843031709053     0.037615269320668
     0.012843031709053     0.018478612139461     0.012843031709053
     0.037615269320668    -0.012843031709053    -0.034163283532962
6 36
    -0.034163283532962    -0.012843031709053    -0.037615269320668
     0.012843031709053     0.018478612139461    -0.012843031709053
    -0.037615269320668     0.012843031709053    -0.034163283532962
6 37
    -0.158355902283347     0.072948118759086     0.156713285832666
    -0.072948118759086     0.319300378862408     0.072948118759086
     0.156713285832666    -0.072948118759086    -0.158355902283347
6 38
    -0.158355902283347     0.072948118759086    -0.156713285832666
    -0.072948118759086     0.319300378862408    -0.072948118759086
    -0.156713285832666     0.072948118759086    -0.158355902283347
6 39
    -0.034163283532962     0.012843031709053    -0.037615269320668
    -0.012843031709053     0.018478612139461     0.012843031709053
    -0.037615269320668    -0.012843031709053    -0.034163283532962
6 40
    -0.034163283532962     0.012843031709053     0.037615269320668
    -0.012843031709053     0.018478612139461    -0.012843031709053
     0.037615269320668     0.012843031709053    -0.034163283532962
6 41
     0.003274804578268    -0.012843773583882     0.012843773583882
    -0.012843773583882     0.003274804578268     0.012843773583882
     0.012843773583882     0.012843773583882     0.003274804578268
6 42
    -0.133864037968578    -0.024354182278330     0.024354182278330
    -0.024354182278330    -0.011315208018914     0.009925772428687
     0.024354182278330     0.009925772428687    -0.011315208018914
6 43
    -0.011315208018914    -0.024354182278330     0.009925772428687
    -0.024354182278330    -0.133864037968578     0.024354182278330
     0.009925772428687     0.024354182278330    -0.011315208018914
6 44
     0.069928232653638    -0.035338320594747     0.035007932092412
    -0.035338320594747     0.069928232653638     0.035007932092412
     0.035007932092412     0.035007932092412    -0.031492912864905
6 45
    -0.011315208018914    -0.009925772428687     0.024354182278330
    -0.009925772428687    -0.011315208018914     0.024354182278330
     0.024354182278330     0.024354182278330    -0.133864037968578
6 46
     0.069928232653638    -0.035007932092412     0.035338320594747
    -0.035007932092412    -0.031492912864906     0.035007932092412
     0.035338320594747     0.035007932092412     0.069928232653638
6 47
    -0.031492912864905    -0.035007932092412     0.035007932092412
    -0.035007932092412     0.069928232653638     0.035338320594747
     0.035007932092412     0.035338320594747     0.069928232653638
6 48
    -2.341654446252051    -1.196902454830706     1.196902454830706
    -1.196902454830707    -2.341654446252051     1.196902454830706
     1.196902454830706     1.196902454830706    -2.341654446252050
6 49
    -0.034163283532962     0.037615269320668    -0.012843031709053
     0.037615269320668    -0.034163283532962    -0.012843031709053
     0.012843031709053     0.012843031709053     0.018478612139461
6 50
    -0.034163283532962    -0.037615269320668    -0.012843031709053
    -0.037615269320668    -0.034163283532962     0.012843031709053
     0.012843031709053    -0.012843031709053     0.018478612139461
6 51
    -0.034163283532962    -0.037615269320668     0.012843031709053
    -0.037615269320668    -0.034163283532962    -0.012843031709053
    -0.012843031709053     0.012843031709053     0.018478612139461
6 52
    -0.034163283532962     0.037615269320668     0.012843031709053
     0.037615269320668    -0.034163283532962     0.012843031709053
    -0.012843031709053    -0.012843031709053     0.018478612139461
6 53
    -0.158355902283347    -0.156713285832666    -0.072948118759086
    -0.156713285832666    -0.158355902283347    -0.072948118759086
     0.072948118759086     0.072948118759086     0.319300378862408
6 54
    -0.158355902283347     0.156713285832666    -0.072948118759086
     0.156713285832666    -0.158355902283347     0.072948118759086
     0.072948118759086    -0.072948118759086     0.319300378862408
6 55
    -0.158355902283347     0.156713285832666     0.072948118759086
     0.156713285832666    -0.158355902283347    -0.072948118759086
    -0.072948118759086     0.072948118759086     0.319300378862408
6 56
    -0.158355902283347    -0.156713285832666     0.072948118759086
    -0.156713285832666    -0.158355902283347     0.072948118759086
    -0.072948118759086    -0.072948118759086     0.319300378862408
6 57
    -0.011315208018914     0.024354182278330    -0.009925772428687
     0.024354182278330    -0.133864037968578     0.024354182278330
    -0.009925772428687     0.024354182278330    -0.011315208018914
6 58
     0.069928232653638     0.035338320594747    -0.035007932092412
     0.035338320594747     0.069928232653638     0.035007932092412
    -0.035007932092412     0.035007932092412    -0.031492912864906
6 59
     0.003274804578268     0.012843773583882    -0.012843773583882
     0.012843773583882     0.003274804578268     0.012843773583882
    -0.012843773583882     0.012843773583882     0.003274804578268
6 60
    -0.133864037968578     0.024354182278330    -0.024354182278330
     0.024354182278330    -0.011315208018914     0.009925772428687
    -0.024354182278330     0.009925772428687    -0.011315208018914
6 61
    -0.031492912864905     0.035007932092412    -0.035007932092412
     0.035007932092412     0.069928232653638     0.035338320594747
    -0.035007932092412     0.035338320594747     0.069928232653638
6 62
    -2.341654446252051     1.196902454830706    -1.196902454830706
     1.196902454830707    -2.341654446252051     1.196902454830706
    -1.196902454830706     1.196902454830706    -2.341654446252050
6 63
    -0.011315208018914     0.009925772428687    -0.024354182278330
     0.009925772428687    -0.011315208018914     0.024354182278330
    -0.024354182278330     0.024354182278330    -0.133864037968578
6 64
     0.069928232653638     0.035007932092412    -0.035338320594747
     0.035007932092412    -0.031492912864906     0.035007932092412
    -0.035338320594747     0.035007932092412     0.069928232653638
7 1
     0.250247780888913    -0.000000000000000    -0.000000000000000
     0.000000000000000    -0.041754298479191    -0.000000000000000
     0.000000000000000    -0.000000000000000    -0.041754298479191
7 2
     0.002996701471147     0.000000000000000    -0.000000000000000
     0.000000000000000     0.002996701471147    -0.000000000000000
     0.000000000000000    -0.000000000000000     0.002996701471147
7 3
    -0.057780722897860    -0.000000000000000    -0.000000000000000
     0.000000000000000    -0.057780722897860     0.000000000000000
     0.000000000000000    -0.000000000000000    -0.015432216503086
7 4
    -0.041754298479191    -0.000000000000000     0.000000000000000
    -0.000000000000000     0.250247780888913    -0.000000000000000
    -0.000000000000000     0.000000000000000    -0.041754298479191
7 5
    -0.057780722897860    -0.000000000000000    -0.000000000000000
     0.000000000000000    -0.015432216503086    -0.000000000000000
     0.000000000000000    -0.000000000000000    -0.057780722897860
7 6
    -0.041754298479191    -0.000000000000000    -0.000000000000000
     0.000000000000000    -0.041754298479191    -0.000000000000000
     0.000000000000000    -0.000000000000000     0.250247780888912
7 7
     9.696337472371393     0.000000000000000     0.000000000000000
     0.000000000000000     9.696337472371400    -0.000000000000000
     0.000000000000000    -0.000000000000000     9.696337472371393
7 8
    -0.015432216503086    -0.000000000000000    -0.000000000000000
     0.000000000000000    -0.057780722897860     0.000000000000000
     0.000000000000000    -0.000000000000000    -0.057780722897860
7 9
     0.069928232653638     0.035338320594747     0.035007932092412
     0.035338320594747     0.069928232653638    -0.035007932092412
     0.035007932092412    -0.035007932092412    -0.031492912864905
7 10
    -0.011315208018914     0.024354182278330     0.009925772428687
     0.024354182278330    -0.133864037968578    -0.024354182278330
     0.009925772428687    -0.024354182278330    -0.011315208018914
7 11
    -0.133864037968579     0.024354182278330     0.024354182278330
     0.024354182278330    -0.011315208018914    -0.009925772428687
     0.024354182278330    -0.009925772428687    -0.011315208018914
7 12
     0.003274804578268     0.012843773583882     0.012843773583882
     0.012843773583882     0.003274804578268    -0.012843773583882
     0.012843773583882    -0.012843773583882     0.003274804578268
7 13
    -2.341654446252050     1.196902454830706     1.196902454830706
     1.196902454830706    -2.341654446252051    -1.196902454830706
     1.196902454830706    -1.196902454830706    -2.341654446252050
7 14
    -0.031492912864906     0.035007932092412     0.035007932092412
     0.035007932092412     0.069928232653638    -0.035338320594747
     0.035007932092412    -0.035338320594747     0.069928232653638
7 15
     0.069928232653638     0.035007932092412     0.035338320594747
     0.035007932092412    -0.031492912864906    -0.035007932092412
     0.035338320594747    -0.035007932092412     0.069928232653638
7 16
    -0.011315208018914     0.009925772428687     0.024354182278330
     0.009925772428687    -0.011315208018914    -0.024354182278330
     0.024354182278330    -0.024354182278330    -0.133864037968578
7 17
     0.319300378862408     0.072948118759086    -0.072948118759086
    -0.072948118759086    -0.158355902283347     0.156713285832666
     0.072948118759086     0.156713285832666    -0.158355902283347
7 18
     0.018478612139461     0.012843031709053    -0.012843031709053
    -0.012843031709053    -0.034163283532962    -0.037615269320668
     0.012843031709053    -0.037615269320668    -0.034163283532962
7 19
     0.319300378862408     0.072948118759086     0.072948118759086
    -0.072948118759086    -0.158355902283347    -0.156713285832666
    -0.072948118759086    -0.156713285832666    -0.158355902283347
7 20
     0.018478612139461     0.012843031709053     0.012843031709053
    -0.012843031709053    -0.034163283532962     0.037615269320668
    -0.012843031709053     0.037615269320668    -0.034163283532962
7 21
     0.319300378862408    -0.072948118759086    -0.072948118759086
     0.072948118759086    -0.158355902283347    -0.156713285832666
     0.072948118759086    -0.156713285832666    -0.158355902283347
7 22
     0.018478612139461    -0.012843031709053    -0.012843031709053
     0.012843031709053    -0.034163283532962     0.037615269320668
     0.012843031709053     0.037615269320668    -0.034163283532962
7 23
     0.319300378862408    -0.072948118759086     0.072948118759086
     0.072948118759086    -0.158355902283347     0.156713285832666
    -0.072948118759086     0.156713285832666    -0.158355902283347
7 24
     0.018478612139461    -0.012843031709053     0.012843031709053
     0.012843031709053    -0.034163283532962    -0.037615269320668
    -0.012843031709053    -0.037615269320668    -0.034163283532962
7 25
    -0.133864037968579    -0.024354182278330    -0.024354182278330
    -0.024354182278330    -0.011315208018914    -0.009925772428687
    -0.024354182278330    -0.009925772428687    -0.011315208018914
7 26
     0.003274804578268    -0.012843773583882    -0.012843773583882
    -0.012843773583882     0.003274804578268    -0.012843773583882
    -0.012843773583882    -0.012843773583882     0.003274804578268
7 27
     0.069928232653638    -0.035338320594747    -0.035007932092412
    -0.035338320594747     0.069928232653638    -0.035007932092412
    -0.035007932092412    -0.035007932092412    -0.031492912864905
7 28
    -0.011315208018914    -0.024354182278330    -0.009925772428687
    -0.024354182278330    -0.133864037968578    -0.024354182278330
    -0.009925772428687    -0.024354182278330    -0.011315208018914
7 29
     0.069928232653638    -0.035007932092412    -0.035338320594747
    -0.035007932092412    -0.031492912864906    -0.035007932092412
    -0.035338320594747    -0.035007932092412     0.069928232653638
7 30
    -0.011315208018914    -0.009925772428687    -0.024354182278330
    -0.009925772428687    -0.011315208018914    -0.024354182278330
    -0.024354182278330    -0.024354182278330    -0.133864037968578
7 31
    -2.341654446252051    -1.196902454830706    -1.196902454830706
    -1.196902454830707    -2.341654446252051    -1.196902454830706
    -1.196902454830706    -1.196902454830706    -2.341654446252050
7 32
    -0.031492912864905    -0.035007932092412    -0.035007932092412
    -0.035007932092412     0.069928232653638    -0.035338320594747
    -0.035007932092412    -0.035338320594747     0.069928232653638
7 33
    -0.034163283532962    -0.012843031709053    -0.037615269320668
     0.012843031709053     0.018478612139461    -0.012843031709053
    -0.037615269320668     0.012843031709053    -0.034163283532962
7 34
    -0.034163283532962    -0.012843031709053     0.037615269320668
     0.012843031709053     0.018478612139461     0.012843031709053
     0.037615269320668    -0.012843031709053    -0.034163283532962
7 35
    -0.158355902283347    -0.072948118759086     0.156713285832666
     0.072948118759086     0.319300378862408    -0.072948118759086
     0.156713285832666     0.072948118759086    -0.158355902283347
7 36
    -0.158355902283347    -0.072948118759086    -0.156713285832666
     0.072948118759086     0.319300378862408     0.072948118759086
    -0.156713285832666    -0.072948118759086    -0.158355902283347
7 37
    -0.034163283532962     0.012843031709053     0.037615269320668
    -0.012843031709053     0.018478612139461    -0.012843031709053
     0.037615269320668     0.012843031709053    -0.034163283532962
7 38
    -0.034163283532962     0.012843031709053    -0.037615269320668
    -0.012843031709053     0.018478612139461     0.012843031709053
    -0.037615269320668    -0.012843031709053    -0.034163283532962
7 39
    -0.158355902283347     0.072948118759086    -0.156713285832666
    -0.072948118759086     0.319300378862408    -0.072948118759086
    -0.156713285832666     0.072948118759086    -0.158355902283347
7 40
    -0.158355902283347     0.072948118759086     0.156713285832666
    -0.072948118759086     0.319300378862408     0.072948118759086
     0.156713285832666    -0.072948118759086    -0.158355902283347
7 41
     0.069928232653638    -0.035338320594747     0.035007932092412
    -0.035338320594747     0.069928232653638     0.035007932092412
     0.035007932092412     0.035007932092412    -0.031492912864905
7 42
    -0.011315208018914    -0.024354182278330     0.009925772428687
    -0.024354182278330    -0.133864037968578     0.024354182278330
     0.009925772428687     0.024354182278330    -0.011315208018914
7 43
    -0.133864037968579    -0.024354182278330     0.024354182278330
    -0.024354182278330    -0.011315208018914     0.009925772428687
     0.024354182278330     0.009925772428687    -0.011315208018914
7 44
     0.003274804578268    -0.012843773583882     0.012843773583882
    -0.012843773583882     0.003274804578268     0.012843773583882
     0.012843773583882     0.012843773583882     0.003274804578268
7 45
    -2.341654446252050    -1.196902454830706     1.196902454830706
    -1.196902454830706    -2.341654446252051     1.196902454830706
     1.196902454830706     1.196902454830706    -2.341654446252050
7 46
    -0.031492912864905    -0.035007932092412     0.035007932092412
    -0.035007932092412     0.069928232653638     0.035338320594747
     0.035007932092412     0.035338320594747     0.069928232653638
7 47
     0.069928232653638    -0.035007932092412     0.035338320594747
    -0.035007932092412    -0.031492912864906     0.035007932092412
     0.035338320594747     0.035007932092412     0.069928232653638
7 48
    -0.011315208018914    -0.009925772428687     0.024354182278330
    -0.009925772428687    -0.011315208018914     0.024354182278330
     0.024354182278330     0.024354182278330    -0.133864037968578
7 49
    -0.034163283532962     0.037615269320668     0.012843031709053
     0.037615269320668    -0.034163283532962     0.012843031709053
    -0.012843031709053    -0.012843031709053     0.018478612139461
7 50
    -0.034163283532962    -0.037615269320668     0.012843031709053
    -0.037615269320668    -0.034163283532962    -0.012843031709053
    -0.012843031709053     0.012843031709053     0.018478612139461
7 51
    -0.034163283532962    -0.037615269320668    -0.012843031709053
    -0.037615269320668    -0.034163283532962     0.012843031709053
     0.012843031709053    -0.012843031709053     0.018478612139461
7 52
    -0.034163283532962     0.037615269320668    -0.012843031709053
     0.037615269320668    -0.034163283532962    -0.012843031709053
     0.012843031709053     0.012843031709053     0.018478612139461
7 53
    -0.158355902283347    -0.156713285832666     0.072948118759086
    -0.156713285832666    -0.158355902283347     0.072948118759086
    -0.072948118759086    -0.072948118759086     0.319300378862408
7 54
    -0.158355902283347     0.156713285832666     0.072948118759086
     0.156713285832666    -0.158355902283347    -0.072948118759086
    -0.072948118759086     0.072948118759086     0.319300378862408
7 55
    -0.158355902283347     0.156713285832666    -0.072948118759086
     0.156713285832666    -0.158355902283347     0.072948118759086
     0.072948118759086    -0.072948118759086     0.319300378862408
7 56
    -0.158355902283347    -0.156713285832666    -0.072948118759086
    -0.156713285832666    -0.158355902283347    -0.072948118759086
     0.072948118759086     0.072948118759086     0.319300378862408
7 57
    -0.133864037968579     0.024354182278330    -0.024354182278330
     0.024354182278330    -0.011315208018914     0.009925772428687
    -0.024354182278330     0.009925772428687    -0.011315208018914
7 58
     0.003274804578268     0.012843773583882    -0.012843773583882
     0.012843773583882     0.003274804578268     0.012843773583882
    -0.012843773583882     0.012843773583882     0.003274804578268
7 59
     0.069928232653638     0.035338320594747    -0.035007932092412
     0.035338320594747     0.069928232653638     0.035007932092412
    -0.035007932092412     0.035007932092412    -0.031492912864906
7 60
    -0.011315208018914     0.024354182278330    -0.009925772428687
     0.024354182278330    -0.133864037968579     0.024354182278330
    -0.009925772428687     0.024354182278330    -0.011315208018914
7 61
     0.069928232653638     0.035007932092412    -0.035338320594747
     0.035007932092412    -0.031492912864906     0.035007932092412
    -0.035338320594747     0.035007932092412     0.069928232653638
7 62
    -0.011315208018914     0.009925772428687    -0.024354182278330
     0.009925772428687    -0.011315208018914     0.024354182278330
    -0.024354182278330     0.024354182278330    -0.133864037968578
7 63
    -2.341654446252050     1.196902454830706    -1.196902454830706
     1.196902454830706    -2.341654446252051     1.196902454830706
    -1.196902454830706     1.196902454830706    -2.341654446252050
7 64
    -0.031492912864905     0.035007932092412    -0.035007932092412
     0.035007932092412     0.069928232653638     0.035338320594747
    -0.035007932092412     0.035338320594747     0.069928232653638
8 1
     0.002996701471147     0.000000000000000    -0.000000000000000
    -0.000000000000000     0.002996701471147    -0.000000000000000
    -0.000000000000000     0.000000000000000     0.002996701471147
8 2
     0.250247780888913     0.000000000000000    -0.000000000000000
    -0.000000000000000    -0.041754298479191    -0.000000000000000
     0.000000000000000     0.000000000000000    -0.041754298479191
8 3
    -0.041754298479191     0.000000000000000    -0.000000000000000
    -0.000000000000000     0.250247780888913     0.000000000000000
    -0.000000000000000     0.000000000000000    -0.041754298479191
8 4
    -0.057780722897860     0.000000000000000     0.000000000000000
    -0.000000000000000    -0.057780722897860    -0.000000000000000
    -0.000000000000000     0.000000000000000    -0.015432216503086
8 5
    -0.041754298479191     0.000000000000000    -0.000000000000000
     0.000000000000000    -0.041754298479191    -0.000000000000000
     0.000000000000000     0.000000000000000     0.250247780888912
8 6
    -0.057780722897860     0.000000000000000    -0.000000000000000
    -0.000000000000000    -0.015432216503086    -0.000000000000000
    -0.000000000000000     0.000000000000000    -0.057780722897860
8 7
    -0.015432216503086     0.000000000000000     0.000000000000000
    -0.000000000000000    -0.057780722897860    -0.000000000000000
    -0.000000000000000     0.000000000000000    -0.057780722897860
8 8
     9.696337472371399     0.000000000000000    -0.000000000000000
     0.000000000000000     9.696337472371393    -0.000000000000000
    -0.000000000000000    -0.000000000000000     9.696337472371395
8 9
    -0.011315208018914     0.024354182278330     0.009925772428687
     0.024354182278330    -0.133864037968578    -0.024354182278330
     0.009925772428687    -0.024354182278330    -0.011315208018914
8 10
     0.069928232653638     0.035338320594747     0.035007932092412
     0.035338320594747     0.069928232653638    -0.035007932092412
     0.035007932092412    -0.035007932092412    -0.031492912864906
8 11
     0.003274804578268     0.012843773583882     0.012843773583882
     0.012843773583882     0.003274804578268    -0.012843773583882
     0.012843773583882    -0.012843773583882     0.003274804578268
8 12
    -0.133864037968579     0.024354182278330     0.024354182278330
     0.024354182278330    -0.011315208018914    -0.009925772428687
     0.024354182278330    -0.009925772428687    -0.011315208018914
8 13
    -0.031492912864906     0.035007932092412     0.035007932092412
     0.035007932092412     0.069928232653638    -0.035338320594747
     0.035007932092412    -0.035338320594747     0.069928232653638
8 14
    -2.341654446252051     1.196902454830706     1.196902454830706
     1.196902454830706    -2.341654446252050    -1.196902454830706
     1.196902454830706    -1.196902454830706    -2.341654446252050
8 15
    -0.011315208018914     0.009925772428687     0.024354182278330
     0.009925772428687    -0.011315208018914    -0.024354182278330
     0.024354182278330    -0.024354182278330    -0.133864037968578
8 16
     0.069928232653638     0.035007932092412     0.035338320594747
     0.035007932092412    -0.031492912864905    -0.035007932092412
     0.035338320594747    -0.035007932092412     0.069928232653638
8 17
     0.018478612139461     0.012843031709053    -0.012843031709053
    -0.012843031709053    -0.034163283532962    -0.037615269320668
     0.012843031709053    -0.037615269320668    -0.034163283532962
8 18
     0.319300378862408     0.072948118759086    -0.072948118759086
    -0.072948118759086    -0.158355902283347     0.156713285832666
     0.072948118759086     0.156713285832666    -0.158355902283347
8 19
     0.018478612139461     0.012843031709053     0.012843031709053
    -0.012843031709053    -0.034163283532962     0.037615269320668
    -0.012843031709053     0.037615269320668    -0.034163283532962
8 20
     0.319300378862408     0.072948118759086     0.072948118759086
    -0.072948118759086    -0.158355902283347    -0.156713285832666
    -0.072948118759086    -0.156713285832666    -0.158355902283347
8 21
     0.018478612139461    -0.012843031709053    -0.012843031709053
     0.012843031709053    -0.034163283532962     0.037615269320668
     0.012843031709053     0.037615269320668    -0.034163283532962
8 22
     0.319300378862408    -0.072948118759086    -0.072948118759086
     0.072948118759086    -0.158355902283347    -0.156713285832666
     0.072948118759086    -0.156713285832666    -0.158355902283347
8 23
     0.018478612139461    -0.012843031709053     0.012843031709053
     0.012843031709053    -0.034163283532962    -0.037615269320668
    -0.012843031709053    -0.037615269320668    -0.034163283532962
8 24
     0.319300378862408    -0.072948118759086     0.072948118759086
     0.072948118759086    -0.158355902283347     0.156713285832666
    -0.072948118759086     0.156713285832666    -0.158355902283347
8 25
     0.003274804578268    -0.012843773583882    -0.012843773583882
    -0.012843773583882     0.003274804578268    -0.012843773583882
    -0.012843773583882    -0.012843773583882     0.003274804578268
8 26
    -0.133864037968579    -0.024354182278330    -0.024354182278330
    -0.024354182278330    -0.011315208018914    -0.009925772428687
    -0.024354182278330    -0.009925772428687    -0.011315208018914
8 27
    -0.011315208018914    -0.024354182278330    -0.009925772428687
    -0.024354182278330    -0.133864037968578    -0.024354182278330
    -0.009925772428687    -0.024354182278330    -0.011315208018914
8 28
     0.069928232653638    -0.035338320594747    -0.035007932092412
    -0.035338320594747     0.069928232653638    -0.035007932092412
    -0.035007932092412    -0.035007932092412    -0.031492912864906
8 29
    -0.011315208018914    -0.009925772428687    -0.024354182278330
    -0.009925772428687    -0.011315208018914    -0.024354182278330
    -0.024354182278330    -0.024354182278330    -0.133864037968578
8 30
     0.069928232653638    -0.035007932092412    -0.035338320594747
    -0.035007932092412    -0.031492912864905    -0.035007932092412
    -0.035338320594747    -0.035007932092412     0.069928232653638
8 31
    -0.031492912864906    -0.035007932092412    -0.035007932092412
    -0.035007932092412     0.069928232653638    -0.035338320594747
    -0.035007932092412    -0.035338320594747     0.069928232653638
8 32
    -2.341654446252051    -1.196902454830707    -1.196902454830706
    -1.196902454830706    -2.341654446252051    -1.196902454830706
    -1.196902454830706    -1.196902454830706    -2.341654446252050
8 33
    -0.034163283532962    -0.012843031709053     0.037615269320668
     0.012843031709053     0.018478612139461     0.012843031709053
     0.037615269320668    -0.012843031709053    -0.034163283532962
8 34
    -0.034163283532962    -0.012843031709053    -0.037615269320668
     0.012843031709053     0.018478612139461    -0.012843031709053
    -0.037615269320668     0.012843031709053    -0.034163283532962
8 35
    -0.158355902283347    -0.072948118759086    -0.156713285832666
     0.072948118759086     0.319300378862408     0.072948118759086
    -0.156713285832666    -0.072948118759086    -0.158355902283347
8 36
    -0.158355902283347    -0.072948118759086     0.156713285832666
     0.072948118759086     0.319300378862408    -0.072948118759086
     0.156713285832666     0.072948118759086    -0.158355902283347
8 37
    -0.034163283532962     0.012843031709053    -0.037615269320668
    -0.012843031709053     0.018478612139461     0.012843031709053
    -0.037615269320668    -0.012843031709053    -0.034163283532962
8 38
    -0.034163283532962     0.012843031709053     0.037615269320668
    -0.012843031709053     0.018478612139461    -0.012843031709053
     0.037615269320668     0.012843031709053    -0.034163283532962
8 39
    -0.158355902283347     0.072948118759086     0.156713285832666
    -0.072948118759086     0.319300378862408     0.072948118759086
     0.156713285832666    -0.072948118759086    -0.158355902283347
8 40
    -0.158355902283347     0.072948118759086    -0.156713285832666
    -0.072948118759086     0.319300378862408    -0.072948118759086
    -0.156713285832666     0.072948118759086    -0.158355902283347
8 41
    -0.011315208018914    -0.024354182278330     0.009925772428687
    -0.024354182278330    -0.133864037968578     0.024354182278330
     0.009925772428687     0.024354182278330    -0.011315208018914
8 42
     0.069928232653638    -0.035338320594747     0.035007932092412
    -0.035338320594747     0.069928232653638     0.035007932092412
     0.035007932092412     0.035007932092412    -0.031492912864906
8 43
     0.003274804578268    -0.012843773583882     0.012843773583882
    -0.012843773583882     0.003274804578268     0.012843773583882
     0.012843773583882     0.012843773583882     0.003274804578268
8 44
    -0.133864037968579    -0.024354182278330     0.024354182278330
    -0.024354182278330    -0.011315208018914     0.009925772428687
     0.024354182278330     0.009925772428687    -0.011315208018914
8 45
    -0.031492912864906    -0.035007932092412     0.035007932092412
    -0.035007932092412     0.069928232653638     0.035338320594747
     0.035007932092412     0.035338320594747     0.069928232653638
8 46
    -2.341654446252051    -1.196902454830706     1.196902454830707
    -1.196902454830706    -2.341654446252050     1.196902454830706
     1.196902454830706     1.196902454830706    -2.341654446252051
8 47
    -0.011315208018914    -0.009925772428687     0.024354182278330
    -0.009925772428687    -0.011315208018914     0.024354182278330
     0.024354182278330     0.024354182278330    -0.133864037968578
8 48
     0.069928232653638    -0.035007932092412     0.035338320594747
    -0.035007932092412    -0.031492912864905     0.035007932092412
     0.035338320594747     0.035007932092412     0.069928232653638
8 49
    -0.034163283532962    -0.037615269320668     0.012843031709053
    -0.037615269320668    -0.034163283532962    -0.012843031709053
    -0.012843031709053     0.012843031709053     0.018478612139461
8 50
    -0.034163283532962     0.037615269320668     0.012843031709053
     0.037615269320668    -0.034163283532962     0.012843031709053
    -0.012843031709053    -0.012843031709053     0.018478612139461
8 51
    -0.034163283532962     0.037615269320668    -0.012843031709053
     0.037615269320668    -0.034163283532962    -0.012843031709053
     0.012843031709053     0.012843031709053     0.018478612139461
8 52
    -0.034163283532962    -0.037615269320668    -0.012843031709053
    -0.037615269320668    -0.034163283532962     0.012843031709053
     0.012843031709053    -0.012843031709053     0.018478612139461
8 53
    -0.158355902283347     0.156713285832666     0.072948118759086
     0.156713285832666    -0.158355902283347    -0.072948118759086
    -0.072948118759086     0.072948118759086     0.319300378862408
8 54
    -0.158355902283347    -0.156713285832666     0.072948118759086
    -0.156713285832666    -0.158355902283347     0.072948118759086
    -0.072948118759086    -0.072948118759086     0.319300378862408
8 55
    -0.158355902283347    -0.156713285832666    -0.072948118759086
    -0.156713285832666    -0.158355902283347    -0.072948118759086
     0.072948118759086     0.072948118759086     0.319300378862408
8 56
    -0.158355902283347     0.156713285832666    -0.072948118759086
     0.156713285832666    -0.158355902283347     0.072948118759086
     0.072948118759086    -0.072948118759086     0.319300378862408
8 57
     0.003274804578268     0.012843773583882    -0.012843773583882
     0.012843773583882     0.003274804578268     0.012843773583882
    -0.012843773583882     0.012843773583882     0.003274804578268
8 58
    -0.133864037968578     0.024354182278330    -0.024354182278330
     0.024354182278330    -0.011315208018914     0.009925772428687
    -0.024354182278330     0.009925772428687    -0.011315208018914
8 59
    -0.011315208018914     0.024354182278330    -0.009925772428687
     0.024354182278330    -0.133864037968578     0.024354182278330
    -0.009925772428687     0.024354182278330    -0.011315208018914
8 60
     0.069928232653638     0.035338320594747    -0.035007932092412
     0.035338320594747     0.069928232653638     0.035007932092412
    -0.035007932092412     0.035007932092412    -0.031492912864905
8 61
    -0.011315208018914     0.009925772428687    -0.024354182278330
     0.009925772428687    -0.011315208018914     0.024354182278330
    -0.024354182278330     0.024354182278330    -0.133864037968578
8 62
     0.069928232653638     0.035007932092412    -0.035338320594747
     0.035007932092412    -0.031492912864905     0.035007932092412
    -0.035338320594747     0.035007932092412     0.069928232653638
8 63
    -0.031492912864906     0.035007932092412    -0.035007932092412
     0.035007932092412     0.069928232653638     0.035338320594747
    -0.035007932092412     0.035338320594747     0.069928232653638
8 64
    -2.341654446252051     1.196902454830706    -1.196902454830707
     1.196902454830706    -2.341654446252050     1.196902454830706
    -1.196902454830706     1.196902454830706    -2.341654446252051
9 1
     0.069928232653638     0.035007932092412     0.035338320594747
     0.035007932092412    -0.031492912864906    -0.035007932092412
     0.035338320594747    -0.035007932092412     0.069928232653638
9 2
    -0.011315208018914     0.009925772428687     0.024354182278330
     0.009925772428687    -0.011315208018914    -0.024354182278330
     0.024354182278330    -0.024354182278330    -0.133864037968578
9 3
    -2.341654446252050     1.196902454830706     1.196902454830706
     1.196902454830706    -2.341654446252051    -1.196902454830706
     1.196902454830706    -1.196902454830706    -2.341654446252050
9 4
    -0.031492912864906     0.035007932092412     0.035007932092412
     0.035007932092412     0.069928232653638    -0.035338320594747
     0.035007932092412    -0.035338320594747     0.069928232653638
9 5
    -0.133864037968578     0.024354182278330     0.024354182278330
     0.024354182278330    -0.011315208018914    -0.009925772428687
     0.024354182278330    -0.009925772428687    -0.011315208018914
9 6
     0.003274804578268     0.012843773583882     0.012843773583882
     0.012843773583882     0.003274804578268    -0.012843773583882
     0.012843773583882    -0.012843773583882     0.003274804578268
9 7
     0.069928232653638     0.035338320594747     0.035007932092412
     0.035338320594747     0.069928232653638    -0.035007932092412
     0.035007932092412    -0.035007932092412    -0.031492912864905
9 8
    -0.011315208018914     0.024354182278330     0.009925772428687
     0.024354182278330    -0.133864037968578    -0.024354182278330
     0.009925772428687    -0.024354182278330    -0.011315208018914
9 9
     9.696337472371393     0.000000000000000    -0.000000000000000
     0.000000000000000     9.696337472371399     0.000000000000000
    -0.000000000000000     0.000000000000000     9.696337472371393
9 10
    -0.015432216503086    -0.000000000000000    -0.000000000000000
     0.000000000000000    -0.057780722897860    -0.000000000000000
    -0.000000000000000     0.000000000000000    -0.057780722897860
9 11
    -0.057780722897860    -0.000000000000000     0.000000000000000
     0.000000000000000    -0.015432216503086     0.000000000000000
    -0.000000000000000     0.000000000000000    -0.057780722897860
9 12
    -0.041754298479191    -0.000000000000000    -0.000000000000000
     0.000000000000000    -0.041754298479191    -0.000000000000000
    -0.000000000000000     0.000000000000000     0.250247780888912
9 13
    -0.057780722897860     0.000000000000000     0.000000000000000
     0.000000000000000    -0.057780722897860    -0.000000000000000
    -0.000000000000000     0.000000000000000    -0.015432216503086
9 14
    -0.041754298479191    -0.000000000000000     0.000000000000000
     0.000000000000000     0.250247780888913    -0.000000000000000
     0.000000000000000     0.000000000000000    -0.041754298479191
9 15
     0.250247780888912     0.000000000000000     0.000000000000000
     0.000000000000000    -0.041754298479191     0.000000000000000
    -0.000000000000000     0.000000000000000    -0.041754298479191
9 16
     0.002996701471147    -0.000000000000000     0.000000000000000
     0.000000000000000     0.002996701471147    -0.000000000000000
     0.000000000000000     0.000000000000000     0.002996701471147
9 17
    -2.341654446252050    -1.196902454830706    -1.196902454830706
    -1.196902454830706    -2.341654446252051    -1.196902454830706
    -1.196902454830706    -1.196902454830706    -2.341654446252050
9 18
    -0.031492912864905    -0.035007932092412    -0.035007932092412
    -0.035007932092412     0.069928232653638    -0.035338320594747
    -0.035007932092412    -0.035338320594747     0.069928232653638
9 19
     0.069928232653638    -0.035007932092412    -0.035338320594747
    -0.035007932092412    -0.031492912864906    -0.035007932092412
    -0.035338320594747    -0.035007932092412     0.069928232653638
9 20
    -0.011315208018914    -0.009925772428687    -0.024354182278330
    -0.009925772428687    -0.011315208018914    -0.024354182278330
    -0.024354182278330    -0.024354182278330    -0.133864037968578
9 21
     0.069928232653638    -0.035338320594747    -0.035007932092412
    -0.035338320594747     0.069928232653638    -0.035007932092412
    -0.035007932092412    -0.035007932092412    -0.031492912864906
9 22
    -0.011315208018914    -0.024354182278330    -0.009925772428687
    -0.024354182278330    -0.133864037968579    -0.024354182278330
    -0.009925772428687    -0.024354182278330    -0.011315208018914
9 23
    -0.133864037968578    -0.024354182278330    -0.024354182278330
    -0.024354182278330    -0.011315208018914    -0.009925772428687
    -0.024354182278330    -0.009925772428687    -0.011315208018914
9 24
     0.003274804578268    -0.012843773583882    -0.012843773583882
    -0.012843773583882     0.003274804578268    -0.012843773583882
    -0.012843773583882    -0.012843773583882     0.003274804578268
9 25
     0.319300378862408    -0.072948118759086     0.072948118759086
     0.072948118759086    -0.158355902283347     0.156713285832666
    -0.072948118759086     0.156713285832666    -0.158355902283347
9 26
     0.018478612139461    -0.012843031709053     0.012843031709053
     0.012843031709053    -0.034163283532962    -0.037615269320668
    -0.012843031709053    -0.037615269320668    -0.034163283532962
9 27
     0.319300378862408    -0.072948118759086    -0.072948118759086
     0.072948118759086    -0.158355902283347    -0.156713285832666
     0.072948118759086    -0.156713285832666    -0.158355902283347
9 28
     0.018478612139461    -0.012843031709053    -0.012843031709053
     0.012843031709053    -0.034163283532962     0.037615269320668
     0.012843031709053     0.037615269320668    -0.034163283532962
9 29
     0.319300378862408     0.072948118759086     0.072948118759086
    -0.072948118759086    -0.158355902283347    -0.156713285832666
    -0.072948118759086    -0.156713285832666    -0.158355902283347
9 30
     0.018478612139461     0.012843031709053     0.012843031709053
    -0.012843031709053    -0.034163283532962     0.037615269320668
    -0.012843031709053     0.037615269320668    -0.034163283532962
9 31
     0.319300378862408     0.072948118759086    -0.072948118759086
    -0.072948118759086    -0.158355902283347     0.156713285832666
     0.072948118759086     0.156713285832666    -0.158355902283347
9 32
     0.018478612139461     0.012843031709053    -0.012843031709053
    -0.012843031709053    -0.034163283532962    -0.037615269320668
     0.012843031709053    -0.037615269320668    -0.034163283532962
9 33
    -0.011315208018914    -0.009925772428687     0.024354182278330
    -0.009925772428687    -0.011315208018914     0.024354182278330
     0.024354182278330     0.024354182278330    -0.133864037968579
9 34
     0.069928232653638    -0.035007932092412     0.035338320594747
    -0.035007932092412    -0.031492912864906     0.035007932092412
     0.035338320594747     0.035007932092412     0.069928232653638
9 35
    -0.031492912864905    -0.035007932092412     0.035007932092412
    -0.035007932092412     0.069928232653638     0.035338320594747
     0.035007932092412     0.035338320594747     0.069928232653638
9 36
    -2.341654446252051    -1.196902454830706     1.196902454830706
    -1.196902454830707    -2.341654446252051     1.196902454830706
     1.196902454830706     1.196902454830706    -2.341654446252050
9 37
     0.003274804578268    -0.012843773583882     0.012843773583882
    -0.012843773583882     0.003274804578268     0.012843773583882
     0.012843773583882     0.012843773583882     0.003274804578268
9 38
    -0.133864037968578    -0.024354182278330     0.024354182278330
    -0.024354182278330    -0.011315208018914     0.009925772428687
     0.024354182278330     0.009925772428687    -0.011315208018914
9 39
    -0.011315208018914    -0.024354182278330     0.009925772428687
    -0.024354182278330    -0.133864037968579     0.024354182278330
     0.009925772428687     0.024354182278330    -0.011315208018914
9 40
     0.069928232653638    -0.035338320594747     0.035007932092412
    -0.035338320594747     0.069928232653638     0.035007932092412
     0.035007932092412     0.035007932092412    -0.031492912864905
9 41
    -0.158355902283347     0.072948118759086     0.156713285832666
    -0.072948118759086     0.319300378862408     0.072948118759086
     0.156713285832666    -0.072948118759086    -0.158355902283347
9 42
    -0.158355902283347     0.072948118759086    -0.156713285832666
    -0.072948118759086     0.319300378862408    -0.072948118759086
    -0.156713285832666     0.072948118759086    -0.158355902283347
9 43
    -0.034163283532962     0.012843031709053    -0.037615269320668
    -0.012843031709053     0.018478612139461     0.012843031709053
    -0.037615269320668    -0.012843031709053    -0.034163283532962
9 44
    -0.034163283532962     0.012843031709053     0.037615269320668
    -0.012843031709053     0.018478612139461    -0.012843031709053
     0.037615269320668     0.012843031709053    -0.034163283532962
9 45
    -0.158355902283347    -0.072948118759086    -0.156713285832666
     0.072948118759086     0.319300378862408     0.072948118759086
    -0.156713285832666    -0.072948118759086    -0.158355902283347
9 46
    -0.158355902283347    -0.072948118759086     0.156713285832666
     0.072948118759086     0.319300378862408    -0.072948118759086
     0.156713285832666     0.072948118759086    -0.158355902283347
9 47
    -0.034163283532962    -0.012843031709053     0.037615269320668
     0.012843031709053     0.018478612139461     0.012843031709053
     0.037615269320668    -0.012843031709053    -0.034163283532962
9 48
    -0.034163283532962    -0.012843031709053    -0.037615269320668
     0.012843031709053     0.018478612139461    -0.012843031709053
    -0.037615269320668     0.012843031709053    -0.034163283532962
9 49
    -0.031492912864905     0.035007932092412    -0.035007932092412
     0.035007932092412     0.069928232653638     0.035338320594747
    -0.035007932092412     0.035338320594747     0.069928232653638
9 50
    -2.341654446252050     1.196902454830706    -1.196902454830706
     1.196902454830706    -2.341654446252051     1.196902454830707
    -1.196902454830706     1.196902454830706    -2.341654446252051
9 51
    -0.011315208018914     0.009925772428687    -0.024354182278330
     0.009925772428687    -0.011315208018914     0.024354182278330
    -0.024354182278330     0.024354182278330    -0.133864037968578
9 52
     0.069928232653638     0.035007932092412    -0.035338320594747
     0.035007932092412    -0.031492912864906     0.035007932092412
    -0.035338320594747     0.035007932092412     0.069928232653638
9 53
    -0.011315208018914     0.024354182278330    -0.009925772428687
     0.024354182278330    -0.133864037968578     0.024354182278330
    -0.009925772428687     0.024354182278330    -0.011315208018914
9 54
     0.069928232653638     0.035338320594747    -0.035007932092412
     0.035338320594747     0.069928232653638     0.035007932092412
    -0.035007932092412     0.035007932092412    -0.031492912864905
9 55
     0.003274804578268     0.012843773583882    -0.012843773583882
     0.012843773583882     0.003274804578268     0.012843773583882
    -0.012843773583882     0.012843773583882     0.003274804578268
9 56
    -0.133864037968578     0.024354182278330    -0.024354182278330
     0.024354182278330    -0.011315208018914     0.009925772428687
    -0.024354182278330     0.009925772428687    -0.011315208018914
9 57
    -0.158355902283347    -0.156713285832666    -0.072948118759086
    -0.156713285832666    -0.158355902283347    -0.072948118759086
     0.072948118759086     0.072948118759086     0.319300378862408
9 58
    -0.158355902283347     0.156713285832666    -0.072948118759086
     0.156713285832666    -0.158355902283347     0.072948118759086
     0.072948118759086    -0.072948118759086     0.319300378862408
9 59
    -0.158355902283347     0.156713285832666     0.072948118759086
     0.156713285832666    -0.158355902283347    -0.072948118759086
    -0.072948118759086     0.072948118759086     0.319300378862408
9 60
    -0.158355902283347    -0.156713285832666     0.072948118759086
    -0.156713285832666    -0.158355902283347     0.072948118759086
    -0.072948118759086    -0.072948118759086     0.319300378862408
9 61
    -0.034163283532962     0.037615269320668    -0.012843031709053
     0.037615269320668    -0.034163283532962    -0.012843031709053
     0.012843031709053     0.012843031709053     0.018478612139461
9 62
    -0.034163283532962    -0.037615269320668    -0.012843031709053
    -0.037615269320668    -0.034163283532962     0.012843031709053
     0.012843031709053    -0.012843031709053     0.018478612139461
9 63
    -0.034163283532962    -0.037615269320668     0.012843031709053
    -0.037615269320668    -0.034163283532962    -0.012843031709053
    -0.012843031709053     0.012843031709053     0.018478612139461
9 64
    -0.034163283532962     0.037615269320668     0.012843031709053
     0.037615269320668    -0.034163283532962     0.012843031709053
    -0.012843031709053    -0.012843031709053     0.018478612139461
10 1
    -0.011315208018914     0.009925772428687     0.024354182278330
     0.009925772428687    -0.011315208018914    -0.024354182278330
     0.024354182278330    -0.024354182278330    -0.133864037968579
10 2
     0.069928232653638     0.035007932092412     0.035338320594747
     0.035007932092412    -0.031492912864905    -0.035007932092412
     0.035338320594747    -0.035007932092412     0.069928232653638
10 3
    -0.031492912864905     0.035007932092412     0.035007932092412
     0.035007932092412     0.069928232653638    -0.035338320594747
     0.035007932092412    -0.035338320594747     0.069928232653638
10 4
    -2.341654446252051     1.196902454830706     1.196902454830706
     1.196902454830706    -2.341654446252050    -1.196902454830706
     1.196902454830707    -1.196902454830706    -2.341654446252051
10 5
     0.003274804578268     0.012843773583882     0.012843773583882
     0.012843773583882     0.003274804578268    -0.012843773583882
     0.012843773583882    -0.012843773583882     0.003274804578268
10 6
    -0.133864037968578     0.024354182278330     0.024354182278330
     0.024354182278330    -0.011315208018914    -0.009925772428687
     0.024354182278330    -0.009925772428687    -0.011315208018914
10 7
    -0.011315208018914     0.024354182278330     0.009925772428687
     0.024354182278330    -0.133864037968578    -0.024354182278330
     0.009925772428687    -0.024354182278330    -0.011315208018914
10 8
     0.069928232653638     0.035338320594747     0.035007932092412
     0.035338320594747     0.069928232653638    -0.035007932092412
     0.035007932092412    -0.035007932092412    -0.031492912864906
10 9
    -0.015432216503086     0.000000000000000    -0.000000000000000
    -0.000000000000000    -0.057780722897860     0.000000000000000
    -0.000000000000000    -0.000000000000000    -0.057780722897860
10 10
     9.696337472371393    -0.000000000000000    -0.000000000000000
    -0.000000000000000     9.696337472371393    -0.000000000000000
    -0.000000000000000    -0.000000000000000     9.696337472371399
10 11
    -0.041754298479191    -0.000000000000000     0.000000000000000
    -0.000000000000000    -0.041754298479191     0.000000000000000
    -0.000000000000000    -0.000000000000000     0.250247780888913
10 12
    -0.057780722897860    -0.000000000000000    -0.000000000000000
    -0.000000000000000    -0.015432216503086     0.000000000000000
    -0.000000000000000    -0.000000000000000    -0.057780722897860
10 13
    -0.041754298479191    -0.000000000000000    -0.000000000000000
    -0.000000000000000     0.250247780888912     0.000000000000000
    -0.000000000000000    -0.000000000000000    -0.041754298479191
10 14
    -0.057780722897860    -0.000000000000000     0.000000000000000
    -0.000000000000000    -0.057780722897860    -0.000000000000000
     0.000000000000000    -0.000000000000000    -0.015432216503086
10 15
     0.002996701471147     0.000000000000000    -0.000000000000000
    -0.000000000000000     0.002996701471147     0.000000000000000
    -0.000000000000000    -0.000000000000000     0.002996701471147
10 16
     0.250247780888912    -0.000000000000000    -0.000000000000000
    -0.000000000000000    -0.041754298479191     0.000000000000000
     0.000000000000000    -0.000000000000000    -0.041754298479191
10 17
    -0.031492912864905    -0.035007932092412    -0.035007932092412
    -0.035007932092412     0.069928232653638    -0.035338320594747
    -0.035007932092412    -0.035338320594747     0.069928232653638
10 18
    -2.341654446252050    -1.196902454830706    -1.196902454830706
    -1.196902454830706    -2.341654446252050    -1.196902454830706
    -1.196902454830706    -1.196902454830706    -2.341654446252051
10 19
    -0.011315208018914    -0.009925772428687    -0.024354182278330
    -0.009925772428687    -0.011315208018914    -0.024354182278330
    -0.024354182278330    -0.024354182278330    -0.133864037968579
10 20
     0.069928232653638    -0.035007932092412    -0.035338320594747
    -0.035007932092412    -0.031492912864906    -0.035007932092412
    -0.035338320594747    -0.035007932092412     0.069928232653638
10 21
    -0.011315208018914    -0.024354182278330    -0.009925772428687
    -0.024354182278330    -0.133864037968578    -0.024354182278330
    -0.009925772428687    -0.024354182278330    -0.011315208018914
10 22
     0.069928232653638    -0.035338320594747    -0.035007932092412
    -0.035338320594747     0.069928232653638    -0.035007932092412
    -0.035007932092412    -0.035007932092412    -0.031492912864906
10 23
     0.003274804578268    -0.012843773583882    -0.012843773583882
    -0.012843773583882     0.003274804578268    -0.012843773583882
    -0.012843773583882    -0.012843773583882     0.003274804578268
10 24
    -0.133864037968578    -0.024354182278330    -0.024354182278330
    -0.024354182278330    -0.011315208018914    -0.009925772428687
    -0.024354182278330    -0.009925772428687    -0.011315208018914
10 25
     0.018478612139461    -0.012843031709053     0.012843031709053
     0.012843031709053    -0.034163283532962    -0.037615269320668
    -0.012843031709053    -0.037615269320668    -0.034163283532962
10 26
     0.319300378862408    -0.072948118759086     0.072948118759086
     0.072948118759086    -0.158355902283347     0.156713285832666
    -0.072948118759086     0.156713285832666    -0.158355902283347
10 27
     0.018478612139461    -0.012843031709053    -0.012843031709053
     0.012843031709053    -0.034163283532962     0.037615269320668
     0.012843031709053     0.037615269320668    -0.034163283532962
10 28
     0.319300378862408    -0.072948118759086    -0.072948118759086
     0.072948118759086    -0.158355902283347    -0.156713285832666
     0.072948118759086    -0.156713285832666    -0.158355902283347
10 29
     0.018478612139461     0.012843031709053     0.012843031709053
    -0.012843031709053    -0.034163283532962     0.037615269320668
    -0.012843031709053     0.037615269320668    -0.034163283532962
10 30
     0.319300378862408     0.072948118759086     0.072948118759086
    -0.072948118759086    -0.158355902283347    -0.156713285832666
    -0.072948118759086    -0.156713285832666    -0.158355902283347
10 31
     0.018478612139461     0.012843031709053    -0.012843031709053
    -0.012843031709053    -0.034163283532962    -0.037615269320668
     0.012843031709053    -0.037615269320668    -0.034163283532962
10 32
     0.319300378862408     0.072948118759086    -0.072948118759086
    -0.072948118759086    -0.158355902283347     0.156713285832666
     0.072948118759086     0.156713285832666    -0.158355902283347
10 33
     0.069928232653638    -0.035007932092412     0.035338320594747
    -0.035007932092412    -0.031492912864905     0.035007932092412
     0.035338320594747     0.035007932092412     0.069928232653638
10 34
    -0.011315208018914    -0.009925772428687     0.024354182278330
    -0.009925772428687    -0.011315208018914     0.024354182278330
     0.024354182278330     0.024354182278330    -0.133864037968579
10 35
    -2.341654446252050    -1.196902454830706     1.196902454830706
    -1.196902454830706    -2.341654446252050     1.196902454830706
     1.196902454830706     1.196902454830706    -2.341654446252051
10 36
    -0.031492912864906    -0.035007932092412     0.035007932092412
    -0.035007932092412     0.069928232653638     0.035338320594747
     0.035007932092412     0.035338320594747     0.069928232653638
10 37
    -0.133864037968578    -0.024354182278330     0.024354182278330
    -0.024354182278330    -0.011315208018914     0.009925772428687
     0.024354182278330     0.009925772428687    -0.011315208018914
10 38
     0.003274804578268    -0.012843773583882     0.012843773583882
    -0.012843773583882     0.003274804578268     0.012843773583882
     0.012843773583882     0.012843773583882     0.003274804578268
10 39
     0.069928232653638    -0.035338320594747     0.035007932092412
    -0.035338320594747     0.069928232653638     0.035007932092412
     0.035007932092412     0.035007932092412    -0.031492912864906
10 40
    -0.011315208018914    -0.024354182278330     0.009925772428687
    -0.024354182278330    -0.133864037968578     0.024354182278330
     0.009925772428687     0.024354182278330    -0.011315208018914
10 41
    -0.158355902283347     0.072948118759086    -0.156713285832666
    -0.072948118759086     0.319300378862408    -0.072948118759086
    -0.156713285832666     0.072948118759086    -0.158355902283347
10 42
    -0.158355902283347     0.072948118759086     0.156713285832666
    -0.072948118759086     0.319300378862408     0.072948118759086
     0.156713285832666    -0.072948118759086    -0.158355902283347
10 43
    -0.034163283532962     0.012843031709053     0.037615269320668
    -0.012843031709053     0.018478612139461    -0.012843031709053
     0.037615269320668     0.012843031709053    -0.034163283532962
10 44
    -0.034163283532962     0.012843031709053    -0.037615269320668
    -0.012843031709053     0.018478612139461     0.012843031709053
    -0.037615269320668    -0.012843031709053    -0.034163283532962
10 45
    -0.158355902283347    -0.072948118759086     0.156713285832666
     0.072948118759086     0.319300378862408    -0.072948118759086
     0.156713285832666     0.072948118759086    -0.158355902283347
10 46
    -0.158355902283347    -0.072948118759086    -0.156713285832666
     0.072948118759086     0.319300378862408     0.072948118759086
    -0.156713285832666    -0.072948118759086    -0.158355902283347
10 47
    -0.034163283532962    -0.012843031709053    -0.037615269320668
     0.012843031709053     0.018478612139461    -0.012843031709053
    -0.037615269320668     0.012843031709053    -0.034163283532962
10 48
    -0.034163283532962    -0.012843031709053     0.037615269320668
     0.012843031709053     0.018478612139461     0.012843031709053
     0.037615269320668    -0.012843031709053    -0.034163283532962
10 49
    -2.341654446252050     1.196902454830706    -1.196902454830706
     1.196902454830706    -2.341654446252051     1.196902454830706
    -1.196902454830706     1.196902454830707    -2.341654446252051
10 50
    -0.031492912864905     0.035007932092412    -0.035007932092412
     0.035007932092412     0.069928232653638     0.035338320594747
    -0.035007932092412     0.035338320594747     0.069928232653638
10 51
     0.069928232653638     0.035007932092412    -0.035338320594747
     0.035007932092412    -0.031492912864906     0.035007932092412
    -0.035338320594747     0.035007932092412     0.069928232653638
10 52
    -0.011315208018914     0.009925772428687    -0.024354182278330
     0.009925772428687    -0.011315208018914     0.024354182278330
    -0.024354182278330     0.024354182278330    -0.133864037968579
10 53
     0.069928232653638     0.035338320594747    -0.035007932092412
     0.035338320594747     0.069928232653638     0.035007932092412
    -0.035007932092412     0.035007932092412    -0.031492912864906
10 54
    -0.011315208018914     0.024354182278330    -0.009925772428687
     0.024354182278330    -0.133864037968578     0.024354182278330
    -0.009925772428687     0.024354182278330    -0.011315208018914
10 55
    -0.133864037968578     0.024354182278330    -0.024354182278330
     0.024354182278330    -0.011315208018914     0.009925772428687
    -0.024354182278330     0.009925772428687    -0.011315208018914
10 56
     0.003274804578268     0.012843773583882    -0.012843773583882
     0.012843773583882     0.003274804578268     0.012843773583882
    -0.012843773583882     0.012843773583882     0.003274804578268
10 57
    -0.158355902283347     0.156713285832666    -0.072948118759086
     0.156713285832666    -0.158355902283347     0.072948118759086
     0.072948118759086    -0.072948118759086     0.319300378862408
10 58
    -0.158355902283347    -0.156713285832666    -0.072948118759086
    -0.156713285832666    -0.158355902283347    -0.072948118759086
     0.072948118759086     0.072948118759086     0.319300378862408
10 59
    -0.158355902283347    -0.156713285832666     0.072948118759086
    -0.156713285832666    -0.158355902283347     0.072948118759086
    -0.072948118759086    -0.072948118759086     0.319300378862408
10 60
    -0.158355902283347     0.156713285832666     0.072948118759086
     0.156713285832666    -0.158355902283347    -0.072948118759086
    -0.072948118759086     0.072948118759086     0.319300378862408
10 61
    -0.034163283532962    -0.037615269320668    -0.012843031709053
    -0.037615269320668    -0.034163283532962     0.012843031709053
     0.012843031709053    -0.012843031709053     0.018478612139461
10 62
    -0.034163283532962     0.037615269320668    -0.012843031709053
     0.037615269320668    -0.034163283532962    -0.012843031709053
     0.012843031709053     0.012843031709053     0.018478612139461
10 63
    -0.034163283532962     0.037615269320668     0.012843031709053
     0.037615269320668    -0.034163283532962     0.012843031709053
    -0.012843031709053    -0.012843031709053     0.018478612139461
10 64
    -0.034163283532962    -0.037615269320668     0.012843031709053
    -0.037615269320668    -0.034163283532962    -0.012843031709053
    -0.012843031709053     0.012843031709053     0.018478612139461
11 1
    -2.341654446252051     1.196902454830707     1.196902454830706
     1.196902454830706    -2.341654446252051    -1.196902454830706
     1.196902454830706    -1.196902454830706    -2.341654446252050
11 2
    -0.031492912864906     0.035007932092412     0.035007932092412
     0.035007932092412     0.069928232653638    -0.035338320594747
     0.035007932092412    -0.035338320594747     0.069928232653638
11 3
     0.069928232653638     0.035007932092412     0.035338320594747
     0.035007932092412    -0.031492912864906    -0.035007932092412
     0.035338320594747    -0.035007932092412     0.069928232653638
11 4
    -0.011315208018914     0.009925772428687     0.024354182278330
     0.009925772428687    -0.011315208018914    -0.024354182278330
     0.024354182278330    -0.024354182278330    -0.133864037968578
11 5
     0.069928232653638     0.035338320594747     0.035007932092412
     0.035338320594747     0.069928232653638    -0.035007932092412
     0.035007932092412    -0.035007932092412    -0.031492912864905
11 6
    -0.011315208018914     0.024354182278330     0.009925772428687
     0.024354182278330    -0.133864037968579    -0.024354182278330
     0.009925772428687    -0.024354182278330    -0.011315208018914
11 7
    -0.133864037968579     0.024354182278330     0.024354182278330
     0.024354182278330    -0.011315208018914    -0.009925772428687
     0.024354182278330    -0.009925772428687    -0.011315208018914
11 8
     0.003274804578268     0.012843773583882     0.012843773583882
     0.012843773583882     0.003274804578268    -0.012843773583882
     0.012843773583882    -0.012843773583882     0.003274804578268
11 9
    -0.057780722897860     0.000000000000000    -0.000000000000000
    -0.000000000000000    -0.015432216503086     0.000000000000000
     0.000000000000000     0.000000000000000    -0.057780722897860
11 10
    -0.041754298479191    -0.000000000000000    -0.000000000000000
    -0.000000000000000    -0.041754298479191    -0.000000000000000
     0.000000000000000     0.000000000000000     0.250247780888913
11 11
     9.696337472371397    -0.000000000000000     0.000000000000000
    -0.000000000000000     9.696337472371393     0.000000000000000
     0.000000000000000     0.000000000000000     9.696337472371393
11 12
    -0.015432216503086    -0.000000000000000    -0.000000000000000
    -0.000000000000000    -0.057780722897860     0.000000000000000
     0.000000000000000     0.000000000000000    -0.057780722897860
11 13
     0.250247780888913    -0.000000000000000    -0.000000000000000
    -0.000000000000000    -0.041754298479191     0.000000000000000
     0.000000000000000     0.000000000000000    -0.041754298479191
11 14
     0.002996701471147    -0.000000000000000     0.000000000000000
    -0.000000000000000     0.002996701471147    -0.000000000000000
     0.000000000000000     0.000000000000000     0.002996701471147
11 15
    -0.057780722897860    -0.000000000000000    -0.000000000000000
    -0.000000000000000    -0.057780722897860     0.000000000000000
     0.000000000000000     0.000000000000000    -0.015432216503086
11 16
    -0.041754298479191    -0.000000000000000    -0.000000000000000
    -0.000000000000000     0.250247780888912     0.000000000000000
     0.000000000000000     0.000000000000000    -0.041754298479191
11 17
     0.069928232653638    -0.035007932092412    -0.035338320594747
    -0.035007932092412    -0.031492912864906    -0.035007932092412
    -0.035338320594747    -0.035007932092412     0.069928232653638
11 18
    -0.011315208018914    -0.009925772428687    -0.024354182278330
    -0.009925772428687    -0.011315208018914    -0.024354182278330
    -0.024354182278330    -0.024354182278330    -0.133864037968578
11 19
    -2.341654446252051    -1.196902454830706    -1.196902454830707
    -1.196902454830706    -2.341654446252050    -1.196902454830706
    -1.196902454830706    -1.196902454830706    -2.341654446252051
11 20
    -0.031492912864906    -0.035007932092412    -0.035007932092412
    -0.035007932092412     0.069928232653638    -0.035338320594747
    -0.035007932092412    -0.035338320594747     0.069928232653638
11 21
    -0.133864037968578    -0.024354182278330    -0.024354182278330
    -0.024354182278330    -0.011315208018914    -0.009925772428687
    -0.024354182278330    -0.009925772428687    -0.011315208018914
11 22
     0.003274804578268    -0.012843773583882    -0.012843773583882
    -0.012843773583882     0.003274804578268    -0.012843773583882
    -0.012843773583882    -0.012843773583882     0.003274804578268
11 23
     0.069928232653638    -0.035338320594747    -0.035007932092412
    -0.035338320594747     0.069928232653638    -0.035007932092412
    -0.035007932092412    -0.035007932092412    -0.031492912864905
11 24
    -0.011315208018914    -0.024354182278330    -0.009925772428687
    -0.024354182278330    -0.133864037968578    -0.024354182278330
    -0.009925772428687    -0.024354182278330    -0.011315208018914
11 25
     0.319300378862408    -0.072948118759086    -0.072948118759086
     0.072948118759086    -0.158355902283347    -0.156713285832666
     0.072948118759086    -0.156713285832666    -0.158355902283347
11 26
     0.018478612139461    -0.012843031709053    -0.012843031709053
     0.012843031709053    -0.034163283532962     0.037615269320668
     0.012843031709053     0.037615269320668    -0.034163283532962
11 27
     0.319300378862408    -0.072948118759086     0.072948118759086
     0.072948118759086    -0.158355902283347     0.156713285832666
    -0.072948118759086     0.156713285832666    -0.158355902283347
11 28
     0.018478612139461    -0.012843031709053     0.012843031709053
     0.012843031709053    -0.034163283532962    -0.037615269320668
    -0.012843031709053    -0.037615269320668    -0.034163283532962
11 29
     0.319300378862408     0.072948118759086    -0.072948118759086
    -0.072948118759086    -0.158355902283347     0.156713285832666
     0.072948118759086     0.156713285832666    -0.158355902283347
11 30
     0.018478612139461     0.012843031709053    -0.012843031709053
    -0.012843031709053    -0.034163283532962    -0.037615269320668
     0.012843031709053    -0.037615269320668    -0.034163283532962
11 31
     0.319300378862408     0.072948118759086     0.072948118759086
    -0.072948118759086    -0.158355902283347    -0.156713285832666
    -0.072948118759086    -0.156713285832666    -0.158355902283347
11 32
     0.018478612139461     0.012843031709053     0.012843031709053
    -0.012843031709053    -0.034163283532962     0.037615269320668
    -0.012843031709053     0.037615269320668    -0.034163283532962
11 33
    -0.031492912864906    -0.035007932092412     0.035007932092412
    -0.035007932092412     0.069928232653638     0.035338320594747
     0.035007932092412     0.035338320594747     0.069928232653638
11 34
    -2.341654446252051    -1.196902454830706     1.196902454830707
    -1.196902454830706    -2.341654446252050     1.196902454830706
     1.196902454830706     1.196902454830706    -2.341654446252051
11 35
    -0.011315208018914    -0.009925772428687     0.024354182278330
    -0.009925772428687    -0.011315208018914     0.024354182278330
     0.024354182278330     0.024354182278330    -0.133864037968578
11 36
     0.069928232653638    -0.035007932092412     0.035338320594747
    -0.035007932092412    -0.031492912864905     0.035007932092412
     0.035338320594747     0.035007932092412     0.069928232653638
11 37
    -0.011315208018914    -0.024354182278330     0.009925772428687
    -0.024354182278330    -0.133864037968579     0.024354182278330
     0.009925772428687     0.024354182278330    -0.011315208018914
11 38
     0.069928232653638    -0.035338320594747     0.035007932092412
    -0.035338320594747     0.069928232653638     0.035007932092412
     0.035007932092412     0.035007932092412    -0.031492912864905
11 39
     0.003274804578268    -0.012843773583882     0.012843773583882
    -0.012843773583882     0.003274804578268     0.012843773583882
     0.012843773583882     0.012843773583882     0.003274804578268
11 40
    -0.133864037968579    -0.024354182278330     0.024354182278330
    -0.024354182278330    -0.011315208018914     0.009925772428687
     0.024354182278330     0.009925772428687    -0.011315208018914
11 41
    -0.034163283532962     0.012843031709053    -0.037615269320668
    -0.012843031709053     0.018478612139461     0.012843031709053
    -0.037615269320668    -0.012843031709053    -0.034163283532962
11 42
    -0.034163283532962     0.012843031709053     0.037615269320668
    -0.012843031709053     0.018478612139461    -0.012843031709053
     0.037615269320668     0.012843031709053    -0.034163283532962
11 43
    -0.158355902283347     0.072948118759086     0.156713285832666
    -0.072948118759086     0.319300378862408     0.072948118759086
     0.156713285832666    -0.072948118759086    -0.158355902283347
11 44
    -0.158355902283347     0.072948118759086    -0.156713285832666
    -0.072948118759086     0.319300378862408    -0.072948118759086
    -0.156713285832666     0.072948118759086    -0.158355902283347
11 45
    -0.034163283532962    -0.012843031709053     0.037615269320668
     0.012843031709053     0.018478612139461     0.012843031709053
     0.037615269320668    -0.012843031709053    -0.034163283532962
11 46
    -0.034163283532962    -0.012843031709053    -0.037615269320668
     0.012843031709053     0.018478612139461    -0.012843031709053
    -0.037615269320668     0.012843031709053    -0.034163283532962
11 47
    -0.158355902283347    -0.072948118759086    -0.156713285832666
     0.072948118759086     0.319300378862408     0.072948118759086
    -0.156713285832666    -0.072948118759086    -0.158355902283347
11 48
    -0.158355902283347    -0.072948118759086     0.156713285832666
     0.072948118759086     0.319300378862408    -0.072948118759086
     0.156713285832666     0.072948118759086    -0.158355902283347
11 49
    -0.011315208018914     0.009925772428687    -0.024354182278330
     0.009925772428687    -0.011315208018914     0.024354182278330
    -0.024354182278330     0.024354182278330    -0.133864037968578
11 50
     0.069928232653638     0.035007932092412    -0.035338320594747
     0.035007932092412    -0.031492912864905     0.035007932092412
    -0.035338320594747     0.035007932092412     0.069928232653638
11 51
    -0.031492912864906     0.035007932092412    -0.035007932092412
     0.035007932092412     0.069928232653638     0.035338320594747
    -0.035007932092412     0.035338320594747     0.069928232653638
11 52
    -2.341654446252051     1.196902454830706    -1.196902454830706
     1.196902454830706    -2.341654446252050     1.196902454830706
    -1.196902454830706     1.196902454830706    -2.341654446252050
11 53
     0.003274804578268     0.012843773583882    -0.012843773583882
     0.012843773583882     0.003274804578268     0.012843773583882
    -0.012843773583882     0.012843773583882     0.003274804578268
11 54
    -0.133864037968579     0.024354182278330    -0.024354182278330
     0.024354182278330    -0.011315208018914     0.009925772428687
    -0.024354182278330     0.009925772428687    -0.011315208018914
11 55
    -0.011315208018914     0.024354182278330    -0.009925772428687
     0.024354182278330    -0.133864037968578     0.024354182278330
    -0.009925772428687     0.024354182278330    -0.011315208018914
11 56
     0.069928232653638     0.035338320594747    -0.035007932092412
     0.035338320594747     0.069928232653638     0.035007932092412
    -0.035007932092412     0.035007932092412    -0.031492912864906
11 57
    -0.158355902283347     0.156713285832666     0.072948118759086
     0.156713285832666    -0.158355902283347    -0.072948118759086
    -0.072948118759086     0.072948118759086     0.319300378862408
11 58
    -0.158355902283347    -0.156713285832666     0.072948118759086
    -0.156713285832666    -0.158355902283347     0.072948118759086
    -0.072948118759086    -0.072948118759086     0.319300378862408
11 59
    -0.158355902283347    -0.156713285832666    -0.072948118759086
    -0.156713285832666    -0.158355902283347    -0.072948118759086
     0.072948118759086     0.072948118759086     0.319300378862408
11 60
    -0.158355902283347     0.156713285832666    -0.072948118759086
     0.156713285832666    -0.158355902283347     0.072948118759086
     0.072948118759086    -0.072948118759086     0.319300378862408
11 61
    -0.034163283532962    -0.037615269320668     0.012843031709053
    -0.037615269320668    -0.034163283532962    -0.012843031709053
    -0.012843031709053     0.012843031709053     0.018478612139461
11 62
    -0.034163283532962     0.037615269320668     0.012843031709053
     0.037615269320668    -0.034163283532962     0.012843031709053
    -0.012843031709053    -0.012843031709053     0.018478612139461
11 63
    -0.034163283532962     0.037615269320668    -0.012843031709053
     0.037615269320668    -0.034163283532962    -0.012843031709053
     0.012843031709053     0.012843031709053     0.018478612139461
11 64
    -0.034163283532962    -0.037615269320668    -0.012843031709053
    -0.037615269320668    -0.034163283532962     0.012843031709053
     0.012843031709053    -0.012843031709053     0.018478612139461
12 1
    -0.031492912864905     0.035007932092412     0.035007932092412
     0.035007932092412     0.069928232653638    -0.035338320594747
     0.035007932092412    -0.035338320594747     0.069928232653638
12 2
    -2.341654446252051     1.196902454830706     1.196902454830706
     1.196902454830706    -2.341654446252050    -1.196902454830706
     1.196902454830706    -1.196902454830706    -2.341654446252050
12 3
    -0.011315208018914     0.009925772428687     0.024354182278330
     0.009925772428687    -0.011315208018914    -0.024354182278330
     0.024354182278330    -0.024354182278330    -0.133864037968578
12 4
     0.069928232653638     0.035007932092412     0.035338320594747
     0.035007932092412    -0.031492912864905    -0.035007932092412
     0.035338320594747    -0.035007932092412     0.069928232653638
12 5
    -0.011315208018914     0.024354182278330     0.009925772428687
     0.024354182278330    -0.133864037968578    -0.024354182278330
     0.009925772428687    -0.024354182278330    -0.011315208018914
12 6
     0.069928232653638     0.035338320594747     0.035007932092412
     0.035338320594747     0.069928232653638    -0.035007932092412
     0.035007932092412    -0.035007932092412    -0.031492912864905
12 7
     0.003274804578268     0.012843773583882     0.012843773583882
     0.012843773583882     0.003274804578268    -0.012843773583882
     0.012843773583882    -0.012843773583882     0.003274804578268
12 8
    -0.133864037968579     0.024354182278330     0.024354182278330
     0.024354182278330    -0.011315208018914    -0.009925772428687
     0.024354182278330    -0.009925772428687    -0.011315208018914
12 9
    -0.041754298479191     0.000000000000000    -0.000000000000000
    -0.000000000000000    -0.041754298479191     0.000000000000000
    -0.000000000000000    -0.000000000000000     0.250247780888912
12 10
    -0.057780722897860    -0.000000000000000    -0.000000000000000
    -0.000000000000000    -0.015432216503086    -0.000000000000000
    -0.000000000000000     0.000000000000000    -0.057780722897860
12 11
    -0.015432216503086    -0.000000000000000     0.000000000000000
    -0.000000000000000    -0.057780722897860     0.000000000000000
    -0.000000000000000     0.000000000000000    -0.057780722897860
12 12
     9.696337472371397    -0.000000000000000    -0.000000000000000
    -0.000000000000000     9.696337472371395    -0.000000000000000
    -0.000000000000000    -0.000000000000000     9.696337472371393
12 13
     0.002996701471147     0.000000000000000    -0.000000000000000
    -0.000000000000000     0.002996701471147     0.000000000000000
    -0.000000000000000     0.000000000000000     0.002996701471147
12 14
     0.250247780888913     0.000000000000000    -0.000000000000000
    -0.000000000000000    -0.041754298479191    -0.000000000000000
     0.000000000000000    -0.000000000000000    -0.041754298479191
12 15
    -0.041754298479191     0.000000000000000    -0.000000000000000
    -0.000000000000000     0.250247780888912     0.000000000000000
    -0.000000000000000    -0.000000000000000    -0.041754298479191
12 16
    -0.057780722897860     0.000000000000000    -0.000000000000000
    -0.000000000000000    -0.057780722897860    -0.000000000000000
     0.000000000000000     0.000000000000000    -0.015432216503086
12 17
    -0.011315208018914    -0.009925772428687    -0.024354182278330
    -0.009925772428687    -0.011315208018914    -0.024354182278330
    -0.024354182278330    -0.024354182278330    -0.133864037968578
12 18
     0.069928232653638    -0.035007932092412    -0.035338320594747
    -0.035007932092412    -0.031492912864905    -0.035007932092412
    -0.035338320594747    -0.035007932092412     0.069928232653638
12 19
    -0.031492912864906    -0.035007932092412    -0.035007932092412
    -0.035007932092412     0.069928232653638    -0.035338320594747
    -0.035007932092412    -0.035338320594747     0.069928232653638
12 20
    -2.341654446252051    -1.196902454830707    -1.196902454830706
    -1.196902454830706    -2.341654446252051    -1.196902454830706
    -1.196902454830706    -1.196902454830706    -2.341654446252050
12 21
     0.003274804578268    -0.012843773583882    -0.012843773583882
    -0.012843773583882     0.003274804578268    -0.012843773583882
    -0.012843773583882    -0.012843773583882     0.003274804578268
12 22
    -0.133864037968579    -0.024354182278330    -0.024354182278330
    -0.024354182278330    -0.011315208018914    -0.009925772428687
    -0.024354182278330    -0.009925772428687    -0.011315208018914
12 23
    -0.011315208018914    -0.024354182278330    -0.009925772428687
    -0.024354182278330    -0.133864037968578    -0.024354182278330
    -0.009925772428687    -0.024354182278330    -0.011315208018914
12 24
     0.069928232653638    -0.035338320594747    -0.035007932092412
    -0.035338320594747     0.069928232653638    -0.035007932092412
    -0.035007932092412    -0.035007932092412    -0.031492912864906
12 25
     0.018478612139461    -0.012843031709053    -0.012843031709053
     0.012843031709053    -0.034163283532962     0.037615269320668
     0.012843031709053     0.037615269320668    -0.034163283532962
12 26
     0.319300378862408    -0.072948118759086    -0.072948118759086
     0.072948118759086    -0.158355902283347    -0.156713285832666
     0.072948118759086    -0.156713285832666    -0.158355902283347
12 27
     0.018478612139461    -0.012843031709053     0.012843031709053
     0.012843031709053    -0.034163283532962    -0.037615269320668
    -0.012843031709053    -0.037615269320668    -0.034163283532962
12 28
     0.319300378862408    -0.072948118759086     0.072948118759086
     0.072948118759086    -0.158355902283347     0.156713285832666
    -0.072948118759086     0.156713285832666    -0.158355902283347
12 29
     0.018478612139461     0.012843031709053    -0.012843031709053
    -0.012843031709053    -0.034163283532962    -0.037615269320668
     0.012843031709053    -0.037615269320668    -0.034163283532962
12 30
     0.319300378862408     0.072948118759086    -0.072948118759086
    -0.072948118759086    -0.158355902283347     0.156713285832666
     0.072948118759086     0.156713285832666    -0.158355902283347
12 31
     0.018478612139461     0.012843031709053     0.012843031709053
    -0.012843031709053    -0.034163283532962     0.037615269320668
    -0.012843031709053     0.037615269320668    -0.034163283532962
12 32
     0.319300378862408     0.072948118759086     0.072948118759086
    -0.072948118759086    -0.158355902283347    -0.156713285832666
    -0.072948118759086    -0.156713285832666    -0.158355902283347
12 33
    -2.341654446252051    -1.196902454830706     1.196902454830707
    -1.196902454830706    -2.341654446252050     1.196902454830706
     1.196902454830706     1.196902454830706    -2.341654446252051
12 34
    -0.031492912864906    -0.035007932092412     0.035007932092412
    -0.035007932092412     0.069928232653638     0.035338320594747
     0.035007932092412     0.035338320594747     0.069928232653638
12 35
     0.069928232653638    -0.035007932092412     0.035338320594747
    -0.035007932092412    -0.031492912864905     0.035007932092412
     0.035338320594747     0.035007932092412     0.069928232653638
12 36
    -0.011315208018914    -0.009925772428687     0.024354182278330
    -0.009925772428687    -0.011315208018914     0.024354182278330
     0.024354182278330     0.024354182278330    -0.133864037968578
12 37
     0.069928232653638    -0.035338320594747     0.035007932092412
    -0.035338320594747     0.069928232653638     0.035007932092412
     0.035007932092412     0.035007932092412    -0.031492912864905
12 38
    -0.011315208018914    -0.024354182278330     0.009925772428687
    -0.024354182278330    -0.133864037968578     0.024354182278330
     0.009925772428687     0.024354182278330    -0.011315208018914
12 39
    -0.133864037968578    -0.024354182278330     0.024354182278330
    -0.024354182278330    -0.011315208018914     0.009925772428687
     0.024354182278330     0.009925772428687    -0.011315208018914
12 40
     0.003274804578268    -0.012843773583882     0.012843773583882
    -0.012843773583882     0.003274804578268     0.012843773583882
     0.012843773583882     0.012843773583882     0.003274804578268
12 41
    -0.034163283532962     0.012843031709053     0.037615269320668
    -0.012843031709053     0.018478612139461    -0.012843031709053
     0.037615269320668     0.012843031709053    -0.034163283532962
12 42
    -0.034163283532962     0.012843031709053    -0.037615269320668
    -0.012843031709053     0.018478612139461     0.012843031709053
    -0.037615269320668    -0.012843031709053    -0.034163283532962
12 43
    -0.158355902283347     0.072948118759086    -0.156713285832666
    -0.072948118759086     0.319300378862408    -0.072948118759086
    -0.156713285832666     0.072948118759086    -0.158355902283347
12 44
    -0.158355902283347     0.072948118759086     0.156713285832666
    -0.072948118759086     0.319300378862408     0.072948118759086
     0.156713285832666    -0.072948118759086    -0.158355902283347
12 45
    -0.034163283532962    -0.012843031709053    -0.037615269320668
     0.012843031709053     0.018478612139461    -0.012843031709053
    -0.037615269320668     0.012843031709053    -0.034163283532962
12 46
    -0.034163283532962    -0.012843031709053     0.037615269320668
     0.012843031709053     0.018478612139461     0.012843031709053
     0.037615269320668    -0.012843031709053    -0.034163283532962
12 47
    -0.158355902283347    -0.072948118759086     0.156713285832666
     0.072948118759086     0.319300378862408    -0.072948118759086
     0.156713285832666     0.072948118759086    -0.158355902283347
12 48
    -0.158355902283347    -0.072948118759086    -0.156713285832666
     0.072948118759086     0.319300378862408     0.072948118759086
    -0.156713285832666    -0.072948118759086    -0.158355902283347
12 49
     0.069928232653638     0.035007932092412    -0.035338320594747
     0.035007932092412    -0.031492912864906     0.035007932092412
    -0.035338320594747     0.035007932092412     0.069928232653638
12 50
    -0.011315208018914     0.009925772428687    -0.024354182278330
     0.009925772428687    -0.011315208018914     0.024354182278330
    -0.024354182278330     0.024354182278330    -0.133864037968578
12 51
    -2.341654446252051     1.196902454830707    -1.196902454830706
     1.196902454830706    -2.341654446252051     1.196902454830706
    -1.196902454830706     1.196902454830706    -2.341654446252050
12 52
    -0.031492912864906     0.035007932092412    -0.035007932092412
     0.035007932092412     0.069928232653638     0.035338320594747
    -0.035007932092412     0.035338320594747     0.069928232653638
12 53
    -0.133864037968578     0.024354182278330    -0.024354182278330
     0.024354182278330    -0.011315208018914     0.009925772428687
    -0.024354182278330     0.009925772428687    -0.011315208018914
12 54
     0.003274804578268     0.012843773583882    -0.012843773583882
     0.012843773583882     0.003274804578268     0.012843773583882
    -0.012843773583882     0.012843773583882     0.003274804578268
12 55
     0.069928232653638     0.035338320594747    -0.035007932092412
     0.035338320594747     0.069928232653638     0.035007932092412
    -0.035007932092412     0.035007932092412    -0.031492912864906
12 56
    -0.011315208018914     0.024354182278330    -0.009925772428687
     0.024354182278330    -0.133864037968578     0.024354182278330
    -0.009925772428687     0.024354182278330    -0.011315208018914
12 57
    -0.158355902283347    -0.156713285832666     0.072948118759086
    -0.156713285832666    -0.158355902283347     0.072948118759086
    -0.072948118759086    -0.072948118759086     0.319300378862408
12 58
    -0.158355902283347     0.156713285832666     0.072948118759086
     0.156713285832666    -0.158355902283347    -0.072948118759086
    -0.072948118759086     0.072948118759086     0.319300378862408
12 59
    -0.158355902283347     0.156713285832666    -0.072948118759086
     0.156713285832666    -0.158355902283347     0.072948118759086
     0.072948118759086    -0.072948118759086     0.319300378862408
12 60
    -0.158355902283347    -0.156713285832666    -0.072948118759086
    -0.156713285832666    -0.158355902283347    -0.072948118759086
     0.072948118759086     0.072948118759086     0.319300378862408
12 61
    -0.034163283532962     0.037615269320668     0.012843031709053
     0.037615269320668    -0.034163283532962     0.012843031709053
    -0.012843031709053    -0.012843031709053     0.018478612139461
12 62
    -0.034163283532962    -0.037615269320668     0.012843031709053
    -0.037615269320668    -0.034163283532962    -0.012843031709053
    -0.012843031709053     0.012843031709053     0.018478612139461
12 63
    -0.034163283532962    -0.037615269320668    -0.012843031709053
    -0.037615269320668    -0.034163283532962     0.012843031709053
     0.012843031709053    -0.012843031709053     0.018478612139461
12 64
    -0.034163283532962     0.037615269320668    -0.012843031709053
     0.037615269320668    -0.034163283532962    -0.012843031709053
     0.012843031709053     0.012843031709053     0.018478612139461
13 1
    -0.133864037968578     0.024354182278330     0.024354182278330
     0.024354182278330    -0.011315208018914    -0.009925772428687
     0.024354182278330    -0.009925772428687    -0.011315208018914
13 2
     0.003274804578268     0.012843773583882     0.012843773583882
     0.012843773583882     0.003274804578268    -0.012843773583882
     0.012843773583882    -0.012843773583882     0.003274804578268
13 3
     0.069928232653638     0.035338320594747     0.035007932092412
     0.035338320594747     0.069928232653638    -0.035007932092412
     0.035007932092412    -0.035007932092412    -0.031492912864905
13 4
    -0.011315208018914     0.024354182278330     0.009925772428687
     0.024354182278330    -0.133864037968578    -0.024354182278330
     0.009925772428687    -0.024354182278330    -0.011315208018914
13 5
     0.069928232653638     0.035007932092412     0.035338320594747
     0.035007932092412    -0.031492912864906    -0.035007932092412
     0.035338320594747    -0.035007932092412     0.069928232653638
13 6
    -0.011315208018914     0.009925772428687     0.024354182278330
     0.009925772428687    -0.011315208018914    -0.024354182278330
     0.024354182278330    -0.024354182278330    -0.133864037968578
13 7
    -2.341654446252050     1.196902454830706     1.196902454830706
     1.196902454830706    -2.341654446252051    -1.196902454830706
     1.196902454830706    -1.196902454830706    -2.341654446252050
13 8
    -0.031492912864906     0.035007932092412     0.035007932092412
     0.035007932092412     0.069928232653638    -0.035338320594747
     0.035007932092412    -0.035338320594747     0.069928232653638
13 9
    -0.057780722897860     0.000000000000000    -0.000000000000000
     0.000000000000000    -0.057780722897860     0.000000000000000
     0.000000000000000    -0.000000000000000    -0.015432216503086
13 10
    -0.041754298479191    -0.000000000000000    -0.000000000000000
    -0.000000000000000     0.250247780888912    -0.000000000000000
    -0.000000000000000     0.000000000000000    -0.041754298479191
13 11
     0.250247780888913    -0.000000000000000     0.000000000000000
    -0.000000000000000    -0.041754298479191     0.000000000000000
    -0.000000000000000     0.000000000000000    -0.041754298479191
13 12
     0.002996701471147    -0.000000000000000    -0.000000000000000
     0.000000000000000     0.002996701471147     0.000000000000000
    -0.000000000000000     0.000000000000000     0.002996701471147
13 13
     9.696337472371395    -0.000000000000000     0.000000000000000
    -0.000000000000000     9.696337472371399     0.000000000000000
     0.000000000000000     0.000000000000000     9.696337472371393
13 14
    -0.015432216503086    -0.000000000000000     0.000000000000000
     0.000000000000000    -0.057780722897860    -0.000000000000000
     0.000000000000000     0.000000000000000    -0.057780722897860
13 15
    -0.057780722897860     0.000000000000000    -0.000000000000000
    -0.000000000000000    -0.015432216503086     0.000000000000000
     0.000000000000000    -0.000000000000000    -0.057780722897860
13 16
    -0.041754298479191    -0.000000000000000     0.000000000000000
    -0.000000000000000    -0.041754298479191     0.000000000000000
     0.000000000000000     0.000000000000000     0.250247780888912
13 17
     0.069928232653638    -0.035338320594747    -0.035007932092412
    -0.035338320594747     0.069928232653638    -0.035007932092412
    -0.035007932092412    -0.035007932092412    -0.031492912864905
13 18
    -0.011315208018914    -0.024354182278330    -0.009925772428687
    -0.024354182278330    -0.133864037968579    -0.024354182278330
    -0.009925772428687    -0.024354182278330    -0.011315208018914
13 19
    -0.133864037968578    -0.024354182278330    -0.024354182278330
    -0.024354182278330    -0.011315208018914    -0.009925772428687
    -0.024354182278330    -0.009925772428687    -0.011315208018914
13 20
     0.003274804578268    -0.012843773583882    -0.012843773583882
    -0.012843773583882     0.003274804578268    -0.012843773583882
    -0.012843773583882    -0.012843773583882     0.003274804578268
13 21
    -2.341654446252050    -1.196902454830706    -1.196902454830706
    -1.196902454830706    -2.341654446252051    -1.196902454830707
    -1.196902454830706    -1.196902454830706    -2.341654446252051
13 22
    -0.031492912864906    -0.035007932092412    -0.035007932092412
    -0.035007932092412     0.069928232653638    -0.035338320594747
    -0.035007932092412    -0.035338320594747     0.069928232653638
13 23
     0.069928232653638    -0.035007932092412    -0.035338320594747
    -0.035007932092412    -0.031492912864906    -0.035007932092412
    -0.035338320594747    -0.035007932092412     0.069928232653638
13 24
    -0.011315208018914    -0.009925772428687    -0.024354182278330
    -0.009925772428687    -0.011315208018914    -0.024354182278330
    -0.024354182278330    -0.024354182278330    -0.133864037968578
13 25
     0.319300378862408     0.072948118759086     0.072948118759086
    -0.072948118759086    -0.158355902283347    -0.156713285832666
    -0.072948118759086    -0.156713285832666    -0.158355902283347
13 26
     0.018478612139461     0.012843031709053     0.012843031709053
    -0.012843031709053    -0.034163283532962     0.037615269320668
    -0.012843031709053     0.037615269320668    -0.034163283532962
13 27
     0.319300378862408     0.072948118759086    -0.072948118759086
    -0.072948118759086    -0.158355902283347     0.156713285832666
     0.072948118759086     0.156713285832666    -0.158355902283347
13 28
     0.018478612139461     0.012843031709053    -0.012843031709053
    -0.012843031709053    -0.034163283532962    -0.037615269320668
     0.012843031709053    -0.037615269320668    -0.034163283532962
13 29
     0.319300378862408    -0.072948118759086     0.072948118759086
     0.072948118759086    -0.158355902283347     0.156713285832666
    -0.072948118759086     0.156713285832666    -0.158355902283347
13 30
     0.018478612139461    -0.012843031709053     0.012843031709053
     0.012843031709053    -0.034163283532962    -0.037615269320668
    -0.012843031709053    -0.037615269320668    -0.034163283532962
13 31
     0.319300378862408    -0.072948118759086    -0.072948118759086
     0.072948118759086    -0.158355902283347    -0.156713285832666
     0.072948118759086    -0.156713285832666    -0.158355902283347
13 32
     0.018478612139461    -0.012843031709053    -0.012843031709053
     0.012843031709053    -0.034163283532962     0.037615269320668
     0.012843031709053     0.037615269320668    -0.034163283532962
13 33
     0.003274804578268    -0.012843773583882     0.012843773583882
    -0.012843773583882     0.003274804578268     0.012843773583882
     0.012843773583882     0.012843773583882     0.003274804578268
13 34
    -0.133864037968578    -0.024354182278330     0.024354182278330
    -0.024354182278330    -0.011315208018914     0.009925772428687
     0.024354182278330     0.009925772428687    -0.011315208018914
13 35
    -0.011315208018914    -0.024354182278330     0.009925772428687
    -0.024354182278330    -0.133864037968578     0.024354182278330
     0.009925772428687     0.024354182278330    -0.011315208018914
13 36
     0.069928232653638    -0.035338320594747     0.035007932092412
    -0.035338320594747     0.069928232653638     0.035007932092412
     0.035007932092412     0.035007932092412    -0.031492912864905
13 37
    -0.011315208018914    -0.009925772428687     0.024354182278330
    -0.009925772428687    -0.011315208018914     0.024354182278330
     0.024354182278330     0.024354182278330    -0.133864037968578
13 38
     0.069928232653638    -0.035007932092412     0.035338320594747
    -0.035007932092412    -0.031492912864906     0.035007932092412
     0.035338320594747     0.035007932092412     0.069928232653638
13 39
    -0.031492912864905    -0.035007932092412     0.035007932092412
    -0.035007932092412     0.069928232653638     0.035338320594747
     0.035007932092412     0.035338320594747     0.069928232653638
13 40
    -2.341654446252051    -1.196902454830706     1.196902454830706
    -1.196902454830707    -2.341654446252051     1.196902454830706
     1.196902454830706     1.196902454830706    -2.341654446252050
13 41
    -0.158355902283347    -0.072948118759086    -0.156713285832666
     0.072948118759086     0.319300378862408     0.072948118759086
    -0.156713285832666    -0.072948118759086    -0.158355902283347
13 42
    -0.158355902283347    -0.072948118759086     0.156713285832666
     0.072948118759086     0.319300378862408    -0.072948118759086
     0.156713285832666     0.072948118759086    -0.158355902283347
13 43
    -0.034163283532962    -0.012843031709053     0.037615269320668
     0.012843031709053     0.018478612139461     0.012843031709053
     0.037615269320668    -0.012843031709053    -0.034163283532962
13 44
    -0.034163283532962    -0.012843031709053    -0.037615269320668
     0.012843031709053     0.018478612139461    -0.012843031709053
    -0.037615269320668     0.012843031709053    -0.034163283532962
13 45
    -0.158355902283347     0.072948118759086     0.156713285832666
    -0.072948118759086     0.319300378862408     0.072948118759086
     0.156713285832666    -0.072948118759086    -0.158355902283347
13 46
    -0.158355902283347     0.072948118759086    -0.156713285832666
    -0.072948118759086     0.319300378862408    -0.072948118759086
    -0.156713285832666     0.072948118759086    -0.158355902283347
13 47
    -0.034163283532962     0.012843031709053    -0.037615269320668
    -0.012843031709053     0.018478612139461     0.012843031709053
    -0.037615269320668    -0.012843031709053    -0.034163283532962
13 48
    -0.034163283532962     0.012843031709053     0.037615269320668
    -0.012843031709053     0.018478612139461    -0.012843031709053
     0.037615269320668     0.012843031709053    -0.034163283532962
13 49
    -0.011315208018914     0.024354182278330    -0.009925772428687
     0.024354182278330    -0.133864037968579     0.024354182278330
    -0.009925772428687     0.024354182278330    -0.011315208018914
13 50
     0.069928232653638     0.035338320594747    -0.035007932092412
     0.035338320594747     0.069928232653638     0.035007932092412
    -0.035007932092412     0.035007932092412    -0.031492912864906
13 51
     0.003274804578268     0.012843773583882    -0.012843773583882
     0.012843773583882     0.003274804578268     0.012843773583882
    -0.012843773583882     0.012843773583882     0.003274804578268
13 52
    -0.133864037968578     0.024354182278330    -0.024354182278330
     0.024354182278330    -0.011315208018914     0.009925772428687
    -0.024354182278330     0.009925772428687    -0.011315208018914
13 53
    -0.031492912864905     0.035007932092412    -0.035007932092412
     0.035007932092412     0.069928232653638     0.035338320594747
    -0.035007932092412     0.035338320594747     0.069928232653638
13 54
    -2.341654446252051     1.196902454830706    -1.196902454830706
     1.196902454830707    -2.341654446252051     1.196902454830706
    -1.196902454830706     1.196902454830706    -2.341654446252050
13 55
    -0.011315208018914     0.009925772428687    -0.024354182278330
     0.009925772428687    -0.011315208018914     0.024354182278330
    -0.024354182278330     0.024354182278330    -0.133864037968579
13 56
     0.069928232653638     0.035007932092412    -0.035338320594747
     0.035007932092412    -0.031492912864906     0.035007932092412
    -0.035338320594747     0.035007932092412     0.069928232653638
13 57
    -0.034163283532962     0.037615269320668    -0.012843031709053
     0.037615269320668    -0.034163283532962    -0.012843031709053
     0.012843031709053     0.012843031709053     0.018478612139461
13 58
    -0.034163283532962    -0.037615269320668    -0.012843031709053
    -0.037615269320668    -0.034163283532962     0.012843031709053
     0.012843031709053    -0.012843031709053     0.018478612139461
13 59
    -0.034163283532962    -0.037615269320668     0.012843031709053
    -0.037615269320668    -0.034163283532962    -0.012843031709053
    -0.012843031709053     0.012843031709053     0.018478612139461
13 60
    -0.034163283532962     0.037615269320668     0.012843031709053
     0.037615269320668    -0.034163283532962     0.012843031709053
    -0.012843031709053    -0.012843031709053     0.018478612139461
13 61
    -0.158355902283347    -0.156713285832666    -0.072948118759086
    -0.156713285832666    -0.158355902283347    -0.072948118759086
     0.072948118759086     0.072948118759086     0.319300378862408
13 62
    -0.158355902283347     0.156713285832666    -0.072948118759086
     0.156713285832666    -0.158355902283347     0.072948118759086
     0.072948118759086    -0.072948118759086     0.319300378862408
13 63
    -0.158355902283347     0.156713285832666     0.072948118759086
     0.156713285832666    -0.158355902283347    -0.072948118759086
    -0.072948118759086     0.072948118759086     0.319300378862408
13 64
    -0.158355902283347    -0.156713285832666     0.072948118759086
    -0.156713285832666    -0.158355902283347     0.072948118759086
    -0.072948118759086    -0.072948118759086     0.319300378862408
14 1
     0.003274804578268     0.012843773583882     0.012843773583882
     0.012843773583882     0.003274804578268    -0.012843773583882
     0.012843773583882    -0.012843773583882     0.003274804578268
14 2
    -0.133864037968579     0.024354182278330     0.024354182278330
     0.024354182278330    -0.011315208018914    -0.009925772428687
     0.024354182278330    -0.009925772428687    -0.011315208018914
14 3
    -0.011315208018914     0.024354182278330     0.009925772428687
     0.024354182278330    -0.133864037968578    -0.024354182278330
     0.009925772428687    -0.024354182278330    -0.011315208018914
14 4
     0.069928232653638     0.035338320594747     0.035007932092412
     0.035338320594747     0.069928232653638    -0.035007932092412
     0.035007932092412    -0.035007932092412    -0.031492912864905
14 5
    -0.011315208018914     0.009925772428687     0.024354182278330
     0.009925772428687    -0.011315208018914    -0.024354182278330
     0.024354182278330    -0.024354182278330    -0.133864037968578
14 6
     0.069928232653638     0.035007932092412     0.035338320594747
     0.035007932092412    -0.031492912864906    -0.035007932092412
     0.035338320594747    -0.035007932092412     0.069928232653638
14 7
    -0.031492912864906     0.035007932092412     0.035007932092412
     0.035007932092412     0.069928232653638    -0.035338320594747
     0.035007932092412    -0.035338320594747     0.069928232653638
14 8
    -2.341654446252051     1.196902454830706     1.196902454830706
     1.196902454830706    -2.341654446252050    -1.196902454830706
     1.196902454830706    -1.196902454830706    -2.341654446252050
14 9
    -0.041754298479191     0.000000000000000     0.000000000000000
    -0.000000000000000     0.250247780888913     0.000000000000000
     0.000000000000000    -0.000000000000000    -0.041754298479191
14 10
    -0.057780722897860    -0.000000000000000     0.000000000000000
    -0.000000000000000    -0.057780722897860    -0.000000000000000
     0.000000000000000    -0.000000000000000    -0.015432216503086
14 11
     0.002996701471147    -0.000000000000000     0.000000000000000
    -0.000000000000000     0.002996701471147     0.000000000000000
     0.000000000000000    -0.000000000000000     0.002996701471147
14 12
     0.250247780888913    -0.000000000000000     0.000000000000000
     0.000000000000000    -0.041754298479191    -0.000000000000000
    -0.000000000000000    -0.000000000000000    -0.041754298479191
14 13
    -0.015432216503086     0.000000000000000     0.000000000000000
    -0.000000000000000    -0.057780722897860     0.000000000000000
     0.000000000000000    -0.000000000000000    -0.057780722897860
14 14
     9.696337472371399     0.000000000000000     0.000000000000000
     0.000000000000000     9.696337472371393    -0.000000000000000
     0.000000000000000    -0.000000000000000     9.696337472371393
14 15
    -0.041754298479191     0.000000000000000     0.000000000000000
     0.000000000000000    -0.041754298479191     0.000000000000000
     0.000000000000000    -0.000000000000000     0.250247780888912
14 16
    -0.057780722897860     0.000000000000000     0.000000000000000
    -0.000000000000000    -0.015432216503086    -0.000000000000000
     0.000000000000000    -0.000000000000000    -0.057780722897860
14 17
    -0.011315208018914    -0.024354182278330    -0.009925772428687
    -0.024354182278330    -0.133864037968578    -0.024354182278330
    -0.009925772428687    -0.024354182278330    -0.011315208018914
14 18
     0.069928232653638    -0.035338320594747    -0.035007932092412
    -0.035338320594747     0.069928232653638    -0.035007932092412
    -0.035007932092412    -0.035007932092412    -0.031492912864906
14 19
     0.003274804578268    -0.012843773583882    -0.012843773583882
    -0.012843773583882     0.003274804578268    -0.012843773583882
    -0.012843773583882    -0.012843773583882     0.003274804578268
14 20
    -0.133864037968578    -0.024354182278330    -0.024354182278330
    -0.024354182278330    -0.011315208018914    -0.009925772428687
    -0.024354182278330    -0.009925772428687    -0.011315208018914
14 21
    -0.031492912864906    -0.035007932092412    -0.035007932092412
    -0.035007932092412     0.069928232653638    -0.035338320594747
    -0.035007932092412    -0.035338320594747     0.069928232653638
14 22
    -2.341654446252051    -1.196902454830706    -1.196902454830706
    -1.196902454830706    -2.341654446252050    -1.196902454830706
    -1.196902454830706    -1.196902454830706    -2.341654446252050
14 23
    -0.011315208018914    -0.009925772428687    -0.024354182278330
    -0.009925772428687    -0.011315208018914    -0.024354182278330
    -0.024354182278330    -0.024354182278330    -0.133864037968578
14 24
     0.069928232653638    -0.035007932092412    -0.035338320594747
    -0.035007932092412    -0.031492912864905    -0.035007932092412
    -0.035338320594747    -0.035007932092412     0.069928232653638
14 25
     0.018478612139461     0.012843031709053     0.012843031709053
    -0.012843031709053    -0.034163283532962     0.037615269320668
    -0.012843031709053     0.037615269320668    -0.034163283532962
14 26
     0.319300378862408     0.072948118759086     0.072948118759086
    -0.072948118759086    -0.158355902283347    -0.156713285832666
    -0.072948118759086    -0.156713285832666    -0.158355902283347
14 27
     0.018478612139461     0.012843031709053    -0.012843031709053
    -0.012843031709053    -0.034163283532962    -0.037615269320668
     0.012843031709053    -0.037615269320668    -0.034163283532962
14 28
     0.319300378862408     0.072948118759086    -0.072948118759086
    -0.072948118759086    -0.158355902283347     0.156713285832666
     0.072948118759086     0.156713285832666    -0.158355902283347
14 29
     0.018478612139461    -0.012843031709053     0.012843031709053
     0.012843031709053    -0.034163283532962    -0.037615269320668
    -0.012843031709053    -0.037615269320668    -0.034163283532962
14 30
     0.319300378862408    -0.072948118759086     0.072948118759086
     0.072948118759086    -0.158355902283347     0.156713285832666
    -0.072948118759086     0.156713285832666    -0.158355902283347
14 31
     0.018478612139461    -0.012843031709053    -0.012843031709053
     0.012843031709053    -0.034163283532962     0.037615269320668
     0.012843031709053     0.037615269320668    -0.034163283532962
14 32
     0.319300378862408    -0.072948118759086    -0.072948118759086
     0.072948118759086    -0.158355902283347    -0.156713285832666
     0.072948118759086    -0.156713285832666    -0.158355902283347
14 33
    -0.133864037968578    -0.024354182278330     0.024354182278330
    -0.024354182278330    -0.011315208018914     0.009925772428687
     0.024354182278330     0.009925772428687    -0.011315208018914
14 34
     0.003274804578268    -0.012843773583882     0.012843773583882
    -0.012843773583882     0.003274804578268     0.012843773583882
     0.012843773583882     0.012843773583882     0.003274804578268
14 35
     0.069928232653638    -0.035338320594747     0.035007932092412
    -0.035338320594747     0.069928232653638     0.035007932092412
     0.035007932092412     0.035007932092412    -0.031492912864906
14 36
    -0.011315208018914    -0.024354182278330     0.009925772428687
    -0.024354182278330    -0.133864037968578     0.024354182278330
     0.009925772428687     0.024354182278330    -0.011315208018914
14 37
     0.069928232653638    -0.035007932092412     0.035338320594747
    -0.035007932092412    -0.031492912864906     0.035007932092412
     0.035338320594747     0.035007932092412     0.069928232653638
14 38
    -0.011315208018914    -0.009925772428687     0.024354182278330
    -0.009925772428687    -0.011315208018914     0.024354182278330
     0.024354182278330     0.024354182278330    -0.133864037968578
14 39
    -2.341654446252051    -1.196902454830707     1.196902454830706
    -1.196902454830706    -2.341654446252051     1.196902454830706
     1.196902454830706     1.196902454830706    -2.341654446252050
14 40
    -0.031492912864906    -0.035007932092412     0.035007932092412
    -0.035007932092412     0.069928232653638     0.035338320594747
     0.035007932092412     0.035338320594747     0.069928232653638
14 41
    -0.158355902283347    -0.072948118759086     0.156713285832666
     0.072948118759086     0.319300378862408    -0.072948118759086
     0.156713285832666     0.072948118759086    -0.158355902283347
14 42
    -0.158355902283347    -0.072948118759086    -0.156713285832666
     0.072948118759086     0.319300378862408     0.072948118759086
    -0.156713285832666    -0.072948118759086    -0.158355902283347
14 43
    -0.034163283532962    -0.012843031709053    -0.037615269320668
     0.012843031709053     0.018478612139461    -0.012843031709053
    -0.037615269320668     0.012843031709053    -0.034163283532962
14 44
    -0.034163283532962    -0.012843031709053     0.037615269320668
     0.012843031709053     0.018478612139461     0.012843031709053
     0.037615269320668    -0.012843031709053    -0.034163283532962
14 45
    -0.158355902283347     0.072948118759086    -0.156713285832666
    -0.072948118759086     0.319300378862408    -0.072948118759086
    -0.156713285832666     0.072948118759086    -0.158355902283347
14 46
    -0.158355902283347     0.072948118759086     0.156713285832666
    -0.072948118759086     0.319300378862408     0.072948118759086
     0.156713285832666    -0.072948118759086    -0.158355902283347
14 47
    -0.034163283532962     0.012843031709053     0.037615269320668
    -0.012843031709053     0.018478612139461    -0.012843031709053
     0.037615269320668     0.012843031709053    -0.034163283532962
14 48
    -0.034163283532962     0.012843031709053    -0.037615269320668
    -0.012843031709053     0.018478612139461     0.012843031709053
    -0.037615269320668    -0.012843031709053    -0.034163283532962
14 49
     0.069928232653638     0.035338320594747    -0.035007932092412
     0.035338320594747     0.069928232653638     0.035007932092412
    -0.035007932092412     0.035007932092412    -0.031492912864905
14 50
    -0.011315208018914     0.024354182278330    -0.009925772428687
     0.024354182278330    -0.133864037968578     0.024354182278330
    -0.009925772428687     0.024354182278330    -0.011315208018914
14 51
    -0.133864037968578     0.024354182278330    -0.024354182278330
     0.024354182278330    -0.011315208018914     0.009925772428687
    -0.024354182278330     0.009925772428687    -0.011315208018914
14 52
     0.003274804578268     0.012843773583882    -0.012843773583882
     0.012843773583882     0.003274804578268     0.012843773583882
    -0.012843773583882     0.012843773583882     0.003274804578268
14 53
    -2.341654446252051     1.196902454830706    -1.196902454830707
     1.196902454830706    -2.341654446252050     1.196902454830706
    -1.196902454830706     1.196902454830706    -2.341654446252051
14 54
    -0.031492912864906     0.035007932092412    -0.035007932092412
     0.035007932092412     0.069928232653638     0.035338320594747
    -0.035007932092412     0.035338320594747     0.069928232653638
14 55
     0.069928232653638     0.035007932092412    -0.035338320594747
     0.035007932092412    -0.031492912864905     0.035007932092412
    -0.035338320594747     0.035007932092412     0.069928232653638
14 56
    -0.011315208018914     0.009925772428687    -0.024354182278330
     0.009925772428687    -0.011315208018914     0.024354182278330
    -0.024354182278330     0.024354182278330    -0.133864037968579
14 57
    -0.034163283532962    -0.037615269320668    -0.012843031709053
    -0.037615269320668    -0.034163283532962     0.012843031709053
     0.012843031709053    -0.012843031709053     0.018478612139461
14 58
    -0.034163283532962     0.037615269320668    -0.012843031709053
     0.037615269320668    -0.034163283532962    -0.012843031709053
     0.012843031709053     0.012843031709053     0.018478612139461
14 59
    -0.034163283532962     0.037615269320668     0.012843031709053
     0.037615269320668    -0.034163283532962     0.012843031709053
    -0.012843031709053    -0.012843031709053     0.018478612139461
14 60
    -0.034163283532962    -0.037615269320668     0.012843031709053
    -0.037615269320668    -0.034163283532962    -0.012843031709053
    -0.012843031709053     0.012843031709053     0.018478612139461
14 61
    -0.158355902283347     0.156713285832666    -0.072948118759086
     0.156713285832666    -0.158355902283347     0.072948118759086
     0.072948118759086    -0.072948118759086     0.319300378862408
14 62
    -0.158355902283347    -0.156713285832666    -0.072948118759086
    -0.156713285832666    -0.158355902283347    -0.072948118759086
     0.072948118759086     0.072948118759086     0.319300378862408
14 63
    -0.158355902283347    -0.156713285832666     0.072948118759086
    -0.156713285832666    -0.158355902283347     0.072948118759086
    -0.072948118759086    -0.072948118759086     0.319300378862408
14 64
    -0.158355902283347     0.156713285832666     0.072948118759086
     0.156713285832666    -0.158355902283347    -0.072948118759086
    -0.072948118759086     0.072948118759086     0.319300378862408
15 1
     0.069928232653638     0.035338320594747     0.035007932092412
     0.035338320594747     0.069928232653638    -0.035007932092412
     0.035007932092412    -0.035007932092412    -0.031492912864905
15 2
    -0.011315208018914     0.024354182278330     0.009925772428687
     0.024354182278330    -0.133864037968578    -0.024354182278330
     0.009925772428687    -0.024354182278330    -0.011315208018914
15 3
    -0.133864037968579     0.024354182278330     0.024354182278330
     0.024354182278330    -0.011315208018914    -0.009925772428687
     0.024354182278330    -0.009925772428687    -0.011315208018914
15 4
     0.003274804578268     0.012843773583882     0.012843773583882
     0.012843773583882     0.003274804578268    -0.012843773583882
     0.012843773583882    -0.012843773583882     0.003274804578268
15 5
    -2.341654446252051     1.196902454830707     1.196902454830706
     1.196902454830706    -2.341654446252051    -1.196902454830706
     1.196902454830706    -1.196902454830706    -2.341654446252050
15 6
    -0.031492912864905     0.035007932092412     0.035007932092412
     0.035007932092412     0.069928232653638    -0.035338320594747
     0.035007932092412    -0.035338320594747     0.069928232653638
15 7
     0.069928232653638     0.035007932092412     0.035338320594747
     0.035007932092412    -0.031492912864906    -0.035007932092412
     0.035338320594747    -0.035007932092412     0.069928232653638
15 8
    -0.011315208018914     0.009925772428687     0.024354182278330
     0.009925772428687    -0.011315208018914    -0.024354182278330
     0.024354182278330    -0.024354182278330    -0.133864037968578
15 9
     0.250247780888912     0.000000000000000    -0.000000000000000
     0.000000000000000    -0.041754298479191     0.000000000000000
     0.000000000000000     0.000000000000000    -0.041754298479191
15 10
     0.002996701471147    -0.000000000000000    -0.000000000000000
     0.000000000000000     0.002996701471147    -0.000000000000000
    -0.000000000000000     0.000000000000000     0.002996701471147
15 11
    -0.057780722897860    -0.000000000000000     0.000000000000000
    -0.000000000000000    -0.057780722897860     0.000000000000000
    -0.000000000000000     0.000000000000000    -0.015432216503086
15 12
    -0.041754298479191    -0.000000000000000    -0.000000000000000
     0.000000000000000     0.250247780888912    -0.000000000000000
    -0.000000000000000     0.000000000000000    -0.041754298479191
15 13
    -0.057780722897860    -0.000000000000000     0.000000000000000
     0.000000000000000    -0.015432216503086    -0.000000000000000
    -0.000000000000000     0.000000000000000    -0.057780722897860
15 14
    -0.041754298479191     0.000000000000000     0.000000000000000
     0.000000000000000    -0.041754298479191    -0.000000000000000
     0.000000000000000     0.000000000000000     0.250247780888912
15 15
     9.696337472371397     0.000000000000000     0.000000000000000
     0.000000000000000     9.696337472371395     0.000000000000000
     0.000000000000000     0.000000000000000     9.696337472371393
15 16
    -0.015432216503086    -0.000000000000000     0.000000000000000
     0.000000000000000    -0.057780722897860    -0.000000000000000
     0.000000000000000     0.000000000000000    -0.057780722897860
15 17
    -0.133864037968578    -0.024354182278330    -0.024354182278330
    -0.024354182278330    -0.011315208018914    -0.009925772428687
    -0.024354182278330    -0.009925772428687    -0.011315208018914
15 18
     0.003274804578268    -0.012843773583882    -0.012843773583882
    -0.012843773583882     0.003274804578268    -0.012843773583882
    -0.012843773583882    -0.012843773583882     0.003274804578268
15 19
     0.069928232653638    -0.035338320594747    -0.035007932092412
    -0.035338320594747     0.069928232653638    -0.035007932092412
    -0.035007932092412    -0.035007932092412    -0.031492912864906
15 20
    -0.011315208018914    -0.024354182278330    -0.009925772428687
    -0.024354182278330    -0.133864037968578    -0.024354182278330
    -0.009925772428687    -0.024354182278330    -0.011315208018914
15 21
     0.069928232653638    -0.035007932092412    -0.035338320594747
    -0.035007932092412    -0.031492912864905    -0.035007932092412
    -0.035338320594747    -0.035007932092412     0.069928232653638
15 22
    -0.011315208018914    -0.009925772428687    -0.024354182278330
    -0.009925772428687    -0.011315208018914    -0.024354182278330
    -0.024354182278330    -0.024354182278330    -0.133864037968578
15 23
    -2.341654446252051    -1.196902454830707    -1.196902454830706
    -1.196902454830706    -2.341654446252051    -1.196902454830706
    -1.196902454830706    -1.196902454830706    -2.341654446252050
15 24
    -0.031492912864906    -0.035007932092412    -0.035007932092412
    -0.035007932092412     0.069928232653638    -0.035338320594747
    -0.035007932092412    -0.035338320594747     0.069928232653638
15 25
     0.319300378862408     0.072948118759086    -0.072948118759086
    -0.072948118759086    -0.158355902283347     0.156713285832666
     0.072948118759086     0.156713285832666    -0.158355902283347
15 26
     0.018478612139461     0.012843031709053    -0.012843031709053
    -0.012843031709053    -0.034163283532962    -0.037615269320668
     0.012843031709053    -0.037615269320668    -0.034163283532962
15 27
     0.319300378862408     0.072948118759086     0.072948118759086
    -0.072948118759086    -0.158355902283347    -0.156713285832666
    -0.072948118759086    -0.156713285832666    -0.158355902283347
15 28
     0.018478612139461     0.012843031709053     0.012843031709053
    -0.012843031709053    -0.034163283532962     0.037615269320668
    -0.012843031709053     0.037615269320668    -0.034163283532962
15 29
     0.319300378862408    -0.072948118759086    -0.072948118759086
     0.072948118759086    -0.158355902283347    -0.156713285832666
     0.072948118759086    -0.156713285832666    -0.158355902283347
15 30
     0.018478612139461    -0.012843031709053    -0.012843031709053
     0.012843031709053    -0.034163283532962     0.037615269320668
     0.012843031709053     0.037615269320668    -0.034163283532962
15 31
     0.319300378862408    -0.072948118759086     0.072948118759086
     0.072948118759086    -0.158355902283347     0.156713285832666
    -0.072948118759086     0.156713285832666    -0.158355902283347
15 32
     0.018478612139461    -0.012843031709053     0.012843031709053
     0.012843031709053    -0.034163283532962    -0.037615269320668
    -0.012843031709053    -0.037615269320668    -0.034163283532962
15 33
    -0.011315208018914    -0.024354182278330     0.009925772428687
    -0.024354182278330    -0.133864037968578     0.024354182278330
     0.009925772428687     0.024354182278330    -0.011315208018914
15 34
     0.069928232653638    -0.035338320594747     0.035007932092412
    -0.035338320594747     0.069928232653638     0.035007932092412
     0.035007932092412     0.035007932092412    -0.031492912864906
15 35
     0.003274804578268    -0.012843773583882     0.012843773583882
    -0.012843773583882     0.003274804578268     0.012843773583882
     0.012843773583882     0.012843773583882     0.003274804578268
15 36
    -0.133864037968579    -0.024354182278330     0.024354182278330
    -0.024354182278330    -0.011315208018914     0.009925772428687
     0.024354182278330     0.009925772428687    -0.011315208018914
15 37
    -0.031492912864906    -0.035007932092412     0.035007932092412
    -0.035007932092412     0.069928232653638     0.035338320594747
     0.035007932092412     0.035338320594747     0.069928232653638
15 38
    -2.341654446252051    -1.196902454830706     1.196902454830706
    -1.196902454830706    -2.341654446252050     1.196902454830706
     1.196902454830706     1.196902454830706    -2.341654446252050
15 39
    -0.011315208018914    -0.009925772428687     0.024354182278330
    -0.009925772428687    -0.011315208018914     0.024354182278330
     0.024354182278330     0.024354182278330    -0.133864037968578
15 40
     0.069928232653638    -0.035007932092412     0.035338320594747
    -0.035007932092412    -0.031492912864905     0.035007932092412
     0.035338320594747     0.035007932092412     0.069928232653638
15 41
    -0.034163283532962    -0.012843031709053     0.037615269320668
     0.012843031709053     0.018478612139461     0.012843031709053
     0.037615269320668    -0.012843031709053    -0.034163283532962
15 42
    -0.034163283532962    -0.012843031709053    -0.037615269320668
     0.012843031709053     0.018478612139461    -0.012843031709053
    -0.037615269320668     0.012843031709053    -0.034163283532962
15 43
    -0.158355902283347    -0.072948118759086    -0.156713285832666
     0.072948118759086     0.319300378862408     0.072948118759086
    -0.156713285832666    -0.072948118759086    -0.158355902283347
15 44
    -0.158355902283347    -0.072948118759086     0.156713285832666
     0.072948118759086     0.319300378862408    -0.072948118759086
     0.156713285832666     0.072948118759086    -0.158355902283347
15 45
    -0.034163283532962     0.012843031709053    -0.037615269320668
    -0.012843031709053     0.018478612139461     0.012843031709053
    -0.037615269320668    -0.012843031709053    -0.034163283532962
15 46
    -0.034163283532962     0.012843031709053     0.037615269320668
    -0.012843031709053     0.018478612139461    -0.012843031709053
     0.037615269320668     0.012843031709053    -0.034163283532962
15 47
    -0.158355902283347     0.072948118759086     0.156713285832666
    -0.072948118759086     0.319300378862408     0.072948118759086
     0.156713285832666    -0.072948118759086    -0.158355902283347
15 48
    -0.158355902283347     0.072948118759086    -0.156713285832666
    -0.072948118759086     0.319300378862408    -0.072948118759086
    -0.156713285832666     0.072948118759086    -0.158355902283347
15 49
     0.003274804578268     0.012843773583882    -0.012843773583882
     0.012843773583882     0.003274804578268     0.012843773583882
    -0.012843773583882     0.012843773583882     0.003274804578268
15 50
    -0.133864037968579     0.024354182278330    -0.024354182278330
     0.024354182278330    -0.011315208018914     0.009925772428687
    -0.024354182278330     0.009925772428687    -0.011315208018914
15 51
    -0.011315208018914     0.024354182278330    -0.009925772428687
     0.024354182278330    -0.133864037968578     0.024354182278330
    -0.009925772428687     0.024354182278330    -0.011315208018914
15 52
     0.069928232653638     0.035338320594747    -0.035007932092412
     0.035338320594747     0.069928232653638     0.035007932092412
    -0.035007932092412     0.035007932092412    -0.031492912864905
15 53
    -0.011315208018914     0.009925772428687    -0.024354182278330
     0.009925772428687    -0.011315208018914     0.024354182278330
    -0.024354182278330     0.024354182278330    -0.133864037968579
15 54
     0.069928232653638     0.035007932092412    -0.035338320594747
     0.035007932092412    -0.031492912864905     0.035007932092412
    -0.035338320594747     0.035007932092412     0.069928232653638
15 55
    -0.031492912864906     0.035007932092412    -0.035007932092412
     0.035007932092412     0.069928232653638     0.035338320594747
    -0.035007932092412     0.035338320594747     0.069928232653638
15 56
    -2.341654446252051     1.196902454830706    -1.196902454830707
     1.196902454830706    -2.341654446252050     1.196902454830706
    -1.196902454830706     1.196902454830706    -2.341654446252051
15 57
    -0.034163283532962    -0.037615269320668     0.012843031709053
    -0.037615269320668    -0.034163283532962    -0.012843031709053
    -0.012843031709053     0.012843031709053     0.018478612139461
15 58
    -0.034163283532962     0.037615269320668     0.012843031709053
     0.037615269320668    -0.034163283532962     0.012843031709053
    -0.012843031709053    -0.012843031709053     0.018478612139461
15 59
    -0.034163283532962     0.037615269320668    -0.012843031709053
     0.037615269320668    -0.034163283532962    -0.012843031709053
     0.012843031709053     0.012843031709053     0.018478612139461
15 60
    -0.034163283532962    -0.037615269320668    -0.012843031709053
    -0.037615269320668    -0.034163283532962     0.012843031709053
     0.012843031709053    -0.012843031709053     0.018478612139461
15 61
    -0.158355902283347     0.156713285832666     0.072948118759086
     0.156713285832666    -0.158355902283347    -0.072948118759086
    -0.072948118759086     0.072948118759086     0.319300378862408
15 62
    -0.158355902283347    -0.156713285832666     0.072948118759086
    -0.156713285832666    -0.158355902283347     0.072948118759086
    -0.072948118759086    -0.072948118759086     0.319300378862408
15 63
    -0.158355902283347    -0.156713285832666    -0.072948118759086
    -0.156713285832666    -0.158355902283347    -0.072948118759086
     0.072948118759086     0.072948118759086     0.319300378862408
15 64
    -0.158355902283347     0.156713285832666    -0.072948118759086
     0.156713285832666    -0.158355902283347     0.072948118759086
     0.072948118759086    -0.072948118759086     0.319300378862408
16 1
    -0.011315208018914     0.024354182278330     0.009925772428687
     0.024354182278330    -0.133864037968579    -0.024354182278330
     0.009925772428687    -0.024354182278330    -0.011315208018914
16 2
     0.069928232653638     0.035338320594747     0.035007932092412
     0.035338320594747     0.069928232653638    -0.035007932092412
     0.035007932092412    -0.035007932092412    -0.031492912864905
16 3
     0.003274804578268     0.012843773583882     0.012843773583882
     0.012843773583882     0.003274804578268    -0.012843773583882
     0.012843773583882    -0.012843773583882     0.003274804578268
16 4
    -0.133864037968579     0.024354182278330     0.024354182278330
     0.024354182278330    -0.011315208018914    -0.009925772428687
     0.024354182278330    -0.009925772428687    -0.011315208018914
16 5
    -0.031492912864906     0.035007932092412     0.035007932092412
     0.035007932092412     0.069928232653638    -0.035338320594747
     0.035007932092412    -0.035338320594747     0.069928232653638
16 6
    -2.341654446252051     1.196902454830707     1.196902454830706
     1.196902454830706    -2.341654446252051    -1.196902454830706
     1.196902454830706    -1.196902454830706    -2.341654446252050
16 7
    -0.011315208018914     0.009925772428687     0.024354182278330
     0.009925772428687    -0.011315208018914    -0.024354182278330
     0.024354182278330    -0.024354182278330    -0.133864037968578
16 8
     0.069928232653638     0.035007932092412     0.035338320594747
     0.035007932092412    -0.031492912864905    -0.035007932092412
     0.035338320594747    -0.035007932092412     0.069928232653638
16 9
     0.002996701471147     0.000000000000000     0.000000000000000
    -0.000000000000000     0.002996701471147     0.000000000000000
     0.000000000000000    -0.000000000000000     0.002996701471147
16 10
     0.250247780888912    -0.000000000000000     0.000000000000000
    -0.000000000000000    -0.041754298479191    -0.000000000000000
    -0.000000000000000     0.000000000000000    -0.041754298479191
16 11
    -0.041754298479191    -0.000000000000000     0.000000000000000
    -0.000000000000000     0.250247780888912     0.000000000000000
    -0.000000000000000     0.000000000000000    -0.041754298479191
16 12
    -0.057780722897860    -0.000000000000000     0.000000000000000
     0.000000000000000    -0.057780722897860     0.000000000000000
    -0.000000000000000    -0.000000000000000    -0.015432216503086
16 13
    -0.041754298479191    -0.000000000000000     0.000000000000000
    -0.000000000000000    -0.041754298479191     0.000000000000000
     0.000000000000000     0.000000000000000     0.250247780888912
16 14
    -0.057780722897860    -0.000000000000000     0.000000000000000
     0.000000000000000    -0.015432216503086    -0.000000000000000
     0.000000000000000    -0.000000000000000    -0.057780722897860
16 15
    -0.015432216503086     0.000000000000000     0.000000000000000
    -0.000000000000000    -0.057780722897860     0.000000000000000
     0.000000000000000    -0.000000000000000    -0.057780722897860
16 16
     9.696337472371397    -0.000000000000000     0.000000000000000
    -0.000000000000000     9.696337472371395     0.000000000000000
     0.000000000000000     0.000000000000000     9.696337472371393
16 17
     0.003274804578268    -0.012843773583882    -0.012843773583882
    -0.012843773583882     0.003274804578268    -0.012843773583882
    -0.012843773583882    -0.012843773583882     0.003274804578268
16 18
    -0.133864037968579    -0.024354182278330    -0.024354182278330
    -0.024354182278330    -0.011315208018914    -0.009925772428687
    -0.024354182278330    -0.009925772428687    -0.011315208018914
16 19
    -0.011315208018914    -0.024354182278330    -0.009925772428687
    -0.024354182278330    -0.133864037968578    -0.024354182278330
    -0.009925772428687    -0.024354182278330    -0.011315208018914
16 20
     0.069928232653638    -0.035338320594747    -0.035007932092412
    -0.035338320594747     0.069928232653638    -0.035007932092412
    -0.035007932092412    -0.035007932092412    -0.031492912864905
16 21
    -0.011315208018914    -0.009925772428687    -0.024354182278330
    -0.009925772428687    -0.011315208018914    -0.024354182278330
    -0.024354182278330    -0.024354182278330    -0.133864037968578
16 22
     0.069928232653638    -0.035007932092412    -0.035338320594747
    -0.035007932092412    -0.031492912864905    -0.035007932092412
    -0.035338320594747    -0.035007932092412     0.069928232653638
16 23
    -0.031492912864906    -0.035007932092412    -0.035007932092412
    -0.035007932092412     0.069928232653638    -0.035338320594747
    -0.035007932092412    -0.035338320594747     0.069928232653638
16 24
    -2.341654446252051    -1.196902454830706    -1.196902454830707
    -1.196902454830706    -2.341654446252050    -1.196902454830706
    -1.196902454830706    -1.196902454830706    -2.341654446252051
16 25
     0.018478612139461     0.012843031709053    -0.012843031709053
    -0.012843031709053    -0.034163283532962    -0.037615269320668
     0.012843031709053    -0.037615269320668    -0.034163283532962
16 26
     0.319300378862408     0.072948118759086    -0.072948118759086
    -0.072948118759086    -0.158355902283347     0.156713285832666
     0.072948118759086     0.156713285832666    -0.158355902283347
16 27
     0.018478612139461     0.012843031709053     0.012843031709053
    -0.012843031709053    -0.034163283532962     0.037615269320668
    -0.012843031709053     0.037615269320668    -0.034163283532962
16 28
     0.319300378862408     0.072948118759086     0.072948118759086
    -0.072948118759086    -0.158355902283347    -0.156713285832666
    -0.072948118759086    -0.156713285832666    -0.158355902283347
16 29
     0.018478612139461    -0.012843031709053    -0.012843031709053
     0.012843031709053    -0.034163283532962     0.037615269320668
     0.012843031709053     0.037615269320668    -0.034163283532962
16 30
     0.319300378862408    -0.072948118759086    -0.072948118759086
     0.072948118759086    -0.158355902283347    -0.156713285832666
     0.072948118759086    -0.156713285832666    -0.158355902283347
16 31
     0.018478612139461    -0.012843031709053     0.012843031709053
     0.012843031709053    -0.034163283532962    -0.037615269320668
    -0.012843031709053    -0.037615269320668    -0.034163283532962
16 32
     0.319300378862408    -0.072948118759086     0.072948118759086
     0.072948118759086    -0.158355902283347     0.156713285832666
    -0.072948118759086     0.156713285832666    -0.158355902283347
16 33
     0.069928232653638    -0.035338320594747     0.035007932092412
    -0.035338320594747     0.069928232653638     0.035007932092412
     0.035007932092412     0.035007932092412    -0.031492912864906
16 34
    -0.011315208018914    -0.024354182278330     0.009925772428687
    -0.024354182278330    -0.133864037968578     0.024354182278330
     0.009925772428687     0.024354182278330    -0.011315208018914
16 35
    -0.133864037968579    -0.024354182278330     0.024354182278330
    -0.024354182278330    -0.011315208018914     0.009925772428687
     0.024354182278330     0.009925772428687    -0.011315208018914
16 36
     0.003274804578268    -0.012843773583882     0.012843773583882
    -0.012843773583882     0.003274804578268     0.012843773583882
     0.012843773583882     0.012843773583882     0.003274804578268
16 37
    -2.341654446252051    -1.196902454830707     1.196902454830706
    -1.196902454830706    -2.341654446252051     1.196902454830706
     1.196902454830706     1.196902454830706    -2.341654446252050
16 38
    -0.031492912864906    -0.035007932092412     0.035007932092412
    -0.035007932092412     0.069928232653638     0.035338320594747
     0.035007932092412     0.035338320594747     0.069928232653638
16 39
     0.069928232653638    -0.035007932092412     0.035338320594747
    -0.035007932092412    -0.031492912864906     0.035007932092412
     0.035338320594747     0.035007932092412     0.069928232653638
16 40
    -0.011315208018914    -0.009925772428687     0.024354182278330
    -0.009925772428687    -0.011315208018914     0.024354182278330
     0.024354182278330     0.024354182278330    -0.133864037968578
16 41
    -0.034163283532962    -0.012843031709053    -0.037615269320668
     0.012843031709053     0.018478612139461    -0.012843031709053
    -0.037615269320668     0.012843031709053    -0.034163283532962
16 42
    -0.034163283532962    -0.012843031709053     0.037615269320668
     0.012843031709053     0.018478612139461     0.012843031709053
     0.037615269320668    -0.012843031709053    -0.034163283532962
16 43
    -0.158355902283347    -0.072948118759086     0.156713285832666
     0.072948118759086     0.319300378862408    -0.072948118759086
     0.156713285832666     0.072948118759086    -0.158355902283347
16 44
    -0.158355902283347    -0.072948118759086    -0.156713285832666
     0.072948118759086     0.319300378862408     0.072948118759086
    -0.156713285832666    -0.072948118759086    -0.158355902283347
16 45
    -0.034163283532962     0.012843031709053     0.037615269320668
    -0.012843031709053     0.018478612139461    -0.012843031709053
     0.037615269320668     0.012843031709053    -0.034163283532962
16 46
    -0.034163283532962     0.012843031709053    -0.037615269320668
    -0.012843031709053     0.018478612139461     0.012843031709053
    -0.037615269320668    -0.012843031709053    -0.034163283532962
16 47
    -0.158355902283347     0.072948118759086    -0.156713285832666
    -0.072948118759086     0.319300378862408    -0.072948118759086
    -0.156713285832666     0.072948118759086    -0.158355902283347
16 48
    -0.158355902283347     0.072948118759086     0.156713285832666
    -0.072948118759086     0.319300378862408     0.072948118759086
     0.156713285832666    -0.072948118759086    -0.158355902283347
16 49
    -0.133864037968579     0.024354182278330    -0.024354182278330
     0.024354182278330    -0.011315208018914     0.009925772428687
    -0.024354182278330     0.009925772428687    -0.011315208018914
16 50
     0.003274804578268     0.012843773583882    -0.012843773583882
     0.012843773583882     0.003274804578268     0.012843773583882
    -0.012843773583882     0.012843773583882     0.003274804578268
16 51
     0.069928232653638     0.035338320594747    -0.035007932092412
     0.035338320594747     0.069928232653638     0.035007932092412
    -0.035007932092412     0.035007932092412    -0.031492912864905
16 52
    -0.011315208018914     0.024354182278330    -0.009925772428687
     0.024354182278330    -0.133864037968578     0.024354182278330
    -0.009925772428687     0.024354182278330    -0.011315208018914
16 53
     0.069928232653638     0.035007932092412    -0.035338320594747
     0.035007932092412    -0.031492912864905     0.035007932092412
    -0.035338320594747     0.035007932092412     0.069928232653638
16 54
    -0.011315208018914     0.009925772428687    -0.024354182278330
     0.009925772428687    -0.011315208018914     0.024354182278330
    -0.024354182278330     0.024354182278330    -0.133864037968578
16 55
    -2.341654446252051     1.196902454830706    -1.196902454830707
     1.196902454830706    -2.341654446252050     1.196902454830706
    -1.196902454830706     1.196902454830706    -2.341654446252051
16 56
    -0.031492912864906     0.035007932092412    -0.035007932092412
     0.035007932092412     0.069928232653638     0.035338320594747
    -0.035007932092412     0.035338320594747     0.069928232653638
16 57
    -0.034163283532962     0.037615269320668     0.012843031709053
     0.037615269320668    -0.034163283532962     0.012843031709053
    -0.012843031709053    -0.012843031709053     0.018478612139461
16 58
    -0.034163283532962    -0.037615269320668     0.012843031709053
    -0.037615269320668    -0.034163283532962    -0.012843031709053
    -0.012843031709053     0.012843031709053     0.018478612139461
16 59
    -0.034163283532962    -0.037615269320668    -0.012843031709053
    -0.037615269320668    -0.034163283532962     0.012843031709053
     0.012843031709053    -0.012843031709053     0.018478612139461
16 60
    -0.034163283532962     0.037615269320668    -0.012843031709053
     0.037615269320668    -0.034163283532962    -0.012843031709053
     0.012843031709053     0.012843031709053     0.018478612139461
16 61
    -0.158355902283347    -0.156713285832666     0.072948118759086
    -0.156713285832666    -0.158355902283347     0.072948118759086
    -0.072948118759086    -0.072948118759086     0.319300378862408
16 62
    -0.158355902283347     0.156713285832666     0.072948118759086
     0.156713285832666    -0.158355902283347    -0.072948118759086
    -0.072948118759086     0.072948118759086     0.319300378862408
16 63
    -0.158355902283347     0.156713285832666    -0.072948118759086
     0.156713285832666    -0.158355902283347     0.072948118759086
     0.072948118759086    -0.072948118759086     0.319300378862408
16 64
    -0.158355902283347    -0.156713285832666    -0.072948118759086
    -0.156713285832666    -0.158355902283347    -0.072948118759086
     0.072948118759086     0.072948118759086     0.319300378862408
17 1
     0.319300378862408     0.072948118759086    -0.072948118759086
    -0.072948118759086    -0.158355902283347     0.156713285832666
     0.072948118759086     0.156713285832666    -0.158355902283347
17 2
     0.018478612139461     0.012843031709053    -0.012843031709053
    -0.012843031709053    -0.034163283532962    -0.037615269320668
     0.012843031709053    -0.037615269320668    -0.034163283532962
17 3
     0.319300378862408     0.072948118759086     0.072948118759086
    -0.072948118759086    -0.158355902283347    -0.156713285832666
    -0.072948118759086    -0.156713285832666    -0.158355902283347
17 4
     0.018478612139461     0.012843031709053     0.012843031709053
    -0.012843031709053    -0.034163283532962     0.037615269320668
    -0.012843031709053     0.037615269320668    -0.034163283532962
17 5
     0.319300378862408    -0.072948118759086    -0.072948118759086
     0.072948118759086    -0.158355902283347    -0.156713285832666
     0.072948118759086    -0.156713285832666    -0.158355902283347
17 6
     0.018478612139461    -0.012843031709053    -0.012843031709053
     0.012843031709053    -0.034163283532962     0.037615269320668
     0.012843031709053     0.037615269320668    -0.034163283532962
17 7
     0.319300378862408    -0.072948118759086     0.072948118759086
     0.072948118759086    -0.158355902283347     0.156713285832666
    -0.072948118759086     0.156713285832666    -0.158355902283347
17 8
     0.018478612139461    -0.012843031709053     0.012843031709053
     0.012843031709053    -0.034163283532962    -0.037615269320668
    -0.012843031709053    -0.037615269320668    -0.034163283532962
17 9
    -2.341654446252050    -1.196902454830706    -1.196902454830706
    -1.196902454830706    -2.341654446252051    -1.196902454830706
    -1.196902454830706    -1.196902454830706    -2.341654446252050
17 10
    -0.031492912864905    -0.035007932092412    -0.035007932092412
    -0.035007932092412     0.069928232653638    -0.035338320594747
    -0.035007932092412    -0.035338320594747     0.069928232653638
17 11
     0.069928232653638    -0.035007932092412    -0.035338320594747
    -0.035007932092412    -0.031492912864906    -0.035007932092412
    -0.035338320594747    -0.035007932092412     0.069928232653638
17 12
    -0.011315208018914    -0.009925772428687    -0.024354182278330
    -0.009925772428687    -0.011315208018914    -0.024354182278330
    -0.024354182278330    -0.024354182278330    -0.133864037968578
17 13
     0.069928232653638    -0.035338320594747    -0.035007932092412
    -0.035338320594747     0.069928232653638    -0.035007932092412
    -0.035007932092412    -0.035007932092412    -0.031492912864905
17 14
    -0.011315208018914    -0.024354182278330    -0.009925772428687
    -0.024354182278330    -0.133864037968578    -0.024354182278330
    -0.009925772428687    -0.024354182278330    -0.011315208018914
17 15
    -0.133864037968578    -0.024354182278330    -0.024354182278330
    -0.024354182278330    -0.011315208018914    -0.009925772428687
    -0.024354182278330    -0.009925772428687    -0.011315208018914
17 16
     0.003274804578268    -0.012843773583882    -0.012843773583882
    -0.012843773583882     0.003274804578268    -0.012843773583882
    -0.012843773583882    -0.012843773583882     0.003274804578268
17 17
     9.696337472371393     0.000000000000000    -0.000000000000000
     0.000000000000000     9.696337472371400     0.000000000000000
    -0.000000000000000     0.000000000000000     9.696337472371393
17 18
    -0.015432216503086    -0.000000000000000    -0.000000000000000
     0.000000000000000    -0.057780722897860    -0.000000000000000
     0.000000000000000    -0.000000000000000    -0.057780722897860
17 19
    -0.057780722897860    -0.000000000000000     0.000000000000000
    -0.000000000000000    -0.015432216503086    -0.000000000000000
    -0.000000000000000    -0.000000000000000    -0.057780722897860
17 20
    -0.041754298479191    -0.000000000000000     0.000000000000000
     0.000000000000000    -0.041754298479191    -0.000000000000000
    -0.000000000000000     0.000000000000000     0.250247780888912
17 21
    -0.057780722897860    -0.000000000000000     0.000000000000000
     0.000000000000000    -0.057780722897860     0.000000000000000
    -0.000000000000000     0.000000000000000    -0.015432216503086
17 22
    -0.041754298479191     0.000000000000000    -0.000000000000000
     0.000000000000000     0.250247780888913    -0.000000000000000
     0.000000000000000     0.000000000000000    -0.041754298479191
17 23
     0.250247780888912    -0.000000000000000     0.000000000000000
     0.000000000000000    -0.041754298479191    -0.000000000000000
    -0.000000000000000     0.000000000000000    -0.041754298479191
17 24
     0.002996701471147    -0.000000000000000     0.000000000000000
     0.000000000000000     0.002996701471147    -0.000000000000000
    -0.000000000000000     0.000000000000000     0.002996701471147
17 25
     0.069928232653638     0.035338320594747     0.035007932092412
     0.035338320594747     0.069928232653638    -0.035007932092412
     0.035007932092412    -0.035007932092412    -0.031492912864905
17 26
    -0.011315208018914     0.024354182278330     0.009925772428687
     0.024354182278330    -0.133864037968578    -0.024354182278330
     0.009925772428687    -0.024354182278330    -0.011315208018914
17 27
    -0.133864037968578     0.024354182278330     0.024354182278330
     0.024354182278330    -0.011315208018914    -0.009925772428687
     0.024354182278330    -0.009925772428687    -0.011315208018914
17 28
     0.003274804578268     0.012843773583882     0.012843773583882
     0.012843773583882     0.003274804578268    -0.012843773583882
     0.012843773583882    -0.012843773583882     0.003274804578268
17 29
    -2.341654446252050     1.196902454830706     1.196902454830706
     1.196902454830706    -2.341654446252051    -1.196902454830706
     1.196902454830706    -1.196902454830706    -2.341654446252050
17 30
    -0.031492912864906     0.035007932092412     0.035007932092412
     0.035007932092412     0.069928232653638    -0.035338320594747
     0.035007932092412    -0.035338320594747     0.069928232653638
17 31
     0.069928232653638     0.035007932092412     0.035338320594747
     0.035007932092412    -0.031492912864906    -0.035007932092412
     0.035338320594747    -0.035007932092412     0.069928232653638
17 32
    -0.011315208018914     0.009925772428687     0.024354182278330
     0.009925772428687    -0.011315208018914    -0.024354182278330
     0.024354182278330    -0.024354182278330    -0.133864037968578
17 33
    -0.158355902283347    -0.156713285832666     0.072948118759086
    -0.156713285832666    -0.158355902283347     0.072948118759086
    -0.072948118759086    -0.072948118759086     0.319300378862408
17 34
    -0.158355902283347     0.156713285832666     0.072948118759086
     0.156713285832666    -0.158355902283347    -0.072948118759086
    -0.072948118759086     0.072948118759086     0.319300378862408
17 35
    -0.158355902283347     0.156713285832666    -0.072948118759086
     0.156713285832666    -0.158355902283347     0.072948118759086
     0.072948118759086    -0.072948118759086     0.319300378862408
17 36
    -0.158355902283347    -0.156713285832666    -0.072948118759086
    -0.156713285832666    -0.158355902283347    -0.072948118759086
     0.072948118759086     0.072948118759086     0.319300378862408
17 37
    -0.034163283532962     0.037615269320668     0.012843031709053
     0.037615269320668    -0.034163283532962     0.012843031709053
    -0.012843031709053    -0.012843031709053     0.018478612139461
17 38
    -0.034163283532962    -0.037615269320668     0.012843031709053
    -0.037615269320668    -0.034163283532962    -0.012843031709053
    -0.012843031709053     0.012843031709053     0.018478612139461
17 39
    -0.034163283532962    -0.037615269320668    -0.012843031709053
    -0.037615269320668    -0.034163283532962     0.012843031709053
     0.012843031709053    -0.012843031709053     0.018478612139461
17 40
    -0.034163283532962     0.037615269320668    -0.012843031709053
     0.037615269320668    -0.034163283532962    -0.012843031709053
     0.012843031709053     0.012843031709053     0.018478612139461
17 41
     0.069928232653638     0.035338320594747    -0.035007932092412
     0.035338320594747     0.069928232653638     0.035007932092412
    -0.035007932092412     0.035007932092412    -0.031492912864905
17 42
    -0.011315208018914     0.024354182278330    -0.009925772428687
     0.024354182278330    -0.133864037968578     0.024354182278330
    -0.009925772428687     0.024354182278330    -0.011315208018914
17 43
    -0.133864037968579     0.024354182278330    -0.024354182278330
     0.024354182278330    -0.011315208018914     0.009925772428687
    -0.024354182278330     0.009925772428687    -0.011315208018914
17 44
     0.003274804578268     0.012843773583882    -0.012843773583882
     0.012843773583882     0.003274804578268     0.012843773583882
    -0.012843773583882     0.012843773583882     0.003274804578268
17 45
    -2.341654446252050     1.196902454830706    -1.196902454830706
     1.196902454830706    -2.341654446252051     1.196902454830706
    -1.196902454830706     1.196902454830706    -2.341654446252050
17 46
    -0.031492912864905     0.035007932092412    -0.035007932092412
     0.035007932092412     0.069928232653638     0.035338320594747
    -0.035007932092412     0.035338320594747     0.069928232653638
17 47
     0.069928232653638     0.035007932092412    -0.035338320594747
     0.035007932092412    -0.031492912864906     0.035007932092412
    -0.035338320594747     0.035007932092412     0.069928232653638
17 48
    -0.011315208018914     0.009925772428687    -0.024354182278330
     0.009925772428687    -0.011315208018914     0.024354182278330
    -0.024354182278330     0.024354182278330    -0.133864037968578
17 49
    -0.158355902283347    -0.072948118759086     0.156713285832666
     0.072948118759086     0.319300378862408    -0.072948118759086
     0.156713285832666     0.072948118759086    -0.158355902283347
17 50
    -0.158355902283347    -0.072948118759086    -0.156713285832666
     0.072948118759086     0.319300378862408     0.072948118759086
    -0.156713285832666    -0.072948118759086    -0.158355902283347
17 51
    -0.034163283532962    -0.012843031709053    -0.037615269320668
     0.012843031709053     0.018478612139461    -0.012843031709053
    -0.037615269320668     0.012843031709053    -0.034163283532962
17 52
    -0.034163283532962    -0.012843031709053     0.037615269320668
     0.012843031709053     0.018478612139461     0.012843031709053
     0.037615269320668    -0.012843031709053    -0.034163283532962
17 53
    -0.158355902283347     0.072948118759086    -0.156713285832666
    -0.072948118759086     0.319300378862408    -0.072948118759086
    -0.156713285832666     0.072948118759086    -0.158355902283347
17 54
    -0.158355902283347     0.072948118759086     0.156713285832666
    -0.072948118759086     0.319300378862408     0.072948118759086
     0.156713285832666    -0.072948118759086    -0.158355902283347
17 55
    -0.034163283532962     0.012843031709053     0.037615269320668
    -0.012843031709053     0.018478612139461    -0.012843031709053
     0.037615269320668     0.012843031709053    -0.034163283532962
17 56
    -0.034163283532962     0.012843031709053    -0.037615269320668
    -0.012843031709053     0.018478612139461     0.012843031709053
    -0.037615269320668    -0.012843031709053    -0.034163283532962
17 57
    -2.341654446252051    -1.196902454830706     1.196902454830706
    -1.196902454830707    -2.341654446252051     1.196902454830706
     1.196902454830706     1.196902454830706    -2.341654446252050
17 58
    -0.031492912864905    -0.035007932092412     0.035007932092412
    -0.035007932092412     0.069928232653638     0.035338320594747
     0.035007932092412     0.035338320594747     0.069928232653638
17 59
     0.069928232653638    -0.035007932092412     0.035338320594747
    -0.035007932092412    -0.031492912864905     0.035007932092412
     0.035338320594747     0.035007932092412     0.069928232653638
17 60
    -0.011315208018914    -0.009925772428687     0.024354182278330
    -0.009925772428687    -0.011315208018914     0.024354182278330
     0.024354182278330     0.024354182278330    -0.133864037968578
17 61
     0.069928232653638    -0.035338320594747     0.035007932092412
    -0.035338320594747     0.069928232653638     0.035007932092412
     0.035007932092412     0.035007932092412    -0.031492912864906
17 62
    -0.011315208018914    -0.024354182278330     0.009925772428687
    -0.024354182278330    -0.133864037968578     0.024354182278330
     0.009925772428687     0.024354182278330    -0.011315208018914
17 63
    -0.133864037968578    -0.024354182278330     0.024354182278330
    -0.024354182278330    -0.011315208018914     0.009925772428687
     0.024354182278330     0.009925772428687    -0.011315208018914
17 64
     0.003274804578268    -0.012843773583882     0.012843773583882
    -0.012843773583882     0.003274804578268     0.012843773583882
     0.012843773583882     0.012843773583882     0.003274804578268
18 1
     0.018478612139461     0.012843031709053    -0.012843031709053
    -0.012843031709053    -0.034163283532962    -0.037615269320668
     0.012843031709053    -0.037615269320668    -0.034163283532962
18 2
     0.319300378862408     0.072948118759086    -0.072948118759086
    -0.072948118759086    -0.158355902283347     0.156713285832666
     0.072948118759086     0.156713285832666    -0.158355902283347
18 3
     0.018478612139461     0.012843031709053     0.012843031709053
    -0.012843031709053    -0.034163283532962     0.037615269320668
    -0.012843031709053     0.037615269320668    -0.034163283532962
18 4
     0.319300378862408     0.072948118759086     0.072948118759086
    -0.072948118759086    -0.158355902283347    -0.156713285832666
    -0.072948118759086    -0.156713285832666    -0.158355902283347
18 5
     0.018478612139461    -0.012843031709053    -0.012843031709053
     0.012843031709053    -0.034163283532962     0.037615269320668
     0.012843031709053     0.037615269320668    -0.034163283532962
18 6
     0.319300378862408    -0.072948118759086    -0.072948118759086
     0.072948118759086    -0.158355902283347    -0.156713285832666
     0.072948118759086    -0.156713285832666    -0.158355902283347
18 7
     0.018478612139461    -0.012843031709053     0.012843031709053
     0.012843031709053    -0.034163283532962    -0.037615269320668
    -0.012843031709053    -0.037615269320668    -0.034163283532962
18 8
     0.319300378862408    -0.072948118759086     0.072948118759086
     0.072948118759086    -0.158355902283347     0.156713285832666
    -0.072948118759086     0.156713285832666    -0.158355902283347
18 9
    -0.031492912864905    -0.035007932092412    -0.035007932092412
    -0.035007932092412     0.069928232653638    -0.035338320594747
    -0.035007932092412    -0.035338320594747     0.069928232653638
18 10
    -2.341654446252050    -1.196902454830706    -1.196902454830706
    -1.196902454830706    -2.341654446252050    -1.196902454830706
    -1.196902454830706    -1.196902454830706    -2.341654446252051
18 11
    -0.011315208018914    -0.009925772428687    -0.024354182278330
    -0.009925772428687    -0.011315208018914    -0.024354182278330
    -0.024354182278330    -0.024354182278330    -0.133864037968578
18 12
     0.069928232653638    -0.035007932092412    -0.035338320594747
    -0.035007932092412    -0.031492912864905    -0.035007932092412
    -0.035338320594747    -0.035007932092412     0.069928232653638
18 13
    -0.011315208018914    -0.024354182278330    -0.009925772428687
    -0.024354182278330    -0.133864037968579    -0.024354182278330
    -0.009925772428687    -0.024354182278330    -0.011315208018914
18 14
     0.069928232653638    -0.035338320594747    -0.035007932092412
    -0.035338320594747     0.069928232653638    -0.035007932092412
    -0.035007932092412    -0.035007932092412    -0.031492912864906
18 15
     0.003274804578268    -0.012843773583882    -0.012843773583882
    -0.012843773583882     0.003274804578268    -0.012843773583882
    -0.012843773583882    -0.012843773583882     0.003274804578268
18 16
    -0.133864037968579    -0.024354182278330    -0.024354182278330
    -0.024354182278330    -0.011315208018914    -0.009925772428687
    -0.024354182278330    -0.009925772428687    -0.011315208018914
18 17
    -0.015432216503086     0.000000000000000     0.000000000000000
    -0.000000000000000    -0.057780722897860    -0.000000000000000
    -0.000000000000000    -0.000000000000000    -0.057780722897860
18 18
     9.696337472371393    -0.000000000000000    -0.000000000000000
    -0.000000000000000     9.696337472371393    -0.000000000000000
    -0.000000000000000    -0.000000000000000     9.696337472371400
18 19
    -0.041754298479191     0.000000000000000     0.000000000000000
    -0.000000000000000    -0.041754298479191    -0.000000000000000
    -0.000000000000000     0.000000000000000     0.250247780888913
18 20
    -0.057780722897860    -0.000000000000000     0.000000000000000
    -0.000000000000000    -0.015432216503086    -0.000000000000000
    -0.000000000000000     0.000000000000000    -0.057780722897860
18 21
    -0.041754298479191    -0.000000000000000     0.000000000000000
    -0.000000000000000     0.250247780888912     0.000000000000000
    -0.000000000000000    -0.000000000000000    -0.041754298479191
18 22
    -0.057780722897860     0.000000000000000     0.000000000000000
    -0.000000000000000    -0.057780722897860    -0.000000000000000
     0.000000000000000    -0.000000000000000    -0.015432216503086
18 23
     0.002996701471147     0.000000000000000     0.000000000000000
    -0.000000000000000     0.002996701471147    -0.000000000000000
    -0.000000000000000     0.000000000000000     0.002996701471147
18 24
     0.250247780888912     0.000000000000000     0.000000000000000
    -0.000000000000000    -0.041754298479191    -0.000000000000000
    -0.000000000000000     0.000000000000000    -0.041754298479191
18 25
    -0.011315208018914     0.024354182278330     0.009925772428687
     0.024354182278330    -0.133864037968578    -0.024354182278330
     0.009925772428687    -0.024354182278330    -0.011315208018914
18 26
     0.069928232653638     0.035338320594747     0.035007932092412
     0.035338320594747     0.069928232653638    -0.035007932092412
     0.035007932092412    -0.035007932092412    -0.031492912864906
18 27
     0.003274804578268     0.012843773583882     0.012843773583882
     0.012843773583882     0.003274804578268    -0.012843773583882
     0.012843773583882    -0.012843773583882     0.003274804578268
18 28
    -0.133864037968578     0.024354182278330     0.024354182278330
     0.024354182278330    -0.011315208018914    -0.009925772428687
     0.024354182278330    -0.009925772428687    -0.011315208018914
18 29
    -0.031492912864905     0.035007932092412     0.035007932092412
     0.035007932092412     0.069928232653638    -0.035338320594747
     0.035007932092412    -0.035338320594747     0.069928232653638
18 30
    -2.341654446252051     1.196902454830706     1.196902454830706
     1.196902454830706    -2.341654446252050    -1.196902454830706
     1.196902454830707    -1.196902454830706    -2.341654446252051
18 31
    -0.011315208018914     0.009925772428687     0.024354182278330
     0.009925772428687    -0.011315208018914    -0.024354182278330
     0.024354182278330    -0.024354182278330    -0.133864037968578
18 32
     0.069928232653638     0.035007932092412     0.035338320594747
     0.035007932092412    -0.031492912864906    -0.035007932092412
     0.035338320594747    -0.035007932092412     0.069928232653638
18 33
    -0.158355902283347     0.156713285832666     0.072948118759086
     0.156713285832666    -0.158355902283347    -0.072948118759086
    -0.072948118759086     0.072948118759086     0.319300378862408
18 34
    -0.158355902283347    -0.156713285832666     0.072948118759086
    -0.156713285832666    -0.158355902283347     0.072948118759086
    -0.072948118759086    -0.072948118759086     0.319300378862408
18 35
    -0.158355902283347    -0.156713285832666    -0.072948118759086
    -0.156713285832666    -0.158355902283347    -0.072948118759086
     0.072948118759086     0.072948118759086     0.319300378862408
18 36
    -0.158355902283347     0.156713285832666    -0.072948118759086
     0.156713285832666    -0.158355902283347     0.072948118759086
     0.072948118759086    -0.072948118759086     0.319300378862408
18 37
    -0.034163283532962    -0.037615269320668     0.012843031709053
    -0.037615269320668    -0.034163283532962    -0.012843031709053
    -0.012843031709053     0.012843031709053     0.018478612139461
18 38
    -0.034163283532962     0.037615269320668     0.012843031709053
     0.037615269320668    -0.034163283532962     0.012843031709053
    -0.012843031709053    -0.012843031709053     0.018478612139461
18 39
    -0.034163283532962     0.037615269320668    -0.012843031709053
     0.037615269320668    -0.034163283532962    -0.012843031709053
     0.012843031709053     0.012843031709053     0.018478612139461
18 40
    -0.034163283532962    -0.037615269320668    -0.012843031709053
    -0.037615269320668    -0.034163283532962     0.012843031709053
     0.012843031709053    -0.012843031709053     0.018478612139461
18 41
    -0.011315208018914     0.024354182278330    -0.009925772428687
     0.024354182278330    -0.133864037968578     0.024354182278330
    -0.009925772428687     0.024354182278330    -0.011315208018914
18 42
     0.069928232653638     0.035338320594747    -0.035007932092412
     0.035338320594747     0.069928232653638     0.035007932092412
    -0.035007932092412     0.035007932092412    -0.031492912864906
18 43
     0.003274804578268     0.012843773583882    -0.012843773583882
     0.012843773583882     0.003274804578268     0.012843773583882
    -0.012843773583882     0.012843773583882     0.003274804578268
18 44
    -0.133864037968578     0.024354182278330    -0.024354182278330
     0.024354182278330    -0.011315208018914     0.009925772428687
    -0.024354182278330     0.009925772428687    -0.011315208018914
18 45
    -0.031492912864905     0.035007932092412    -0.035007932092412
     0.035007932092412     0.069928232653638     0.035338320594747
    -0.035007932092412     0.035338320594747     0.069928232653638
18 46
    -2.341654446252050     1.196902454830706    -1.196902454830706
     1.196902454830706    -2.341654446252050     1.196902454830706
    -1.196902454830706     1.196902454830706    -2.341654446252051
18 47
    -0.011315208018914     0.009925772428687    -0.024354182278330
     0.009925772428687    -0.011315208018914     0.024354182278330
    -0.024354182278330     0.024354182278330    -0.133864037968578
18 48
     0.069928232653638     0.035007932092412    -0.035338320594747
     0.035007932092412    -0.031492912864905     0.035007932092412
    -0.035338320594747     0.035007932092412     0.069928232653638
18 49
    -0.158355902283347    -0.072948118759086    -0.156713285832666
     0.072948118759086     0.319300378862408     0.072948118759086
    -0.156713285832666    -0.072948118759086    -0.158355902283347
18 50
    -0.158355902283347    -0.072948118759086     0.156713285832666
     0.072948118759086     0.319300378862408    -0.072948118759086
     0.156713285832666     0.072948118759086    -0.158355902283347
18 51
    -0.034163283532962    -0.012843031709053     0.037615269320668
     0.012843031709053     0.018478612139461     0.012843031709053
     0.037615269320668    -0.012843031709053    -0.034163283532962
18 52
    -0.034163283532962    -0.012843031709053    -0.037615269320668
     0.012843031709053     0.018478612139461    -0.012843031709053
    -0.037615269320668     0.012843031709053    -0.034163283532962
18 53
    -0.158355902283347     0.072948118759086     0.156713285832666
    -0.072948118759086     0.319300378862408     0.072948118759086
     0.156713285832666    -0.072948118759086    -0.158355902283347
18 54
    -0.158355902283347     0.072948118759086    -0.156713285832666
    -0.072948118759086     0.319300378862408    -0.072948118759086
    -0.156713285832666     0.072948118759086    -0.158355902283347
18 55
    -0.034163283532962     0.012843031709053    -0.037615269320668
    -0.012843031709053     0.018478612139461     0.012843031709053
    -0.037615269320668    -0.012843031709053    -0.034163283532962
18 56
    -0.034163283532962     0.012843031709053     0.037615269320668
    -0.012843031709053     0.018478612139461    -0.012843031709053
     0.037615269320668     0.012843031709053    -0.034163283532962
18 57
    -0.031492912864906    -0.035007932092412     0.035007932092412
    -0.035007932092412     0.069928232653638     0.035338320594747
     0.035007932092412     0.035338320594747     0.069928232653638
18 58
    -2.341654446252050    -1.196902454830706     1.196902454830706
    -1.196902454830706    -2.341654446252050     1.196902454830706
     1.196902454830706     1.196902454830706    -2.341654446252051
18 59
    -0.011315208018914    -0.009925772428687     0.024354182278330
    -0.009925772428687    -0.011315208018914     0.024354182278330
     0.024354182278330     0.024354182278330    -0.133864037968579
18 60
     0.069928232653638    -0.035007932092412     0.035338320594747
    -0.035007932092412    -0.031492912864906     0.035007932092412
     0.035338320594747     0.035007932092412     0.069928232653638
18 61
    -0.011315208018914    -0.024354182278330     0.009925772428687
    -0.024354182278330    -0.133864037968578     0.024354182278330
     0.009925772428687     0.024354182278330    -0.011315208018914
18 62
     0.069928232653638    -0.035338320594747     0.035007932092412
    -0.035338320594747     0.069928232653638     0.035007932092412
     0.035007932092412     0.035007932092412    -0.031492912864906
18 63
     0.003274804578268    -0.012843773583882     0.012843773583882
    -0.012843773583882     0.003274804578268     0.012843773583882
     0.012843773583882     0.012843773583882     0.003274804578268
18 64
    -0.133864037968578    -0.024354182278330     0.024354182278330
    -0.024354182278330    -0.011315208018914     0.009925772428687
     0.024354182278330     0.009925772428687    -0.011315208018914
19 1
     0.319300378862408     0.072948118759086     0.072948118759086
    -0.072948118759086    -0.158355902283347    -0.156713285832666
    -0.072948118759086    -0.156713285832666    -0.158355902283347
19 2
     0.018478612139461     0.012843031709053     0.012843031709053
    -0.012843031709053    -0.034163283532962     0.037615269320668
    -0.012843031709053     0.037615269320668    -0.034163283532962
19 3
     0.319300378862408     0.072948118759086    -0.072948118759086
    -0.072948118759086    -0.158355902283347     0.156713285832666
     0.072948118759086     0.156713285832666    -0.158355902283347
19 4
     0.018478612139461     0.012843031709053    -0.012843031709053
    -0.012843031709053    -0.034163283532962    -0.037615269320668
     0.012843031709053    -0.037615269320668    -0.034163283532962
19 5
     0.319300378862408    -0.072948118759086     0.072948118759086
     0.072948118759086    -0.158355902283347     0.156713285832666
    -0.072948118759086     0.156713285832666    -0.158355902283347
19 6
     0.018478612139461    -0.012843031709053     0.012843031709053
     0.012843031709053    -0.034163283532962    -0.037615269320668
    -0.012843031709053    -0.037615269320668    -0.034163283532962
19 7
     0.319300378862408    -0.072948118759086    -0.072948118759086
     0.072948118759086    -0.158355902283347    -0.156713285832666
     0.072948118759086    -0.156713285832666    -0.158355902283347
19 8
     0.018478612139461    -0.012843031709053    -0.012843031709053
     0.012843031709053    -0.034163283532962     0.037615269320668
     0.012843031709053     0.037615269320668    -0.034163283532962
19 9
     0.069928232653638    -0.035007932092412    -0.035338320594747
    -0.035007932092412    -0.031492912864906    -0.035007932092412
    -0.035338320594747    -0.035007932092412     0.069928232653638
19 10
    -0.011315208018914    -0.009925772428687    -0.024354182278330
    -0.009925772428687    -0.011315208018914    -0.024354182278330
    -0.024354182278330    -0.024354182278330    -0.133864037968579
19 11
    -2.341654446252051    -1.196902454830706    -1.196902454830706
    -1.196902454830706    -2.341654446252050    -1.196902454830706
    -1.196902454830707    -1.196902454830706    -2.341654446252051
19 12
    -0.031492912864906    -0.035007932092412    -0.035007932092412
    -0.035007932092412     0.069928232653638    -0.035338320594747
    -0.035007932092412    -0.035338320594747     0.069928232653638
19 13
    -0.133864037968578    -0.024354182278330    -0.024354182278330
    -0.024354182278330    -0.011315208018914    -0.009925772428687
    -0.024354182278330    -0.009925772428687    -0.011315208018914
19 14
     0.003274804578268    -0.012843773583882    -0.012843773583882
    -0.012843773583882     0.003274804578268    -0.012843773583882
    -0.012843773583882    -0.012843773583882     0.003274804578268
19 15
     0.069928232653638    -0.035338320594747    -0.035007932092412
    -0.035338320594747     0.069928232653638    -0.035007932092412
    -0.035007932092412    -0.035007932092412    -0.031492912864906
19 16
    -0.011315208018914    -0.024354182278330    -0.009925772428687
    -0.024354182278330    -0.133864037968578    -0.024354182278330
    -0.009925772428687    -0.024354182278330    -0.011315208018914
19 17
    -0.057780722897860    -0.000000000000000    -0.000000000000000
    -0.000000000000000    -0.015432216503086    -0.000000000000000
     0.000000000000000    -0.000000000000000    -0.057780722897860
19 18
    -0.041754298479191    -0.000000000000000    -0.000000000000000
     0.000000000000000    -0.041754298479191     0.000000000000000
     0.000000000000000    -0.000000000000000     0.250247780888913
19 19
     9.696337472371395    -0.000000000000000    -0.000000000000000
    -0.000000000000000     9.696337472371393    -0.000000000000000
    -0.000000000000000    -0.000000000000000     9.696337472371397
19 20
    -0.015432216503086    -0.000000000000000     0.000000000000000
    -0.000000000000000    -0.057780722897860    -0.000000000000000
     0.000000000000000    -0.000000000000000    -0.057780722897860
19 21
     0.250247780888912    -0.000000000000000    -0.000000000000000
     0.000000000000000    -0.041754298479191     0.000000000000000
    -0.000000000000000    -0.000000000000000    -0.041754298479191
19 22
     0.002996701471147    -0.000000000000000    -0.000000000000000
     0.000000000000000     0.002996701471147    -0.000000000000000
     0.000000000000000    -0.000000000000000     0.002996701471147
19 23
    -0.057780722897860    -0.000000000000000     0.000000000000000
    -0.000000000000000    -0.057780722897860    -0.000000000000000
     0.000000000000000    -0.000000000000000    -0.015432216503086
19 24
    -0.041754298479191    -0.000000000000000     0.000000000000000
    -0.000000000000000     0.250247780888912    -0.000000000000000
    -0.000000000000000    -0.000000000000000    -0.041754298479191
19 25
    -0.133864037968578     0.024354182278330     0.024354182278330
     0.024354182278330    -0.011315208018914    -0.009925772428687
     0.024354182278330    -0.009925772428687    -0.011315208018914
19 26
     0.003274804578268     0.012843773583882     0.012843773583882
     0.012843773583882     0.003274804578268    -0.012843773583882
     0.012843773583882    -0.012843773583882     0.003274804578268
19 27
     0.069928232653638     0.035338320594747     0.035007932092412
     0.035338320594747     0.069928232653638    -0.035007932092412
     0.035007932092412    -0.035007932092412    -0.031492912864906
19 28
    -0.011315208018914     0.024354182278330     0.009925772428687
     0.024354182278330    -0.133864037968578    -0.024354182278330
     0.009925772428687    -0.024354182278330    -0.011315208018914
19 29
     0.069928232653638     0.035007932092412     0.035338320594747
     0.035007932092412    -0.031492912864906    -0.035007932092412
     0.035338320594747    -0.035007932092412     0.069928232653638
19 30
    -0.011315208018914     0.009925772428687     0.024354182278330
     0.009925772428687    -0.011315208018914    -0.024354182278330
     0.024354182278330    -0.024354182278330    -0.133864037968578
19 31
    -2.341654446252051     1.196902454830706     1.196902454830706
     1.196902454830706    -2.341654446252050    -1.196902454830706
     1.196902454830707    -1.196902454830706    -2.341654446252051
19 32
    -0.031492912864905     0.035007932092412     0.035007932092412
     0.035007932092412     0.069928232653638    -0.035338320594747
     0.035007932092412    -0.035338320594747     0.069928232653638
19 33
    -0.158355902283347     0.156713285832666    -0.072948118759086
     0.156713285832666    -0.158355902283347     0.072948118759086
     0.072948118759086    -0.072948118759086     0.319300378862408
19 34
    -0.158355902283347    -0.156713285832666    -0.072948118759086
    -0.156713285832666    -0.158355902283347    -0.072948118759086
     0.072948118759086     0.072948118759086     0.319300378862408
19 35
    -0.158355902283347    -0.156713285832666     0.072948118759086
    -0.156713285832666    -0.158355902283347     0.072948118759086
    -0.072948118759086    -0.072948118759086     0.319300378862408
19 36
    -0.158355902283347     0.156713285832666     0.072948118759086
     0.156713285832666    -0.158355902283347    -0.072948118759086
    -0.072948118759086     0.072948118759086     0.319300378862408
19 37
    -0.034163283532962    -0.037615269320668    -0.012843031709053
    -0.037615269320668    -0.034163283532962     0.012843031709053
     0.012843031709053    -0.012843031709053     0.018478612139461
19 38
    -0.034163283532962     0.037615269320668    -0.012843031709053
     0.037615269320668    -0.034163283532962    -0.012843031709053
     0.012843031709053     0.012843031709053     0.018478612139461
19 39
    -0.034163283532962     0.037615269320668     0.012843031709053
     0.037615269320668    -0.034163283532962     0.012843031709053
    -0.012843031709053    -0.012843031709053     0.018478612139461
19 40
    -0.034163283532962    -0.037615269320668     0.012843031709053
    -0.037615269320668    -0.034163283532962    -0.012843031709053
    -0.012843031709053     0.012843031709053     0.018478612139461
19 41
    -0.133864037968579     0.024354182278330    -0.024354182278330
     0.024354182278330    -0.011315208018914     0.009925772428687
    -0.024354182278330     0.009925772428687    -0.011315208018914
19 42
     0.003274804578268     0.012843773583882    -0.012843773583882
     0.012843773583882     0.003274804578268     0.012843773583882
    -0.012843773583882     0.012843773583882     0.003274804578268
19 43
     0.069928232653638     0.035338320594747    -0.035007932092412
     0.035338320594747     0.069928232653638     0.035007932092412
    -0.035007932092412     0.035007932092412    -0.031492912864906
19 44
    -0.011315208018914     0.024354182278330    -0.009925772428687
     0.024354182278330    -0.133864037968578     0.024354182278330
    -0.009925772428687     0.024354182278330    -0.011315208018914
19 45
     0.069928232653638     0.035007932092412    -0.035338320594747
     0.035007932092412    -0.031492912864906     0.035007932092412
    -0.035338320594747     0.035007932092412     0.069928232653638
19 46
    -0.011315208018914     0.009925772428687    -0.024354182278330
     0.009925772428687    -0.011315208018914     0.024354182278330
    -0.024354182278330     0.024354182278330    -0.133864037968579
19 47
    -2.341654446252050     1.196902454830706    -1.196902454830706
     1.196902454830706    -2.341654446252051     1.196902454830706
    -1.196902454830706     1.196902454830707    -2.341654446252051
19 48
    -0.031492912864906     0.035007932092412    -0.035007932092412
     0.035007932092412     0.069928232653638     0.035338320594747
    -0.035007932092412     0.035338320594747     0.069928232653638
19 49
    -0.034163283532962    -0.012843031709053    -0.037615269320668
     0.012843031709053     0.018478612139461    -0.012843031709053
    -0.037615269320668     0.012843031709053    -0.034163283532962
19 50
    -0.034163283532962    -0.012843031709053     0.037615269320668
     0.012843031709053     0.018478612139461     0.012843031709053
     0.037615269320668    -0.012843031709053    -0.034163283532962
19 51
    -0.158355902283347    -0.072948118759086     0.156713285832666
     0.072948118759086     0.319300378862408    -0.072948118759086
     0.156713285832666     0.072948118759086    -0.158355902283347
19 52
    -0.158355902283347    -0.072948118759086    -0.156713285832666
     0.072948118759086     0.319300378862408     0.072948118759086
    -0.156713285832666    -0.072948118759086    -0.158355902283347
19 53
    -0.034163283532962     0.012843031709053     0.037615269320668
    -0.012843031709053     0.018478612139461    -0.012843031709053
     0.037615269320668     0.012843031709053    -0.034163283532962
19 54
    -0.034163283532962     0.012843031709053    -0.037615269320668
    -0.012843031709053     0.018478612139461     0.012843031709053
    -0.037615269320668    -0.012843031709053    -0.034163283532962
19 55
    -0.158355902283347     0.072948118759086    -0.156713285832666
    -0.072948118759086     0.319300378862408    -0.072948118759086
    -0.156713285832666     0.072948118759086    -0.158355902283347
19 56
    -0.158355902283347     0.072948118759086     0.156713285832666
    -0.072948118759086     0.319300378862408     0.072948118759086
     0.156713285832666    -0.072948118759086    -0.158355902283347
19 57
     0.069928232653638    -0.035007932092412     0.035338320594747
    -0.035007932092412    -0.031492912864905     0.035007932092412
     0.035338320594747     0.035007932092412     0.069928232653638
19 58
    -0.011315208018914    -0.009925772428687     0.024354182278330
    -0.009925772428687    -0.011315208018914     0.024354182278330
     0.024354182278330     0.024354182278330    -0.133864037968579
19 59
    -2.341654446252050    -1.196902454830706     1.196902454830706
    -1.196902454830706    -2.341654446252050     1.196902454830706
     1.196902454830706     1.196902454830706    -2.341654446252051
19 60
    -0.031492912864905    -0.035007932092412     0.035007932092412
    -0.035007932092412     0.069928232653638     0.035338320594747
     0.035007932092412     0.035338320594747     0.069928232653638
19 61
    -0.133864037968578    -0.024354182278330     0.024354182278330
    -0.024354182278330    -0.011315208018914     0.009925772428687
     0.024354182278330     0.009925772428687    -0.011315208018914
19 62
     0.003274804578268    -0.012843773583882     0.012843773583882
    -0.012843773583882     0.003274804578268     0.012843773583882
     0.012843773583882     0.012843773583882     0.003274804578268
19 63
     0.069928232653638    -0.035338320594747     0.035007932092412
    -0.035338320594747     0.069928232653638     0.035007932092412
     0.035007932092412     0.035007932092412    -0.031492912864906
19 64
    -0.011315208018914    -0.024354182278330     0.009925772428687
    -0.024354182278330    -0.133864037968578     0.024354182278330
     0.009925772428687     0.024354182278330    -0.011315208018914
20 1
     0.018478612139461     0.012843031709053     0.012843031709053
    -0.012843031709053    -0.034163283532962     0.037615269320668
    -0.012843031709053     0.037615269320668    -0.034163283532962
20 2
     0.319300378862408     0.072948118759086     0.072948118759086
    -0.072948118759086    -0.158355902283347    -0.156713285832666
    -0.072948118759086    -0.156713285832666    -0.158355902283347
20 3
     0.018478612139461     0.012843031709053    -0.012843031709053
    -0.012843031709053    -0.034163283532962    -0.037615269320668
     0.012843031709053    -0.037615269320668    -0.034163283532962
20 4
     0.319300378862408     0.072948118759086    -0.072948118759086
    -0.072948118759086    -0.158355902283347     0.156713285832666
     0.072948118759086     0.156713285832666    -0.158355902283347
20 5
     0.018478612139461    -0.012843031709053     0.012843031709053
     0.012843031709053    -0.034163283532962    -0.037615269320668
    -0.012843031709053    -0.037615269320668    -0.034163283532962
20 6
     0.319300378862408    -0.072948118759086     0.072948118759086
     0.072948118759086    -0.158355902283347     0.156713285832666
    -0.072948118759086     0.156713285832666    -0.158355902283347
20 7
     0.018478612139461    -0.012843031709053    -0.012843031709053
     0.012843031709053    -0.034163283532962     0.037615269320668
     0.012843031709053     0.037615269320668    -0.034163283532962
20 8
     0.319300378862408    -0.072948118759086    -0.072948118759086
     0.072948118759086    -0.158355902283347    -0.156713285832666
     0.072948118759086    -0.156713285832666    -0.158355902283347
20 9
    -0.011315208018914    -0.009925772428687    -0.024354182278330
    -0.009925772428687    -0.011315208018914    -0.024354182278330
    -0.024354182278330    -0.024354182278330    -0.133864037968578
20 10
     0.069928232653638    -0.035007932092412    -0.035338320594747
    -0.035007932092412    -0.031492912864906    -0.035007932092412
    -0.035338320594747    -0.035007932092412     0.069928232653638
20 11
    -0.031492912864906    -0.035007932092412    -0.035007932092412
    -0.035007932092412     0.069928232653638    -0.035338320594747
    -0.035007932092412    -0.035338320594747     0.069928232653638
20 12
    -2.341654446252051    -1.196902454830706    -1.196902454830706
    -1.196902454830707    -2.341654446252051    -1.196902454830706
    -1.196902454830706    -1.196902454830706    -2.341654446252050
20 13
     0.003274804578268    -0.012843773583882    -0.012843773583882
    -0.012843773583882     0.003274804578268    -0.012843773583882
    -0.012843773583882    -0.012843773583882     0.003274804578268
20 14
    -0.133864037968578    -0.024354182278330    -0.024354182278330
    -0.024354182278330    -0.011315208018914    -0.009925772428687
    -0.024354182278330    -0.009925772428687    -0.011315208018914
20 15
    -0.011315208018914    -0.024354182278330    -0.009925772428687
    -0.024354182278330    -0.133864037968578    -0.024354182278330
    -0.009925772428687    -0.024354182278330    -0.011315208018914
20 16
     0.069928232653638    -0.035338320594747    -0.035007932092412
    -0.035338320594747     0.069928232653638    -0.035007932092412
    -0.035007932092412    -0.035007932092412    -0.031492912864905
20 17
    -0.041754298479191     0.000000000000000    -0.000000000000000
    -0.000000000000000    -0.041754298479191     0.000000000000000
     0.000000000000000    -0.000000000000000     0.250247780888912
20 18
    -0.057780722897860    -0.000000000000000    -0.000000000000000
    -0.000000000000000    -0.015432216503086     0.000000000000000
     0.000000000000000    -0.000000000000000    -0.057780722897860
20 19
    -0.015432216503086    -0.000000000000000     0.000000000000000
    -0.000000000000000    -0.057780722897860    -0.000000000000000
     0.000000000000000    -0.000000000000000    -0.057780722897860
20 20
     9.696337472371393    -0.000000000000000     0.000000000000000
    -0.000000000000000     9.696337472371400    -0.000000000000000
     0.000000000000000    -0.000000000000000     9.696337472371393
20 21
     0.002996701471147    -0.000000000000000     0.000000000000000
     0.000000000000000     0.002996701471147     0.000000000000000
     0.000000000000000    -0.000000000000000     0.002996701471147
20 22
     0.250247780888913    -0.000000000000000    -0.000000000000000
     0.000000000000000    -0.041754298479191     0.000000000000000
     0.000000000000000    -0.000000000000000    -0.041754298479191
20 23
    -0.041754298479191    -0.000000000000000     0.000000000000000
    -0.000000000000000     0.250247780888913    -0.000000000000000
     0.000000000000000    -0.000000000000000    -0.041754298479191
20 24
    -0.057780722897860    -0.000000000000000     0.000000000000000
    -0.000000000000000    -0.057780722897860     0.000000000000000
    -0.000000000000000     0.000000000000000    -0.015432216503086
20 25
     0.003274804578268     0.012843773583882     0.012843773583882
     0.012843773583882     0.003274804578268    -0.012843773583882
     0.012843773583882    -0.012843773583882     0.003274804578268
20 26
    -0.133864037968578     0.024354182278330     0.024354182278330
     0.024354182278330    -0.011315208018914    -0.009925772428687
     0.024354182278330    -0.009925772428687    -0.011315208018914
20 27
    -0.011315208018914     0.024354182278330     0.009925772428687
     0.024354182278330    -0.133864037968579    -0.024354182278330
     0.009925772428687    -0.024354182278330    -0.011315208018914
20 28
     0.069928232653638     0.035338320594747     0.035007932092412
     0.035338320594747     0.069928232653638    -0.035007932092412
     0.035007932092412    -0.035007932092412    -0.031492912864906
20 29
    -0.011315208018914     0.009925772428687     0.024354182278330
     0.009925772428687    -0.011315208018914    -0.024354182278330
     0.024354182278330    -0.024354182278330    -0.133864037968578
20 30
     0.069928232653638     0.035007932092412     0.035338320594747
     0.035007932092412    -0.031492912864906    -0.035007932092412
     0.035338320594747    -0.035007932092412     0.069928232653638
20 31
    -0.031492912864906     0.035007932092412     0.035007932092412
     0.035007932092412     0.069928232653638    -0.035338320594747
     0.035007932092412    -0.035338320594747     0.069928232653638
20 32
    -2.341654446252050     1.196902454830706     1.196902454830706
     1.196902454830706    -2.341654446252051    -1.196902454830706
     1.196902454830706    -1.196902454830706    -2.341654446252050
20 33
    -0.158355902283347    -0.156713285832666    -0.072948118759086
    -0.156713285832666    -0.158355902283347    -0.072948118759086
     0.072948118759086     0.072948118759086     0.319300378862408
20 34
    -0.158355902283347     0.156713285832666    -0.072948118759086
     0.156713285832666    -0.158355902283347     0.072948118759086
     0.072948118759086    -0.072948118759086     0.319300378862408
20 35
    -0.158355902283347     0.156713285832666     0.072948118759086
     0.156713285832666    -0.158355902283347    -0.072948118759086
    -0.072948118759086     0.072948118759086     0.319300378862408
20 36
    -0.158355902283347    -0.156713285832666     0.072948118759086
    -0.156713285832666    -0.158355902283347     0.072948118759086
    -0.072948118759086    -0.072948118759086     0.319300378862408
20 37
    -0.034163283532962     0.037615269320668    -0.012843031709053
     0.037615269320668    -0.034163283532962    -0.012843031709053
     0.012843031709053     0.012843031709053     0.018478612139461
20 38
    -0.034163283532962    -0.037615269320668    -0.012843031709053
    -0.037615269320668    -0.034163283532962     0.012843031709053
     0.012843031709053    -0.012843031709053     0.018478612139461
20 39
    -0.034163283532962    -0.037615269320668     0.012843031709053
    -0.037615269320668    -0.034163283532962    -0.012843031709053
    -0.012843031709053     0.012843031709053     0.018478612139461
20 40
    -0.034163283532962     0.037615269320668     0.012843031709053
     0.037615269320668    -0.034163283532962     0.012843031709053
    -0.012843031709053    -0.012843031709053     0.018478612139461
20 41
     0.003274804578268     0.012843773583882    -0.012843773583882
     0.012843773583882     0.003274804578268     0.012843773583882
    -0.012843773583882     0.012843773583882     0.003274804578268
20 42
    -0.133864037968578     0.024354182278330    -0.024354182278330
     0.024354182278330    -0.011315208018914     0.009925772428687
    -0.024354182278330     0.009925772428687    -0.011315208018914
20 43
    -0.011315208018914     0.024354182278330    -0.009925772428687
     0.024354182278330    -0.133864037968578     0.024354182278330
    -0.009925772428687     0.024354182278330    -0.011315208018914
20 44
     0.069928232653638     0.035338320594747    -0.035007932092412
     0.035338320594747     0.069928232653638     0.035007932092412
    -0.035007932092412     0.035007932092412    -0.031492912864905
20 45
    -0.011315208018914     0.009925772428687    -0.024354182278330
     0.009925772428687    -0.011315208018914     0.024354182278330
    -0.024354182278330     0.024354182278330    -0.133864037968578
20 46
     0.069928232653638     0.035007932092412    -0.035338320594747
     0.035007932092412    -0.031492912864906     0.035007932092412
    -0.035338320594747     0.035007932092412     0.069928232653638
20 47
    -0.031492912864905     0.035007932092412    -0.035007932092412
     0.035007932092412     0.069928232653638     0.035338320594747
    -0.035007932092412     0.035338320594747     0.069928232653638
20 48
    -2.341654446252051     1.196902454830706    -1.196902454830706
     1.196902454830707    -2.341654446252051     1.196902454830706
    -1.196902454830706     1.196902454830706    -2.341654446252050
20 49
    -0.034163283532962    -0.012843031709053     0.037615269320668
     0.012843031709053     0.018478612139461     0.012843031709053
     0.037615269320668    -0.012843031709053    -0.034163283532962
20 50
    -0.034163283532962    -0.012843031709053    -0.037615269320668
     0.012843031709053     0.018478612139461    -0.012843031709053
    -0.037615269320668     0.012843031709053    -0.034163283532962
20 51
    -0.158355902283347    -0.072948118759086    -0.156713285832666
     0.072948118759086     0.319300378862408     0.072948118759086
    -0.156713285832666    -0.072948118759086    -0.158355902283347
20 52
    -0.158355902283347    -0.072948118759086     0.156713285832666
     0.072948118759086     0.319300378862408    -0.072948118759086
     0.156713285832666     0.072948118759086    -0.158355902283347
20 53
    -0.034163283532962     0.012843031709053    -0.037615269320668
    -0.012843031709053     0.018478612139461     0.012843031709053
    -0.037615269320668    -0.012843031709053    -0.034163283532962
20 54
    -0.034163283532962     0.012843031709053     0.037615269320668
    -0.012843031709053     0.018478612139461    -0.012843031709053
     0.037615269320668     0.012843031709053    -0.034163283532962
20 55
    -0.158355902283347     0.072948118759086     0.156713285832666
    -0.072948118759086     0.319300378862408     0.072948118759086
     0.156713285832666    -0.072948118759086    -0.158355902283347
20 56
    -0.158355902283347     0.072948118759086    -0.156713285832666
    -0.072948118759086     0.319300378862408    -0.072948118759086
    -0.156713285832666     0.072948118759086    -0.158355902283347
20 57
    -0.011315208018914    -0.009925772428687     0.024354182278330
    -0.009925772428687    -0.011315208018914     0.024354182278330
     0.024354182278330     0.024354182278330    -0.133864037968578
20 58
     0.069928232653638    -0.035007932092412     0.035338320594747
    -0.035007932092412    -0.031492912864906     0.035007932092412
     0.035338320594747     0.035007932092412     0.069928232653638
20 59
    -0.031492912864905    -0.035007932092412     0.035007932092412
    -0.035007932092412     0.069928232653638     0.035338320594747
     0.035007932092412     0.035338320594747     0.069928232653638
20 60
    -2.341654446252050    -1.196902454830706     1.196902454830706
    -1.196902454830706    -2.341654446252051     1.196902454830706
     1.196902454830706     1.196902454830706    -2.341654446252050
20 61
     0.003274804578268    -0.012843773583882     0.012843773583882
    -0.012843773583882     0.003274804578268     0.012843773583882
     0.012843773583882     0.012843773583882     0.003274804578268
20 62
    -0.133864037968578    -0.024354182278330     0.024354182278330
    -0.024354182278330    -0.011315208018914     0.009925772428687
     0.024354182278330     0.009925772428687    -0.011315208018914
20 63
    -0.011315208018914    -0.024354182278330     0.009925772428687
    -0.024354182278330    -0.133864037968579     0.024354182278330
     0.009925772428687     0.024354182278330    -0.011315208018914
20 64
     0.069928232653638    -0.035338320594747     0.035007932092412
    -0.035338320594747     0.069928232653638     0.035007932092412
     0.035007932092412     0.035007932092412    -0.031492912864906
21 1
     0.319300378862408    -0.072948118759086    -0.072948118759086
     0.072948118759086    -0.158355902283347    -0.156713285832666
     0.072948118759086    -0.156713285832666    -0.158355902283347
21 2
     0.018478612139461    -0.012843031709053    -0.012843031709053
     0.012843031709053    -0.034163283532962     0.037615269320668
     0.012843031709053     0.037615269320668    -0.034163283532962
21 3
     0.319300378862408    -0.072948118759086     0.072948118759086
     0.072948118759086    -0.158355902283347     0.156713285832666
    -0.072948118759086     0.156713285832666    -0.158355902283347
21 4
     0.018478612139461    -0.012843031709053     0.012843031709053
     0.012843031709053    -0.034163283532962    -0.037615269320668
    -0.012843031709053    -0.037615269320668    -0.034163283532962
21 5
     0.319300378862408     0.072948118759086    -0.072948118759086
    -0.072948118759086    -0.158355902283347     0.156713285832666
     0.072948118759086     0.156713285832666    -0.158355902283347
21 6
     0.018478612139461     0.012843031709053    -0.012843031709053
    -0.012843031709053    -0.034163283532962    -0.037615269320668
     0.012843031709053    -0.037615269320668    -0.034163283532962
21 7
     0.319300378862408     0.072948118759086     0.072948118759086
    -0.072948118759086    -0.158355902283347    -0.156713285832666
    -0.072948118759086    -0.156713285832666    -0.158355902283347
21 8
     0.018478612139461     0.012843031709053     0.012843031709053
    -0.012843031709053    -0.034163283532962     0.037615269320668
    -0.012843031709053     0.037615269320668    -0.034163283532962
21 9
     0.069928232653638    -0.035338320594747    -0.035007932092412
    -0.035338320594747     0.069928232653638    -0.035007932092412
    -0.035007932092412    -0.035007932092412    -0.031492912864906
21 10
    -0.011315208018914    -0.024354182278330    -0.009925772428687
    -0.024354182278330    -0.133864037968578    -0.024354182278330
    -0.009925772428687    -0.024354182278330    -0.011315208018914
21 11
    -0.133864037968578    -0.024354182278330    -0.024354182278330
    -0.024354182278330    -0.011315208018914    -0.009925772428687
    -0.024354182278330    -0.009925772428687    -0.011315208018914
21 12
     0.003274804578268    -0.012843773583882    -0.012843773583882
    -0.012843773583882     0.003274804578268    -0.012843773583882
    -0.012843773583882    -0.012843773583882     0.003274804578268
21 13
    -2.341654446252050    -1.196902454830706    -1.196902454830706
    -1.196902454830706    -2.341654446252051    -1.196902454830706
    -1.196902454830706    -1.196902454830707    -2.341654446252051
21 14
    -0.031492912864906    -0.035007932092412    -0.035007932092412
    -0.035007932092412     0.069928232653638    -0.035338320594747
    -0.035007932092412    -0.035338320594747     0.069928232653638
21 15
     0.069928232653638    -0.035007932092412    -0.035338320594747
    -0.035007932092412    -0.031492912864905    -0.035007932092412
    -0.035338320594747    -0.035007932092412     0.069928232653638
21 16
    -0.011315208018914    -0.009925772428687    -0.024354182278330
    -0.009925772428687    -0.011315208018914    -0.024354182278330
    -0.024354182278330    -0.024354182278330    -0.133864037968578
21 17
    -0.057780722897860     0.000000000000000    -0.000000000000000
    -0.000000000000000    -0.057780722897860     0.000000000000000
     0.000000000000000     0.000000000000000    -0.015432216503086
21 18
    -0.041754298479191    -0.000000000000000    -0.000000000000000
    -0.000000000000000     0.250247780888912    -0.000000000000000
     0.000000000000000     0.000000000000000    -0.041754298479191
21 19
     0.250247780888912     0.000000000000000    -0.000000000000000
    -0.000000000000000    -0.041754298479191    -0.000000000000000
    -0.000000000000000     0.000000000000000    -0.041754298479191
21 20
     0.002996701471147     0.000000000000000     0.000000000000000
    -0.000000000000000     0.002996701471147    -0.000000000000000
     0.000000000000000     0.000000000000000     0.002996701471147
21 21
     9.696337472371393    -0.000000000000000    -0.000000000000000
    -0.000000000000000     9.696337472371393     0.000000000000000
    -0.000000000000000     0.000000000000000     9.696337472371397
21 22
    -0.015432216503086     0.000000000000000    -0.000000000000000
    -0.000000000000000    -0.057780722897860    -0.000000000000000
     0.000000000000000     0.000000000000000    -0.057780722897860
21 23
    -0.057780722897860     0.000000000000000     0.000000000000000
    -0.000000000000000    -0.015432216503086    -0.000000000000000
    -0.000000000000000     0.000000000000000    -0.057780722897860
21 24
    -0.041754298479191     0.000000000000000     0.000000000000000
    -0.000000000000000    -0.041754298479191    -0.000000000000000
    -0.000000000000000     0.000000000000000     0.250247780888913
21 25
    -2.341654446252051     1.196902454830706     1.196902454830706
     1.196902454830706    -2.341654446252050    -1.196902454830706
     1.196902454830707    -1.196902454830706    -2.341654446252051
21 26
    -0.031492912864906     0.035007932092412     0.035007932092412
     0.035007932092412     0.069928232653638    -0.035338320594747
     0.035007932092412    -0.035338320594747     0.069928232653638
21 27
     0.069928232653638     0.035007932092412     0.035338320594747
     0.035007932092412    -0.031492912864906    -0.035007932092412
     0.035338320594747    -0.035007932092412     0.069928232653638
21 28
    -0.011315208018914     0.009925772428687     0.024354182278330
     0.009925772428687    -0.011315208018914    -0.024354182278330
     0.024354182278330    -0.024354182278330    -0.133864037968579
21 29
     0.069928232653638     0.035338320594747     0.035007932092412
     0.035338320594747     0.069928232653638    -0.035007932092412
     0.035007932092412    -0.035007932092412    -0.031492912864906
21 30
    -0.011315208018914     0.024354182278330     0.009925772428687
     0.024354182278330    -0.133864037968578    -0.024354182278330
     0.009925772428687    -0.024354182278330    -0.011315208018914
21 31
    -0.133864037968578     0.024354182278330     0.024354182278330
     0.024354182278330    -0.011315208018914    -0.009925772428687
     0.024354182278330    -0.009925772428687    -0.011315208018914
21 32
     0.003274804578268     0.012843773583882     0.012843773583882
     0.012843773583882     0.003274804578268    -0.012843773583882
     0.012843773583882    -0.012843773583882     0.003274804578268
21 33
    -0.034163283532962     0.037615269320668     0.012843031709053
     0.037615269320668    -0.034163283532962     0.012843031709053
    -0.012843031709053    -0.012843031709053     0.018478612139461
21 34
    -0.034163283532962    -0.037615269320668     0.012843031709053
    -0.037615269320668    -0.034163283532962    -0.012843031709053
    -0.012843031709053     0.012843031709053     0.018478612139461
21 35
    -0.034163283532962    -0.037615269320668    -0.012843031709053
    -0.037615269320668    -0.034163283532962     0.012843031709053
     0.012843031709053    -0.012843031709053     0.018478612139461
21 36
    -0.034163283532962     0.037615269320668    -0.012843031709053
     0.037615269320668    -0.034163283532962    -0.012843031709053
     0.012843031709053     0.012843031709053     0.018478612139461
21 37
    -0.158355902283347    -0.156713285832666     0.072948118759086
    -0.156713285832666    -0.158355902283347     0.072948118759086
    -0.072948118759086    -0.072948118759086     0.319300378862408
21 38
    -0.158355902283347     0.156713285832666     0.072948118759086
     0.156713285832666    -0.158355902283347    -0.072948118759086
    -0.072948118759086     0.072948118759086     0.319300378862408
21 39
    -0.158355902283347     0.156713285832666    -0.072948118759086
     0.156713285832666    -0.158355902283347     0.072948118759086
     0.072948118759086    -0.072948118759086     0.319300378862408
21 40
    -0.158355902283347    -0.156713285832666    -0.072948118759086
    -0.156713285832666    -0.158355902283347    -0.072948118759086
     0.072948118759086     0.072948118759086     0.319300378862408
21 41
    -2.341654446252051     1.196902454830706    -1.196902454830706
     1.196902454830706    -2.341654446252050     1.196902454830706
    -1.196902454830707     1.196902454830706    -2.341654446252051
21 42
    -0.031492912864905     0.035007932092412    -0.035007932092412
     0.035007932092412     0.069928232653638     0.035338320594747
    -0.035007932092412     0.035338320594747     0.069928232653638
21 43
     0.069928232653638     0.035007932092412    -0.035338320594747
     0.035007932092412    -0.031492912864905     0.035007932092412
    -0.035338320594747     0.035007932092412     0.069928232653638
21 44
    -0.011315208018914     0.009925772428687    -0.024354182278330
     0.009925772428687    -0.011315208018914     0.024354182278330
    -0.024354182278330     0.024354182278330    -0.133864037968578
21 45
     0.069928232653638     0.035338320594747    -0.035007932092412
     0.035338320594747     0.069928232653638     0.035007932092412
    -0.035007932092412     0.035007932092412    -0.031492912864906
21 46
    -0.011315208018914     0.024354182278330    -0.009925772428687
     0.024354182278330    -0.133864037968578     0.024354182278330
    -0.009925772428687     0.024354182278330    -0.011315208018914
21 47
    -0.133864037968578     0.024354182278330    -0.024354182278330
     0.024354182278330    -0.011315208018914     0.009925772428687
    -0.024354182278330     0.009925772428687    -0.011315208018914
21 48
     0.003274804578268     0.012843773583882    -0.012843773583882
     0.012843773583882     0.003274804578268     0.012843773583882
    -0.012843773583882     0.012843773583882     0.003274804578268
21 49
    -0.158355902283347     0.072948118759086    -0.156713285832666
    -0.072948118759086     0.319300378862408    -0.072948118759086
    -0.156713285832666     0.072948118759086    -0.158355902283347
21 50
    -0.158355902283347     0.072948118759086     0.156713285832666
    -0.072948118759086     0.319300378862408     0.072948118759086
     0.156713285832666    -0.072948118759086    -0.158355902283347
21 51
    -0.034163283532962     0.012843031709053     0.037615269320668
    -0.012843031709053     0.018478612139461    -0.012843031709053
     0.037615269320668     0.012843031709053    -0.034163283532962
21 52
    -0.034163283532962     0.012843031709053    -0.037615269320668
    -0.012843031709053     0.018478612139461     0.012843031709053
    -0.037615269320668    -0.012843031709053    -0.034163283532962
21 53
    -0.158355902283347    -0.072948118759086     0.156713285832666
     0.072948118759086     0.319300378862408    -0.072948118759086
     0.156713285832666     0.072948118759086    -0.158355902283347
21 54
    -0.158355902283347    -0.072948118759086    -0.156713285832666
     0.072948118759086     0.319300378862408     0.072948118759086
    -0.156713285832666    -0.072948118759086    -0.158355902283347
21 55
    -0.034163283532962    -0.012843031709053    -0.037615269320668
     0.012843031709053     0.018478612139461    -0.012843031709053
    -0.037615269320668     0.012843031709053    -0.034163283532962
21 56
    -0.034163283532962    -0.012843031709053     0.037615269320668
     0.012843031709053     0.018478612139461     0.012843031709053
     0.037615269320668    -0.012843031709053    -0.034163283532962
21 57
     0.069928232653638    -0.035338320594747     0.035007932092412
    -0.035338320594747     0.069928232653638     0.035007932092412
     0.035007932092412     0.035007932092412    -0.031492912864906
21 58
    -0.011315208018914    -0.024354182278330     0.009925772428687
    -0.024354182278330    -0.133864037968578     0.024354182278330
     0.009925772428687     0.024354182278330    -0.011315208018914
21 59
    -0.133864037968578    -0.024354182278330     0.024354182278330
    -0.024354182278330    -0.011315208018914     0.009925772428687
     0.024354182278330     0.009925772428687    -0.011315208018914
21 60
     0.003274804578268    -0.012843773583882     0.012843773583882
    -0.012843773583882     0.003274804578268     0.012843773583882
     0.012843773583882     0.012843773583882     0.003274804578268
21 61
    -2.341654446252050    -1.196902454830706     1.196902454830706
    -1.196902454830706    -2.341654446252050     1.196902454830706
     1.196902454830706     1.196902454830706    -2.341654446252051
21 62
    -0.031492912864906    -0.035007932092412     0.035007932092412
    -0.035007932092412     0.069928232653638     0.035338320594747
     0.035007932092412     0.035338320594747     0.069928232653638
21 63
     0.069928232653638    -0.035007932092412     0.035338320594747
    -0.035007932092412    -0.031492912864906     0.035007932092412
     0.035338320594747     0.035007932092412     0.069928232653638
21 64
    -0.011315208018914    -0.009925772428687     0.024354182278330
    -0.009925772428687    -0.011315208018914     0.024354182278330
     0.024354182278330     0.024354182278330    -0.133864037968579
22 1
     0.018478612139461    -0.012843031709053    -0.012843031709053
     0.012843031709053    -0.034163283532962     0.037615269320668
     0.012843031709053     0.037615269320668    -0.034163283532962
22 2
     0.319300378862408    -0.072948118759086    -0.072948118759086
     0.072948118759086    -0.158355902283347    -0.156713285832666
     0.072948118759086    -0.156713285832666    -0.158355902283347
22 3
     0.018478612139461    -0.012843031709053     0.012843031709053
     0.012843031709053    -0.034163283532962    -0.037615269320668
    -0.012843031709053    -0.037615269320668    -0.034163283532962
22 4
     0.319300378862408    -0.072948118759086     0.072948118759086
     0.072948118759086    -0.158355902283347     0.156713285832666
    -0.072948118759086     0.156713285832666    -0.158355902283347
22 5
     0.018478612139461     0.012843031709053    -0.012843031709053
    -0.012843031709053    -0.034163283532962    -0.037615269320668
     0.012843031709053    -0.037615269320668    -0.034163283532962
22 6
     0.319300378862408     0.072948118759086    -0.072948118759086
    -0.072948118759086    -0.158355902283347     0.156713285832666
     0.072948118759086     0.156713285832666    -0.158355902283347
22 7
     0.018478612139461     0.012843031709053     0.012843031709053
    -0.012843031709053    -0.034163283532962     0.037615269320668
    -0.012843031709053     0.037615269320668    -0.034163283532962
22 8
     0.319300378862408     0.072948118759086     0.072948118759086
    -0.072948118759086    -0.158355902283347    -0.156713285832666
    -0.072948118759086    -0.156713285832666    -0.158355902283347
22 9
    -0.011315208018914    -0.024354182278330    -0.009925772428687
    -0.024354182278330    -0.133864037968579    -0.024354182278330
    -0.009925772428687    -0.024354182278330    -0.011315208018914
22 10
     0.069928232653638    -0.035338320594747    -0.035007932092412
    -0.035338320594747     0.069928232653638    -0.035007932092412
    -0.035007932092412    -0.035007932092412    -0.031492912864906
22 11
     0.003274804578268    -0.012843773583882    -0.012843773583882
    -0.012843773583882     0.003274804578268    -0.012843773583882
    -0.012843773583882    -0.012843773583882     0.003274804578268
22 12
    -0.133864037968579    -0.024354182278330    -0.024354182278330
    -0.024354182278330    -0.011315208018914    -0.009925772428687
    -0.024354182278330    -0.009925772428687    -0.011315208018914
22 13
    -0.031492912864906    -0.035007932092412    -0.035007932092412
    -0.035007932092412     0.069928232653638    -0.035338320594747
    -0.035007932092412    -0.035338320594747     0.069928232653638
22 14
    -2.341654446252051    -1.196902454830706    -1.196902454830706
    -1.196902454830706    -2.341654446252050    -1.196902454830706
    -1.196902454830706    -1.196902454830706    -2.341654446252050
22 15
    -0.011315208018914    -0.009925772428687    -0.024354182278330
    -0.009925772428687    -0.011315208018914    -0.024354182278330
    -0.024354182278330    -0.024354182278330    -0.133864037968578
22 16
     0.069928232653638    -0.035007932092412    -0.035338320594747
    -0.035007932092412    -0.031492912864905    -0.035007932092412
    -0.035338320594747    -0.035007932092412     0.069928232653638
22 17
    -0.041754298479191     0.000000000000000     0.000000000000000
     0.000000000000000     0.250247780888913     0.000000000000000
    -0.000000000000000    -0.000000000000000    -0.041754298479191
22 18
    -0.057780722897860    -0.000000000000000     0.000000000000000
     0.000000000000000    -0.057780722897860    -0.000000000000000
     0.000000000000000    -0.000000000000000    -0.015432216503086
22 19
     0.002996701471147     0.000000000000000     0.000000000000000
    -0.000000000000000     0.002996701471147    -0.000000000000000
    -0.000000000000000    -0.000000000000000     0.002996701471147
22 20
     0.250247780888913     0.000000000000000     0.000000000000000
    -0.000000000000000    -0.041754298479191    -0.000000000000000
    -0.000000000000000     0.000000000000000    -0.041754298479191
22 21
    -0.015432216503086    -0.000000000000000     0.000000000000000
     0.000000000000000    -0.057780722897860     0.000000000000000
    -0.000000000000000    -0.000000000000000    -0.057780722897860
22 22
     9.696337472371400     0.000000000000000     0.000000000000000
     0.000000000000000     9.696337472371393    -0.000000000000000
     0.000000000000000    -0.000000000000000     9.696337472371393
22 23
    -0.041754298479191     0.000000000000000     0.000000000000000
     0.000000000000000    -0.041754298479191    -0.000000000000000
    -0.000000000000000     0.000000000000000     0.250247780888912
22 24
    -0.057780722897860     0.000000000000000     0.000000000000000
     0.000000000000000    -0.015432216503086    -0.000000000000000
    -0.000000000000000     0.000000000000000    -0.057780722897860
22 25
    -0.031492912864906     0.035007932092412     0.035007932092412
     0.035007932092412     0.069928232653638    -0.035338320594747
     0.035007932092412    -0.035338320594747     0.069928232653638
22 26
    -2.341654446252051     1.196902454830706     1.196902454830706
     1.196902454830706    -2.341654446252050    -1.196902454830706
     1.196902454830706    -1.196902454830706    -2.341654446252050
22 27
    -0.011315208018914     0.009925772428687     0.024354182278330
     0.009925772428687    -0.011315208018914    -0.024354182278330
     0.024354182278330    -0.024354182278330    -0.133864037968578
22 28
     0.069928232653638     0.035007932092412     0.035338320594747
     0.035007932092412    -0.031492912864905    -0.035007932092412
     0.035338320594747    -0.035007932092412     0.069928232653638
22 29
    -0.011315208018914     0.024354182278330     0.009925772428687
     0.024354182278330    -0.133864037968579    -0.024354182278330
     0.009925772428687    -0.024354182278330    -0.011315208018914
22 30
     0.069928232653638     0.035338320594747     0.035007932092412
     0.035338320594747     0.069928232653638    -0.035007932092412
     0.035007932092412    -0.035007932092412    -0.031492912864905
22 31
     0.003274804578268     0.012843773583882     0.012843773583882
     0.012843773583882     0.003274804578268    -0.012843773583882
     0.012843773583882    -0.012843773583882     0.003274804578268
22 32
    -0.133864037968578     0.024354182278330     0.024354182278330
     0.024354182278330    -0.011315208018914    -0.009925772428687
     0.024354182278330    -0.009925772428687    -0.011315208018914
22 33
    -0.034163283532962    -0.037615269320668     0.012843031709053
    -0.037615269320668    -0.034163283532962    -0.012843031709053
    -0.012843031709053     0.012843031709053     0.018478612139461
22 34
    -0.034163283532962     0.037615269320668     0.012843031709053
     0.037615269320668    -0.034163283532962     0.012843031709053
    -0.012843031709053    -0.012843031709053     0.018478612139461
22 35
    -0.034163283532962     0.037615269320668    -0.012843031709053
     0.037615269320668    -0.034163283532962    -0.012843031709053
     0.012843031709053     0.012843031709053     0.018478612139461
22 36
    -0.034163283532962    -0.037615269320668    -0.012843031709053
    -0.037615269320668    -0.034163283532962     0.012843031709053
     0.012843031709053    -0.012843031709053     0.018478612139461
22 37
    -0.158355902283347     0.156713285832666     0.072948118759086
     0.156713285832666    -0.158355902283347    -0.072948118759086
    -0.072948118759086     0.072948118759086     0.319300378862408
22 38
    -0.158355902283347    -0.156713285832666     0.072948118759086
    -0.156713285832666    -0.158355902283347     0.072948118759086
    -0.072948118759086    -0.072948118759086     0.319300378862408
22 39
    -0.158355902283347    -0.156713285832666    -0.072948118759086
    -0.156713285832666    -0.158355902283347    -0.072948118759086
     0.072948118759086     0.072948118759086     0.319300378862408
22 40
    -0.158355902283347     0.156713285832666    -0.072948118759086
     0.156713285832666    -0.158355902283347     0.072948118759086
     0.072948118759086    -0.072948118759086     0.319300378862408
22 41
    -0.031492912864906     0.035007932092412    -0.035007932092412
     0.035007932092412     0.069928232653638     0.035338320594747
    -0.035007932092412     0.035338320594747     0.069928232653638
22 42
    -2.341654446252051     1.196902454830706    -1.196902454830707
     1.196902454830706    -2.341654446252050     1.196902454830706
    -1.196902454830706     1.196902454830706    -2.341654446252051
22 43
    -0.011315208018914     0.009925772428687    -0.024354182278330
     0.009925772428687    -0.011315208018914     0.024354182278330
    -0.024354182278330     0.024354182278330    -0.133864037968578
22 44
     0.069928232653638     0.035007932092412    -0.035338320594747
     0.035007932092412    -0.031492912864906     0.035007932092412
    -0.035338320594747     0.035007932092412     0.069928232653638
22 45
    -0.011315208018914     0.024354182278330    -0.009925772428687
     0.024354182278330    -0.133864037968579     0.024354182278330
    -0.009925772428687     0.024354182278330    -0.011315208018914
22 46
     0.069928232653638     0.035338320594747    -0.035007932092412
     0.035338320594747     0.069928232653638     0.035007932092412
    -0.035007932092412     0.035007932092412    -0.031492912864906
22 47
     0.003274804578268     0.012843773583882    -0.012843773583882
     0.012843773583882     0.003274804578268     0.012843773583882
    -0.012843773583882     0.012843773583882     0.003274804578268
22 48
    -0.133864037968579     0.024354182278330    -0.024354182278330
     0.024354182278330    -0.011315208018914     0.009925772428687
    -0.024354182278330     0.009925772428687    -0.011315208018914
22 49
    -0.158355902283347     0.072948118759086     0.156713285832666
    -0.072948118759086     0.319300378862408     0.072948118759086
     0.156713285832666    -0.072948118759086    -0.158355902283347
22 50
    -0.158355902283347     0.072948118759086    -0.156713285832666
    -0.072948118759086     0.319300378862408    -0.072948118759086
    -0.156713285832666     0.072948118759086    -0.158355902283347
22 51
    -0.034163283532962     0.012843031709053    -0.037615269320668
    -0.012843031709053     0.018478612139461     0.012843031709053
    -0.037615269320668    -0.012843031709053    -0.034163283532962
22 52
    -0.034163283532962     0.012843031709053     0.037615269320668
    -0.012843031709053     0.018478612139461    -0.012843031709053
     0.037615269320668     0.012843031709053    -0.034163283532962
22 53
    -0.158355902283347    -0.072948118759086    -0.156713285832666
     0.072948118759086     0.319300378862408     0.072948118759086
    -0.156713285832666    -0.072948118759086    -0.158355902283347
22 54
    -0.158355902283347    -0.072948118759086     0.156713285832666
     0.072948118759086     0.319300378862408    -0.072948118759086
     0.156713285832666     0.072948118759086    -0.158355902283347
22 55
    -0.034163283532962    -0.012843031709053     0.037615269320668
     0.012843031709053     0.018478612139461     0.012843031709053
     0.037615269320668    -0.012843031709053    -0.034163283532962
22 56
    -0.034163283532962    -0.012843031709053    -0.037615269320668
     0.012843031709053     0.018478612139461    -0.012843031709053
    -0.037615269320668     0.012843031709053    -0.034163283532962
22 57
    -0.011315208018914    -0.024354182278330     0.009925772428687
    -0.024354182278330    -0.133864037968578     0.024354182278330
     0.009925772428687     0.024354182278330    -0.011315208018914
22 58
     0.069928232653638    -0.035338320594747     0.035007932092412
    -0.035338320594747     0.069928232653638     0.035007932092412
     0.035007932092412     0.035007932092412    -0.031492912864906
22 59
     0.003274804578268    -0.012843773583882     0.012843773583882
    -0.012843773583882     0.003274804578268     0.012843773583882
     0.012843773583882     0.012843773583882     0.003274804578268
22 60
    -0.133864037968578    -0.024354182278330     0.024354182278330
    -0.024354182278330    -0.011315208018914     0.009925772428687
     0.024354182278330     0.009925772428687    -0.011315208018914
22 61
    -0.031492912864906    -0.035007932092412     0.035007932092412
    -0.035007932092412     0.069928232653638     0.035338320594747
     0.035007932092412     0.035338320594747     0.069928232653638
22 62
    -2.341654446252051    -1.196902454830706     1.196902454830706
    -1.196902454830706    -2.341654446252050     1.196902454830706
     1.196902454830706     1.196902454830706    -2.341654446252050
22 63
    -0.011315208018914    -0.009925772428687     0.024354182278330
    -0.009925772428687    -0.011315208018914     0.024354182278330
     0.024354182278330     0.024354182278330    -0.133864037968578
22 64
     0.069928232653638    -0.035007932092412     0.035338320594747
    -0.035007932092412    -0.031492912864906     0.035007932092412
     0.035338320594747     0.035007932092412     0.069928232653638
23 1
     0.319300378862408    -0.072948118759086     0.072948118759086
     0.072948118759086    -0.158355902283347     0.156713285832666
    -0.072948118759086     0.156713285832666    -0.158355902283347
23 2
     0.018478612139461    -0.012843031709053     0.012843031709053
     0.012843031709053    -0.034163283532962    -0.037615269320668
    -0.012843031709053    -0.037615269320668    -0.034163283532962
23 3
     0.319300378862408    -0.072948118759086    -0.072948118759086
     0.072948118759086    -0.158355902283347    -0.156713285832666
     0.072948118759086    -0.156713285832666    -0.158355902283347
23 4
     0.018478612139461    -0.012843031709053    -0.012843031709053
     0.012843031709053    -0.034163283532962     0.037615269320668
     0.012843031709053     0.037615269320668    -0.034163283532962
23 5
     0.319300378862408     0.072948118759086     0.072948118759086
    -0.072948118759086    -0.158355902283347    -0.156713285832666
    -0.072948118759086    -0.156713285832666    -0.158355902283347
23 6
     0.018478612139461     0.012843031709053     0.012843031709053
    -0.012843031709053    -0.034163283532962     0.037615269320668
    -0.012843031709053     0.037615269320668    -0.034163283532962
23 7
     0.319300378862408     0.072948118759086    -0.072948118759086
    -0.072948118759086    -0.158355902283347     0.156713285832666
     0.072948118759086     0.156713285832666    -0.158355902283347
23 8
     0.018478612139461     0.012843031709053    -0.012843031709053
    -0.012843031709053    -0.034163283532962    -0.037615269320668
     0.012843031709053    -0.037615269320668    -0.034163283532962
23 9
    -0.133864037968578    -0.024354182278330    -0.024354182278330
    -0.024354182278330    -0.011315208018914    -0.009925772428687
    -0.024354182278330    -0.009925772428687    -0.011315208018914
23 10
     0.003274804578268    -0.012843773583882    -0.012843773583882
    -0.012843773583882     0.003274804578268    -0.012843773583882
    -0.012843773583882    -0.012843773583882     0.003274804578268
23 11
     0.069928232653638    -0.035338320594747    -0.035007932092412
    -0.035338320594747     0.069928232653638    -0.035007932092412
    -0.035007932092412    -0.035007932092412    -0.031492912864905
23 12
    -0.011315208018914    -0.024354182278330    -0.009925772428687
    -0.024354182278330    -0.133864037968578    -0.024354182278330
    -0.009925772428687    -0.024354182278330    -0.011315208018914
23 13
     0.069928232653638    -0.035007932092412    -0.035338320594747
    -0.035007932092412    -0.031492912864906    -0.035007932092412
    -0.035338320594747    -0.035007932092412     0.069928232653638
23 14
    -0.011315208018914    -0.009925772428687    -0.024354182278330
    -0.009925772428687    -0.011315208018914    -0.024354182278330
    -0.024354182278330    -0.024354182278330    -0.133864037968578
23 15
    -2.341654446252051    -1.196902454830706    -1.196902454830706
    -1.196902454830707    -2.341654446252051    -1.196902454830706
    -1.196902454830706    -1.196902454830706    -2.341654446252050
23 16
    -0.031492912864906    -0.035007932092412    -0.035007932092412
    -0.035007932092412     0.069928232653638    -0.035338320594747
    -0.035007932092412    -0.035338320594747     0.069928232653638
23 17
     0.250247780888912     0.000000000000000    -0.000000000000000
    -0.000000000000000    -0.041754298479191     0.000000000000000
     0.000000000000000    -0.000000000000000    -0.041754298479191
23 18
     0.002996701471147    -0.000000000000000    -0.000000000000000
     0.000000000000000     0.002996701471147     0.000000000000000
     0.000000000000000    -0.000000000000000     0.002996701471147
23 19
    -0.057780722897860    -0.000000000000000     0.000000000000000
    -0.000000000000000    -0.057780722897860    -0.000000000000000
     0.000000000000000    -0.000000000000000    -0.015432216503086
23 20
    -0.041754298479191    -0.000000000000000     0.000000000000000
    -0.000000000000000     0.250247780888913    -0.000000000000000
     0.000000000000000    -0.000000000000000    -0.041754298479191
23 21
    -0.057780722897860    -0.000000000000000    -0.000000000000000
     0.000000000000000    -0.015432216503086     0.000000000000000
     0.000000000000000    -0.000000000000000    -0.057780722897860
23 22
    -0.041754298479191     0.000000000000000    -0.000000000000000
     0.000000000000000    -0.041754298479191     0.000000000000000
     0.000000000000000    -0.000000000000000     0.250247780888912
23 23
     9.696337472371395    -0.000000000000000     0.000000000000000
    -0.000000000000000     9.696337472371400    -0.000000000000000
     0.000000000000000    -0.000000000000000     9.696337472371393
23 24
    -0.015432216503086    -0.000000000000000     0.000000000000000
     0.000000000000000    -0.057780722897860     0.000000000000000
    -0.000000000000000     0.000000000000000    -0.057780722897860
23 25
     0.069928232653638     0.035007932092412     0.035338320594747
     0.035007932092412    -0.031492912864906    -0.035007932092412
     0.035338320594747    -0.035007932092412     0.069928232653638
23 26
    -0.011315208018914     0.009925772428687     0.024354182278330
     0.009925772428687    -0.011315208018914    -0.024354182278330
     0.024354182278330    -0.024354182278330    -0.133864037968578
23 27
    -2.341654446252050     1.196902454830706     1.196902454830706
     1.196902454830706    -2.341654446252051    -1.196902454830706
     1.196902454830706    -1.196902454830706    -2.341654446252050
23 28
    -0.031492912864905     0.035007932092412     0.035007932092412
     0.035007932092412     0.069928232653638    -0.035338320594747
     0.035007932092412    -0.035338320594747     0.069928232653638
23 29
    -0.133864037968578     0.024354182278330     0.024354182278330
     0.024354182278330    -0.011315208018914    -0.009925772428687
     0.024354182278330    -0.009925772428687    -0.011315208018914
23 30
     0.003274804578268     0.012843773583882     0.012843773583882
     0.012843773583882     0.003274804578268    -0.012843773583882
     0.012843773583882    -0.012843773583882     0.003274804578268
23 31
     0.069928232653638     0.035338320594747     0.035007932092412
     0.035338320594747     0.069928232653638    -0.035007932092412
     0.035007932092412    -0.035007932092412    -0.031492912864905
23 32
    -0.011315208018914     0.024354182278330     0.009925772428687
     0.024354182278330    -0.133864037968579    -0.024354182278330
     0.009925772428687    -0.024354182278330    -0.011315208018914
23 33
    -0.034163283532962    -0.037615269320668    -0.012843031709053
    -0.037615269320668    -0.034163283532962     0.012843031709053
     0.012843031709053    -0.012843031709053     0.018478612139461
23 34
    -0.034163283532962     0.037615269320668    -0.012843031709053
     0.037615269320668    -0.034163283532962    -0.012843031709053
     0.012843031709053     0.012843031709053     0.018478612139461
23 35
    -0.034163283532962     0.037615269320668     0.012843031709053
     0.037615269320668    -0.034163283532962     0.012843031709053
    -0.012843031709053    -0.012843031709053     0.018478612139461
23 36
    -0.034163283532962    -0.037615269320668     0.012843031709053
    -0.037615269320668    -0.034163283532962    -0.012843031709053
    -0.012843031709053     0.012843031709053     0.018478612139461
23 37
    -0.158355902283347     0.156713285832666    -0.072948118759086
     0.156713285832666    -0.158355902283347     0.072948118759086
     0.072948118759086    -0.072948118759086     0.319300378862408
23 38
    -0.158355902283347    -0.156713285832666    -0.072948118759086
    -0.156713285832666    -0.158355902283347    -0.072948118759086
     0.072948118759086     0.072948118759086     0.319300378862408
23 39
    -0.158355902283347    -0.156713285832666     0.072948118759086
    -0.156713285832666    -0.158355902283347     0.072948118759086
    -0.072948118759086    -0.072948118759086     0.319300378862408
23 40
    -0.158355902283347     0.156713285832666     0.072948118759086
     0.156713285832666    -0.158355902283347    -0.072948118759086
    -0.072948118759086     0.072948118759086     0.319300378862408
23 41
     0.069928232653638     0.035007932092412    -0.035338320594747
     0.035007932092412    -0.031492912864906     0.035007932092412
    -0.035338320594747     0.035007932092412     0.069928232653638
23 42
    -0.011315208018914     0.009925772428687    -0.024354182278330
     0.009925772428687    -0.011315208018914     0.024354182278330
    -0.024354182278330     0.024354182278330    -0.133864037968579
23 43
    -2.341654446252051     1.196902454830706    -1.196902454830706
     1.196902454830707    -2.341654446252051     1.196902454830706
    -1.196902454830706     1.196902454830706    -2.341654446252050
23 44
    -0.031492912864906     0.035007932092412    -0.035007932092412
     0.035007932092412     0.069928232653638     0.035338320594747
    -0.035007932092412     0.035338320594747     0.069928232653638
23 45
    -0.133864037968578     0.024354182278330    -0.024354182278330
     0.024354182278330    -0.011315208018914     0.009925772428687
    -0.024354182278330     0.009925772428687    -0.011315208018914
23 46
     0.003274804578268     0.012843773583882    -0.012843773583882
     0.012843773583882     0.003274804578268     0.012843773583882
    -0.012843773583882     0.012843773583882     0.003274804578268
23 47
     0.069928232653638     0.035338320594747    -0.035007932092412
     0.035338320594747     0.069928232653638     0.035007932092412
    -0.035007932092412     0.035007932092412    -0.031492912864905
23 48
    -0.011315208018914     0.024354182278330    -0.009925772428687
     0.024354182278330    -0.133864037968578     0.024354182278330
    -0.009925772428687     0.024354182278330    -0.011315208018914
23 49
    -0.034163283532962     0.012843031709053     0.037615269320668
    -0.012843031709053     0.018478612139461    -0.012843031709053
     0.037615269320668     0.012843031709053    -0.034163283532962
23 50
    -0.034163283532962     0.012843031709053    -0.037615269320668
    -0.012843031709053     0.018478612139461     0.012843031709053
    -0.037615269320668    -0.012843031709053    -0.034163283532962
23 51
    -0.158355902283347     0.072948118759086    -0.156713285832666
    -0.072948118759086     0.319300378862408    -0.072948118759086
    -0.156713285832666     0.072948118759086    -0.158355902283347
23 52
    -0.158355902283347     0.072948118759086     0.156713285832666
    -0.072948118759086     0.319300378862408     0.072948118759086
     0.156713285832666    -0.072948118759086    -0.158355902283347
23 53
    -0.034163283532962    -0.012843031709053    -0.037615269320668
     0.012843031709053     0.018478612139461    -0.012843031709053
    -0.037615269320668     0.012843031709053    -0.034163283532962
23 54
    -0.034163283532962    -0.012843031709053     0.037615269320668
     0.012843031709053     0.018478612139461     0.012843031709053
     0.037615269320668    -0.012843031709053    -0.034163283532962
23 55
    -0.158355902283347    -0.072948118759086     0.156713285832666
     0.072948118759086     0.319300378862408    -0.072948118759086
     0.156713285832666     0.072948118759086    -0.158355902283347
23 56
    -0.158355902283347    -0.072948118759086    -0.156713285832666
     0.072948118759086     0.319300378862408     0.072948118759086
    -0.156713285832666    -0.072948118759086    -0.158355902283347
23 57
    -0.133864037968579    -0.024354182278330     0.024354182278330
    -0.024354182278330    -0.011315208018914     0.009925772428687
     0.024354182278330     0.009925772428687    -0.011315208018914
23 58
     0.003274804578268    -0.012843773583882     0.012843773583882
    -0.012843773583882     0.003274804578268     0.012843773583882
     0.012843773583882     0.012843773583882     0.003274804578268
23 59
     0.069928232653638    -0.035338320594747     0.035007932092412
    -0.035338320594747     0.069928232653638     0.035007932092412
     0.035007932092412     0.035007932092412    -0.031492912864906
23 60
    -0.011315208018914    -0.024354182278330     0.009925772428687
    -0.024354182278330    -0.133864037968579     0.024354182278330
     0.009925772428687     0.024354182278330    -0.011315208018914
23 61
     0.069928232653638    -0.035007932092412     0.035338320594747
    -0.035007932092412    -0.031492912864906     0.035007932092412
     0.035338320594747     0.035007932092412     0.069928232653638
23 62
    -0.011315208018914    -0.009925772428687     0.024354182278330
    -0.009925772428687    -0.011315208018914     0.024354182278330
     0.024354182278330     0.024354182278330    -0.133864037968578
23 63
    -2.341654446252050    -1.196902454830706     1.196902454830706
    -1.196902454830706    -2.341654446252051     1.196902454830706
     1.196902454830706     1.196902454830706    -2.341654446252050
23 64
    -0.031492912864905    -0.035007932092412     0.035007932092412
    -0.035007932092412     0.069928232653638     0.035338320594747
     0.035007932092412     0.035338320594747     0.069928232653638
24 1
     0.018478612139461    -0.012843031709053     0.012843031709053
     0.012843031709053    -0.034163283532962    -0.037615269320668
    -0.012843031709053    -0.037615269320668    -0.034163283532962
24 2
     0.319300378862408    -0.072948118759086     0.072948118759086
     0.072948118759086    -0.158355902283347     0.156713285832666
    -0.072948118759086     0.156713285832666    -0.158355902283347
24 3
     0.018478612139461    -0.012843031709053    -0.012843031709053
     0.012843031709053    -0.034163283532962     0.037615269320668
     0.012843031709053     0.037615269320668    -0.034163283532962
24 4
     0.319300378862408    -0.072948118759086    -0.072948118759086
     0.072948118759086    -0.158355902283347    -0.156713285832666
     0.072948118759086    -0.156713285832666    -0.158355902283347
24 5
     0.018478612139461     0.012843031709053     0.012843031709053
    -0.012843031709053    -0.034163283532962     0.037615269320668
    -0.012843031709053     0.037615269320668    -0.034163283532962
24 6
     0.319300378862408     0.072948118759086     0.072948118759086
    -0.072948118759086    -0.158355902283347    -0.156713285832666
    -0.072948118759086    -0.156713285832666    -0.158355902283347
24 7
     0.018478612139461     0.012843031709053    -0.012843031709053
    -0.012843031709053    -0.034163283532962    -0.037615269320668
     0.012843031709053    -0.037615269320668    -0.034163283532962
24 8
     0.319300378862408     0.072948118759086    -0.072948118759086
    -0.072948118759086    -0.158355902283347     0.156713285832666
     0.072948118759086     0.156713285832666    -0.158355902283347
24 9
     0.003274804578268    -0.012843773583882    -0.012843773583882
    -0.012843773583882     0.003274804578268    -0.012843773583882
    -0.012843773583882    -0.012843773583882     0.003274804578268
24 10
    -0.133864037968578    -0.024354182278330    -0.024354182278330
    -0.024354182278330    -0.011315208018914    -0.009925772428687
    -0.024354182278330    -0.009925772428687    -0.011315208018914
24 11
    -0.011315208018914    -0.024354182278330    -0.009925772428687
    -0.024354182278330    -0.133864037968578    -0.024354182278330
    -0.009925772428687    -0.024354182278330    -0.011315208018914
24 12
     0.069928232653638    -0.035338320594747    -0.035007932092412
    -0.035338320594747     0.069928232653638    -0.035007932092412
    -0.035007932092412    -0.035007932092412    -0.031492912864906
24 13
    -0.011315208018914    -0.009925772428687    -0.024354182278330
    -0.009925772428687    -0.011315208018914    -0.024354182278330
    -0.024354182278330    -0.024354182278330    -0.133864037968578
24 14
     0.069928232653638    -0.035007932092412    -0.035338320594747
    -0.035007932092412    -0.031492912864905    -0.035007932092412
    -0.035338320594747    -0.035007932092412     0.069928232653638
24 15
    -0.031492912864906    -0.035007932092412    -0.035007932092412
    -0.035007932092412     0.069928232653638    -0.035338320594747
    -0.035007932092412    -0.035338320594747     0.069928232653638
24 16
    -2.341654446252051    -1.196902454830706    -1.196902454830706
    -1.196902454830706    -2.341654446252050    -1.196902454830706
    -1.196902454830707    -1.196902454830706    -2.341654446252051
24 17
     0.002996701471147     0.000000000000000    -0.000000000000000
    -0.000000000000000     0.002996701471147     0.000000000000000
     0.000000000000000    -0.000000000000000     0.002996701471147
24 18
     0.250247780888912    -0.000000000000000    -0.000000000000000
     0.000000000000000    -0.041754298479191     0.000000000000000
     0.000000000000000    -0.000000000000000    -0.041754298479191
24 19
    -0.041754298479191    -0.000000000000000    -0.000000000000000
    -0.000000000000000     0.250247780888912    -0.000000000000000
     0.000000000000000    -0.000000000000000    -0.041754298479191
24 20
    -0.057780722897860    -0.000000000000000    -0.000000000000000
    -0.000000000000000    -0.057780722897860     0.000000000000000
     0.000000000000000     0.000000000000000    -0.015432216503086
24 21
    -0.041754298479191    -0.000000000000000    -0.000000000000000
     0.000000000000000    -0.041754298479191     0.000000000000000
     0.000000000000000    -0.000000000000000     0.250247780888913
24 22
    -0.057780722897860     0.000000000000000    -0.000000000000000
     0.000000000000000    -0.015432216503086     0.000000000000000
     0.000000000000000    -0.000000000000000    -0.057780722897860
24 23
    -0.015432216503086     0.000000000000000    -0.000000000000000
    -0.000000000000000    -0.057780722897860     0.000000000000000
     0.000000000000000     0.000000000000000    -0.057780722897860
24 24
     9.696337472371393    -0.000000000000000    -0.000000000000000
    -0.000000000000000     9.696337472371393    -0.000000000000000
    -0.000000000000000    -0.000000000000000     9.696337472371399
24 25
    -0.011315208018914     0.009925772428687     0.024354182278330
     0.009925772428687    -0.011315208018914    -0.024354182278330
     0.024354182278330    -0.024354182278330    -0.133864037968578
24 26
     0.069928232653638     0.035007932092412     0.035338320594747
     0.035007932092412    -0.031492912864905    -0.035007932092412
     0.035338320594747    -0.035007932092412     0.069928232653638
24 27
    -0.031492912864905     0.035007932092412     0.035007932092412
     0.035007932092412     0.069928232653638    -0.035338320594747
     0.035007932092412    -0.035338320594747     0.069928232653638
24 28
    -2.341654446252050     1.196902454830706     1.196902454830706
     1.196902454830706    -2.341654446252050    -1.196902454830706
     1.196902454830706    -1.196902454830706    -2.341654446252051
24 29
     0.003274804578268     0.012843773583882     0.012843773583882
     0.012843773583882     0.003274804578268    -0.012843773583882
     0.012843773583882    -0.012843773583882     0.003274804578268
24 30
    -0.133864037968579     0.024354182278330     0.024354182278330
     0.024354182278330    -0.011315208018914    -0.009925772428687
     0.024354182278330    -0.009925772428687    -0.011315208018914
24 31
    -0.011315208018914     0.024354182278330     0.009925772428687
     0.024354182278330    -0.133864037968578    -0.024354182278330
     0.009925772428687    -0.024354182278330    -0.011315208018914
24 32
     0.069928232653638     0.035338320594747     0.035007932092412
     0.035338320594747     0.069928232653638    -0.035007932092412
     0.035007932092412    -0.035007932092412    -0.031492912864906
24 33
    -0.034163283532962     0.037615269320668    -0.012843031709053
     0.037615269320668    -0.034163283532962    -0.012843031709053
     0.012843031709053     0.012843031709053     0.018478612139461
24 34
    -0.034163283532962    -0.037615269320668    -0.012843031709053
    -0.037615269320668    -0.034163283532962     0.012843031709053
     0.012843031709053    -0.012843031709053     0.018478612139461
24 35
    -0.034163283532962    -0.037615269320668     0.012843031709053
    -0.037615269320668    -0.034163283532962    -0.012843031709053
    -0.012843031709053     0.012843031709053     0.018478612139461
24 36
    -0.034163283532962     0.037615269320668     0.012843031709053
     0.037615269320668    -0.034163283532962     0.012843031709053
    -0.012843031709053    -0.012843031709053     0.018478612139461
24 37
    -0.158355902283347    -0.156713285832666    -0.072948118759086
    -0.156713285832666    -0.158355902283347    -0.072948118759086
     0.072948118759086     0.072948118759086     0.319300378862408
24 38
    -0.158355902283347     0.156713285832666    -0.072948118759086
     0.156713285832666    -0.158355902283347     0.072948118759086
     0.072948118759086    -0.072948118759086     0.319300378862408
24 39
    -0.158355902283347     0.156713285832666     0.072948118759086
     0.156713285832666    -0.158355902283347    -0.072948118759086
    -0.072948118759086     0.072948118759086     0.319300378862408
24 40
    -0.158355902283347    -0.156713285832666     0.072948118759086
    -0.156713285832666    -0.158355902283347     0.072948118759086
    -0.072948118759086    -0.072948118759086     0.319300378862408
24 41
    -0.011315208018914     0.009925772428687    -0.024354182278330
     0.009925772428687    -0.011315208018914     0.024354182278330
    -0.024354182278330     0.024354182278330    -0.133864037968578
24 42
     0.069928232653638     0.035007932092412    -0.035338320594747
     0.035007932092412    -0.031492912864906     0.035007932092412
    -0.035338320594747     0.035007932092412     0.069928232653638
24 43
    -0.031492912864906     0.035007932092412    -0.035007932092412
     0.035007932092412     0.069928232653638     0.035338320594747
    -0.035007932092412     0.035338320594747     0.069928232653638
24 44
    -2.341654446252051     1.196902454830706    -1.196902454830706
     1.196902454830706    -2.341654446252050     1.196902454830706
    -1.196902454830707     1.196902454830706    -2.341654446252051
24 45
     0.003274804578268     0.012843773583882    -0.012843773583882
     0.012843773583882     0.003274804578268     0.012843773583882
    -0.012843773583882     0.012843773583882     0.003274804578268
24 46
    -0.133864037968578     0.024354182278330    -0.024354182278330
     0.024354182278330    -0.011315208018914     0.009925772428687
    -0.024354182278330     0.009925772428687    -0.011315208018914
24 47
    -0.011315208018914     0.024354182278330    -0.009925772428687
     0.024354182278330    -0.133864037968579     0.024354182278330
    -0.009925772428687     0.024354182278330    -0.011315208018914
24 48
     0.069928232653638     0.035338320594747    -0.035007932092412
     0.035338320594747     0.069928232653638     0.035007932092412
    -0.035007932092412     0.035007932092412    -0.031492912864906
24 49
    -0.034163283532962     0.012843031709053    -0.037615269320668
    -0.012843031709053     0.018478612139461     0.012843031709053
    -0.037615269320668    -0.012843031709053    -0.034163283532962
24 50
    -0.034163283532962     0.012843031709053     0.037615269320668
    -0.012843031709053     0.018478612139461    -0.012843031709053
     0.037615269320668     0.012843031709053    -0.034163283532962
24 51
    -0.158355902283347     0.072948118759086     0.156713285832666
    -0.072948118759086     0.319300378862408     0.072948118759086
     0.156713285832666    -0.072948118759086    -0.158355902283347
24 52
    -0.158355902283347     0.072948118759086    -0.156713285832666
    -0.072948118759086     0.319300378862408    -0.072948118759086
    -0.156713285832666     0.072948118759086    -0.158355902283347
24 53
    -0.034163283532962    -0.012843031709053     0.037615269320668
     0.012843031709053     0.018478612139461     0.012843031709053
     0.037615269320668    -0.012843031709053    -0.034163283532962
24 54
    -0.034163283532962    -0.012843031709053    -0.037615269320668
     0.012843031709053     0.018478612139461    -0.012843031709053
    -0.037615269320668     0.012843031709053    -0.034163283532962
24 55
    -0.158355902283347    -0.072948118759086    -0.156713285832666
     0.072948118759086     0.319300378862408     0.072948118759086
    -0.156713285832666    -0.072948118759086    -0.158355902283347
24 56
    -0.158355902283347    -0.072948118759086     0.156713285832666
     0.072948118759086     0.319300378862408    -0.072948118759086
     0.156713285832666     0.072948118759086    -0.158355902283347
24 57
     0.003274804578268    -0.012843773583882     0.012843773583882
    -0.012843773583882     0.003274804578268     0.012843773583882
     0.012843773583882     0.012843773583882     0.003274804578268
24 58
    -0.133864037968578    -0.024354182278330     0.024354182278330
    -0.024354182278330    -0.011315208018914     0.009925772428687
     0.024354182278330     0.009925772428687    -0.011315208018914
24 59
    -0.011315208018914    -0.024354182278330     0.009925772428687
    -0.024354182278330    -0.133864037968578     0.024354182278330
     0.009925772428687     0.024354182278330    -0.011315208018914
24 60
     0.069928232653638    -0.035338320594747     0.035007932092412
    -0.035338320594747     0.069928232653638     0.035007932092412
     0.035007932092412     0.035007932092412    -0.031492912864906
24 61
    -0.011315208018914    -0.009925772428687     0.024354182278330
    -0.009925772428687    -0.011315208018914     0.024354182278330
     0.024354182278330     0.024354182278330    -0.133864037968579
24 62
     0.069928232653638    -0.035007932092412     0.035338320594747
    -0.035007932092412    -0.031492912864905     0.035007932092412
     0.035338320594747     0.035007932092412     0.069928232653638
24 63
    -0.031492912864905    -0.035007932092412     0.035007932092412
    -0.035007932092412     0.069928232653638     0.035338320594747
     0.035007932092412     0.035338320594747     0.069928232653638
24 64
    -2.341654446252050    -1.196902454830706     1.196902454830706
    -1.196902454830706    -2.341654446252050     1.196902454830706
     1.196902454830706     1.196902454830706    -2.341654446252051
25 1
    -2.341654446252051    -1.196902454830707    -1.196902454830706
    -1.196902454830706    -2.341654446252051    -1.196902454830706
    -1.196902454830706    -1.196902454830706    -2.341654446252050
25 2
    -0.031492912864906    -0.035007932092412    -0.035007932092412
    -0.035007932092412     0.069928232653638    -0.035338320594747
    -0.035007932092412    -0.035338320594747     0.069928232653638
25 3
     0.069928232653638    -0.035007932092412    -0.035338320594747
    -0.035007932092412    -0.031492912864906    -0.035007932092412
    -0.035338320594747    -0.035007932092412     0.069928232653638
25 4
    -0.011315208018914    -0.009925772428687    -0.024354182278330
    -0.009925772428687    -0.011315208018914    -0.024354182278330
    -0.024354182278330    -0.024354182278330    -0.133864037968578
25 5
     0.069928232653638    -0.035338320594747    -0.035007932092412
    -0.035338320594747     0.069928232653638    -0.035007932092412
    -0.035007932092412    -0.035007932092412    -0.031492912864905
25 6
    -0.011315208018914    -0.024354182278330    -0.009925772428687
    -0.024354182278330    -0.133864037968579    -0.024354182278330
    -0.009925772428687    -0.024354182278330    -0.011315208018914
25 7
    -0.133864037968579    -0.024354182278330    -0.024354182278330
    -0.024354182278330    -0.011315208018914    -0.009925772428687
    -0.024354182278330    -0.009925772428687    -0.011315208018914
25 8
     0.003274804578268    -0.012843773583882    -0.012843773583882
    -0.012843773583882     0.003274804578268    -0.012843773583882
    -0.012843773583882    -0.012843773583882     0.003274804578268
25 9
     0.319300378862408     0.072948118759086    -0.072948118759086
    -0.072948118759086    -0.158355902283347     0.156713285832666
     0.072948118759086     0.156713285832666    -0.158355902283347
25 10
     0.018478612139461     0.012843031709053    -0.012843031709053
    -0.012843031709053    -0.034163283532962    -0.037615269320668
     0.012843031709053    -0.037615269320668    -0.034163283532962
25 11
     0.319300378862408     0.072948118759086     0.072948118759086
    -0.072948118759086    -0.158355902283347    -0.156713285832666
    -0.072948118759086    -0.156713285832666    -0.158355902283347
25 12
     0.018478612139461     0.012843031709053     0.012843031709053
    -0.012843031709053    -0.034163283532962     0.037615269320668
    -0.012843031709053     0.037615269320668    -0.034163283532962
25 13
     0.319300378862408    -0.072948118759086    -0.072948118759086
     0.072948118759086    -0.158355902283347    -0.156713285832666
     0.072948118759086    -0.156713285832666    -0.158355902283347
25 14
     0.018478612139461    -0.012843031709053    -0.012843031709053
     0.012843031709053    -0.034163283532962     0.037615269320668
     0.012843031709053     0.037615269320668    -0.034163283532962
25 15
     0.319300378862408    -0.072948118759086     0.072948118759086
     0.072948118759086    -0.158355902283347     0.156713285832666
    -0.072948118759086     0.156713285832666    -0.158355902283347
25 16
     0.018478612139461    -0.012843031709053     0.012843031709053
     0.012843031709053    -0.034163283532962    -0.037615269320668
    -0.012843031709053    -0.037615269320668    -0.034163283532962
25 17
     0.069928232653638     0.035338320594747     0.035007932092412
     0.035338320594747     0.069928232653638    -0.035007932092412
     0.035007932092412    -0.035007932092412    -0.031492912864905
25 18
    -0.011315208018914     0.024354182278330     0.009925772428687
     0.024354182278330    -0.133864037968578    -0.024354182278330
     0.009925772428687    -0.024354182278330    -0.011315208018914
25 19
    -0.133864037968578     0.024354182278330     0.024354182278330
     0.024354182278330    -0.011315208018914    -0.009925772428687
     0.024354182278330    -0.009925772428687    -0.011315208018914
25 20
     0.003274804578268     0.012843773583882     0.012843773583882
     0.012843773583882     0.003274804578268    -0.012843773583882
     0.012843773583882    -0.012843773583882     0.003274804578268
25 21
    -2.341654446252051     1.196902454830706     1.196902454830707
     1.196902454830706    -2.341654446252050    -1.196902454830706
     1.196902454830706    -1.196902454830706    -2.341654446252051
25 22
    -0.031492912864906     0.035007932092412     0.035007932092412
     0.035007932092412     0.069928232653638    -0.035338320594747
     0.035007932092412    -0.035338320594747     0.069928232653638
25 23
     0.069928232653638     0.035007932092412     0.035338320594747
     0.035007932092412    -0.031492912864906    -0.035007932092412
     0.035338320594747    -0.035007932092412     0.069928232653638
25 24
    -0.011315208018914     0.009925772428687     0.024354182278330
     0.009925772428687    -0.011315208018914    -0.024354182278330
     0.024354182278330    -0.024354182278330    -0.133864037968578
25 25
     9.696337472371397    -0.000000000000000    -0.000000000000000
    -0.000000000000000     9.696337472371393     0.000000000000000
    -0.000000000000000     0.000000000000000     9.696337472371395
25 26
    -0.015432216503086     0.000000000000000    -0.000000000000000
    -0.000000000000000    -0.057780722897860    -0.000000000000000
     0.000000000000000     0.000000000000000    -0.057780722897860
25 27
    -0.057780722897860     0.000000000000000    -0.000000000000000
    -0.000000000000000    -0.015432216503086     0.000000000000000
     0.000000000000000     0.000000000000000    -0.057780722897860
25 28
    -0.041754298479191     0.000000000000000    -0.000000000000000
    -0.000000000000000    -0.041754298479191    -0.000000000000000
     0.000000000000000     0.000000000000000     0.250247780888913
25 29
    -0.057780722897860     0.000000000000000    -0.000000000000000
    -0.000000000000000    -0.057780722897860     0.000000000000000
     0.000000000000000     0.000000000000000    -0.015432216503086
25 30
    -0.041754298479191     0.000000000000000    -0.000000000000000
    -0.000000000000000     0.250247780888912     0.000000000000000
    -0.000000000000000     0.000000000000000    -0.041754298479191
25 31
     0.250247780888913     0.000000000000000    -0.000000000000000
    -0.000000000000000    -0.041754298479191     0.000000000000000
    -0.000000000000000     0.000000000000000    -0.041754298479191
25 32
     0.002996701471147     0.000000000000000    -0.000000000000000
    -0.000000000000000     0.002996701471147     0.000000000000000
     0.000000000000000    -0.000000000000000     0.002996701471147
25 33
    -0.011315208018914     0.024354182278330    -0.009925772428687
     0.024354182278330    -0.133864037968578     0.024354182278330
    -0.009925772428687     0.024354182278330    -0.011315208018914
25 34
     0.069928232653638     0.035338320594747    -0.035007932092412
     0.035338320594747     0.069928232653638     0.035007932092412
    -0.035007932092412     0.035007932092412    -0.031492912864906
25 35
     0.003274804578268     0.012843773583882    -0.012843773583882
     0.012843773583882     0.003274804578268     0.012843773583882
    -0.012843773583882     0.012843773583882     0.003274804578268
25 36
    -0.133864037968579     0.024354182278330    -0.024354182278330
     0.024354182278330    -0.011315208018914     0.009925772428687
    -0.024354182278330     0.009925772428687    -0.011315208018914
25 37
    -0.031492912864906     0.035007932092412    -0.035007932092412
     0.035007932092412     0.069928232653638     0.035338320594747
    -0.035007932092412     0.035338320594747     0.069928232653638
25 38
    -2.341654446252051     1.196902454830706    -1.196902454830706
     1.196902454830706    -2.341654446252050     1.196902454830706
    -1.196902454830706     1.196902454830706    -2.341654446252050
25 39
    -0.011315208018914     0.009925772428687    -0.024354182278330
     0.009925772428687    -0.011315208018914     0.024354182278330
    -0.024354182278330     0.024354182278330    -0.133864037968578
25 40
     0.069928232653638     0.035007932092412    -0.035338320594747
     0.035007932092412    -0.031492912864905     0.035007932092412
    -0.035338320594747     0.035007932092412     0.069928232653638
25 41
    -0.158355902283347     0.156713285832666     0.072948118759086
     0.156713285832666    -0.158355902283347    -0.072948118759086
    -0.072948118759086     0.072948118759086     0.319300378862408
25 42
    -0.158355902283347    -0.156713285832666     0.072948118759086
    -0.156713285832666    -0.158355902283347     0.072948118759086
    -0.072948118759086    -0.072948118759086     0.319300378862408
25 43
    -0.158355902283347    -0.156713285832666    -0.072948118759086
    -0.156713285832666    -0.158355902283347    -0.072948118759086
     0.072948118759086     0.072948118759086     0.319300378862408
25 44
    -0.158355902283347     0.156713285832666    -0.072948118759086
     0.156713285832666    -0.158355902283347     0.072948118759086
     0.072948118759086    -0.072948118759086     0.319300378862408
25 45
    -0.034163283532962    -0.037615269320668     0.012843031709053
    -0.037615269320668    -0.034163283532962    -0.012843031709053
    -0.012843031709053     0.012843031709053     0.018478612139461
25 46
    -0.034163283532962     0.037615269320668     0.012843031709053
     0.037615269320668    -0.034163283532962     0.012843031709053
    -0.012843031709053    -0.012843031709053     0.018478612139461
25 47
    -0.034163283532962     0.037615269320668    -0.012843031709053
     0.037615269320668    -0.034163283532962    -0.012843031709053
     0.012843031709053     0.012843031709053     0.018478612139461
25 48
    -0.034163283532962    -0.037615269320668    -0.012843031709053
    -0.037615269320668    -0.034163283532962     0.012843031709053
     0.012843031709053    -0.012843031709053     0.018478612139461
25 49
    -0.031492912864906    -0.035007932092412     0.035007932092412
    -0.035007932092412     0.069928232653638     0.035338320594747
     0.035007932092412     0.035338320594747     0.069928232653638
25 50
    -2.341654446252051    -1.196902454830706     1.196902454830707
    -1.196902454830706    -2.341654446252050     1.196902454830706
     1.196902454830706     1.196902454830706    -2.341654446252051
25 51
    -0.011315208018914    -0.009925772428687     0.024354182278330
    -0.009925772428687    -0.011315208018914     0.024354182278330
     0.024354182278330     0.024354182278330    -0.133864037968578
25 52
     0.069928232653638    -0.035007932092412     0.035338320594747
    -0.035007932092412    -0.031492912864905     0.035007932092412
     0.035338320594747     0.035007932092412     0.069928232653638
25 53
    -0.011315208018914    -0.024354182278330     0.009925772428687
    -0.024354182278330    -0.133864037968578     0.024354182278330
     0.009925772428687     0.024354182278330    -0.011315208018914
25 54
     0.069928232653638    -0.035338320594747     0.035007932092412
    -0.035338320594747     0.069928232653638     0.035007932092412
     0.035007932092412     0.035007932092412    -0.031492912864905
25 55
     0.003274804578268    -0.012843773583882     0.012843773583882
    -0.012843773583882     0.003274804578268     0.012843773583882
     0.012843773583882     0.012843773583882     0.003274804578268
25 56
    -0.133864037968578    -0.024354182278330     0.024354182278330
    -0.024354182278330    -0.011315208018914     0.009925772428687
     0.024354182278330     0.009925772428687    -0.011315208018914
25 57
    -0.158355902283347    -0.072948118759086    -0.156713285832666
     0.072948118759086     0.319300378862408     0.072948118759086
    -0.156713285832666    -0.072948118759086    -0.158355902283347
25 58
    -0.158355902283347    -0.072948118759086     0.156713285832666
     0.072948118759086     0.319300378862408    -0.072948118759086
     0.156713285832666     0.072948118759086    -0.158355902283347
25 59
    -0.034163283532962    -0.012843031709053     0.037615269320668
     0.012843031709053     0.018478612139461     0.012843031709053
     0.037615269320668    -0.012843031709053    -0.034163283532962
25 60
    -0.034163283532962    -0.012843031709053    -0.037615269320668
     0.012843031709053     0.018478612139461    -0.012843031709053
    -0.037615269320668     0.012843031709053    -0.034163283532962
25 61
    -0.158355902283347     0.072948118759086     0.156713285832666
    -0.072948118759086     0.319300378862408     0.072948118759086
     0.156713285832666    -0.072948118759086    -0.158355902283347
25 62
    -0.158355902283347     0.072948118759086    -0.156713285832666
    -0.072948118759086     0.319300378862408    -0.072948118759086
    -0.156713285832666     0.072948118759086    -0.158355902283347
25 63
    -0.034163283532962     0.012843031709053    -0.037615269320668
    -0.012843031709053     0.018478612139461     0.012843031709053
    -0.037615269320668    -0.012843031709053    -0.034163283532962
25 64
    -0.034163283532962     0.012843031709053     0.037615269320668
    -0.012843031709053     0.018478612139461    -0.012843031709053
     0.037615269320668     0.012843031709053    -0.034163283532962
26 1
    -0.031492912864905    -0.035007932092412    -0.035007932092412
    -0.035007932092412     0.069928232653638    -0.035338320594747
    -0.035007932092412    -0.035338320594747     0.069928232653638
26 2
    -2.341654446252051    -1.196902454830706    -1.196902454830706
    -1.196902454830706    -2.341654446252050    -1.196902454830706
    -1.196902454830706    -1.196902454830706    -2.341654446252050
26 3
    -0.011315208018914    -0.009925772428687    -0.024354182278330
    -0.009925772428687    -0.011315208018914    -0.024354182278330
    -0.024354182278330    -0.024354182278330    -0.133864037968578
26 4
     0.069928232653638    -0.035007932092412    -0.035338320594747
    -0.035007932092412    -0.031492912864905    -0.035007932092412
    -0.035338320594747    -0.035007932092412     0.069928232653638
26 5
    -0.011315208018914    -0.024354182278330    -0.009925772428687
    -0.024354182278330    -0.133864037968578    -0.024354182278330
    -0.009925772428687    -0.024354182278330    -0.011315208018914
26 6
     0.069928232653638    -0.035338320594747    -0.035007932092412
    -0.035338320594747     0.069928232653638    -0.035007932092412
    -0.035007932092412    -0.035007932092412    -0.031492912864905
26 7
     0.003274804578268    -0.012843773583882    -0.012843773583882
    -0.012843773583882     0.003274804578268    -0.012843773583882
    -0.012843773583882    -0.012843773583882     0.003274804578268
26 8
    -0.133864037968579    -0.024354182278330    -0.024354182278330
    -0.024354182278330    -0.011315208018914    -0.009925772428687
    -0.024354182278330    -0.009925772428687    -0.011315208018914
26 9
     0.018478612139461     0.012843031709053    -0.012843031709053
    -0.012843031709053    -0.034163283532962    -0.037615269320668
     0.012843031709053    -0.037615269320668    -0.034163283532962
26 10
     0.319300378862408     0.072948118759086    -0.072948118759086
    -0.072948118759086    -0.158355902283347     0.156713285832666
     0.072948118759086     0.156713285832666    -0.158355902283347
26 11
     0.018478612139461     0.012843031709053     0.012843031709053
    -0.012843031709053    -0.034163283532962     0.037615269320668
    -0.012843031709053     0.037615269320668    -0.034163283532962
26 12
     0.319300378862408     0.072948118759086     0.072948118759086
    -0.072948118759086    -0.158355902283347    -0.156713285832666
    -0.072948118759086    -0.156713285832666    -0.158355902283347
26 13
     0.018478612139461    -0.012843031709053    -0.012843031709053
     0.012843031709053    -0.034163283532962     0.037615269320668
     0.012843031709053     0.037615269320668    -0.034163283532962
26 14
     0.319300378862408    -0.072948118759086    -0.072948118759086
     0.072948118759086    -0.158355902283347    -0.156713285832666
     0.072948118759086    -0.156713285832666    -0.158355902283347
26 15
     0.018478612139461    -0.012843031709053     0.012843031709053
     0.012843031709053    -0.034163283532962    -0.037615269320668
    -0.012843031709053    -0.037615269320668    -0.034163283532962
26 16
     0.319300378862408    -0.072948118759086     0.072948118759086
     0.072948118759086    -0.158355902283347     0.156713285832666
    -0.072948118759086     0.156713285832666    -0.158355902283347
26 17
    -0.011315208018914     0.024354182278330     0.009925772428687
     0.024354182278330    -0.133864037968578    -0.024354182278330
     0.009925772428687    -0.024354182278330    -0.011315208018914
26 18
     0.069928232653638     0.035338320594747     0.035007932092412
     0.035338320594747     0.069928232653638    -0.035007932092412
     0.035007932092412    -0.035007932092412    -0.031492912864906
26 19
     0.003274804578268     0.012843773583882     0.012843773583882
     0.012843773583882     0.003274804578268    -0.012843773583882
     0.012843773583882    -0.012843773583882     0.003274804578268
26 20
    -0.133864037968578     0.024354182278330     0.024354182278330
     0.024354182278330    -0.011315208018914    -0.009925772428687
     0.024354182278330    -0.009925772428687    -0.011315208018914
26 21
    -0.031492912864906     0.035007932092412     0.035007932092412
     0.035007932092412     0.069928232653638    -0.035338320594747
     0.035007932092412    -0.035338320594747     0.069928232653638
26 22
    -2.341654446252051     1.196902454830706     1.196902454830706
     1.196902454830706    -2.341654446252050    -1.196902454830706
     1.196902454830706    -1.196902454830706    -2.341654446252050
26 23
    -0.011315208018914     0.009925772428687     0.024354182278330
     0.009925772428687    -0.011315208018914    -0.024354182278330
     0.024354182278330    -0.024354182278330    -0.133864037968578
26 24
     0.069928232653638     0.035007932092412     0.035338320594747
     0.035007932092412    -0.031492912864905    -0.035007932092412
     0.035338320594747    -0.035007932092412     0.069928232653638
26 25
    -0.015432216503086    -0.000000000000000     0.000000000000000
     0.000000000000000    -0.057780722897860     0.000000000000000
    -0.000000000000000    -0.000000000000000    -0.057780722897860
26 26
     9.696337472371399    -0.000000000000000    -0.000000000000000
    -0.000000000000000     9.696337472371395    -0.000000000000000
    -0.000000000000000    -0.000000000000000     9.696337472371393
26 27
    -0.041754298479191    -0.000000000000000     0.000000000000000
    -0.000000000000000    -0.041754298479191     0.000000000000000
     0.000000000000000    -0.000000000000000     0.250247780888912
26 28
    -0.057780722897860     0.000000000000000     0.000000000000000
    -0.000000000000000    -0.015432216503086    -0.000000000000000
    -0.000000000000000    -0.000000000000000    -0.057780722897860
26 29
    -0.041754298479191     0.000000000000000    -0.000000000000000
    -0.000000000000000     0.250247780888913     0.000000000000000
     0.000000000000000    -0.000000000000000    -0.041754298479191
26 30
    -0.057780722897860    -0.000000000000000     0.000000000000000
     0.000000000000000    -0.057780722897860     0.000000000000000
    -0.000000000000000    -0.000000000000000    -0.015432216503086
26 31
     0.002996701471147    -0.000000000000000     0.000000000000000
     0.000000000000000     0.002996701471147     0.000000000000000
    -0.000000000000000    -0.000000000000000     0.002996701471147
26 32
     0.250247780888913     0.000000000000000     0.000000000000000
    -0.000000000000000    -0.041754298479191     0.000000000000000
    -0.000000000000000    -0.000000000000000    -0.041754298479191
26 33
     0.069928232653638     0.035338320594747    -0.035007932092412
     0.035338320594747     0.069928232653638     0.035007932092412
    -0.035007932092412     0.035007932092412    -0.031492912864906
26 34
    -0.011315208018914     0.024354182278330    -0.009925772428687
     0.024354182278330    -0.133864037968578     0.024354182278330
    -0.009925772428687     0.024354182278330    -0.011315208018914
26 35
    -0.133864037968579     0.024354182278330    -0.024354182278330
     0.024354182278330    -0.011315208018914     0.009925772428687
    -0.024354182278330     0.009925772428687    -0.011315208018914
26 36
     0.003274804578268     0.012843773583882    -0.012843773583882
     0.012843773583882     0.003274804578268     0.012843773583882
    -0.012843773583882     0.012843773583882     0.003274804578268
26 37
    -2.341654446252051     1.196902454830707    -1.196902454830706
     1.196902454830706    -2.341654446252051     1.196902454830706
    -1.196902454830706     1.196902454830706    -2.341654446252050
26 38
    -0.031492912864906     0.035007932092412    -0.035007932092412
     0.035007932092412     0.069928232653638     0.035338320594747
    -0.035007932092412     0.035338320594747     0.069928232653638
26 39
     0.069928232653638     0.035007932092412    -0.035338320594747
     0.035007932092412    -0.031492912864906     0.035007932092412
    -0.035338320594747     0.035007932092412     0.069928232653638
26 40
    -0.011315208018914     0.009925772428687    -0.024354182278330
     0.009925772428687    -0.011315208018914     0.024354182278330
    -0.024354182278330     0.024354182278330    -0.133864037968578
26 41
    -0.158355902283347    -0.156713285832666     0.072948118759086
    -0.156713285832666    -0.158355902283347     0.072948118759086
    -0.072948118759086    -0.072948118759086     0.319300378862408
26 42
    -0.158355902283347     0.156713285832666     0.072948118759086
     0.156713285832666    -0.158355902283347    -0.072948118759086
    -0.072948118759086     0.072948118759086     0.319300378862408
26 43
    -0.158355902283347     0.156713285832666    -0.072948118759086
     0.156713285832666    -0.158355902283347     0.072948118759086
     0.072948118759086    -0.072948118759086     0.319300378862408
26 44
    -0.158355902283347    -0.156713285832666    -0.072948118759086
    -0.156713285832666    -0.158355902283347    -0.072948118759086
     0.072948118759086     0.072948118759086     0.319300378862408
26 45
    -0.034163283532962     0.037615269320668     0.012843031709053
     0.037615269320668    -0.034163283532962     0.012843031709053
    -0.012843031709053    -0.012843031709053     0.018478612139461
26 46
    -0.034163283532962    -0.037615269320668     0.012843031709053
    -0.037615269320668    -0.034163283532962    -0.012843031709053
    -0.012843031709053     0.012843031709053     0.018478612139461
26 47
    -0.034163283532962    -0.037615269320668    -0.012843031709053
    -0.037615269320668    -0.034163283532962     0.012843031709053
     0.012843031709053    -0.012843031709053     0.018478612139461
26 48
    -0.034163283532962     0.037615269320668    -0.012843031709053
     0.037615269320668    -0.034163283532962    -0.012843031709053
     0.012843031709053     0.012843031709053     0.018478612139461
26 49
    -2.341654446252051    -1.196902454830707     1.196902454830706
    -1.196902454830706    -2.341654446252051     1.196902454830706
     1.196902454830706     1.196902454830706    -2.341654446252050
26 50
    -0.031492912864906    -0.035007932092412     0.035007932092412
    -0.035007932092412     0.069928232653638     0.035338320594747
     0.035007932092412     0.035338320594747     0.069928232653638
26 51
     0.069928232653638    -0.035007932092412     0.035338320594747
    -0.035007932092412    -0.031492912864906     0.035007932092412
     0.035338320594747     0.035007932092412     0.069928232653638
26 52
    -0.011315208018914    -0.009925772428687     0.024354182278330
    -0.009925772428687    -0.011315208018914     0.024354182278330
     0.024354182278330     0.024354182278330    -0.133864037968578
26 53
     0.069928232653638    -0.035338320594747     0.035007932092412
    -0.035338320594747     0.069928232653638     0.035007932092412
     0.035007932092412     0.035007932092412    -0.031492912864906
26 54
    -0.011315208018914    -0.024354182278330     0.009925772428687
    -0.024354182278330    -0.133864037968578     0.024354182278330
     0.009925772428687     0.024354182278330    -0.011315208018914
26 55
    -0.133864037968579    -0.024354182278330     0.024354182278330
    -0.024354182278330    -0.011315208018914     0.009925772428687
     0.024354182278330     0.009925772428687    -0.011315208018914
26 56
     0.003274804578268    -0.012843773583882     0.012843773583882
    -0.012843773583882     0.003274804578268     0.012843773583882
     0.012843773583882     0.012843773583882     0.003274804578268
26 57
    -0.158355902283347    -0.072948118759086     0.156713285832666
     0.072948118759086     0.319300378862408    -0.072948118759086
     0.156713285832666     0.072948118759086    -0.158355902283347
26 58
    -0.158355902283347    -0.072948118759086    -0.156713285832666
     0.072948118759086     0.319300378862408     0.072948118759086
    -0.156713285832666    -0.072948118759086    -0.158355902283347
26 59
    -0.034163283532962    -0.012843031709053    -0.037615269320668
     0.012843031709053     0.018478612139461    -0.012843031709053
    -0.037615269320668     0.012843031709053    -0.034163283532962
26 60
    -0.034163283532962    -0.012843031709053     0.037615269320668
     0.012843031709053     0.018478612139461     0.012843031709053
     0.037615269320668    -0.012843031709053    -0.034163283532962
26 61
    -0.158355902283347     0.072948118759086    -0.156713285832666
    -0.072948118759086     0.319300378862408    -0.072948118759086
    -0.156713285832666     0.072948118759086    -0.158355902283347
26 62
    -0.158355902283347     0.072948118759086     0.156713285832666
    -0.072948118759086     0.319300378862408     0.072948118759086
     0.156713285832666    -0.072948118759086    -0.158355902283347
26 63
    -0.034163283532962     0.012843031709053     0.037615269320668
    -0.012843031709053     0.018478612139461    -0.012843031709053
     0.037615269320668     0.012843031709053    -0.034163283532962
26 64
    -0.034163283532962     0.012843031709053    -0.037615269320668
    -0.012843031709053     0.018478612139461     0.012843031709053
    -0.037615269320668    -0.012843031709053    -0.034163283532962
27 1
     0.069928232653638    -0.035007932092412    -0.035338320594747
    -0.035007932092412    -0.031492912864906    -0.035007932092412
    -0.035338320594747    -0.035007932092412     0.069928232653638
27 2
    -0.011315208018914    -0.009925772428687    -0.024354182278330
    -0.009925772428687    -0.011315208018914    -0.024354182278330
    -0.024354182278330    -0.024354182278330    -0.133864037968578
27 3
    -2.341654446252050    -1.196902454830706    -1.196902454830706
    -1.196902454830706    -2.341654446252051    -1.196902454830706
    -1.196902454830706    -1.196902454830706    -2.341654446252050
27 4
    -0.031492912864906    -0.035007932092412    -0.035007932092412
    -0.035007932092412     0.069928232653638    -0.035338320594747
    -0.035007932092412    -0.035338320594747     0.069928232653638
27 5
    -0.133864037968578    -0.024354182278330    -0.024354182278330
    -0.024354182278330    -0.011315208018914    -0.009925772428687
    -0.024354182278330    -0.009925772428687    -0.011315208018914
27 6
     0.003274804578268    -0.012843773583882    -0.012843773583882
    -0.012843773583882     0.003274804578268    -0.012843773583882
    -0.012843773583882    -0.012843773583882     0.003274804578268
27 7
     0.069928232653638    -0.035338320594747    -0.035007932092412
    -0.035338320594747     0.069928232653638    -0.035007932092412
    -0.035007932092412    -0.035007932092412    -0.031492912864905
27 8
    -0.011315208018914    -0.024354182278330    -0.009925772428687
    -0.024354182278330    -0.133864037968578    -0.024354182278330
    -0.009925772428687    -0.024354182278330    -0.011315208018914
27 9
     0.319300378862408     0.072948118759086     0.072948118759086
    -0.072948118759086    -0.158355902283347    -0.156713285832666
    -0.072948118759086    -0.156713285832666    -0.158355902283347
27 10
     0.018478612139461     0.012843031709053     0.012843031709053
    -0.012843031709053    -0.034163283532962     0.037615269320668
    -0.012843031709053     0.037615269320668    -0.034163283532962
27 11
     0.319300378862408     0.072948118759086    -0.072948118759086
    -0.072948118759086    -0.158355902283347     0.156713285832666
     0.072948118759086     0.156713285832666    -0.158355902283347
27 12
     0.018478612139461     0.012843031709053    -0.012843031709053
    -0.012843031709053    -0.034163283532962    -0.037615269320668
     0.012843031709053    -0.037615269320668    -0.034163283532962
27 13
     0.319300378862408    -0.072948118759086     0.072948118759086
     0.072948118759086    -0.158355902283347     0.156713285832666
    -0.072948118759086     0.156713285832666    -0.158355902283347
27 14
     0.018478612139461    -0.012843031709053     0.012843031709053
     0.012843031709053    -0.034163283532962    -0.037615269320668
    -0.012843031709053    -0.037615269320668    -0.034163283532962
27 15
     0.319300378862408    -0.072948118759086    -0.072948118759086
     0.072948118759086    -0.158355902283347    -0.156713285832666
     0.072948118759086    -0.156713285832666    -0.158355902283347
27 16
     0.018478612139461    -0.012843031709053    -0.012843031709053
     0.012843031709053    -0.034163283532962     0.037615269320668
     0.012843031709053     0.037615269320668    -0.034163283532962
27 17
    -0.133864037968578     0.024354182278330     0.024354182278330
     0.024354182278330    -0.011315208018914    -0.009925772428687
     0.024354182278330    -0.009925772428687    -0.011315208018914
27 18
     0.003274804578268     0.012843773583882     0.012843773583882
     0.012843773583882     0.003274804578268    -0.012843773583882
     0.012843773583882    -0.012843773583882     0.003274804578268
27 19
     0.069928232653638     0.035338320594747     0.035007932092412
     0.035338320594747     0.069928232653638    -0.035007932092412
     0.035007932092412    -0.035007932092412    -0.031492912864906
27 20
    -0.011315208018914     0.024354182278330     0.009925772428687
     0.024354182278330    -0.133864037968579    -0.024354182278330
     0.009925772428687    -0.024354182278330    -0.011315208018914
27 21
     0.069928232653638     0.035007932092412     0.035338320594747
     0.035007932092412    -0.031492912864906    -0.035007932092412
     0.035338320594747    -0.035007932092412     0.069928232653638
27 22
    -0.011315208018914     0.009925772428687     0.024354182278330
     0.009925772428687    -0.011315208018914    -0.024354182278330
     0.024354182278330    -0.024354182278330    -0.133864037968578
27 23
    -2.341654446252050     1.196902454830706     1.196902454830706
     1.196902454830706    -2.341654446252051    -1.196902454830706
     1.196902454830706    -1.196902454830706    -2.341654446252050
27 24
    -0.031492912864905     0.035007932092412     0.035007932092412
     0.035007932092412     0.069928232653638    -0.035338320594747
     0.035007932092412    -0.035338320594747     0.069928232653638
27 25
    -0.057780722897860    -0.000000000000000     0.000000000000000
     0.000000000000000    -0.015432216503086     0.000000000000000
    -0.000000000000000     0.000000000000000    -0.057780722897860
27 26
    -0.041754298479191    -0.000000000000000     0.000000000000000
    -0.000000000000000    -0.041754298479191    -0.000000000000000
     0.000000000000000     0.000000000000000     0.250247780888912
27 27
     9.696337472371395     0.000000000000000     0.000000000000000
     0.000000000000000     9.696337472371399     0.000000000000000
     0.000000000000000     0.000000000000000     9.696337472371393
27 28
    -0.015432216503086     0.000000000000000     0.000000000000000
    -0.000000000000000    -0.057780722897860    -0.000000000000000
    -0.000000000000000     0.000000000000000    -0.057780722897860
27 29
     0.250247780888912     0.000000000000000    -0.000000000000000
    -0.000000000000000    -0.041754298479191     0.000000000000000
     0.000000000000000     0.000000000000000    -0.041754298479191
27 30
     0.002996701471147    -0.000000000000000     0.000000000000000
     0.000000000000000     0.002996701471147     0.000000000000000
    -0.000000000000000     0.000000000000000     0.002996701471147
27 31
    -0.057780722897860    -0.000000000000000     0.000000000000000
     0.000000000000000    -0.057780722897860     0.000000000000000
    -0.000000000000000     0.000000000000000    -0.015432216503086
27 32
    -0.041754298479191     0.000000000000000     0.000000000000000
    -0.000000000000000     0.250247780888913     0.000000000000000
     0.000000000000000     0.000000000000000    -0.041754298479191
27 33
     0.003274804578268     0.012843773583882    -0.012843773583882
     0.012843773583882     0.003274804578268     0.012843773583882
    -0.012843773583882     0.012843773583882     0.003274804578268
27 34
    -0.133864037968578     0.024354182278330    -0.024354182278330
     0.024354182278330    -0.011315208018914     0.009925772428687
    -0.024354182278330     0.009925772428687    -0.011315208018914
27 35
    -0.011315208018914     0.024354182278330    -0.009925772428687
     0.024354182278330    -0.133864037968578     0.024354182278330
    -0.009925772428687     0.024354182278330    -0.011315208018914
27 36
     0.069928232653638     0.035338320594747    -0.035007932092412
     0.035338320594747     0.069928232653638     0.035007932092412
    -0.035007932092412     0.035007932092412    -0.031492912864905
27 37
    -0.011315208018914     0.009925772428687    -0.024354182278330
     0.009925772428687    -0.011315208018914     0.024354182278330
    -0.024354182278330     0.024354182278330    -0.133864037968578
27 38
     0.069928232653638     0.035007932092412    -0.035338320594747
     0.035007932092412    -0.031492912864906     0.035007932092412
    -0.035338320594747     0.035007932092412     0.069928232653638
27 39
    -0.031492912864905     0.035007932092412    -0.035007932092412
     0.035007932092412     0.069928232653638     0.035338320594747
    -0.035007932092412     0.035338320594747     0.069928232653638
27 40
    -2.341654446252051     1.196902454830706    -1.196902454830706
     1.196902454830707    -2.341654446252051     1.196902454830706
    -1.196902454830706     1.196902454830706    -2.341654446252050
27 41
    -0.158355902283347    -0.156713285832666    -0.072948118759086
    -0.156713285832666    -0.158355902283347    -0.072948118759086
     0.072948118759086     0.072948118759086     0.319300378862408
27 42
    -0.158355902283347     0.156713285832666    -0.072948118759086
     0.156713285832666    -0.158355902283347     0.072948118759086
     0.072948118759086    -0.072948118759086     0.319300378862408
27 43
    -0.158355902283347     0.156713285832666     0.072948118759086
     0.156713285832666    -0.158355902283347    -0.072948118759086
    -0.072948118759086     0.072948118759086     0.319300378862408
27 44
    -0.158355902283347    -0.156713285832666     0.072948118759086
    -0.156713285832666    -0.158355902283347     0.072948118759086
    -0.072948118759086    -0.072948118759086     0.319300378862408
27 45
    -0.034163283532962     0.037615269320668    -0.012843031709053
     0.037615269320668    -0.034163283532962    -0.012843031709053
     0.012843031709053     0.012843031709053     0.018478612139461
27 46
    -0.034163283532962    -0.037615269320668    -0.012843031709053
    -0.037615269320668    -0.034163283532962     0.012843031709053
     0.012843031709053    -0.012843031709053     0.018478612139461
27 47
    -0.034163283532962    -0.037615269320668     0.012843031709053
    -0.037615269320668    -0.034163283532962    -0.012843031709053
    -0.012843031709053     0.012843031709053     0.018478612139461
27 48
    -0.034163283532962     0.037615269320668     0.012843031709053
     0.037615269320668    -0.034163283532962     0.012843031709053
    -0.012843031709053    -0.012843031709053     0.018478612139461
27 49
    -0.011315208018914    -0.009925772428687     0.024354182278330
    -0.009925772428687    -0.011315208018914     0.024354182278330
     0.024354182278330     0.024354182278330    -0.133864037968578
27 50
     0.069928232653638    -0.035007932092412     0.035338320594747
    -0.035007932092412    -0.031492912864906     0.035007932092412
     0.035338320594747     0.035007932092412     0.069928232653638
27 51
    -0.031492912864905    -0.035007932092412     0.035007932092412
    -0.035007932092412     0.069928232653638     0.035338320594747
     0.035007932092412     0.035338320594747     0.069928232653638
27 52
    -2.341654446252051    -1.196902454830706     1.196902454830706
    -1.196902454830707    -2.341654446252051     1.196902454830706
     1.196902454830706     1.196902454830706    -2.341654446252050
27 53
     0.003274804578268    -0.012843773583882     0.012843773583882
    -0.012843773583882     0.003274804578268     0.012843773583882
     0.012843773583882     0.012843773583882     0.003274804578268
27 54
    -0.133864037968578    -0.024354182278330     0.024354182278330
    -0.024354182278330    -0.011315208018914     0.009925772428687
     0.024354182278330     0.009925772428687    -0.011315208018914
27 55
    -0.011315208018914    -0.024354182278330     0.009925772428687
    -0.024354182278330    -0.133864037968578     0.024354182278330
     0.009925772428687     0.024354182278330    -0.011315208018914
27 56
     0.069928232653638    -0.035338320594747     0.035007932092412
    -0.035338320594747     0.069928232653638     0.035007932092412
     0.035007932092412     0.035007932092412    -0.031492912864906
27 57
    -0.034163283532962    -0.012843031709053     0.037615269320668
     0.012843031709053     0.018478612139461     0.012843031709053
     0.037615269320668    -0.012843031709053    -0.034163283532962
27 58
    -0.034163283532962    -0.012843031709053    -0.037615269320668
     0.012843031709053     0.018478612139461    -0.012843031709053
    -0.037615269320668     0.012843031709053    -0.034163283532962
27 59
    -0.158355902283347    -0.072948118759086    -0.156713285832666
     0.072948118759086     0.319300378862408     0.072948118759086
    -0.156713285832666    -0.072948118759086    -0.158355902283347
27 60
    -0.158355902283347    -0.072948118759086     0.156713285832666
     0.072948118759086     0.319300378862408    -0.072948118759086
     0.156713285832666     0.072948118759086    -0.158355902283347
27 61
    -0.034163283532962     0.012843031709053    -0.037615269320668
    -0.012843031709053     0.018478612139461     0.012843031709053
    -0.037615269320668    -0.012843031709053    -0.034163283532962
27 62
    -0.034163283532962     0.012843031709053     0.037615269320668
    -0.012843031709053     0.018478612139461    -0.012843031709053
     0.037615269320668     0.012843031709053    -0.034163283532962
27 63
    -0.158355902283347     0.072948118759086     0.156713285832666
    -0.072948118759086     0.319300378862408     0.072948118759086
     0.156713285832666    -0.072948118759086    -0.158355902283347
27 64
    -0.158355902283347     0.072948118759086    -0.156713285832666
    -0.072948118759086     0.319300378862408    -0.072948118759086
    -0.156713285832666     0.072948118759086    -0.158355902283347
28 1
    -0.011315208018914    -0.009925772428687    -0.024354182278330
    -0.009925772428687    -0.011315208018914    -0.024354182278330
    -0.024354182278330    -0.024354182278330    -0.133864037968579
28 2
     0.069928232653638    -0.035007932092412    -0.035338320594747
    -0.035007932092412    -0.031492912864905    -0.035007932092412
    -0.035338320594747    -0.035007932092412     0.069928232653638
28 3
    -0.031492912864905    -0.035007932092412    -0.035007932092412
    -0.035007932092412     0.069928232653638    -0.035338320594747
    -0.035007932092412    -0.035338320594747     0.069928232653638
28 4
    -2.341654446252051    -1.196902454830706    -1.196902454830706
    -1.196902454830706    -2.341654446252050    -1.196902454830706
    -1.196902454830707    -1.196902454830706    -2.341654446252051
28 5
     0.003274804578268    -0.012843773583882    -0.012843773583882
    -0.012843773583882     0.003274804578268    -0.012843773583882
    -0.012843773583882    -0.012843773583882     0.003274804578268
28 6
    -0.133864037968578    -0.024354182278330    -0.024354182278330
    -0.024354182278330    -0.011315208018914    -0.009925772428687
    -0.024354182278330    -0.009925772428687    -0.011315208018914
28 7
    -0.011315208018914    -0.024354182278330    -0.009925772428687
    -0.024354182278330    -0.133864037968578    -0.024354182278330
    -0.009925772428687    -0.024354182278330    -0.011315208018914
28 8
     0.069928232653638    -0.035338320594747    -0.035007932092412
    -0.035338320594747     0.069928232653638    -0.035007932092412
    -0.035007932092412    -0.035007932092412    -0.031492912864906
28 9
     0.018478612139461     0.012843031709053     0.012843031709053
    -0.012843031709053    -0.034163283532962     0.037615269320668
    -0.012843031709053     0.037615269320668    -0.034163283532962
28 10
     0.319300378862408     0.072948118759086     0.072948118759086
    -0.072948118759086    -0.158355902283347    -0.156713285832666
    -0.072948118759086    -0.156713285832666    -0.158355902283347
28 11
     0.018478612139461     0.012843031709053    -0.012843031709053
    -0.012843031709053    -0.034163283532962    -0.037615269320668
     0.012843031709053    -0.037615269320668    -0.034163283532962
28 12
     0.319300378862408     0.072948118759086    -0.072948118759086
    -0.072948118759086    -0.158355902283347     0.156713285832666
     0.072948118759086     0.156713285832666    -0.158355902283347
28 13
     0.018478612139461    -0.012843031709053     0.012843031709053
     0.012843031709053    -0.034163283532962    -0.037615269320668
    -0.012843031709053    -0.037615269320668    -0.034163283532962
28 14
     0.319300378862408    -0.072948118759086     0.072948118759086
     0.072948118759086    -0.158355902283347     0.156713285832666
    -0.072948118759086     0.156713285832666    -0.158355902283347
28 15
     0.018478612139461    -0.012843031709053    -0.012843031709053
     0.012843031709053    -0.034163283532962     0.037615269320668
     0.012843031709053     0.037615269320668    -0.034163283532962
28 16
     0.319300378862408    -0.072948118759086    -0.072948118759086
     0.072948118759086    -0.158355902283347    -0.156713285832666
     0.072948118759086    -0.156713285832666    -0.158355902283347
28 17
     0.003274804578268     0.012843773583882     0.012843773583882
     0.012843773583882     0.003274804578268    -0.012843773583882
     0.012843773583882    -0.012843773583882     0.003274804578268
28 18
    -0.133864037968578     0.024354182278330     0.024354182278330
     0.024354182278330    -0.011315208018914    -0.009925772428687
     0.024354182278330    -0.009925772428687    -0.011315208018914
28 19
    -0.011315208018914     0.024354182278330     0.009925772428687
     0.024354182278330    -0.133864037968578    -0.024354182278330
     0.009925772428687    -0.024354182278330    -0.011315208018914
28 20
     0.069928232653638     0.035338320594747     0.035007932092412
     0.035338320594747     0.069928232653638    -0.035007932092412
     0.035007932092412    -0.035007932092412    -0.031492912864906
28 21
    -0.011315208018914     0.009925772428687     0.024354182278330
     0.009925772428687    -0.011315208018914    -0.024354182278330
     0.024354182278330    -0.024354182278330    -0.133864037968579
28 22
     0.069928232653638     0.035007932092412     0.035338320594747
     0.035007932092412    -0.031492912864905    -0.035007932092412
     0.035338320594747    -0.035007932092412     0.069928232653638
28 23
    -0.031492912864905     0.035007932092412     0.035007932092412
     0.035007932092412     0.069928232653638    -0.035338320594747
     0.035007932092412    -0.035338320594747     0.069928232653638
28 24
    -2.341654446252050     1.196902454830706     1.196902454830706
     1.196902454830706    -2.341654446252050    -1.196902454830706
     1.196902454830706    -1.196902454830706    -2.341654446252051
28 25
    -0.041754298479191    -0.000000000000000     0.000000000000000
     0.000000000000000    -0.041754298479191     0.000000000000000
    -0.000000000000000    -0.000000000000000     0.250247780888913
28 26
    -0.057780722897860    -0.000000000000000    -0.000000000000000
     0.000000000000000    -0.015432216503086    -0.000000000000000
     0.000000000000000    -0.000000000000000    -0.057780722897860
28 27
    -0.015432216503086    -0.000000000000000    -0.000000000000000
     0.000000000000000    -0.057780722897860     0.000000000000000
     0.000000000000000    -0.000000000000000    -0.057780722897860
28 28
     9.696337472371393     0.000000000000000    -0.000000000000000
     0.000000000000000     9.696337472371395    -0.000000000000000
    -0.000000000000000    -0.000000000000000     9.696337472371397
28 29
     0.002996701471147     0.000000000000000    -0.000000000000000
     0.000000000000000     0.002996701471147     0.000000000000000
     0.000000000000000    -0.000000000000000     0.002996701471147
28 30
     0.250247780888912     0.000000000000000    -0.000000000000000
     0.000000000000000    -0.041754298479191     0.000000000000000
    -0.000000000000000    -0.000000000000000    -0.041754298479191
28 31
    -0.041754298479191    -0.000000000000000    -0.000000000000000
     0.000000000000000     0.250247780888912     0.000000000000000
    -0.000000000000000    -0.000000000000000    -0.041754298479191
28 32
    -0.057780722897860     0.000000000000000    -0.000000000000000
    -0.000000000000000    -0.057780722897860     0.000000000000000
     0.000000000000000    -0.000000000000000    -0.015432216503086
28 33
    -0.133864037968578     0.024354182278330    -0.024354182278330
     0.024354182278330    -0.011315208018914     0.009925772428687
    -0.024354182278330     0.009925772428687    -0.011315208018914
28 34
     0.003274804578268     0.012843773583882    -0.012843773583882
     0.012843773583882     0.003274804578268     0.012843773583882
    -0.012843773583882     0.012843773583882     0.003274804578268
28 35
     0.069928232653638     0.035338320594747    -0.035007932092412
     0.035338320594747     0.069928232653638     0.035007932092412
    -0.035007932092412     0.035007932092412    -0.031492912864906
28 36
    -0.011315208018914     0.024354182278330    -0.009925772428687
     0.024354182278330    -0.133864037968578     0.024354182278330
    -0.009925772428687     0.024354182278330    -0.011315208018914
28 37
     0.069928232653638     0.035007932092412    -0.035338320594747
     0.035007932092412    -0.031492912864906     0.035007932092412
    -0.035338320594747     0.035007932092412     0.069928232653638
28 38
    -0.011315208018914     0.009925772428687    -0.024354182278330
     0.009925772428687    -0.011315208018914     0.024354182278330
    -0.024354182278330     0.024354182278330    -0.133864037968579
28 39
    -2.341654446252050     1.196902454830706    -1.196902454830706
     1.196902454830706    -2.341654446252051     1.196902454830706
    -1.196902454830706     1.196902454830707    -2.341654446252051
28 40
    -0.031492912864906     0.035007932092412    -0.035007932092412
     0.035007932092412     0.069928232653638     0.035338320594747
    -0.035007932092412     0.035338320594747     0.069928232653638
28 41
    -0.158355902283347     0.156713285832666    -0.072948118759086
     0.156713285832666    -0.158355902283347     0.072948118759086
     0.072948118759086    -0.072948118759086     0.319300378862408
28 42
    -0.158355902283347    -0.156713285832666    -0.072948118759086
    -0.156713285832666    -0.158355902283347    -0.072948118759086
     0.072948118759086     0.072948118759086     0.319300378862408
28 43
    -0.158355902283347    -0.156713285832666     0.072948118759086
    -0.156713285832666    -0.158355902283347     0.072948118759086
    -0.072948118759086    -0.072948118759086     0.319300378862408
28 44
    -0.158355902283347     0.156713285832666     0.072948118759086
     0.156713285832666    -0.158355902283347    -0.072948118759086
    -0.072948118759086     0.072948118759086     0.319300378862408
28 45
    -0.034163283532962    -0.037615269320668    -0.012843031709053
    -0.037615269320668    -0.034163283532962     0.012843031709053
     0.012843031709053    -0.012843031709053     0.018478612139461
28 46
    -0.034163283532962     0.037615269320668    -0.012843031709053
     0.037615269320668    -0.034163283532962    -0.012843031709053
     0.012843031709053     0.012843031709053     0.018478612139461
28 47
    -0.034163283532962     0.037615269320668     0.012843031709053
     0.037615269320668    -0.034163283532962     0.012843031709053
    -0.012843031709053    -0.012843031709053     0.018478612139461
28 48
    -0.034163283532962    -0.037615269320668     0.012843031709053
    -0.037615269320668    -0.034163283532962    -0.012843031709053
    -0.012843031709053     0.012843031709053     0.018478612139461
28 49
     0.069928232653638    -0.035007932092412     0.035338320594747
    -0.035007932092412    -0.031492912864906     0.035007932092412
     0.035338320594747     0.035007932092412     0.069928232653638
28 50
    -0.011315208018914    -0.009925772428687     0.024354182278330
    -0.009925772428687    -0.011315208018914     0.024354182278330
     0.024354182278330     0.024354182278330    -0.133864037968579
28 51
    -2.341654446252050    -1.196902454830706     1.196902454830706
    -1.196902454830706    -2.341654446252051     1.196902454830706
     1.196902454830706     1.196902454830707    -2.341654446252051
28 52
    -0.031492912864906    -0.035007932092412     0.035007932092412
    -0.035007932092412     0.069928232653638     0.035338320594747
     0.035007932092412     0.035338320594747     0.069928232653638
28 53
    -0.133864037968578    -0.024354182278330     0.024354182278330
    -0.024354182278330    -0.011315208018914     0.009925772428687
     0.024354182278330     0.009925772428687    -0.011315208018914
28 54
     0.003274804578268    -0.012843773583882     0.012843773583882
    -0.012843773583882     0.003274804578268     0.012843773583882
     0.012843773583882     0.012843773583882     0.003274804578268
28 55
     0.069928232653638    -0.035338320594747     0.035007932092412
    -0.035338320594747     0.069928232653638     0.035007932092412
     0.035007932092412     0.035007932092412    -0.031492912864906
28 56
    -0.011315208018914    -0.024354182278330     0.009925772428687
    -0.024354182278330    -0.133864037968578     0.024354182278330
     0.009925772428687     0.024354182278330    -0.011315208018914
28 57
    -0.034163283532962    -0.012843031709053    -0.037615269320668
     0.012843031709053     0.018478612139461    -0.012843031709053
    -0.037615269320668     0.012843031709053    -0.034163283532962
28 58
    -0.034163283532962    -0.012843031709053     0.037615269320668
     0.012843031709053     0.018478612139461     0.012843031709053
     0.037615269320668    -0.012843031709053    -0.034163283532962
28 59
    -0.158355902283347    -0.072948118759086     0.156713285832666
     0.072948118759086     0.319300378862408    -0.072948118759086
     0.156713285832666     0.072948118759086    -0.158355902283347
28 60
    -0.158355902283347    -0.072948118759086    -0.156713285832666
     0.072948118759086     0.319300378862408     0.072948118759086
    -0.156713285832666    -0.072948118759086    -0.158355902283347
28 61
    -0.034163283532962     0.012843031709053     0.037615269320668
    -0.012843031709053     0.018478612139461    -0.012843031709053
     0.037615269320668     0.012843031709053    -0.034163283532962
28 62
    -0.034163283532962     0.012843031709053    -0.037615269320668
    -0.012843031709053     0.018478612139461     0.012843031709053
    -0.037615269320668    -0.012843031709053    -0.034163283532962
28 63
    -0.158355902283347     0.072948118759086    -0.156713285832666
    -0.072948118759086     0.319300378862408    -0.072948118759086
    -0.156713285832666     0.072948118759086    -0.158355902283347
28 64
    -0.158355902283347     0.072948118759086     0.156713285832666
    -0.072948118759086     0.319300378862408     0.072948118759086
     0.156713285832666    -0.072948118759086    -0.158355902283347
29 1
     0.069928232653638    -0.035338320594747    -0.035007932092412
    -0.035338320594747     0.069928232653638    -0.035007932092412
    -0.035007932092412    -0.035007932092412    -0.031492912864905
29 2
    -0.011315208018914    -0.024354182278330    -0.009925772428687
    -0.024354182278330    -0.133864037968579    -0.024354182278330
    -0.009925772428687    -0.024354182278330    -0.011315208018914
29 3
    -0.133864037968578    -0.024354182278330    -0.024354182278330
    -0.024354182278330    -0.011315208018914    -0.009925772428687
    -0.024354182278330    -0.009925772428687    -0.011315208018914
29 4
     0.003274804578268    -0.012843773583882    -0.012843773583882
    -0.012843773583882     0.003274804578268    -0.012843773583882
    -0.012843773583882    -0.012843773583882     0.003274804578268
29 5
    -2.341654446252050    -1.196902454830706    -1.196902454830706
    -1.196902454830706    -2.341654446252051    -1.196902454830706
    -1.196902454830706    -1.196902454830706    -2.341654446252050
29 6
    -0.031492912864905    -0.035007932092412    -0.035007932092412
    -0.035007932092412     0.069928232653638    -0.035338320594747
    -0.035007932092412    -0.035338320594747     0.069928232653638
29 7
     0.069928232653638    -0.035007932092412    -0.035338320594747
    -0.035007932092412    -0.031492912864906    -0.035007932092412
    -0.035338320594747    -0.035007932092412     0.069928232653638
29 8
    -0.011315208018914    -0.009925772428687    -0.024354182278330
    -0.009925772428687    -0.011315208018914    -0.024354182278330
    -0.024354182278330    -0.024354182278330    -0.133864037968578
29 9
     0.319300378862408    -0.072948118759086    -0.072948118759086
     0.072948118759086    -0.158355902283347    -0.156713285832666
     0.072948118759086    -0.156713285832666    -0.158355902283347
29 10
     0.018478612139461    -0.012843031709053    -0.012843031709053
     0.012843031709053    -0.034163283532962     0.037615269320668
     0.012843031709053     0.037615269320668    -0.034163283532962
29 11
     0.319300378862408    -0.072948118759086     0.072948118759086
     0.072948118759086    -0.158355902283347     0.156713285832666
    -0.072948118759086     0.156713285832666    -0.158355902283347
29 12
     0.018478612139461    -0.012843031709053     0.012843031709053
     0.012843031709053    -0.034163283532962    -0.037615269320668
    -0.012843031709053    -0.037615269320668    -0.034163283532962
29 13
     0.319300378862408     0.072948118759086    -0.072948118759086
    -0.072948118759086    -0.158355902283347     0.156713285832666
     0.072948118759086     0.156713285832666    -0.158355902283347
29 14
     0.018478612139461     0.012843031709053    -0.012843031709053
    -0.012843031709053    -0.034163283532962    -0.037615269320668
     0.012843031709053    -0.037615269320668    -0.034163283532962
29 15
     0.319300378862408     0.072948118759086     0.072948118759086
    -0.072948118759086    -0.158355902283347    -0.156713285832666
    -0.072948118759086    -0.156713285832666    -0.158355902283347
29 16
     0.018478612139461     0.012843031709053     0.012843031709053
    -0.012843031709053    -0.034163283532962     0.037615269320668
    -0.012843031709053     0.037615269320668    -0.034163283532962
29 17
    -2.341654446252050     1.196902454830706     1.196902454830706
     1.196902454830706    -2.341654446252051    -1.196902454830706
     1.196902454830706    -1.196902454830706    -2.341654446252050
29 18
    -0.031492912864905     0.035007932092412     0.035007932092412
     0.035007932092412     0.069928232653638    -0.035338320594747
     0.035007932092412    -0.035338320594747     0.069928232653638
29 19
     0.069928232653638     0.035007932092412     0.035338320594747
     0.035007932092412    -0.031492912864906    -0.035007932092412
     0.035338320594747    -0.035007932092412     0.069928232653638
29 20
    -0.011315208018914     0.009925772428687     0.024354182278330
     0.009925772428687    -0.011315208018914    -0.024354182278330
     0.024354182278330    -0.024354182278330    -0.133864037968578
29 21
     0.069928232653638     0.035338320594747     0.035007932092412
     0.035338320594747     0.069928232653638    -0.035007932092412
     0.035007932092412    -0.035007932092412    -0.031492912864906
29 22
    -0.011315208018914     0.024354182278330     0.009925772428687
     0.024354182278330    -0.133864037968579    -0.024354182278330
     0.009925772428687    -0.024354182278330    -0.011315208018914
29 23
    -0.133864037968578     0.024354182278330     0.024354182278330
     0.024354182278330    -0.011315208018914    -0.009925772428687
     0.024354182278330    -0.009925772428687    -0.011315208018914
29 24
     0.003274804578268     0.012843773583882     0.012843773583882
     0.012843773583882     0.003274804578268    -0.012843773583882
     0.012843773583882    -0.012843773583882     0.003274804578268
29 25
    -0.057780722897860    -0.000000000000000     0.000000000000000
     0.000000000000000    -0.057780722897860     0.000000000000000
    -0.000000000000000     0.000000000000000    -0.015432216503086
29 26
    -0.041754298479191    -0.000000000000000     0.000000000000000
     0.000000000000000     0.250247780888913    -0.000000000000000
    -0.000000000000000     0.000000000000000    -0.041754298479191
29 27
     0.250247780888912    -0.000000000000000     0.000000000000000
     0.000000000000000    -0.041754298479191     0.000000000000000
    -0.000000000000000     0.000000000000000    -0.041754298479191
29 28
     0.002996701471147     0.000000000000000     0.000000000000000
     0.000000000000000     0.002996701471147    -0.000000000000000
    -0.000000000000000     0.000000000000000     0.002996701471147
29 29
     9.696337472371393     0.000000000000000     0.000000000000000
     0.000000000000000     9.696337472371399     0.000000000000000
     0.000000000000000     0.000000000000000     9.696337472371393
29 30
    -0.015432216503086    -0.000000000000000     0.000000000000000
     0.000000000000000    -0.057780722897860     0.000000000000000
    -0.000000000000000     0.000000000000000    -0.057780722897860
29 31
    -0.057780722897860    -0.000000000000000     0.000000000000000
     0.000000000000000    -0.015432216503086     0.000000000000000
    -0.000000000000000     0.000000000000000    -0.057780722897860
29 32
    -0.041754298479191     0.000000000000000     0.000000000000000
    -0.000000000000000    -0.041754298479191     0.000000000000000
    -0.000000000000000     0.000000000000000     0.250247780888912
29 33
    -0.031492912864905     0.035007932092412    -0.035007932092412
     0.035007932092412     0.069928232653638     0.035338320594747
    -0.035007932092412     0.035338320594747     0.069928232653638
29 34
    -2.341654446252050     1.196902454830706    -1.196902454830706
     1.196902454830706    -2.341654446252051     1.196902454830707
    -1.196902454830706     1.196902454830706    -2.341654446252051
29 35
    -0.011315208018914     0.009925772428687    -0.024354182278330
     0.009925772428687    -0.011315208018914     0.024354182278330
    -0.024354182278330     0.024354182278330    -0.133864037968578
29 36
     0.069928232653638     0.035007932092412    -0.035338320594747
     0.035007932092412    -0.031492912864906     0.035007932092412
    -0.035338320594747     0.035007932092412     0.069928232653638
29 37
    -0.011315208018914     0.024354182278330    -0.009925772428687
     0.024354182278330    -0.133864037968579     0.024354182278330
    -0.009925772428687     0.024354182278330    -0.011315208018914
29 38
     0.069928232653638     0.035338320594747    -0.035007932092412
     0.035338320594747     0.069928232653638     0.035007932092412
    -0.035007932092412     0.035007932092412    -0.031492912864905
29 39
     0.003274804578268     0.012843773583882    -0.012843773583882
     0.012843773583882     0.003274804578268     0.012843773583882
    -0.012843773583882     0.012843773583882     0.003274804578268
29 40
    -0.133864037968579     0.024354182278330    -0.024354182278330
     0.024354182278330    -0.011315208018914     0.009925772428687
    -0.024354182278330     0.009925772428687    -0.011315208018914
29 41
    -0.034163283532962    -0.037615269320668     0.012843031709053
    -0.037615269320668    -0.034163283532962    -0.012843031709053
    -0.012843031709053     0.012843031709053     0.018478612139461
29 42
    -0.034163283532962     0.037615269320668     0.012843031709053
     0.037615269320668    -0.034163283532962     0.012843031709053
    -0.012843031709053    -0.012843031709053     0.018478612139461
29 43
    -0.034163283532962     0.037615269320668    -0.012843031709053
     0.037615269320668    -0.034163283532962    -0.012843031709053
     0.012843031709053     0.012843031709053     0.018478612139461
29 44
    -0.034163283532962    -0.037615269320668    -0.012843031709053
    -0.037615269320668    -0.034163283532962     0.012843031709053
     0.012843031709053    -0.012843031709053     0.018478612139461
29 45
    -0.158355902283347     0.156713285832666     0.072948118759086
     0.156713285832666    -0.158355902283347    -0.072948118759086
    -0.072948118759086     0.072948118759086     0.319300378862408
29 46
    -0.158355902283347    -0.156713285832666     0.072948118759086
    -0.156713285832666    -0.158355902283347     0.072948118759086
    -0.072948118759086    -0.072948118759086     0.319300378862408
29 47
    -0.158355902283347    -0.156713285832666    -0.072948118759086
    -0.156713285832666    -0.158355902283347    -0.072948118759086
     0.072948118759086     0.072948118759086     0.319300378862408
29 48
    -0.158355902283347     0.156713285832666    -0.072948118759086
     0.156713285832666    -0.158355902283347     0.072948118759086
     0.072948118759086    -0.072948118759086     0.319300378862408
29 49
    -0.011315208018914    -0.024354182278330     0.009925772428687
    -0.024354182278330    -0.133864037968579     0.024354182278330
     0.009925772428687     0.024354182278330    -0.011315208018914
29 50
     0.069928232653638    -0.035338320594747     0.035007932092412
    -0.035338320594747     0.069928232653638     0.035007932092412
     0.035007932092412     0.035007932092412    -0.031492912864906
29 51
     0.003274804578268    -0.012843773583882     0.012843773583882
    -0.012843773583882     0.003274804578268     0.012843773583882
     0.012843773583882     0.012843773583882     0.003274804578268
29 52
    -0.133864037968578    -0.024354182278330     0.024354182278330
    -0.024354182278330    -0.011315208018914     0.009925772428687
     0.024354182278330     0.009925772428687    -0.011315208018914
29 53
    -0.031492912864905    -0.035007932092412     0.035007932092412
    -0.035007932092412     0.069928232653638     0.035338320594747
     0.035007932092412     0.035338320594747     0.069928232653638
29 54
    -2.341654446252051    -1.196902454830706     1.196902454830706
    -1.196902454830707    -2.341654446252051     1.196902454830706
     1.196902454830706     1.196902454830706    -2.341654446252050
29 55
    -0.011315208018914    -0.009925772428687     0.024354182278330
    -0.009925772428687    -0.011315208018914     0.024354182278330
     0.024354182278330     0.024354182278330    -0.133864037968579
29 56
     0.069928232653638    -0.035007932092412     0.035338320594747
    -0.035007932092412    -0.031492912864906     0.035007932092412
     0.035338320594747     0.035007932092412     0.069928232653638
29 57
    -0.158355902283347     0.072948118759086     0.156713285832666
    -0.072948118759086     0.319300378862408     0.072948118759086
     0.156713285832666    -0.072948118759086    -0.158355902283347
29 58
    -0.158355902283347     0.072948118759086    -0.156713285832666
    -0.072948118759086     0.319300378862408    -0.072948118759086
    -0.156713285832666     0.072948118759086    -0.158355902283347
29 59
    -0.034163283532962     0.012843031709053    -0.037615269320668
    -0.012843031709053     0.018478612139461     0.012843031709053
    -0.037615269320668    -0.012843031709053    -0.034163283532962
29 60
    -0.034163283532962     0.012843031709053     0.037615269320668
    -0.012843031709053     0.018478612139461    -0.012843031709053
     0.037615269320668     0.012843031709053    -0.034163283532962
29 61
    -0.158355902283347    -0.072948118759086    -0.156713285832666
     0.072948118759086     0.319300378862408     0.072948118759086
    -0.156713285832666    -0.072948118759086    -0.158355902283347
29 62
    -0.158355902283347    -0.072948118759086     0.156713285832666
     0.072948118759086     0.319300378862408    -0.072948118759086
     0.156713285832666     0.072948118759086    -0.158355902283347
29 63
    -0.034163283532962    -0.012843031709053     0.037615269320668
     0.012843031709053     0.018478612139461     0.012843031709053
     0.037615269320668    -0.012843031709053    -0.034163283532962
29 64
    -0.034163283532962    -0.012843031709053    -0.037615269320668
     0.012843031709053     0.018478612139461    -0.012843031709053
    -0.037615269320668     0.012843031709053    -0.034163283532962
30 1
    -0.011315208018914    -0.024354182278330    -0.009925772428687
    -0.024354182278330    -0.133864037968579    -0.024354182278330
    -0.009925772428687    -0.024354182278330    -0.011315208018914
30 2
     0.069928232653638    -0.035338320594747    -0.035007932092412
    -0.035338320594747     0.069928232653638    -0.035007932092412
    -0.035007932092412    -0.035007932092412    -0.031492912864905
30 3
     0.003274804578268    -0.012843773583882    -0.012843773583882
    -0.012843773583882     0.003274804578268    -0.012843773583882
    -0.012843773583882    -0.012843773583882     0.003274804578268
30 4
    -0.133864037968579    -0.024354182278330    -0.024354182278330
    -0.024354182278330    -0.011315208018914    -0.009925772428687
    -0.024354182278330    -0.009925772428687    -0.011315208018914
30 5
    -0.031492912864906    -0.035007932092412    -0.035007932092412
    -0.035007932092412     0.069928232653638    -0.035338320594747
    -0.035007932092412    -0.035338320594747     0.069928232653638
30 6
    -2.341654446252051    -1.196902454830707    -1.196902454830706
    -1.196902454830706    -2.341654446252051    -1.196902454830706
    -1.196902454830706    -1.196902454830706    -2.341654446252050
30 7
    -0.011315208018914    -0.009925772428687    -0.024354182278330
    -0.009925772428687    -0.011315208018914    -0.024354182278330
    -0.024354182278330    -0.024354182278330    -0.133864037968578
30 8
     0.069928232653638    -0.035007932092412    -0.035338320594747
    -0.035007932092412    -0.031492912864905    -0.035007932092412
    -0.035338320594747    -0.035007932092412     0.069928232653638
30 9
     0.018478612139461    -0.012843031709053    -0.012843031709053
     0.012843031709053    -0.034163283532962     0.037615269320668
     0.012843031709053     0.037615269320668    -0.034163283532962
30 10
     0.319300378862408    -0.072948118759086    -0.072948118759086
     0.072948118759086    -0.158355902283347    -0.156713285832666
     0.072948118759086    -0.156713285832666    -0.158355902283347
30 11
     0.018478612139461    -0.012843031709053     0.012843031709053
     0.012843031709053    -0.034163283532962    -0.037615269320668
    -0.012843031709053    -0.037615269320668    -0.034163283532962
30 12
     0.319300378862408    -0.072948118759086     0.072948118759086
     0.072948118759086    -0.158355902283347     0.156713285832666
    -0.072948118759086     0.156713285832666    -0.158355902283347
30 13
     0.018478612139461     0.012843031709053    -0.012843031709053
    -0.012843031709053    -0.034163283532962    -0.037615269320668
     0.012843031709053    -0.037615269320668    -0.034163283532962
30 14
     0.319300378862408     0.072948118759086    -0.072948118759086
    -0.072948118759086    -0.158355902283347     0.156713285832666
     0.072948118759086     0.156713285832666    -0.158355902283347
30 15
     0.018478612139461     0.012843031709053     0.012843031709053
    -0.012843031709053    -0.034163283532962     0.037615269320668
    -0.012843031709053     0.037615269320668    -0.034163283532962
30 16
     0.319300378862408     0.072948118759086     0.072948118759086
    -0.072948118759086    -0.158355902283347    -0.156713285832666
    -0.072948118759086    -0.156713285832666    -0.158355902283347
30 17
    -0.031492912864906     0.035007932092412     0.035007932092412
     0.035007932092412     0.069928232653638    -0.035338320594747
     0.035007932092412    -0.035338320594747     0.069928232653638
30 18
    -2.341654446252051     1.196902454830706     1.196902454830707
     1.196902454830706    -2.341654446252050    -1.196902454830706
     1.196902454830706    -1.196902454830706    -2.341654446252051
30 19
    -0.011315208018914     0.009925772428687     0.024354182278330
     0.009925772428687    -0.011315208018914    -0.024354182278330
     0.024354182278330    -0.024354182278330    -0.133864037968578
30 20
     0.069928232653638     0.035007932092412     0.035338320594747
     0.035007932092412    -0.031492912864906    -0.035007932092412
     0.035338320594747    -0.035007932092412     0.069928232653638
30 21
    -0.011315208018914     0.024354182278330     0.009925772428687
     0.024354182278330    -0.133864037968578    -0.024354182278330
     0.009925772428687    -0.024354182278330    -0.011315208018914
30 22
     0.069928232653638     0.035338320594747     0.035007932092412
     0.035338320594747     0.069928232653638    -0.035007932092412
     0.035007932092412    -0.035007932092412    -0.031492912864905
30 23
     0.003274804578268     0.012843773583882     0.012843773583882
     0.012843773583882     0.003274804578268    -0.012843773583882
     0.012843773583882    -0.012843773583882     0.003274804578268
30 24
    -0.133864037968579     0.024354182278330     0.024354182278330
     0.024354182278330    -0.011315208018914    -0.009925772428687
     0.024354182278330    -0.009925772428687    -0.011315208018914
30 25
    -0.041754298479191    -0.000000000000000    -0.000000000000000
     0.000000000000000     0.250247780888912     0.000000000000000
    -0.000000000000000     0.000000000000000    -0.041754298479191
30 26
    -0.057780722897860     0.000000000000000    -0.000000000000000
    -0.000000000000000    -0.057780722897860    -0.000000000000000
     0.000000000000000     0.000000000000000    -0.015432216503086
30 27
     0.002996701471147     0.000000000000000    -0.000000000000000
    -0.000000000000000     0.002996701471147     0.000000000000000
     0.000000000000000     0.000000000000000     0.002996701471147
30 28
     0.250247780888912     0.000000000000000    -0.000000000000000
     0.000000000000000    -0.041754298479191    -0.000000000000000
    -0.000000000000000     0.000000000000000    -0.041754298479191
30 29
    -0.015432216503086     0.000000000000000    -0.000000000000000
    -0.000000000000000    -0.057780722897860     0.000000000000000
     0.000000000000000     0.000000000000000    -0.057780722897860
30 30
     9.696337472371397     0.000000000000000    -0.000000000000000
     0.000000000000000     9.696337472371393     0.000000000000000
    -0.000000000000000     0.000000000000000     9.696337472371395
30 31
    -0.041754298479191    -0.000000000000000    -0.000000000000000
     0.000000000000000    -0.041754298479191     0.000000000000000
    -0.000000000000000     0.000000000000000     0.250247780888913
30 32
    -0.057780722897860     0.000000000000000    -0.000000000000000
    -0.000000000000000    -0.015432216503086     0.000000000000000
     0.000000000000000    -0.000000000000000    -0.057780722897860
30 33
    -2.341654446252051     1.196902454830706    -1.196902454830707
     1.196902454830706    -2.341654446252050     1.196902454830706
    -1.196902454830706     1.196902454830706    -2.341654446252051
30 34
    -0.031492912864906     0.035007932092412    -0.035007932092412
     0.035007932092412     0.069928232653638     0.035338320594747
    -0.035007932092412     0.035338320594747     0.069928232653638
30 35
     0.069928232653638     0.035007932092412    -0.035338320594747
     0.035007932092412    -0.031492912864905     0.035007932092412
    -0.035338320594747     0.035007932092412     0.069928232653638
30 36
    -0.011315208018914     0.009925772428687    -0.024354182278330
     0.009925772428687    -0.011315208018914     0.024354182278330
    -0.024354182278330     0.024354182278330    -0.133864037968578
30 37
     0.069928232653638     0.035338320594747    -0.035007932092412
     0.035338320594747     0.069928232653638     0.035007932092412
    -0.035007932092412     0.035007932092412    -0.031492912864905
30 38
    -0.011315208018914     0.024354182278330    -0.009925772428687
     0.024354182278330    -0.133864037968578     0.024354182278330
    -0.009925772428687     0.024354182278330    -0.011315208018914
30 39
    -0.133864037968579     0.024354182278330    -0.024354182278330
     0.024354182278330    -0.011315208018914     0.009925772428687
    -0.024354182278330     0.009925772428687    -0.011315208018914
30 40
     0.003274804578268     0.012843773583882    -0.012843773583882
     0.012843773583882     0.003274804578268     0.012843773583882
    -0.012843773583882     0.012843773583882     0.003274804578268
30 41
    -0.034163283532962     0.037615269320668     0.012843031709053
     0.037615269320668    -0.034163283532962     0.012843031709053
    -0.012843031709053    -0.012843031709053     0.018478612139461
30 42
    -0.034163283532962    -0.037615269320668     0.012843031709053
    -0.037615269320668    -0.034163283532962    -0.012843031709053
    -0.012843031709053     0.012843031709053     0.018478612139461
30 43
    -0.034163283532962    -0.037615269320668    -0.012843031709053
    -0.037615269320668    -0.034163283532962     0.012843031709053
     0.012843031709053    -0.012843031709053     0.018478612139461
30 44
    -0.034163283532962     0.037615269320668    -0.012843031709053
     0.037615269320668    -0.034163283532962    -0.012843031709053
     0.012843031709053     0.012843031709053     0.018478612139461
30 45
    -0.158355902283347    -0.156713285832666     0.072948118759086
    -0.156713285832666    -0.158355902283347     0.072948118759086
    -0.072948118759086    -0.072948118759086     0.319300378862408
30 46
    -0.158355902283347     0.156713285832666     0.072948118759086
     0.156713285832666    -0.158355902283347    -0.072948118759086
    -0.072948118759086     0.072948118759086     0.319300378862408
30 47
    -0.158355902283347     0.156713285832666    -0.072948118759086
     0.156713285832666    -0.158355902283347     0.072948118759086
     0.072948118759086    -0.072948118759086     0.319300378862408
30 48
    -0.158355902283347    -0.156713285832666    -0.072948118759086
    -0.156713285832666    -0.158355902283347    -0.072948118759086
     0.072948118759086     0.072948118759086     0.319300378862408
30 49
     0.069928232653638    -0.035338320594747     0.035007932092412
    -0.035338320594747     0.069928232653638     0.035007932092412
     0.035007932092412     0.035007932092412    -0.031492912864905
30 50
    -0.011315208018914    -0.024354182278330     0.009925772428687
    -0.024354182278330    -0.133864037968578     0.024354182278330
     0.009925772428687     0.024354182278330    -0.011315208018914
30 51
    -0.133864037968579    -0.024354182278330     0.024354182278330
    -0.024354182278330    -0.011315208018914     0.009925772428687
     0.024354182278330     0.009925772428687    -0.011315208018914
30 52
     0.003274804578268    -0.012843773583882     0.012843773583882
    -0.012843773583882     0.003274804578268     0.012843773583882
     0.012843773583882     0.012843773583882     0.003274804578268
30 53
    -2.341654446252051    -1.196902454830706     1.196902454830707
    -1.196902454830706    -2.341654446252050     1.196902454830706
     1.196902454830706     1.196902454830706    -2.341654446252051
30 54
    -0.031492912864906    -0.035007932092412     0.035007932092412
    -0.035007932092412     0.069928232653638     0.035338320594747
     0.035007932092412     0.035338320594747     0.069928232653638
30 55
     0.069928232653638    -0.035007932092412     0.035338320594747
    -0.035007932092412    -0.031492912864905     0.035007932092412
     0.035338320594747     0.035007932092412     0.069928232653638
30 56
    -0.011315208018914    -0.009925772428687     0.024354182278330
    -0.009925772428687    -0.011315208018914     0.024354182278330
     0.024354182278330     0.024354182278330    -0.133864037968578
30 57
    -0.158355902283347     0.072948118759086    -0.156713285832666
    -0.072948118759086     0.319300378862408    -0.072948118759086
    -0.156713285832666     0.072948118759086    -0.158355902283347
30 58
    -0.158355902283347     0.072948118759086     0.156713285832666
    -0.072948118759086     0.319300378862408     0.072948118759086
     0.156713285832666    -0.072948118759086    -0.158355902283347
30 59
    -0.034163283532962     0.012843031709053     0.037615269320668
    -0.012843031709053     0.018478612139461    -0.012843031709053
     0.037615269320668     0.012843031709053    -0.034163283532962
30 60
    -0.034163283532962     0.012843031709053    -0.037615269320668
    -0.012843031709053     0.018478612139461     0.012843031709053
    -0.037615269320668    -0.012843031709053    -0.034163283532962
30 61
    -0.158355902283347    -0.072948118759086     0.156713285832666
     0.072948118759086     0.319300378862408    -0.072948118759086
     0.156713285832666     0.072948118759086    -0.158355902283347
30 62
    -0.158355902283347    -0.072948118759086    -0.156713285832666
     0.072948118759086     0.319300378862408     0.072948118759086
    -0.156713285832666    -0.072948118759086    -0.158355902283347
30 63
    -0.034163283532962    -0.012843031709053    -0.037615269320668
     0.012843031709053     0.018478612139461    -0.012843031709053
    -0.037615269320668     0.012843031709053    -0.034163283532962
30 64
    -0.034163283532962    -0.012843031709053     0.037615269320668
     0.012843031709053     0.018478612139461     0.012843031709053
     0.037615269320668    -0.012843031709053    -0.034163283532962
31 1
    -0.133864037968578    -0.024354182278330    -0.024354182278330
    -0.024354182278330    -0.011315208018914    -0.009925772428687
    -0.024354182278330    -0.009925772428687    -0.011315208018914
31 2
     0.003274804578268    -0.012843773583882    -0.012843773583882
    -0.012843773583882     0.003274804578268    -0.012843773583882
    -0.012843773583882    -0.012843773583882     0.003274804578268
31 3
     0.069928232653638    -0.035338320594747    -0.035007932092412
    -0.035338320594747     0.069928232653638    -0.035007932092412
    -0.035007932092412    -0.035007932092412    -0.031492912864905
31 4
    -0.011315208018914    -0.024354182278330    -0.009925772428687
    -0.024354182278330    -0.133864037968578    -0.024354182278330
    -0.009925772428687    -0.024354182278330    -0.011315208018914
31 5
     0.069928232653638    -0.035007932092412    -0.035338320594747
    -0.035007932092412    -0.031492912864906    -0.035007932092412
    -0.035338320594747    -0.035007932092412     0.069928232653638
31 6
    -0.011315208018914    -0.009925772428687    -0.024354182278330
    -0.009925772428687    -0.011315208018914    -0.024354182278330
    -0.024354182278330    -0.024354182278330    -0.133864037968578
31 7
    -2.341654446252051    -1.196902454830707    -1.196902454830706
    -1.196902454830706    -2.341654446252051    -1.196902454830706
    -1.196902454830706    -1.196902454830706    -2.341654446252050
31 8
    -0.031492912864906    -0.035007932092412    -0.035007932092412
    -0.035007932092412     0.069928232653638    -0.035338320594747
    -0.035007932092412    -0.035338320594747     0.069928232653638
31 9
     0.319300378862408    -0.072948118759086     0.072948118759086
     0.072948118759086    -0.158355902283347     0.156713285832666
    -0.072948118759086     0.156713285832666    -0.158355902283347
31 10
     0.018478612139461    -0.012843031709053     0.012843031709053
     0.012843031709053    -0.034163283532962    -0.037615269320668
    -0.012843031709053    -0.037615269320668    -0.034163283532962
31 11
     0.319300378862408    -0.072948118759086    -0.072948118759086
     0.072948118759086    -0.158355902283347    -0.156713285832666
     0.072948118759086    -0.156713285832666    -0.158355902283347
31 12
     0.018478612139461    -0.012843031709053    -0.012843031709053
     0.012843031709053    -0.034163283532962     0.037615269320668
     0.012843031709053     0.037615269320668    -0.034163283532962
31 13
     0.319300378862408     0.072948118759086     0.072948118759086
    -0.072948118759086    -0.158355902283347    -0.156713285832666
    -0.072948118759086    -0.156713285832666    -0.158355902283347
31 14
     0.018478612139461     0.012843031709053     0.012843031709053
    -0.012843031709053    -0.034163283532962     0.037615269320668
    -0.012843031709053     0.037615269320668    -0.034163283532962
31 15
     0.319300378862408     0.072948118759086    -0.072948118759086
    -0.072948118759086    -0.158355902283347     0.156713285832666
     0.072948118759086     0.156713285832666    -0.158355902283347
31 16
     0.018478612139461     0.012843031709053    -0.012843031709053
    -0.012843031709053    -0.034163283532962    -0.037615269320668
     0.012843031709053    -0.037615269320668    -0.034163283532962
31 17
     0.069928232653638     0.035007932092412     0.035338320594747
     0.035007932092412    -0.031492912864906    -0.035007932092412
     0.035338320594747    -0.035007932092412     0.069928232653638
31 18
    -0.011315208018914     0.009925772428687     0.024354182278330
     0.009925772428687    -0.011315208018914    -0.024354182278330
     0.024354182278330    -0.024354182278330    -0.133864037968578
31 19
    -2.341654446252051     1.196902454830706     1.196902454830707
     1.196902454830706    -2.341654446252050    -1.196902454830706
     1.196902454830706    -1.196902454830706    -2.341654446252051
31 20
    -0.031492912864906     0.035007932092412     0.035007932092412
     0.035007932092412     0.069928232653638    -0.035338320594747
     0.035007932092412    -0.035338320594747     0.069928232653638
31 21
    -0.133864037968578     0.024354182278330     0.024354182278330
     0.024354182278330    -0.011315208018914    -0.009925772428687
     0.024354182278330    -0.009925772428687    -0.011315208018914
31 22
     0.003274804578268     0.012843773583882     0.012843773583882
     0.012843773583882     0.003274804578268    -0.012843773583882
     0.012843773583882    -0.012843773583882     0.003274804578268
31 23
     0.069928232653638     0.035338320594747     0.035007932092412
     0.035338320594747     0.069928232653638    -0.035007932092412
     0.035007932092412    -0.035007932092412    -0.031492912864905
31 24
    -0.011315208018914     0.024354182278330     0.009925772428687
     0.024354182278330    -0.133864037968578    -0.024354182278330
     0.009925772428687    -0.024354182278330    -0.011315208018914
31 25
     0.250247780888913    -0.000000000000000    -0.000000000000000
     0.000000000000000    -0.041754298479191     0.000000000000000
    -0.000000000000000     0.000000000000000    -0.041754298479191
31 26
     0.002996701471147     0.000000000000000    -0.000000000000000
    -0.000000000000000     0.002996701471147    -0.000000000000000
     0.000000000000000     0.000000000000000     0.002996701471147
31 27
    -0.057780722897860     0.000000000000000    -0.000000000000000
    -0.000000000000000    -0.057780722897860     0.000000000000000
     0.000000000000000     0.000000000000000    -0.015432216503086
31 28
    -0.041754298479191     0.000000000000000    -0.000000000000000
    -0.000000000000000     0.250247780888912    -0.000000000000000
    -0.000000000000000     0.000000000000000    -0.041754298479191
31 29
    -0.057780722897860     0.000000000000000    -0.000000000000000
    -0.000000000000000    -0.015432216503086     0.000000000000000
     0.000000000000000     0.000000000000000    -0.057780722897860
31 30
    -0.041754298479191     0.000000000000000    -0.000000000000000
    -0.000000000000000    -0.041754298479191     0.000000000000000
    -0.000000000000000     0.000000000000000     0.250247780888913
31 31
     9.696337472371397     0.000000000000000     0.000000000000000
     0.000000000000000     9.696337472371393     0.000000000000000
     0.000000000000000     0.000000000000000     9.696337472371393
31 32
    -0.015432216503086     0.000000000000000    -0.000000000000000
    -0.000000000000000    -0.057780722897860     0.000000000000000
     0.000000000000000    -0.000000000000000    -0.057780722897860
31 33
    -0.011315208018914     0.009925772428687    -0.024354182278330
     0.009925772428687    -0.011315208018914     0.024354182278330
    -0.024354182278330     0.024354182278330    -0.133864037968579
31 34
     0.069928232653638     0.035007932092412    -0.035338320594747
     0.035007932092412    -0.031492912864905     0.035007932092412
    -0.035338320594747     0.035007932092412     0.069928232653638
31 35
    -0.031492912864906     0.035007932092412    -0.035007932092412
     0.035007932092412     0.069928232653638     0.035338320594747
    -0.035007932092412     0.035338320594747     0.069928232653638
31 36
    -2.341654446252051     1.196902454830706    -1.196902454830706
     1.196902454830706    -2.341654446252050     1.196902454830706
    -1.196902454830706     1.196902454830706    -2.341654446252050
31 37
     0.003274804578268     0.012843773583882    -0.012843773583882
     0.012843773583882     0.003274804578268     0.012843773583882
    -0.012843773583882     0.012843773583882     0.003274804578268
31 38
    -0.133864037968579     0.024354182278330    -0.024354182278330
     0.024354182278330    -0.011315208018914     0.009925772428687
    -0.024354182278330     0.009925772428687    -0.011315208018914
31 39
    -0.011315208018914     0.024354182278330    -0.009925772428687
     0.024354182278330    -0.133864037968579     0.024354182278330
    -0.009925772428687     0.024354182278330    -0.011315208018914
31 40
     0.069928232653638     0.035338320594747    -0.035007932092412
     0.035338320594747     0.069928232653638     0.035007932092412
    -0.035007932092412     0.035007932092412    -0.031492912864905
31 41
    -0.034163283532962     0.037615269320668    -0.012843031709053
     0.037615269320668    -0.034163283532962    -0.012843031709053
     0.012843031709053     0.012843031709053     0.018478612139461
31 42
    -0.034163283532962    -0.037615269320668    -0.012843031709053
    -0.037615269320668    -0.034163283532962     0.012843031709053
     0.012843031709053    -0.012843031709053     0.018478612139461
31 43
    -0.034163283532962    -0.037615269320668     0.012843031709053
    -0.037615269320668    -0.034163283532962    -0.012843031709053
    -0.012843031709053     0.012843031709053     0.018478612139461
31 44
    -0.034163283532962     0.037615269320668     0.012843031709053
     0.037615269320668    -0.034163283532962     0.012843031709053
    -0.012843031709053    -0.012843031709053     0.018478612139461
31 45
    -0.158355902283347    -0.156713285832666    -0.072948118759086
    -0.156713285832666    -0.158355902283347    -0.072948118759086
     0.072948118759086     0.072948118759086     0.319300378862408
31 46
    -0.158355902283347     0.156713285832666    -0.072948118759086
     0.156713285832666    -0.158355902283347     0.072948118759086
     0.072948118759086    -0.072948118759086     0.319300378862408
31 47
    -0.158355902283347     0.156713285832666     0.072948118759086
     0.156713285832666    -0.158355902283347    -0.072948118759086
    -0.072948118759086     0.072948118759086     0.319300378862408
31 48
    -0.158355902283347    -0.156713285832666     0.072948118759086
    -0.156713285832666    -0.158355902283347     0.072948118759086
    -0.072948118759086    -0.072948118759086     0.319300378862408
31 49
     0.003274804578268    -0.012843773583882     0.012843773583882
    -0.012843773583882     0.003274804578268     0.012843773583882
     0.012843773583882     0.012843773583882     0.003274804578268
31 50
    -0.133864037968579    -0.024354182278330     0.024354182278330
    -0.024354182278330    -0.011315208018914     0.009925772428687
     0.024354182278330     0.009925772428687    -0.011315208018914
31 51
    -0.011315208018914    -0.024354182278330     0.009925772428687
    -0.024354182278330    -0.133864037968579     0.024354182278330
     0.009925772428687     0.024354182278330    -0.011315208018914
31 52
     0.069928232653638    -0.035338320594747     0.035007932092412
    -0.035338320594747     0.069928232653638     0.035007932092412
     0.035007932092412     0.035007932092412    -0.031492912864905
31 53
    -0.011315208018914    -0.009925772428687     0.024354182278330
    -0.009925772428687    -0.011315208018914     0.024354182278330
     0.024354182278330     0.024354182278330    -0.133864037968578
31 54
     0.069928232653638    -0.035007932092412     0.035338320594747
    -0.035007932092412    -0.031492912864905     0.035007932092412
     0.035338320594747     0.035007932092412     0.069928232653638
31 55
    -0.031492912864906    -0.035007932092412     0.035007932092412
    -0.035007932092412     0.069928232653638     0.035338320594747
     0.035007932092412     0.035338320594747     0.069928232653638
31 56
    -2.341654446252051    -1.196902454830706     1.196902454830707
    -1.196902454830706    -2.341654446252050     1.196902454830706
     1.196902454830705     1.196902454830706    -2.341654446252051
31 57
    -0.034163283532962     0.012843031709053    -0.037615269320668
    -0.012843031709053     0.018478612139461     0.012843031709053
    -0.037615269320668    -0.012843031709053    -0.034163283532962
31 58
    -0.034163283532962     0.012843031709053     0.037615269320668
    -0.012843031709053     0.018478612139461    -0.012843031709053
     0.037615269320668     0.012843031709053    -0.034163283532962
31 59
    -0.158355902283347     0.072948118759086     0.156713285832666
    -0.072948118759086     0.319300378862408     0.072948118759086
     0.156713285832666    -0.072948118759086    -0.158355902283347
31 60
    -0.158355902283347     0.072948118759086    -0.156713285832666
    -0.072948118759086     0.319300378862408    -0.072948118759086
    -0.156713285832666     0.072948118759086    -0.158355902283347
31 61
    -0.034163283532962    -0.012843031709053     0.037615269320668
     0.012843031709053     0.018478612139461     0.012843031709053
     0.037615269320668    -0.012843031709053    -0.034163283532962
31 62
    -0.034163283532962    -0.012843031709053    -0.037615269320668
     0.012843031709053     0.018478612139461    -0.012843031709053
    -0.037615269320668     0.012843031709053    -0.034163283532962
31 63
    -0.158355902283347    -0.072948118759086    -0.156713285832666
     0.072948118759086     0.319300378862408     0.072948118759086
    -0.156713285832666    -0.072948118759086    -0.158355902283347
31 64
    -0.158355902283347    -0.072948118759086     0.156713285832666
     0.072948118759086     0.319300378862408    -0.072948118759086
     0.156713285832666     0.072948118759086    -0.158355902283347
32 1
     0.003274804578268    -0.012843773583882    -0.012843773583882
    -0.012843773583882     0.003274804578268    -0.012843773583882
    -0.012843773583882    -0.012843773583882     0.003274804578268
32 2
    -0.133864037968578    -0.024354182278330    -0.024354182278330
    -0.024354182278330    -0.011315208018914    -0.009925772428687
    -0.024354182278330    -0.009925772428687    -0.011315208018914
32 3
    -0.011315208018914    -0.024354182278330    -0.009925772428687
    -0.024354182278330    -0.133864037968579    -0.024354182278330
    -0.009925772428687    -0.024354182278330    -0.011315208018914
32 4
     0.069928232653638    -0.035338320594747    -0.035007932092412
    -0.035338320594747     0.069928232653638    -0.035007932092412
    -0.035007932092412    -0.035007932092412    -0.031492912864905
32 5
    -0.011315208018914    -0.009925772428687    -0.024354182278330
    -0.009925772428687    -0.011315208018914    -0.024354182278330
    -0.024354182278330    -0.024354182278330    -0.133864037968578
32 6
     0.069928232653638    -0.035007932092412    -0.035338320594747
    -0.035007932092412    -0.031492912864906    -0.035007932092412
    -0.035338320594747    -0.035007932092412     0.069928232653638
32 7
    -0.031492912864905    -0.035007932092412    -0.035007932092412
    -0.035007932092412     0.069928232653638    -0.035338320594747
    -0.035007932092412    -0.035338320594747     0.069928232653638
32 8
    -2.341654446252051    -1.196902454830706    -1.196902454830706
    -1.196902454830707    -2.341654446252051    -1.196902454830706
    -1.196902454830706    -1.196902454830706    -2.341654446252050
32 9
     0.018478612139461    -0.012843031709053     0.012843031709053
     0.012843031709053    -0.034163283532962    -0.037615269320668
    -0.012843031709053    -0.037615269320668    -0.034163283532962
32 10
     0.319300378862408    -0.072948118759086     0.072948118759086
     0.072948118759086    -0.158355902283347     0.156713285832666
    -0.072948118759086     0.156713285832666    -0.158355902283347
32 11
     0.018478612139461    -0.012843031709053    -0.012843031709053
     0.012843031709053    -0.034163283532962     0.037615269320668
     0.012843031709053     0.037615269320668    -0.034163283532962
32 12
     0.319300378862408    -0.072948118759086    -0.072948118759086
     0.072948118759086    -0.158355902283347    -0.156713285832666
     0.072948118759086    -0.156713285832666    -0.158355902283347
32 13
     0.018478612139461     0.012843031709053     0.012843031709053
    -0.012843031709053    -0.034163283532962     0.037615269320668
    -0.012843031709053     0.037615269320668    -0.034163283532962
32 14
     0.319300378862408     0.072948118759086     0.072948118759086
    -0.072948118759086    -0.158355902283347    -0.156713285832666
    -0.072948118759086    -0.156713285832666    -0.158355902283347
32 15
     0.018478612139461     0.012843031709053    -0.012843031709053
    -0.012843031709053    -0.034163283532962    -0.037615269320668
     0.012843031709053    -0.037615269320668    -0.034163283532962
32 16
     0.319300378862408     0.072948118759086    -0.072948118759086
    -0.072948118759086    -0.158355902283347     0.156713285832666
     0.072948118759086     0.156713285832666    -0.158355902283347
32 17
    -0.011315208018914     0.009925772428687     0.024354182278330
     0.009925772428687    -0.011315208018914    -0.024354182278330
     0.024354182278330    -0.024354182278330    -0.133864037968578
32 18
     0.069928232653638     0.035007932092412     0.035338320594747
     0.035007932092412    -0.031492912864906    -0.035007932092412
     0.035338320594747    -0.035007932092412     0.069928232653638
32 19
    -0.031492912864905     0.035007932092412     0.035007932092412
     0.035007932092412     0.069928232653638    -0.035338320594747
     0.035007932092412    -0.035338320594747     0.069928232653638
32 20
    -2.341654446252050     1.196902454830706     1.196902454830706
     1.196902454830706    -2.341654446252051    -1.196902454830706
     1.196902454830706    -1.196902454830706    -2.341654446252050
32 21
     0.003274804578268     0.012843773583882     0.012843773583882
     0.012843773583882     0.003274804578268    -0.012843773583882
     0.012843773583882    -0.012843773583882     0.003274804578268
32 22
    -0.133864037968578     0.024354182278330     0.024354182278330
     0.024354182278330    -0.011315208018914    -0.009925772428687
     0.024354182278330    -0.009925772428687    -0.011315208018914
32 23
    -0.011315208018914     0.024354182278330     0.009925772428687
     0.024354182278330    -0.133864037968579    -0.024354182278330
     0.009925772428687    -0.024354182278330    -0.011315208018914
32 24
     0.069928232653638     0.035338320594747     0.035007932092412
     0.035338320594747     0.069928232653638    -0.035007932092412
     0.035007932092412    -0.035007932092412    -0.031492912864906
32 25
     0.002996701471147    -0.000000000000000     0.000000000000000
     0.000000000000000     0.002996701471147    -0.000000000000000
    -0.000000000000000     0.000000000000000     0.002996701471147
32 26
     0.250247780888913    -0.000000000000000    -0.000000000000000
     0.000000000000000    -0.041754298479191    -0.000000000000000
     0.000000000000000     0.000000000000000    -0.041754298479191
32 27
    -0.041754298479191    -0.000000000000000     0.000000000000000
     0.000000000000000     0.250247780888913     0.000000000000000
     0.000000000000000     0.000000000000000    -0.041754298479191
32 28
    -0.057780722897860    -0.000000000000000     0.000000000000000
     0.000000000000000    -0.057780722897860    -0.000000000000000
    -0.000000000000000     0.000000000000000    -0.015432216503086
32 29
    -0.041754298479191    -0.000000000000000    -0.000000000000000
     0.000000000000000    -0.041754298479191     0.000000000000000
     0.000000000000000     0.000000000000000     0.250247780888912
32 30
    -0.057780722897860    -0.000000000000000     0.000000000000000
     0.000000000000000    -0.015432216503086    -0.000000000000000
    -0.000000000000000     0.000000000000000    -0.057780722897860
32 31
    -0.015432216503086    -0.000000000000000     0.000000000000000
     0.000000000000000    -0.057780722897860    -0.000000000000000
    -0.000000000000000     0.000000000000000    -0.057780722897860
32 32
     9.696337472371393    -0.000000000000000     0.000000000000000
    -0.000000000000000     9.696337472371399    -0.000000000000000
     0.000000000000000    -0.000000000000000     9.696337472371395
32 33
     0.069928232653638     0.035007932092412    -0.035338320594747
     0.035007932092412    -0.031492912864906     0.035007932092412
    -0.035338320594747     0.035007932092412     0.069928232653638
32 34
    -0.011315208018914     0.009925772428687    -0.024354182278330
     0.009925772428687    -0.011315208018914     0.024354182278330
    -0.024354182278330     0.024354182278330    -0.133864037968578
32 35
    -2.341654446252050     1.196902454830706    -1.196902454830706
     1.196902454830706    -2.341654446252051     1.196902454830707
    -1.196902454830706     1.196902454830706    -2.341654446252051
32 36
    -0.031492912864906     0.035007932092412    -0.035007932092412
     0.035007932092412     0.069928232653638     0.035338320594747
    -0.035007932092412     0.035338320594747     0.069928232653638
32 37
    -0.133864037968578     0.024354182278330    -0.024354182278330
     0.024354182278330    -0.011315208018914     0.009925772428687
    -0.024354182278330     0.009925772428687    -0.011315208018914
32 38
     0.003274804578268     0.012843773583882    -0.012843773583882
     0.012843773583882     0.003274804578268     0.012843773583882
    -0.012843773583882     0.012843773583882     0.003274804578268
32 39
     0.069928232653638     0.035338320594747    -0.035007932092412
     0.035338320594747     0.069928232653638     0.035007932092412
    -0.035007932092412     0.035007932092412    -0.031492912864905
32 40
    -0.011315208018914     0.024354182278330    -0.009925772428687
     0.024354182278330    -0.133864037968578     0.024354182278330
    -0.009925772428687     0.024354182278330    -0.011315208018914
32 41
    -0.034163283532962    -0.037615269320668    -0.012843031709053
    -0.037615269320668    -0.034163283532962     0.012843031709053
     0.012843031709053    -0.012843031709053     0.018478612139461
32 42
    -0.034163283532962     0.037615269320668    -0.012843031709053
     0.037615269320668    -0.034163283532962    -0.012843031709053
     0.012843031709053     0.012843031709053     0.018478612139461
32 43
    -0.034163283532962     0.037615269320668     0.012843031709053
     0.037615269320668    -0.034163283532962     0.012843031709053
    -0.012843031709053    -0.012843031709053     0.018478612139461
32 44
    -0.034163283532962    -0.037615269320668     0.012843031709053
    -0.037615269320668    -0.034163283532962    -0.012843031709053
    -0.012843031709053     0.012843031709053     0.018478612139461
32 45
    -0.158355902283347     0.156713285832666    -0.072948118759086
     0.156713285832666    -0.158355902283347     0.072948118759086
     0.072948118759086    -0.072948118759086     0.319300378862408
32 46
    -0.158355902283347    -0.156713285832666    -0.072948118759086
    -0.156713285832666    -0.158355902283347    -0.072948118759086
     0.072948118759086     0.072948118759086     0.319300378862408
32 47
    -0.158355902283347    -0.156713285832666     0.072948118759086
    -0.156713285832666    -0.158355902283347     0.072948118759086
    -0.072948118759086    -0.072948118759086     0.319300378862408
32 48
    -0.158355902283347     0.156713285832666     0.072948118759086
     0.156713285832666    -0.158355902283347    -0.072948118759086
    -0.072948118759086     0.072948118759086     0.319300378862408
32 49
    -0.133864037968578    -0.024354182278330     0.024354182278330
    -0.024354182278330    -0.011315208018914     0.009925772428687
     0.024354182278330     0.009925772428687    -0.011315208018914
32 50
     0.003274804578268    -0.012843773583882     0.012843773583882
    -0.012843773583882     0.003274804578268     0.012843773583882
     0.012843773583882     0.012843773583882     0.003274804578268
32 51
     0.069928232653638    -0.035338320594747     0.035007932092412
    -0.035338320594747     0.069928232653638     0.035007932092412
     0.035007932092412     0.035007932092412    -0.031492912864905
32 52
    -0.011315208018914    -0.024354182278330     0.009925772428687
    -0.024354182278330    -0.133864037968578     0.024354182278330
     0.009925772428687     0.024354182278330    -0.011315208018914
32 53
     0.069928232653638    -0.035007932092412     0.035338320594747
    -0.035007932092412    -0.031492912864906     0.035007932092412
     0.035338320594747     0.035007932092412     0.069928232653638
32 54
    -0.011315208018914    -0.009925772428687     0.024354182278330
    -0.009925772428687    -0.011315208018914     0.024354182278330
     0.024354182278330     0.024354182278330    -0.133864037968578
32 55
    -2.341654446252050    -1.196902454830706     1.196902454830706
    -1.196902454830706    -2.341654446252051     1.196902454830707
     1.196902454830706     1.196902454830706    -2.341654446252051
32 56
    -0.031492912864905    -0.035007932092412     0.035007932092412
    -0.035007932092412     0.069928232653638     0.035338320594747
     0.035007932092412     0.035338320594747     0.069928232653638
32 57
    -0.034163283532962     0.012843031709053     0.037615269320668
    -0.012843031709053     0.018478612139461    -0.012843031709053
     0.037615269320668     0.012843031709053    -0.034163283532962
32 58
    -0.034163283532962     0.012843031709053    -0.037615269320668
    -0.012843031709053     0.018478612139461     0.012843031709053
    -0.037615269320668    -0.012843031709053    -0.034163283532962
32 59
    -0.158355902283347     0.072948118759086    -0.156713285832666
    -0.072948118759086     0.319300378862408    -0.072948118759086
    -0.156713285832666     0.072948118759086    -0.158355902283347
32 60
    -0.158355902283347     0.072948118759086     0.156713285832666
    -0.072948118759086     0.319300378862408     0.072948118759086
     0.156713285832666    -0.072948118759086    -0.158355902283347
32 61
    -0.034163283532962    -0.012843031709053    -0.037615269320668
     0.012843031709053     0.018478612139461    -0.012843031709053
    -0.037615269320668     0.012843031709053    -0.034163283532962
32 62
    -0.034163283532962    -0.012843031709053     0.037615269320668
     0.012843031709053     0.018478612139461     0.012843031709053
     0.037615269320668    -0.012843031709053    -0.034163283532962
32 63
    -0.158355902283347    -0.072948118759086     0.156713285832666
     0.072948118759086     0.319300378862408    -0.072948118759086
     0.156713285832666     0.072948118759086    -0.158355902283347
32 64
    -0.158355902283347    -0.072948118759086    -0.156713285832666
     0.072948118759086     0.319300378862408     0.072948118759086
    -0.156713285832666    -0.072948118759086    -0.158355902283347
33 1
    -0.158355902283347    -0.072948118759086    -0.156713285832666
     0.072948118759086     0.319300378862408     0.072948118759086
    -0.156713285832666    -0.072948118759086    -0.158355902283347
33 2
    -0.158355902283347    -0.072948118759086     0.156713285832666
     0.072948118759086     0.319300378862408    -0.072948118759086
     0.156713285832666     0.072948118759086    -0.158355902283347
33 3
    -0.034163283532962    -0.012843031709053     0.037615269320668
     0.012843031709053     0.018478612139461     0.012843031709053
     0.037615269320668    -0.012843031709053    -0.034163283532962
33 4
    -0.034163283532962    -0.012843031709053    -0.037615269320668
     0.012843031709053     0.018478612139461    -0.012843031709053
    -0.037615269320668     0.012843031709053    -0.034163283532962
33 5
    -0.158355902283347     0.072948118759086     0.156713285832666
    -0.072948118759086     0.319300378862408     0.072948118759086
     0.156713285832666    -0.072948118759086    -0.158355902283347
33 6
    -0.158355902283347     0.072948118759086    -0.156713285832666
    -0.072948118759086     0.319300378862408    -0.072948118759086
    -0.156713285832666     0.072948118759086    -0.158355902283347
33 7
    -0.034163283532962     0.012843031709053    -0.037615269320668
    -0.012843031709053     0.018478612139461     0.012843031709053
    -0.037615269320668    -0.012843031709053    -0.034163283532962
33 8
    -0.034163283532962     0.012843031709053     0.037615269320668
    -0.012843031709053     0.018478612139461    -0.012843031709053
     0.037615269320668     0.012843031709053    -0.034163283532962
33 9
    -0.011315208018914    -0.009925772428687     0.024354182278330
    -0.009925772428687    -0.011315208018914     0.024354182278330
     0.024354182278330     0.024354182278330    -0.133864037968579
33 10
     0.069928232653638    -0.035007932092412     0.035338320594747
    -0.035007932092412    -0.031492912864905     0.035007932092412
     0.035338320594747     0.035007932092412     0.069928232653638
33 11
    -0.031492912864906    -0.035007932092412     0.035007932092412
    -0.035007932092412     0.069928232653638     0.035338320594747
     0.035007932092412     0.035338320594747     0.069928232653638
33 12
    -2.341654446252051    -1.196902454830706     1.196902454830706
    -1.196902454830706    -2.341654446252050     1.196902454830706
     1.196902454830707     1.196902454830706    -2.341654446252051
33 13
     0.003274804578268    -0.012843773583882     0.012843773583882
    -0.012843773583882     0.003274804578268     0.012843773583882
     0.012843773583882     0.012843773583882     0.003274804578268
33 14
    -0.133864037968578    -0.024354182278330     0.024354182278330
    -0.024354182278330    -0.011315208018914     0.009925772428687
     0.024354182278330     0.009925772428687    -0.011315208018914
33 15
    -0.011315208018914    -0.024354182278330     0.009925772428687
    -0.024354182278330    -0.133864037968578     0.024354182278330
     0.009925772428687     0.024354182278330    -0.011315208018914
33 16
     0.069928232653638    -0.035338320594747     0.035007932092412
    -0.035338320594747     0.069928232653638     0.035007932092412
     0.035007932092412     0.035007932092412    -0.031492912864906
33 17
    -0.158355902283347    -0.156713285832666    -0.072948118759086
    -0.156713285832666    -0.158355902283347    -0.072948118759086
     0.072948118759086     0.072948118759086     0.319300378862408
33 18
    -0.158355902283347     0.156713285832666    -0.072948118759086
     0.156713285832666    -0.158355902283347     0.072948118759086
     0.072948118759086    -0.072948118759086     0.319300378862408
33 19
    -0.158355902283347     0.156713285832666     0.072948118759086
     0.156713285832666    -0.158355902283347    -0.072948118759086
    -0.072948118759086     0.072948118759086     0.319300378862408
33 20
    -0.158355902283347    -0.156713285832666     0.072948118759086
    -0.156713285832666    -0.158355902283347     0.072948118759086
    -0.072948118759086    -0.072948118759086     0.319300378862408
33 21
    -0.034163283532962     0.037615269320668    -0.012843031709053
     0.037615269320668    -0.034163283532962    -0.012843031709053
     0.012843031709053     0.012843031709053     0.018478612139461
33 22
    -0.034163283532962    -0.037615269320668    -0.012843031709053
    -0.037615269320668    -0.034163283532962     0.012843031709053
     0.012843031709053    -0.012843031709053     0.018478612139461
33 23
    -0.034163283532962    -0.037615269320668     0.012843031709053
    -0.037615269320668    -0.034163283532962    -0.012843031709053
    -0.012843031709053     0.012843031709053     0.018478612139461
33 24
    -0.034163283532962     0.037615269320668     0.012843031709053
     0.037615269320668    -0.034163283532962     0.012843031709053
    -0.012843031709053    -0.012843031709053     0.018478612139461
33 25
    -0.011315208018914     0.024354182278330    -0.009925772428687
     0.024354182278330    -0.133864037968578     0.024354182278330
    -0.009925772428687     0.024354182278330    -0.011315208018914
33 26
     0.069928232653638     0.035338320594747    -0.035007932092412
     0.035338320594747     0.069928232653638     0.035007932092412
    -0.035007932092412     0.035007932092412    -0.031492912864906
33 27
     0.003274804578268     0.012843773583882    -0.012843773583882
     0.012843773583882     0.003274804578268     0.012843773583882
    -0.012843773583882     0.012843773583882     0.003274804578268
33 28
    -0.133864037968578     0.024354182278330    -0.024354182278330
     0.024354182278330    -0.011315208018914     0.009925772428687
    -0.024354182278330     0.009925772428687    -0.011315208018914
33 29
    -0.031492912864905     0.035007932092412    -0.035007932092412
     0.035007932092412     0.069928232653638     0.035338320594747
    -0.035007932092412     0.035338320594747     0.069928232653638
33 30
    -2.341654446252051     1.196902454830706    -1.196902454830706
     1.196902454830706    -2.341654446252050     1.196902454830706
    -1.196902454830707     1.196902454830706    -2.341654446252051
33 31
    -0.011315208018914     0.009925772428687    -0.024354182278330
     0.009925772428687    -0.011315208018914     0.024354182278330
    -0.024354182278330     0.024354182278330    -0.133864037968579
33 32
     0.069928232653638     0.035007932092412    -0.035338320594747
     0.035007932092412    -0.031492912864906     0.035007932092412
    -0.035338320594747     0.035007932092412     0.069928232653638
33 33
     9.696337472371395     0.000000000000000     0.000000000000000
     0.000000000000000     9.696337472371393     0.000000000000000
     0.000000000000000     0.000000000000000     9.696337472371397
33 34
    -0.015432216503086    -0.000000000000000    -0.000000000000000
     0.000000000000000    -0.057780722897860    -0.000000000000000
     0.000000000000000     0.000000000000000    -0.057780722897860
33 35
    -0.057780722897860    -0.000000000000000     0.000000000000000
    -0.000000000000000    -0.015432216503086    -0.000000000000000
     0.000000000000000     0.000000000000000    -0.057780722897860
33 36
    -0.041754298479191    -0.000000000000000     0.000000000000000
     0.000000000000000    -0.041754298479191     0.000000000000000
     0.000000000000000     0.000000000000000     0.250247780888913
33 37
    -0.057780722897860    -0.000000000000000    -0.000000000000000
     0.000000000000000    -0.057780722897860     0.000000000000000
     0.000000000000000     0.000000000000000    -0.015432216503086
33 38
    -0.041754298479191    -0.000000000000000    -0.000000000000000
     0.000000000000000     0.250247780888912    -0.000000000000000
     0.000000000000000     0.000000000000000    -0.041754298479191
33 39
     0.250247780888913    -0.000000000000000    -0.000000000000000
     0.000000000000000    -0.041754298479191     0.000000000000000
     0.000000000000000    -0.000000000000000    -0.041754298479191
33 40
     0.002996701471147    -0.000000000000000    -0.000000000000000
     0.000000000000000     0.002996701471147    -0.000000000000000
     0.000000000000000     0.000000000000000     0.002996701471147
33 41
    -0.133864037968579     0.024354182278330     0.024354182278330
     0.024354182278330    -0.011315208018914    -0.009925772428687
     0.024354182278330    -0.009925772428687    -0.011315208018914
33 42
     0.003274804578268     0.012843773583882     0.012843773583882
     0.012843773583882     0.003274804578268    -0.012843773583882
     0.012843773583882    -0.012843773583882     0.003274804578268
33 43
     0.069928232653638     0.035338320594747     0.035007932092412
     0.035338320594747     0.069928232653638    -0.035007932092412
     0.035007932092412    -0.035007932092412    -0.031492912864906
33 44
    -0.011315208018914     0.024354182278330     0.009925772428687
     0.024354182278330    -0.133864037968578    -0.024354182278330
     0.009925772428687    -0.024354182278330    -0.011315208018914
33 45
     0.069928232653638     0.035007932092412     0.035338320594747
     0.035007932092412    -0.031492912864906    -0.035007932092412
     0.035338320594747    -0.035007932092412     0.069928232653638
33 46
    -0.011315208018914     0.009925772428687     0.024354182278330
     0.009925772428687    -0.011315208018914    -0.024354182278330
     0.024354182278330    -0.024354182278330    -0.133864037968579
33 47
    -2.341654446252050     1.196902454830706     1.196902454830706
     1.196902454830706    -2.341654446252051    -1.196902454830706
     1.196902454830706    -1.196902454830707    -2.341654446252051
33 48
    -0.031492912864906     0.035007932092412     0.035007932092412
     0.035007932092412     0.069928232653638    -0.035338320594747
     0.035007932092412    -0.035338320594747     0.069928232653638
33 49
     0.319300378862408     0.072948118759086     0.072948118759086
    -0.072948118759086    -0.158355902283347    -0.156713285832666
    -0.072948118759086    -0.156713285832666    -0.158355902283347
33 50
     0.018478612139461     0.012843031709053     0.012843031709053
    -0.012843031709053    -0.034163283532962     0.037615269320668
    -0.012843031709053     0.037615269320668    -0.034163283532962
33 51
     0.319300378862408     0.072948118759086    -0.072948118759086
    -0.072948118759086    -0.158355902283347     0.156713285832666
     0.072948118759086     0.156713285832666    -0.158355902283347
33 52
     0.018478612139461     0.012843031709053    -0.012843031709053
    -0.012843031709053    -0.034163283532962    -0.037615269320668
     0.012843031709053    -0.037615269320668    -0.034163283532962
33 53
     0.319300378862408    -0.072948118759086     0.072948118759086
     0.072948118759086    -0.158355902283347     0.156713285832666
    -0.072948118759086     0.156713285832666    -0.158355902283347
33 54
     0.018478612139461    -0.012843031709053     0.012843031709053
     0.012843031709053    -0.034163283532962    -0.037615269320668
    -0.012843031709053    -0.037615269320668    -0.034163283532962
33 55
     0.319300378862408    -0.072948118759086    -0.072948118759086
     0.072948118759086    -0.158355902283347    -0.156713285832666
     0.072948118759086    -0.156713285832666    -0.158355902283347
33 56
     0.018478612139461    -0.012843031709053    -0.012843031709053
     0.012843031709053    -0.034163283532962     0.037615269320668
     0.012843031709053     0.037615269320668    -0.034163283532962
33 57
    -2.341654446252051    -1.196902454830706    -1.196902454830706
    -1.196902454830706    -2.341654446252050    -1.196902454830706
    -1.196902454830707    -1.196902454830706    -2.341654446252051
33 58
    -0.031492912864905    -0.035007932092412    -0.035007932092412
    -0.035007932092412     0.069928232653638    -0.035338320594747
    -0.035007932092412    -0.035338320594747     0.069928232653638
33 59
     0.069928232653638    -0.035007932092412    -0.035338320594747
    -0.035007932092412    -0.031492912864905    -0.035007932092412
    -0.035338320594747    -0.035007932092412     0.069928232653638
33 60
    -0.011315208018914    -0.009925772428687    -0.024354182278330
    -0.009925772428687    -0.011315208018914    -0.024354182278330
    -0.024354182278330    -0.024354182278330    -0.133864037968579
33 61
     0.069928232653638    -0.035338320594747    -0.035007932092412
    -0.035338320594747     0.069928232653638    -0.035007932092412
    -0.035007932092412    -0.035007932092412    -0.031492912864906
33 62
    -0.011315208018914    -0.024354182278330    -0.009925772428687
    -0.024354182278330    -0.133864037968578    -0.024354182278330
    -0.009925772428687    -0.024354182278330    -0.011315208018914
33 63
    -0.133864037968578    -0.024354182278330    -0.024354182278330
    -0.024354182278330    -0.011315208018914    -0.009925772428687
    -0.024354182278330    -0.009925772428687    -0.011315208018914
33 64
     0.003274804578268    -0.012843773583882    -0.012843773583882
    -0.012843773583882     0.003274804578268    -0.012843773583882
    -0.012843773583882    -0.012843773583882     0.003274804578268
34 1
    -0.158355902283347    -0.072948118759086     0.156713285832666
     0.072948118759086     0.319300378862408    -0.072948118759086
     0.156713285832666     0.072948118759086    -0.158355902283347
34 2
    -0.158355902283347    -0.072948118759086    -0.156713285832666
     0.072948118759086     0.319300378862408     0.072948118759086
    -0.156713285832666    -0.072948118759086    -0.158355902283347
34 3
    -0.034163283532962    -0.012843031709053    -0.037615269320668
     0.012843031709053     0.018478612139461    -0.012843031709053
    -0.037615269320668     0.012843031709053    -0.034163283532962
34 4
    -0.034163283532962    -0.012843031709053     0.037615269320668
     0.012843031709053     0.018478612139461     0.012843031709053
     0.037615269320668    -0.012843031709053    -0.034163283532962
34 5
    -0.158355902283347     0.072948118759086    -0.156713285832666
    -0.072948118759086     0.319300378862408    -0.072948118759086
    -0.156713285832666     0.072948118759086    -0.158355902283347
34 6
    -0.158355902283347     0.072948118759086     0.156713285832666
    -0.072948118759086     0.319300378862408     0.072948118759086
     0.156713285832666    -0.072948118759086    -0.158355902283347
34 7
    -0.034163283532962     0.012843031709053     0.037615269320668
    -0.012843031709053     0.018478612139461    -0.012843031709053
     0.037615269320668     0.012843031709053    -0.034163283532962
34 8
    -0.034163283532962     0.012843031709053    -0.037615269320668
    -0.012843031709053     0.018478612139461     0.012843031709053
    -0.037615269320668    -0.012843031709053    -0.034163283532962
34 9
     0.069928232653638    -0.035007932092412     0.035338320594747
    -0.035007932092412    -0.031492912864906     0.035007932092412
     0.035338320594747     0.035007932092412     0.069928232653638
34 10
    -0.011315208018914    -0.009925772428687     0.024354182278330
    -0.009925772428687    -0.011315208018914     0.024354182278330
     0.024354182278330     0.024354182278330    -0.133864037968579
34 11
    -2.341654446252051    -1.196902454830706     1.196902454830706
    -1.196902454830706    -2.341654446252050     1.196902454830706
     1.196902454830707     1.196902454830706    -2.341654446252051
34 12
    -0.031492912864906    -0.035007932092412     0.035007932092412
    -0.035007932092412     0.069928232653638     0.035338320594747
     0.035007932092412     0.035338320594747     0.069928232653638
34 13
    -0.133864037968578    -0.024354182278330     0.024354182278330
    -0.024354182278330    -0.011315208018914     0.009925772428687
     0.024354182278330     0.009925772428687    -0.011315208018914
34 14
     0.003274804578268    -0.012843773583882     0.012843773583882
    -0.012843773583882     0.003274804578268     0.012843773583882
     0.012843773583882     0.012843773583882     0.003274804578268
34 15
     0.069928232653638    -0.035338320594747     0.035007932092412
    -0.035338320594747     0.069928232653638     0.035007932092412
     0.035007932092412     0.035007932092412    -0.031492912864906
34 16
    -0.011315208018914    -0.024354182278330     0.009925772428687
    -0.024354182278330    -0.133864037968578     0.024354182278330
     0.009925772428687     0.024354182278330    -0.011315208018914
34 17
    -0.158355902283347     0.156713285832666    -0.072948118759086
     0.156713285832666    -0.158355902283347     0.072948118759086
     0.072948118759086    -0.072948118759086     0.319300378862408
34 18
    -0.158355902283347    -0.156713285832666    -0.072948118759086
    -0.156713285832666    -0.158355902283347    -0.072948118759086
     0.072948118759086     0.072948118759086     0.319300378862408
34 19
    -0.158355902283347    -0.156713285832666     0.072948118759086
    -0.156713285832666    -0.158355902283347     0.072948118759086
    -0.072948118759086    -0.072948118759086     0.319300378862408
34 20
    -0.158355902283347     0.156713285832666     0.072948118759086
     0.156713285832666    -0.158355902283347    -0.072948118759086
    -0.072948118759086     0.072948118759086     0.319300378862408
34 21
    -0.034163283532962    -0.037615269320668    -0.012843031709053
    -0.037615269320668    -0.034163283532962     0.012843031709053
     0.012843031709053    -0.012843031709053     0.018478612139461
34 22
    -0.034163283532962     0.037615269320668    -0.012843031709053
     0.037615269320668    -0.034163283532962    -0.012843031709053
     0.012843031709053     0.012843031709053     0.018478612139461
34 23
    -0.034163283532962     0.037615269320668     0.012843031709053
     0.037615269320668    -0.034163283532962     0.012843031709053
    -0.012843031709053    -0.012843031709053     0.018478612139461
34 24
    -0.034163283532962    -0.037615269320668     0.012843031709053
    -0.037615269320668    -0.034163283532962    -0.012843031709053
    -0.012843031709053     0.012843031709053     0.018478612139461
34 25
     0.069928232653638     0.035338320594747    -0.035007932092412
     0.035338320594747     0.069928232653638     0.035007932092412
    -0.035007932092412     0.035007932092412    -0.031492912864906
34 26
    -0.011315208018914     0.024354182278330    -0.009925772428687
     0.024354182278330    -0.133864037968578     0.024354182278330
    -0.009925772428687     0.024354182278330    -0.011315208018914
34 27
    -0.133864037968578     0.024354182278330    -0.024354182278330
     0.024354182278330    -0.011315208018914     0.009925772428687
    -0.024354182278330     0.009925772428687    -0.011315208018914
34 28
     0.003274804578268     0.012843773583882    -0.012843773583882
     0.012843773583882     0.003274804578268     0.012843773583882
    -0.012843773583882     0.012843773583882     0.003274804578268
34 29
    -2.341654446252050     1.196902454830706    -1.196902454830706
     1.196902454830706    -2.341654446252051     1.196902454830706
    -1.196902454830706     1.196902454830707    -2.341654446252051
34 30
    -0.031492912864906     0.035007932092412    -0.035007932092412
     0.035007932092412     0.069928232653638     0.035338320594747
    -0.035007932092412     0.035338320594747     0.069928232653638
34 31
     0.069928232653638     0.035007932092412    -0.035338320594747
     0.035007932092412    -0.031492912864905     0.035007932092412
    -0.035338320594747     0.035007932092412     0.069928232653638
34 32
    -0.011315208018914     0.009925772428687    -0.024354182278330
     0.009925772428687    -0.011315208018914     0.024354182278330
    -0.024354182278330     0.024354182278330    -0.133864037968578
34 33
    -0.015432216503086     0.000000000000000     0.000000000000000
    -0.000000000000000    -0.057780722897860     0.000000000000000
    -0.000000000000000    -0.000000000000000    -0.057780722897860
34 34
     9.696337472371393    -0.000000000000000     0.000000000000000
    -0.000000000000000     9.696337472371393     0.000000000000000
     0.000000000000000     0.000000000000000     9.696337472371397
34 35
    -0.041754298479191    -0.000000000000000     0.000000000000000
    -0.000000000000000    -0.041754298479191     0.000000000000000
    -0.000000000000000    -0.000000000000000     0.250247780888913
34 36
    -0.057780722897860    -0.000000000000000     0.000000000000000
     0.000000000000000    -0.015432216503086     0.000000000000000
    -0.000000000000000     0.000000000000000    -0.057780722897860
34 37
    -0.041754298479191    -0.000000000000000     0.000000000000000
    -0.000000000000000     0.250247780888912     0.000000000000000
     0.000000000000000     0.000000000000000    -0.041754298479191
34 38
    -0.057780722897860    -0.000000000000000     0.000000000000000
     0.000000000000000    -0.057780722897860     0.000000000000000
    -0.000000000000000    -0.000000000000000    -0.015432216503086
34 39
     0.002996701471147    -0.000000000000000    -0.000000000000000
     0.000000000000000     0.002996701471147     0.000000000000000
     0.000000000000000    -0.000000000000000     0.002996701471147
34 40
     0.250247780888913    -0.000000000000000     0.000000000000000
    -0.000000000000000    -0.041754298479191    -0.000000000000000
    -0.000000000000000     0.000000000000000    -0.041754298479191
34 41
     0.003274804578268     0.012843773583882     0.012843773583882
     0.012843773583882     0.003274804578268    -0.012843773583882
     0.012843773583882    -0.012843773583882     0.003274804578268
34 42
    -0.133864037968578     0.024354182278330     0.024354182278330
     0.024354182278330    -0.011315208018914    -0.009925772428687
     0.024354182278330    -0.009925772428687    -0.011315208018914
34 43
    -0.011315208018914     0.024354182278330     0.009925772428687
     0.024354182278330    -0.133864037968578    -0.024354182278330
     0.009925772428687    -0.024354182278330    -0.011315208018914
34 44
     0.069928232653638     0.035338320594747     0.035007932092412
     0.035338320594747     0.069928232653638    -0.035007932092412
     0.035007932092412    -0.035007932092412    -0.031492912864906
34 45
    -0.011315208018914     0.009925772428687     0.024354182278330
     0.009925772428687    -0.011315208018914    -0.024354182278330
     0.024354182278330    -0.024354182278330    -0.133864037968578
34 46
     0.069928232653638     0.035007932092412     0.035338320594747
     0.035007932092412    -0.031492912864905    -0.035007932092412
     0.035338320594747    -0.035007932092412     0.069928232653638
34 47
    -0.031492912864905     0.035007932092412     0.035007932092412
     0.035007932092412     0.069928232653638    -0.035338320594747
     0.035007932092412    -0.035338320594747     0.069928232653638
34 48
    -2.341654446252051     1.196902454830706     1.196902454830706
     1.196902454830706    -2.341654446252050    -1.196902454830706
     1.196902454830707    -1.196902454830706    -2.341654446252051
34 49
     0.018478612139461     0.012843031709053     0.012843031709053
    -0.012843031709053    -0.034163283532962     0.037615269320668
    -0.012843031709053     0.037615269320668    -0.034163283532962
34 50
     0.319300378862408     0.072948118759086     0.072948118759086
    -0.072948118759086    -0.158355902283347    -0.156713285832666
    -0.072948118759086    -0.156713285832666    -0.158355902283347
34 51
     0.018478612139461     0.012843031709053    -0.012843031709053
    -0.012843031709053    -0.034163283532962    -0.037615269320668
     0.012843031709053    -0.037615269320668    -0.034163283532962
34 52
     0.319300378862408     0.072948118759086    -0.072948118759086
    -0.072948118759086    -0.158355902283347     0.156713285832666
     0.072948118759086     0.156713285832666    -0.158355902283347
34 53
     0.018478612139461    -0.012843031709053     0.012843031709053
     0.012843031709053    -0.034163283532962    -0.037615269320668
    -0.012843031709053    -0.037615269320668    -0.034163283532962
34 54
     0.319300378862408    -0.072948118759086     0.072948118759086
     0.072948118759086    -0.158355902283347     0.156713285832666
    -0.072948118759086     0.156713285832666    -0.158355902283347
34 55
     0.018478612139461    -0.012843031709053    -0.012843031709053
     0.012843031709053    -0.034163283532962     0.037615269320668
     0.012843031709053     0.037615269320668    -0.034163283532962
34 56
     0.319300378862408    -0.072948118759086    -0.072948118759086
     0.072948118759086    -0.158355902283347    -0.156713285832666
     0.072948118759086    -0.156713285832666    -0.158355902283347
34 57
    -0.031492912864906    -0.035007932092412    -0.035007932092412
    -0.035007932092412     0.069928232653638    -0.035338320594747
    -0.035007932092412    -0.035338320594747     0.069928232653638
34 58
    -2.341654446252050    -1.196902454830706    -1.196902454830706
    -1.196902454830706    -2.341654446252050    -1.196902454830706
    -1.196902454830706    -1.196902454830706    -2.341654446252051
34 59
    -0.011315208018914    -0.009925772428687    -0.024354182278330
    -0.009925772428687    -0.011315208018914    -0.024354182278330
    -0.024354182278330    -0.024354182278330    -0.133864037968579
34 60
     0.069928232653638    -0.035007932092412    -0.035338320594747
    -0.035007932092412    -0.031492912864906    -0.035007932092412
    -0.035338320594747    -0.035007932092412     0.069928232653638
34 61
    -0.011315208018914    -0.024354182278330    -0.009925772428687
    -0.024354182278330    -0.133864037968578    -0.024354182278330
    -0.009925772428687    -0.024354182278330    -0.011315208018914
34 62
     0.069928232653638    -0.035338320594747    -0.035007932092412
    -0.035338320594747     0.069928232653638    -0.035007932092412
    -0.035007932092412    -0.035007932092412    -0.031492912864906
34 63
     0.003274804578268    -0.012843773583882    -0.012843773583882
    -0.012843773583882     0.003274804578268    -0.012843773583882
    -0.012843773583882    -0.012843773583882     0.003274804578268
34 64
    -0.133864037968578    -0.024354182278330    -0.024354182278330
    -0.024354182278330    -0.011315208018914    -0.009925772428687
    -0.024354182278330    -0.009925772428687    -0.011315208018914
35 1
    -0.034163283532962    -0.012843031709053     0.037615269320668
     0.012843031709053     0.018478612139461     0.012843031709053
     0.037615269320668    -0.012843031709053    -0.034163283532962
35 2
    -0.034163283532962    -0.012843031709053    -0.037615269320668
     0.012843031709053     0.018478612139461    -0.012843031709053
    -0.037615269320668     0.012843031709053    -0.034163283532962
35 3
    -0.158355902283347    -0.072948118759086    -0.156713285832666
     0.072948118759086     0.319300378862408     0.072948118759086
    -0.156713285832666    -0.072948118759086    -0.158355902283347
35 4
    -0.158355902283347    -0.072948118759086     0.156713285832666
     0.072948118759086     0.319300378862408    -0.072948118759086
     0.156713285832666     0.072948118759086    -0.158355902283347
35 5
    -0.034163283532962     0.012843031709053    -0.037615269320668
    -0.012843031709053     0.018478612139461     0.012843031709053
    -0.037615269320668    -0.012843031709053    -0.034163283532962
35 6
    -0.034163283532962     0.012843031709053     0.037615269320668
    -0.012843031709053     0.018478612139461    -0.012843031709053
     0.037615269320668     0.012843031709053    -0.034163283532962
35 7
    -0.158355902283347     0.072948118759086     0.156713285832666
    -0.072948118759086     0.319300378862408     0.072948118759086
     0.156713285832666    -0.072948118759086    -0.158355902283347
35 8
    -0.158355902283347     0.072948118759086    -0.156713285832666
    -0.072948118759086     0.319300378862408    -0.072948118759086
    -0.156713285832666     0.072948118759086    -0.158355902283347
35 9
    -0.031492912864905    -0.035007932092412     0.035007932092412
    -0.035007932092412     0.069928232653638     0.035338320594747
     0.035007932092412     0.035338320594747     0.069928232653638
35 10
    -2.341654446252050    -1.196902454830706     1.196902454830706
    -1.196902454830706    -2.341654446252050     1.196902454830706
     1.196902454830706     1.196902454830706    -2.341654446252051
35 11
    -0.011315208018914    -0.009925772428687     0.024354182278330
    -0.009925772428687    -0.011315208018914     0.024354182278330
     0.024354182278330     0.024354182278330    -0.133864037968578
35 12
     0.069928232653638    -0.035007932092412     0.035338320594747
    -0.035007932092412    -0.031492912864905     0.035007932092412
     0.035338320594747     0.035007932092412     0.069928232653638
35 13
    -0.011315208018914    -0.024354182278330     0.009925772428687
    -0.024354182278330    -0.133864037968578     0.024354182278330
     0.009925772428687     0.024354182278330    -0.011315208018914
35 14
     0.069928232653638    -0.035338320594747     0.035007932092412
    -0.035338320594747     0.069928232653638     0.035007932092412
     0.035007932092412     0.035007932092412    -0.031492912864906
35 15
     0.003274804578268    -0.012843773583882     0.012843773583882
    -0.012843773583882     0.003274804578268     0.012843773583882
     0.012843773583882     0.012843773583882     0.003274804578268
35 16
    -0.133864037968579    -0.024354182278330     0.024354182278330
    -0.024354182278330    -0.011315208018914     0.009925772428687
     0.024354182278330     0.009925772428687    -0.011315208018914
35 17
    -0.158355902283347     0.156713285832666     0.072948118759086
     0.156713285832666    -0.158355902283347    -0.072948118759086
    -0.072948118759086     0.072948118759086     0.319300378862408
35 18
    -0.158355902283347    -0.156713285832666     0.072948118759086
    -0.156713285832666    -0.158355902283347     0.072948118759086
    -0.072948118759086    -0.072948118759086     0.319300378862408
35 19
    -0.158355902283347    -0.156713285832666    -0.072948118759086
    -0.156713285832666    -0.158355902283347    -0.072948118759086
     0.072948118759086     0.072948118759086     0.319300378862408
35 20
    -0.158355902283347     0.156713285832666    -0.072948118759086
     0.156713285832666    -0.158355902283347     0.072948118759086
     0.072948118759086    -0.072948118759086     0.319300378862408
35 21
    -0.034163283532962    -0.037615269320668     0.012843031709053
    -0.037615269320668    -0.034163283532962    -0.012843031709053
    -0.012843031709053     0.012843031709053     0.018478612139461
35 22
    -0.034163283532962     0.037615269320668     0.012843031709053
     0.037615269320668    -0.034163283532962     0.012843031709053
    -0.012843031709053    -0.012843031709053     0.018478612139461
35 23
    -0.034163283532962     0.037615269320668    -0.012843031709053
     0.037615269320668    -0.034163283532962    -0.012843031709053
     0.012843031709053     0.012843031709053     0.018478612139461
35 24
    -0.034163283532962    -0.037615269320668    -0.012843031709053
    -0.037615269320668    -0.034163283532962     0.012843031709053
     0.012843031709053    -0.012843031709053     0.018478612139461
35 25
     0.003274804578268     0.012843773583882    -0.012843773583882
     0.012843773583882     0.003274804578268     0.012843773583882
    -0.012843773583882     0.012843773583882     0.003274804578268
35 26
    -0.133864037968579     0.024354182278330    -0.024354182278330
     0.024354182278330    -0.011315208018914     0.009925772428687
    -0.024354182278330     0.009925772428687    -0.011315208018914
35 27
    -0.011315208018914     0.024354182278330    -0.009925772428687
     0.024354182278330    -0.133864037968578     0.024354182278330
    -0.009925772428687     0.024354182278330    -0.011315208018914
35 28
     0.069928232653638     0.035338320594747    -0.035007932092412
     0.035338320594747     0.069928232653638     0.035007932092412
    -0.035007932092412     0.035007932092412    -0.031492912864906
35 29
    -0.011315208018914     0.009925772428687    -0.024354182278330
     0.009925772428687    -0.011315208018914     0.024354182278330
    -0.024354182278330     0.024354182278330    -0.133864037968578
35 30
     0.069928232653638     0.035007932092412    -0.035338320594747
     0.035007932092412    -0.031492912864905     0.035007932092412
    -0.035338320594747     0.035007932092412     0.069928232653638
35 31
    -0.031492912864906     0.035007932092412    -0.035007932092412
     0.035007932092412     0.069928232653638     0.035338320594747
    -0.035007932092412     0.035338320594747     0.069928232653638
35 32
    -2.341654446252050     1.196902454830706    -1.196902454830706
     1.196902454830706    -2.341654446252051     1.196902454830706
    -1.196902454830706     1.196902454830707    -2.341654446252051
35 33
    -0.057780722897860    -0.000000000000000     0.000000000000000
    -0.000000000000000    -0.015432216503086     0.000000000000000
     0.000000000000000    -0.000000000000000    -0.057780722897860
35 34
    -0.041754298479191    -0.000000000000000    -0.000000000000000
    -0.000000000000000    -0.041754298479191    -0.000000000000000
     0.000000000000000     0.000000000000000     0.250247780888913
35 35
     9.696337472371393    -0.000000000000000    -0.000000000000000
    -0.000000000000000     9.696337472371395     0.000000000000000
    -0.000000000000000     0.000000000000000     9.696337472371399
35 36
    -0.015432216503086    -0.000000000000000     0.000000000000000
     0.000000000000000    -0.057780722897860    -0.000000000000000
    -0.000000000000000     0.000000000000000    -0.057780722897860
35 37
     0.250247780888912    -0.000000000000000    -0.000000000000000
     0.000000000000000    -0.041754298479191     0.000000000000000
     0.000000000000000     0.000000000000000    -0.041754298479191
35 38
     0.002996701471147    -0.000000000000000     0.000000000000000
     0.000000000000000     0.002996701471147    -0.000000000000000
     0.000000000000000     0.000000000000000     0.002996701471147
35 39
    -0.057780722897860    -0.000000000000000    -0.000000000000000
     0.000000000000000    -0.057780722897860     0.000000000000000
     0.000000000000000    -0.000000000000000    -0.015432216503086
35 40
    -0.041754298479191    -0.000000000000000     0.000000000000000
     0.000000000000000     0.250247780888912    -0.000000000000000
     0.000000000000000     0.000000000000000    -0.041754298479191
35 41
     0.069928232653638     0.035338320594747     0.035007932092412
     0.035338320594747     0.069928232653638    -0.035007932092412
     0.035007932092412    -0.035007932092412    -0.031492912864906
35 42
    -0.011315208018914     0.024354182278330     0.009925772428687
     0.024354182278330    -0.133864037968578    -0.024354182278330
     0.009925772428687    -0.024354182278330    -0.011315208018914
35 43
    -0.133864037968579     0.024354182278330     0.024354182278330
     0.024354182278330    -0.011315208018914    -0.009925772428687
     0.024354182278330    -0.009925772428687    -0.011315208018914
35 44
     0.003274804578268     0.012843773583882     0.012843773583882
     0.012843773583882     0.003274804578268    -0.012843773583882
     0.012843773583882    -0.012843773583882     0.003274804578268
35 45
    -2.341654446252050     1.196902454830706     1.196902454830706
     1.196902454830706    -2.341654446252051    -1.196902454830706
     1.196902454830706    -1.196902454830707    -2.341654446252051
35 46
    -0.031492912864905     0.035007932092412     0.035007932092412
     0.035007932092412     0.069928232653638    -0.035338320594747
     0.035007932092412    -0.035338320594747     0.069928232653638
35 47
     0.069928232653638     0.035007932092412     0.035338320594747
     0.035007932092412    -0.031492912864906    -0.035007932092412
     0.035338320594747    -0.035007932092412     0.069928232653638
35 48
    -0.011315208018914     0.009925772428687     0.024354182278330
     0.009925772428687    -0.011315208018914    -0.024354182278330
     0.024354182278330    -0.024354182278330    -0.133864037968578
35 49
     0.319300378862408     0.072948118759086    -0.072948118759086
    -0.072948118759086    -0.158355902283347     0.156713285832666
     0.072948118759086     0.156713285832666    -0.158355902283347
35 50
     0.018478612139461     0.012843031709053    -0.012843031709053
    -0.012843031709053    -0.034163283532962    -0.037615269320668
     0.012843031709053    -0.037615269320668    -0.034163283532962
35 51
     0.319300378862408     0.072948118759086     0.072948118759086
    -0.072948118759086    -0.158355902283347    -0.156713285832666
    -0.072948118759086    -0.156713285832666    -0.158355902283347
35 52
     0.018478612139461     0.012843031709053     0.012843031709053
    -0.012843031709053    -0.034163283532962     0.037615269320668
    -0.012843031709053     0.037615269320668    -0.034163283532962
35 53
     0.319300378862408    -0.072948118759086    -0.072948118759086
     0.072948118759086    -0.158355902283347    -0.156713285832666
     0.072948118759086    -0.156713285832666    -0.158355902283347
35 54
     0.018478612139461    -0.012843031709053    -0.012843031709053
     0.012843031709053    -0.034163283532962     0.037615269320668
     0.012843031709053     0.037615269320668    -0.034163283532962
35 55
     0.319300378862408    -0.072948118759086     0.072948118759086
     0.072948118759086    -0.158355902283347     0.156713285832666
    -0.072948118759086     0.156713285832666    -0.158355902283347
35 56
     0.018478612139461    -0.012843031709053     0.012843031709053
     0.012843031709053    -0.034163283532962    -0.037615269320668
    -0.012843031709053    -0.037615269320668    -0.034163283532962
35 57
     0.069928232653638    -0.035007932092412    -0.035338320594747
    -0.035007932092412    -0.031492912864905    -0.035007932092412
    -0.035338320594747    -0.035007932092412     0.069928232653638
35 58
    -0.011315208018914    -0.009925772428687    -0.024354182278330
    -0.009925772428687    -0.011315208018914    -0.024354182278330
    -0.024354182278330    -0.024354182278330    -0.133864037968579
35 59
    -2.341654446252050    -1.196902454830706    -1.196902454830706
    -1.196902454830706    -2.341654446252050    -1.196902454830706
    -1.196902454830706    -1.196902454830706    -2.341654446252051
35 60
    -0.031492912864905    -0.035007932092412    -0.035007932092412
    -0.035007932092412     0.069928232653638    -0.035338320594747
    -0.035007932092412    -0.035338320594747     0.069928232653638
35 61
    -0.133864037968578    -0.024354182278330    -0.024354182278330
    -0.024354182278330    -0.011315208018914    -0.009925772428687
    -0.024354182278330    -0.009925772428687    -0.011315208018914
35 62
     0.003274804578268    -0.012843773583882    -0.012843773583882
    -0.012843773583882     0.003274804578268    -0.012843773583882
    -0.012843773583882    -0.012843773583882     0.003274804578268
35 63
     0.069928232653638    -0.035338320594747    -0.035007932092412
    -0.035338320594747     0.069928232653638    -0.035007932092412
    -0.035007932092412    -0.035007932092412    -0.031492912864906
35 64
    -0.011315208018914    -0.024354182278330    -0.009925772428687
    -0.024354182278330    -0.133864037968578    -0.024354182278330
    -0.009925772428687    -0.024354182278330    -0.011315208018914
36 1
    -0.034163283532962    -0.012843031709053    -0.037615269320668
     0.012843031709053     0.018478612139461    -0.012843031709053
    -0.037615269320668     0.012843031709053    -0.034163283532962
36 2
    -0.034163283532962    -0.012843031709053     0.037615269320668
     0.012843031709053     0.018478612139461     0.012843031709053
     0.037615269320668    -0.012843031709053    -0.034163283532962
36 3
    -0.158355902283347    -0.072948118759086     0.156713285832666
     0.072948118759086     0.319300378862408    -0.072948118759086
     0.156713285832666     0.072948118759086    -0.158355902283347
36 4
    -0.158355902283347    -0.072948118759086    -0.156713285832666
     0.072948118759086     0.319300378862408     0.072948118759086
    -0.156713285832666    -0.072948118759086    -0.158355902283347
36 5
    -0.034163283532962     0.012843031709053     0.037615269320668
    -0.012843031709053     0.018478612139461    -0.012843031709053
     0.037615269320668     0.012843031709053    -0.034163283532962
36 6
    -0.034163283532962     0.012843031709053    -0.037615269320668
    -0.012843031709053     0.018478612139461     0.012843031709053
    -0.037615269320668    -0.012843031709053    -0.034163283532962
36 7
    -0.158355902283347     0.072948118759086    -0.156713285832666
    -0.072948118759086     0.319300378862408    -0.072948118759086
    -0.156713285832666     0.072948118759086    -0.158355902283347
36 8
    -0.158355902283347     0.072948118759086     0.156713285832666
    -0.072948118759086     0.319300378862408     0.072948118759086
     0.156713285832666    -0.072948118759086    -0.158355902283347
36 9
    -2.341654446252051    -1.196902454830707     1.196902454830706
    -1.196902454830706    -2.341654446252051     1.196902454830706
     1.196902454830706     1.196902454830706    -2.341654446252050
36 10
    -0.031492912864906    -0.035007932092412     0.035007932092412
    -0.035007932092412     0.069928232653638     0.035338320594747
     0.035007932092412     0.035338320594747     0.069928232653638
36 11
     0.069928232653638    -0.035007932092412     0.035338320594747
    -0.035007932092412    -0.031492912864905     0.035007932092412
     0.035338320594747     0.035007932092412     0.069928232653638
36 12
    -0.011315208018914    -0.009925772428687     0.024354182278330
    -0.009925772428687    -0.011315208018914     0.024354182278330
     0.024354182278330     0.024354182278330    -0.133864037968578
36 13
     0.069928232653638    -0.035338320594747     0.035007932092412
    -0.035338320594747     0.069928232653638     0.035007932092412
     0.035007932092412     0.035007932092412    -0.031492912864905
36 14
    -0.011315208018914    -0.024354182278330     0.009925772428687
    -0.024354182278330    -0.133864037968578     0.024354182278330
     0.009925772428687     0.024354182278330    -0.011315208018914
36 15
    -0.133864037968579    -0.024354182278330     0.024354182278330
    -0.024354182278330    -0.011315208018914     0.009925772428687
     0.024354182278330     0.009925772428687    -0.011315208018914
36 16
     0.003274804578268    -0.012843773583882     0.012843773583882
    -0.012843773583882     0.003274804578268     0.012843773583882
     0.012843773583882     0.012843773583882     0.003274804578268
36 17
    -0.158355902283347    -0.156713285832666     0.072948118759086
    -0.156713285832666    -0.158355902283347     0.072948118759086
    -0.072948118759086    -0.072948118759086     0.319300378862408
36 18
    -0.158355902283347     0.156713285832666     0.072948118759086
     0.156713285832666    -0.158355902283347    -0.072948118759086
    -0.072948118759086     0.072948118759086     0.319300378862408
36 19
    -0.158355902283347     0.156713285832666    -0.072948118759086
     0.156713285832666    -0.158355902283347     0.072948118759086
     0.072948118759086    -0.072948118759086     0.319300378862408
36 20
    -0.158355902283347    -0.156713285832666    -0.072948118759086
    -0.156713285832666    -0.158355902283347    -0.072948118759086
     0.072948118759086     0.072948118759086     0.319300378862408
36 21
    -0.034163283532962     0.037615269320668     0.012843031709053
     0.037615269320668    -0.034163283532962     0.012843031709053
    -0.012843031709053    -0.012843031709053     0.018478612139461
36 22
    -0.034163283532962    -0.037615269320668     0.012843031709053
    -0.037615269320668    -0.034163283532962    -0.012843031709053
    -0.012843031709053     0.012843031709053     0.018478612139461
36 23
    -0.034163283532962    -0.037615269320668    -0.012843031709053
    -0.037615269320668    -0.034163283532962     0.012843031709053
     0.012843031709053    -0.012843031709053     0.018478612139461
36 24
    -0.034163283532962     0.037615269320668    -0.012843031709053
     0.037615269320668    -0.034163283532962    -0.012843031709053
     0.012843031709053     0.012843031709053     0.018478612139461
36 25
    -0.133864037968579     0.024354182278330    -0.024354182278330
     0.024354182278330    -0.011315208018914     0.009925772428687
    -0.024354182278330     0.009925772428687    -0.011315208018914
36 26
     0.003274804578268     0.012843773583882    -0.012843773583882
     0.012843773583882     0.003274804578268     0.012843773583882
    -0.012843773583882     0.012843773583882     0.003274804578268
36 27
     0.069928232653638     0.035338320594747    -0.035007932092412
     0.035338320594747     0.069928232653638     0.035007932092412
    -0.035007932092412     0.035007932092412    -0.031492912864905
36 28
    -0.011315208018914     0.024354182278330    -0.009925772428687
     0.024354182278330    -0.133864037968578     0.024354182278330
    -0.009925772428687     0.024354182278330    -0.011315208018914
36 29
     0.069928232653638     0.035007932092412    -0.035338320594747
     0.035007932092412    -0.031492912864906     0.035007932092412
    -0.035338320594747     0.035007932092412     0.069928232653638
36 30
    -0.011315208018914     0.009925772428687    -0.024354182278330
     0.009925772428687    -0.011315208018914     0.024354182278330
    -0.024354182278330     0.024354182278330    -0.133864037968578
36 31
    -2.341654446252051     1.196902454830706    -1.196902454830706
     1.196902454830706    -2.341654446252050     1.196902454830706
    -1.196902454830706     1.196902454830706    -2.341654446252050
36 32
    -0.031492912864906     0.035007932092412    -0.035007932092412
     0.035007932092412     0.069928232653638     0.035338320594747
    -0.035007932092412     0.035338320594747     0.069928232653638
36 33
    -0.041754298479191     0.000000000000000     0.000000000000000
    -0.000000000000000    -0.041754298479191     0.000000000000000
     0.000000000000000     0.000000000000000     0.250247780888913
36 34
    -0.057780722897860     0.000000000000000    -0.000000000000000
    -0.000000000000000    -0.015432216503086     0.000000000000000
     0.000000000000000     0.000000000000000    -0.057780722897860
36 35
    -0.015432216503086     0.000000000000000    -0.000000000000000
    -0.000000000000000    -0.057780722897860     0.000000000000000
     0.000000000000000    -0.000000000000000    -0.057780722897860
36 36
     9.696337472371399     0.000000000000000    -0.000000000000000
     0.000000000000000     9.696337472371393     0.000000000000000
    -0.000000000000000     0.000000000000000     9.696337472371393
36 37
     0.002996701471147     0.000000000000000    -0.000000000000000
    -0.000000000000000     0.002996701471147     0.000000000000000
     0.000000000000000     0.000000000000000     0.002996701471147
36 38
     0.250247780888913     0.000000000000000    -0.000000000000000
    -0.000000000000000    -0.041754298479191     0.000000000000000
     0.000000000000000    -0.000000000000000    -0.041754298479191
36 39
    -0.041754298479191     0.000000000000000    -0.000000000000000
    -0.000000000000000     0.250247780888913     0.000000000000000
     0.000000000000000    -0.000000000000000    -0.041754298479191
36 40
    -0.057780722897860     0.000000000000000    -0.000000000000000
    -0.000000000000000    -0.057780722897860    -0.000000000000000
     0.000000000000000     0.000000000000000    -0.015432216503086
36 41
    -0.011315208018914     0.024354182278330     0.009925772428687
     0.024354182278330    -0.133864037968578    -0.024354182278330
     0.009925772428687    -0.024354182278330    -0.011315208018914
36 42
     0.069928232653638     0.035338320594747     0.035007932092412
     0.035338320594747     0.069928232653638    -0.035007932092412
     0.035007932092412    -0.035007932092412    -0.031492912864906
36 43
     0.003274804578268     0.012843773583882     0.012843773583882
     0.012843773583882     0.003274804578268    -0.012843773583882
     0.012843773583882    -0.012843773583882     0.003274804578268
36 44
    -0.133864037968579     0.024354182278330     0.024354182278330
     0.024354182278330    -0.011315208018914    -0.009925772428687
     0.024354182278330    -0.009925772428687    -0.011315208018914
36 45
    -0.031492912864906     0.035007932092412     0.035007932092412
     0.035007932092412     0.069928232653638    -0.035338320594747
     0.035007932092412    -0.035338320594747     0.069928232653638
36 46
    -2.341654446252051     1.196902454830706     1.196902454830707
     1.196902454830706    -2.341654446252050    -1.196902454830706
     1.196902454830706    -1.196902454830706    -2.341654446252051
36 47
    -0.011315208018914     0.009925772428687     0.024354182278330
     0.009925772428687    -0.011315208018914    -0.024354182278330
     0.024354182278330    -0.024354182278330    -0.133864037968578
36 48
     0.069928232653638     0.035007932092412     0.035338320594747
     0.035007932092412    -0.031492912864905    -0.035007932092412
     0.035338320594747    -0.035007932092412     0.069928232653638
36 49
     0.018478612139461     0.012843031709053    -0.012843031709053
    -0.012843031709053    -0.034163283532962    -0.037615269320668
     0.012843031709053    -0.037615269320668    -0.034163283532962
36 50
     0.319300378862408     0.072948118759086    -0.072948118759086
    -0.072948118759086    -0.158355902283347     0.156713285832666
     0.072948118759086     0.156713285832666    -0.158355902283347
36 51
     0.018478612139461     0.012843031709053     0.012843031709053
    -0.012843031709053    -0.034163283532962     0.037615269320668
    -0.012843031709053     0.037615269320668    -0.034163283532962
36 52
     0.319300378862408     0.072948118759086     0.072948118759086
    -0.072948118759086    -0.158355902283347    -0.156713285832666
    -0.072948118759086    -0.156713285832666    -0.158355902283347
36 53
     0.018478612139461    -0.012843031709053    -0.012843031709053
     0.012843031709053    -0.034163283532962     0.037615269320668
     0.012843031709053     0.037615269320668    -0.034163283532962
36 54
     0.319300378862408    -0.072948118759086    -0.072948118759086
     0.072948118759086    -0.158355902283347    -0.156713285832666
     0.072948118759086    -0.156713285832666    -0.158355902283347
36 55
     0.018478612139461    -0.012843031709053     0.012843031709053
     0.012843031709053    -0.034163283532962    -0.037615269320668
    -0.012843031709053    -0.037615269320668    -0.034163283532962
36 56
     0.319300378862408    -0.072948118759086     0.072948118759086
     0.072948118759086    -0.158355902283347     0.156713285832666
    -0.072948118759086     0.156713285832666    -0.158355902283347
36 57
    -0.011315208018914    -0.009925772428687    -0.024354182278330
    -0.009925772428687    -0.011315208018914    -0.024354182278330
    -0.024354182278330    -0.024354182278330    -0.133864037968578
36 58
     0.069928232653638    -0.035007932092412    -0.035338320594747
    -0.035007932092412    -0.031492912864905    -0.035007932092412
    -0.035338320594747    -0.035007932092412     0.069928232653638
36 59
    -0.031492912864906    -0.035007932092412    -0.035007932092412
    -0.035007932092412     0.069928232653638    -0.035338320594747
    -0.035007932092412    -0.035338320594747     0.069928232653638
36 60
    -2.341654446252051    -1.196902454830707    -1.196902454830706
    -1.196902454830706    -2.341654446252051    -1.196902454830706
    -1.196902454830706    -1.196902454830706    -2.341654446252050
36 61
     0.003274804578268    -0.012843773583882    -0.012843773583882
    -0.012843773583882     0.003274804578268    -0.012843773583882
    -0.012843773583882    -0.012843773583882     0.003274804578268
36 62
    -0.133864037968579    -0.024354182278330    -0.024354182278330
    -0.024354182278330    -0.011315208018914    -0.009925772428687
    -0.024354182278330    -0.009925772428687    -0.011315208018914
36 63
    -0.011315208018914    -0.024354182278330    -0.009925772428687
    -0.024354182278330    -0.133864037968578    -0.024354182278330
    -0.009925772428687    -0.024354182278330    -0.011315208018914
36 64
     0.069928232653638    -0.035338320594747    -0.035007932092412
    -0.035338320594747     0.069928232653638    -0.035007932092412
    -0.035007932092412    -0.035007932092412    -0.031492912864906
37 1
    -0.158355902283347     0.072948118759086     0.156713285832666
    -0.072948118759086     0.319300378862408     0.072948118759086
     0.156713285832666    -0.072948118759086    -0.158355902283347
37 2
    -0.158355902283347     0.072948118759086    -0.156713285832666
    -0.072948118759086     0.319300378862408    -0.072948118759086
    -0.156713285832666     0.072948118759086    -0.158355902283347
37 3
    -0.034163283532962     0.012843031709053    -0.037615269320668
    -0.012843031709053     0.018478612139461     0.012843031709053
    -0.037615269320668    -0.012843031709053    -0.034163283532962
37 4
    -0.034163283532962     0.012843031709053     0.037615269320668
    -0.012843031709053     0.018478612139461    -0.012843031709053
     0.037615269320668     0.012843031709053    -0.034163283532962
37 5
    -0.158355902283347    -0.072948118759086    -0.156713285832666
     0.072948118759086     0.319300378862408     0.072948118759086
    -0.156713285832666    -0.072948118759086    -0.158355902283347
37 6
    -0.158355902283347    -0.072948118759086     0.156713285832666
     0.072948118759086     0.319300378862408    -0.072948118759086
     0.156713285832666     0.072948118759086    -0.158355902283347
37 7
    -0.034163283532962    -0.012843031709053     0.037615269320668
     0.012843031709053     0.018478612139461     0.012843031709053
     0.037615269320668    -0.012843031709053    -0.034163283532962
37 8
    -0.034163283532962    -0.012843031709053    -0.037615269320668
     0.012843031709053     0.018478612139461    -0.012843031709053
    -0.037615269320668     0.012843031709053    -0.034163283532962
37 9
     0.003274804578268    -0.012843773583882     0.012843773583882
    -0.012843773583882     0.003274804578268     0.012843773583882
     0.012843773583882     0.012843773583882     0.003274804578268
37 10
    -0.133864037968578    -0.024354182278330     0.024354182278330
    -0.024354182278330    -0.011315208018914     0.009925772428687
     0.024354182278330     0.009925772428687    -0.011315208018914
37 11
    -0.011315208018914    -0.024354182278330     0.009925772428687
    -0.024354182278330    -0.133864037968579     0.024354182278330
     0.009925772428687     0.024354182278330    -0.011315208018914
37 12
     0.069928232653638    -0.035338320594747     0.035007932092412
    -0.035338320594747     0.069928232653638     0.035007932092412
     0.035007932092412     0.035007932092412    -0.031492912864905
37 13
    -0.011315208018914    -0.009925772428687     0.024354182278330
    -0.009925772428687    -0.011315208018914     0.024354182278330
     0.024354182278330     0.024354182278330    -0.133864037968578
37 14
     0.069928232653638    -0.035007932092412     0.035338320594747
    -0.035007932092412    -0.031492912864906     0.035007932092412
     0.035338320594747     0.035007932092412     0.069928232653638
37 15
    -0.031492912864906    -0.035007932092412     0.035007932092412
    -0.035007932092412     0.069928232653638     0.035338320594747
     0.035007932092412     0.035338320594747     0.069928232653638
37 16
    -2.341654446252051    -1.196902454830706     1.196902454830706
    -1.196902454830707    -2.341654446252051     1.196902454830706
     1.196902454830706     1.196902454830706    -2.341654446252050
37 17
    -0.034163283532962     0.037615269320668    -0.012843031709053
     0.037615269320668    -0.034163283532962    -0.012843031709053
     0.012843031709053     0.012843031709053     0.018478612139461
37 18
    -0.034163283532962    -0.037615269320668    -0.012843031709053
    -0.037615269320668    -0.034163283532962     0.012843031709053
     0.012843031709053    -0.012843031709053     0.018478612139461
37 19
    -0.034163283532962    -0.037615269320668     0.012843031709053
    -0.037615269320668    -0.034163283532962    -0.012843031709053
    -0.012843031709053     0.012843031709053     0.018478612139461
37 20
    -0.034163283532962     0.037615269320668     0.012843031709053
     0.037615269320668    -0.034163283532962     0.012843031709053
    -0.012843031709053    -0.012843031709053     0.018478612139461
37 21
    -0.158355902283347    -0.156713285832666    -0.072948118759086
    -0.156713285832666    -0.158355902283347    -0.072948118759086
     0.072948118759086     0.072948118759086     0.319300378862408
37 22
    -0.158355902283347     0.156713285832666    -0.072948118759086
     0.156713285832666    -0.158355902283347     0.072948118759086
     0.072948118759086    -0.072948118759086     0.319300378862408
37 23
    -0.158355902283347     0.156713285832666     0.072948118759086
     0.156713285832666    -0.158355902283347    -0.072948118759086
    -0.072948118759086     0.072948118759086     0.319300378862408
37 24
    -0.158355902283347    -0.156713285832666     0.072948118759086
    -0.156713285832666    -0.158355902283347     0.072948118759086
    -0.072948118759086    -0.072948118759086     0.319300378862408
37 25
    -0.031492912864906     0.035007932092412    -0.035007932092412
     0.035007932092412     0.069928232653638     0.035338320594747
    -0.035007932092412     0.035338320594747     0.069928232653638
37 26
    -2.341654446252051     1.196902454830706    -1.196902454830706
     1.196902454830707    -2.341654446252051     1.196902454830706
    -1.196902454830706     1.196902454830706    -2.341654446252050
37 27
    -0.011315208018914     0.009925772428687    -0.024354182278330
     0.009925772428687    -0.011315208018914     0.024354182278330
    -0.024354182278330     0.024354182278330    -0.133864037968578
37 28
     0.069928232653638     0.035007932092412    -0.035338320594747
     0.035007932092412    -0.031492912864906     0.035007932092412
    -0.035338320594747     0.035007932092412     0.069928232653638
37 29
    -0.011315208018914     0.024354182278330    -0.009925772428687
     0.024354182278330    -0.133864037968579     0.024354182278330
    -0.009925772428687     0.024354182278330    -0.011315208018914
37 30
     0.069928232653638     0.035338320594747    -0.035007932092412
     0.035338320594747     0.069928232653638     0.035007932092412
    -0.035007932092412     0.035007932092412    -0.031492912864905
37 31
     0.003274804578268     0.012843773583882    -0.012843773583882
     0.012843773583882     0.003274804578268     0.012843773583882
    -0.012843773583882     0.012843773583882     0.003274804578268
37 32
    -0.133864037968578     0.024354182278330    -0.024354182278330
     0.024354182278330    -0.011315208018914     0.009925772428687
    -0.024354182278330     0.009925772428687    -0.011315208018914
37 33
    -0.057780722897860     0.000000000000000     0.000000000000000
    -0.000000000000000    -0.057780722897860     0.000000000000000
    -0.000000000000000     0.000000000000000    -0.015432216503086
37 34
    -0.041754298479191    -0.000000000000000     0.000000000000000
    -0.000000000000000     0.250247780888912     0.000000000000000
     0.000000000000000     0.000000000000000    -0.041754298479191
37 35
     0.250247780888912     0.000000000000000     0.000000000000000
    -0.000000000000000    -0.041754298479191     0.000000000000000
    -0.000000000000000     0.000000000000000    -0.041754298479191
37 36
     0.002996701471147    -0.000000000000000     0.000000000000000
     0.000000000000000     0.002996701471147     0.000000000000000
    -0.000000000000000     0.000000000000000     0.002996701471147
37 37
     9.696337472371397    -0.000000000000000     0.000000000000000
    -0.000000000000000     9.696337472371397     0.000000000000000
     0.000000000000000     0.000000000000000     9.696337472371393
37 38
    -0.015432216503086    -0.000000000000000     0.000000000000000
    -0.000000000000000    -0.057780722897860     0.000000000000000
    -0.000000000000000     0.000000000000000    -0.057780722897860
37 39
    -0.057780722897860    -0.000000000000000    -0.000000000000000
     0.000000000000000    -0.015432216503086     0.000000000000000
    -0.000000000000000    -0.000000000000000    -0.057780722897860
37 40
    -0.041754298479191     0.000000000000000     0.000000000000000
    -0.000000000000000    -0.041754298479191    -0.000000000000000
    -0.000000000000000     0.000000000000000     0.250247780888912
37 41
     0.069928232653638     0.035007932092412     0.035338320594747
     0.035007932092412    -0.031492912864906    -0.035007932092412
     0.035338320594747    -0.035007932092412     0.069928232653638
37 42
    -0.011315208018914     0.009925772428687     0.024354182278330
     0.009925772428687    -0.011315208018914    -0.024354182278330
     0.024354182278330    -0.024354182278330    -0.133864037968579
37 43
    -2.341654446252051     1.196902454830706     1.196902454830706
     1.196902454830707    -2.341654446252051    -1.196902454830706
     1.196902454830706    -1.196902454830706    -2.341654446252050
37 44
    -0.031492912864905     0.035007932092412     0.035007932092412
     0.035007932092412     0.069928232653638    -0.035338320594747
     0.035007932092412    -0.035338320594747     0.069928232653638
37 45
    -0.133864037968578     0.024354182278330     0.024354182278330
     0.024354182278330    -0.011315208018914    -0.009925772428687
     0.024354182278330    -0.009925772428687    -0.011315208018914
37 46
     0.003274804578268     0.012843773583882     0.012843773583882
     0.012843773583882     0.003274804578268    -0.012843773583882
     0.012843773583882    -0.012843773583882     0.003274804578268
37 47
     0.069928232653638     0.035338320594747     0.035007932092412
     0.035338320594747     0.069928232653638    -0.035007932092412
     0.035007932092412    -0.035007932092412    -0.031492912864905
37 48
    -0.011315208018914     0.024354182278330     0.009925772428687
     0.024354182278330    -0.133864037968579    -0.024354182278330
     0.009925772428687    -0.024354182278330    -0.011315208018914
37 49
     0.319300378862408    -0.072948118759086     0.072948118759086
     0.072948118759086    -0.158355902283347     0.156713285832666
    -0.072948118759086     0.156713285832666    -0.158355902283347
37 50
     0.018478612139461    -0.012843031709053     0.012843031709053
     0.012843031709053    -0.034163283532962    -0.037615269320668
    -0.012843031709053    -0.037615269320668    -0.034163283532962
37 51
     0.319300378862408    -0.072948118759086    -0.072948118759086
     0.072948118759086    -0.158355902283347    -0.156713285832666
     0.072948118759086    -0.156713285832666    -0.158355902283347
37 52
     0.018478612139461    -0.012843031709053    -0.012843031709053
     0.012843031709053    -0.034163283532962     0.037615269320668
     0.012843031709053     0.037615269320668    -0.034163283532962
37 53
     0.319300378862408     0.072948118759086     0.072948118759086
    -0.072948118759086    -0.158355902283347    -0.156713285832666
    -0.072948118759086    -0.156713285832666    -0.158355902283347
37 54
     0.018478612139461     0.012843031709053     0.012843031709053
    -0.012843031709053    -0.034163283532962     0.037615269320668
    -0.012843031709053     0.037615269320668    -0.034163283532962
37 55
     0.319300378862408     0.072948118759086    -0.072948118759086
    -0.072948118759086    -0.158355902283347     0.156713285832666
     0.072948118759086     0.156713285832666    -0.158355902283347
37 56
     0.018478612139461     0.012843031709053    -0.012843031709053
    -0.012843031709053    -0.034163283532962    -0.037615269320668
     0.012843031709053    -0.037615269320668    -0.034163283532962
37 57
     0.069928232653638    -0.035338320594747    -0.035007932092412
    -0.035338320594747     0.069928232653638    -0.035007932092412
    -0.035007932092412    -0.035007932092412    -0.031492912864905
37 58
    -0.011315208018914    -0.024354182278330    -0.009925772428687
    -0.024354182278330    -0.133864037968579    -0.024354182278330
    -0.009925772428687    -0.024354182278330    -0.011315208018914
37 59
    -0.133864037968578    -0.024354182278330    -0.024354182278330
    -0.024354182278330    -0.011315208018914    -0.009925772428687
    -0.024354182278330    -0.009925772428687    -0.011315208018914
37 60
     0.003274804578268    -0.012843773583882    -0.012843773583882
    -0.012843773583882     0.003274804578268    -0.012843773583882
    -0.012843773583882    -0.012843773583882     0.003274804578268
37 61
    -2.341654446252050    -1.196902454830706    -1.196902454830706
    -1.196902454830706    -2.341654446252051    -1.196902454830707
    -1.196902454830706    -1.196902454830706    -2.341654446252051
37 62
    -0.031492912864905    -0.035007932092412    -0.035007932092412
    -0.035007932092412     0.069928232653638    -0.035338320594747
    -0.035007932092412    -0.035338320594747     0.069928232653638
37 63
     0.069928232653638    -0.035007932092412    -0.035338320594747
    -0.035007932092412    -0.031492912864906    -0.035007932092412
    -0.035338320594747    -0.035007932092412     0.069928232653638
37 64
    -0.011315208018914    -0.009925772428687    -0.024354182278330
    -0.009925772428687    -0.011315208018914    -0.024354182278330
    -0.024354182278330    -0.024354182278330    -0.133864037968578
38 1
    -0.158355902283347     0.072948118759086    -0.156713285832666
    -0.072948118759086     0.319300378862408    -0.072948118759086
    -0.156713285832666     0.072948118759086    -0.158355902283347
38 2
    -0.158355902283347     0.072948118759086     0.156713285832666
    -0.072948118759086     0.319300378862408     0.072948118759086
     0.156713285832666    -0.072948118759086    -0.158355902283347
38 3
    -0.034163283532962     0.012843031709053     0.037615269320668
    -0.012843031709053     0.018478612139461    -0.012843031709053
     0.037615269320668     0.012843031709053    -0.034163283532962
38 4
    -0.034163283532962     0.012843031709053    -0.037615269320668
    -0.012843031709053     0.018478612139461     0.012843031709053
    -0.037615269320668    -0.012843031709053    -0.034163283532962
38 5
    -0.158355902283347    -0.072948118759086     0.156713285832666
     0.072948118759086     0.319300378862408    -0.072948118759086
     0.156713285832666     0.072948118759086    -0.158355902283347
38 6
    -0.158355902283347    -0.072948118759086    -0.156713285832666
     0.072948118759086     0.319300378862408     0.072948118759086
    -0.156713285832666    -0.072948118759086    -0.158355902283347
38 7
    -0.034163283532962    -0.012843031709053    -0.037615269320668
     0.012843031709053     0.018478612139461    -0.012843031709053
    -0.037615269320668     0.012843031709053    -0.034163283532962
38 8
    -0.034163283532962    -0.012843031709053     0.037615269320668
     0.012843031709053     0.018478612139461     0.012843031709053
     0.037615269320668    -0.012843031709053    -0.034163283532962
38 9
    -0.133864037968578    -0.024354182278330     0.024354182278330
    -0.024354182278330    -0.011315208018914     0.009925772428687
     0.024354182278330     0.009925772428687    -0.011315208018914
38 10
     0.003274804578268    -0.012843773583882     0.012843773583882
    -0.012843773583882     0.003274804578268     0.012843773583882
     0.012843773583882     0.012843773583882     0.003274804578268
38 11
     0.069928232653638    -0.035338320594747     0.035007932092412
    -0.035338320594747     0.069928232653638     0.035007932092412
     0.035007932092412     0.035007932092412    -0.031492912864905
38 12
    -0.011315208018914    -0.024354182278330     0.009925772428687
    -0.024354182278330    -0.133864037968578     0.024354182278330
     0.009925772428687     0.024354182278330    -0.011315208018914
38 13
     0.069928232653638    -0.035007932092412     0.035338320594747
    -0.035007932092412    -0.031492912864906     0.035007932092412
     0.035338320594747     0.035007932092412     0.069928232653638
38 14
    -0.011315208018914    -0.009925772428687     0.024354182278330
    -0.009925772428687    -0.011315208018914     0.024354182278330
     0.024354182278330     0.024354182278330    -0.133864037968578
38 15
    -2.341654446252051    -1.196902454830706     1.196902454830706
    -1.196902454830706    -2.341654446252050     1.196902454830706
     1.196902454830706     1.196902454830706    -2.341654446252050
38 16
    -0.031492912864906    -0.035007932092412     0.035007932092412
    -0.035007932092412     0.069928232653638     0.035338320594747
     0.035007932092412     0.035338320594747     0.069928232653638
38 17
    -0.034163283532962    -0.037615269320668    -0.012843031709053
    -0.037615269320668    -0.034163283532962     0.012843031709053
     0.012843031709053    -0.012843031709053     0.018478612139461
38 18
    -0.034163283532962     0.037615269320668    -0.012843031709053
     0.037615269320668    -0.034163283532962    -0.012843031709053
     0.012843031709053     0.012843031709053     0.018478612139461
38 19
    -0.034163283532962     0.037615269320668     0.012843031709053
     0.037615269320668    -0.034163283532962     0.012843031709053
    -0.012843031709053    -0.012843031709053     0.018478612139461
38 20
    -0.034163283532962    -0.037615269320668     0.012843031709053
    -0.037615269320668    -0.034163283532962    -0.012843031709053
    -0.012843031709053     0.012843031709053     0.018478612139461
38 21
    -0.158355902283347     0.156713285832666    -0.072948118759086
     0.156713285832666    -0.158355902283347     0.072948118759086
     0.072948118759086    -0.072948118759086     0.319300378862408
38 22
    -0.158355902283347    -0.156713285832666    -0.072948118759086
    -0.156713285832666    -0.158355902283347    -0.072948118759086
     0.072948118759086     0.072948118759086     0.319300378862408
38 23
    -0.158355902283347    -0.156713285832666     0.072948118759086
    -0.156713285832666    -0.158355902283347     0.072948118759086
    -0.072948118759086    -0.072948118759086     0.319300378862408
38 24
    -0.158355902283347     0.156713285832666     0.072948118759086
     0.156713285832666    -0.158355902283347    -0.072948118759086
    -0.072948118759086     0.072948118759086     0.319300378862408
38 25
    -2.341654446252051     1.196902454830706    -1.196902454830706
     1.196902454830706    -2.341654446252050     1.196902454830706
    -1.196902454830706     1.196902454830706    -2.341654446252050
38 26
    -0.031492912864906     0.035007932092412    -0.035007932092412
     0.035007932092412     0.069928232653638     0.035338320594747
    -0.035007932092412     0.035338320594747     0.069928232653638
38 27
     0.069928232653638     0.035007932092412    -0.035338320594747
     0.035007932092412    -0.031492912864906     0.035007932092412
    -0.035338320594747     0.035007932092412     0.069928232653638
38 28
    -0.011315208018914     0.009925772428687    -0.024354182278330
     0.009925772428687    -0.011315208018914     0.024354182278330
    -0.024354182278330     0.024354182278330    -0.133864037968579
38 29
     0.069928232653638     0.035338320594747    -0.035007932092412
     0.035338320594747     0.069928232653638     0.035007932092412
    -0.035007932092412     0.035007932092412    -0.031492912864905
38 30
    -0.011315208018914     0.024354182278330    -0.009925772428687
     0.024354182278330    -0.133864037968578     0.024354182278330
    -0.009925772428687     0.024354182278330    -0.011315208018914
38 31
    -0.133864037968579     0.024354182278330    -0.024354182278330
     0.024354182278330    -0.011315208018914     0.009925772428687
    -0.024354182278330     0.009925772428687    -0.011315208018914
38 32
     0.003274804578268     0.012843773583882    -0.012843773583882
     0.012843773583882     0.003274804578268     0.012843773583882
    -0.012843773583882     0.012843773583882     0.003274804578268
38 33
    -0.041754298479191     0.000000000000000     0.000000000000000
    -0.000000000000000     0.250247780888912     0.000000000000000
    -0.000000000000000    -0.000000000000000    -0.041754298479191
38 34
    -0.057780722897860     0.000000000000000    -0.000000000000000
    -0.000000000000000    -0.057780722897860    -0.000000000000000
     0.000000000000000     0.000000000000000    -0.015432216503086
38 35
     0.002996701471147     0.000000000000000     0.000000000000000
    -0.000000000000000     0.002996701471147     0.000000000000000
     0.000000000000000    -0.000000000000000     0.002996701471147
38 36
     0.250247780888913    -0.000000000000000     0.000000000000000
     0.000000000000000    -0.041754298479191    -0.000000000000000
    -0.000000000000000     0.000000000000000    -0.041754298479191
38 37
    -0.015432216503086    -0.000000000000000    -0.000000000000000
    -0.000000000000000    -0.057780722897860     0.000000000000000
     0.000000000000000     0.000000000000000    -0.057780722897860
38 38
     9.696337472371400    -0.000000000000000    -0.000000000000000
    -0.000000000000000     9.696337472371393    -0.000000000000000
    -0.000000000000000    -0.000000000000000     9.696337472371393
38 39
    -0.041754298479191     0.000000000000000    -0.000000000000000
     0.000000000000000    -0.041754298479191     0.000000000000000
     0.000000000000000    -0.000000000000000     0.250247780888912
38 40
    -0.057780722897860     0.000000000000000     0.000000000000000
     0.000000000000000    -0.015432216503086    -0.000000000000000
     0.000000000000000     0.000000000000000    -0.057780722897860
38 41
    -0.011315208018914     0.009925772428687     0.024354182278330
     0.009925772428687    -0.011315208018914    -0.024354182278330
     0.024354182278330    -0.024354182278330    -0.133864037968578
38 42
     0.069928232653638     0.035007932092412     0.035338320594747
     0.035007932092412    -0.031492912864906    -0.035007932092412
     0.035338320594747    -0.035007932092412     0.069928232653638
38 43
    -0.031492912864906     0.035007932092412     0.035007932092412
     0.035007932092412     0.069928232653638    -0.035338320594747
     0.035007932092412    -0.035338320594747     0.069928232653638
38 44
    -2.341654446252051     1.196902454830706     1.196902454830706
     1.196902454830706    -2.341654446252050    -1.196902454830706
     1.196902454830706    -1.196902454830706    -2.341654446252050
38 45
     0.003274804578268     0.012843773583882     0.012843773583882
     0.012843773583882     0.003274804578268    -0.012843773583882
     0.012843773583882    -0.012843773583882     0.003274804578268
38 46
    -0.133864037968578     0.024354182278330     0.024354182278330
     0.024354182278330    -0.011315208018914    -0.009925772428687
     0.024354182278330    -0.009925772428687    -0.011315208018914
38 47
    -0.011315208018914     0.024354182278330     0.009925772428687
     0.024354182278330    -0.133864037968579    -0.024354182278330
     0.009925772428687    -0.024354182278330    -0.011315208018914
38 48
     0.069928232653638     0.035338320594747     0.035007932092412
     0.035338320594747     0.069928232653638    -0.035007932092412
     0.035007932092412    -0.035007932092412    -0.031492912864905
38 49
     0.018478612139461    -0.012843031709053     0.012843031709053
     0.012843031709053    -0.034163283532962    -0.037615269320668
    -0.012843031709053    -0.037615269320668    -0.034163283532962
38 50
     0.319300378862408    -0.072948118759086     0.072948118759086
     0.072948118759086    -0.158355902283347     0.156713285832666
    -0.072948118759086     0.156713285832666    -0.158355902283347
38 51
     0.018478612139461    -0.012843031709053    -0.012843031709053
     0.012843031709053    -0.034163283532962     0.037615269320668
     0.012843031709053     0.037615269320668    -0.034163283532962
38 52
     0.319300378862408    -0.072948118759086    -0.072948118759086
     0.072948118759086    -0.158355902283347    -0.156713285832666
     0.072948118759086    -0.156713285832666    -0.158355902283347
38 53
     0.018478612139461     0.012843031709053     0.012843031709053
    -0.012843031709053    -0.034163283532962     0.037615269320668
    -0.012843031709053     0.037615269320668    -0.034163283532962
38 54
     0.319300378862408     0.072948118759086     0.072948118759086
    -0.072948118759086    -0.158355902283347    -0.156713285832666
    -0.072948118759086    -0.156713285832666    -0.158355902283347
38 55
     0.018478612139461     0.012843031709053    -0.012843031709053
    -0.012843031709053    -0.034163283532962    -0.037615269320668
     0.012843031709053    -0.037615269320668    -0.034163283532962
38 56
     0.319300378862408     0.072948118759086    -0.072948118759086
    -0.072948118759086    -0.158355902283347     0.156713285832666
     0.072948118759086     0.156713285832666    -0.158355902283347
38 57
    -0.011315208018914    -0.024354182278330    -0.009925772428687
    -0.024354182278330    -0.133864037968578    -0.024354182278330
    -0.009925772428687    -0.024354182278330    -0.011315208018914
38 58
     0.069928232653638    -0.035338320594747    -0.035007932092412
    -0.035338320594747     0.069928232653638    -0.035007932092412
    -0.035007932092412    -0.035007932092412    -0.031492912864906
38 59
     0.003274804578268    -0.012843773583882    -0.012843773583882
    -0.012843773583882     0.003274804578268    -0.012843773583882
    -0.012843773583882    -0.012843773583882     0.003274804578268
38 60
    -0.133864037968578    -0.024354182278330    -0.024354182278330
    -0.024354182278330    -0.011315208018914    -0.009925772428687
    -0.024354182278330    -0.009925772428687    -0.011315208018914
38 61
    -0.031492912864906    -0.035007932092412    -0.035007932092412
    -0.035007932092412     0.069928232653638    -0.035338320594747
    -0.035007932092412    -0.035338320594747     0.069928232653638
38 62
    -2.341654446252051    -1.196902454830706    -1.196902454830706
    -1.196902454830706    -2.341654446252050    -1.196902454830706
    -1.196902454830706    -1.196902454830706    -2.341654446252050
38 63
    -0.011315208018914    -0.009925772428687    -0.024354182278330
    -0.009925772428687    -0.011315208018914    -0.024354182278330
    -0.024354182278330    -0.024354182278330    -0.133864037968578
38 64
     0.069928232653638    -0.035007932092412    -0.035338320594747
    -0.035007932092412    -0.031492912864905    -0.035007932092412
    -0.035338320594747    -0.035007932092412     0.069928232653638
39 1
    -0.034163283532962     0.012843031709053    -0.037615269320668
    -0.012843031709053     0.018478612139461     0.012843031709053
    -0.037615269320668    -0.012843031709053    -0.034163283532962
39 2
    -0.034163283532962     0.012843031709053     0.037615269320668
    -0.012843031709053     0.018478612139461    -0.012843031709053
     0.037615269320668     0.012843031709053    -0.034163283532962
39 3
    -0.158355902283347     0.072948118759086     0.156713285832666
    -0.072948118759086     0.319300378862408     0.072948118759086
     0.156713285832666    -0.072948118759086    -0.158355902283347
39 4
    -0.158355902283347     0.072948118759086    -0.156713285832666
    -0.072948118759086     0.319300378862408    -0.072948118759086
    -0.156713285832666     0.072948118759086    -0.158355902283347
39 5
    -0.034163283532962    -0.012843031709053     0.037615269320668
     0.012843031709053     0.018478612139461     0.012843031709053
     0.037615269320668    -0.012843031709053    -0.034163283532962
39 6
    -0.034163283532962    -0.012843031709053    -0.037615269320668
     0.012843031709053     0.018478612139461    -0.012843031709053
    -0.037615269320668     0.012843031709053    -0.034163283532962
39 7
    -0.158355902283347    -0.072948118759086    -0.156713285832666
     0.072948118759086     0.319300378862408     0.072948118759086
    -0.156713285832666    -0.072948118759086    -0.158355902283347
39 8
    -0.158355902283347    -0.072948118759086     0.156713285832666
     0.072948118759086     0.319300378862408    -0.072948118759086
     0.156713285832666     0.072948118759086    -0.158355902283347
39 9
    -0.011315208018914    -0.024354182278330     0.009925772428687
    -0.024354182278330    -0.133864037968579     0.024354182278330
     0.009925772428687     0.024354182278330    -0.011315208018914
39 10
     0.069928232653638    -0.035338320594747     0.035007932092412
    -0.035338320594747     0.069928232653638     0.035007932092412
     0.035007932092412     0.035007932092412    -0.031492912864906
39 11
     0.003274804578268    -0.012843773583882     0.012843773583882
    -0.012843773583882     0.003274804578268     0.012843773583882
     0.012843773583882     0.012843773583882     0.003274804578268
39 12
    -0.133864037968578    -0.024354182278330     0.024354182278330
    -0.024354182278330    -0.011315208018914     0.009925772428687
     0.024354182278330     0.009925772428687    -0.011315208018914
39 13
    -0.031492912864905    -0.035007932092412     0.035007932092412
    -0.035007932092412     0.069928232653638     0.035338320594747
     0.035007932092412     0.035338320594747     0.069928232653638
39 14
    -2.341654446252051    -1.196902454830706     1.196902454830706
    -1.196902454830707    -2.341654446252051     1.196902454830706
     1.196902454830706     1.196902454830706    -2.341654446252050
39 15
    -0.011315208018914    -0.009925772428687     0.024354182278330
    -0.009925772428687    -0.011315208018914     0.024354182278330
     0.024354182278330     0.024354182278330    -0.133864037968578
39 16
     0.069928232653638    -0.035007932092412     0.035338320594747
    -0.035007932092412    -0.031492912864906     0.035007932092412
     0.035338320594747     0.035007932092412     0.069928232653638
39 17
    -0.034163283532962    -0.037615269320668     0.012843031709053
    -0.037615269320668    -0.034163283532962    -0.012843031709053
    -0.012843031709053     0.012843031709053     0.018478612139461
39 18
    -0.034163283532962     0.037615269320668     0.012843031709053
     0.037615269320668    -0.034163283532962     0.012843031709053
    -0.012843031709053    -0.012843031709053     0.018478612139461
39 19
    -0.034163283532962     0.037615269320668    -0.012843031709053
     0.037615269320668    -0.034163283532962    -0.012843031709053
     0.012843031709053     0.012843031709053     0.018478612139461
39 20
    -0.034163283532962    -0.037615269320668    -0.012843031709053
    -0.037615269320668    -0.034163283532962     0.012843031709053
     0.012843031709053    -0.012843031709053     0.018478612139461
39 21
    -0.158355902283347     0.156713285832666     0.072948118759086
     0.156713285832666    -0.158355902283347    -0.072948118759086
    -0.072948118759086     0.072948118759086     0.319300378862408
39 22
    -0.158355902283347    -0.156713285832666     0.072948118759086
    -0.156713285832666    -0.158355902283347     0.072948118759086
    -0.072948118759086    -0.072948118759086     0.319300378862408
39 23
    -0.158355902283347    -0.156713285832666    -0.072948118759086
    -0.156713285832666    -0.158355902283347    -0.072948118759086
     0.072948118759086     0.072948118759086     0.319300378862408
39 24
    -0.158355902283347     0.156713285832666    -0.072948118759086
     0.156713285832666    -0.158355902283347     0.072948118759086
     0.072948118759086    -0.072948118759086     0.319300378862408
39 25
    -0.011315208018914     0.009925772428687    -0.024354182278330
     0.009925772428687    -0.011315208018914     0.024354182278330
    -0.024354182278330     0.024354182278330    -0.133864037968578
39 26
     0.069928232653638     0.035007932092412    -0.035338320594747
     0.035007932092412    -0.031492912864906     0.035007932092412
    -0.035338320594747     0.035007932092412     0.069928232653638
39 27
    -0.031492912864905     0.035007932092412    -0.035007932092412
     0.035007932092412     0.069928232653638     0.035338320594747
    -0.035007932092412     0.035338320594747     0.069928232653638
39 28
    -2.341654446252050     1.196902454830706    -1.196902454830706
     1.196902454830706    -2.341654446252051     1.196902454830707
    -1.196902454830706     1.196902454830706    -2.341654446252051
39 29
     0.003274804578268     0.012843773583882    -0.012843773583882
     0.012843773583882     0.003274804578268     0.012843773583882
    -0.012843773583882     0.012843773583882     0.003274804578268
39 30
    -0.133864037968579     0.024354182278330    -0.024354182278330
     0.024354182278330    -0.011315208018914     0.009925772428687
    -0.024354182278330     0.009925772428687    -0.011315208018914
39 31
    -0.011315208018914     0.024354182278330    -0.009925772428687
     0.024354182278330    -0.133864037968579     0.024354182278330
    -0.009925772428687     0.024354182278330    -0.011315208018914
39 32
     0.069928232653638     0.035338320594747    -0.035007932092412
     0.035338320594747     0.069928232653638     0.035007932092412
    -0.035007932092412     0.035007932092412    -0.031492912864905
39 33
     0.250247780888913     0.000000000000000     0.000000000000000
    -0.000000000000000    -0.041754298479191    -0.000000000000000
    -0.000000000000000     0.000000000000000    -0.041754298479191
39 34
     0.002996701471147     0.000000000000000     0.000000000000000
    -0.000000000000000     0.002996701471147    -0.000000000000000
    -0.000000000000000     0.000000000000000     0.002996701471147
39 35
    -0.057780722897860     0.000000000000000     0.000000000000000
    -0.000000000000000    -0.057780722897860    -0.000000000000000
    -0.000000000000000     0.000000000000000    -0.015432216503086
39 36
    -0.041754298479191    -0.000000000000000     0.000000000000000
     0.000000000000000     0.250247780888913    -0.000000000000000
    -0.000000000000000     0.000000000000000    -0.041754298479191
39 37
    -0.057780722897860     0.000000000000000    -0.000000000000000
    -0.000000000000000    -0.015432216503086    -0.000000000000000
    -0.000000000000000     0.000000000000000    -0.057780722897860
39 38
    -0.041754298479191     0.000000000000000     0.000000000000000
     0.000000000000000    -0.041754298479191    -0.000000000000000
    -0.000000000000000     0.000000000000000     0.250247780888912
39 39
     9.696337472371393     0.000000000000000    -0.000000000000000
     0.000000000000000     9.696337472371397     0.000000000000000
    -0.000000000000000     0.000000000000000     9.696337472371393
39 40
    -0.015432216503086     0.000000000000000     0.000000000000000
    -0.000000000000000    -0.057780722897860    -0.000000000000000
    -0.000000000000000     0.000000000000000    -0.057780722897860
39 41
    -2.341654446252051     1.196902454830706     1.196902454830706
     1.196902454830707    -2.341654446252051    -1.196902454830706
     1.196902454830706    -1.196902454830706    -2.341654446252050
39 42
    -0.031492912864905     0.035007932092412     0.035007932092412
     0.035007932092412     0.069928232653638    -0.035338320594747
     0.035007932092412    -0.035338320594747     0.069928232653638
39 43
     0.069928232653638     0.035007932092412     0.035338320594747
     0.035007932092412    -0.031492912864906    -0.035007932092412
     0.035338320594747    -0.035007932092412     0.069928232653638
39 44
    -0.011315208018914     0.009925772428687     0.024354182278330
     0.009925772428687    -0.011315208018914    -0.024354182278330
     0.024354182278330    -0.024354182278330    -0.133864037968578
39 45
     0.069928232653638     0.035338320594747     0.035007932092412
     0.035338320594747     0.069928232653638    -0.035007932092412
     0.035007932092412    -0.035007932092412    -0.031492912864905
39 46
    -0.011315208018914     0.024354182278330     0.009925772428687
     0.024354182278330    -0.133864037968579    -0.024354182278330
     0.009925772428687    -0.024354182278330    -0.011315208018914
39 47
    -0.133864037968578     0.024354182278330     0.024354182278330
     0.024354182278330    -0.011315208018914    -0.009925772428687
     0.024354182278330    -0.009925772428687    -0.011315208018914
39 48
     0.003274804578268     0.012843773583882     0.012843773583882
     0.012843773583882     0.003274804578268    -0.012843773583882
     0.012843773583882    -0.012843773583882     0.003274804578268
39 49
     0.319300378862408    -0.072948118759086    -0.072948118759086
     0.072948118759086    -0.158355902283347    -0.156713285832666
     0.072948118759086    -0.156713285832666    -0.158355902283347
39 50
     0.018478612139461    -0.012843031709053    -0.012843031709053
     0.012843031709053    -0.034163283532962     0.037615269320668
     0.012843031709053     0.037615269320668    -0.034163283532962
39 51
     0.319300378862408    -0.072948118759086     0.072948118759086
     0.072948118759086    -0.158355902283347     0.156713285832666
    -0.072948118759086     0.156713285832666    -0.158355902283347
39 52
     0.018478612139461    -0.012843031709053     0.012843031709053
     0.012843031709053    -0.034163283532962    -0.037615269320668
    -0.012843031709053    -0.037615269320668    -0.034163283532962
39 53
     0.319300378862408     0.072948118759086    -0.072948118759086
    -0.072948118759086    -0.158355902283347     0.156713285832666
     0.072948118759086     0.156713285832666    -0.158355902283347
39 54
     0.018478612139461     0.012843031709053    -0.012843031709053
    -0.012843031709053    -0.034163283532962    -0.037615269320668
     0.012843031709053    -0.037615269320668    -0.034163283532962
39 55
     0.319300378862408     0.072948118759086     0.072948118759086
    -0.072948118759086    -0.158355902283347    -0.156713285832666
    -0.072948118759086    -0.156713285832666    -0.158355902283347
39 56
     0.018478612139461     0.012843031709053     0.012843031709053
    -0.012843031709053    -0.034163283532962     0.037615269320668
    -0.012843031709053     0.037615269320668    -0.034163283532962
39 57
    -0.133864037968579    -0.024354182278330    -0.024354182278330
    -0.024354182278330    -0.011315208018914    -0.009925772428687
    -0.024354182278330    -0.009925772428687    -0.011315208018914
39 58
     0.003274804578268    -0.012843773583882    -0.012843773583882
    -0.012843773583882     0.003274804578268    -0.012843773583882
    -0.012843773583882    -0.012843773583882     0.003274804578268
39 59
     0.069928232653638    -0.035338320594747    -0.035007932092412
    -0.035338320594747     0.069928232653638    -0.035007932092412
    -0.035007932092412    -0.035007932092412    -0.031492912864906
39 60
    -0.011315208018914    -0.024354182278330    -0.009925772428687
    -0.024354182278330    -0.133864037968579    -0.024354182278330
    -0.009925772428687    -0.024354182278330    -0.011315208018914
39 61
     0.069928232653638    -0.035007932092412    -0.035338320594747
    -0.035007932092412    -0.031492912864906    -0.035007932092412
    -0.035338320594747    -0.035007932092412     0.069928232653638
39 62
    -0.011315208018914    -0.009925772428687    -0.024354182278330
    -0.009925772428687    -0.011315208018914    -0.024354182278330
    -0.024354182278330    -0.024354182278330    -0.133864037968578
39 63
    -2.341654446252050    -1.196902454830706    -1.196902454830706
    -1.196902454830706    -2.341654446252051    -1.196902454830706
    -1.196902454830706    -1.196902454830706    -2.341654446252050
39 64
    -0.031492912864905    -0.035007932092412    -0.035007932092412
    -0.035007932092412     0.069928232653638    -0.035338320594747
    -0.035007932092412    -0.035338320594747     0.069928232653638
40 1
    -0.034163283532962     0.012843031709053     0.037615269320668
    -0.012843031709053     0.018478612139461    -0.012843031709053
     0.037615269320668     0.012843031709053    -0.034163283532962
40 2
    -0.034163283532962     0.012843031709053    -0.037615269320668
    -0.012843031709053     0.018478612139461     0.012843031709053
    -0.037615269320668    -0.012843031709053    -0.034163283532962
40 3
    -0.158355902283347     0.072948118759086    -0.156713285832666
    -0.072948118759086     0.319300378862408    -0.072948118759086
    -0.156713285832666     0.072948118759086    -0.158355902283347
40 4
    -0.158355902283347     0.072948118759086     0.156713285832666
    -0.072948118759086     0.319300378862408     0.072948118759086
     0.156713285832666    -0.072948118759086    -0.158355902283347
40 5
    -0.034163283532962    -0.012843031709053    -0.037615269320668
     0.012843031709053     0.018478612139461    -0.012843031709053
    -0.037615269320668     0.012843031709053    -0.034163283532962
40 6
    -0.034163283532962    -0.012843031709053     0.037615269320668
     0.012843031709053     0.018478612139461     0.012843031709053
     0.037615269320668    -0.012843031709053    -0.034163283532962
40 7
    -0.158355902283347    -0.072948118759086     0.156713285832666
     0.072948118759086     0.319300378862408    -0.072948118759086
     0.156713285832666     0.072948118759086    -0.158355902283347
40 8
    -0.158355902283347    -0.072948118759086    -0.156713285832666
     0.072948118759086     0.319300378862408     0.072948118759086
    -0.156713285832666    -0.072948118759086    -0.158355902283347
40 9
     0.069928232653638    -0.035338320594747     0.035007932092412
    -0.035338320594747     0.069928232653638     0.035007932092412
     0.035007932092412     0.035007932092412    -0.031492912864905
40 10
    -0.011315208018914    -0.024354182278330     0.009925772428687
    -0.024354182278330    -0.133864037968578     0.024354182278330
     0.009925772428687     0.024354182278330    -0.011315208018914
40 11
    -0.133864037968579    -0.024354182278330     0.024354182278330
    -0.024354182278330    -0.011315208018914     0.009925772428687
     0.024354182278330     0.009925772428687    -0.011315208018914
40 12
     0.003274804578268    -0.012843773583882     0.012843773583882
    -0.012843773583882     0.003274804578268     0.012843773583882
     0.012843773583882     0.012843773583882     0.003274804578268
40 13
    -2.341654446252051    -1.196902454830707     1.196902454830706
    -1.196902454830706    -2.341654446252051     1.196902454830706
     1.196902454830706     1.196902454830706    -2.341654446252050
40 14
    -0.031492912864906    -0.035007932092412     0.035007932092412
    -0.035007932092412     0.069928232653638     0.035338320594747
     0.035007932092412     0.035338320594747     0.069928232653638
40 15
     0.069928232653638    -0.035007932092412     0.035338320594747
    -0.035007932092412    -0.031492912864905     0.035007932092412
     0.035338320594747     0.035007932092412     0.069928232653638
40 16
    -0.011315208018914    -0.009925772428687     0.024354182278330
    -0.009925772428687    -0.011315208018914     0.024354182278330
     0.024354182278330     0.024354182278330    -0.133864037968578
40 17
    -0.034163283532962     0.037615269320668     0.012843031709053
     0.037615269320668    -0.034163283532962     0.012843031709053
    -0.012843031709053    -0.012843031709053     0.018478612139461
40 18
    -0.034163283532962    -0.037615269320668     0.012843031709053
    -0.037615269320668    -0.034163283532962    -0.012843031709053
    -0.012843031709053     0.012843031709053     0.018478612139461
40 19
    -0.034163283532962    -0.037615269320668    -0.012843031709053
    -0.037615269320668    -0.034163283532962     0.012843031709053
     0.012843031709053    -0.012843031709053     0.018478612139461
40 20
    -0.034163283532962     0.037615269320668    -0.012843031709053
     0.037615269320668    -0.034163283532962    -0.012843031709053
     0.012843031709053     0.012843031709053     0.018478612139461
40 21
    -0.158355902283347    -0.156713285832666     0.072948118759086
    -0.156713285832666    -0.158355902283347     0.072948118759086
    -0.072948118759086    -0.072948118759086     0.319300378862408
40 22
    -0.158355902283347     0.156713285832666     0.072948118759086
     0.156713285832666    -0.158355902283347    -0.072948118759086
    -0.072948118759086     0.072948118759086     0.319300378862408
40 23
    -0.158355902283347     0.156713285832666    -0.072948118759086
     0.156713285832666    -0.158355902283347     0.072948118759086
     0.072948118759086    -0.072948118759086     0.319300378862408
40 24
    -0.158355902283347    -0.156713285832666    -0.072948118759086
    -0.156713285832666    -0.158355902283347    -0.072948118759086
     0.072948118759086     0.072948118759086     0.319300378862408
40 25
     0.069928232653638     0.035007932092412    -0.035338320594747
     0.035007932092412    -0.031492912864905     0.035007932092412
    -0.035338320594747     0.035007932092412     0.069928232653638
40 26
    -0.011315208018914     0.009925772428687    -0.024354182278330
     0.009925772428687    -0.011315208018914     0.024354182278330
    -0.024354182278330     0.024354182278330    -0.133864037968578
40 27
    -2.341654446252051     1.196902454830707    -1.196902454830706
     1.196902454830706    -2.341654446252051     1.196902454830706
    -1.196902454830706     1.196902454830706    -2.341654446252050
40 28
    -0.031492912864906     0.035007932092412    -0.035007932092412
     0.035007932092412     0.069928232653638     0.035338320594747
    -0.035007932092412     0.035338320594747     0.069928232653638
40 29
    -0.133864037968579     0.024354182278330    -0.024354182278330
     0.024354182278330    -0.011315208018914     0.009925772428687
    -0.024354182278330     0.009925772428687    -0.011315208018914
40 30
     0.003274804578268     0.012843773583882    -0.012843773583882
     0.012843773583882     0.003274804578268     0.012843773583882
    -0.012843773583882     0.012843773583882     0.003274804578268
40 31
     0.069928232653638     0.035338320594747    -0.035007932092412
     0.035338320594747     0.069928232653638     0.035007932092412
    -0.035007932092412     0.035007932092412    -0.031492912864905
40 32
    -0.011315208018914     0.024354182278330    -0.009925772428687
     0.024354182278330    -0.133864037968578     0.024354182278330
    -0.009925772428687     0.024354182278330    -0.011315208018914
40 33
     0.002996701471147     0.000000000000000     0.000000000000000
    -0.000000000000000     0.002996701471147     0.000000000000000
    -0.000000000000000    -0.000000000000000     0.002996701471147
40 34
     0.250247780888913    -0.000000000000000    -0.000000000000000
    -0.000000000000000    -0.041754298479191     0.000000000000000
     0.000000000000000    -0.000000000000000    -0.041754298479191
40 35
    -0.041754298479191     0.000000000000000     0.000000000000000
    -0.000000000000000     0.250247780888912     0.000000000000000
     0.000000000000000    -0.000000000000000    -0.041754298479191
40 36
    -0.057780722897860    -0.000000000000000     0.000000000000000
     0.000000000000000    -0.057780722897860     0.000000000000000
    -0.000000000000000    -0.000000000000000    -0.015432216503086
40 37
    -0.041754298479191    -0.000000000000000    -0.000000000000000
     0.000000000000000    -0.041754298479191     0.000000000000000
     0.000000000000000    -0.000000000000000     0.250247780888912
40 38
    -0.057780722897860     0.000000000000000     0.000000000000000
     0.000000000000000    -0.015432216503086     0.000000000000000
     0.000000000000000    -0.000000000000000    -0.057780722897860
40 39
    -0.015432216503086    -0.000000000000000    -0.000000000000000
     0.000000000000000    -0.057780722897860     0.000000000000000
     0.000000000000000    -0.000000000000000    -0.057780722897860
40 40
     9.696337472371397    -0.000000000000000    -0.000000000000000
    -0.000000000000000     9.696337472371395    -0.000000000000000
    -0.000000000000000    -0.000000000000000     9.696337472371393
40 41
    -0.031492912864906     0.035007932092412     0.035007932092412
     0.035007932092412     0.069928232653638    -0.035338320594747
     0.035007932092412    -0.035338320594747     0.069928232653638
40 42
    -2.341654446252051     1.196902454830706     1.196902454830707
     1.196902454830706    -2.341654446252050    -1.196902454830706
     1.196902454830706    -1.196902454830706    -2.341654446252051
40 43
    -0.011315208018914     0.009925772428687     0.024354182278330
     0.009925772428687    -0.011315208018914    -0.024354182278330
     0.024354182278330    -0.024354182278330    -0.133864037968578
40 44
     0.069928232653638     0.035007932092412     0.035338320594747
     0.035007932092412    -0.031492912864905    -0.035007932092412
     0.035338320594747    -0.035007932092412     0.069928232653638
40 45
    -0.011315208018914     0.024354182278330     0.009925772428687
     0.024354182278330    -0.133864037968578    -0.024354182278330
     0.009925772428687    -0.024354182278330    -0.011315208018914
40 46
     0.069928232653638     0.035338320594747     0.035007932092412
     0.035338320594747     0.069928232653638    -0.035007932092412
     0.035007932092412    -0.035007932092412    -0.031492912864906
40 47
     0.003274804578268     0.012843773583882     0.012843773583882
     0.012843773583882     0.003274804578268    -0.012843773583882
     0.012843773583882    -0.012843773583882     0.003274804578268
40 48
    -0.133864037968579     0.024354182278330     0.024354182278330
     0.024354182278330    -0.011315208018914    -0.009925772428687
     0.024354182278330    -0.009925772428687    -0.011315208018914
40 49
     0.018478612139461    -0.012843031709053    -0.012843031709053
     0.012843031709053    -0.034163283532962     0.037615269320668
     0.012843031709053     0.037615269320668    -0.034163283532962
40 50
     0.319300378862408    -0.072948118759086    -0.072948118759086
     0.072948118759086    -0.158355902283347    -0.156713285832666
     0.072948118759086    -0.156713285832666    -0.158355902283347
40 51
     0.018478612139461    -0.012843031709053     0.012843031709053
     0.012843031709053    -0.034163283532962    -0.037615269320668
    -0.012843031709053    -0.037615269320668    -0.034163283532962
40 52
     0.319300378862408    -0.072948118759086     0.072948118759086
     0.072948118759086    -0.158355902283347     0.156713285832666
    -0.072948118759086     0.156713285832666    -0.158355902283347
40 53
     0.018478612139461     0.012843031709053    -0.012843031709053
    -0.012843031709053    -0.034163283532962    -0.037615269320668
     0.012843031709053    -0.037615269320668    -0.034163283532962
40 54
     0.319300378862408     0.072948118759086    -0.072948118759086
    -0.072948118759086    -0.158355902283347     0.156713285832666
     0.072948118759086     0.156713285832666    -0.158355902283347
40 55
     0.018478612139461     0.012843031709053     0.012843031709053
    -0.012843031709053    -0.034163283532962     0.037615269320668
    -0.012843031709053     0.037615269320668    -0.034163283532962
40 56
     0.319300378862408     0.072948118759086     0.072948118759086
    -0.072948118759086    -0.158355902283347    -0.156713285832666
    -0.072948118759086    -0.156713285832666    -0.158355902283347
40 57
     0.003274804578268    -0.012843773583882    -0.012843773583882
    -0.012843773583882     0.003274804578268    -0.012843773583882
    -0.012843773583882    -0.012843773583882     0.003274804578268
40 58
    -0.133864037968579    -0.024354182278330    -0.024354182278330
    -0.024354182278330    -0.011315208018914    -0.009925772428687
    -0.024354182278330    -0.009925772428687    -0.011315208018914
40 59
    -0.011315208018914    -0.024354182278330    -0.009925772428687
    -0.024354182278330    -0.133864037968578    -0.024354182278330
    -0.009925772428687    -0.024354182278330    -0.011315208018914
40 60
     0.069928232653638    -0.035338320594747    -0.035007932092412
    -0.035338320594747     0.069928232653638    -0.035007932092412
    -0.035007932092412    -0.035007932092412    -0.031492912864905
40 61
    -0.011315208018914    -0.009925772428687    -0.024354182278330
    -0.009925772428687    -0.011315208018914    -0.024354182278330
    -0.024354182278330    -0.024354182278330    -0.133864037968578
40 62
     0.069928232653638    -0.035007932092412    -0.035338320594747
    -0.035007932092412    -0.031492912864905    -0.035007932092412
    -0.035338320594747    -0.035007932092412     0.069928232653638
40 63
    -0.031492912864906    -0.035007932092412    -0.035007932092412
    -0.035007932092412     0.069928232653638    -0.035338320594747
    -0.035007932092412    -0.035338320594747     0.069928232653638
40 64
    -2.341654446252051    -1.196902454830706    -1.196902454830707
    -1.196902454830706    -2.341654446252050    -1.196902454830706
    -1.196902454830706    -1.196902454830706    -2.341654446252051
41 1
     0.069928232653638    -0.035007932092412     0.035338320594747
    -0.035007932092412    -0.031492912864906     0.035007932092412
     0.035338320594747     0.035007932092412     0.069928232653638
41 2
    -0.011315208018914    -0.009925772428687     0.024354182278330
    -0.009925772428687    -0.011315208018914     0.024354182278330
     0.024354182278330     0.024354182278330    -0.133864037968578
41 3
    -2.341654446252051    -1.196902454830707     1.196902454830706
    -1.196902454830706    -2.341654446252051     1.196902454830706
     1.196902454830706     1.196902454830706    -2.341654446252050
41 4
    -0.031492912864906    -0.035007932092412     0.035007932092412
    -0.035007932092412     0.069928232653638     0.035338320594747
     0.035007932092412     0.035338320594747     0.069928232653638
41 5
    -0.133864037968578    -0.024354182278330     0.024354182278330
    -0.024354182278330    -0.011315208018914     0.009925772428687
     0.024354182278330     0.009925772428687    -0.011315208018914
41 6
     0.003274804578268    -0.012843773583882     0.012843773583882
    -0.012843773583882     0.003274804578268     0.012843773583882
     0.012843773583882     0.012843773583882     0.003274804578268
41 7
     0.069928232653638    -0.035338320594747     0.035007932092412
    -0.035338320594747     0.069928232653638     0.035007932092412
     0.035007932092412     0.035007932092412    -0.031492912864905
41 8
    -0.011315208018914    -0.024354182278330     0.009925772428687
    -0.024354182278330    -0.133864037968578     0.024354182278330
     0.009925772428687     0.024354182278330    -0.011315208018914
41 9
    -0.158355902283347    -0.072948118759086     0.156713285832666
     0.072948118759086     0.319300378862408    -0.072948118759086
     0.156713285832666     0.072948118759086    -0.158355902283347
41 10
    -0.158355902283347    -0.072948118759086    -0.156713285832666
     0.072948118759086     0.319300378862408     0.072948118759086
    -0.156713285832666    -0.072948118759086    -0.158355902283347
41 11
    -0.034163283532962    -0.012843031709053    -0.037615269320668
     0.012843031709053     0.018478612139461    -0.012843031709053
    -0.037615269320668     0.012843031709053    -0.034163283532962
41 12
    -0.034163283532962    -0.012843031709053     0.037615269320668
     0.012843031709053     0.018478612139461     0.012843031709053
     0.037615269320668    -0.012843031709053    -0.034163283532962
41 13
    -0.158355902283347     0.072948118759086    -0.156713285832666
    -0.072948118759086     0.319300378862408    -0.072948118759086
    -0.156713285832666     0.072948118759086    -0.158355902283347
41 14
    -0.158355902283347     0.072948118759086     0.156713285832666
    -0.072948118759086     0.319300378862408     0.072948118759086
     0.156713285832666    -0.072948118759086    -0.158355902283347
41 15
    -0.034163283532962     0.012843031709053     0.037615269320668
    -0.012843031709053     0.018478612139461    -0.012843031709053
     0.037615269320668     0.012843031709053    -0.034163283532962
41 16
    -0.034163283532962     0.012843031709053    -0.037615269320668
    -0.012843031709053     0.018478612139461     0.012843031709053
    -0.037615269320668    -0.012843031709053    -0.034163283532962
41 17
     0.069928232653638     0.035338320594747    -0.035007932092412
     0.035338320594747     0.069928232653638     0.035007932092412
    -0.035007932092412     0.035007932092412    -0.031492912864905
41 18
    -0.011315208018914     0.024354182278330    -0.009925772428687
     0.024354182278330    -0.133864037968578     0.024354182278330
    -0.009925772428687     0.024354182278330    -0.011315208018914
41 19
    -0.133864037968579     0.024354182278330    -0.024354182278330
     0.024354182278330    -0.011315208018914     0.009925772428687
    -0.024354182278330     0.009925772428687    -0.011315208018914
41 20
     0.003274804578268     0.012843773583882    -0.012843773583882
     0.012843773583882     0.003274804578268     0.012843773583882
    -0.012843773583882     0.012843773583882     0.003274804578268
41 21
    -2.341654446252051     1.196902454830706    -1.196902454830707
     1.196902454830706    -2.341654446252050     1.196902454830706
    -1.196902454830706     1.196902454830706    -2.341654446252051
41 22
    -0.031492912864906     0.035007932092412    -0.035007932092412
     0.035007932092412     0.069928232653638     0.035338320594747
    -0.035007932092412     0.035338320594747     0.069928232653638
41 23
     0.069928232653638     0.035007932092412    -0.035338320594747
     0.035007932092412    -0.031492912864906     0.035007932092412
    -0.035338320594747     0.035007932092412     0.069928232653638
41 24
    -0.011315208018914     0.009925772428687    -0.024354182278330
     0.009925772428687    -0.011315208018914     0.024354182278330
    -0.024354182278330     0.024354182278330    -0.133864037968578
41 25
    -0.158355902283347     0.156713285832666    -0.072948118759086
     0.156713285832666    -0.158355902283347     0.072948118759086
     0.072948118759086    -0.072948118759086     0.319300378862408
41 26
    -0.158355902283347    -0.156713285832666    -0.072948118759086
    -0.156713285832666    -0.158355902283347    -0.072948118759086
     0.072948118759086     0.072948118759086     0.319300378862408
41 27
    -0.158355902283347    -0.156713285832666     0.072948118759086
    -0.156713285832666    -0.158355902283347     0.072948118759086
    -0.072948118759086    -0.072948118759086     0.319300378862408
41 28
    -0.158355902283347     0.156713285832666     0.072948118759086
     0.156713285832666    -0.158355902283347    -0.072948118759086
    -0.072948118759086     0.072948118759086     0.319300378862408
41 29
    -0.034163283532962    -0.037615269320668    -0.012843031709053
    -0.037615269320668    -0.034163283532962     0.012843031709053
     0.012843031709053    -0.012843031709053     0.018478612139461
41 30
    -0.034163283532962     0.037615269320668    -0.012843031709053
     0.037615269320668    -0.034163283532962    -0.012843031709053
     0.012843031709053     0.012843031709053     0.018478612139461
41 31
    -0.034163283532962     0.037615269320668     0.012843031709053
     0.037615269320668    -0.034163283532962     0.012843031709053
    -0.012843031709053    -0.012843031709053     0.018478612139461
41 32
    -0.034163283532962    -0.037615269320668     0.012843031709053
    -0.037615269320668    -0.034163283532962    -0.012843031709053
    -0.012843031709053     0.012843031709053     0.018478612139461
41 33
    -0.133864037968579     0.024354182278330     0.024354182278330
     0.024354182278330    -0.011315208018914    -0.009925772428687
     0.024354182278330    -0.009925772428687    -0.011315208018914
41 34
     0.003274804578268     0.012843773583882     0.012843773583882
     0.012843773583882     0.003274804578268    -0.012843773583882
     0.012843773583882    -0.012843773583882     0.003274804578268
41 35
     0.069928232653638     0.035338320594747     0.035007932092412
     0.035338320594747     0.069928232653638    -0.035007932092412
     0.035007932092412    -0.035007932092412    -0.031492912864906
41 36
    -0.011315208018914     0.024354182278330     0.009925772428687
     0.024354182278330    -0.133864037968578    -0.024354182278330
     0.009925772428687    -0.024354182278330    -0.011315208018914
41 37
     0.069928232653638     0.035007932092412     0.035338320594747
     0.035007932092412    -0.031492912864906    -0.035007932092412
     0.035338320594747    -0.035007932092412     0.069928232653638
41 38
    -0.011315208018914     0.009925772428687     0.024354182278330
     0.009925772428687    -0.011315208018914    -0.024354182278330
     0.024354182278330    -0.024354182278330    -0.133864037968578
41 39
    -2.341654446252051     1.196902454830707     1.196902454830706
     1.196902454830706    -2.341654446252051    -1.196902454830706
     1.196902454830706    -1.196902454830706    -2.341654446252050
41 40
    -0.031492912864906     0.035007932092412     0.035007932092412
     0.035007932092412     0.069928232653638    -0.035338320594747
     0.035007932092412    -0.035338320594747     0.069928232653638
41 41
     9.696337472371397     0.000000000000000    -0.000000000000000
     0.000000000000000     9.696337472371397    -0.000000000000000
    -0.000000000000000    -0.000000000000000     9.696337472371393
41 42
    -0.015432216503086     0.000000000000000     0.000000000000000
    -0.000000000000000    -0.057780722897860    -0.000000000000000
     0.000000000000000     0.000000000000000    -0.057780722897860
41 43
    -0.057780722897860     0.000000000000000     0.000000000000000
    -0.000000000000000    -0.015432216503086    -0.000000000000000
    -0.000000000000000     0.000000000000000    -0.057780722897860
41 44
    -0.041754298479191     0.000000000000000     0.000000000000000
     0.000000000000000    -0.041754298479191    -0.000000000000000
     0.000000000000000    -0.000000000000000     0.250247780888912
41 45
    -0.057780722897860     0.000000000000000     0.000000000000000
    -0.000000000000000    -0.057780722897860    -0.000000000000000
     0.000000000000000     0.000000000000000    -0.015432216503086
41 46
    -0.041754298479191     0.000000000000000     0.000000000000000
     0.000000000000000     0.250247780888912    -0.000000000000000
     0.000000000000000    -0.000000000000000    -0.041754298479191
41 47
     0.250247780888912     0.000000000000000     0.000000000000000
     0.000000000000000    -0.041754298479191    -0.000000000000000
    -0.000000000000000     0.000000000000000    -0.041754298479191
41 48
     0.002996701471147     0.000000000000000     0.000000000000000
    -0.000000000000000     0.002996701471147    -0.000000000000000
    -0.000000000000000     0.000000000000000     0.002996701471147
41 49
    -2.341654446252051    -1.196902454830707    -1.196902454830706
    -1.196902454830706    -2.341654446252051    -1.196902454830706
    -1.196902454830706    -1.196902454830706    -2.341654446252050
41 50
    -0.031492912864906    -0.035007932092412    -0.035007932092412
    -0.035007932092412     0.069928232653638    -0.035338320594747
    -0.035007932092412    -0.035338320594747     0.069928232653638
41 51
     0.069928232653638    -0.035007932092412    -0.035338320594747
    -0.035007932092412    -0.031492912864906    -0.035007932092412
    -0.035338320594747    -0.035007932092412     0.069928232653638
41 52
    -0.011315208018914    -0.009925772428687    -0.024354182278330
    -0.009925772428687    -0.011315208018914    -0.024354182278330
    -0.024354182278330    -0.024354182278330    -0.133864037968578
41 53
     0.069928232653638    -0.035338320594747    -0.035007932092412
    -0.035338320594747     0.069928232653638    -0.035007932092412
    -0.035007932092412    -0.035007932092412    -0.031492912864906
41 54
    -0.011315208018914    -0.024354182278330    -0.009925772428687
    -0.024354182278330    -0.133864037968578    -0.024354182278330
    -0.009925772428687    -0.024354182278330    -0.011315208018914
41 55
    -0.133864037968579    -0.024354182278330    -0.024354182278330
    -0.024354182278330    -0.011315208018914    -0.009925772428687
    -0.024354182278330    -0.009925772428687    -0.011315208018914
41 56
     0.003274804578268    -0.012843773583882    -0.012843773583882
    -0.012843773583882     0.003274804578268    -0.012843773583882
    -0.012843773583882    -0.012843773583882     0.003274804578268
41 57
     0.319300378862408     0.072948118759086     0.072948118759086
    -0.072948118759086    -0.158355902283347    -0.156713285832666
    -0.072948118759086    -0.156713285832666    -0.158355902283347
41 58
     0.018478612139461     0.012843031709053     0.012843031709053
    -0.012843031709053    -0.034163283532962     0.037615269320668
    -0.012843031709053     0.037615269320668    -0.034163283532962
41 59
     0.319300378862408     0.072948118759086    -0.072948118759086
    -0.072948118759086    -0.158355902283347     0.156713285832666
     0.072948118759086     0.156713285832666    -0.158355902283347
41 60
     0.018478612139461     0.012843031709053    -0.012843031709053
    -0.012843031709053    -0.034163283532962    -0.037615269320668
     0.012843031709053    -0.037615269320668    -0.034163283532962
41 61
     0.319300378862408    -0.072948118759086     0.072948118759086
     0.072948118759086    -0.158355902283347     0.156713285832666
    -0.072948118759086     0.156713285832666    -0.158355902283347
41 62
     0.018478612139461    -0.012843031709053     0.012843031709053
     0.012843031709053    -0.034163283532962    -0.037615269320668
    -0.012843031709053    -0.037615269320668    -0.034163283532962
41 63
     0.319300378862408    -0.072948118759086    -0.072948118759086
     0.072948118759086    -0.158355902283347    -0.156713285832666
     0.072948118759086    -0.156713285832666    -0.158355902283347
41 64
     0.018478612139461    -0.012843031709053    -0.012843031709053
     0.012843031709053    -0.034163283532962     0.037615269320668
     0.012843031709053     0.037615269320668    -0.034163283532962
42 1
    -0.011315208018914    -0.009925772428687     0.024354182278330
    -0.009925772428687    -0.011315208018914     0.024354182278330
     0.024354182278330     0.024354182278330    -0.133864037968579
42 2
     0.069928232653638    -0.035007932092412     0.035338320594747
    -0.035007932092412    -0.031492912864906     0.035007932092412
     0.035338320594747     0.035007932092412     0.069928232653638
42 3
    -0.031492912864905    -0.035007932092412     0.035007932092412
    -0.035007932092412     0.069928232653638     0.035338320594747
     0.035007932092412     0.035338320594747     0.069928232653638
42 4
    -2.341654446252051    -1.196902454830706     1.196902454830706
    -1.196902454830706    -2.341654446252050     1.196902454830706
     1.196902454830707     1.196902454830706    -2.341654446252051
42 5
     0.003274804578268    -0.012843773583882     0.012843773583882
    -0.012843773583882     0.003274804578268     0.012843773583882
     0.012843773583882     0.012843773583882     0.003274804578268
42 6
    -0.133864037968578    -0.024354182278330     0.024354182278330
    -0.024354182278330    -0.011315208018914     0.009925772428687
     0.024354182278330     0.009925772428687    -0.011315208018914
42 7
    -0.011315208018914    -0.024354182278330     0.009925772428687
    -0.024354182278330    -0.133864037968578     0.024354182278330
     0.009925772428687     0.024354182278330    -0.011315208018914
42 8
     0.069928232653638    -0.035338320594747     0.035007932092412
    -0.035338320594747     0.069928232653638     0.035007932092412
     0.035007932092412     0.035007932092412    -0.031492912864906
42 9
    -0.158355902283347    -0.072948118759086    -0.156713285832666
     0.072948118759086     0.319300378862408     0.072948118759086
    -0.156713285832666    -0.072948118759086    -0.158355902283347
42 10
    -0.158355902283347    -0.072948118759086     0.156713285832666
     0.072948118759086     0.319300378862408    -0.072948118759086
     0.156713285832666     0.072948118759086    -0.158355902283347
42 11
    -0.034163283532962    -0.012843031709053     0.037615269320668
     0.012843031709053     0.018478612139461     0.012843031709053
     0.037615269320668    -0.012843031709053    -0.034163283532962
42 12
    -0.034163283532962    -0.012843031709053    -0.037615269320668
     0.012843031709053     0.018478612139461    -0.012843031709053
    -0.037615269320668     0.012843031709053    -0.034163283532962
42 13
    -0.158355902283347     0.072948118759086     0.156713285832666
    -0.072948118759086     0.319300378862408     0.072948118759086
     0.156713285832666    -0.072948118759086    -0.158355902283347
42 14
    -0.158355902283347     0.072948118759086    -0.156713285832666
    -0.072948118759086     0.319300378862408    -0.072948118759086
    -0.156713285832666     0.072948118759086    -0.158355902283347
42 15
    -0.034163283532962     0.012843031709053    -0.037615269320668
    -0.012843031709053     0.018478612139461     0.012843031709053
    -0.037615269320668    -0.012843031709053    -0.034163283532962
42 16
    -0.034163283532962     0.012843031709053     0.037615269320668
    -0.012843031709053     0.018478612139461    -0.012843031709053
     0.037615269320668     0.012843031709053    -0.034163283532962
42 17
    -0.011315208018914     0.024354182278330    -0.009925772428687
     0.024354182278330    -0.133864037968578     0.024354182278330
    -0.009925772428687     0.024354182278330    -0.011315208018914
42 18
     0.069928232653638     0.035338320594747    -0.035007932092412
     0.035338320594747     0.069928232653638     0.035007932092412
    -0.035007932092412     0.035007932092412    -0.031492912864906
42 19
     0.003274804578268     0.012843773583882    -0.012843773583882
     0.012843773583882     0.003274804578268     0.012843773583882
    -0.012843773583882     0.012843773583882     0.003274804578268
42 20
    -0.133864037968578     0.024354182278330    -0.024354182278330
     0.024354182278330    -0.011315208018914     0.009925772428687
    -0.024354182278330     0.009925772428687    -0.011315208018914
42 21
    -0.031492912864905     0.035007932092412    -0.035007932092412
     0.035007932092412     0.069928232653638     0.035338320594747
    -0.035007932092412     0.035338320594747     0.069928232653638
42 22
    -2.341654446252051     1.196902454830706    -1.196902454830706
     1.196902454830706    -2.341654446252050     1.196902454830706
    -1.196902454830707     1.196902454830706    -2.341654446252051
42 23
    -0.011315208018914     0.009925772428687    -0.024354182278330
     0.009925772428687    -0.011315208018914     0.024354182278330
    -0.024354182278330     0.024354182278330    -0.133864037968579
42 24
     0.069928232653638     0.035007932092412    -0.035338320594747
     0.035007932092412    -0.031492912864906     0.035007932092412
    -0.035338320594747     0.035007932092412     0.069928232653638
42 25
    -0.158355902283347    -0.156713285832666    -0.072948118759086
    -0.156713285832666    -0.158355902283347    -0.072948118759086
     0.072948118759086     0.072948118759086     0.319300378862408
42 26
    -0.158355902283347     0.156713285832666    -0.072948118759086
     0.156713285832666    -0.158355902283347     0.072948118759086
     0.072948118759086    -0.072948118759086     0.319300378862408
42 27
    -0.158355902283347     0.156713285832666     0.072948118759086
     0.156713285832666    -0.158355902283347    -0.072948118759086
    -0.072948118759086     0.072948118759086     0.319300378862408
42 28
    -0.158355902283347    -0.156713285832666     0.072948118759086
    -0.156713285832666    -0.158355902283347     0.072948118759086
    -0.072948118759086    -0.072948118759086     0.319300378862408
42 29
    -0.034163283532962     0.037615269320668    -0.012843031709053
     0.037615269320668    -0.034163283532962    -0.012843031709053
     0.012843031709053     0.012843031709053     0.018478612139461
42 30
    -0.034163283532962    -0.037615269320668    -0.012843031709053
    -0.037615269320668    -0.034163283532962     0.012843031709053
     0.012843031709053    -0.012843031709053     0.018478612139461
42 31
    -0.034163283532962    -0.037615269320668     0.012843031709053
    -0.037615269320668    -0.034163283532962    -0.012843031709053
    -0.012843031709053     0.012843031709053     0.018478612139461
42 32
    -0.034163283532962     0.037615269320668     0.012843031709053
     0.037615269320668    -0.034163283532962     0.012843031709053
    -0.012843031709053    -0.012843031709053     0.018478612139461
42 33
     0.003274804578268     0.012843773583882     0.012843773583882
     0.012843773583882     0.003274804578268    -0.012843773583882
     0.012843773583882    -0.012843773583882     0.003274804578268
42 34
    -0.133864037968578     0.024354182278330     0.024354182278330
     0.024354182278330    -0.011315208018914    -0.009925772428687
     0.024354182278330    -0.009925772428687    -0.011315208018914
42 35
    -0.011315208018914     0.024354182278330     0.009925772428687
     0.024354182278330    -0.133864037968578    -0.024354182278330
     0.009925772428687    -0.024354182278330    -0.011315208018914
42 36
     0.069928232653638     0.035338320594747     0.035007932092412
     0.035338320594747     0.069928232653638    -0.035007932092412
     0.035007932092412    -0.035007932092412    -0.031492912864906
42 37
    -0.011315208018914     0.009925772428687     0.024354182278330
     0.009925772428687    -0.011315208018914    -0.024354182278330
     0.024354182278330    -0.024354182278330    -0.133864037968579
42 38
     0.069928232653638     0.035007932092412     0.035338320594747
     0.035007932092412    -0.031492912864906    -0.035007932092412
     0.035338320594747    -0.035007932092412     0.069928232653638
42 39
    -0.031492912864905     0.035007932092412     0.035007932092412
     0.035007932092412     0.069928232653638    -0.035338320594747
     0.035007932092412    -0.035338320594747     0.069928232653638
42 40
    -2.341654446252051     1.196902454830706     1.196902454830706
     1.196902454830706    -2.341654446252050    -1.196902454830706
     1.196902454830707    -1.196902454830706    -2.341654446252051
42 41
    -0.015432216503086    -0.000000000000000     0.000000000000000
     0.000000000000000    -0.057780722897860     0.000000000000000
     0.000000000000000    -0.000000000000000    -0.057780722897860
42 42
     9.696337472371397    -0.000000000000000     0.000000000000000
    -0.000000000000000     9.696337472371393     0.000000000000000
     0.000000000000000     0.000000000000000     9.696337472371397
42 43
    -0.041754298479191    -0.000000000000000     0.000000000000000
    -0.000000000000000    -0.041754298479191     0.000000000000000
    -0.000000000000000    -0.000000000000000     0.250247780888912
42 44
    -0.057780722897860     0.000000000000000     0.000000000000000
    -0.000000000000000    -0.015432216503086     0.000000000000000
     0.000000000000000    -0.000000000000000    -0.057780722897860
42 45
    -0.041754298479191    -0.000000000000000     0.000000000000000
    -0.000000000000000     0.250247780888913    -0.000000000000000
    -0.000000000000000     0.000000000000000    -0.041754298479191
42 46
    -0.057780722897860     0.000000000000000     0.000000000000000
    -0.000000000000000    -0.057780722897860     0.000000000000000
    -0.000000000000000    -0.000000000000000    -0.015432216503086
42 47
     0.002996701471147    -0.000000000000000     0.000000000000000
     0.000000000000000     0.002996701471147     0.000000000000000
    -0.000000000000000     0.000000000000000     0.002996701471147
42 48
     0.250247780888913     0.000000000000000     0.000000000000000
    -0.000000000000000    -0.041754298479191    -0.000000000000000
    -0.000000000000000     0.000000000000000    -0.041754298479191
42 49
    -0.031492912864905    -0.035007932092412    -0.035007932092412
    -0.035007932092412     0.069928232653638    -0.035338320594747
    -0.035007932092412    -0.035338320594747     0.069928232653638
42 50
    -2.341654446252050    -1.196902454830706    -1.196902454830706
    -1.196902454830706    -2.341654446252050    -1.196902454830706
    -1.196902454830706    -1.196902454830706    -2.341654446252051
42 51
    -0.011315208018914    -0.009925772428687    -0.024354182278330
    -0.009925772428687    -0.011315208018914    -0.024354182278330
    -0.024354182278330    -0.024354182278330    -0.133864037968578
42 52
     0.069928232653638    -0.035007932092412    -0.035338320594747
    -0.035007932092412    -0.031492912864905    -0.035007932092412
    -0.035338320594747    -0.035007932092412     0.069928232653638
42 53
    -0.011315208018914    -0.024354182278330    -0.009925772428687
    -0.024354182278330    -0.133864037968578    -0.024354182278330
    -0.009925772428687    -0.024354182278330    -0.011315208018914
42 54
     0.069928232653638    -0.035338320594747    -0.035007932092412
    -0.035338320594747     0.069928232653638    -0.035007932092412
    -0.035007932092412    -0.035007932092412    -0.031492912864906
42 55
     0.003274804578268    -0.012843773583882    -0.012843773583882
    -0.012843773583882     0.003274804578268    -0.012843773583882
    -0.012843773583882    -0.012843773583882     0.003274804578268
42 56
    -0.133864037968578    -0.024354182278330    -0.024354182278330
    -0.024354182278330    -0.011315208018914    -0.009925772428687
    -0.024354182278330    -0.009925772428687    -0.011315208018914
42 57
     0.018478612139461     0.012843031709053     0.012843031709053
    -0.012843031709053    -0.034163283532962     0.037615269320668
    -0.012843031709053     0.037615269320668    -0.034163283532962
42 58
     0.319300378862408     0.072948118759086     0.072948118759086
    -0.072948118759086    -0.158355902283347    -0.156713285832666
    -0.072948118759086    -0.156713285832666    -0.158355902283347
42 59
     0.018478612139461     0.012843031709053    -0.012843031709053
    -0.012843031709053    -0.034163283532962    -0.037615269320668
     0.012843031709053    -0.037615269320668    -0.034163283532962
42 60
     0.319300378862408     0.072948118759086    -0.072948118759086
    -0.072948118759086    -0.158355902283347     0.156713285832666
     0.072948118759086     0.156713285832666    -0.158355902283347
42 61
     0.018478612139461    -0.012843031709053     0.012843031709053
     0.012843031709053    -0.034163283532962    -0.037615269320668
    -0.012843031709053    -0.037615269320668    -0.034163283532962
42 62
     0.319300378862408    -0.072948118759086     0.072948118759086
     0.072948118759086    -0.158355902283347     0.156713285832666
    -0.072948118759086     0.156713285832666    -0.158355902283347
42 63
     0.018478612139461    -0.012843031709053    -0.012843031709053
     0.012843031709053    -0.034163283532962     0.037615269320668
     0.012843031709053     0.037615269320668    -0.034163283532962
42 64
     0.319300378862408    -0.072948118759086    -0.072948118759086
     0.072948118759086    -0.158355902283347    -0.156713285832666
     0.072948118759086    -0.156713285832666    -0.158355902283347
43 1
    -2.341654446252051    -1.196902454830707     1.196902454830706
    -1.196902454830706    -2.341654446252051     1.196902454830706
     1.196902454830706     1.196902454830706    -2.341654446252050
43 2
    -0.031492912864906    -0.035007932092412     0.035007932092412
    -0.035007932092412     0.069928232653638     0.035338320594747
     0.035007932092412     0.035338320594747     0.069928232653638
43 3
     0.069928232653638    -0.035007932092412     0.035338320594747
    -0.035007932092412    -0.031492912864905     0.035007932092412
     0.035338320594747     0.035007932092412     0.069928232653638
43 4
    -0.011315208018914    -0.009925772428687     0.024354182278330
    -0.009925772428687    -0.011315208018914     0.024354182278330
     0.024354182278330     0.024354182278330    -0.133864037968578
43 5
     0.069928232653638    -0.035338320594747     0.035007932092412
    -0.035338320594747     0.069928232653638     0.035007932092412
     0.035007932092412     0.035007932092412    -0.031492912864905
43 6
    -0.011315208018914    -0.024354182278330     0.009925772428687
    -0.024354182278330    -0.133864037968578     0.024354182278330
     0.009925772428687     0.024354182278330    -0.011315208018914
43 7
    -0.133864037968579    -0.024354182278330     0.024354182278330
    -0.024354182278330    -0.011315208018914     0.009925772428687
     0.024354182278330     0.009925772428687    -0.011315208018914
43 8
     0.003274804578268    -0.012843773583882     0.012843773583882
    -0.012843773583882     0.003274804578268     0.012843773583882
     0.012843773583882     0.012843773583882     0.003274804578268
43 9
    -0.034163283532962    -0.012843031709053    -0.037615269320668
     0.012843031709053     0.018478612139461    -0.012843031709053
    -0.037615269320668     0.012843031709053    -0.034163283532962
43 10
    -0.034163283532962    -0.012843031709053     0.037615269320668
     0.012843031709053     0.018478612139461     0.012843031709053
     0.037615269320668    -0.012843031709053    -0.034163283532962
43 11
    -0.158355902283347    -0.072948118759086     0.156713285832666
     0.072948118759086     0.319300378862408    -0.072948118759086
     0.156713285832666     0.072948118759086    -0.158355902283347
43 12
    -0.158355902283347    -0.072948118759086    -0.156713285832666
     0.072948118759086     0.319300378862408     0.072948118759086
    -0.156713285832666    -0.072948118759086    -0.158355902283347
43 13
    -0.034163283532962     0.012843031709053     0.037615269320668
    -0.012843031709053     0.018478612139461    -0.012843031709053
     0.037615269320668     0.012843031709053    -0.034163283532962
43 14
    -0.034163283532962     0.012843031709053    -0.037615269320668
    -0.012843031709053     0.018478612139461     0.012843031709053
    -0.037615269320668    -0.012843031709053    -0.034163283532962
43 15
    -0.158355902283347     0.072948118759086    -0.156713285832666
    -0.072948118759086     0.319300378862408    -0.072948118759086
    -0.156713285832666     0.072948118759086    -0.158355902283347
43 16
    -0.158355902283347     0.072948118759086     0.156713285832666
    -0.072948118759086     0.319300378862408     0.072948118759086
     0.156713285832666    -0.072948118759086    -0.158355902283347
43 17
    -0.133864037968579     0.024354182278330    -0.024354182278330
     0.024354182278330    -0.011315208018914     0.009925772428687
    -0.024354182278330     0.009925772428687    -0.011315208018914
43 18
     0.003274804578268     0.012843773583882    -0.012843773583882
     0.012843773583882     0.003274804578268     0.012843773583882
    -0.012843773583882     0.012843773583882     0.003274804578268
43 19
     0.069928232653638     0.035338320594747    -0.035007932092412
     0.035338320594747     0.069928232653638     0.035007932092412
    -0.035007932092412     0.035007932092412    -0.031492912864906
43 20
    -0.011315208018914     0.024354182278330    -0.009925772428687
     0.024354182278330    -0.133864037968578     0.024354182278330
    -0.009925772428687     0.024354182278330    -0.011315208018914
43 21
     0.069928232653638     0.035007932092412    -0.035338320594747
     0.035007932092412    -0.031492912864905     0.035007932092412
    -0.035338320594747     0.035007932092412     0.069928232653638
43 22
    -0.011315208018914     0.009925772428687    -0.024354182278330
     0.009925772428687    -0.011315208018914     0.024354182278330
    -0.024354182278330     0.024354182278330    -0.133864037968578
43 23
    -2.341654446252051     1.196902454830707    -1.196902454830706
     1.196902454830706    -2.341654446252051     1.196902454830706
    -1.196902454830706     1.196902454830706    -2.341654446252050
43 24
    -0.031492912864906     0.035007932092412    -0.035007932092412
     0.035007932092412     0.069928232653638     0.035338320594747
    -0.035007932092412     0.035338320594747     0.069928232653638
43 25
    -0.158355902283347    -0.156713285832666     0.072948118759086
    -0.156713285832666    -0.158355902283347     0.072948118759086
    -0.072948118759086    -0.072948118759086     0.319300378862408
43 26
    -0.158355902283347     0.156713285832666     0.072948118759086
     0.156713285832666    -0.158355902283347    -0.072948118759086
    -0.072948118759086     0.072948118759086     0.319300378862408
43 27
    -0.158355902283347     0.156713285832666    -0.072948118759086
     0.156713285832666    -0.158355902283347     0.072948118759086
     0.072948118759086    -0.072948118759086     0.319300378862408
43 28
    -0.158355902283347    -0.156713285832666    -0.072948118759086
    -0.156713285832666    -0.158355902283347    -0.072948118759086
     0.072948118759086     0.072948118759086     0.319300378862408
43 29
    -0.034163283532962     0.037615269320668     0.012843031709053
     0.037615269320668    -0.034163283532962     0.012843031709053
    -0.012843031709053    -0.012843031709053     0.018478612139461
43 30
    -0.034163283532962    -0.037615269320668     0.012843031709053
    -0.037615269320668    -0.034163283532962    -0.012843031709053
    -0.012843031709053     0.012843031709053     0.018478612139461
43 31
    -0.034163283532962    -0.037615269320668    -0.012843031709053
    -0.037615269320668    -0.034163283532962     0.012843031709053
     0.012843031709053    -0.012843031709053     0.018478612139461
43 32
    -0.034163283532962     0.037615269320668    -0.012843031709053
     0.037615269320668    -0.034163283532962    -0.012843031709053
     0.012843031709053     0.012843031709053     0.018478612139461
43 33
     0.069928232653638     0.035338320594747     0.035007932092412
     0.035338320594747     0.069928232653638    -0.035007932092412
     0.035007932092412    -0.035007932092412    -0.031492912864906
43 34
    -0.011315208018914     0.024354182278330     0.009925772428687
     0.024354182278330    -0.133864037968578    -0.024354182278330
     0.009925772428687    -0.024354182278330    -0.011315208018914
43 35
    -0.133864037968579     0.024354182278330     0.024354182278330
     0.024354182278330    -0.011315208018914    -0.009925772428687
     0.024354182278330    -0.009925772428687    -0.011315208018914
43 36
     0.003274804578268     0.012843773583882     0.012843773583882
     0.012843773583882     0.003274804578268    -0.012843773583882
     0.012843773583882    -0.012843773583882     0.003274804578268
43 37
    -2.341654446252051     1.196902454830707     1.196902454830706
     1.196902454830706    -2.341654446252051    -1.196902454830706
     1.196902454830706    -1.196902454830706    -2.341654446252050
43 38
    -0.031492912864906     0.035007932092412     0.035007932092412
     0.035007932092412     0.069928232653638    -0.035338320594747
     0.035007932092412    -0.035338320594747     0.069928232653638
43 39
     0.069928232653638     0.035007932092412     0.035338320594747
     0.035007932092412    -0.031492912864906    -0.035007932092412
     0.035338320594747    -0.035007932092412     0.069928232653638
43 40
    -0.011315208018914     0.009925772428687     0.024354182278330
     0.009925772428687    -0.011315208018914    -0.024354182278330
     0.024354182278330    -0.024354182278330    -0.133864037968578
43 41
    -0.057780722897860    -0.000000000000000    -0.000000000000000
     0.000000000000000    -0.015432216503086     0.000000000000000
     0.000000000000000    -0.000000000000000    -0.057780722897860
43 42
    -0.041754298479191    -0.000000000000000    -0.000000000000000
    -0.000000000000000    -0.041754298479191    -0.000000000000000
     0.000000000000000     0.000000000000000     0.250247780888912
43 43
     9.696337472371397     0.000000000000000    -0.000000000000000
     0.000000000000000     9.696337472371397    -0.000000000000000
    -0.000000000000000    -0.000000000000000     9.696337472371393
43 44
    -0.015432216503086     0.000000000000000    -0.000000000000000
     0.000000000000000    -0.057780722897860    -0.000000000000000
     0.000000000000000    -0.000000000000000    -0.057780722897860
43 45
     0.250247780888912    -0.000000000000000    -0.000000000000000
    -0.000000000000000    -0.041754298479191    -0.000000000000000
     0.000000000000000     0.000000000000000    -0.041754298479191
43 46
     0.002996701471147     0.000000000000000    -0.000000000000000
     0.000000000000000     0.002996701471147    -0.000000000000000
     0.000000000000000    -0.000000000000000     0.002996701471147
43 47
    -0.057780722897860    -0.000000000000000    -0.000000000000000
     0.000000000000000    -0.057780722897860    -0.000000000000000
     0.000000000000000     0.000000000000000    -0.015432216503086
43 48
    -0.041754298479191     0.000000000000000    -0.000000000000000
    -0.000000000000000     0.250247780888913    -0.000000000000000
    -0.000000000000000     0.000000000000000    -0.041754298479191
43 49
     0.069928232653638    -0.035007932092412    -0.035338320594747
    -0.035007932092412    -0.031492912864906    -0.035007932092412
    -0.035338320594747    -0.035007932092412     0.069928232653638
43 50
    -0.011315208018914    -0.009925772428687    -0.024354182278330
    -0.009925772428687    -0.011315208018914    -0.024354182278330
    -0.024354182278330    -0.024354182278330    -0.133864037968579
43 51
    -2.341654446252051    -1.196902454830707    -1.196902454830706
    -1.196902454830706    -2.341654446252051    -1.196902454830706
    -1.196902454830706    -1.196902454830706    -2.341654446252050
43 52
    -0.031492912864906    -0.035007932092412    -0.035007932092412
    -0.035007932092412     0.069928232653638    -0.035338320594747
    -0.035007932092412    -0.035338320594747     0.069928232653638
43 53
    -0.133864037968579    -0.024354182278330    -0.024354182278330
    -0.024354182278330    -0.011315208018914    -0.009925772428687
    -0.024354182278330    -0.009925772428687    -0.011315208018914
43 54
     0.003274804578268    -0.012843773583882    -0.012843773583882
    -0.012843773583882     0.003274804578268    -0.012843773583882
    -0.012843773583882    -0.012843773583882     0.003274804578268
43 55
     0.069928232653638    -0.035338320594747    -0.035007932092412
    -0.035338320594747     0.069928232653638    -0.035007932092412
    -0.035007932092412    -0.035007932092412    -0.031492912864906
43 56
    -0.011315208018914    -0.024354182278330    -0.009925772428687
    -0.024354182278330    -0.133864037968578    -0.024354182278330
    -0.009925772428687    -0.024354182278330    -0.011315208018914
43 57
     0.319300378862408     0.072948118759086    -0.072948118759086
    -0.072948118759086    -0.158355902283347     0.156713285832666
     0.072948118759086     0.156713285832666    -0.158355902283347
43 58
     0.018478612139461     0.012843031709053    -0.012843031709053
    -0.012843031709053    -0.034163283532962    -0.037615269320668
     0.012843031709053    -0.037615269320668    -0.034163283532962
43 59
     0.319300378862408     0.072948118759086     0.072948118759086
    -0.072948118759086    -0.158355902283347    -0.156713285832666
    -0.072948118759086    -0.156713285832666    -0.158355902283347
43 60
     0.018478612139461     0.012843031709053     0.012843031709053
    -0.012843031709053    -0.034163283532962     0.037615269320668
    -0.012843031709053     0.037615269320668    -0.034163283532962
43 61
     0.319300378862408    -0.072948118759086    -0.072948118759086
     0.072948118759086    -0.158355902283347    -0.156713285832666
     0.072948118759086    -0.156713285832666    -0.158355902283347
43 62
     0.018478612139461    -0.012843031709053    -0.012843031709053
     0.012843031709053    -0.034163283532962     0.037615269320668
     0.012843031709053     0.037615269320668    -0.034163283532962
43 63
     0.319300378862408    -0.072948118759086     0.072948118759086
     0.072948118759086    -0.158355902283347     0.156713285832666
    -0.072948118759086     0.156713285832666    -0.158355902283347
43 64
     0.018478612139461    -0.012843031709053     0.012843031709053
     0.012843031709053    -0.034163283532962    -0.037615269320668
    -0.012843031709053    -0.037615269320668    -0.034163283532962
44 1
    -0.031492912864905    -0.035007932092412     0.035007932092412
    -0.035007932092412     0.069928232653638     0.035338320594747
     0.035007932092412     0.035338320594747     0.069928232653638
44 2
    -2.341654446252051    -1.196902454830706     1.196902454830706
    -1.196902454830706    -2.341654446252050     1.196902454830706
     1.196902454830706     1.196902454830706    -2.341654446252050
44 3
    -0.011315208018914    -0.009925772428687     0.024354182278330
    -0.009925772428687    -0.011315208018914     0.024354182278330
     0.024354182278330     0.024354182278330    -0.133864037968578
44 4
     0.069928232653638    -0.035007932092412     0.035338320594747
    -0.035007932092412    -0.031492912864905     0.035007932092412
     0.035338320594747     0.035007932092412     0.069928232653638
44 5
    -0.011315208018914    -0.024354182278330     0.009925772428687
    -0.024354182278330    -0.133864037968579     0.024354182278330
     0.009925772428687     0.024354182278330    -0.011315208018914
44 6
     0.069928232653638    -0.035338320594747     0.035007932092412
    -0.035338320594747     0.069928232653638     0.035007932092412
     0.035007932092412     0.035007932092412    -0.031492912864905
44 7
     0.003274804578268    -0.012843773583882     0.012843773583882
    -0.012843773583882     0.003274804578268     0.012843773583882
     0.012843773583882     0.012843773583882     0.003274804578268
44 8
    -0.133864037968579    -0.024354182278330     0.024354182278330
    -0.024354182278330    -0.011315208018914     0.009925772428687
     0.024354182278330     0.009925772428687    -0.011315208018914
44 9
    -0.034163283532962    -0.012843031709053     0.037615269320668
     0.012843031709053     0.018478612139461     0.012843031709053
     0.037615269320668    -0.012843031709053    -0.034163283532962
44 10
    -0.034163283532962    -0.012843031709053    -0.037615269320668
     0.012843031709053     0.018478612139461    -0.012843031709053
    -0.037615269320668     0.012843031709053    -0.034163283532962
44 11
    -0.158355902283347    -0.072948118759086    -0.156713285832666
     0.072948118759086     0.319300378862408     0.072948118759086
    -0.156713285832666    -0.072948118759086    -0.158355902283347
44 12
    -0.158355902283347    -0.072948118759086     0.156713285832666
     0.072948118759086     0.319300378862408    -0.072948118759086
     0.156713285832666     0.072948118759086    -0.158355902283347
44 13
    -0.034163283532962     0.012843031709053    -0.037615269320668
    -0.012843031709053     0.018478612139461     0.012843031709053
    -0.037615269320668    -0.012843031709053    -0.034163283532962
44 14
    -0.034163283532962     0.012843031709053     0.037615269320668
    -0.012843031709053     0.018478612139461    -0.012843031709053
     0.037615269320668     0.012843031709053    -0.034163283532962
44 15
    -0.158355902283347     0.072948118759086     0.156713285832666
    -0.072948118759086     0.319300378862408     0.072948118759086
     0.156713285832666    -0.072948118759086    -0.158355902283347
44 16
    -0.158355902283347     0.072948118759086    -0.156713285832666
    -0.072948118759086     0.319300378862408    -0.072948118759086
    -0.156713285832666     0.072948118759086    -0.158355902283347
44 17
     0.003274804578268     0.012843773583882    -0.012843773583882
     0.012843773583882     0.003274804578268     0.012843773583882
    -0.012843773583882     0.012843773583882     0.003274804578268
44 18
    -0.133864037968578     0.024354182278330    -0.024354182278330
     0.024354182278330    -0.011315208018914     0.009925772428687
    -0.024354182278330     0.009925772428687    -0.011315208018914
44 19
    -0.011315208018914     0.024354182278330    -0.009925772428687
     0.024354182278330    -0.133864037968578     0.024354182278330
    -0.009925772428687     0.024354182278330    -0.011315208018914
44 20
     0.069928232653638     0.035338320594747    -0.035007932092412
     0.035338320594747     0.069928232653638     0.035007932092412
    -0.035007932092412     0.035007932092412    -0.031492912864905
44 21
    -0.011315208018914     0.009925772428687    -0.024354182278330
     0.009925772428687    -0.011315208018914     0.024354182278330
    -0.024354182278330     0.024354182278330    -0.133864037968578
44 22
     0.069928232653638     0.035007932092412    -0.035338320594747
     0.035007932092412    -0.031492912864906     0.035007932092412
    -0.035338320594747     0.035007932092412     0.069928232653638
44 23
    -0.031492912864906     0.035007932092412    -0.035007932092412
     0.035007932092412     0.069928232653638     0.035338320594747
    -0.035007932092412     0.035338320594747     0.069928232653638
44 24
    -2.341654446252051     1.196902454830706    -1.196902454830707
     1.196902454830706    -2.341654446252050     1.196902454830706
    -1.196902454830706     1.196902454830706    -2.341654446252051
44 25
    -0.158355902283347     0.156713285832666     0.072948118759086
     0.156713285832666    -0.158355902283347    -0.072948118759086
    -0.072948118759086     0.072948118759086     0.319300378862408
44 26
    -0.158355902283347    -0.156713285832666     0.072948118759086
    -0.156713285832666    -0.158355902283347     0.072948118759086
    -0.072948118759086    -0.072948118759086     0.319300378862408
44 27
    -0.158355902283347    -0.156713285832666    -0.072948118759086
    -0.156713285832666    -0.158355902283347    -0.072948118759086
     0.072948118759086     0.072948118759086     0.319300378862408
44 28
    -0.158355902283347     0.156713285832666    -0.072948118759086
     0.156713285832666    -0.158355902283347     0.072948118759086
     0.072948118759086    -0.072948118759086     0.319300378862408
44 29
    -0.034163283532962    -0.037615269320668     0.012843031709053
    -0.037615269320668    -0.034163283532962    -0.012843031709053
    -0.012843031709053     0.012843031709053     0.018478612139461
44 30
    -0.034163283532962     0.037615269320668     0.012843031709053
     0.037615269320668    -0.034163283532962     0.012843031709053
    -0.012843031709053    -0.012843031709053     0.018478612139461
44 31
    -0.034163283532962     0.037615269320668    -0.012843031709053
     0.037615269320668    -0.034163283532962    -0.012843031709053
     0.012843031709053     0.012843031709053     0.018478612139461
44 32
    -0.034163283532962    -0.037615269320668    -0.012843031709053
    -0.037615269320668    -0.034163283532962     0.012843031709053
     0.012843031709053    -0.012843031709053     0.018478612139461
44 33
    -0.011315208018914     0.024354182278330     0.009925772428687
     0.024354182278330    -0.133864037968578    -0.024354182278330
     0.009925772428687    -0.024354182278330    -0.011315208018914
44 34
     0.069928232653638     0.035338320594747     0.035007932092412
     0.035338320594747     0.069928232653638    -0.035007932092412
     0.035007932092412    -0.035007932092412    -0.031492912864906
44 35
     0.003274804578268     0.012843773583882     0.012843773583882
     0.012843773583882     0.003274804578268    -0.012843773583882
     0.012843773583882    -0.012843773583882     0.003274804578268
44 36
    -0.133864037968579     0.024354182278330     0.024354182278330
     0.024354182278330    -0.011315208018914    -0.009925772428687
     0.024354182278330    -0.009925772428687    -0.011315208018914
44 37
    -0.031492912864905     0.035007932092412     0.035007932092412
     0.035007932092412     0.069928232653638    -0.035338320594747
     0.035007932092412    -0.035338320594747     0.069928232653638
44 38
    -2.341654446252051     1.196902454830706     1.196902454830706
     1.196902454830706    -2.341654446252050    -1.196902454830706
     1.196902454830706    -1.196902454830706    -2.341654446252050
44 39
    -0.011315208018914     0.009925772428687     0.024354182278330
     0.009925772428687    -0.011315208018914    -0.024354182278330
     0.024354182278330    -0.024354182278330    -0.133864037968578
44 40
     0.069928232653638     0.035007932092412     0.035338320594747
     0.035007932092412    -0.031492912864905    -0.035007932092412
     0.035338320594747    -0.035007932092412     0.069928232653638
44 41
    -0.041754298479191     0.000000000000000     0.000000000000000
     0.000000000000000    -0.041754298479191    -0.000000000000000
     0.000000000000000    -0.000000000000000     0.250247780888912
44 42
    -0.057780722897860    -0.000000000000000     0.000000000000000
     0.000000000000000    -0.015432216503086    -0.000000000000000
     0.000000000000000     0.000000000000000    -0.057780722897860
44 43
    -0.015432216503086     0.000000000000000     0.000000000000000
     0.000000000000000    -0.057780722897860    -0.000000000000000
    -0.000000000000000    -0.000000000000000    -0.057780722897860
44 44
     9.696337472371400     0.000000000000000    -0.000000000000000
     0.000000000000000     9.696337472371393    -0.000000000000000
    -0.000000000000000    -0.000000000000000     9.696337472371393
44 45
     0.002996701471147    -0.000000000000000     0.000000000000000
     0.000000000000000     0.002996701471147    -0.000000000000000
    -0.000000000000000     0.000000000000000     0.002996701471147
44 46
     0.250247780888913     0.000000000000000     0.000000000000000
     0.000000000000000    -0.041754298479191    -0.000000000000000
    -0.000000000000000    -0.000000000000000    -0.041754298479191
44 47
    -0.041754298479191    -0.000000000000000     0.000000000000000
     0.000000000000000     0.250247780888912    -0.000000000000000
     0.000000000000000     0.000000000000000    -0.041754298479191
44 48
    -0.057780722897860     0.000000000000000     0.000000000000000
     0.000000000000000    -0.057780722897860    -0.000000000000000
    -0.000000000000000     0.000000000000000    -0.015432216503086
44 49
    -0.011315208018914    -0.009925772428687    -0.024354182278330
    -0.009925772428687    -0.011315208018914    -0.024354182278330
    -0.024354182278330    -0.024354182278330    -0.133864037968578
44 50
     0.069928232653638    -0.035007932092412    -0.035338320594747
    -0.035007932092412    -0.031492912864905    -0.035007932092412
    -0.035338320594747    -0.035007932092412     0.069928232653638
44 51
    -0.031492912864906    -0.035007932092412    -0.035007932092412
    -0.035007932092412     0.069928232653638    -0.035338320594747
    -0.035007932092412    -0.035338320594747     0.069928232653638
44 52
    -2.341654446252051    -1.196902454830706    -1.196902454830706
    -1.196902454830706    -2.341654446252050    -1.196902454830706
    -1.196902454830706    -1.196902454830706    -2.341654446252050
44 53
     0.003274804578268    -0.012843773583882    -0.012843773583882
    -0.012843773583882     0.003274804578268    -0.012843773583882
    -0.012843773583882    -0.012843773583882     0.003274804578268
44 54
    -0.133864037968579    -0.024354182278330    -0.024354182278330
    -0.024354182278330    -0.011315208018914    -0.009925772428687
    -0.024354182278330    -0.009925772428687    -0.011315208018914
44 55
    -0.011315208018914    -0.024354182278330    -0.009925772428687
    -0.024354182278330    -0.133864037968578    -0.024354182278330
    -0.009925772428687    -0.024354182278330    -0.011315208018914
44 56
     0.069928232653638    -0.035338320594747    -0.035007932092412
    -0.035338320594747     0.069928232653638    -0.035007932092412
    -0.035007932092412    -0.035007932092412    -0.031492912864906
44 57
     0.018478612139461     0.012843031709053    -0.012843031709053
    -0.012843031709053    -0.034163283532962    -0.037615269320668
     0.012843031709053    -0.037615269320668    -0.034163283532962
44 58
     0.319300378862408     0.072948118759086    -0.072948118759086
    -0.072948118759086    -0.158355902283347     0.156713285832666
     0.072948118759086     0.156713285832666    -0.158355902283347
44 59
     0.018478612139461     0.012843031709053     0.012843031709053
    -0.012843031709053    -0.034163283532962     0.037615269320668
    -0.012843031709053     0.037615269320668    -0.034163283532962
44 60
     0.319300378862408     0.072948118759086     0.072948118759086
    -0.072948118759086    -0.158355902283347    -0.156713285832666
    -0.072948118759086    -0.156713285832666    -0.158355902283347
44 61
     0.018478612139461    -0.012843031709053    -0.012843031709053
     0.012843031709053    -0.034163283532962     0.037615269320668
     0.012843031709053     0.037615269320668    -0.034163283532962
44 62
     0.319300378862408    -0.072948118759086    -0.072948118759086
     0.072948118759086    -0.158355902283347    -0.156713285832666
     0.072948118759086    -0.156713285832666    -0.158355902283347
44 63
     0.018478612139461    -0.012843031709053     0.012843031709053
     0.012843031709053    -0.034163283532962    -0.037615269320668
    -0.012843031709053    -0.037615269320668    -0.034163283532962
44 64
     0.319300378862408    -0.072948118759086     0.072948118759086
     0.072948118759086    -0.158355902283347     0.156713285832666
    -0.072948118759086     0.156713285832666    -0.158355902283347
45 1
    -0.133864037968578    -0.024354182278330     0.024354182278330
    -0.024354182278330    -0.011315208018914     0.009925772428687
     0.024354182278330     0.009925772428687    -0.011315208018914
45 2
     0.003274804578268    -0.012843773583882     0.012843773583882
    -0.012843773583882     0.003274804578268     0.012843773583882
     0.012843773583882     0.012843773583882     0.003274804578268
45 3
     0.069928232653638    -0.035338320594747     0.035007932092412
    -0.035338320594747     0.069928232653638     0.035007932092412
     0.035007932092412     0.035007932092412    -0.031492912864905
45 4
    -0.011315208018914    -0.024354182278330     0.009925772428687
    -0.024354182278330    -0.133864037968578     0.024354182278330
     0.009925772428687     0.024354182278330    -0.011315208018914
45 5
     0.069928232653638    -0.035007932092412     0.035338320594747
    -0.035007932092412    -0.031492912864906     0.035007932092412
     0.035338320594747     0.035007932092412     0.069928232653638
45 6
    -0.011315208018914    -0.009925772428687     0.024354182278330
    -0.009925772428687    -0.011315208018914     0.024354182278330
     0.024354182278330     0.024354182278330    -0.133864037968578
45 7
    -2.341654446252050    -1.196902454830706     1.196902454830706
    -1.196902454830706    -2.341654446252051     1.196902454830706
     1.196902454830706     1.196902454830706    -2.341654446252050
45 8
    -0.031492912864906    -0.035007932092412     0.035007932092412
    -0.035007932092412     0.069928232653638     0.035338320594747
     0.035007932092412     0.035338320594747     0.069928232653638
45 9
    -0.158355902283347     0.072948118759086    -0.156713285832666
    -0.072948118759086     0.319300378862408    -0.072948118759086
    -0.156713285832666     0.072948118759086    -0.158355902283347
45 10
    -0.158355902283347     0.072948118759086     0.156713285832666
    -0.072948118759086     0.319300378862408     0.072948118759086
     0.156713285832666    -0.072948118759086    -0.158355902283347
45 11
    -0.034163283532962     0.012843031709053     0.037615269320668
    -0.012843031709053     0.018478612139461    -0.012843031709053
     0.037615269320668     0.012843031709053    -0.034163283532962
45 12
    -0.034163283532962     0.012843031709053    -0.037615269320668
    -0.012843031709053     0.018478612139461     0.012843031709053
    -0.037615269320668    -0.012843031709053    -0.034163283532962
45 13
    -0.158355902283347    -0.072948118759086     0.156713285832666
     0.072948118759086     0.319300378862408    -0.072948118759086
     0.156713285832666     0.072948118759086    -0.158355902283347
45 14
    -0.158355902283347    -0.072948118759086    -0.156713285832666
     0.072948118759086     0.319300378862408     0.072948118759086
    -0.156713285832666    -0.072948118759086    -0.158355902283347
45 15
    -0.034163283532962    -0.012843031709053    -0.037615269320668
     0.012843031709053     0.018478612139461    -0.012843031709053
    -0.037615269320668     0.012843031709053    -0.034163283532962
45 16
    -0.034163283532962    -0.012843031709053     0.037615269320668
     0.012843031709053     0.018478612139461     0.012843031709053
     0.037615269320668    -0.012843031709053    -0.034163283532962
45 17
    -2.341654446252050     1.196902454830706    -1.196902454830706
     1.196902454830706    -2.341654446252051     1.196902454830706
    -1.196902454830706     1.196902454830706    -2.341654446252050
45 18
    -0.031492912864905     0.035007932092412    -0.035007932092412
     0.035007932092412     0.069928232653638     0.035338320594747
    -0.035007932092412     0.035338320594747     0.069928232653638
45 19
     0.069928232653638     0.035007932092412    -0.035338320594747
     0.035007932092412    -0.031492912864906     0.035007932092412
    -0.035338320594747     0.035007932092412     0.069928232653638
45 20
    -0.011315208018914     0.009925772428687    -0.024354182278330
     0.009925772428687    -0.011315208018914     0.024354182278330
    -0.024354182278330     0.024354182278330    -0.133864037968578
45 21
     0.069928232653638     0.035338320594747    -0.035007932092412
     0.035338320594747     0.069928232653638     0.035007932092412
    -0.035007932092412     0.035007932092412    -0.031492912864906
45 22
    -0.011315208018914     0.024354182278330    -0.009925772428687
     0.024354182278330    -0.133864037968579     0.024354182278330
    -0.009925772428687     0.024354182278330    -0.011315208018914
45 23
    -0.133864037968578     0.024354182278330    -0.024354182278330
     0.024354182278330    -0.011315208018914     0.009925772428687
    -0.024354182278330     0.009925772428687    -0.011315208018914
45 24
     0.003274804578268     0.012843773583882    -0.012843773583882
     0.012843773583882     0.003274804578268     0.012843773583882
    -0.012843773583882     0.012843773583882     0.003274804578268
45 25
    -0.034163283532962    -0.037615269320668    -0.012843031709053
    -0.037615269320668    -0.034163283532962     0.012843031709053
     0.012843031709053    -0.012843031709053     0.018478612139461
45 26
    -0.034163283532962     0.037615269320668    -0.012843031709053
     0.037615269320668    -0.034163283532962    -0.012843031709053
     0.012843031709053     0.012843031709053     0.018478612139461
45 27
    -0.034163283532962     0.037615269320668     0.012843031709053
     0.037615269320668    -0.034163283532962     0.012843031709053
    -0.012843031709053    -0.012843031709053     0.018478612139461
45 28
    -0.034163283532962    -0.037615269320668     0.012843031709053
    -0.037615269320668    -0.034163283532962    -0.012843031709053
    -0.012843031709053     0.012843031709053     0.018478612139461
45 29
    -0.158355902283347     0.156713285832666    -0.072948118759086
     0.156713285832666    -0.158355902283347     0.072948118759086
     0.072948118759086    -0.072948118759086     0.319300378862408
45 30
    -0.158355902283347    -0.156713285832666    -0.072948118759086
    -0.156713285832666    -0.158355902283347    -0.072948118759086
     0.072948118759086     0.072948118759086     0.319300378862408
45 31
    -0.158355902283347    -0.156713285832666     0.072948118759086
    -0.156713285832666    -0.158355902283347     0.072948118759086
    -0.072948118759086    -0.072948118759086     0.319300378862408
45 32
    -0.158355902283347     0.156713285832666     0.072948118759086
     0.156713285832666    -0.158355902283347    -0.072948118759086
    -0.072948118759086     0.072948118759086     0.319300378862408
45 33
     0.069928232653638     0.035007932092412     0.035338320594747
     0.035007932092412    -0.031492912864906    -0.035007932092412
     0.035338320594747    -0.035007932092412     0.069928232653638
45 34
    -0.011315208018914     0.009925772428687     0.024354182278330
     0.009925772428687    -0.011315208018914    -0.024354182278330
     0.024354182278330    -0.024354182278330    -0.133864037968578
45 35
    -2.341654446252050     1.196902454830706     1.196902454830706
     1.196902454830706    -2.341654446252051    -1.196902454830707
     1.196902454830706    -1.196902454830706    -2.341654446252051
45 36
    -0.031492912864906     0.035007932092412     0.035007932092412
     0.035007932092412     0.069928232653638    -0.035338320594747
     0.035007932092412    -0.035338320594747     0.069928232653638
45 37
    -0.133864037968578     0.024354182278330     0.024354182278330
     0.024354182278330    -0.011315208018914    -0.009925772428687
     0.024354182278330    -0.009925772428687    -0.011315208018914
45 38
     0.003274804578268     0.012843773583882     0.012843773583882
     0.012843773583882     0.003274804578268    -0.012843773583882
     0.012843773583882    -0.012843773583882     0.003274804578268
45 39
     0.069928232653638     0.035338320594747     0.035007932092412
     0.035338320594747     0.069928232653638    -0.035007932092412
     0.035007932092412    -0.035007932092412    -0.031492912864905
45 40
    -0.011315208018914     0.024354182278330     0.009925772428687
     0.024354182278330    -0.133864037968578    -0.024354182278330
     0.009925772428687    -0.024354182278330    -0.011315208018914
45 41
    -0.057780722897860    -0.000000000000000     0.000000000000000
     0.000000000000000    -0.057780722897860     0.000000000000000
     0.000000000000000    -0.000000000000000    -0.015432216503086
45 42
    -0.041754298479191    -0.000000000000000    -0.000000000000000
    -0.000000000000000     0.250247780888913     0.000000000000000
     0.000000000000000    -0.000000000000000    -0.041754298479191
45 43
     0.250247780888912    -0.000000000000000     0.000000000000000
    -0.000000000000000    -0.041754298479191     0.000000000000000
    -0.000000000000000    -0.000000000000000    -0.041754298479191
45 44
     0.002996701471147     0.000000000000000    -0.000000000000000
    -0.000000000000000     0.002996701471147     0.000000000000000
     0.000000000000000    -0.000000000000000     0.002996701471147
45 45
     9.696337472371393     0.000000000000000     0.000000000000000
     0.000000000000000     9.696337472371399     0.000000000000000
     0.000000000000000     0.000000000000000     9.696337472371395
45 46
    -0.015432216503086     0.000000000000000    -0.000000000000000
     0.000000000000000    -0.057780722897860     0.000000000000000
     0.000000000000000    -0.000000000000000    -0.057780722897860
45 47
    -0.057780722897860    -0.000000000000000    -0.000000000000000
     0.000000000000000    -0.015432216503086     0.000000000000000
     0.000000000000000    -0.000000000000000    -0.057780722897860
45 48
    -0.041754298479191    -0.000000000000000    -0.000000000000000
    -0.000000000000000    -0.041754298479191     0.000000000000000
    -0.000000000000000     0.000000000000000     0.250247780888912
45 49
     0.069928232653638    -0.035338320594747    -0.035007932092412
    -0.035338320594747     0.069928232653638    -0.035007932092412
    -0.035007932092412    -0.035007932092412    -0.031492912864905
45 50
    -0.011315208018914    -0.024354182278330    -0.009925772428687
    -0.024354182278330    -0.133864037968578    -0.024354182278330
    -0.009925772428687    -0.024354182278330    -0.011315208018914
45 51
    -0.133864037968578    -0.024354182278330    -0.024354182278330
    -0.024354182278330    -0.011315208018914    -0.009925772428687
    -0.024354182278330    -0.009925772428687    -0.011315208018914
45 52
     0.003274804578268    -0.012843773583882    -0.012843773583882
    -0.012843773583882     0.003274804578268    -0.012843773583882
    -0.012843773583882    -0.012843773583882     0.003274804578268
45 53
    -2.341654446252050    -1.196902454830706    -1.196902454830706
    -1.196902454830706    -2.341654446252051    -1.196902454830707
    -1.196902454830706    -1.196902454830706    -2.341654446252051
45 54
    -0.031492912864906    -0.035007932092412    -0.035007932092412
    -0.035007932092412     0.069928232653638    -0.035338320594747
    -0.035007932092412    -0.035338320594747     0.069928232653638
45 55
     0.069928232653638    -0.035007932092412    -0.035338320594747
    -0.035007932092412    -0.031492912864905    -0.035007932092412
    -0.035338320594747    -0.035007932092412     0.069928232653638
45 56
    -0.011315208018914    -0.009925772428687    -0.024354182278330
    -0.009925772428687    -0.011315208018914    -0.024354182278330
    -0.024354182278330    -0.024354182278330    -0.133864037968578
45 57
     0.319300378862408    -0.072948118759086     0.072948118759086
     0.072948118759086    -0.158355902283347     0.156713285832666
    -0.072948118759086     0.156713285832666    -0.158355902283347
45 58
     0.018478612139461    -0.012843031709053     0.012843031709053
     0.012843031709053    -0.034163283532962    -0.037615269320668
    -0.012843031709053    -0.037615269320668    -0.034163283532962
45 59
     0.319300378862408    -0.072948118759086    -0.072948118759086
     0.072948118759086    -0.158355902283347    -0.156713285832666
     0.072948118759086    -0.156713285832666    -0.158355902283347
45 60
     0.018478612139461    -0.012843031709053    -0.012843031709053
     0.012843031709053    -0.034163283532962     0.037615269320668
     0.012843031709053     0.037615269320668    -0.034163283532962
45 61
     0.319300378862408     0.072948118759086     0.072948118759086
    -0.072948118759086    -0.158355902283347    -0.156713285832666
    -0.072948118759086    -0.156713285832666    -0.158355902283347
45 62
     0.018478612139461     0.012843031709053     0.012843031709053
    -0.012843031709053    -0.034163283532962     0.037615269320668
    -0.012843031709053     0.037615269320668    -0.034163283532962
45 63
     0.319300378862408     0.072948118759086    -0.072948118759086
    -0.072948118759086    -0.158355902283347     0.156713285832666
     0.072948118759086     0.156713285832666    -0.158355902283347
45 64
     0.018478612139461     0.012843031709053    -0.012843031709053
    -0.012843031709053    -0.034163283532962    -0.037615269320668
     0.012843031709053    -0.037615269320668    -0.034163283532962
46 1
     0.003274804578268    -0.012843773583882     0.012843773583882
    -0.012843773583882     0.003274804578268     0.012843773583882
     0.012843773583882     0.012843773583882     0.003274804578268
46 2
    -0.133864037968578    -0.024354182278330     0.024354182278330
    -0.024354182278330    -0.011315208018914     0.009925772428687
     0.024354182278330     0.009925772428687    -0.011315208018914
46 3
    -0.011315208018914    -0.024354182278330     0.009925772428687
    -0.024354182278330    -0.133864037968579     0.024354182278330
     0.009925772428687     0.024354182278330    -0.011315208018914
46 4
     0.069928232653638    -0.035338320594747     0.035007932092412
    -0.035338320594747     0.069928232653638     0.035007932092412
     0.035007932092412     0.035007932092412    -0.031492912864906
46 5
    -0.011315208018914    -0.009925772428687     0.024354182278330
    -0.009925772428687    -0.011315208018914     0.024354182278330
     0.024354182278330     0.024354182278330    -0.133864037968578
46 6
     0.069928232653638    -0.035007932092412     0.035338320594747
    -0.035007932092412    -0.031492912864906     0.035007932092412
     0.035338320594747     0.035007932092412     0.069928232653638
46 7
    -0.031492912864905    -0.035007932092412     0.035007932092412
    -0.035007932092412     0.069928232653638     0.035338320594747
     0.035007932092412     0.035338320594747     0.069928232653638
46 8
    -2.341654446252051    -1.196902454830706     1.196902454830706
    -1.196902454830706    -2.341654446252050     1.196902454830706
     1.196902454830707     1.196902454830706    -2.341654446252051
46 9
    -0.158355902283347     0.072948118759086     0.156713285832666
    -0.072948118759086     0.319300378862408     0.072948118759086
     0.156713285832666    -0.072948118759086    -0.158355902283347
46 10
    -0.158355902283347     0.072948118759086    -0.156713285832666
    -0.072948118759086     0.319300378862408    -0.072948118759086
    -0.156713285832666     0.072948118759086    -0.158355902283347
46 11
    -0.034163283532962     0.012843031709053    -0.037615269320668
    -0.012843031709053     0.018478612139461     0.012843031709053
    -0.037615269320668    -0.012843031709053    -0.034163283532962
46 12
    -0.034163283532962     0.012843031709053     0.037615269320668
    -0.012843031709053     0.018478612139461    -0.012843031709053
     0.037615269320668     0.012843031709053    -0.034163283532962
46 13
    -0.158355902283347    -0.072948118759086    -0.156713285832666
     0.072948118759086     0.319300378862408     0.072948118759086
    -0.156713285832666    -0.072948118759086    -0.158355902283347
46 14
    -0.158355902283347    -0.072948118759086     0.156713285832666
     0.072948118759086     0.319300378862408    -0.072948118759086
     0.156713285832666     0.072948118759086    -0.158355902283347
46 15
    -0.034163283532962    -0.012843031709053     0.037615269320668
     0.012843031709053     0.018478612139461     0.012843031709053
     0.037615269320668    -0.012843031709053    -0.034163283532962
46 16
    -0.034163283532962    -0.012843031709053    -0.037615269320668
     0.012843031709053     0.018478612139461    -0.012843031709053
    -0.037615269320668     0.012843031709053    -0.034163283532962
46 17
    -0.031492912864905     0.035007932092412    -0.035007932092412
     0.035007932092412     0.069928232653638     0.035338320594747
    -0.035007932092412     0.035338320594747     0.069928232653638
46 18
    -2.341654446252050     1.196902454830706    -1.196902454830706
     1.196902454830706    -2.341654446252050     1.196902454830706
    -1.196902454830706     1.196902454830706    -2.341654446252051
46 19
    -0.011315208018914     0.009925772428687    -0.024354182278330
     0.009925772428687    -0.011315208018914     0.024354182278330
    -0.024354182278330     0.024354182278330    -0.133864037968579
46 20
     0.069928232653638     0.035007932092412    -0.035338320594747
     0.035007932092412    -0.031492912864906     0.035007932092412
    -0.035338320594747     0.035007932092412     0.069928232653638
46 21
    -0.011315208018914     0.024354182278330    -0.009925772428687
     0.024354182278330    -0.133864037968578     0.024354182278330
    -0.009925772428687     0.024354182278330    -0.011315208018914
46 22
     0.069928232653638     0.035338320594747    -0.035007932092412
     0.035338320594747     0.069928232653638     0.035007932092412
    -0.035007932092412     0.035007932092412    -0.031492912864906
46 23
     0.003274804578268     0.012843773583882    -0.012843773583882
     0.012843773583882     0.003274804578268     0.012843773583882
    -0.012843773583882     0.012843773583882     0.003274804578268
46 24
    -0.133864037968578     0.024354182278330    -0.024354182278330
     0.024354182278330    -0.011315208018914     0.009925772428687
    -0.024354182278330     0.009925772428687    -0.011315208018914
46 25
    -0.034163283532962     0.037615269320668    -0.012843031709053
     0.037615269320668    -0.034163283532962    -0.012843031709053
     0.012843031709053     0.012843031709053     0.018478612139461
46 26
    -0.034163283532962    -0.037615269320668    -0.012843031709053
    -0.037615269320668    -0.034163283532962     0.012843031709053
     0.012843031709053    -0.012843031709053     0.018478612139461
46 27
    -0.034163283532962    -0.037615269320668     0.012843031709053
    -0.037615269320668    -0.034163283532962    -0.012843031709053
    -0.012843031709053     0.012843031709053     0.018478612139461
46 28
    -0.034163283532962     0.037615269320668     0.012843031709053
     0.037615269320668    -0.034163283532962     0.012843031709053
    -0.012843031709053    -0.012843031709053     0.018478612139461
46 29
    -0.158355902283347    -0.156713285832666    -0.072948118759086
    -0.156713285832666    -0.158355902283347    -0.072948118759086
     0.072948118759086     0.072948118759086     0.319300378862408
46 30
    -0.158355902283347     0.156713285832666    -0.072948118759086
     0.156713285832666    -0.158355902283347     0.072948118759086
     0.072948118759086    -0.072948118759086     0.319300378862408
46 31
    -0.158355902283347     0.156713285832666     0.072948118759086
     0.156713285832666    -0.158355902283347    -0.072948118759086
    -0.072948118759086     0.072948118759086     0.319300378862408
46 32
    -0.158355902283347    -0.156713285832666     0.072948118759086
    -0.156713285832666    -0.158355902283347     0.072948118759086
    -0.072948118759086    -0.072948118759086     0.319300378862408
46 33
    -0.011315208018914     0.009925772428687     0.024354182278330
     0.009925772428687    -0.011315208018914    -0.024354182278330
     0.024354182278330    -0.024354182278330    -0.133864037968579
46 34
     0.069928232653638     0.035007932092412     0.035338320594747
     0.035007932092412    -0.031492912864905    -0.035007932092412
     0.035338320594747    -0.035007932092412     0.069928232653638
46 35
    -0.031492912864905     0.035007932092412     0.035007932092412
     0.035007932092412     0.069928232653638    -0.035338320594747
     0.035007932092412    -0.035338320594747     0.069928232653638
46 36
    -2.341654446252051     1.196902454830706     1.196902454830706
     1.196902454830706    -2.341654446252050    -1.196902454830706
     1.196902454830707    -1.196902454830706    -2.341654446252051
46 37
     0.003274804578268     0.012843773583882     0.012843773583882
     0.012843773583882     0.003274804578268    -0.012843773583882
     0.012843773583882    -0.012843773583882     0.003274804578268
46 38
    -0.133864037968578     0.024354182278330     0.024354182278330
     0.024354182278330    -0.011315208018914    -0.009925772428687
     0.024354182278330    -0.009925772428687    -0.011315208018914
46 39
    -0.011315208018914     0.024354182278330     0.009925772428687
     0.024354182278330    -0.133864037968579    -0.024354182278330
     0.009925772428687    -0.024354182278330    -0.011315208018914
46 40
     0.069928232653638     0.035338320594747     0.035007932092412
     0.035338320594747     0.069928232653638    -0.035007932092412
     0.035007932092412    -0.035007932092412    -0.031492912864906
46 41
    -0.041754298479191     0.000000000000000     0.000000000000000
     0.000000000000000     0.250247780888912    -0.000000000000000
     0.000000000000000    -0.000000000000000    -0.041754298479191
46 42
    -0.057780722897860    -0.000000000000000    -0.000000000000000
     0.000000000000000    -0.057780722897860    -0.000000000000000
     0.000000000000000     0.000000000000000    -0.015432216503086
46 43
     0.002996701471147     0.000000000000000     0.000000000000000
     0.000000000000000     0.002996701471147    -0.000000000000000
    -0.000000000000000    -0.000000000000000     0.002996701471147
46 44
     0.250247780888913     0.000000000000000    -0.000000000000000
     0.000000000000000    -0.041754298479191    -0.000000000000000
     0.000000000000000    -0.000000000000000    -0.041754298479191
46 45
    -0.015432216503086     0.000000000000000     0.000000000000000
     0.000000000000000    -0.057780722897860    -0.000000000000000
    -0.000000000000000     0.000000000000000    -0.057780722897860
46 46
     9.696337472371395     0.000000000000000     0.000000000000000
     0.000000000000000     9.696337472371393     0.000000000000000
     0.000000000000000     0.000000000000000     9.696337472371397
46 47
    -0.041754298479191    -0.000000000000000     0.000000000000000
     0.000000000000000    -0.041754298479191    -0.000000000000000
     0.000000000000000     0.000000000000000     0.250247780888913
46 48
    -0.057780722897860     0.000000000000000     0.000000000000000
     0.000000000000000    -0.015432216503086    -0.000000000000000
    -0.000000000000000     0.000000000000000    -0.057780722897860
46 49
    -0.011315208018914    -0.024354182278330    -0.009925772428687
    -0.024354182278330    -0.133864037968579    -0.024354182278330
    -0.009925772428687    -0.024354182278330    -0.011315208018914
46 50
     0.069928232653638    -0.035338320594747    -0.035007932092412
    -0.035338320594747     0.069928232653638    -0.035007932092412
    -0.035007932092412    -0.035007932092412    -0.031492912864906
46 51
     0.003274804578268    -0.012843773583882    -0.012843773583882
    -0.012843773583882     0.003274804578268    -0.012843773583882
    -0.012843773583882    -0.012843773583882     0.003274804578268
46 52
    -0.133864037968578    -0.024354182278330    -0.024354182278330
    -0.024354182278330    -0.011315208018914    -0.009925772428687
    -0.024354182278330    -0.009925772428687    -0.011315208018914
46 53
    -0.031492912864905    -0.035007932092412    -0.035007932092412
    -0.035007932092412     0.069928232653638    -0.035338320594747
    -0.035007932092412    -0.035338320594747     0.069928232653638
46 54
    -2.341654446252051    -1.196902454830706    -1.196902454830706
    -1.196902454830706    -2.341654446252050    -1.196902454830706
    -1.196902454830707    -1.196902454830706    -2.341654446252051
46 55
    -0.011315208018914    -0.009925772428687    -0.024354182278330
    -0.009925772428687    -0.011315208018914    -0.024354182278330
    -0.024354182278330    -0.024354182278330    -0.133864037968579
46 56
     0.069928232653638    -0.035007932092412    -0.035338320594747
    -0.035007932092412    -0.031492912864906    -0.035007932092412
    -0.035338320594747    -0.035007932092412     0.069928232653638
46 57
     0.018478612139461    -0.012843031709053     0.012843031709053
     0.012843031709053    -0.034163283532962    -0.037615269320668
    -0.012843031709053    -0.037615269320668    -0.034163283532962
46 58
     0.319300378862408    -0.072948118759086     0.072948118759086
     0.072948118759086    -0.158355902283347     0.156713285832666
    -0.072948118759086     0.156713285832666    -0.158355902283347
46 59
     0.018478612139461    -0.012843031709053    -0.012843031709053
     0.012843031709053    -0.034163283532962     0.037615269320668
     0.012843031709053     0.037615269320668    -0.034163283532962
46 60
     0.319300378862408    -0.072948118759086    -0.072948118759086
     0.072948118759086    -0.158355902283347    -0.156713285832666
     0.072948118759086    -0.156713285832666    -0.158355902283347
46 61
     0.018478612139461     0.012843031709053     0.012843031709053
    -0.012843031709053    -0.034163283532962     0.037615269320668
    -0.012843031709053     0.037615269320668    -0.034163283532962
46 62
     0.319300378862408     0.072948118759086     0.072948118759086
    -0.072948118759086    -0.158355902283347    -0.156713285832666
    -0.072948118759086    -0.156713285832666    -0.158355902283347
46 63
     0.018478612139461     0.012843031709053    -0.012843031709053
    -0.012843031709053    -0.034163283532962    -0.037615269320668
     0.012843031709053    -0.037615269320668    -0.034163283532962
46 64
     0.319300378862408     0.072948118759086    -0.072948118759086
    -0.072948118759086    -0.158355902283347     0.156713285832666
     0.072948118759086     0.156713285832666    -0.158355902283347
47 1
     0.069928232653638    -0.035338320594747     0.035007932092412
    -0.035338320594747     0.069928232653638     0.035007932092412
     0.035007932092412     0.035007932092412    -0.031492912864905
47 2
    -0.011315208018914    -0.024354182278330     0.009925772428687
    -0.024354182278330    -0.133864037968579     0.024354182278330
     0.009925772428687     0.024354182278330    -0.011315208018914
47 3
    -0.133864037968578    -0.024354182278330     0.024354182278330
    -0.024354182278330    -0.011315208018914     0.009925772428687
     0.024354182278330     0.009925772428687    -0.011315208018914
47 4
     0.003274804578268    -0.012843773583882     0.012843773583882
    -0.012843773583882     0.003274804578268     0.012843773583882
     0.012843773583882     0.012843773583882     0.003274804578268
47 5
    -2.341654446252050    -1.196902454830706     1.196902454830706
    -1.196902454830706    -2.341654446252051     1.196902454830706
     1.196902454830706     1.196902454830706    -2.341654446252050
47 6
    -0.031492912864905    -0.035007932092412     0.035007932092412
    -0.035007932092412     0.069928232653638     0.035338320594747
     0.035007932092412     0.035338320594747     0.069928232653638
47 7
     0.069928232653638    -0.035007932092412     0.035338320594747
    -0.035007932092412    -0.031492912864906     0.035007932092412
     0.035338320594747     0.035007932092412     0.069928232653638
47 8
    -0.011315208018914    -0.009925772428687     0.024354182278330
    -0.009925772428687    -0.011315208018914     0.024354182278330
     0.024354182278330     0.024354182278330    -0.133864037968578
47 9
    -0.034163283532962     0.012843031709053     0.037615269320668
    -0.012843031709053     0.018478612139461    -0.012843031709053
     0.037615269320668     0.012843031709053    -0.034163283532962
47 10
    -0.034163283532962     0.012843031709053    -0.037615269320668
    -0.012843031709053     0.018478612139461     0.012843031709053
    -0.037615269320668    -0.012843031709053    -0.034163283532962
47 11
    -0.158355902283347     0.072948118759086    -0.156713285832666
    -0.072948118759086     0.319300378862408    -0.072948118759086
    -0.156713285832666     0.072948118759086    -0.158355902283347
47 12
    -0.158355902283347     0.072948118759086     0.156713285832666
    -0.072948118759086     0.319300378862408     0.072948118759086
     0.156713285832666    -0.072948118759086    -0.158355902283347
47 13
    -0.034163283532962    -0.012843031709053    -0.037615269320668
     0.012843031709053     0.018478612139461    -0.012843031709053
    -0.037615269320668     0.012843031709053    -0.034163283532962
47 14
    -0.034163283532962    -0.012843031709053     0.037615269320668
     0.012843031709053     0.018478612139461     0.012843031709053
     0.037615269320668    -0.012843031709053    -0.034163283532962
47 15
    -0.158355902283347    -0.072948118759086     0.156713285832666
     0.072948118759086     0.319300378862408    -0.072948118759086
     0.156713285832666     0.072948118759086    -0.158355902283347
47 16
    -0.158355902283347    -0.072948118759086    -0.156713285832666
     0.072948118759086     0.319300378862408     0.072948118759086
    -0.156713285832666    -0.072948118759086    -0.158355902283347
47 17
     0.069928232653638     0.035007932092412    -0.035338320594747
     0.035007932092412    -0.031492912864906     0.035007932092412
    -0.035338320594747     0.035007932092412     0.069928232653638
47 18
    -0.011315208018914     0.009925772428687    -0.024354182278330
     0.009925772428687    -0.011315208018914     0.024354182278330
    -0.024354182278330     0.024354182278330    -0.133864037968578
47 19
    -2.341654446252050     1.196902454830706    -1.196902454830706
     1.196902454830706    -2.341654446252051     1.196902454830707
    -1.196902454830706     1.196902454830706    -2.341654446252051
47 20
    -0.031492912864905     0.035007932092412    -0.035007932092412
     0.035007932092412     0.069928232653638     0.035338320594747
    -0.035007932092412     0.035338320594747     0.069928232653638
47 21
    -0.133864037968578     0.024354182278330    -0.024354182278330
     0.024354182278330    -0.011315208018914     0.009925772428687
    -0.024354182278330     0.009925772428687    -0.011315208018914
47 22
     0.003274804578268     0.012843773583882    -0.012843773583882
     0.012843773583882     0.003274804578268     0.012843773583882
    -0.012843773583882     0.012843773583882     0.003274804578268
47 23
     0.069928232653638     0.035338320594747    -0.035007932092412
     0.035338320594747     0.069928232653638     0.035007932092412
    -0.035007932092412     0.035007932092412    -0.031492912864905
47 24
    -0.011315208018914     0.024354182278330    -0.009925772428687
     0.024354182278330    -0.133864037968579     0.024354182278330
    -0.009925772428687     0.024354182278330    -0.011315208018914
47 25
    -0.034163283532962     0.037615269320668     0.012843031709053
     0.037615269320668    -0.034163283532962     0.012843031709053
    -0.012843031709053    -0.012843031709053     0.018478612139461
47 26
    -0.034163283532962    -0.037615269320668     0.012843031709053
    -0.037615269320668    -0.034163283532962    -0.012843031709053
    -0.012843031709053     0.012843031709053     0.018478612139461
47 27
    -0.034163283532962    -0.037615269320668    -0.012843031709053
    -0.037615269320668    -0.034163283532962     0.012843031709053
     0.012843031709053    -0.012843031709053     0.018478612139461
47 28
    -0.034163283532962     0.037615269320668    -0.012843031709053
     0.037615269320668    -0.034163283532962    -0.012843031709053
     0.012843031709053     0.012843031709053     0.018478612139461
47 29
    -0.158355902283347    -0.156713285832666     0.072948118759086
    -0.156713285832666    -0.158355902283347     0.072948118759086
    -0.072948118759086    -0.072948118759086     0.319300378862408
47 30
    -0.158355902283347     0.156713285832666     0.072948118759086
     0.156713285832666    -0.158355902283347    -0.072948118759086
    -0.072948118759086     0.072948118759086     0.319300378862408
47 31
    -0.158355902283347     0.156713285832666    -0.072948118759086
     0.156713285832666    -0.158355902283347     0.072948118759086
     0.072948118759086    -0.072948118759086     0.319300378862408
47 32
    -0.158355902283347    -0.156713285832666    -0.072948118759086
    -0.156713285832666    -0.158355902283347    -0.072948118759086
     0.072948118759086     0.072948118759086     0.319300378862408
47 33
    -2.341654446252050     1.196902454830706     1.196902454830706
     1.196902454830706    -2.341654446252051    -1.196902454830707
     1.196902454830706    -1.196902454830706    -2.341654446252051
47 34
    -0.031492912864905     0.035007932092412     0.035007932092412
     0.035007932092412     0.069928232653638    -0.035338320594747
     0.035007932092412    -0.035338320594747     0.069928232653638
47 35
     0.069928232653638     0.035007932092412     0.035338320594747
     0.035007932092412    -0.031492912864906    -0.035007932092412
     0.035338320594747    -0.035007932092412     0.069928232653638
47 36
    -0.011315208018914     0.009925772428687     0.024354182278330
     0.009925772428687    -0.011315208018914    -0.024354182278330
     0.024354182278330    -0.024354182278330    -0.133864037968578
47 37
     0.069928232653638     0.035338320594747     0.035007932092412
     0.035338320594747     0.069928232653638    -0.035007932092412
     0.035007932092412    -0.035007932092412    -0.031492912864905
47 38
    -0.011315208018914     0.024354182278330     0.009925772428687
     0.024354182278330    -0.133864037968579    -0.024354182278330
     0.009925772428687    -0.024354182278330    -0.011315208018914
47 39
    -0.133864037968578     0.024354182278330     0.024354182278330
     0.024354182278330    -0.011315208018914    -0.009925772428687
     0.024354182278330    -0.009925772428687    -0.011315208018914
47 40
     0.003274804578268     0.012843773583882     0.012843773583882
     0.012843773583882     0.003274804578268    -0.012843773583882
     0.012843773583882    -0.012843773583882     0.003274804578268
47 41
     0.250247780888912     0.000000000000000    -0.000000000000000
     0.000000000000000    -0.041754298479191     0.000000000000000
     0.000000000000000    -0.000000000000000    -0.041754298479191
47 42
     0.002996701471147     0.000000000000000    -0.000000000000000
    -0.000000000000000     0.002996701471147     0.000000000000000
     0.000000000000000     0.000000000000000     0.002996701471147
47 43
    -0.057780722897860     0.000000000000000     0.000000000000000
    -0.000000000000000    -0.057780722897860     0.000000000000000
    -0.000000000000000    -0.000000000000000    -0.015432216503086
47 44
    -0.041754298479191     0.000000000000000     0.000000000000000
    -0.000000000000000     0.250247780888912     0.000000000000000
     0.000000000000000    -0.000000000000000    -0.041754298479191
47 45
    -0.057780722897860     0.000000000000000     0.000000000000000
    -0.000000000000000    -0.015432216503086    -0.000000000000000
    -0.000000000000000     0.000000000000000    -0.057780722897860
47 46
    -0.041754298479191     0.000000000000000     0.000000000000000
    -0.000000000000000    -0.041754298479191     0.000000000000000
     0.000000000000000    -0.000000000000000     0.250247780888913
47 47
     9.696337472371393     0.000000000000000     0.000000000000000
     0.000000000000000     9.696337472371399    -0.000000000000000
     0.000000000000000    -0.000000000000000     9.696337472371395
47 48
    -0.015432216503086     0.000000000000000     0.000000000000000
    -0.000000000000000    -0.057780722897860    -0.000000000000000
    -0.000000000000000     0.000000000000000    -0.057780722897860
47 49
    -0.133864037968578    -0.024354182278330    -0.024354182278330
    -0.024354182278330    -0.011315208018914    -0.009925772428687
    -0.024354182278330    -0.009925772428687    -0.011315208018914
47 50
     0.003274804578268    -0.012843773583882    -0.012843773583882
    -0.012843773583882     0.003274804578268    -0.012843773583882
    -0.012843773583882    -0.012843773583882     0.003274804578268
47 51
     0.069928232653638    -0.035338320594747    -0.035007932092412
    -0.035338320594747     0.069928232653638    -0.035007932092412
    -0.035007932092412    -0.035007932092412    -0.031492912864905
47 52
    -0.011315208018914    -0.024354182278330    -0.009925772428687
    -0.024354182278330    -0.133864037968578    -0.024354182278330
    -0.009925772428687    -0.024354182278330    -0.011315208018914
47 53
     0.069928232653638    -0.035007932092412    -0.035338320594747
    -0.035007932092412    -0.031492912864906    -0.035007932092412
    -0.035338320594747    -0.035007932092412     0.069928232653638
47 54
    -0.011315208018914    -0.009925772428687    -0.024354182278330
    -0.009925772428687    -0.011315208018914    -0.024354182278330
    -0.024354182278330    -0.024354182278330    -0.133864037968578
47 55
    -2.341654446252050    -1.196902454830706    -1.196902454830706
    -1.196902454830706    -2.341654446252051    -1.196902454830707
    -1.196902454830706    -1.196902454830706    -2.341654446252051
47 56
    -0.031492912864905    -0.035007932092412    -0.035007932092412
    -0.035007932092412     0.069928232653638    -0.035338320594747
    -0.035007932092412    -0.035338320594747     0.069928232653638
47 57
     0.319300378862408    -0.072948118759086    -0.072948118759086
     0.072948118759086    -0.158355902283347    -0.156713285832666
     0.072948118759086    -0.156713285832666    -0.158355902283347
47 58
     0.018478612139461    -0.012843031709053    -0.012843031709053
     0.012843031709053    -0.034163283532962     0.037615269320668
     0.012843031709053     0.037615269320668    -0.034163283532962
47 59
     0.319300378862408    -0.072948118759086     0.072948118759086
     0.072948118759086    -0.158355902283347     0.156713285832666
    -0.072948118759086     0.156713285832666    -0.158355902283347
47 60
     0.018478612139461    -0.012843031709053     0.012843031709053
     0.012843031709053    -0.034163283532962    -0.037615269320668
    -0.012843031709053    -0.037615269320668    -0.034163283532962
47 61
     0.319300378862408     0.072948118759086    -0.072948118759086
    -0.072948118759086    -0.158355902283347     0.156713285832666
     0.072948118759086     0.156713285832666    -0.158355902283347
47 62
     0.018478612139461     0.012843031709053    -0.012843031709053
    -0.012843031709053    -0.034163283532962    -0.037615269320668
     0.012843031709053    -0.037615269320668    -0.034163283532962
47 63
     0.319300378862408     0.072948118759086     0.072948118759086
    -0.072948118759086    -0.158355902283347    -0.156713285832666
    -0.072948118759086    -0.156713285832666    -0.158355902283347
47 64
     0.018478612139461     0.012843031709053     0.012843031709053
    -0.012843031709053    -0.034163283532962     0.037615269320668
    -0.012843031709053     0.037615269320668    -0.034163283532962
48 1
    -0.011315208018914    -0.024354182278330     0.009925772428687
    -0.024354182278330    -0.133864037968579     0.024354182278330
     0.009925772428687     0.024354182278330    -0.011315208018914
48 2
     0.069928232653638    -0.035338320594747     0.035007932092412
    -0.035338320594747     0.069928232653638     0.035007932092412
     0.035007932092412     0.035007932092412    -0.031492912864905
48 3
     0.003274804578268    -0.012843773583882     0.012843773583882
    -0.012843773583882     0.003274804578268     0.012843773583882
     0.012843773583882     0.012843773583882     0.003274804578268
48 4
    -0.133864037968579    -0.024354182278330     0.024354182278330
    -0.024354182278330    -0.011315208018914     0.009925772428687
     0.024354182278330     0.009925772428687    -0.011315208018914
48 5
    -0.031492912864906    -0.035007932092412     0.035007932092412
    -0.035007932092412     0.069928232653638     0.035338320594747
     0.035007932092412     0.035338320594747     0.069928232653638
48 6
    -2.341654446252051    -1.196902454830707     1.196902454830706
    -1.196902454830706    -2.341654446252051     1.196902454830706
     1.196902454830706     1.196902454830706    -2.341654446252050
48 7
    -0.011315208018914    -0.009925772428687     0.024354182278330
    -0.009925772428687    -0.011315208018914     0.024354182278330
     0.024354182278330     0.024354182278330    -0.133864037968578
48 8
     0.069928232653638    -0.035007932092412     0.035338320594747
    -0.035007932092412    -0.031492912864905     0.035007932092412
     0.035338320594747     0.035007932092412     0.069928232653638
48 9
    -0.034163283532962     0.012843031709053    -0.037615269320668
    -0.012843031709053     0.018478612139461     0.012843031709053
    -0.037615269320668    -0.012843031709053    -0.034163283532962
48 10
    -0.034163283532962     0.012843031709053     0.037615269320668
    -0.012843031709053     0.018478612139461    -0.012843031709053
     0.037615269320668     0.012843031709053    -0.034163283532962
48 11
    -0.158355902283347     0.072948118759086     0.156713285832666
    -0.072948118759086     0.319300378862408     0.072948118759086
     0.156713285832666    -0.072948118759086    -0.158355902283347
48 12
    -0.158355902283347     0.072948118759086    -0.156713285832666
    -0.072948118759086     0.319300378862408    -0.072948118759086
    -0.156713285832666     0.072948118759086    -0.158355902283347
48 13
    -0.034163283532962    -0.012843031709053     0.037615269320668
     0.012843031709053     0.018478612139461     0.012843031709053
     0.037615269320668    -0.012843031709053    -0.034163283532962
48 14
    -0.034163283532962    -0.012843031709053    -0.037615269320668
     0.012843031709053     0.018478612139461    -0.012843031709053
    -0.037615269320668     0.012843031709053    -0.034163283532962
48 15
    -0.158355902283347    -0.072948118759086    -0.156713285832666
     0.072948118759086     0.319300378862408     0.072948118759086
    -0.156713285832666    -0.072948118759086    -0.158355902283347
48 16
    -0.158355902283347    -0.072948118759086     0.156713285832666
     0.072948118759086     0.319300378862408    -0.072948118759086
     0.156713285832666     0.072948118759086    -0.158355902283347
48 17
    -0.011315208018914     0.009925772428687    -0.024354182278330
     0.009925772428687    -0.011315208018914     0.024354182278330
    -0.024354182278330     0.024354182278330    -0.133864037968578
48 18
     0.069928232653638     0.035007932092412    -0.035338320594747
     0.035007932092412    -0.031492912864905     0.035007932092412
    -0.035338320594747     0.035007932092412     0.069928232653638
48 19
    -0.031492912864906     0.035007932092412    -0.035007932092412
     0.035007932092412     0.069928232653638     0.035338320594747
    -0.035007932092412     0.035338320594747     0.069928232653638
48 20
    -2.341654446252051     1.196902454830707    -1.196902454830706
     1.196902454830706    -2.341654446252051     1.196902454830706
    -1.196902454830706     1.196902454830706    -2.341654446252050
48 21
     0.003274804578268     0.012843773583882    -0.012843773583882
     0.012843773583882     0.003274804578268     0.012843773583882
    -0.012843773583882     0.012843773583882     0.003274804578268
48 22
    -0.133864037968579     0.024354182278330    -0.024354182278330
     0.024354182278330    -0.011315208018914     0.009925772428687
    -0.024354182278330     0.009925772428687    -0.011315208018914
48 23
    -0.011315208018914     0.024354182278330    -0.009925772428687
     0.024354182278330    -0.133864037968578     0.024354182278330
    -0.009925772428687     0.024354182278330    -0.011315208018914
48 24
     0.069928232653638     0.035338320594747    -0.035007932092412
     0.035338320594747     0.069928232653638     0.035007932092412
    -0.035007932092412     0.035007932092412    -0.031492912864906
48 25
    -0.034163283532962    -0.037615269320668     0.012843031709053
    -0.037615269320668    -0.034163283532962    -0.012843031709053
    -0.012843031709053     0.012843031709053     0.018478612139461
48 26
    -0.034163283532962     0.037615269320668     0.012843031709053
     0.037615269320668    -0.034163283532962     0.012843031709053
    -0.012843031709053    -0.012843031709053     0.018478612139461
48 27
    -0.034163283532962     0.037615269320668    -0.012843031709053
     0.037615269320668    -0.034163283532962    -0.012843031709053
     0.012843031709053     0.012843031709053     0.018478612139461
48 28
    -0.034163283532962    -0.037615269320668    -0.012843031709053
    -0.037615269320668    -0.034163283532962     0.012843031709053
     0.012843031709053    -0.012843031709053     0.018478612139461
48 29
    -0.158355902283347     0.156713285832666     0.072948118759086
     0.156713285832666    -0.158355902283347    -0.072948118759086
    -0.072948118759086     0.072948118759086     0.319300378862408
48 30
    -0.158355902283347    -0.156713285832666     0.072948118759086
    -0.156713285832666    -0.158355902283347     0.072948118759086
    -0.072948118759086    -0.072948118759086     0.319300378862408
48 31
    -0.158355902283347    -0.156713285832666    -0.072948118759086
    -0.156713285832666    -0.158355902283347    -0.072948118759086
     0.072948118759086     0.072948118759086     0.319300378862408
48 32
    -0.158355902283347     0.156713285832666    -0.072948118759086
     0.156713285832666    -0.158355902283347     0.072948118759086
     0.072948118759086    -0.072948118759086     0.319300378862408
48 33
    -0.031492912864906     0.035007932092412     0.035007932092412
     0.035007932092412     0.069928232653638    -0.035338320594747
     0.035007932092412    -0.035338320594747     0.069928232653638
48 34
    -2.341654446252051     1.196902454830706     1.196902454830707
     1.196902454830706    -2.341654446252050    -1.196902454830706
     1.196902454830706    -1.196902454830706    -2.341654446252051
48 35
    -0.011315208018914     0.009925772428687     0.024354182278330
     0.009925772428687    -0.011315208018914    -0.024354182278330
     0.024354182278330    -0.024354182278330    -0.133864037968578
48 36
     0.069928232653638     0.035007932092412     0.035338320594747
     0.035007932092412    -0.031492912864905    -0.035007932092412
     0.035338320594747    -0.035007932092412     0.069928232653638
48 37
    -0.011315208018914     0.024354182278330     0.009925772428687
     0.024354182278330    -0.133864037968579    -0.024354182278330
     0.009925772428687    -0.024354182278330    -0.011315208018914
48 38
     0.069928232653638     0.035338320594747     0.035007932092412
     0.035338320594747     0.069928232653638    -0.035007932092412
     0.035007932092412    -0.035007932092412    -0.031492912864905
48 39
     0.003274804578268     0.012843773583882     0.012843773583882
     0.012843773583882     0.003274804578268    -0.012843773583882
     0.012843773583882    -0.012843773583882     0.003274804578268
48 40
    -0.133864037968579     0.024354182278330     0.024354182278330
     0.024354182278330    -0.011315208018914    -0.009925772428687
     0.024354182278330    -0.009925772428687    -0.011315208018914
48 41
     0.002996701471147    -0.000000000000000    -0.000000000000000
     0.000000000000000     0.002996701471147     0.000000000000000
     0.000000000000000    -0.000000000000000     0.002996701471147
48 42
     0.250247780888913    -0.000000000000000    -0.000000000000000
     0.000000000000000    -0.041754298479191     0.000000000000000
     0.000000000000000    -0.000000000000000    -0.041754298479191
48 43
    -0.041754298479191    -0.000000000000000    -0.000000000000000
     0.000000000000000     0.250247780888913     0.000000000000000
    -0.000000000000000    -0.000000000000000    -0.041754298479191
48 44
    -0.057780722897860     0.000000000000000    -0.000000000000000
     0.000000000000000    -0.057780722897860     0.000000000000000
     0.000000000000000    -0.000000000000000    -0.015432216503086
48 45
    -0.041754298479191    -0.000000000000000    -0.000000000000000
    -0.000000000000000    -0.041754298479191     0.000000000000000
    -0.000000000000000     0.000000000000000     0.250247780888912
48 46
    -0.057780722897860     0.000000000000000    -0.000000000000000
     0.000000000000000    -0.015432216503086     0.000000000000000
     0.000000000000000    -0.000000000000000    -0.057780722897860
48 47
    -0.015432216503086    -0.000000000000000    -0.000000000000000
     0.000000000000000    -0.057780722897860     0.000000000000000
     0.000000000000000    -0.000000000000000    -0.057780722897860
48 48
     9.696337472371397     0.000000000000000    -0.000000000000000
     0.000000000000000     9.696337472371395     0.000000000000000
    -0.000000000000000     0.000000000000000     9.696337472371395
48 49
     0.003274804578268    -0.012843773583882    -0.012843773583882
    -0.012843773583882     0.003274804578268    -0.012843773583882
    -0.012843773583882    -0.012843773583882     0.003274804578268
48 50
    -0.133864037968579    -0.024354182278330    -0.024354182278330
    -0.024354182278330    -0.011315208018914    -0.009925772428687
    -0.024354182278330    -0.009925772428687    -0.011315208018914
48 51
    -0.011315208018914    -0.024354182278330    -0.009925772428687
    -0.024354182278330    -0.133864037968578    -0.024354182278330
    -0.009925772428687    -0.024354182278330    -0.011315208018914
48 52
     0.069928232653638    -0.035338320594747    -0.035007932092412
    -0.035338320594747     0.069928232653638    -0.035007932092412
    -0.035007932092412    -0.035007932092412    -0.031492912864905
48 53
    -0.011315208018914    -0.009925772428687    -0.024354182278330
    -0.009925772428687    -0.011315208018914    -0.024354182278330
    -0.024354182278330    -0.024354182278330    -0.133864037968578
48 54
     0.069928232653638    -0.035007932092412    -0.035338320594747
    -0.035007932092412    -0.031492912864905    -0.035007932092412
    -0.035338320594747    -0.035007932092412     0.069928232653638
48 55
    -0.031492912864906    -0.035007932092412    -0.035007932092412
    -0.035007932092412     0.069928232653638    -0.035338320594747
    -0.035007932092412    -0.035338320594747     0.069928232653638
48 56
    -2.341654446252051    -1.196902454830706    -1.196902454830707
    -1.196902454830706    -2.341654446252050    -1.196902454830706
    -1.196902454830706    -1.196902454830706    -2.341654446252051
48 57
     0.018478612139461    -0.012843031709053    -0.012843031709053
     0.012843031709053    -0.034163283532962     0.037615269320668
     0.012843031709053     0.037615269320668    -0.034163283532962
48 58
     0.319300378862408    -0.072948118759086    -0.072948118759086
     0.072948118759086    -0.158355902283347    -0.156713285832666
     0.072948118759086    -0.156713285832666    -0.158355902283347
48 59
     0.018478612139461    -0.012843031709053     0.012843031709053
     0.012843031709053    -0.034163283532962    -0.037615269320668
    -0.012843031709053    -0.037615269320668    -0.034163283532962
48 60
     0.319300378862408    -0.072948118759086     0.072948118759086
     0.072948118759086    -0.158355902283347     0.156713285832666
    -0.072948118759086     0.156713285832666    -0.158355902283347
48 61
     0.018478612139461     0.012843031709053    -0.012843031709053
    -0.012843031709053    -0.034163283532962    -0.037615269320668
     0.012843031709053    -0.037615269320668    -0.034163283532962
48 62
     0.319300378862408     0.072948118759086    -0.072948118759086
    -0.072948118759086    -0.158355902283347     0.156713285832666
     0.072948118759086     0.156713285832666    -0.158355902283347
48 63
     0.018478612139461     0.012843031709053     0.012843031709053
    -0.012843031709053    -0.034163283532962     0.037615269320668
    -0.012843031709053     0.037615269320668    -0.034163283532962
48 64
     0.319300378862408     0.072948118759086     0.072948118759086
    -0.072948118759086    -0.158355902283347    -0.156713285832666
    -0.072948118759086    -0.156713285832666    -0.158355902283347
49 1
    -0.158355902283347     0.156713285832666     0.072948118759086
     0.156713285832666    -0.158355902283347    -0.072948118759086
    -0.072948118759086     0.072948118759086     0.319300378862408
49 2
    -0.158355902283347    -0.156713285832666     0.072948118759086
    -0.156713285832666    -0.158355902283347     0.072948118759086
    -0.072948118759086    -0.072948118759086     0.319300378862408
49 3
    -0.158355902283347    -0.156713285832666    -0.072948118759086
    -0.156713285832666    -0.158355902283347    -0.072948118759086
     0.072948118759086     0.072948118759086     0.319300378862408
49 4
    -0.158355902283347     0.156713285832666    -0.072948118759086
     0.156713285832666    -0.158355902283347     0.072948118759086
     0.072948118759086    -0.072948118759086     0.319300378862408
49 5
    -0.034163283532962    -0.037615269320668     0.012843031709053
    -0.037615269320668    -0.034163283532962    -0.012843031709053
    -0.012843031709053     0.012843031709053     0.018478612139461
49 6
    -0.034163283532962     0.037615269320668     0.012843031709053
     0.037615269320668    -0.034163283532962     0.012843031709053
    -0.012843031709053    -0.012843031709053     0.018478612139461
49 7
    -0.034163283532962     0.037615269320668    -0.012843031709053
     0.037615269320668    -0.034163283532962    -0.012843031709053
     0.012843031709053     0.012843031709053     0.018478612139461
49 8
    -0.034163283532962    -0.037615269320668    -0.012843031709053
    -0.037615269320668    -0.034163283532962     0.012843031709053
     0.012843031709053    -0.012843031709053     0.018478612139461
49 9
    -0.031492912864905     0.035007932092412    -0.035007932092412
     0.035007932092412     0.069928232653638     0.035338320594747
    -0.035007932092412     0.035338320594747     0.069928232653638
49 10
    -2.341654446252050     1.196902454830706    -1.196902454830706
     1.196902454830706    -2.341654446252051     1.196902454830707
    -1.196902454830706     1.196902454830706    -2.341654446252051
49 11
    -0.011315208018914     0.009925772428687    -0.024354182278330
     0.009925772428687    -0.011315208018914     0.024354182278330
    -0.024354182278330     0.024354182278330    -0.133864037968578
49 12
     0.069928232653638     0.035007932092412    -0.035338320594747
     0.035007932092412    -0.031492912864906     0.035007932092412
    -0.035338320594747     0.035007932092412     0.069928232653638
49 13
    -0.011315208018914     0.024354182278330    -0.009925772428687
     0.024354182278330    -0.133864037968579     0.024354182278330
    -0.009925772428687     0.024354182278330    -0.011315208018914
49 14
     0.069928232653638     0.035338320594747    -0.035007932092412
     0.035338320594747     0.069928232653638     0.035007932092412
    -0.035007932092412     0.035007932092412    -0.031492912864905
49 15
     0.003274804578268     0.012843773583882    -0.012843773583882
     0.012843773583882     0.003274804578268     0.012843773583882
    -0.012843773583882     0.012843773583882     0.003274804578268
49 16
    -0.133864037968579     0.024354182278330    -0.024354182278330
     0.024354182278330    -0.011315208018914     0.009925772428687
    -0.024354182278330     0.009925772428687    -0.011315208018914
49 17
    -0.158355902283347     0.072948118759086     0.156713285832666
    -0.072948118759086     0.319300378862408     0.072948118759086
     0.156713285832666    -0.072948118759086    -0.158355902283347
49 18
    -0.158355902283347     0.072948118759086    -0.156713285832666
    -0.072948118759086     0.319300378862408    -0.072948118759086
    -0.156713285832666     0.072948118759086    -0.158355902283347
49 19
    -0.034163283532962     0.012843031709053    -0.037615269320668
    -0.012843031709053     0.018478612139461     0.012843031709053
    -0.037615269320668    -0.012843031709053    -0.034163283532962
49 20
    -0.034163283532962     0.012843031709053     0.037615269320668
    -0.012843031709053     0.018478612139461    -0.012843031709053
     0.037615269320668     0.012843031709053    -0.034163283532962
49 21
    -0.158355902283347    -0.072948118759086    -0.156713285832666
     0.072948118759086     0.319300378862408     0.072948118759086
    -0.156713285832666    -0.072948118759086    -0.158355902283347
49 22
    -0.158355902283347    -0.072948118759086     0.156713285832666
     0.072948118759086     0.319300378862408    -0.072948118759086
     0.156713285832666     0.072948118759086    -0.158355902283347
49 23
    -0.034163283532962    -0.012843031709053     0.037615269320668
     0.012843031709053     0.018478612139461     0.012843031709053
     0.037615269320668    -0.012843031709053    -0.034163283532962
49 24
    -0.034163283532962    -0.012843031709053    -0.037615269320668
     0.012843031709053     0.018478612139461    -0.012843031709053
    -0.037615269320668     0.012843031709053    -0.034163283532962
49 25
    -0.031492912864906    -0.035007932092412     0.035007932092412
    -0.035007932092412     0.069928232653638     0.035338320594747
     0.035007932092412     0.035338320594747     0.069928232653638
49 26
    -2.341654446252051    -1.196902454830706     1.196902454830706
    -1.196902454830707    -2.341654446252051     1.196902454830706
     1.196902454830706     1.196902454830706    -2.341654446252050
49 27
    -0.011315208018914    -0.009925772428687     0.024354182278330
    -0.009925772428687    -0.011315208018914     0.024354182278330
     0.024354182278330     0.024354182278330    -0.133864037968578
49 28
     0.069928232653638    -0.035007932092412     0.035338320594747
    -0.035007932092412    -0.031492912864906     0.035007932092412
     0.035338320594747     0.035007932092412     0.069928232653638
49 29
    -0.011315208018914    -0.024354182278330     0.009925772428687
    -0.024354182278330    -0.133864037968579     0.024354182278330
     0.009925772428687     0.024354182278330    -0.011315208018914
49 30
     0.069928232653638    -0.035338320594747     0.035007932092412
    -0.035338320594747     0.069928232653638     0.035007932092412
     0.035007932092412     0.035007932092412    -0.031492912864905
49 31
     0.003274804578268    -0.012843773583882     0.012843773583882
    -0.012843773583882     0.003274804578268     0.012843773583882
     0.012843773583882     0.012843773583882     0.003274804578268
49 32
    -0.133864037968578    -0.024354182278330     0.024354182278330
    -0.024354182278330    -0.011315208018914     0.009925772428687
     0.024354182278330     0.009925772428687    -0.011315208018914
49 33
     0.319300378862408    -0.072948118759086    -0.072948118759086
     0.072948118759086    -0.158355902283347    -0.156713285832666
     0.072948118759086    -0.156713285832666    -0.158355902283347
49 34
     0.018478612139461    -0.012843031709053    -0.012843031709053
     0.012843031709053    -0.034163283532962     0.037615269320668
     0.012843031709053     0.037615269320668    -0.034163283532962
49 35
     0.319300378862408    -0.072948118759086     0.072948118759086
     0.072948118759086    -0.158355902283347     0.156713285832666
    -0.072948118759086     0.156713285832666    -0.158355902283347
49 36
     0.018478612139461    -0.012843031709053     0.012843031709053
     0.012843031709053    -0.034163283532962    -0.037615269320668
    -0.012843031709053    -0.037615269320668    -0.034163283532962
49 37
     0.319300378862408     0.072948118759086    -0.072948118759086
    -0.072948118759086    -0.158355902283347     0.156713285832666
     0.072948118759086     0.156713285832666    -0.158355902283347
49 38
     0.018478612139461     0.012843031709053    -0.012843031709053
    -0.012843031709053    -0.034163283532962    -0.037615269320668
     0.012843031709053    -0.037615269320668    -0.034163283532962
49 39
     0.319300378862408     0.072948118759086     0.072948118759086
    -0.072948118759086    -0.158355902283347    -0.156713285832666
    -0.072948118759086    -0.156713285832666    -0.158355902283347
49 40
     0.018478612139461     0.012843031709053     0.012843031709053
    -0.012843031709053    -0.034163283532962     0.037615269320668
    -0.012843031709053     0.037615269320668    -0.034163283532962
49 41
    -2.341654446252051    -1.196902454830706    -1.196902454830706
    -1.196902454830707    -2.341654446252051    -1.196902454830706
    -1.196902454830706    -1.196902454830706    -2.341654446252050
49 42
    -0.031492912864905    -0.035007932092412    -0.035007932092412
    -0.035007932092412     0.069928232653638    -0.035338320594747
    -0.035007932092412    -0.035338320594747     0.069928232653638
49 43
     0.069928232653638    -0.035007932092412    -0.035338320594747
    -0.035007932092412    -0.031492912864906    -0.035007932092412
    -0.035338320594747    -0.035007932092412     0.069928232653638
49 44
    -0.011315208018914    -0.009925772428687    -0.024354182278330
    -0.009925772428687    -0.011315208018914    -0.024354182278330
    -0.024354182278330    -0.024354182278330    -0.133864037968578
49 45
     0.069928232653638    -0.035338320594747    -0.035007932092412
    -0.035338320594747     0.069928232653638    -0.035007932092412
    -0.035007932092412    -0.035007932092412    -0.031492912864905
49 46
    -0.011315208018914    -0.024354182278330    -0.009925772428687
    -0.024354182278330    -0.133864037968579    -0.024354182278330
    -0.009925772428687    -0.024354182278330    -0.011315208018914
49 47
    -0.133864037968578    -0.024354182278330    -0.024354182278330
    -0.024354182278330    -0.011315208018914    -0.009925772428687
    -0.024354182278330    -0.009925772428687    -0.011315208018914
49 48
     0.003274804578268    -0.012843773583882    -0.012843773583882
    -0.012843773583882     0.003274804578268    -0.012843773583882
    -0.012843773583882    -0.012843773583882     0.003274804578268
49 49
     9.696337472371395     0.000000000000000     0.000000000000000
     0.000000000000000     9.696337472371397    -0.000000000000000
     0.000000000000000    -0.000000000000000     9.696337472371395
49 50
    -0.015432216503086     0.000000000000000     0.000000000000000
    -0.000000000000000    -0.057780722897860    -0.000000000000000
    -0.000000000000000     0.000000000000000    -0.057780722897860
49 51
    -0.057780722897860     0.000000000000000     0.000000000000000
     0.000000000000000    -0.015432216503086    -0.000000000000000
    -0.000000000000000     0.000000000000000    -0.057780722897860
49 52
    -0.041754298479191    -0.000000000000000     0.000000000000000
     0.000000000000000    -0.041754298479191    -0.000000000000000
    -0.000000000000000     0.000000000000000     0.250247780888912
49 53
    -0.057780722897860     0.000000000000000     0.000000000000000
     0.000000000000000    -0.057780722897860    -0.000000000000000
    -0.000000000000000     0.000000000000000    -0.015432216503086
49 54
    -0.041754298479191    -0.000000000000000    -0.000000000000000
     0.000000000000000     0.250247780888913    -0.000000000000000
     0.000000000000000     0.000000000000000    -0.041754298479191
49 55
     0.250247780888912    -0.000000000000000     0.000000000000000
     0.000000000000000    -0.041754298479191    -0.000000000000000
    -0.000000000000000     0.000000000000000    -0.041754298479191
49 56
     0.002996701471147     0.000000000000000     0.000000000000000
     0.000000000000000     0.002996701471147    -0.000000000000000
    -0.000000000000000     0.000000000000000     0.002996701471147
49 57
    -2.341654446252051     1.196902454830706     1.196902454830706
     1.196902454830707    -2.341654446252051    -1.196902454830706
     1.196902454830706    -1.196902454830706    -2.341654446252050
49 58
    -0.031492912864905     0.035007932092412     0.035007932092412
     0.035007932092412     0.069928232653638    -0.035338320594747
     0.035007932092412    -0.035338320594747     0.069928232653638
49 59
     0.069928232653638     0.035007932092412     0.035338320594747
     0.035007932092412    -0.031492912864906    -0.035007932092412
     0.035338320594747    -0.035007932092412     0.069928232653638
49 60
    -0.011315208018914     0.009925772428687     0.024354182278330
     0.009925772428687    -0.011315208018914    -0.024354182278330
     0.024354182278330    -0.024354182278330    -0.133864037968578
49 61
     0.069928232653638     0.035338320594747     0.035007932092412
     0.035338320594747     0.069928232653638    -0.035007932092412
     0.035007932092412    -0.035007932092412    -0.031492912864906
49 62
    -0.011315208018914     0.024354182278330     0.009925772428687
     0.024354182278330    -0.133864037968579    -0.024354182278330
     0.009925772428687    -0.024354182278330    -0.011315208018914
49 63
    -0.133864037968578     0.024354182278330     0.024354182278330
     0.024354182278330    -0.011315208018914    -0.009925772428687
     0.024354182278330    -0.009925772428687    -0.011315208018914
49 64
     0.003274804578268     0.012843773583882     0.012843773583882
     0.012843773583882     0.003274804578268    -0.012843773583882
     0.012843773583882    -0.012843773583882     0.003274804578268
50 1
    -0.158355902283347    -0.156713285832666     0.072948118759086
    -0.156713285832666    -0.158355902283347     0.072948118759086
    -0.072948118759086    -0.072948118759086     0.319300378862408
50 2
    -0.158355902283347     0.156713285832666     0.072948118759086
     0.156713285832666    -0.158355902283347    -0.072948118759086
    -0.072948118759086     0.072948118759086     0.319300378862408
50 3
    -0.158355902283347     0.156713285832666    -0.072948118759086
     0.156713285832666    -0.158355902283347     0.072948118759086
     0.072948118759086    -0.072948118759086     0.319300378862408
50 4
    -0.158355902283347    -0.156713285832666    -0.072948118759086
    -0.156713285832666    -0.158355902283347    -0.072948118759086
     0.072948118759086     0.072948118759086     0.319300378862408
50 5
    -0.034163283532962     0.037615269320668     0.012843031709053
     0.037615269320668    -0.034163283532962     0.012843031709053
    -0.012843031709053    -0.012843031709053     0.018478612139461
50 6
    -0.034163283532962    -0.037615269320668     0.012843031709053
    -0.037615269320668    -0.034163283532962    -0.012843031709053
    -0.012843031709053     0.012843031709053     0.018478612139461
50 7
    -0.034163283532962    -0.037615269320668    -0.012843031709053
    -0.037615269320668    -0.034163283532962     0.012843031709053
     0.012843031709053    -0.012843031709053     0.018478612139461
50 8
    -0.034163283532962     0.037615269320668    -0.012843031709053
     0.037615269320668    -0.034163283532962    -0.012843031709053
     0.012843031709053     0.012843031709053     0.018478612139461
50 9
    -2.341654446252050     1.196902454830706    -1.196902454830706
     1.196902454830706    -2.341654446252051     1.196902454830706
    -1.196902454830706     1.196902454830707    -2.341654446252051
50 10
    -0.031492912864905     0.035007932092412    -0.035007932092412
     0.035007932092412     0.069928232653638     0.035338320594747
    -0.035007932092412     0.035338320594747     0.069928232653638
50 11
     0.069928232653638     0.035007932092412    -0.035338320594747
     0.035007932092412    -0.031492912864905     0.035007932092412
    -0.035338320594747     0.035007932092412     0.069928232653638
50 12
    -0.011315208018914     0.009925772428687    -0.024354182278330
     0.009925772428687    -0.011315208018914     0.024354182278330
    -0.024354182278330     0.024354182278330    -0.133864037968578
50 13
     0.069928232653638     0.035338320594747    -0.035007932092412
     0.035338320594747     0.069928232653638     0.035007932092412
    -0.035007932092412     0.035007932092412    -0.031492912864906
50 14
    -0.011315208018914     0.024354182278330    -0.009925772428687
     0.024354182278330    -0.133864037968578     0.024354182278330
    -0.009925772428687     0.024354182278330    -0.011315208018914
50 15
    -0.133864037968579     0.024354182278330    -0.024354182278330
     0.024354182278330    -0.011315208018914     0.009925772428687
    -0.024354182278330     0.009925772428687    -0.011315208018914
50 16
     0.003274804578268     0.012843773583882    -0.012843773583882
     0.012843773583882     0.003274804578268     0.012843773583882
    -0.012843773583882     0.012843773583882     0.003274804578268
50 17
    -0.158355902283347     0.072948118759086    -0.156713285832666
    -0.072948118759086     0.319300378862408    -0.072948118759086
    -0.156713285832666     0.072948118759086    -0.158355902283347
50 18
    -0.158355902283347     0.072948118759086     0.156713285832666
    -0.072948118759086     0.319300378862408     0.072948118759086
     0.156713285832666    -0.072948118759086    -0.158355902283347
50 19
    -0.034163283532962     0.012843031709053     0.037615269320668
    -0.012843031709053     0.018478612139461    -0.012843031709053
     0.037615269320668     0.012843031709053    -0.034163283532962
50 20
    -0.034163283532962     0.012843031709053    -0.037615269320668
    -0.012843031709053     0.018478612139461     0.012843031709053
    -0.037615269320668    -0.012843031709053    -0.034163283532962
50 21
    -0.158355902283347    -0.072948118759086     0.156713285832666
     0.072948118759086     0.319300378862408    -0.072948118759086
     0.156713285832666     0.072948118759086    -0.158355902283347
50 22
    -0.158355902283347    -0.072948118759086    -0.156713285832666
     0.072948118759086     0.319300378862408     0.072948118759086
    -0.156713285832666    -0.072948118759086    -0.158355902283347
50 23
    -0.034163283532962    -0.012843031709053    -0.037615269320668
     0.012843031709053     0.018478612139461    -0.012843031709053
    -0.037615269320668     0.012843031709053    -0.034163283532962
50 24
    -0.034163283532962    -0.012843031709053     0.037615269320668
     0.012843031709053     0.018478612139461     0.012843031709053
     0.037615269320668    -0.012843031709053    -0.034163283532962
50 25
    -2.341654446252051    -1.196902454830706     1.196902454830706
    -1.196902454830706    -2.341654446252050     1.196902454830706
     1.196902454830707     1.196902454830706    -2.341654446252051
50 26
    -0.031492912864906    -0.035007932092412     0.035007932092412
    -0.035007932092412     0.069928232653638     0.035338320594747
     0.035007932092412     0.035338320594747     0.069928232653638
50 27
     0.069928232653638    -0.035007932092412     0.035338320594747
    -0.035007932092412    -0.031492912864906     0.035007932092412
     0.035338320594747     0.035007932092412     0.069928232653638
50 28
    -0.011315208018914    -0.009925772428687     0.024354182278330
    -0.009925772428687    -0.011315208018914     0.024354182278330
     0.024354182278330     0.024354182278330    -0.133864037968579
50 29
     0.069928232653638    -0.035338320594747     0.035007932092412
    -0.035338320594747     0.069928232653638     0.035007932092412
     0.035007932092412     0.035007932092412    -0.031492912864906
50 30
    -0.011315208018914    -0.024354182278330     0.009925772428687
    -0.024354182278330    -0.133864037968578     0.024354182278330
     0.009925772428687     0.024354182278330    -0.011315208018914
50 31
    -0.133864037968579    -0.024354182278330     0.024354182278330
    -0.024354182278330    -0.011315208018914     0.009925772428687
     0.024354182278330     0.009925772428687    -0.011315208018914
50 32
     0.003274804578268    -0.012843773583882     0.012843773583882
    -0.012843773583882     0.003274804578268     0.012843773583882
     0.012843773583882     0.012843773583882     0.003274804578268
50 33
     0.018478612139461    -0.012843031709053    -0.012843031709053
     0.012843031709053    -0.034163283532962     0.037615269320668
     0.012843031709053     0.037615269320668    -0.034163283532962
50 34
     0.319300378862408    -0.072948118759086    -0.072948118759086
     0.072948118759086    -0.158355902283347    -0.156713285832666
     0.072948118759086    -0.156713285832666    -0.158355902283347
50 35
     0.018478612139461    -0.012843031709053     0.012843031709053
     0.012843031709053    -0.034163283532962    -0.037615269320668
    -0.012843031709053    -0.037615269320668    -0.034163283532962
50 36
     0.319300378862408    -0.072948118759086     0.072948118759086
     0.072948118759086    -0.158355902283347     0.156713285832666
    -0.072948118759086     0.156713285832666    -0.158355902283347
50 37
     0.018478612139461     0.012843031709053    -0.012843031709053
    -0.012843031709053    -0.034163283532962    -0.037615269320668
     0.012843031709053    -0.037615269320668    -0.034163283532962
50 38
     0.319300378862408     0.072948118759086    -0.072948118759086
    -0.072948118759086    -0.158355902283347     0.156713285832666
     0.072948118759086     0.156713285832666    -0.158355902283347
50 39
     0.018478612139461     0.012843031709053     0.012843031709053
    -0.012843031709053    -0.034163283532962     0.037615269320668
    -0.012843031709053     0.037615269320668    -0.034163283532962
50 40
     0.319300378862408     0.072948118759086     0.072948118759086
    -0.072948118759086    -0.158355902283347    -0.156713285832666
    -0.072948118759086    -0.156713285832666    -0.158355902283347
50 41
    -0.031492912864906    -0.035007932092412    -0.035007932092412
    -0.035007932092412     0.069928232653638    -0.035338320594747
    -0.035007932092412    -0.035338320594747     0.069928232653638
50 42
    -2.341654446252050    -1.196902454830706    -1.196902454830706
    -1.196902454830706    -2.341654446252050    -1.196902454830706
    -1.196902454830706    -1.196902454830706    -2.341654446252051
50 43
    -0.011315208018914    -0.009925772428687    -0.024354182278330
    -0.009925772428687    -0.011315208018914    -0.024354182278330
    -0.024354182278330    -0.024354182278330    -0.133864037968579
50 44
     0.069928232653638    -0.035007932092412    -0.035338320594747
    -0.035007932092412    -0.031492912864905    -0.035007932092412
    -0.035338320594747    -0.035007932092412     0.069928232653638
50 45
    -0.011315208018914    -0.024354182278330    -0.009925772428687
    -0.024354182278330    -0.133864037968578    -0.024354182278330
    -0.009925772428687    -0.024354182278330    -0.011315208018914
50 46
     0.069928232653638    -0.035338320594747    -0.035007932092412
    -0.035338320594747     0.069928232653638    -0.035007932092412
    -0.035007932092412    -0.035007932092412    -0.031492912864906
50 47
     0.003274804578268    -0.012843773583882    -0.012843773583882
    -0.012843773583882     0.003274804578268    -0.012843773583882
    -0.012843773583882    -0.012843773583882     0.003274804578268
50 48
    -0.133864037968579    -0.024354182278330    -0.024354182278330
    -0.024354182278330    -0.011315208018914    -0.009925772428687
    -0.024354182278330    -0.009925772428687    -0.011315208018914
50 49
    -0.015432216503086    -0.000000000000000    -0.000000000000000
     0.000000000000000    -0.057780722897860     0.000000000000000
     0.000000000000000    -0.000000000000000    -0.057780722897860
50 50
     9.696337472371393     0.000000000000000    -0.000000000000000
     0.000000000000000     9.696337472371393     0.000000000000000
    -0.000000000000000     0.000000000000000     9.696337472371399
50 51
    -0.041754298479191    -0.000000000000000     0.000000000000000
     0.000000000000000    -0.041754298479191     0.000000000000000
    -0.000000000000000    -0.000000000000000     0.250247780888913
50 52
    -0.057780722897860    -0.000000000000000     0.000000000000000
     0.000000000000000    -0.015432216503086     0.000000000000000
    -0.000000000000000    -0.000000000000000    -0.057780722897860
50 53
    -0.041754298479191    -0.000000000000000    -0.000000000000000
     0.000000000000000     0.250247780888912     0.000000000000000
    -0.000000000000000     0.000000000000000    -0.041754298479191
50 54
    -0.057780722897860    -0.000000000000000    -0.000000000000000
     0.000000000000000    -0.057780722897860    -0.000000000000000
     0.000000000000000     0.000000000000000    -0.015432216503086
50 55
     0.002996701471147    -0.000000000000000     0.000000000000000
     0.000000000000000     0.002996701471147     0.000000000000000
    -0.000000000000000    -0.000000000000000     0.002996701471147
50 56
     0.250247780888912    -0.000000000000000     0.000000000000000
     0.000000000000000    -0.041754298479191     0.000000000000000
    -0.000000000000000     0.000000000000000    -0.041754298479191
50 57
    -0.031492912864906     0.035007932092412     0.035007932092412
     0.035007932092412     0.069928232653638    -0.035338320594747
     0.035007932092412    -0.035338320594747     0.069928232653638
50 58
    -2.341654446252050     1.196902454830706     1.196902454830706
     1.196902454830706    -2.341654446252050    -1.196902454830706
     1.196902454830706    -1.196902454830706    -2.341654446252051
50 59
    -0.011315208018914     0.009925772428687     0.024354182278330
     0.009925772428687    -0.011315208018914    -0.024354182278330
     0.024354182278330    -0.024354182278330    -0.133864037968579
50 60
     0.069928232653638     0.035007932092412     0.035338320594747
     0.035007932092412    -0.031492912864906    -0.035007932092412
     0.035338320594747    -0.035007932092412     0.069928232653638
50 61
    -0.011315208018914     0.024354182278330     0.009925772428687
     0.024354182278330    -0.133864037968578    -0.024354182278330
     0.009925772428687    -0.024354182278330    -0.011315208018914
50 62
     0.069928232653638     0.035338320594747     0.035007932092412
     0.035338320594747     0.069928232653638    -0.035007932092412
     0.035007932092412    -0.035007932092412    -0.031492912864906
50 63
     0.003274804578268     0.012843773583882     0.012843773583882
     0.012843773583882     0.003274804578268    -0.012843773583882
     0.012843773583882    -0.012843773583882     0.003274804578268
50 64
    -0.133864037968578     0.024354182278330     0.024354182278330
     0.024354182278330    -0.011315208018914    -0.009925772428687
     0.024354182278330    -0.009925772428687    -0.011315208018914
51 1
    -0.158355902283347    -0.156713285832666    -0.072948118759086
    -0.156713285832666    -0.158355902283347    -0.072948118759086
     0.072948118759086     0.072948118759086     0.319300378862408
51 2
    -0.158355902283347     0.156713285832666    -0.072948118759086
     0.156713285832666    -0.158355902283347     0.072948118759086
     0.072948118759086    -0.072948118759086     0.319300378862408
51 3
    -0.158355902283347     0.156713285832666     0.072948118759086
     0.156713285832666    -0.158355902283347    -0.072948118759086
    -0.072948118759086     0.072948118759086     0.319300378862408
51 4
    -0.158355902283347    -0.156713285832666     0.072948118759086
    -0.156713285832666    -0.158355902283347     0.072948118759086
    -0.072948118759086    -0.072948118759086     0.319300378862408
51 5
    -0.034163283532962     0.037615269320668    -0.012843031709053
     0.037615269320668    -0.034163283532962    -0.012843031709053
     0.012843031709053     0.012843031709053     0.018478612139461
51 6
    -0.034163283532962    -0.037615269320668    -0.012843031709053
    -0.037615269320668    -0.034163283532962     0.012843031709053
     0.012843031709053    -0.012843031709053     0.018478612139461
51 7
    -0.034163283532962    -0.037615269320668     0.012843031709053
    -0.037615269320668    -0.034163283532962    -0.012843031709053
    -0.012843031709053     0.012843031709053     0.018478612139461
51 8
    -0.034163283532962     0.037615269320668     0.012843031709053
     0.037615269320668    -0.034163283532962     0.012843031709053
    -0.012843031709053    -0.012843031709053     0.018478612139461
51 9
    -0.011315208018914     0.009925772428687    -0.024354182278330
     0.009925772428687    -0.011315208018914     0.024354182278330
    -0.024354182278330     0.024354182278330    -0.133864037968578
51 10
     0.069928232653638     0.035007932092412    -0.035338320594747
     0.035007932092412    -0.031492912864906     0.035007932092412
    -0.035338320594747     0.035007932092412     0.069928232653638
51 11
    -0.031492912864906     0.035007932092412    -0.035007932092412
     0.035007932092412     0.069928232653638     0.035338320594747
    -0.035007932092412     0.035338320594747     0.069928232653638
51 12
    -2.341654446252051     1.196902454830706    -1.196902454830706
     1.196902454830707    -2.341654446252051     1.196902454830706
    -1.196902454830706     1.196902454830706    -2.341654446252050
51 13
     0.003274804578268     0.012843773583882    -0.012843773583882
     0.012843773583882     0.003274804578268     0.012843773583882
    -0.012843773583882     0.012843773583882     0.003274804578268
51 14
    -0.133864037968578     0.024354182278330    -0.024354182278330
     0.024354182278330    -0.011315208018914     0.009925772428687
    -0.024354182278330     0.009925772428687    -0.011315208018914
51 15
    -0.011315208018914     0.024354182278330    -0.009925772428687
     0.024354182278330    -0.133864037968578     0.024354182278330
    -0.009925772428687     0.024354182278330    -0.011315208018914
51 16
     0.069928232653638     0.035338320594747    -0.035007932092412
     0.035338320594747     0.069928232653638     0.035007932092412
    -0.035007932092412     0.035007932092412    -0.031492912864905
51 17
    -0.034163283532962     0.012843031709053    -0.037615269320668
    -0.012843031709053     0.018478612139461     0.012843031709053
    -0.037615269320668    -0.012843031709053    -0.034163283532962
51 18
    -0.034163283532962     0.012843031709053     0.037615269320668
    -0.012843031709053     0.018478612139461    -0.012843031709053
     0.037615269320668     0.012843031709053    -0.034163283532962
51 19
    -0.158355902283347     0.072948118759086     0.156713285832666
    -0.072948118759086     0.319300378862408     0.072948118759086
     0.156713285832666    -0.072948118759086    -0.158355902283347
51 20
    -0.158355902283347     0.072948118759086    -0.156713285832666
    -0.072948118759086     0.319300378862408    -0.072948118759086
    -0.156713285832666     0.072948118759086    -0.158355902283347
51 21
    -0.034163283532962    -0.012843031709053     0.037615269320668
     0.012843031709053     0.018478612139461     0.012843031709053
     0.037615269320668    -0.012843031709053    -0.034163283532962
51 22
    -0.034163283532962    -0.012843031709053    -0.037615269320668
     0.012843031709053     0.018478612139461    -0.012843031709053
    -0.037615269320668     0.012843031709053    -0.034163283532962
51 23
    -0.158355902283347    -0.072948118759086    -0.156713285832666
     0.072948118759086     0.319300378862408     0.072948118759086
    -0.156713285832666    -0.072948118759086    -0.158355902283347
51 24
    -0.158355902283347    -0.072948118759086     0.156713285832666
     0.072948118759086     0.319300378862408    -0.072948118759086
     0.156713285832666     0.072948118759086    -0.158355902283347
51 25
    -0.011315208018914    -0.009925772428687     0.024354182278330
    -0.009925772428687    -0.011315208018914     0.024354182278330
     0.024354182278330     0.024354182278330    -0.133864037968578
51 26
     0.069928232653638    -0.035007932092412     0.035338320594747
    -0.035007932092412    -0.031492912864906     0.035007932092412
     0.035338320594747     0.035007932092412     0.069928232653638
51 27
    -0.031492912864905    -0.035007932092412     0.035007932092412
    -0.035007932092412     0.069928232653638     0.035338320594747
     0.035007932092412     0.035338320594747     0.069928232653638
51 28
    -2.341654446252050    -1.196902454830706     1.196902454830706
    -1.196902454830706    -2.341654446252051     1.196902454830707
     1.196902454830706     1.196902454830706    -2.341654446252051
51 29
     0.003274804578268    -0.012843773583882     0.012843773583882
    -0.012843773583882     0.003274804578268     0.012843773583882
     0.012843773583882     0.012843773583882     0.003274804578268
51 30
    -0.133864037968579    -0.024354182278330     0.024354182278330
    -0.024354182278330    -0.011315208018914     0.009925772428687
     0.024354182278330     0.009925772428687    -0.011315208018914
51 31
    -0.011315208018914    -0.024354182278330     0.009925772428687
    -0.024354182278330    -0.133864037968579     0.024354182278330
     0.009925772428687     0.024354182278330    -0.011315208018914
51 32
     0.069928232653638    -0.035338320594747     0.035007932092412
    -0.035338320594747     0.069928232653638     0.035007932092412
     0.035007932092412     0.035007932092412    -0.031492912864905
51 33
     0.319300378862408    -0.072948118759086     0.072948118759086
     0.072948118759086    -0.158355902283347     0.156713285832666
    -0.072948118759086     0.156713285832666    -0.158355902283347
51 34
     0.018478612139461    -0.012843031709053     0.012843031709053
     0.012843031709053    -0.034163283532962    -0.037615269320668
    -0.012843031709053    -0.037615269320668    -0.034163283532962
51 35
     0.319300378862408    -0.072948118759086    -0.072948118759086
     0.072948118759086    -0.158355902283347    -0.156713285832666
     0.072948118759086    -0.156713285832666    -0.158355902283347
51 36
     0.018478612139461    -0.012843031709053    -0.012843031709053
     0.012843031709053    -0.034163283532962     0.037615269320668
     0.012843031709053     0.037615269320668    -0.034163283532962
51 37
     0.319300378862408     0.072948118759086     0.072948118759086
    -0.072948118759086    -0.158355902283347    -0.156713285832666
    -0.072948118759086    -0.156713285832666    -0.158355902283347
51 38
     0.018478612139461     0.012843031709053     0.012843031709053
    -0.012843031709053    -0.034163283532962     0.037615269320668
    -0.012843031709053     0.037615269320668    -0.034163283532962
51 39
     0.319300378862408     0.072948118759086    -0.072948118759086
    -0.072948118759086    -0.158355902283347     0.156713285832666
     0.072948118759086     0.156713285832666    -0.158355902283347
51 40
     0.018478612139461     0.012843031709053    -0.012843031709053
    -0.012843031709053    -0.034163283532962    -0.037615269320668
     0.012843031709053    -0.037615269320668    -0.034163283532962
51 41
     0.069928232653638    -0.035007932092412    -0.035338320594747
    -0.035007932092412    -0.031492912864906    -0.035007932092412
    -0.035338320594747    -0.035007932092412     0.069928232653638
51 42
    -0.011315208018914    -0.009925772428687    -0.024354182278330
    -0.009925772428687    -0.011315208018914    -0.024354182278330
    -0.024354182278330    -0.024354182278330    -0.133864037968578
51 43
    -2.341654446252051    -1.196902454830706    -1.196902454830706
    -1.196902454830707    -2.341654446252051    -1.196902454830706
    -1.196902454830706    -1.196902454830706    -2.341654446252050
51 44
    -0.031492912864906    -0.035007932092412    -0.035007932092412
    -0.035007932092412     0.069928232653638    -0.035338320594747
    -0.035007932092412    -0.035338320594747     0.069928232653638
51 45
    -0.133864037968578    -0.024354182278330    -0.024354182278330
    -0.024354182278330    -0.011315208018914    -0.009925772428687
    -0.024354182278330    -0.009925772428687    -0.011315208018914
51 46
     0.003274804578268    -0.012843773583882    -0.012843773583882
    -0.012843773583882     0.003274804578268    -0.012843773583882
    -0.012843773583882    -0.012843773583882     0.003274804578268
51 47
     0.069928232653638    -0.035338320594747    -0.035007932092412
    -0.035338320594747     0.069928232653638    -0.035007932092412
    -0.035007932092412    -0.035007932092412    -0.031492912864905
51 48
    -0.011315208018914    -0.024354182278330    -0.009925772428687
    -0.024354182278330    -0.133864037968578    -0.024354182278330
    -0.009925772428687    -0.024354182278330    -0.011315208018914
51 49
    -0.057780722897860     0.000000000000000    -0.000000000000000
     0.000000000000000    -0.015432216503086     0.000000000000000
     0.000000000000000    -0.000000000000000    -0.057780722897860
51 50
    -0.041754298479191     0.000000000000000    -0.000000000000000
    -0.000000000000000    -0.041754298479191    -0.000000000000000
     0.000000000000000     0.000000000000000     0.250247780888913
51 51
     9.696337472371393    -0.000000000000000     0.000000000000000
    -0.000000000000000     9.696337472371397    -0.000000000000000
     0.000000000000000    -0.000000000000000     9.696337472371395
51 52
    -0.015432216503086    -0.000000000000000     0.000000000000000
    -0.000000000000000    -0.057780722897860     0.000000000000000
     0.000000000000000     0.000000000000000    -0.057780722897860
51 53
     0.250247780888912    -0.000000000000000    -0.000000000000000
     0.000000000000000    -0.041754298479191     0.000000000000000
     0.000000000000000     0.000000000000000    -0.041754298479191
51 54
     0.002996701471147    -0.000000000000000    -0.000000000000000
     0.000000000000000     0.002996701471147    -0.000000000000000
     0.000000000000000     0.000000000000000     0.002996701471147
51 55
    -0.057780722897860    -0.000000000000000    -0.000000000000000
     0.000000000000000    -0.057780722897860     0.000000000000000
     0.000000000000000     0.000000000000000    -0.015432216503086
51 56
    -0.041754298479191     0.000000000000000    -0.000000000000000
    -0.000000000000000     0.250247780888912     0.000000000000000
     0.000000000000000     0.000000000000000    -0.041754298479191
51 57
     0.069928232653638     0.035007932092412     0.035338320594747
     0.035007932092412    -0.031492912864906    -0.035007932092412
     0.035338320594747    -0.035007932092412     0.069928232653638
51 58
    -0.011315208018914     0.009925772428687     0.024354182278330
     0.009925772428687    -0.011315208018914    -0.024354182278330
     0.024354182278330    -0.024354182278330    -0.133864037968578
51 59
    -2.341654446252050     1.196902454830706     1.196902454830706
     1.196902454830706    -2.341654446252051    -1.196902454830707
     1.196902454830706    -1.196902454830706    -2.341654446252051
51 60
    -0.031492912864905     0.035007932092412     0.035007932092412
     0.035007932092412     0.069928232653638    -0.035338320594747
     0.035007932092412    -0.035338320594747     0.069928232653638
51 61
    -0.133864037968578     0.024354182278330     0.024354182278330
     0.024354182278330    -0.011315208018914    -0.009925772428687
     0.024354182278330    -0.009925772428687    -0.011315208018914
51 62
     0.003274804578268     0.012843773583882     0.012843773583882
     0.012843773583882     0.003274804578268    -0.012843773583882
     0.012843773583882    -0.012843773583882     0.003274804578268
51 63
     0.069928232653638     0.035338320594747     0.035007932092412
     0.035338320594747     0.069928232653638    -0.035007932092412
     0.035007932092412    -0.035007932092412    -0.031492912864905
51 64
    -0.011315208018914     0.024354182278330     0.009925772428687
     0.024354182278330    -0.133864037968579    -0.024354182278330
     0.009925772428687    -0.024354182278330    -0.011315208018914
52 1
    -0.158355902283347     0.156713285832666    -0.072948118759086
     0.156713285832666    -0.158355902283347     0.072948118759086
     0.072948118759086    -0.072948118759086     0.319300378862408
52 2
    -0.158355902283347    -0.156713285832666    -0.072948118759086
    -0.156713285832666    -0.158355902283347    -0.072948118759086
     0.072948118759086     0.072948118759086     0.319300378862408
52 3
    -0.158355902283347    -0.156713285832666     0.072948118759086
    -0.156713285832666    -0.158355902283347     0.072948118759086
    -0.072948118759086    -0.072948118759086     0.319300378862408
52 4
    -0.158355902283347     0.156713285832666     0.072948118759086
     0.156713285832666    -0.158355902283347    -0.072948118759086
    -0.072948118759086     0.072948118759086     0.319300378862408
52 5
    -0.034163283532962    -0.037615269320668    -0.012843031709053
    -0.037615269320668    -0.034163283532962     0.012843031709053
     0.012843031709053    -0.012843031709053     0.018478612139461
52 6
    -0.034163283532962     0.037615269320668    -0.012843031709053
     0.037615269320668    -0.034163283532962    -0.012843031709053
     0.012843031709053     0.012843031709053     0.018478612139461
52 7
    -0.034163283532962     0.037615269320668     0.012843031709053
     0.037615269320668    -0.034163283532962     0.012843031709053
    -0.012843031709053    -0.012843031709053     0.018478612139461
52 8
    -0.034163283532962    -0.037615269320668     0.012843031709053
    -0.037615269320668    -0.034163283532962    -0.012843031709053
    -0.012843031709053     0.012843031709053     0.018478612139461
52 9
     0.069928232653638     0.035007932092412    -0.035338320594747
     0.035007932092412    -0.031492912864906     0.035007932092412
    -0.035338320594747     0.035007932092412     0.069928232653638
52 10
    -0.011315208018914     0.009925772428687    -0.024354182278330
     0.009925772428687    -0.011315208018914     0.024354182278330
    -0.024354182278330     0.024354182278330    -0.133864037968579
52 11
    -2.341654446252051     1.196902454830706    -1.196902454830706
     1.196902454830706    -2.341654446252050     1.196902454830706
    -1.196902454830706     1.196902454830706    -2.341654446252050
52 12
    -0.031492912864906     0.035007932092412    -0.035007932092412
     0.035007932092412     0.069928232653638     0.035338320594747
    -0.035007932092412     0.035338320594747     0.069928232653638
52 13
    -0.133864037968578     0.024354182278330    -0.024354182278330
     0.024354182278330    -0.011315208018914     0.009925772428687
    -0.024354182278330     0.009925772428687    -0.011315208018914
52 14
     0.003274804578268     0.012843773583882    -0.012843773583882
     0.012843773583882     0.003274804578268     0.012843773583882
    -0.012843773583882     0.012843773583882     0.003274804578268
52 15
     0.069928232653638     0.035338320594747    -0.035007932092412
     0.035338320594747     0.069928232653638     0.035007932092412
    -0.035007932092412     0.035007932092412    -0.031492912864905
52 16
    -0.011315208018914     0.024354182278330    -0.009925772428687
     0.024354182278330    -0.133864037968578     0.024354182278330
    -0.009925772428687     0.024354182278330    -0.011315208018914
52 17
    -0.034163283532962     0.012843031709053     0.037615269320668
    -0.012843031709053     0.018478612139461    -0.012843031709053
     0.037615269320668     0.012843031709053    -0.034163283532962
52 18
    -0.034163283532962     0.012843031709053    -0.037615269320668
    -0.012843031709053     0.018478612139461     0.012843031709053
    -0.037615269320668    -0.012843031709053    -0.034163283532962
52 19
    -0.158355902283347     0.072948118759086    -0.156713285832666
    -0.072948118759086     0.319300378862408    -0.072948118759086
    -0.156713285832666     0.072948118759086    -0.158355902283347
52 20
    -0.158355902283347     0.072948118759086     0.156713285832666
    -0.072948118759086     0.319300378862408     0.072948118759086
     0.156713285832666    -0.072948118759086    -0.158355902283347
52 21
    -0.034163283532962    -0.012843031709053    -0.037615269320668
     0.012843031709053     0.018478612139461    -0.012843031709053
    -0.037615269320668     0.012843031709053    -0.034163283532962
52 22
    -0.034163283532962    -0.012843031709053     0.037615269320668
     0.012843031709053     0.018478612139461     0.012843031709053
     0.037615269320668    -0.012843031709053    -0.034163283532962
52 23
    -0.158355902283347    -0.072948118759086     0.156713285832666
     0.072948118759086     0.319300378862408    -0.072948118759086
     0.156713285832666     0.072948118759086    -0.158355902283347
52 24
    -0.158355902283347    -0.072948118759086    -0.156713285832666
     0.072948118759086     0.319300378862408     0.072948118759086
    -0.156713285832666    -0.072948118759086    -0.158355902283347
52 25
     0.069928232653638    -0.035007932092412     0.035338320594747
    -0.035007932092412    -0.031492912864905     0.035007932092412
     0.035338320594747     0.035007932092412     0.069928232653638
52 26
    -0.011315208018914    -0.009925772428687     0.024354182278330
    -0.009925772428687    -0.011315208018914     0.024354182278330
     0.024354182278330     0.024354182278330    -0.133864037968578
52 27
    -2.341654446252051    -1.196902454830707     1.196902454830706
    -1.196902454830706    -2.341654446252051     1.196902454830706
     1.196902454830706     1.196902454830706    -2.341654446252050
52 28
    -0.031492912864906    -0.035007932092412     0.035007932092412
    -0.035007932092412     0.069928232653638     0.035338320594747
     0.035007932092412     0.035338320594747     0.069928232653638
52 29
    -0.133864037968578    -0.024354182278330     0.024354182278330
    -0.024354182278330    -0.011315208018914     0.009925772428687
     0.024354182278330     0.009925772428687    -0.011315208018914
52 30
     0.003274804578268    -0.012843773583882     0.012843773583882
    -0.012843773583882     0.003274804578268     0.012843773583882
     0.012843773583882     0.012843773583882     0.003274804578268
52 31
     0.069928232653638    -0.035338320594747     0.035007932092412
    -0.035338320594747     0.069928232653638     0.035007932092412
     0.035007932092412     0.035007932092412    -0.031492912864905
52 32
    -0.011315208018914    -0.024354182278330     0.009925772428687
    -0.024354182278330    -0.133864037968578     0.024354182278330
     0.009925772428687     0.024354182278330    -0.011315208018914
52 33
     0.018478612139461    -0.012843031709053     0.012843031709053
     0.012843031709053    -0.034163283532962    -0.037615269320668
    -0.012843031709053    -0.037615269320668    -0.034163283532962
52 34
     0.319300378862408    -0.072948118759086     0.072948118759086
     0.072948118759086    -0.158355902283347     0.156713285832666
    -0.072948118759086     0.156713285832666    -0.158355902283347
52 35
     0.018478612139461    -0.012843031709053    -0.012843031709053
     0.012843031709053    -0.034163283532962     0.037615269320668
     0.012843031709053     0.037615269320668    -0.034163283532962
52 36
     0.319300378862408    -0.072948118759086    -0.072948118759086
     0.072948118759086    -0.158355902283347    -0.156713285832666
     0.072948118759086    -0.156713285832666    -0.158355902283347
52 37
     0.018478612139461     0.012843031709053     0.012843031709053
    -0.012843031709053    -0.034163283532962     0.037615269320668
    -0.012843031709053     0.037615269320668    -0.034163283532962
52 38
     0.319300378862408     0.072948118759086     0.072948118759086
    -0.072948118759086    -0.158355902283347    -0.156713285832666
    -0.072948118759086    -0.156713285832666    -0.158355902283347
52 39
     0.018478612139461     0.012843031709053    -0.012843031709053
    -0.012843031709053    -0.034163283532962    -0.037615269320668
     0.012843031709053    -0.037615269320668    -0.034163283532962
52 40
     0.319300378862408     0.072948118759086    -0.072948118759086
    -0.072948118759086    -0.158355902283347     0.156713285832666
     0.072948118759086     0.156713285832666    -0.158355902283347
52 41
    -0.011315208018914    -0.009925772428687    -0.024354182278330
    -0.009925772428687    -0.011315208018914    -0.024354182278330
    -0.024354182278330    -0.024354182278330    -0.133864037968578
52 42
     0.069928232653638    -0.035007932092412    -0.035338320594747
    -0.035007932092412    -0.031492912864905    -0.035007932092412
    -0.035338320594747    -0.035007932092412     0.069928232653638
52 43
    -0.031492912864906    -0.035007932092412    -0.035007932092412
    -0.035007932092412     0.069928232653638    -0.035338320594747
    -0.035007932092412    -0.035338320594747     0.069928232653638
52 44
    -2.341654446252051    -1.196902454830706    -1.196902454830706
    -1.196902454830706    -2.341654446252050    -1.196902454830706
    -1.196902454830706    -1.196902454830706    -2.341654446252050
52 45
     0.003274804578268    -0.012843773583882    -0.012843773583882
    -0.012843773583882     0.003274804578268    -0.012843773583882
    -0.012843773583882    -0.012843773583882     0.003274804578268
52 46
    -0.133864037968578    -0.024354182278330    -0.024354182278330
    -0.024354182278330    -0.011315208018914    -0.009925772428687
    -0.024354182278330    -0.009925772428687    -0.011315208018914
52 47
    -0.011315208018914    -0.024354182278330    -0.009925772428687
    -0.024354182278330    -0.133864037968578    -0.024354182278330
    -0.009925772428687    -0.024354182278330    -0.011315208018914
52 48
     0.069928232653638    -0.035338320594747    -0.035007932092412
    -0.035338320594747     0.069928232653638    -0.035007932092412
    -0.035007932092412    -0.035007932092412    -0.031492912864905
52 49
    -0.041754298479191     0.000000000000000    -0.000000000000000
    -0.000000000000000    -0.041754298479191     0.000000000000000
     0.000000000000000    -0.000000000000000     0.250247780888912
52 50
    -0.057780722897860     0.000000000000000    -0.000000000000000
    -0.000000000000000    -0.015432216503086    -0.000000000000000
     0.000000000000000     0.000000000000000    -0.057780722897860
52 51
    -0.015432216503086    -0.000000000000000     0.000000000000000
    -0.000000000000000    -0.057780722897860     0.000000000000000
     0.000000000000000     0.000000000000000    -0.057780722897860
52 52
     9.696337472371400     0.000000000000000     0.000000000000000
     0.000000000000000     9.696337472371395    -0.000000000000000
     0.000000000000000    -0.000000000000000     9.696337472371393
52 53
     0.002996701471147    -0.000000000000000    -0.000000000000000
     0.000000000000000     0.002996701471147     0.000000000000000
     0.000000000000000     0.000000000000000     0.002996701471147
52 54
     0.250247780888913    -0.000000000000000    -0.000000000000000
     0.000000000000000    -0.041754298479191    -0.000000000000000
     0.000000000000000     0.000000000000000    -0.041754298479191
52 55
    -0.041754298479191    -0.000000000000000     0.000000000000000
     0.000000000000000     0.250247780888913     0.000000000000000
     0.000000000000000    -0.000000000000000    -0.041754298479191
52 56
    -0.057780722897860     0.000000000000000     0.000000000000000
    -0.000000000000000    -0.057780722897860     0.000000000000000
     0.000000000000000     0.000000000000000    -0.015432216503086
52 57
    -0.011315208018914     0.009925772428687     0.024354182278330
     0.009925772428687    -0.011315208018914    -0.024354182278330
     0.024354182278330    -0.024354182278330    -0.133864037968578
52 58
     0.069928232653638     0.035007932092412     0.035338320594747
     0.035007932092412    -0.031492912864905    -0.035007932092412
     0.035338320594747    -0.035007932092412     0.069928232653638
52 59
    -0.031492912864906     0.035007932092412     0.035007932092412
     0.035007932092412     0.069928232653638    -0.035338320594747
     0.035007932092412    -0.035338320594747     0.069928232653638
52 60
    -2.341654446252051     1.196902454830707     1.196902454830706
     1.196902454830706    -2.341654446252051    -1.196902454830706
     1.196902454830706    -1.196902454830706    -2.341654446252050
52 61
     0.003274804578268     0.012843773583882     0.012843773583882
     0.012843773583882     0.003274804578268    -0.012843773583882
     0.012843773583882    -0.012843773583882     0.003274804578268
52 62
    -0.133864037968579     0.024354182278330     0.024354182278330
     0.024354182278330    -0.011315208018914    -0.009925772428687
     0.024354182278330    -0.009925772428687    -0.011315208018914
52 63
    -0.011315208018914     0.024354182278330     0.009925772428687
     0.024354182278330    -0.133864037968578    -0.024354182278330
     0.009925772428687    -0.024354182278330    -0.011315208018914
52 64
     0.069928232653638     0.035338320594747     0.035007932092412
     0.035338320594747     0.069928232653638    -0.035007932092412
     0.035007932092412    -0.035007932092412    -0.031492912864906
53 1
    -0.034163283532962    -0.037615269320668     0.012843031709053
    -0.037615269320668    -0.034163283532962    -0.012843031709053
    -0.012843031709053     0.012843031709053     0.018478612139461
53 2
    -0.034163283532962     0.037615269320668     0.012843031709053
     0.037615269320668    -0.034163283532962     0.012843031709053
    -0.012843031709053    -0.012843031709053     0.018478612139461
53 3
    -0.034163283532962     0.037615269320668    -0.012843031709053
     0.037615269320668    -0.034163283532962    -0.012843031709053
     0.012843031709053     0.012843031709053     0.018478612139461
53 4
    -0.034163283532962    -0.037615269320668    -0.012843031709053
    -0.037615269320668    -0.034163283532962     0.012843031709053
     0.012843031709053    -0.012843031709053     0.018478612139461
53 5
    -0.158355902283347     0.156713285832666     0.072948118759086
     0.156713285832666    -0.158355902283347    -0.072948118759086
    -0.072948118759086     0.072948118759086     0.319300378862408
53 6
    -0.158355902283347    -0.156713285832666     0.072948118759086
    -0.156713285832666    -0.158355902283347     0.072948118759086
    -0.072948118759086    -0.072948118759086     0.319300378862408
53 7
    -0.158355902283347    -0.156713285832666    -0.072948118759086
    -0.156713285832666    -0.158355902283347    -0.072948118759086
     0.072948118759086     0.072948118759086     0.319300378862408
53 8
    -0.158355902283347     0.156713285832666    -0.072948118759086
     0.156713285832666    -0.158355902283347     0.072948118759086
     0.072948118759086    -0.072948118759086     0.319300378862408
53 9
    -0.011315208018914     0.024354182278330    -0.009925772428687
     0.024354182278330    -0.133864037968578     0.024354182278330
    -0.009925772428687     0.024354182278330    -0.011315208018914
53 10
     0.069928232653638     0.035338320594747    -0.035007932092412
     0.035338320594747     0.069928232653638     0.035007932092412
    -0.035007932092412     0.035007932092412    -0.031492912864906
53 11
     0.003274804578268     0.012843773583882    -0.012843773583882
     0.012843773583882     0.003274804578268     0.012843773583882
    -0.012843773583882     0.012843773583882     0.003274804578268
53 12
    -0.133864037968578     0.024354182278330    -0.024354182278330
     0.024354182278330    -0.011315208018914     0.009925772428687
    -0.024354182278330     0.009925772428687    -0.011315208018914
53 13
    -0.031492912864905     0.035007932092412    -0.035007932092412
     0.035007932092412     0.069928232653638     0.035338320594747
    -0.035007932092412     0.035338320594747     0.069928232653638
53 14
    -2.341654446252051     1.196902454830706    -1.196902454830706
     1.196902454830706    -2.341654446252050     1.196902454830706
    -1.196902454830707     1.196902454830706    -2.341654446252051
53 15
    -0.011315208018914     0.009925772428687    -0.024354182278330
     0.009925772428687    -0.011315208018914     0.024354182278330
    -0.024354182278330     0.024354182278330    -0.133864037968579
53 16
     0.069928232653638     0.035007932092412    -0.035338320594747
     0.035007932092412    -0.031492912864905     0.035007932092412
    -0.035338320594747     0.035007932092412     0.069928232653638
53 17
    -0.158355902283347    -0.072948118759086    -0.156713285832666
     0.072948118759086     0.319300378862408     0.072948118759086
    -0.156713285832666    -0.072948118759086    -0.158355902283347
53 18
    -0.158355902283347    -0.072948118759086     0.156713285832666
     0.072948118759086     0.319300378862408    -0.072948118759086
     0.156713285832666     0.072948118759086    -0.158355902283347
53 19
    -0.034163283532962    -0.012843031709053     0.037615269320668
     0.012843031709053     0.018478612139461     0.012843031709053
     0.037615269320668    -0.012843031709053    -0.034163283532962
53 20
    -0.034163283532962    -0.012843031709053    -0.037615269320668
     0.012843031709053     0.018478612139461    -0.012843031709053
    -0.037615269320668     0.012843031709053    -0.034163283532962
53 21
    -0.158355902283347     0.072948118759086     0.156713285832666
    -0.072948118759086     0.319300378862408     0.072948118759086
     0.156713285832666    -0.072948118759086    -0.158355902283347
53 22
    -0.158355902283347     0.072948118759086    -0.156713285832666
    -0.072948118759086     0.319300378862408    -0.072948118759086
    -0.156713285832666     0.072948118759086    -0.158355902283347
53 23
    -0.034163283532962     0.012843031709053    -0.037615269320668
    -0.012843031709053     0.018478612139461     0.012843031709053
    -0.037615269320668    -0.012843031709053    -0.034163283532962
53 24
    -0.034163283532962     0.012843031709053     0.037615269320668
    -0.012843031709053     0.018478612139461    -0.012843031709053
     0.037615269320668     0.012843031709053    -0.034163283532962
53 25
    -0.011315208018914    -0.024354182278330     0.009925772428687
    -0.024354182278330    -0.133864037968578     0.024354182278330
     0.009925772428687     0.024354182278330    -0.011315208018914
53 26
     0.069928232653638    -0.035338320594747     0.035007932092412
    -0.035338320594747     0.069928232653638     0.035007932092412
     0.035007932092412     0.035007932092412    -0.031492912864906
53 27
     0.003274804578268    -0.012843773583882     0.012843773583882
    -0.012843773583882     0.003274804578268     0.012843773583882
     0.012843773583882     0.012843773583882     0.003274804578268
53 28
    -0.133864037968578    -0.024354182278330     0.024354182278330
    -0.024354182278330    -0.011315208018914     0.009925772428687
     0.024354182278330     0.009925772428687    -0.011315208018914
53 29
    -0.031492912864905    -0.035007932092412     0.035007932092412
    -0.035007932092412     0.069928232653638     0.035338320594747
     0.035007932092412     0.035338320594747     0.069928232653638
53 30
    -2.341654446252051    -1.196902454830706     1.196902454830706
    -1.196902454830706    -2.341654446252050     1.196902454830706
     1.196902454830707     1.196902454830706    -2.341654446252051
53 31
    -0.011315208018914    -0.009925772428687     0.024354182278330
    -0.009925772428687    -0.011315208018914     0.024354182278330
     0.024354182278330     0.024354182278330    -0.133864037968578
53 32
     0.069928232653638    -0.035007932092412     0.035338320594747
    -0.035007932092412    -0.031492912864906     0.035007932092412
     0.035338320594747     0.035007932092412     0.069928232653638
53 33
     0.319300378862408     0.072948118759086    -0.072948118759086
    -0.072948118759086    -0.158355902283347     0.156713285832666
     0.072948118759086     0.156713285832666    -0.158355902283347
53 34
     0.018478612139461     0.012843031709053    -0.012843031709053
    -0.012843031709053    -0.034163283532962    -0.037615269320668
     0.012843031709053    -0.037615269320668    -0.034163283532962
53 35
     0.319300378862408     0.072948118759086     0.072948118759086
    -0.072948118759086    -0.158355902283347    -0.156713285832666
    -0.072948118759086    -0.156713285832666    -0.158355902283347
53 36
     0.018478612139461     0.012843031709053     0.012843031709053
    -0.012843031709053    -0.034163283532962     0.037615269320668
    -0.012843031709053     0.037615269320668    -0.034163283532962
53 37
     0.319300378862408    -0.072948118759086    -0.072948118759086
     0.072948118759086    -0.158355902283347    -0.156713285832666
     0.072948118759086    -0.156713285832666    -0.158355902283347
53 38
     0.018478612139461    -0.012843031709053    -0.012843031709053
     0.012843031709053    -0.034163283532962     0.037615269320668
     0.012843031709053     0.037615269320668    -0.034163283532962
53 39
     0.319300378862408    -0.072948118759086     0.072948118759086
     0.072948118759086    -0.158355902283347     0.156713285832666
    -0.072948118759086     0.156713285832666    -0.158355902283347
53 40
     0.018478612139461    -0.012843031709053     0.012843031709053
     0.012843031709053    -0.034163283532962    -0.037615269320668
    -0.012843031709053    -0.037615269320668    -0.034163283532962
53 41
     0.069928232653638    -0.035338320594747    -0.035007932092412
    -0.035338320594747     0.069928232653638    -0.035007932092412
    -0.035007932092412    -0.035007932092412    -0.031492912864906
53 42
    -0.011315208018914    -0.024354182278330    -0.009925772428687
    -0.024354182278330    -0.133864037968578    -0.024354182278330
    -0.009925772428687    -0.024354182278330    -0.011315208018914
53 43
    -0.133864037968579    -0.024354182278330    -0.024354182278330
    -0.024354182278330    -0.011315208018914    -0.009925772428687
    -0.024354182278330    -0.009925772428687    -0.011315208018914
53 44
     0.003274804578268    -0.012843773583882    -0.012843773583882
    -0.012843773583882     0.003274804578268    -0.012843773583882
    -0.012843773583882    -0.012843773583882     0.003274804578268
53 45
    -2.341654446252050    -1.196902454830706    -1.196902454830706
    -1.196902454830706    -2.341654446252051    -1.196902454830706
    -1.196902454830706    -1.196902454830707    -2.341654446252051
53 46
    -0.031492912864905    -0.035007932092412    -0.035007932092412
    -0.035007932092412     0.069928232653638    -0.035338320594747
    -0.035007932092412    -0.035338320594747     0.069928232653638
53 47
     0.069928232653638    -0.035007932092412    -0.035338320594747
    -0.035007932092412    -0.031492912864906    -0.035007932092412
    -0.035338320594747    -0.035007932092412     0.069928232653638
53 48
    -0.011315208018914    -0.009925772428687    -0.024354182278330
    -0.009925772428687    -0.011315208018914    -0.024354182278330
    -0.024354182278330    -0.024354182278330    -0.133864037968578
53 49
    -0.057780722897860     0.000000000000000    -0.000000000000000
     0.000000000000000    -0.057780722897860     0.000000000000000
     0.000000000000000    -0.000000000000000    -0.015432216503086
53 50
    -0.041754298479191     0.000000000000000    -0.000000000000000
    -0.000000000000000     0.250247780888912     0.000000000000000
    -0.000000000000000     0.000000000000000    -0.041754298479191
53 51
     0.250247780888912     0.000000000000000     0.000000000000000
    -0.000000000000000    -0.041754298479191     0.000000000000000
    -0.000000000000000     0.000000000000000    -0.041754298479191
53 52
     0.002996701471147     0.000000000000000     0.000000000000000
    -0.000000000000000     0.002996701471147     0.000000000000000
    -0.000000000000000     0.000000000000000     0.002996701471147
53 53
     9.696337472371393     0.000000000000000    -0.000000000000000
     0.000000000000000     9.696337472371393     0.000000000000000
    -0.000000000000000     0.000000000000000     9.696337472371397
53 54
    -0.015432216503086     0.000000000000000    -0.000000000000000
     0.000000000000000    -0.057780722897860    -0.000000000000000
     0.000000000000000     0.000000000000000    -0.057780722897860
53 55
    -0.057780722897860     0.000000000000000     0.000000000000000
     0.000000000000000    -0.015432216503086     0.000000000000000
    -0.000000000000000     0.000000000000000    -0.057780722897860
53 56
    -0.041754298479191     0.000000000000000     0.000000000000000
     0.000000000000000    -0.041754298479191     0.000000000000000
    -0.000000000000000     0.000000000000000     0.250247780888913
53 57
     0.069928232653638     0.035338320594747     0.035007932092412
     0.035338320594747     0.069928232653638    -0.035007932092412
     0.035007932092412    -0.035007932092412    -0.031492912864906
53 58
    -0.011315208018914     0.024354182278330     0.009925772428687
     0.024354182278330    -0.133864037968578    -0.024354182278330
     0.009925772428687    -0.024354182278330    -0.011315208018914
53 59
    -0.133864037968578     0.024354182278330     0.024354182278330
     0.024354182278330    -0.011315208018914    -0.009925772428687
     0.024354182278330    -0.009925772428687    -0.011315208018914
53 60
     0.003274804578268     0.012843773583882     0.012843773583882
     0.012843773583882     0.003274804578268    -0.012843773583882
     0.012843773583882    -0.012843773583882     0.003274804578268
53 61
    -2.341654446252050     1.196902454830706     1.196902454830706
     1.196902454830706    -2.341654446252050    -1.196902454830706
     1.196902454830706    -1.196902454830706    -2.341654446252051
53 62
    -0.031492912864906     0.035007932092412     0.035007932092412
     0.035007932092412     0.069928232653638    -0.035338320594747
     0.035007932092412    -0.035338320594747     0.069928232653638
53 63
     0.069928232653638     0.035007932092412     0.035338320594747
     0.035007932092412    -0.031492912864906    -0.035007932092412
     0.035338320594747    -0.035007932092412     0.069928232653638
53 64
    -0.011315208018914     0.009925772428687     0.024354182278330
     0.009925772428687    -0.011315208018914    -0.024354182278330
     0.024354182278330    -0.024354182278330    -0.133864037968579
54 1
    -0.034163283532962     0.037615269320668     0.012843031709053
     0.037615269320668    -0.034163283532962     0.012843031709053
    -0.012843031709053    -0.012843031709053     0.018478612139461
54 2
    -0.034163283532962    -0.037615269320668     0.012843031709053
    -0.037615269320668    -0.034163283532962    -0.012843031709053
    -0.012843031709053     0.012843031709053     0.018478612139461
54 3
    -0.034163283532962    -0.037615269320668    -0.012843031709053
    -0.037615269320668    -0.034163283532962     0.012843031709053
     0.012843031709053    -0.012843031709053     0.018478612139461
54 4
    -0.034163283532962     0.037615269320668    -0.012843031709053
     0.037615269320668    -0.034163283532962    -0.012843031709053
     0.012843031709053     0.012843031709053     0.018478612139461
54 5
    -0.158355902283347    -0.156713285832666     0.072948118759086
    -0.156713285832666    -0.158355902283347     0.072948118759086
    -0.072948118759086    -0.072948118759086     0.319300378862408
54 6
    -0.158355902283347     0.156713285832666     0.072948118759086
     0.156713285832666    -0.158355902283347    -0.072948118759086
    -0.072948118759086     0.072948118759086     0.319300378862408
54 7
    -0.158355902283347     0.156713285832666    -0.072948118759086
     0.156713285832666    -0.158355902283347     0.072948118759086
     0.072948118759086    -0.072948118759086     0.319300378862408
54 8
    -0.158355902283347    -0.156713285832666    -0.072948118759086
    -0.156713285832666    -0.158355902283347    -0.072948118759086
     0.072948118759086     0.072948118759086     0.319300378862408
54 9
     0.069928232653638     0.035338320594747    -0.035007932092412
     0.035338320594747     0.069928232653638     0.035007932092412
    -0.035007932092412     0.035007932092412    -0.031492912864905
54 10
    -0.011315208018914     0.024354182278330    -0.009925772428687
     0.024354182278330    -0.133864037968578     0.024354182278330
    -0.009925772428687     0.024354182278330    -0.011315208018914
54 11
    -0.133864037968579     0.024354182278330    -0.024354182278330
     0.024354182278330    -0.011315208018914     0.009925772428687
    -0.024354182278330     0.009925772428687    -0.011315208018914
54 12
     0.003274804578268     0.012843773583882    -0.012843773583882
     0.012843773583882     0.003274804578268     0.012843773583882
    -0.012843773583882     0.012843773583882     0.003274804578268
54 13
    -2.341654446252051     1.196902454830707    -1.196902454830706
     1.196902454830706    -2.341654446252051     1.196902454830706
    -1.196902454830706     1.196902454830706    -2.341654446252050
54 14
    -0.031492912864906     0.035007932092412    -0.035007932092412
     0.035007932092412     0.069928232653638     0.035338320594747
    -0.035007932092412     0.035338320594747     0.069928232653638
54 15
     0.069928232653638     0.035007932092412    -0.035338320594747
     0.035007932092412    -0.031492912864905     0.035007932092412
    -0.035338320594747     0.035007932092412     0.069928232653638
54 16
    -0.011315208018914     0.009925772428687    -0.024354182278330
     0.009925772428687    -0.011315208018914     0.024354182278330
    -0.024354182278330     0.024354182278330    -0.133864037968578
54 17
    -0.158355902283347    -0.072948118759086     0.156713285832666
     0.072948118759086     0.319300378862408    -0.072948118759086
     0.156713285832666     0.072948118759086    -0.158355902283347
54 18
    -0.158355902283347    -0.072948118759086    -0.156713285832666
     0.072948118759086     0.319300378862408     0.072948118759086
    -0.156713285832666    -0.072948118759086    -0.158355902283347
54 19
    -0.034163283532962    -0.012843031709053    -0.037615269320668
     0.012843031709053     0.018478612139461    -0.012843031709053
    -0.037615269320668     0.012843031709053    -0.034163283532962
54 20
    -0.034163283532962    -0.012843031709053     0.037615269320668
     0.012843031709053     0.018478612139461     0.012843031709053
     0.037615269320668    -0.012843031709053    -0.034163283532962
54 21
    -0.158355902283347     0.072948118759086    -0.156713285832666
    -0.072948118759086     0.319300378862408    -0.072948118759086
    -0.156713285832666     0.072948118759086    -0.158355902283347
54 22
    -0.158355902283347     0.072948118759086     0.156713285832666
    -0.072948118759086     0.319300378862408     0.072948118759086
     0.156713285832666    -0.072948118759086    -0.158355902283347
54 23
    -0.034163283532962     0.012843031709053     0.037615269320668
    -0.012843031709053     0.018478612139461    -0.012843031709053
     0.037615269320668     0.012843031709053    -0.034163283532962
54 24
    -0.034163283532962     0.012843031709053    -0.037615269320668
    -0.012843031709053     0.018478612139461     0.012843031709053
    -0.037615269320668    -0.012843031709053    -0.034163283532962
54 25
     0.069928232653638    -0.035338320594747     0.035007932092412
    -0.035338320594747     0.069928232653638     0.035007932092412
     0.035007932092412     0.035007932092412    -0.031492912864905
54 26
    -0.011315208018914    -0.024354182278330     0.009925772428687
    -0.024354182278330    -0.133864037968578     0.024354182278330
     0.009925772428687     0.024354182278330    -0.011315208018914
54 27
    -0.133864037968578    -0.024354182278330     0.024354182278330
    -0.024354182278330    -0.011315208018914     0.009925772428687
     0.024354182278330     0.009925772428687    -0.011315208018914
54 28
     0.003274804578268    -0.012843773583882     0.012843773583882
    -0.012843773583882     0.003274804578268     0.012843773583882
     0.012843773583882     0.012843773583882     0.003274804578268
54 29
    -2.341654446252051    -1.196902454830707     1.196902454830706
    -1.196902454830706    -2.341654446252051     1.196902454830706
     1.196902454830706     1.196902454830706    -2.341654446252050
54 30
    -0.031492912864906    -0.035007932092412     0.035007932092412
    -0.035007932092412     0.069928232653638     0.035338320594747
     0.035007932092412     0.035338320594747     0.069928232653638
54 31
     0.069928232653638    -0.035007932092412     0.035338320594747
    -0.035007932092412    -0.031492912864905     0.035007932092412
     0.035338320594747     0.035007932092412     0.069928232653638
54 32
    -0.011315208018914    -0.009925772428687     0.024354182278330
    -0.009925772428687    -0.011315208018914     0.024354182278330
     0.024354182278330     0.024354182278330    -0.133864037968578
54 33
     0.018478612139461     0.012843031709053    -0.012843031709053
    -0.012843031709053    -0.034163283532962    -0.037615269320668
     0.012843031709053    -0.037615269320668    -0.034163283532962
54 34
     0.319300378862408     0.072948118759086    -0.072948118759086
    -0.072948118759086    -0.158355902283347     0.156713285832666
     0.072948118759086     0.156713285832666    -0.158355902283347
54 35
     0.018478612139461     0.012843031709053     0.012843031709053
    -0.012843031709053    -0.034163283532962     0.037615269320668
    -0.012843031709053     0.037615269320668    -0.034163283532962
54 36
     0.319300378862408     0.072948118759086     0.072948118759086
    -0.072948118759086    -0.158355902283347    -0.156713285832666
    -0.072948118759086    -0.156713285832666    -0.158355902283347
54 37
     0.018478612139461    -0.012843031709053    -0.012843031709053
     0.012843031709053    -0.034163283532962     0.037615269320668
     0.012843031709053     0.037615269320668    -0.034163283532962
54 38
     0.319300378862408    -0.072948118759086    -0.072948118759086
     0.072948118759086    -0.158355902283347    -0.156713285832666
     0.072948118759086    -0.156713285832666    -0.158355902283347
54 39
     0.018478612139461    -0.012843031709053     0.012843031709053
     0.012843031709053    -0.034163283532962    -0.037615269320668
    -0.012843031709053    -0.037615269320668    -0.034163283532962
54 40
     0.319300378862408    -0.072948118759086     0.072948118759086
     0.072948118759086    -0.158355902283347     0.156713285832666
    -0.072948118759086     0.156713285832666    -0.158355902283347
54 41
    -0.011315208018914    -0.024354182278330    -0.009925772428687
    -0.024354182278330    -0.133864037968578    -0.024354182278330
    -0.009925772428687    -0.024354182278330    -0.011315208018914
54 42
     0.069928232653638    -0.035338320594747    -0.035007932092412
    -0.035338320594747     0.069928232653638    -0.035007932092412
    -0.035007932092412    -0.035007932092412    -0.031492912864906
54 43
     0.003274804578268    -0.012843773583882    -0.012843773583882
    -0.012843773583882     0.003274804578268    -0.012843773583882
    -0.012843773583882    -0.012843773583882     0.003274804578268
54 44
    -0.133864037968579    -0.024354182278330    -0.024354182278330
    -0.024354182278330    -0.011315208018914    -0.009925772428687
    -0.024354182278330    -0.009925772428687    -0.011315208018914
54 45
    -0.031492912864906    -0.035007932092412    -0.035007932092412
    -0.035007932092412     0.069928232653638    -0.035338320594747
    -0.035007932092412    -0.035338320594747     0.069928232653638
54 46
    -2.341654446252051    -1.196902454830706    -1.196902454830707
    -1.196902454830706    -2.341654446252050    -1.196902454830706
    -1.196902454830706    -1.196902454830706    -2.341654446252051
54 47
    -0.011315208018914    -0.009925772428687    -0.024354182278330
    -0.009925772428687    -0.011315208018914    -0.024354182278330
    -0.024354182278330    -0.024354182278330    -0.133864037968578
54 48
     0.069928232653638    -0.035007932092412    -0.035338320594747
    -0.035007932092412    -0.031492912864905    -0.035007932092412
    -0.035338320594747    -0.035007932092412     0.069928232653638
54 49
    -0.041754298479191     0.000000000000000     0.000000000000000
    -0.000000000000000     0.250247780888913     0.000000000000000
    -0.000000000000000    -0.000000000000000    -0.041754298479191
54 50
    -0.057780722897860     0.000000000000000     0.000000000000000
    -0.000000000000000    -0.057780722897860     0.000000000000000
    -0.000000000000000    -0.000000000000000    -0.015432216503086
54 51
     0.002996701471147     0.000000000000000     0.000000000000000
    -0.000000000000000     0.002996701471147     0.000000000000000
    -0.000000000000000    -0.000000000000000     0.002996701471147
54 52
     0.250247780888913     0.000000000000000     0.000000000000000
    -0.000000000000000    -0.041754298479191     0.000000000000000
    -0.000000000000000    -0.000000000000000    -0.041754298479191
54 53
    -0.015432216503086     0.000000000000000     0.000000000000000
     0.000000000000000    -0.057780722897860     0.000000000000000
    -0.000000000000000    -0.000000000000000    -0.057780722897860
54 54
     9.696337472371397    -0.000000000000000     0.000000000000000
    -0.000000000000000     9.696337472371395    -0.000000000000000
     0.000000000000000    -0.000000000000000     9.696337472371393
54 55
    -0.041754298479191    -0.000000000000000     0.000000000000000
     0.000000000000000    -0.041754298479191     0.000000000000000
    -0.000000000000000    -0.000000000000000     0.250247780888912
54 56
    -0.057780722897860     0.000000000000000     0.000000000000000
    -0.000000000000000    -0.015432216503086     0.000000000000000
    -0.000000000000000    -0.000000000000000    -0.057780722897860
54 57
    -0.011315208018914     0.024354182278330     0.009925772428687
     0.024354182278330    -0.133864037968578    -0.024354182278330
     0.009925772428687    -0.024354182278330    -0.011315208018914
54 58
     0.069928232653638     0.035338320594747     0.035007932092412
     0.035338320594747     0.069928232653638    -0.035007932092412
     0.035007932092412    -0.035007932092412    -0.031492912864906
54 59
     0.003274804578268     0.012843773583882     0.012843773583882
     0.012843773583882     0.003274804578268    -0.012843773583882
     0.012843773583882    -0.012843773583882     0.003274804578268
54 60
    -0.133864037968578     0.024354182278330     0.024354182278330
     0.024354182278330    -0.011315208018914    -0.009925772428687
     0.024354182278330    -0.009925772428687    -0.011315208018914
54 61
    -0.031492912864906     0.035007932092412     0.035007932092412
     0.035007932092412     0.069928232653638    -0.035338320594747
     0.035007932092412    -0.035338320594747     0.069928232653638
54 62
    -2.341654446252051     1.196902454830706     1.196902454830706
     1.196902454830706    -2.341654446252050    -1.196902454830706
     1.196902454830706    -1.196902454830706    -2.341654446252050
54 63
    -0.011315208018914     0.009925772428687     0.024354182278330
     0.009925772428687    -0.011315208018914    -0.024354182278330
     0.024354182278330    -0.024354182278330    -0.133864037968578
54 64
     0.069928232653638     0.035007932092412     0.035338320594747
     0.035007932092412    -0.031492912864905    -0.035007932092412
     0.035338320594747    -0.035007932092412     0.069928232653638
55 1
    -0.034163283532962     0.037615269320668    -0.012843031709053
     0.037615269320668    -0.034163283532962    -0.012843031709053
     0.012843031709053     0.012843031709053     0.018478612139461
55 2
    -0.034163283532962    -0.037615269320668    -0.012843031709053
    -0.037615269320668    -0.034163283532962     0.012843031709053
     0.012843031709053    -0.012843031709053     0.018478612139461
55 3
    -0.034163283532962    -0.037615269320668     0.012843031709053
    -0.037615269320668    -0.034163283532962    -0.012843031709053
    -0.012843031709053     0.012843031709053     0.018478612139461
55 4
    -0.034163283532962     0.037615269320668     0.012843031709053
     0.037615269320668    -0.034163283532962     0.012843031709053
    -0.012843031709053    -0.012843031709053     0.018478612139461
55 5
    -0.158355902283347    -0.156713285832666    -0.072948118759086
    -0.156713285832666    -0.158355902283347    -0.072948118759086
     0.072948118759086     0.072948118759086     0.319300378862408
55 6
    -0.158355902283347     0.156713285832666    -0.072948118759086
     0.156713285832666    -0.158355902283347     0.072948118759086
     0.072948118759086    -0.072948118759086     0.319300378862408
55 7
    -0.158355902283347     0.156713285832666     0.072948118759086
     0.156713285832666    -0.158355902283347    -0.072948118759086
    -0.072948118759086     0.072948118759086     0.319300378862408
55 8
    -0.158355902283347    -0.156713285832666     0.072948118759086
    -0.156713285832666    -0.158355902283347     0.072948118759086
    -0.072948118759086    -0.072948118759086     0.319300378862408
55 9
     0.003274804578268     0.012843773583882    -0.012843773583882
     0.012843773583882     0.003274804578268     0.012843773583882
    -0.012843773583882     0.012843773583882     0.003274804578268
55 10
    -0.133864037968578     0.024354182278330    -0.024354182278330
     0.024354182278330    -0.011315208018914     0.009925772428687
    -0.024354182278330     0.009925772428687    -0.011315208018914
55 11
    -0.011315208018914     0.024354182278330    -0.009925772428687
     0.024354182278330    -0.133864037968578     0.024354182278330
    -0.009925772428687     0.024354182278330    -0.011315208018914
55 12
     0.069928232653638     0.035338320594747    -0.035007932092412
     0.035338320594747     0.069928232653638     0.035007932092412
    -0.035007932092412     0.035007932092412    -0.031492912864906
55 13
    -0.011315208018914     0.009925772428687    -0.024354182278330
     0.009925772428687    -0.011315208018914     0.024354182278330
    -0.024354182278330     0.024354182278330    -0.133864037968579
55 14
     0.069928232653638     0.035007932092412    -0.035338320594747
     0.035007932092412    -0.031492912864905     0.035007932092412
    -0.035338320594747     0.035007932092412     0.069928232653638
55 15
    -0.031492912864906     0.035007932092412    -0.035007932092412
     0.035007932092412     0.069928232653638     0.035338320594747
    -0.035007932092412     0.035338320594747     0.069928232653638
55 16
    -2.341654446252051     1.196902454830706    -1.196902454830706
     1.196902454830706    -2.341654446252050     1.196902454830706
    -1.196902454830707     1.196902454830706    -2.341654446252051
55 17
    -0.034163283532962    -0.012843031709053     0.037615269320668
     0.012843031709053     0.018478612139461     0.012843031709053
     0.037615269320668    -0.012843031709053    -0.034163283532962
55 18
    -0.034163283532962    -0.012843031709053    -0.037615269320668
     0.012843031709053     0.018478612139461    -0.012843031709053
    -0.037615269320668     0.012843031709053    -0.034163283532962
55 19
    -0.158355902283347    -0.072948118759086    -0.156713285832666
     0.072948118759086     0.319300378862408     0.072948118759086
    -0.156713285832666    -0.072948118759086    -0.158355902283347
55 20
    -0.158355902283347    -0.072948118759086     0.156713285832666
     0.072948118759086     0.319300378862408    -0.072948118759086
     0.156713285832666     0.072948118759086    -0.158355902283347
55 21
    -0.034163283532962     0.012843031709053    -0.037615269320668
    -0.012843031709053     0.018478612139461     0.012843031709053
    -0.037615269320668    -0.012843031709053    -0.034163283532962
55 22
    -0.034163283532962     0.012843031709053     0.037615269320668
    -0.012843031709053     0.018478612139461    -0.012843031709053
     0.037615269320668     0.012843031709053    -0.034163283532962
55 23
    -0.158355902283347     0.072948118759086     0.156713285832666
    -0.072948118759086     0.319300378862408     0.072948118759086
     0.156713285832666    -0.072948118759086    -0.158355902283347
55 24
    -0.158355902283347     0.072948118759086    -0.156713285832666
    -0.072948118759086     0.319300378862408    -0.072948118759086
    -0.156713285832666     0.072948118759086    -0.158355902283347
55 25
     0.003274804578268    -0.012843773583882     0.012843773583882
    -0.012843773583882     0.003274804578268     0.012843773583882
     0.012843773583882     0.012843773583882     0.003274804578268
55 26
    -0.133864037968579    -0.024354182278330     0.024354182278330
    -0.024354182278330    -0.011315208018914     0.009925772428687
     0.024354182278330     0.009925772428687    -0.011315208018914
55 27
    -0.011315208018914    -0.024354182278330     0.009925772428687
    -0.024354182278330    -0.133864037968578     0.024354182278330
     0.009925772428687     0.024354182278330    -0.011315208018914
55 28
     0.069928232653638    -0.035338320594747     0.035007932092412
    -0.035338320594747     0.069928232653638     0.035007932092412
     0.035007932092412     0.035007932092412    -0.031492912864906
55 29
    -0.011315208018914    -0.009925772428687     0.024354182278330
    -0.009925772428687    -0.011315208018914     0.024354182278330
     0.024354182278330     0.024354182278330    -0.133864037968579
55 30
     0.069928232653638    -0.035007932092412     0.035338320594747
    -0.035007932092412    -0.031492912864905     0.035007932092412
     0.035338320594747     0.035007932092412     0.069928232653638
55 31
    -0.031492912864906    -0.035007932092412     0.035007932092412
    -0.035007932092412     0.069928232653638     0.035338320594747
     0.035007932092412     0.035338320594747     0.069928232653638
55 32
    -2.341654446252050    -1.196902454830706     1.196902454830706
    -1.196902454830706    -2.341654446252051     1.196902454830706
     1.196902454830706     1.196902454830707    -2.341654446252051
55 33
     0.319300378862408     0.072948118759086     0.072948118759086
    -0.072948118759086    -0.158355902283347    -0.156713285832666
    -0.072948118759086    -0.156713285832666    -0.158355902283347
55 34
     0.018478612139461     0.012843031709053     0.012843031709053
    -0.012843031709053    -0.034163283532962     0.037615269320668
    -0.012843031709053     0.037615269320668    -0.034163283532962
55 35
     0.319300378862408     0.072948118759086    -0.072948118759086
    -0.072948118759086    -0.158355902283347     0.156713285832666
     0.072948118759086     0.156713285832666    -0.158355902283347
55 36
     0.018478612139461     0.012843031709053    -0.012843031709053
    -0.012843031709053    -0.034163283532962    -0.037615269320668
     0.012843031709053    -0.037615269320668    -0.034163283532962
55 37
     0.319300378862408    -0.072948118759086     0.072948118759086
     0.072948118759086    -0.158355902283347     0.156713285832666
    -0.072948118759086     0.156713285832666    -0.158355902283347
55 38
     0.018478612139461    -0.012843031709053     0.012843031709053
     0.012843031709053    -0.034163283532962    -0.037615269320668
    -0.012843031709053    -0.037615269320668    -0.034163283532962
55 39
     0.319300378862408    -0.072948118759086    -0.072948118759086
     0.072948118759086    -0.158355902283347    -0.156713285832666
     0.072948118759086    -0.156713285832666    -0.158355902283347
55 40
     0.018478612139461    -0.012843031709053    -0.012843031709053
     0.012843031709053    -0.034163283532962     0.037615269320668
     0.012843031709053     0.037615269320668    -0.034163283532962
55 41
    -0.133864037968579    -0.024354182278330    -0.024354182278330
    -0.024354182278330    -0.011315208018914    -0.009925772428687
    -0.024354182278330    -0.009925772428687    -0.011315208018914
55 42
     0.003274804578268    -0.012843773583882    -0.012843773583882
    -0.012843773583882     0.003274804578268    -0.012843773583882
    -0.012843773583882    -0.012843773583882     0.003274804578268
55 43
     0.069928232653638    -0.035338320594747    -0.035007932092412
    -0.035338320594747     0.069928232653638    -0.035007932092412
    -0.035007932092412    -0.035007932092412    -0.031492912864906
55 44
    -0.011315208018914    -0.024354182278330    -0.009925772428687
    -0.024354182278330    -0.133864037968578    -0.024354182278330
    -0.009925772428687    -0.024354182278330    -0.011315208018914
55 45
     0.069928232653638    -0.035007932092412    -0.035338320594747
    -0.035007932092412    -0.031492912864905    -0.035007932092412
    -0.035338320594747    -0.035007932092412     0.069928232653638
55 46
    -0.011315208018914    -0.009925772428687    -0.024354182278330
    -0.009925772428687    -0.011315208018914    -0.024354182278330
    -0.024354182278330    -0.024354182278330    -0.133864037968579
55 47
    -2.341654446252050    -1.196902454830706    -1.196902454830706
    -1.196902454830706    -2.341654446252051    -1.196902454830706
    -1.196902454830706    -1.196902454830707    -2.341654446252051
55 48
    -0.031492912864906    -0.035007932092412    -0.035007932092412
    -0.035007932092412     0.069928232653638    -0.035338320594747
    -0.035007932092412    -0.035338320594747     0.069928232653638
55 49
     0.250247780888912     0.000000000000000    -0.000000000000000
    -0.000000000000000    -0.041754298479191     0.000000000000000
     0.000000000000000    -0.000000000000000    -0.041754298479191
55 50
     0.002996701471147     0.000000000000000    -0.000000000000000
    -0.000000000000000     0.002996701471147    -0.000000000000000
     0.000000000000000     0.000000000000000     0.002996701471147
55 51
    -0.057780722897860     0.000000000000000     0.000000000000000
    -0.000000000000000    -0.057780722897860     0.000000000000000
    -0.000000000000000     0.000000000000000    -0.015432216503086
55 52
    -0.041754298479191     0.000000000000000     0.000000000000000
    -0.000000000000000     0.250247780888913    -0.000000000000000
     0.000000000000000     0.000000000000000    -0.041754298479191
55 53
    -0.057780722897860     0.000000000000000    -0.000000000000000
     0.000000000000000    -0.015432216503086     0.000000000000000
     0.000000000000000     0.000000000000000    -0.057780722897860
55 54
    -0.041754298479191     0.000000000000000    -0.000000000000000
    -0.000000000000000    -0.041754298479191    -0.000000000000000
     0.000000000000000     0.000000000000000     0.250247780888912
55 55
     9.696337472371393    -0.000000000000000    -0.000000000000000
    -0.000000000000000     9.696337472371395     0.000000000000000
    -0.000000000000000     0.000000000000000     9.696337472371397
55 56
    -0.015432216503086     0.000000000000000     0.000000000000000
    -0.000000000000000    -0.057780722897860     0.000000000000000
     0.000000000000000     0.000000000000000    -0.057780722897860
55 57
    -0.133864037968579     0.024354182278330     0.024354182278330
     0.024354182278330    -0.011315208018914    -0.009925772428687
     0.024354182278330    -0.009925772428687    -0.011315208018914
55 58
     0.003274804578268     0.012843773583882     0.012843773583882
     0.012843773583882     0.003274804578268    -0.012843773583882
     0.012843773583882    -0.012843773583882     0.003274804578268
55 59
     0.069928232653638     0.035338320594747     0.035007932092412
     0.035338320594747     0.069928232653638    -0.035007932092412
     0.035007932092412    -0.035007932092412    -0.031492912864906
55 60
    -0.011315208018914     0.024354182278330     0.009925772428687
     0.024354182278330    -0.133864037968578    -0.024354182278330
     0.009925772428687    -0.024354182278330    -0.011315208018914
55 61
     0.069928232653638     0.035007932092412     0.035338320594747
     0.035007932092412    -0.031492912864905    -0.035007932092412
     0.035338320594747    -0.035007932092412     0.069928232653638
55 62
    -0.011315208018914     0.009925772428687     0.024354182278330
     0.009925772428687    -0.011315208018914    -0.024354182278330
     0.024354182278330    -0.024354182278330    -0.133864037968579
55 63
    -2.341654446252050     1.196902454830706     1.196902454830706
     1.196902454830706    -2.341654446252051    -1.196902454830706
     1.196902454830706    -1.196902454830707    -2.341654446252051
55 64
    -0.031492912864905     0.035007932092412     0.035007932092412
     0.035007932092412     0.069928232653638    -0.035338320594747
     0.035007932092412    -0.035338320594747     0.069928232653638
56 1
    -0.034163283532962    -0.037615269320668    -0.012843031709053
    -0.037615269320668    -0.034163283532962     0.012843031709053
     0.012843031709053    -0.012843031709053     0.018478612139461
56 2
    -0.034163283532962     0.037615269320668    -0.012843031709053
     0.037615269320668    -0.034163283532962    -0.012843031709053
     0.012843031709053     0.012843031709053     0.018478612139461
56 3
    -0.034163283532962     0.037615269320668     0.012843031709053
     0.037615269320668    -0.034163283532962     0.012843031709053
    -0.012843031709053    -0.012843031709053     0.018478612139461
56 4
    -0.034163283532962    -0.037615269320668     0.012843031709053
    -0.037615269320668    -0.034163283532962    -0.012843031709053
    -0.012843031709053     0.012843031709053     0.018478612139461
56 5
    -0.158355902283347     0.156713285832666    -0.072948118759086
     0.156713285832666    -0.158355902283347     0.072948118759086
     0.072948118759086    -0.072948118759086     0.319300378862408
56 6
    -0.158355902283347    -0.156713285832666    -0.072948118759086
    -0.156713285832666    -0.158355902283347    -0.072948118759086
     0.072948118759086     0.072948118759086     0.319300378862408
56 7
    -0.158355902283347    -0.156713285832666     0.072948118759086
    -0.156713285832666    -0.158355902283347     0.072948118759086
    -0.072948118759086    -0.072948118759086     0.319300378862408
56 8
    -0.158355902283347     0.156713285832666     0.072948118759086
     0.156713285832666    -0.158355902283347    -0.072948118759086
    -0.072948118759086     0.072948118759086     0.319300378862408
56 9
    -0.133864037968578     0.024354182278330    -0.024354182278330
     0.024354182278330    -0.011315208018914     0.009925772428687
    -0.024354182278330     0.009925772428687    -0.011315208018914
56 10
     0.003274804578268     0.012843773583882    -0.012843773583882
     0.012843773583882     0.003274804578268     0.012843773583882
    -0.012843773583882     0.012843773583882     0.003274804578268
56 11
     0.069928232653638     0.035338320594747    -0.035007932092412
     0.035338320594747     0.069928232653638     0.035007932092412
    -0.035007932092412     0.035007932092412    -0.031492912864906
56 12
    -0.011315208018914     0.024354182278330    -0.009925772428687
     0.024354182278330    -0.133864037968578     0.024354182278330
    -0.009925772428687     0.024354182278330    -0.011315208018914
56 13
     0.069928232653638     0.035007932092412    -0.035338320594747
     0.035007932092412    -0.031492912864906     0.035007932092412
    -0.035338320594747     0.035007932092412     0.069928232653638
56 14
    -0.011315208018914     0.009925772428687    -0.024354182278330
     0.009925772428687    -0.011315208018914     0.024354182278330
    -0.024354182278330     0.024354182278330    -0.133864037968579
56 15
    -2.341654446252051     1.196902454830706    -1.196902454830706
     1.196902454830706    -2.341654446252050     1.196902454830706
    -1.196902454830707     1.196902454830706    -2.341654446252051
56 16
    -0.031492912864906     0.035007932092412    -0.035007932092412
     0.035007932092412     0.069928232653638     0.035338320594747
    -0.035007932092412     0.035338320594747     0.069928232653638
56 17
    -0.034163283532962    -0.012843031709053    -0.037615269320668
     0.012843031709053     0.018478612139461    -0.012843031709053
    -0.037615269320668     0.012843031709053    -0.034163283532962
56 18
    -0.034163283532962    -0.012843031709053     0.037615269320668
     0.012843031709053     0.018478612139461     0.012843031709053
     0.037615269320668    -0.012843031709053    -0.034163283532962
56 19
    -0.158355902283347    -0.072948118759086     0.156713285832666
     0.072948118759086     0.319300378862408    -0.072948118759086
     0.156713285832666     0.072948118759086    -0.158355902283347
56 20
    -0.158355902283347    -0.072948118759086    -0.156713285832666
     0.072948118759086     0.319300378862408     0.072948118759086
    -0.156713285832666    -0.072948118759086    -0.158355902283347
56 21
    -0.034163283532962     0.012843031709053     0.037615269320668
    -0.012843031709053     0.018478612139461    -0.012843031709053
     0.037615269320668     0.012843031709053    -0.034163283532962
56 22
    -0.034163283532962     0.012843031709053    -0.037615269320668
    -0.012843031709053     0.018478612139461     0.012843031709053
    -0.037615269320668    -0.012843031709053    -0.034163283532962
56 23
    -0.158355902283347     0.072948118759086    -0.156713285832666
    -0.072948118759086     0.319300378862408    -0.072948118759086
    -0.156713285832666     0.072948118759086    -0.158355902283347
56 24
    -0.158355902283347     0.072948118759086     0.156713285832666
    -0.072948118759086     0.319300378862408     0.072948118759086
     0.156713285832666    -0.072948118759086    -0.158355902283347
56 25
    -0.133864037968578    -0.024354182278330     0.024354182278330
    -0.024354182278330    -0.011315208018914     0.009925772428687
     0.024354182278330     0.009925772428687    -0.011315208018914
56 26
     0.003274804578268    -0.012843773583882     0.012843773583882
    -0.012843773583882     0.003274804578268     0.012843773583882
     0.012843773583882     0.012843773583882     0.003274804578268
56 27
     0.069928232653638    -0.035338320594747     0.035007932092412
    -0.035338320594747     0.069928232653638     0.035007932092412
     0.035007932092412     0.035007932092412    -0.031492912864906
56 28
    -0.011315208018914    -0.024354182278330     0.009925772428687
    -0.024354182278330    -0.133864037968578     0.024354182278330
     0.009925772428687     0.024354182278330    -0.011315208018914
56 29
     0.069928232653638    -0.035007932092412     0.035338320594747
    -0.035007932092412    -0.031492912864906     0.035007932092412
     0.035338320594747     0.035007932092412     0.069928232653638
56 30
    -0.011315208018914    -0.009925772428687     0.024354182278330
    -0.009925772428687    -0.011315208018914     0.024354182278330
     0.024354182278330     0.024354182278330    -0.133864037968578
56 31
    -2.341654446252051    -1.196902454830706     1.196902454830705
    -1.196902454830706    -2.341654446252050     1.196902454830706
     1.196902454830707     1.196902454830706    -2.341654446252051
56 32
    -0.031492912864905    -0.035007932092412     0.035007932092412
    -0.035007932092412     0.069928232653638     0.035338320594747
     0.035007932092412     0.035338320594747     0.069928232653638
56 33
     0.018478612139461     0.012843031709053     0.012843031709053
    -0.012843031709053    -0.034163283532962     0.037615269320668
    -0.012843031709053     0.037615269320668    -0.034163283532962
56 34
     0.319300378862408     0.072948118759086     0.072948118759086
    -0.072948118759086    -0.158355902283347    -0.156713285832666
    -0.072948118759086    -0.156713285832666    -0.158355902283347
56 35
     0.018478612139461     0.012843031709053    -0.012843031709053
    -0.012843031709053    -0.034163283532962    -0.037615269320668
     0.012843031709053    -0.037615269320668    -0.034163283532962
56 36
     0.319300378862408     0.072948118759086    -0.072948118759086
    -0.072948118759086    -0.158355902283347     0.156713285832666
     0.072948118759086     0.156713285832666    -0.158355902283347
56 37
     0.018478612139461    -0.012843031709053     0.012843031709053
     0.012843031709053    -0.034163283532962    -0.037615269320668
    -0.012843031709053    -0.037615269320668    -0.034163283532962
56 38
     0.319300378862408    -0.072948118759086     0.072948118759086
     0.072948118759086    -0.158355902283347     0.156713285832666
    -0.072948118759086     0.156713285832666    -0.158355902283347
56 39
     0.018478612139461    -0.012843031709053    -0.012843031709053
     0.012843031709053    -0.034163283532962     0.037615269320668
     0.012843031709053     0.037615269320668    -0.034163283532962
56 40
     0.319300378862408    -0.072948118759086    -0.072948118759086
     0.072948118759086    -0.158355902283347    -0.156713285832666
     0.072948118759086    -0.156713285832666    -0.158355902283347
56 41
     0.003274804578268    -0.012843773583882    -0.012843773583882
    -0.012843773583882     0.003274804578268    -0.012843773583882
    -0.012843773583882    -0.012843773583882     0.003274804578268
56 42
    -0.133864037968578    -0.024354182278330    -0.024354182278330
    -0.024354182278330    -0.011315208018914    -0.009925772428687
    -0.024354182278330    -0.009925772428687    -0.011315208018914
56 43
    -0.011315208018914    -0.024354182278330    -0.009925772428687
    -0.024354182278330    -0.133864037968578    -0.024354182278330
    -0.009925772428687    -0.024354182278330    -0.011315208018914
56 44
     0.069928232653638    -0.035338320594747    -0.035007932092412
    -0.035338320594747     0.069928232653638    -0.035007932092412
    -0.035007932092412    -0.035007932092412    -0.031492912864906
56 45
    -0.011315208018914    -0.009925772428687    -0.024354182278330
    -0.009925772428687    -0.011315208018914    -0.024354182278330
    -0.024354182278330    -0.024354182278330    -0.133864037968578
56 46
     0.069928232653638    -0.035007932092412    -0.035338320594747
    -0.035007932092412    -0.031492912864906    -0.035007932092412
    -0.035338320594747    -0.035007932092412     0.069928232653638
56 47
    -0.031492912864905    -0.035007932092412    -0.035007932092412
    -0.035007932092412     0.069928232653638    -0.035338320594747
    -0.035007932092412    -0.035338320594747     0.069928232653638
56 48
    -2.341654446252051    -1.196902454830706    -1.196902454830706
    -1.196902454830706    -2.341654446252050    -1.196902454830706
    -1.196902454830707    -1.196902454830706    -2.341654446252051
56 49
     0.002996701471147     0.000000000000000    -0.000000000000000
     0.000000000000000     0.002996701471147     0.000000000000000
     0.000000000000000    -0.000000000000000     0.002996701471147
56 50
     0.250247780888912     0.000000000000000    -0.000000000000000
    -0.000000000000000    -0.041754298479191     0.000000000000000
     0.000000000000000     0.000000000000000    -0.041754298479191
56 51
    -0.041754298479191    -0.000000000000000     0.000000000000000
     0.000000000000000     0.250247780888912     0.000000000000000
    -0.000000000000000     0.000000000000000    -0.041754298479191
56 52
    -0.057780722897860    -0.000000000000000     0.000000000000000
     0.000000000000000    -0.057780722897860     0.000000000000000
     0.000000000000000     0.000000000000000    -0.015432216503086
56 53
    -0.041754298479191     0.000000000000000    -0.000000000000000
     0.000000000000000    -0.041754298479191     0.000000000000000
     0.000000000000000     0.000000000000000     0.250247780888913
56 54
    -0.057780722897860    -0.000000000000000    -0.000000000000000
     0.000000000000000    -0.015432216503086    -0.000000000000000
     0.000000000000000     0.000000000000000    -0.057780722897860
56 55
    -0.015432216503086    -0.000000000000000     0.000000000000000
     0.000000000000000    -0.057780722897860     0.000000000000000
     0.000000000000000     0.000000000000000    -0.057780722897860
56 56
     9.696337472371395     0.000000000000000     0.000000000000000
     0.000000000000000     9.696337472371393     0.000000000000000
     0.000000000000000     0.000000000000000     9.696337472371397
56 57
     0.003274804578268     0.012843773583882     0.012843773583882
     0.012843773583882     0.003274804578268    -0.012843773583882
     0.012843773583882    -0.012843773583882     0.003274804578268
56 58
    -0.133864037968578     0.024354182278330     0.024354182278330
     0.024354182278330    -0.011315208018914    -0.009925772428687
     0.024354182278330    -0.009925772428687    -0.011315208018914
56 59
    -0.011315208018914     0.024354182278330     0.009925772428687
     0.024354182278330    -0.133864037968578    -0.024354182278330
     0.009925772428687    -0.024354182278330    -0.011315208018914
56 60
     0.069928232653638     0.035338320594747     0.035007932092412
     0.035338320594747     0.069928232653638    -0.035007932092412
     0.035007932092412    -0.035007932092412    -0.031492912864906
56 61
    -0.011315208018914     0.009925772428687     0.024354182278330
     0.009925772428687    -0.011315208018914    -0.024354182278330
     0.024354182278330    -0.024354182278330    -0.133864037968579
56 62
     0.069928232653638     0.035007932092412     0.035338320594747
     0.035007932092412    -0.031492912864905    -0.035007932092412
     0.035338320594747    -0.035007932092412     0.069928232653638
56 63
    -0.031492912864905     0.035007932092412     0.035007932092412
     0.035007932092412     0.069928232653638    -0.035338320594747
     0.035007932092412    -0.035338320594747     0.069928232653638
56 64
    -2.341654446252050     1.196902454830706     1.196902454830706
     1.196902454830706    -2.341654446252050    -1.196902454830706
     1.196902454830706    -1.196902454830706    -2.341654446252051
57 1
    -2.341654446252051     1.196902454830707    -1.196902454830706
     1.196902454830706    -2.341654446252051     1.196902454830706
    -1.196902454830706     1.196902454830706    -2.341654446252050
57 2
    -0.031492912864906     0.035007932092412    -0.035007932092412
     0.035007932092412     0.069928232653638     0.035338320594747
    -0.035007932092412     0.035338320594747     0.069928232653638
57 3
     0.069928232653638     0.035007932092412    -0.035338320594747
     0.035007932092412    -0.031492912864906     0.035007932092412
    -0.035338320594747     0.035007932092412     0.069928232653638
57 4
    -0.011315208018914     0.009925772428687    -0.024354182278330
     0.009925772428687    -0.011315208018914     0.024354182278330
    -0.024354182278330     0.024354182278330    -0.133864037968578
57 5
     0.069928232653638     0.035338320594747    -0.035007932092412
     0.035338320594747     0.069928232653638     0.035007932092412
    -0.035007932092412     0.035007932092412    -0.031492912864905
57 6
    -0.011315208018914     0.024354182278330    -0.009925772428687
     0.024354182278330    -0.133864037968578     0.024354182278330
    -0.009925772428687     0.024354182278330    -0.011315208018914
57 7
    -0.133864037968579     0.024354182278330    -0.024354182278330
     0.024354182278330    -0.011315208018914     0.009925772428687
    -0.024354182278330     0.009925772428687    -0.011315208018914
57 8
     0.003274804578268     0.012843773583882    -0.012843773583882
     0.012843773583882     0.003274804578268     0.012843773583882
    -0.012843773583882     0.012843773583882     0.003274804578268
57 9
    -0.158355902283347    -0.156713285832666     0.072948118759086
    -0.156713285832666    -0.158355902283347     0.072948118759086
    -0.072948118759086    -0.072948118759086     0.319300378862408
57 10
    -0.158355902283347     0.156713285832666     0.072948118759086
     0.156713285832666    -0.158355902283347    -0.072948118759086
    -0.072948118759086     0.072948118759086     0.319300378862408
57 11
    -0.158355902283347     0.156713285832666    -0.072948118759086
     0.156713285832666    -0.158355902283347     0.072948118759086
     0.072948118759086    -0.072948118759086     0.319300378862408
57 12
    -0.158355902283347    -0.156713285832666    -0.072948118759086
    -0.156713285832666    -0.158355902283347    -0.072948118759086
     0.072948118759086     0.072948118759086     0.319300378862408
57 13
    -0.034163283532962     0.037615269320668     0.012843031709053
     0.037615269320668    -0.034163283532962     0.012843031709053
    -0.012843031709053    -0.012843031709053     0.018478612139461
57 14
    -0.034163283532962    -0.037615269320668     0.012843031709053
    -0.037615269320668    -0.034163283532962    -0.012843031709053
    -0.012843031709053     0.012843031709053     0.018478612139461
57 15
    -0.034163283532962    -0.037615269320668    -0.012843031709053
    -0.037615269320668    -0.034163283532962     0.012843031709053
     0.012843031709053    -0.012843031709053     0.018478612139461
57 16
    -0.034163283532962     0.037615269320668    -0.012843031709053
     0.037615269320668    -0.034163283532962    -0.012843031709053
     0.012843031709053     0.012843031709053     0.018478612139461
57 17
    -2.341654446252051    -1.196902454830707     1.196902454830706
    -1.196902454830706    -2.341654446252051     1.196902454830706
     1.196902454830706     1.196902454830706    -2.341654446252050
57 18
    -0.031492912864906    -0.035007932092412     0.035007932092412
    -0.035007932092412     0.069928232653638     0.035338320594747
     0.035007932092412     0.035338320594747     0.069928232653638
57 19
     0.069928232653638    -0.035007932092412     0.035338320594747
    -0.035007932092412    -0.031492912864905     0.035007932092412
     0.035338320594747     0.035007932092412     0.069928232653638
57 20
    -0.011315208018914    -0.009925772428687     0.024354182278330
    -0.009925772428687    -0.011315208018914     0.024354182278330
     0.024354182278330     0.024354182278330    -0.133864037968578
57 21
     0.069928232653638    -0.035338320594747     0.035007932092412
    -0.035338320594747     0.069928232653638     0.035007932092412
     0.035007932092412     0.035007932092412    -0.031492912864906
57 22
    -0.011315208018914    -0.024354182278330     0.009925772428687
    -0.024354182278330    -0.133864037968578     0.024354182278330
     0.009925772428687     0.024354182278330    -0.011315208018914
57 23
    -0.133864037968579    -0.024354182278330     0.024354182278330
    -0.024354182278330    -0.011315208018914     0.009925772428687
     0.024354182278330     0.009925772428687    -0.011315208018914
57 24
     0.003274804578268    -0.012843773583882     0.012843773583882
    -0.012843773583882     0.003274804578268     0.012843773583882
     0.012843773583882     0.012843773583882     0.003274804578268
57 25
    -0.158355902283347     0.072948118759086    -0.156713285832666
    -0.072948118759086     0.319300378862408    -0.072948118759086
    -0.156713285832666     0.072948118759086    -0.158355902283347
57 26
    -0.158355902283347     0.072948118759086     0.156713285832666
    -0.072948118759086     0.319300378862408     0.072948118759086
     0.156713285832666    -0.072948118759086    -0.158355902283347
57 27
    -0.034163283532962     0.012843031709053     0.037615269320668
    -0.012843031709053     0.018478612139461    -0.012843031709053
     0.037615269320668     0.012843031709053    -0.034163283532962
57 28
    -0.034163283532962     0.012843031709053    -0.037615269320668
    -0.012843031709053     0.018478612139461     0.012843031709053
    -0.037615269320668    -0.012843031709053    -0.034163283532962
57 29
    -0.158355902283347    -0.072948118759086     0.156713285832666
     0.072948118759086     0.319300378862408    -0.072948118759086
     0.156713285832666     0.072948118759086    -0.158355902283347
57 30
    -0.158355902283347    -0.072948118759086    -0.156713285832666
     0.072948118759086     0.319300378862408     0.072948118759086
    -0.156713285832666    -0.072948118759086    -0.158355902283347
57 31
    -0.034163283532962    -0.012843031709053    -0.037615269320668
     0.012843031709053     0.018478612139461    -0.012843031709053
    -0.037615269320668     0.012843031709053    -0.034163283532962
57 32
    -0.034163283532962    -0.012843031709053     0.037615269320668
     0.012843031709053     0.018478612139461     0.012843031709053
     0.037615269320668    -0.012843031709053    -0.034163283532962
57 33
    -2.341654446252051    -1.196902454830706    -1.196902454830707
    -1.196902454830706    -2.341654446252050    -1.196902454830706
    -1.196902454830706    -1.196902454830706    -2.341654446252051
57 34
    -0.031492912864906    -0.035007932092412    -0.035007932092412
    -0.035007932092412     0.069928232653638    -0.035338320594747
    -0.035007932092412    -0.035338320594747     0.069928232653638
57 35
     0.069928232653638    -0.035007932092412    -0.035338320594747
    -0.035007932092412    -0.031492912864905    -0.035007932092412
    -0.035338320594747    -0.035007932092412     0.069928232653638
57 36
    -0.011315208018914    -0.009925772428687    -0.024354182278330
    -0.009925772428687    -0.011315208018914    -0.024354182278330
    -0.024354182278330    -0.024354182278330    -0.133864037968578
57 37
     0.069928232653638    -0.035338320594747    -0.035007932092412
    -0.035338320594747     0.069928232653638    -0.035007932092412
    -0.035007932092412    -0.035007932092412    -0.031492912864905
57 38
    -0.011315208018914    -0.024354182278330    -0.009925772428687
    -0.024354182278330    -0.133864037968578    -0.024354182278330
    -0.009925772428687    -0.024354182278330    -0.011315208018914
57 39
    -0.133864037968579    -0.024354182278330    -0.024354182278330
    -0.024354182278330    -0.011315208018914    -0.009925772428687
    -0.024354182278330    -0.009925772428687    -0.011315208018914
57 40
     0.003274804578268    -0.012843773583882    -0.012843773583882
    -0.012843773583882     0.003274804578268    -0.012843773583882
    -0.012843773583882    -0.012843773583882     0.003274804578268
57 41
     0.319300378862408    -0.072948118759086    -0.072948118759086
     0.072948118759086    -0.158355902283347    -0.156713285832666
     0.072948118759086    -0.156713285832666    -0.158355902283347
57 42
     0.018478612139461    -0.012843031709053    -0.012843031709053
     0.012843031709053    -0.034163283532962     0.037615269320668
     0.012843031709053     0.037615269320668    -0.034163283532962
57 43
     0.319300378862408    -0.072948118759086     0.072948118759086
     0.072948118759086    -0.158355902283347     0.156713285832666
    -0.072948118759086     0.156713285832666    -0.158355902283347
57 44
     0.018478612139461    -0.012843031709053     0.012843031709053
     0.012843031709053    -0.034163283532962    -0.037615269320668
    -0.012843031709053    -0.037615269320668    -0.034163283532962
57 45
     0.319300378862408     0.072948118759086    -0.072948118759086
    -0.072948118759086    -0.158355902283347     0.156713285832666
     0.072948118759086     0.156713285832666    -0.158355902283347
57 46
     0.018478612139461     0.012843031709053    -0.012843031709053
    -0.012843031709053    -0.034163283532962    -0.037615269320668
     0.012843031709053    -0.037615269320668    -0.034163283532962
57 47
     0.319300378862408     0.072948118759086     0.072948118759086
    -0.072948118759086    -0.158355902283347    -0.156713285832666
    -0.072948118759086    -0.156713285832666    -0.158355902283347
57 48
     0.018478612139461     0.012843031709053     0.012843031709053
    -0.012843031709053    -0.034163283532962     0.037615269320668
    -0.012843031709053     0.037615269320668    -0.034163283532962
57 49
    -2.341654446252051     1.196902454830707     1.196902454830706
     1.196902454830706    -2.341654446252051    -1.196902454830706
     1.196902454830706    -1.196902454830706    -2.341654446252050
57 50
    -0.031492912864906     0.035007932092412     0.035007932092412
     0.035007932092412     0.069928232653638    -0.035338320594747
     0.035007932092412    -0.035338320594747     0.069928232653638
57 51
     0.069928232653638     0.035007932092412     0.035338320594747
     0.035007932092412    -0.031492912864906    -0.035007932092412
     0.035338320594747    -0.035007932092412     0.069928232653638
57 52
    -0.011315208018914     0.009925772428687     0.024354182278330
     0.009925772428687    -0.011315208018914    -0.024354182278330
     0.024354182278330    -0.024354182278330    -0.133864037968578
57 53
     0.069928232653638     0.035338320594747     0.035007932092412
     0.035338320594747     0.069928232653638    -0.035007932092412
     0.035007932092412    -0.035007932092412    -0.031492912864906
57 54
    -0.011315208018914     0.024354182278330     0.009925772428687
     0.024354182278330    -0.133864037968578    -0.024354182278330
     0.009925772428687    -0.024354182278330    -0.011315208018914
57 55
    -0.133864037968579     0.024354182278330     0.024354182278330
     0.024354182278330    -0.011315208018914    -0.009925772428687
     0.024354182278330    -0.009925772428687    -0.011315208018914
57 56
     0.003274804578268     0.012843773583882     0.012843773583882
     0.012843773583882     0.003274804578268    -0.012843773583882
     0.012843773583882    -0.012843773583882     0.003274804578268
57 57
     9.696337472371397    -0.000000000000000     0.000000000000000
    -0.000000000000000     9.696337472371397    -0.000000000000000
     0.000000000000000    -0.000000000000000     9.696337472371393
57 58
    -0.015432216503086    -0.000000000000000     0.000000000000000
     0.000000000000000    -0.057780722897860     0.000000000000000
    -0.000000000000000    -0.000000000000000    -0.057780722897860
57 59
    -0.057780722897860    -0.000000000000000     0.000000000000000
    -0.000000000000000    -0.015432216503086     0.000000000000000
     0.000000000000000    -0.000000000000000    -0.057780722897860
57 60
    -0.041754298479191    -0.000000000000000     0.000000000000000
     0.000000000000000    -0.041754298479191    -0.000000000000000
     0.000000000000000    -0.000000000000000     0.250247780888912
57 61
    -0.057780722897860    -0.000000000000000     0.000000000000000
     0.000000000000000    -0.057780722897860     0.000000000000000
    -0.000000000000000    -0.000000000000000    -0.015432216503086
57 62
    -0.041754298479191     0.000000000000000     0.000000000000000
    -0.000000000000000     0.250247780888913    -0.000000000000000
     0.000000000000000    -0.000000000000000    -0.041754298479191
57 63
     0.250247780888912    -0.000000000000000     0.000000000000000
     0.000000000000000    -0.041754298479191    -0.000000000000000
    -0.000000000000000    -0.000000000000000    -0.041754298479191
57 64
     0.002996701471147    -0.000000000000000     0.000000000000000
     0.000000000000000     0.002996701471147     0.000000000000000
    -0.000000000000000    -0.000000000000000     0.002996701471147
58 1
    -0.031492912864905     0.035007932092412    -0.035007932092412
     0.035007932092412     0.069928232653638     0.035338320594747
    -0.035007932092412     0.035338320594747     0.069928232653638
58 2
    -2.341654446252051     1.196902454830706    -1.196902454830706
     1.196902454830706    -2.341654446252050     1.196902454830706
    -1.196902454830707     1.196902454830706    -2.341654446252051
58 3
    -0.011315208018914     0.009925772428687    -0.024354182278330
     0.009925772428687    -0.011315208018914     0.024354182278330
    -0.024354182278330     0.024354182278330    -0.133864037968578
58 4
     0.069928232653638     0.035007932092412    -0.035338320594747
     0.035007932092412    -0.031492912864905     0.035007932092412
    -0.035338320594747     0.035007932092412     0.069928232653638
58 5
    -0.011315208018914     0.024354182278330    -0.009925772428687
     0.024354182278330    -0.133864037968579     0.024354182278330
    -0.009925772428687     0.024354182278330    -0.011315208018914
58 6
     0.069928232653638     0.035338320594747    -0.035007932092412
     0.035338320594747     0.069928232653638     0.035007932092412
    -0.035007932092412     0.035007932092412    -0.031492912864906
58 7
     0.003274804578268     0.012843773583882    -0.012843773583882
     0.012843773583882     0.003274804578268     0.012843773583882
    -0.012843773583882     0.012843773583882     0.003274804578268
58 8
    -0.133864037968578     0.024354182278330    -0.024354182278330
     0.024354182278330    -0.011315208018914     0.009925772428687
    -0.024354182278330     0.009925772428687    -0.011315208018914
58 9
    -0.158355902283347     0.156713285832666     0.072948118759086
     0.156713285832666    -0.158355902283347    -0.072948118759086
    -0.072948118759086     0.072948118759086     0.319300378862408
58 10
    -0.158355902283347    -0.156713285832666     0.072948118759086
    -0.156713285832666    -0.158355902283347     0.072948118759086
    -0.072948118759086    -0.072948118759086     0.319300378862408
58 11
    -0.158355902283347    -0.156713285832666    -0.072948118759086
    -0.156713285832666    -0.158355902283347    -0.072948118759086
     0.072948118759086     0.072948118759086     0.319300378862408
58 12
    -0.158355902283347     0.156713285832666    -0.072948118759086
     0.156713285832666    -0.158355902283347     0.072948118759086
     0.072948118759086    -0.072948118759086     0.319300378862408
58 13
    -0.034163283532962    -0.037615269320668     0.012843031709053
    -0.037615269320668    -0.034163283532962    -0.012843031709053
    -0.012843031709053     0.012843031709053     0.018478612139461
58 14
    -0.034163283532962     0.037615269320668     0.012843031709053
     0.037615269320668    -0.034163283532962     0.012843031709053
    -0.012843031709053    -0.012843031709053     0.018478612139461
58 15
    -0.034163283532962     0.037615269320668    -0.012843031709053
     0.037615269320668    -0.034163283532962    -0.012843031709053
     0.012843031709053     0.012843031709053     0.018478612139461
58 16
    -0.034163283532962    -0.037615269320668    -0.012843031709053
    -0.037615269320668    -0.034163283532962     0.012843031709053
     0.012843031709053    -0.012843031709053     0.018478612139461
58 17
    -0.031492912864905    -0.035007932092412     0.035007932092412
    -0.035007932092412     0.069928232653638     0.035338320594747
     0.035007932092412     0.035338320594747     0.069928232653638
58 18
    -2.341654446252050    -1.196902454830706     1.196902454830706
    -1.196902454830706    -2.341654446252050     1.196902454830706
     1.196902454830706     1.196902454830706    -2.341654446252051
58 19
    -0.011315208018914    -0.009925772428687     0.024354182278330
    -0.009925772428687    -0.011315208018914     0.024354182278330
     0.024354182278330     0.024354182278330    -0.133864037968579
58 20
     0.069928232653638    -0.035007932092412     0.035338320594747
    -0.035007932092412    -0.031492912864906     0.035007932092412
     0.035338320594747     0.035007932092412     0.069928232653638
58 21
    -0.011315208018914    -0.024354182278330     0.009925772428687
    -0.024354182278330    -0.133864037968578     0.024354182278330
     0.009925772428687     0.024354182278330    -0.011315208018914
58 22
     0.069928232653638    -0.035338320594747     0.035007932092412
    -0.035338320594747     0.069928232653638     0.035007932092412
     0.035007932092412     0.035007932092412    -0.031492912864906
58 23
     0.003274804578268    -0.012843773583882     0.012843773583882
    -0.012843773583882     0.003274804578268     0.012843773583882
     0.012843773583882     0.012843773583882     0.003274804578268
58 24
    -0.133864037968578    -0.024354182278330     0.024354182278330
    -0.024354182278330    -0.011315208018914     0.009925772428687
     0.024354182278330     0.009925772428687    -0.011315208018914
58 25
    -0.158355902283347     0.072948118759086     0.156713285832666
    -0.072948118759086     0.319300378862408     0.072948118759086
     0.156713285832666    -0.072948118759086    -0.158355902283347
58 26
    -0.158355902283347     0.072948118759086    -0.156713285832666
    -0.072948118759086     0.319300378862408    -0.072948118759086
    -0.156713285832666     0.072948118759086    -0.158355902283347
58 27
    -0.034163283532962     0.012843031709053    -0.037615269320668
    -0.012843031709053     0.018478612139461     0.012843031709053
    -0.037615269320668    -0.012843031709053    -0.034163283532962
58 28
    -0.034163283532962     0.012843031709053     0.037615269320668
    -0.012843031709053     0.018478612139461    -0.012843031709053
     0.037615269320668     0.012843031709053    -0.034163283532962
58 29
    -0.158355902283347    -0.072948118759086    -0.156713285832666
     0.072948118759086     0.319300378862408     0.072948118759086
    -0.156713285832666    -0.072948118759086    -0.158355902283347
58 30
    -0.158355902283347    -0.072948118759086     0.156713285832666
     0.072948118759086     0.319300378862408    -0.072948118759086
     0.156713285832666     0.072948118759086    -0.158355902283347
58 31
    -0.034163283532962    -0.012843031709053     0.037615269320668
     0.012843031709053     0.018478612139461     0.012843031709053
     0.037615269320668    -0.012843031709053    -0.034163283532962
58 32
    -0.034163283532962    -0.012843031709053    -0.037615269320668
     0.012843031709053     0.018478612139461    -0.012843031709053
    -0.037615269320668     0.012843031709053    -0.034163283532962
58 33
    -0.031492912864905    -0.035007932092412    -0.035007932092412
    -0.035007932092412     0.069928232653638    -0.035338320594747
    -0.035007932092412    -0.035338320594747     0.069928232653638
58 34
    -2.341654446252050    -1.196902454830706    -1.196902454830706
    -1.196902454830706    -2.341654446252050    -1.196902454830706
    -1.196902454830706    -1.196902454830706    -2.341654446252051
58 35
    -0.011315208018914    -0.009925772428687    -0.024354182278330
    -0.009925772428687    -0.011315208018914    -0.024354182278330
    -0.024354182278330    -0.024354182278330    -0.133864037968579
58 36
     0.069928232653638    -0.035007932092412    -0.035338320594747
    -0.035007932092412    -0.031492912864905    -0.035007932092412
    -0.035338320594747    -0.035007932092412     0.069928232653638
58 37
    -0.011315208018914    -0.024354182278330    -0.009925772428687
    -0.024354182278330    -0.133864037968579    -0.024354182278330
    -0.009925772428687    -0.024354182278330    -0.011315208018914
58 38
     0.069928232653638    -0.035338320594747    -0.035007932092412
    -0.035338320594747     0.069928232653638    -0.035007932092412
    -0.035007932092412    -0.035007932092412    -0.031492912864906
58 39
     0.003274804578268    -0.012843773583882    -0.012843773583882
    -0.012843773583882     0.003274804578268    -0.012843773583882
    -0.012843773583882    -0.012843773583882     0.003274804578268
58 40
    -0.133864037968579    -0.024354182278330    -0.024354182278330
    -0.024354182278330    -0.011315208018914    -0.009925772428687
    -0.024354182278330    -0.009925772428687    -0.011315208018914
58 41
     0.018478612139461    -0.012843031709053    -0.012843031709053
     0.012843031709053    -0.034163283532962     0.037615269320668
     0.012843031709053     0.037615269320668    -0.034163283532962
58 42
     0.319300378862408    -0.072948118759086    -0.072948118759086
     0.072948118759086    -0.158355902283347    -0.156713285832666
     0.072948118759086    -0.156713285832666    -0.158355902283347
58 43
     0.018478612139461    -0.012843031709053     0.012843031709053
     0.012843031709053    -0.034163283532962    -0.037615269320668
    -0.012843031709053    -0.037615269320668    -0.034163283532962
58 44
     0.319300378862408    -0.072948118759086     0.072948118759086
     0.072948118759086    -0.158355902283347     0.156713285832666
    -0.072948118759086     0.156713285832666    -0.158355902283347
58 45
     0.018478612139461     0.012843031709053    -0.012843031709053
    -0.012843031709053    -0.034163283532962    -0.037615269320668
     0.012843031709053    -0.037615269320668    -0.034163283532962
58 46
     0.319300378862408     0.072948118759086    -0.072948118759086
    -0.072948118759086    -0.158355902283347     0.156713285832666
     0.072948118759086     0.156713285832666    -0.158355902283347
58 47
     0.018478612139461     0.012843031709053     0.012843031709053
    -0.012843031709053    -0.034163283532962     0.037615269320668
    -0.012843031709053     0.037615269320668    -0.034163283532962
58 48
     0.319300378862408     0.072948118759086     0.072948118759086
    -0.072948118759086    -0.158355902283347    -0.156713285832666
    -0.072948118759086    -0.156713285832666    -0.158355902283347
58 49
    -0.031492912864905     0.035007932092412     0.035007932092412
     0.035007932092412     0.069928232653638    -0.035338320594747
     0.035007932092412    -0.035338320594747     0.069928232653638
58 50
    -2.341654446252050     1.196902454830706     1.196902454830706
     1.196902454830706    -2.341654446252050    -1.196902454830706
     1.196902454830706    -1.196902454830706    -2.341654446252051
58 51
    -0.011315208018914     0.009925772428687     0.024354182278330
     0.009925772428687    -0.011315208018914    -0.024354182278330
     0.024354182278330    -0.024354182278330    -0.133864037968578
58 52
     0.069928232653638     0.035007932092412     0.035338320594747
     0.035007932092412    -0.031492912864905    -0.035007932092412
     0.035338320594747    -0.035007932092412     0.069928232653638
58 53
    -0.011315208018914     0.024354182278330     0.009925772428687
     0.024354182278330    -0.133864037968578    -0.024354182278330
     0.009925772428687    -0.024354182278330    -0.011315208018914
58 54
     0.069928232653638     0.035338320594747     0.035007932092412
     0.035338320594747     0.069928232653638    -0.035007932092412
     0.035007932092412    -0.035007932092412    -0.031492912864906
58 55
     0.003274804578268     0.012843773583882     0.012843773583882
     0.012843773583882     0.003274804578268    -0.012843773583882
     0.012843773583882    -0.012843773583882     0.003274804578268
58 56
    -0.133864037968578     0.024354182278330     0.024354182278330
     0.024354182278330    -0.011315208018914    -0.009925772428687
     0.024354182278330    -0.009925772428687    -0.011315208018914
58 57
    -0.015432216503086     0.000000000000000    -0.000000000000000
    -0.000000000000000    -0.057780722897860    -0.000000000000000
     0.000000000000000     0.000000000000000    -0.057780722897860
58 58
     9.696337472371393    -0.000000000000000     0.000000000000000
    -0.000000000000000     9.696337472371393     0.000000000000000
     0.000000000000000     0.000000000000000     9.696337472371400
58 59
    -0.041754298479191     0.000000000000000    -0.000000000000000
    -0.000000000000000    -0.041754298479191     0.000000000000000
     0.000000000000000    -0.000000000000000     0.250247780888913
58 60
    -0.057780722897860    -0.000000000000000    -0.000000000000000
     0.000000000000000    -0.015432216503086    -0.000000000000000
     0.000000000000000    -0.000000000000000    -0.057780722897860
58 61
    -0.041754298479191     0.000000000000000    -0.000000000000000
    -0.000000000000000     0.250247780888912     0.000000000000000
    -0.000000000000000    -0.000000000000000    -0.041754298479191
58 62
    -0.057780722897860     0.000000000000000    -0.000000000000000
    -0.000000000000000    -0.057780722897860    -0.000000000000000
    -0.000000000000000    -0.000000000000000    -0.015432216503086
58 63
     0.002996701471147    -0.000000000000000    -0.000000000000000
     0.000000000000000     0.002996701471147    -0.000000000000000
    -0.000000000000000     0.000000000000000     0.002996701471147
58 64
     0.250247780888912     0.000000000000000     0.000000000000000
    -0.000000000000000    -0.041754298479191     0.000000000000000
    -0.000000000000000    -0.000000000000000    -0.041754298479191
59 1
     0.069928232653638     0.035007932092412    -0.035338320594747
     0.035007932092412    -0.031492912864906     0.035007932092412
    -0.035338320594747     0.035007932092412     0.069928232653638
59 2
    -0.011315208018914     0.009925772428687    -0.024354182278330
     0.009925772428687    -0.011315208018914     0.024354182278330
    -0.024354182278330     0.024354182278330    -0.133864037968578
59 3
    -2.341654446252050     1.196902454830706    -1.196902454830706
     1.196902454830706    -2.341654446252051     1.196902454830706
    -1.196902454830706     1.196902454830707    -2.341654446252051
59 4
    -0.031492912864906     0.035007932092412    -0.035007932092412
     0.035007932092412     0.069928232653638     0.035338320594747
    -0.035007932092412     0.035338320594747     0.069928232653638
59 5
    -0.133864037968578     0.024354182278330    -0.024354182278330
     0.024354182278330    -0.011315208018914     0.009925772428687
    -0.024354182278330     0.009925772428687    -0.011315208018914
59 6
     0.003274804578268     0.012843773583882    -0.012843773583882
     0.012843773583882     0.003274804578268     0.012843773583882
    -0.012843773583882     0.012843773583882     0.003274804578268
59 7
     0.069928232653638     0.035338320594747    -0.035007932092412
     0.035338320594747     0.069928232653638     0.035007932092412
    -0.035007932092412     0.035007932092412    -0.031492912864906
59 8
    -0.011315208018914     0.024354182278330    -0.009925772428687
     0.024354182278330    -0.133864037968578     0.024354182278330
    -0.009925772428687     0.024354182278330    -0.011315208018914
59 9
    -0.158355902283347     0.156713285832666    -0.072948118759086
     0.156713285832666    -0.158355902283347     0.072948118759086
     0.072948118759086    -0.072948118759086     0.319300378862408
59 10
    -0.158355902283347    -0.156713285832666    -0.072948118759086
    -0.156713285832666    -0.158355902283347    -0.072948118759086
     0.072948118759086     0.072948118759086     0.319300378862408
59 11
    -0.158355902283347    -0.156713285832666     0.072948118759086
    -0.156713285832666    -0.158355902283347     0.072948118759086
    -0.072948118759086    -0.072948118759086     0.319300378862408
59 12
    -0.158355902283347     0.156713285832666     0.072948118759086
     0.156713285832666    -0.158355902283347    -0.072948118759086
    -0.072948118759086     0.072948118759086     0.319300378862408
59 13
    -0.034163283532962    -0.037615269320668    -0.012843031709053
    -0.037615269320668    -0.034163283532962     0.012843031709053
     0.012843031709053    -0.012843031709053     0.018478612139461
59 14
    -0.034163283532962     0.037615269320668    -0.012843031709053
     0.037615269320668    -0.034163283532962    -0.012843031709053
     0.012843031709053     0.012843031709053     0.018478612139461
59 15
    -0.034163283532962     0.037615269320668     0.012843031709053
     0.037615269320668    -0.034163283532962     0.012843031709053
    -0.012843031709053    -0.012843031709053     0.018478612139461
59 16
    -0.034163283532962    -0.037615269320668     0.012843031709053
    -0.037615269320668    -0.034163283532962    -0.012843031709053
    -0.012843031709053     0.012843031709053     0.018478612139461
59 17
     0.069928232653638    -0.035007932092412     0.035338320594747
    -0.035007932092412    -0.031492912864905     0.035007932092412
     0.035338320594747     0.035007932092412     0.069928232653638
59 18
    -0.011315208018914    -0.009925772428687     0.024354182278330
    -0.009925772428687    -0.011315208018914     0.024354182278330
     0.024354182278330     0.024354182278330    -0.133864037968579
59 19
    -2.341654446252050    -1.196902454830706     1.196902454830706
    -1.196902454830706    -2.341654446252050     1.196902454830706
     1.196902454830706     1.196902454830706    -2.341654446252051
59 20
    -0.031492912864905    -0.035007932092412     0.035007932092412
    -0.035007932092412     0.069928232653638     0.035338320594747
     0.035007932092412     0.035338320594747     0.069928232653638
59 21
    -0.133864037968578    -0.024354182278330     0.024354182278330
    -0.024354182278330    -0.011315208018914     0.009925772428687
     0.024354182278330     0.009925772428687    -0.011315208018914
59 22
     0.003274804578268    -0.012843773583882     0.012843773583882
    -0.012843773583882     0.003274804578268     0.012843773583882
     0.012843773583882     0.012843773583882     0.003274804578268
59 23
     0.069928232653638    -0.035338320594747     0.035007932092412
    -0.035338320594747     0.069928232653638     0.035007932092412
     0.035007932092412     0.035007932092412    -0.031492912864906
59 24
    -0.011315208018914    -0.024354182278330     0.009925772428687
    -0.024354182278330    -0.133864037968578     0.024354182278330
     0.009925772428687     0.024354182278330    -0.011315208018914
59 25
    -0.034163283532962     0.012843031709053     0.037615269320668
    -0.012843031709053     0.018478612139461    -0.012843031709053
     0.037615269320668     0.012843031709053    -0.034163283532962
59 26
    -0.034163283532962     0.012843031709053    -0.037615269320668
    -0.012843031709053     0.018478612139461     0.012843031709053
    -0.037615269320668    -0.012843031709053    -0.034163283532962
59 27
    -0.158355902283347     0.072948118759086    -0.156713285832666
    -0.072948118759086     0.319300378862408    -0.072948118759086
    -0.156713285832666     0.072948118759086    -0.158355902283347
59 28
    -0.158355902283347     0.072948118759086     0.156713285832666
    -0.072948118759086     0.319300378862408     0.072948118759086
     0.156713285832666    -0.072948118759086    -0.158355902283347
59 29
    -0.034163283532962    -0.012843031709053    -0.037615269320668
     0.012843031709053     0.018478612139461    -0.012843031709053
    -0.037615269320668     0.012843031709053    -0.034163283532962
59 30
    -0.034163283532962    -0.012843031709053     0.037615269320668
     0.012843031709053     0.018478612139461     0.012843031709053
     0.037615269320668    -0.012843031709053    -0.034163283532962
59 31
    -0.158355902283347    -0.072948118759086     0.156713285832666
     0.072948118759086     0.319300378862408    -0.072948118759086
     0.156713285832666     0.072948118759086    -0.158355902283347
59 32
    -0.158355902283347    -0.072948118759086    -0.156713285832666
     0.072948118759086     0.319300378862408     0.072948118759086
    -0.156713285832666    -0.072948118759086    -0.158355902283347
59 33
     0.069928232653638    -0.035007932092412    -0.035338320594747
    -0.035007932092412    -0.031492912864905    -0.035007932092412
    -0.035338320594747    -0.035007932092412     0.069928232653638
59 34
    -0.011315208018914    -0.009925772428687    -0.024354182278330
    -0.009925772428687    -0.011315208018914    -0.024354182278330
    -0.024354182278330    -0.024354182278330    -0.133864037968579
59 35
    -2.341654446252050    -1.196902454830706    -1.196902454830706
    -1.196902454830706    -2.341654446252050    -1.196902454830706
    -1.196902454830706    -1.196902454830706    -2.341654446252051
59 36
    -0.031492912864906    -0.035007932092412    -0.035007932092412
    -0.035007932092412     0.069928232653638    -0.035338320594747
    -0.035007932092412    -0.035338320594747     0.069928232653638
59 37
    -0.133864037968578    -0.024354182278330    -0.024354182278330
    -0.024354182278330    -0.011315208018914    -0.009925772428687
    -0.024354182278330    -0.009925772428687    -0.011315208018914
59 38
     0.003274804578268    -0.012843773583882    -0.012843773583882
    -0.012843773583882     0.003274804578268    -0.012843773583882
    -0.012843773583882    -0.012843773583882     0.003274804578268
59 39
     0.069928232653638    -0.035338320594747    -0.035007932092412
    -0.035338320594747     0.069928232653638    -0.035007932092412
    -0.035007932092412    -0.035007932092412    -0.031492912864906
59 40
    -0.011315208018914    -0.024354182278330    -0.009925772428687
    -0.024354182278330    -0.133864037968578    -0.024354182278330
    -0.009925772428687    -0.024354182278330    -0.011315208018914
59 41
     0.319300378862408    -0.072948118759086     0.072948118759086
     0.072948118759086    -0.158355902283347     0.156713285832666
    -0.072948118759086     0.156713285832666    -0.158355902283347
59 42
     0.018478612139461    -0.012843031709053     0.012843031709053
     0.012843031709053    -0.034163283532962    -0.037615269320668
    -0.012843031709053    -0.037615269320668    -0.034163283532962
59 43
     0.319300378862408    -0.072948118759086    -0.072948118759086
     0.072948118759086    -0.158355902283347    -0.156713285832666
     0.072948118759086    -0.156713285832666    -0.158355902283347
59 44
     0.018478612139461    -0.012843031709053    -0.012843031709053
     0.012843031709053    -0.034163283532962     0.037615269320668
     0.012843031709053     0.037615269320668    -0.034163283532962
59 45
     0.319300378862408     0.072948118759086     0.072948118759086
    -0.072948118759086    -0.158355902283347    -0.156713285832666
    -0.072948118759086    -0.156713285832666    -0.158355902283347
59 46
     0.018478612139461     0.012843031709053     0.012843031709053
    -0.012843031709053    -0.034163283532962     0.037615269320668
    -0.012843031709053     0.037615269320668    -0.034163283532962
59 47
     0.319300378862408     0.072948118759086    -0.072948118759086
    -0.072948118759086    -0.158355902283347     0.156713285832666
     0.072948118759086     0.156713285832666    -0.158355902283347
59 48
     0.018478612139461     0.012843031709053    -0.012843031709053
    -0.012843031709053    -0.034163283532962    -0.037615269320668
     0.012843031709053    -0.037615269320668    -0.034163283532962
59 49
     0.069928232653638     0.035007932092412     0.035338320594747
     0.035007932092412    -0.031492912864906    -0.035007932092412
     0.035338320594747    -0.035007932092412     0.069928232653638
59 50
    -0.011315208018914     0.009925772428687     0.024354182278330
     0.009925772428687    -0.011315208018914    -0.024354182278330
     0.024354182278330    -0.024354182278330    -0.133864037968579
59 51
    -2.341654446252050     1.196902454830706     1.196902454830706
     1.196902454830706    -2.341654446252051    -1.196902454830706
     1.196902454830706    -1.196902454830707    -2.341654446252051
59 52
    -0.031492912864906     0.035007932092412     0.035007932092412
     0.035007932092412     0.069928232653638    -0.035338320594747
     0.035007932092412    -0.035338320594747     0.069928232653638
59 53
    -0.133864037968578     0.024354182278330     0.024354182278330
     0.024354182278330    -0.011315208018914    -0.009925772428687
     0.024354182278330    -0.009925772428687    -0.011315208018914
59 54
     0.003274804578268     0.012843773583882     0.012843773583882
     0.012843773583882     0.003274804578268    -0.012843773583882
     0.012843773583882    -0.012843773583882     0.003274804578268
59 55
     0.069928232653638     0.035338320594747     0.035007932092412
     0.035338320594747     0.069928232653638    -0.035007932092412
     0.035007932092412    -0.035007932092412    -0.031492912864906
59 56
    -0.011315208018914     0.024354182278330     0.009925772428687
     0.024354182278330    -0.133864037968578    -0.024354182278330
     0.009925772428687    -0.024354182278330    -0.011315208018914
59 57
    -0.057780722897860    -0.000000000000000     0.000000000000000
    -0.000000000000000    -0.015432216503086    -0.000000000000000
     0.000000000000000     0.000000000000000    -0.057780722897860
59 58
    -0.041754298479191    -0.000000000000000     0.000000000000000
     0.000000000000000    -0.041754298479191    -0.000000000000000
    -0.000000000000000     0.000000000000000     0.250247780888913
59 59
     9.696337472371393    -0.000000000000000     0.000000000000000
    -0.000000000000000     9.696337472371395     0.000000000000000
     0.000000000000000     0.000000000000000     9.696337472371399
59 60
    -0.015432216503086    -0.000000000000000     0.000000000000000
     0.000000000000000    -0.057780722897860    -0.000000000000000
    -0.000000000000000     0.000000000000000    -0.057780722897860
59 61
     0.250247780888912    -0.000000000000000     0.000000000000000
     0.000000000000000    -0.041754298479191    -0.000000000000000
    -0.000000000000000    -0.000000000000000    -0.041754298479191
59 62
     0.002996701471147    -0.000000000000000    -0.000000000000000
    -0.000000000000000     0.002996701471147    -0.000000000000000
    -0.000000000000000    -0.000000000000000     0.002996701471147
59 63
    -0.057780722897860    -0.000000000000000     0.000000000000000
     0.000000000000000    -0.057780722897860    -0.000000000000000
    -0.000000000000000     0.000000000000000    -0.015432216503086
59 64
    -0.041754298479191    -0.000000000000000     0.000000000000000
     0.000000000000000     0.250247780888912    -0.000000000000000
    -0.000000000000000    -0.000000000000000    -0.041754298479191
60 1
    -0.011315208018914     0.009925772428687    -0.024354182278330
     0.009925772428687    -0.011315208018914     0.024354182278330
    -0.024354182278330     0.024354182278330    -0.133864037968578
60 2
     0.069928232653638     0.035007932092412    -0.035338320594747
     0.035007932092412    -0.031492912864906     0.035007932092412
    -0.035338320594747     0.035007932092412     0.069928232653638
60 3
    -0.031492912864905     0.035007932092412    -0.035007932092412
     0.035007932092412     0.069928232653638     0.035338320594747
    -0.035007932092412     0.035338320594747     0.069928232653638
60 4
    -2.341654446252051     1.196902454830706    -1.196902454830706
     1.196902454830707    -2.341654446252051     1.196902454830706
    -1.196902454830706     1.196902454830706    -2.341654446252050
60 5
     0.003274804578268     0.012843773583882    -0.012843773583882
     0.012843773583882     0.003274804578268     0.012843773583882
    -0.012843773583882     0.012843773583882     0.003274804578268
60 6
    -0.133864037968578     0.024354182278330    -0.024354182278330
     0.024354182278330    -0.011315208018914     0.009925772428687
    -0.024354182278330     0.009925772428687    -0.011315208018914
60 7
    -0.011315208018914     0.024354182278330    -0.009925772428687
     0.024354182278330    -0.133864037968579     0.024354182278330
    -0.009925772428687     0.024354182278330    -0.011315208018914
60 8
     0.069928232653638     0.035338320594747    -0.035007932092412
     0.035338320594747     0.069928232653638     0.035007932092412
    -0.035007932092412     0.035007932092412    -0.031492912864905
60 9
    -0.158355902283347    -0.156713285832666    -0.072948118759086
    -0.156713285832666    -0.158355902283347    -0.072948118759086
     0.072948118759086     0.072948118759086     0.319300378862408
60 10
    -0.158355902283347     0.156713285832666    -0.072948118759086
     0.156713285832666    -0.158355902283347     0.072948118759086
     0.072948118759086    -0.072948118759086     0.319300378862408
60 11
    -0.158355902283347     0.156713285832666     0.072948118759086
     0.156713285832666    -0.158355902283347    -0.072948118759086
    -0.072948118759086     0.072948118759086     0.319300378862408
60 12
    -0.158355902283347    -0.156713285832666     0.072948118759086
    -0.156713285832666    -0.158355902283347     0.072948118759086
    -0.072948118759086    -0.072948118759086     0.319300378862408
60 13
    -0.034163283532962     0.037615269320668    -0.012843031709053
     0.037615269320668    -0.034163283532962    -0.012843031709053
     0.012843031709053     0.012843031709053     0.018478612139461
60 14
    -0.034163283532962    -0.037615269320668    -0.012843031709053
    -0.037615269320668    -0.034163283532962     0.012843031709053
     0.012843031709053    -0.012843031709053     0.018478612139461
60 15
    -0.034163283532962    -0.037615269320668     0.012843031709053
    -0.037615269320668    -0.034163283532962    -0.012843031709053
    -0.012843031709053     0.012843031709053     0.018478612139461
60 16
    -0.034163283532962     0.037615269320668     0.012843031709053
     0.037615269320668    -0.034163283532962     0.012843031709053
    -0.012843031709053    -0.012843031709053     0.018478612139461
60 17
    -0.011315208018914    -0.009925772428687     0.024354182278330
    -0.009925772428687    -0.011315208018914     0.024354182278330
     0.024354182278330     0.024354182278330    -0.133864037968578
60 18
     0.069928232653638    -0.035007932092412     0.035338320594747
    -0.035007932092412    -0.031492912864906     0.035007932092412
     0.035338320594747     0.035007932092412     0.069928232653638
60 19
    -0.031492912864905    -0.035007932092412     0.035007932092412
    -0.035007932092412     0.069928232653638     0.035338320594747
     0.035007932092412     0.035338320594747     0.069928232653638
60 20
    -2.341654446252050    -1.196902454830706     1.196902454830706
    -1.196902454830706    -2.341654446252051     1.196902454830706
     1.196902454830706     1.196902454830706    -2.341654446252050
60 21
     0.003274804578268    -0.012843773583882     0.012843773583882
    -0.012843773583882     0.003274804578268     0.012843773583882
     0.012843773583882     0.012843773583882     0.003274804578268
60 22
    -0.133864037968578    -0.024354182278330     0.024354182278330
    -0.024354182278330    -0.011315208018914     0.009925772428687
     0.024354182278330     0.009925772428687    -0.011315208018914
60 23
    -0.011315208018914    -0.024354182278330     0.009925772428687
    -0.024354182278330    -0.133864037968579     0.024354182278330
     0.009925772428687     0.024354182278330    -0.011315208018914
60 24
     0.069928232653638    -0.035338320594747     0.035007932092412
    -0.035338320594747     0.069928232653638     0.035007932092412
     0.035007932092412     0.035007932092412    -0.031492912864906
60 25
    -0.034163283532962     0.012843031709053    -0.037615269320668
    -0.012843031709053     0.018478612139461     0.012843031709053
    -0.037615269320668    -0.012843031709053    -0.034163283532962
60 26
    -0.034163283532962     0.012843031709053     0.037615269320668
    -0.012843031709053     0.018478612139461    -0.012843031709053
     0.037615269320668     0.012843031709053    -0.034163283532962
60 27
    -0.158355902283347     0.072948118759086     0.156713285832666
    -0.072948118759086     0.319300378862408     0.072948118759086
     0.156713285832666    -0.072948118759086    -0.158355902283347
60 28
    -0.158355902283347     0.072948118759086    -0.156713285832666
    -0.072948118759086     0.319300378862408    -0.072948118759086
    -0.156713285832666     0.072948118759086    -0.158355902283347
60 29
    -0.034163283532962    -0.012843031709053     0.037615269320668
     0.012843031709053     0.018478612139461     0.012843031709053
     0.037615269320668    -0.012843031709053    -0.034163283532962
60 30
    -0.034163283532962    -0.012843031709053    -0.037615269320668
     0.012843031709053     0.018478612139461    -0.012843031709053
    -0.037615269320668     0.012843031709053    -0.034163283532962
60 31
    -0.158355902283347    -0.072948118759086    -0.156713285832666
     0.072948118759086     0.319300378862408     0.072948118759086
    -0.156713285832666    -0.072948118759086    -0.158355902283347
60 32
    -0.158355902283347    -0.072948118759086     0.156713285832666
     0.072948118759086     0.319300378862408    -0.072948118759086
     0.156713285832666     0.072948118759086    -0.158355902283347
60 33
    -0.011315208018914    -0.009925772428687    -0.024354182278330
    -0.009925772428687    -0.011315208018914    -0.024354182278330
    -0.024354182278330    -0.024354182278330    -0.133864037968579
60 34
     0.069928232653638    -0.035007932092412    -0.035338320594747
    -0.035007932092412    -0.031492912864906    -0.035007932092412
    -0.035338320594747    -0.035007932092412     0.069928232653638
60 35
    -0.031492912864905    -0.035007932092412    -0.035007932092412
    -0.035007932092412     0.069928232653638    -0.035338320594747
    -0.035007932092412    -0.035338320594747     0.069928232653638
60 36
    -2.341654446252051    -1.196902454830706    -1.196902454830706
    -1.196902454830707    -2.341654446252051    -1.196902454830706
    -1.196902454830706    -1.196902454830706    -2.341654446252050
60 37
     0.003274804578268    -0.012843773583882    -0.012843773583882
    -0.012843773583882     0.003274804578268    -0.012843773583882
    -0.012843773583882    -0.012843773583882     0.003274804578268
60 38
    -0.133864037968578    -0.024354182278330    -0.024354182278330
    -0.024354182278330    -0.011315208018914    -0.009925772428687
    -0.024354182278330    -0.009925772428687    -0.011315208018914
60 39
    -0.011315208018914    -0.024354182278330    -0.009925772428687
    -0.024354182278330    -0.133864037968579    -0.024354182278330
    -0.009925772428687    -0.024354182278330    -0.011315208018914
60 40
     0.069928232653638    -0.035338320594747    -0.035007932092412
    -0.035338320594747     0.069928232653638    -0.035007932092412
    -0.035007932092412    -0.035007932092412    -0.031492912864905
60 41
     0.018478612139461    -0.012843031709053     0.012843031709053
     0.012843031709053    -0.034163283532962    -0.037615269320668
    -0.012843031709053    -0.037615269320668    -0.034163283532962
60 42
     0.319300378862408    -0.072948118759086     0.072948118759086
     0.072948118759086    -0.158355902283347     0.156713285832666
    -0.072948118759086     0.156713285832666    -0.158355902283347
60 43
     0.018478612139461    -0.012843031709053    -0.012843031709053
     0.012843031709053    -0.034163283532962     0.037615269320668
     0.012843031709053     0.037615269320668    -0.034163283532962
60 44
     0.319300378862408    -0.072948118759086    -0.072948118759086
     0.072948118759086    -0.158355902283347    -0.156713285832666
     0.072948118759086    -0.156713285832666    -0.158355902283347
60 45
     0.018478612139461     0.012843031709053     0.012843031709053
    -0.012843031709053    -0.034163283532962     0.037615269320668
    -0.012843031709053     0.037615269320668    -0.034163283532962
60 46
     0.319300378862408     0.072948118759086     0.072948118759086
    -0.072948118759086    -0.158355902283347    -0.156713285832666
    -0.072948118759086    -0.156713285832666    -0.158355902283347
60 47
     0.018478612139461     0.012843031709053    -0.012843031709053
    -0.012843031709053    -0.034163283532962    -0.037615269320668
     0.012843031709053    -0.037615269320668    -0.034163283532962
60 48
     0.319300378862408     0.072948118759086    -0.072948118759086
    -0.072948118759086    -0.158355902283347     0.156713285832666
     0.072948118759086     0.156713285832666    -0.158355902283347
60 49
    -0.011315208018914     0.009925772428687     0.024354182278330
     0.009925772428687    -0.011315208018914    -0.024354182278330
     0.024354182278330    -0.024354182278330    -0.133864037968578
60 50
     0.069928232653638     0.035007932092412     0.035338320594747
     0.035007932092412    -0.031492912864906    -0.035007932092412
     0.035338320594747    -0.035007932092412     0.069928232653638
60 51
    -0.031492912864905     0.035007932092412     0.035007932092412
     0.035007932092412     0.069928232653638    -0.035338320594747
     0.035007932092412    -0.035338320594747     0.069928232653638
60 52
    -2.341654446252051     1.196902454830706     1.196902454830706
     1.196902454830707    -2.341654446252051    -1.196902454830706
     1.196902454830706    -1.196902454830706    -2.341654446252050
60 53
     0.003274804578268     0.012843773583882     0.012843773583882
     0.012843773583882     0.003274804578268    -0.012843773583882
     0.012843773583882    -0.012843773583882     0.003274804578268
60 54
    -0.133864037968578     0.024354182278330     0.024354182278330
     0.024354182278330    -0.011315208018914    -0.009925772428687
     0.024354182278330    -0.009925772428687    -0.011315208018914
60 55
    -0.011315208018914     0.024354182278330     0.009925772428687
     0.024354182278330    -0.133864037968578    -0.024354182278330
     0.009925772428687    -0.024354182278330    -0.011315208018914
60 56
     0.069928232653638     0.035338320594747     0.035007932092412
     0.035338320594747     0.069928232653638    -0.035007932092412
     0.035007932092412    -0.035007932092412    -0.031492912864906
60 57
    -0.041754298479191     0.000000000000000     0.000000000000000
    -0.000000000000000    -0.041754298479191    -0.000000000000000
     0.000000000000000    -0.000000000000000     0.250247780888912
60 58
    -0.057780722897860     0.000000000000000     0.000000000000000
    -0.000000000000000    -0.015432216503086    -0.000000000000000
    -0.000000000000000    -0.000000000000000    -0.057780722897860
60 59
    -0.015432216503086     0.000000000000000    -0.000000000000000
    -0.000000000000000    -0.057780722897860     0.000000000000000
     0.000000000000000    -0.000000000000000    -0.057780722897860
60 60
     9.696337472371397    -0.000000000000000     0.000000000000000
    -0.000000000000000     9.696337472371397    -0.000000000000000
     0.000000000000000    -0.000000000000000     9.696337472371393
60 61
     0.002996701471147     0.000000000000000     0.000000000000000
    -0.000000000000000     0.002996701471147     0.000000000000000
    -0.000000000000000    -0.000000000000000     0.002996701471147
60 62
     0.250247780888913     0.000000000000000     0.000000000000000
    -0.000000000000000    -0.041754298479191    -0.000000000000000
     0.000000000000000    -0.000000000000000    -0.041754298479191
60 63
    -0.041754298479191     0.000000000000000     0.000000000000000
     0.000000000000000     0.250247780888913    -0.000000000000000
     0.000000000000000    -0.000000000000000    -0.041754298479191
60 64
    -0.057780722897860     0.000000000000000     0.000000000000000
    -0.000000000000000    -0.057780722897860    -0.000000000000000
    -0.000000000000000    -0.000000000000000    -0.015432216503086
61 1
     0.069928232653638     0.035338320594747    -0.035007932092412
     0.035338320594747     0.069928232653638     0.035007932092412
    -0.035007932092412     0.035007932092412    -0.031492912864906
61 2
    -0.011315208018914     0.024354182278330    -0.009925772428687
     0.024354182278330    -0.133864037968578     0.024354182278330
    -0.009925772428687     0.024354182278330    -0.011315208018914
61 3
    -0.133864037968578     0.024354182278330    -0.024354182278330
     0.024354182278330    -0.011315208018914     0.009925772428687
    -0.024354182278330     0.009925772428687    -0.011315208018914
61 4
     0.003274804578268     0.012843773583882    -0.012843773583882
     0.012843773583882     0.003274804578268     0.012843773583882
    -0.012843773583882     0.012843773583882     0.003274804578268
61 5
    -2.341654446252050     1.196902454830706    -1.196902454830706
     1.196902454830706    -2.341654446252051     1.196902454830706
    -1.196902454830706     1.196902454830707    -2.341654446252051
61 6
    -0.031492912864905     0.035007932092412    -0.035007932092412
     0.035007932092412     0.069928232653638     0.035338320594747
    -0.035007932092412     0.035338320594747     0.069928232653638
61 7
     0.069928232653638     0.035007932092412    -0.035338320594747
     0.035007932092412    -0.031492912864906     0.035007932092412
    -0.035338320594747     0.035007932092412     0.069928232653638
61 8
    -0.011315208018914     0.009925772428687    -0.024354182278330
     0.009925772428687    -0.011315208018914     0.024354182278330
    -0.024354182278330     0.024354182278330    -0.133864037968578
61 9
    -0.034163283532962     0.037615269320668     0.012843031709053
     0.037615269320668    -0.034163283532962     0.012843031709053
    -0.012843031709053    -0.012843031709053     0.018478612139461
61 10
    -0.034163283532962    -0.037615269320668     0.012843031709053
    -0.037615269320668    -0.034163283532962    -0.012843031709053
    -0.012843031709053     0.012843031709053     0.018478612139461
61 11
    -0.034163283532962    -0.037615269320668    -0.012843031709053
    -0.037615269320668    -0.034163283532962     0.012843031709053
     0.012843031709053    -0.012843031709053     0.018478612139461
61 12
    -0.034163283532962     0.037615269320668    -0.012843031709053
     0.037615269320668    -0.034163283532962    -0.012843031709053
     0.012843031709053     0.012843031709053     0.018478612139461
61 13
    -0.158355902283347    -0.156713285832666     0.072948118759086
    -0.156713285832666    -0.158355902283347     0.072948118759086
    -0.072948118759086    -0.072948118759086     0.319300378862408
61 14
    -0.158355902283347     0.156713285832666     0.072948118759086
     0.156713285832666    -0.158355902283347    -0.072948118759086
    -0.072948118759086     0.072948118759086     0.319300378862408
61 15
    -0.158355902283347     0.156713285832666    -0.072948118759086
     0.156713285832666    -0.158355902283347     0.072948118759086
     0.072948118759086    -0.072948118759086     0.319300378862408
61 16
    -0.158355902283347    -0.156713285832666    -0.072948118759086
    -0.156713285832666    -0.158355902283347    -0.072948118759086
     0.072948118759086     0.072948118759086     0.319300378862408
61 17
     0.069928232653638    -0.035338320594747     0.035007932092412
    -0.035338320594747     0.069928232653638     0.035007932092412
     0.035007932092412     0.035007932092412    -0.031492912864906
61 18
    -0.011315208018914    -0.024354182278330     0.009925772428687
    -0.024354182278330    -0.133864037968578     0.024354182278330
     0.009925772428687     0.024354182278330    -0.011315208018914
61 19
    -0.133864037968578    -0.024354182278330     0.024354182278330
    -0.024354182278330    -0.011315208018914     0.009925772428687
     0.024354182278330     0.009925772428687    -0.011315208018914
61 20
     0.003274804578268    -0.012843773583882     0.012843773583882
    -0.012843773583882     0.003274804578268     0.012843773583882
     0.012843773583882     0.012843773583882     0.003274804578268
61 21
    -2.341654446252050    -1.196902454830706     1.196902454830706
    -1.196902454830706    -2.341654446252050     1.196902454830706
     1.196902454830706     1.196902454830706    -2.341654446252051
61 22
    -0.031492912864906    -0.035007932092412     0.035007932092412
    -0.035007932092412     0.069928232653638     0.035338320594747
     0.035007932092412     0.035338320594747     0.069928232653638
61 23
     0.069928232653638    -0.035007932092412     0.035338320594747
    -0.035007932092412    -0.031492912864906     0.035007932092412
     0.035338320594747     0.035007932092412     0.069928232653638
61 24
    -0.011315208018914    -0.009925772428687     0.024354182278330
    -0.009925772428687    -0.011315208018914     0.024354182278330
     0.024354182278330     0.024354182278330    -0.133864037968579
61 25
    -0.158355902283347    -0.072948118759086     0.156713285832666
     0.072948118759086     0.319300378862408    -0.072948118759086
     0.156713285832666     0.072948118759086    -0.158355902283347
61 26
    -0.158355902283347    -0.072948118759086    -0.156713285832666
     0.072948118759086     0.319300378862408     0.072948118759086
    -0.156713285832666    -0.072948118759086    -0.158355902283347
61 27
    -0.034163283532962    -0.012843031709053    -0.037615269320668
     0.012843031709053     0.018478612139461    -0.012843031709053
    -0.037615269320668     0.012843031709053    -0.034163283532962
61 28
    -0.034163283532962    -0.012843031709053     0.037615269320668
     0.012843031709053     0.018478612139461     0.012843031709053
     0.037615269320668    -0.012843031709053    -0.034163283532962
61 29
    -0.158355902283347     0.072948118759086    -0.156713285832666
    -0.072948118759086     0.319300378862408    -0.072948118759086
    -0.156713285832666     0.072948118759086    -0.158355902283347
61 30
    -0.158355902283347     0.072948118759086     0.156713285832666
    -0.072948118759086     0.319300378862408     0.072948118759086
     0.156713285832666    -0.072948118759086    -0.158355902283347
61 31
    -0.034163283532962     0.012843031709053     0.037615269320668
    -0.012843031709053     0.018478612139461    -0.012843031709053
     0.037615269320668     0.012843031709053    -0.034163283532962
61 32
    -0.034163283532962     0.012843031709053    -0.037615269320668
    -0.012843031709053     0.018478612139461     0.012843031709053
    -0.037615269320668    -0.012843031709053    -0.034163283532962
61 33
     0.069928232653638    -0.035338320594747    -0.035007932092412
    -0.035338320594747     0.069928232653638    -0.035007932092412
    -0.035007932092412    -0.035007932092412    -0.031492912864906
61 34
    -0.011315208018914    -0.024354182278330    -0.009925772428687
    -0.024354182278330    -0.133864037968578    -0.024354182278330
    -0.009925772428687    -0.024354182278330    -0.011315208018914
61 35
    -0.133864037968578    -0.024354182278330    -0.024354182278330
    -0.024354182278330    -0.011315208018914    -0.009925772428687
    -0.024354182278330    -0.009925772428687    -0.011315208018914
61 36
     0.003274804578268    -0.012843773583882    -0.012843773583882
    -0.012843773583882     0.003274804578268    -0.012843773583882
    -0.012843773583882    -0.012843773583882     0.003274804578268
61 37
    -2.341654446252050    -1.196902454830706    -1.196902454830706
    -1.196902454830706    -2.341654446252051    -1.196902454830706
    -1.196902454830706    -1.196902454830707    -2.341654446252051
61 38
    -0.031492912864906    -0.035007932092412    -0.035007932092412
    -0.035007932092412     0.069928232653638    -0.035338320594747
    -0.035007932092412    -0.035338320594747     0.069928232653638
61 39
     0.069928232653638    -0.035007932092412    -0.035338320594747
    -0.035007932092412    -0.031492912864906    -0.035007932092412
    -0.035338320594747    -0.035007932092412     0.069928232653638
61 40
    -0.011315208018914    -0.009925772428687    -0.024354182278330
    -0.009925772428687    -0.011315208018914    -0.024354182278330
    -0.024354182278330    -0.024354182278330    -0.133864037968578
61 41
     0.319300378862408     0.072948118759086    -0.072948118759086
    -0.072948118759086    -0.158355902283347     0.156713285832666
     0.072948118759086     0.156713285832666    -0.158355902283347
61 42
     0.018478612139461     0.012843031709053    -0.012843031709053
    -0.012843031709053    -0.034163283532962    -0.037615269320668
     0.012843031709053    -0.037615269320668    -0.034163283532962
61 43
     0.319300378862408     0.072948118759086     0.072948118759086
    -0.072948118759086    -0.158355902283347    -0.156713285832666
    -0.072948118759086    -0.156713285832666    -0.158355902283347
61 44
     0.018478612139461     0.012843031709053     0.012843031709053
    -0.012843031709053    -0.034163283532962     0.037615269320668
    -0.012843031709053     0.037615269320668    -0.034163283532962
61 45
     0.319300378862408    -0.072948118759086    -0.072948118759086
     0.072948118759086    -0.158355902283347    -0.156713285832666
     0.072948118759086    -0.156713285832666    -0.158355902283347
61 46
     0.018478612139461    -0.012843031709053    -0.012843031709053
     0.012843031709053    -0.034163283532962     0.037615269320668
     0.012843031709053     0.037615269320668    -0.034163283532962
61 47
     0.319300378862408    -0.072948118759086     0.072948118759086
     0.072948118759086    -0.158355902283347     0.156713285832666
    -0.072948118759086     0.156713285832666    -0.158355902283347
61 48
     0.018478612139461    -0.012843031709053     0.012843031709053
     0.012843031709053    -0.034163283532962    -0.037615269320668
    -0.012843031709053    -0.037615269320668    -0.034163283532962
61 49
     0.069928232653638     0.035338320594747     0.035007932092412
     0.035338320594747     0.069928232653638    -0.035007932092412
     0.035007932092412    -0.035007932092412    -0.031492912864906
61 50
    -0.011315208018914     0.024354182278330     0.009925772428687
     0.024354182278330    -0.133864037968578    -0.024354182278330
     0.009925772428687    -0.024354182278330    -0.011315208018914
61 51
    -0.133864037968578     0.024354182278330     0.024354182278330
     0.024354182278330    -0.011315208018914    -0.009925772428687
     0.024354182278330    -0.009925772428687    -0.011315208018914
61 52
     0.003274804578268     0.012843773583882     0.012843773583882
     0.012843773583882     0.003274804578268    -0.012843773583882
     0.012843773583882    -0.012843773583882     0.003274804578268
61 53
    -2.341654446252050     1.196902454830706     1.196902454830706
     1.196902454830706    -2.341654446252050    -1.196902454830706
     1.196902454830706    -1.196902454830706    -2.341654446252051
61 54
    -0.031492912864906     0.035007932092412     0.035007932092412
     0.035007932092412     0.069928232653638    -0.035338320594747
     0.035007932092412    -0.035338320594747     0.069928232653638
61 55
     0.069928232653638     0.035007932092412     0.035338320594747
     0.035007932092412    -0.031492912864905    -0.035007932092412
     0.035338320594747    -0.035007932092412     0.069928232653638
61 56
    -0.011315208018914     0.009925772428687     0.024354182278330
     0.009925772428687    -0.011315208018914    -0.024354182278330
     0.024354182278330    -0.024354182278330    -0.133864037968579
61 57
    -0.057780722897860     0.000000000000000    -0.000000000000000
    -0.000000000000000    -0.057780722897860    -0.000000000000000
     0.000000000000000     0.000000000000000    -0.015432216503086
61 58
    -0.041754298479191    -0.000000000000000    -0.000000000000000
     0.000000000000000     0.250247780888912    -0.000000000000000
    -0.000000000000000     0.000000000000000    -0.041754298479191
61 59
     0.250247780888912     0.000000000000000    -0.000000000000000
    -0.000000000000000    -0.041754298479191    -0.000000000000000
     0.000000000000000    -0.000000000000000    -0.041754298479191
61 60
     0.002996701471147    -0.000000000000000    -0.000000000000000
     0.000000000000000     0.002996701471147    -0.000000000000000
     0.000000000000000     0.000000000000000     0.002996701471147
61 61
     9.696337472371393     0.000000000000000    -0.000000000000000
     0.000000000000000     9.696337472371395     0.000000000000000
    -0.000000000000000     0.000000000000000     9.696337472371399
61 62
    -0.015432216503086     0.000000000000000    -0.000000000000000
    -0.000000000000000    -0.057780722897860    -0.000000000000000
    -0.000000000000000    -0.000000000000000    -0.057780722897860
61 63
    -0.057780722897860    -0.000000000000000    -0.000000000000000
     0.000000000000000    -0.015432216503086    -0.000000000000000
    -0.000000000000000     0.000000000000000    -0.057780722897860
61 64
    -0.041754298479191     0.000000000000000    -0.000000000000000
     0.000000000000000    -0.041754298479191    -0.000000000000000
    -0.000000000000000     0.000000000000000     0.250247780888913
62 1
    -0.011315208018914     0.024354182278330    -0.009925772428687
     0.024354182278330    -0.133864037968579     0.024354182278330
    -0.009925772428687     0.024354182278330    -0.011315208018914
62 2
     0.069928232653638     0.035338320594747    -0.035007932092412
     0.035338320594747     0.069928232653638     0.035007932092412
    -0.035007932092412     0.035007932092412    -0.031492912864905
62 3
     0.003274804578268     0.012843773583882    -0.012843773583882
     0.012843773583882     0.003274804578268     0.012843773583882
    -0.012843773583882     0.012843773583882     0.003274804578268
62 4
    -0.133864037968579     0.024354182278330    -0.024354182278330
     0.024354182278330    -0.011315208018914     0.009925772428687
    -0.024354182278330     0.009925772428687    -0.011315208018914
62 5
    -0.031492912864906     0.035007932092412    -0.035007932092412
     0.035007932092412     0.069928232653638     0.035338320594747
    -0.035007932092412     0.035338320594747     0.069928232653638
62 6
    -2.341654446252051     1.196902454830707    -1.196902454830706
     1.196902454830706    -2.341654446252051     1.196902454830706
    -1.196902454830706     1.196902454830706    -2.341654446252050
62 7
    -0.011315208018914     0.009925772428687    -0.024354182278330
     0.009925772428687    -0.011315208018914     0.024354182278330
    -0.024354182278330     0.024354182278330    -0.133864037968578
62 8
     0.069928232653638     0.035007932092412    -0.035338320594747
     0.035007932092412    -0.031492912864905     0.035007932092412
    -0.035338320594747     0.035007932092412     0.069928232653638
62 9
    -0.034163283532962    -0.037615269320668     0.012843031709053
    -0.037615269320668    -0.034163283532962    -0.012843031709053
    -0.012843031709053     0.012843031709053     0.018478612139461
62 10
    -0.034163283532962     0.037615269320668     0.012843031709053
     0.037615269320668    -0.034163283532962     0.012843031709053
    -0.012843031709053    -0.012843031709053     0.018478612139461
62 11
    -0.034163283532962     0.037615269320668    -0.012843031709053
     0.037615269320668    -0.034163283532962    -0.012843031709053
     0.012843031709053     0.012843031709053     0.018478612139461
62 12
    -0.034163283532962    -0.037615269320668    -0.012843031709053
    -0.037615269320668    -0.034163283532962     0.012843031709053
     0.012843031709053    -0.012843031709053     0.018478612139461
62 13
    -0.158355902283347     0.156713285832666     0.072948118759086
     0.156713285832666    -0.158355902283347    -0.072948118759086
    -0.072948118759086     0.072948118759086     0.319300378862408
62 14
    -0.158355902283347    -0.156713285832666     0.072948118759086
    -0.156713285832666    -0.158355902283347     0.072948118759086
    -0.072948118759086    -0.072948118759086     0.319300378862408
62 15
    -0.158355902283347    -0.156713285832666    -0.072948118759086
    -0.156713285832666    -0.158355902283347    -0.072948118759086
     0.072948118759086     0.072948118759086     0.319300378862408
62 16
    -0.158355902283347     0.156713285832666    -0.072948118759086
     0.156713285832666    -0.158355902283347     0.072948118759086
     0.072948118759086    -0.072948118759086     0.319300378862408
62 17
    -0.011315208018914    -0.024354182278330     0.009925772428687
    -0.024354182278330    -0.133864037968578     0.024354182278330
     0.009925772428687     0.024354182278330    -0.011315208018914
62 18
     0.069928232653638    -0.035338320594747     0.035007932092412
    -0.035338320594747     0.069928232653638     0.035007932092412
     0.035007932092412     0.035007932092412    -0.031492912864906
62 19
     0.003274804578268    -0.012843773583882     0.012843773583882
    -0.012843773583882     0.003274804578268     0.012843773583882
     0.012843773583882     0.012843773583882     0.003274804578268
62 20
    -0.133864037968578    -0.024354182278330     0.024354182278330
    -0.024354182278330    -0.011315208018914     0.009925772428687
     0.024354182278330     0.009925772428687    -0.011315208018914
62 21
    -0.031492912864906    -0.035007932092412     0.035007932092412
    -0.035007932092412     0.069928232653638     0.035338320594747
     0.035007932092412     0.035338320594747     0.069928232653638
62 22
    -2.341654446252051    -1.196902454830706     1.196902454830706
    -1.196902454830706    -2.341654446252050     1.196902454830706
     1.196902454830706     1.196902454830706    -2.341654446252050
62 23
    -0.011315208018914    -0.009925772428687     0.024354182278330
    -0.009925772428687    -0.011315208018914     0.024354182278330
     0.024354182278330     0.024354182278330    -0.133864037968578
62 24
     0.069928232653638    -0.035007932092412     0.035338320594747
    -0.035007932092412    -0.031492912864905     0.035007932092412
     0.035338320594747     0.035007932092412     0.069928232653638
62 25
    -0.158355902283347    -0.072948118759086    -0.156713285832666
     0.072948118759086     0.319300378862408     0.072948118759086
    -0.156713285832666    -0.072948118759086    -0.158355902283347
62 26
    -0.158355902283347    -0.072948118759086     0.156713285832666
     0.072948118759086     0.319300378862408    -0.072948118759086
     0.156713285832666     0.072948118759086    -0.158355902283347
62 27
    -0.034163283532962    -0.012843031709053     0.037615269320668
     0.012843031709053     0.018478612139461     0.012843031709053
     0.037615269320668    -0.012843031709053    -0.034163283532962
62 28
    -0.034163283532962    -0.012843031709053    -0.037615269320668
     0.012843031709053     0.018478612139461    -0.012843031709053
    -0.037615269320668     0.012843031709053    -0.034163283532962
62 29
    -0.158355902283347     0.072948118759086     0.156713285832666
    -0.072948118759086     0.319300378862408     0.072948118759086
     0.156713285832666    -0.072948118759086    -0.158355902283347
62 30
    -0.158355902283347     0.072948118759086    -0.156713285832666
    -0.072948118759086     0.319300378862408    -0.072948118759086
    -0.156713285832666     0.072948118759086    -0.158355902283347
62 31
    -0.034163283532962     0.012843031709053    -0.037615269320668
    -0.012843031709053     0.018478612139461     0.012843031709053
    -0.037615269320668    -0.012843031709053    -0.034163283532962
62 32
    -0.034163283532962     0.012843031709053     0.037615269320668
    -0.012843031709053     0.018478612139461    -0.012843031709053
     0.037615269320668     0.012843031709053    -0.034163283532962
62 33
    -0.011315208018914    -0.024354182278330    -0.009925772428687
    -0.024354182278330    -0.133864037968578    -0.024354182278330
    -0.009925772428687    -0.024354182278330    -0.011315208018914
62 34
     0.069928232653638    -0.035338320594747    -0.035007932092412
    -0.035338320594747     0.069928232653638    -0.035007932092412
    -0.035007932092412    -0.035007932092412    -0.031492912864906
62 35
     0.003274804578268    -0.012843773583882    -0.012843773583882
    -0.012843773583882     0.003274804578268    -0.012843773583882
    -0.012843773583882    -0.012843773583882     0.003274804578268
62 36
    -0.133864037968579    -0.024354182278330    -0.024354182278330
    -0.024354182278330    -0.011315208018914    -0.009925772428687
    -0.024354182278330    -0.009925772428687    -0.011315208018914
62 37
    -0.031492912864905    -0.035007932092412    -0.035007932092412
    -0.035007932092412     0.069928232653638    -0.035338320594747
    -0.035007932092412    -0.035338320594747     0.069928232653638
62 38
    -2.341654446252051    -1.196902454830706    -1.196902454830706
    -1.196902454830706    -2.341654446252050    -1.196902454830706
    -1.196902454830706    -1.196902454830706    -2.341654446252050
62 39
    -0.011315208018914    -0.009925772428687    -0.024354182278330
    -0.009925772428687    -0.011315208018914    -0.024354182278330
    -0.024354182278330    -0.024354182278330    -0.133864037968578
62 40
     0.069928232653638    -0.035007932092412    -0.035338320594747
    -0.035007932092412    -0.031492912864905    -0.035007932092412
    -0.035338320594747    -0.035007932092412     0.069928232653638
62 41
     0.018478612139461     0.012843031709053    -0.012843031709053
    -0.012843031709053    -0.034163283532962    -0.037615269320668
     0.012843031709053    -0.037615269320668    -0.034163283532962
62 42
     0.319300378862408     0.072948118759086    -0.072948118759086
    -0.072948118759086    -0.158355902283347     0.156713285832666
     0.072948118759086     0.156713285832666    -0.158355902283347
62 43
     0.018478612139461     0.012843031709053     0.012843031709053
    -0.012843031709053    -0.034163283532962     0.037615269320668
    -0.012843031709053     0.037615269320668    -0.034163283532962
62 44
     0.319300378862408     0.072948118759086     0.072948118759086
    -0.072948118759086    -0.158355902283347    -0.156713285832666
    -0.072948118759086    -0.156713285832666    -0.158355902283347
62 45
     0.018478612139461    -0.012843031709053    -0.012843031709053
     0.012843031709053    -0.034163283532962     0.037615269320668
     0.012843031709053     0.037615269320668    -0.034163283532962
62 46
     0.319300378862408    -0.072948118759086    -0.072948118759086
     0.072948118759086    -0.158355902283347    -0.156713285832666
     0.072948118759086    -0.156713285832666    -0.158355902283347
62 47
     0.018478612139461    -0.012843031709053     0.012843031709053
     0.012843031709053    -0.034163283532962    -0.037615269320668
    -0.012843031709053    -0.037615269320668    -0.034163283532962
62 48
     0.319300378862408    -0.072948118759086     0.072948118759086
     0.072948118759086    -0.158355902283347     0.156713285832666
    -0.072948118759086     0.156713285832666    -0.158355902283347
62 49
    -0.011315208018914     0.024354182278330     0.009925772428687
     0.024354182278330    -0.133864037968579    -0.024354182278330
     0.009925772428687    -0.024354182278330    -0.011315208018914
62 50
     0.069928232653638     0.035338320594747     0.035007932092412
     0.035338320594747     0.069928232653638    -0.035007932092412
     0.035007932092412    -0.035007932092412    -0.031492912864906
62 51
     0.003274804578268     0.012843773583882     0.012843773583882
     0.012843773583882     0.003274804578268    -0.012843773583882
     0.012843773583882    -0.012843773583882     0.003274804578268
62 52
    -0.133864037968579     0.024354182278330     0.024354182278330
     0.024354182278330    -0.011315208018914    -0.009925772428687
     0.024354182278330    -0.009925772428687    -0.011315208018914
62 53
    -0.031492912864906     0.035007932092412     0.035007932092412
     0.035007932092412     0.069928232653638    -0.035338320594747
     0.035007932092412    -0.035338320594747     0.069928232653638
62 54
    -2.341654446252051     1.196902454830706     1.196902454830706
     1.196902454830706    -2.341654446252050    -1.196902454830706
     1.196902454830706    -1.196902454830706    -2.341654446252050
62 55
    -0.011315208018914     0.009925772428687     0.024354182278330
     0.009925772428687    -0.011315208018914    -0.024354182278330
     0.024354182278330    -0.024354182278330    -0.133864037968579
62 56
     0.069928232653638     0.035007932092412     0.035338320594747
     0.035007932092412    -0.031492912864905    -0.035007932092412
     0.035338320594747    -0.035007932092412     0.069928232653638
62 57
    -0.041754298479191    -0.000000000000000     0.000000000000000
     0.000000000000000     0.250247780888913    -0.000000000000000
     0.000000000000000    -0.000000000000000    -0.041754298479191
62 58
    -0.057780722897860    -0.000000000000000    -0.000000000000000
     0.000000000000000    -0.057780722897860    -0.000000000000000
    -0.000000000000000    -0.000000000000000    -0.015432216503086
62 59
     0.002996701471147    -0.000000000000000    -0.000000000000000
    -0.000000000000000     0.002996701471147    -0.000000000000000
    -0.000000000000000    -0.000000000000000     0.002996701471147
62 60
     0.250247780888913    -0.000000000000000     0.000000000000000
     0.000000000000000    -0.041754298479191    -0.000000000000000
     0.000000000000000    -0.000000000000000    -0.041754298479191
62 61
    -0.015432216503086    -0.000000000000000    -0.000000000000000
     0.000000000000000    -0.057780722897860    -0.000000000000000
    -0.000000000000000    -0.000000000000000    -0.057780722897860
62 62
     9.696337472371400     0.000000000000000    -0.000000000000000
     0.000000000000000     9.696337472371393    -0.000000000000000
    -0.000000000000000    -0.000000000000000     9.696337472371393
62 63
    -0.041754298479191    -0.000000000000000    -0.000000000000000
     0.000000000000000    -0.041754298479191    -0.000000000000000
    -0.000000000000000     0.000000000000000     0.250247780888912
62 64
    -0.057780722897860    -0.000000000000000     0.000000000000000
     0.000000000000000    -0.015432216503086    -0.000000000000000
    -0.000000000000000    -0.000000000000000    -0.057780722897860
63 1
    -0.133864037968578     0.024354182278330    -0.024354182278330
     0.024354182278330    -0.011315208018914     0.009925772428687
    -0.024354182278330     0.009925772428687    -0.011315208018914
63 2
     0.003274804578268     0.012843773583882    -0.012843773583882
     0.012843773583882     0.003274804578268     0.012843773583882
    -0.012843773583882     0.012843773583882     0.003274804578268
63 3
     0.069928232653638     0.035338320594747    -0.035007932092412
     0.035338320594747     0.069928232653638     0.035007932092412
    -0.035007932092412     0.035007932092412    -0.031492912864905
63 4
    -0.011315208018914     0.024354182278330    -0.009925772428687
     0.024354182278330    -0.133864037968578     0.024354182278330
    -0.009925772428687     0.024354182278330    -0.011315208018914
63 5
     0.069928232653638     0.035007932092412    -0.035338320594747
     0.035007932092412    -0.031492912864906     0.035007932092412
    -0.035338320594747     0.035007932092412     0.069928232653638
63 6
    -0.011315208018914     0.009925772428687    -0.024354182278330
     0.009925772428687    -0.011315208018914     0.024354182278330
    -0.024354182278330     0.024354182278330    -0.133864037968578
63 7
    -2.341654446252050     1.196902454830706    -1.196902454830706
     1.196902454830706    -2.341654446252051     1.196902454830706
    -1.196902454830706     1.196902454830706    -2.341654446252050
63 8
    -0.031492912864906     0.035007932092412    -0.035007932092412
     0.035007932092412     0.069928232653638     0.035338320594747
    -0.035007932092412     0.035338320594747     0.069928232653638
63 9
    -0.034163283532962    -0.037615269320668    -0.012843031709053
    -0.037615269320668    -0.034163283532962     0.012843031709053
     0.012843031709053    -0.012843031709053     0.018478612139461
63 10
    -0.034163283532962     0.037615269320668    -0.012843031709053
     0.037615269320668    -0.034163283532962    -0.012843031709053
     0.012843031709053     0.012843031709053     0.018478612139461
63 11
    -0.034163283532962     0.037615269320668     0.012843031709053
     0.037615269320668    -0.034163283532962     0.012843031709053
    -0.012843031709053    -0.012843031709053     0.018478612139461
63 12
    -0.034163283532962    -0.037615269320668     0.012843031709053
    -0.037615269320668    -0.034163283532962    -0.012843031709053
    -0.012843031709053     0.012843031709053     0.018478612139461
63 13
    -0.158355902283347     0.156713285832666    -0.072948118759086
     0.156713285832666    -0.158355902283347     0.072948118759086
     0.072948118759086    -0.072948118759086     0.319300378862408
63 14
    -0.158355902283347    -0.156713285832666    -0.072948118759086
    -0.156713285832666    -0.158355902283347    -0.072948118759086
     0.072948118759086     0.072948118759086     0.319300378862408
63 15
    -0.158355902283347    -0.156713285832666     0.072948118759086
    -0.156713285832666    -0.158355902283347     0.072948118759086
    -0.072948118759086    -0.072948118759086     0.319300378862408
63 16
    -0.158355902283347     0.156713285832666     0.072948118759086
     0.156713285832666    -0.158355902283347    -0.072948118759086
    -0.072948118759086     0.072948118759086     0.319300378862408
63 17
    -0.133864037968578    -0.024354182278330     0.024354182278330
    -0.024354182278330    -0.011315208018914     0.009925772428687
     0.024354182278330     0.009925772428687    -0.011315208018914
63 18
     0.003274804578268    -0.012843773583882     0.012843773583882
    -0.012843773583882     0.003274804578268     0.012843773583882
     0.012843773583882     0.012843773583882     0.003274804578268
63 19
     0.069928232653638    -0.035338320594747     0.035007932092412
    -0.035338320594747     0.069928232653638     0.035007932092412
     0.035007932092412     0.035007932092412    -0.031492912864906
63 20
    -0.011315208018914    -0.024354182278330     0.009925772428687
    -0.024354182278330    -0.133864037968579     0.024354182278330
     0.009925772428687     0.024354182278330    -0.011315208018914
63 21
     0.069928232653638    -0.035007932092412     0.035338320594747
    -0.035007932092412    -0.031492912864906     0.035007932092412
     0.035338320594747     0.035007932092412     0.069928232653638
63 22
    -0.011315208018914    -0.009925772428687     0.024354182278330
    -0.009925772428687    -0.011315208018914     0.024354182278330
     0.024354182278330     0.024354182278330    -0.133864037968578
63 23
    -2.341654446252050    -1.196902454830706     1.196902454830706
    -1.196902454830706    -2.341654446252051     1.196902454830706
     1.196902454830706     1.196902454830706    -2.341654446252050
63 24
    -0.031492912864905    -0.035007932092412     0.035007932092412
    -0.035007932092412     0.069928232653638     0.035338320594747
     0.035007932092412     0.035338320594747     0.069928232653638
63 25
    -0.034163283532962    -0.012843031709053    -0.037615269320668
     0.012843031709053     0.018478612139461    -0.012843031709053
    -0.037615269320668     0.012843031709053    -0.034163283532962
63 26
    -0.034163283532962    -0.012843031709053     0.037615269320668
     0.012843031709053     0.018478612139461     0.012843031709053
     0.037615269320668    -0.012843031709053    -0.034163283532962
63 27
    -0.158355902283347    -0.072948118759086     0.156713285832666
     0.072948118759086     0.319300378862408    -0.072948118759086
     0.156713285832666     0.072948118759086    -0.158355902283347
63 28
    -0.158355902283347    -0.072948118759086    -0.156713285832666
     0.072948118759086     0.319300378862408     0.072948118759086
    -0.156713285832666    -0.072948118759086    -0.158355902283347
63 29
    -0.034163283532962     0.012843031709053     0.037615269320668
    -0.012843031709053     0.018478612139461    -0.012843031709053
     0.037615269320668     0.012843031709053    -0.034163283532962
63 30
    -0.034163283532962     0.012843031709053    -0.037615269320668
    -0.012843031709053     0.018478612139461     0.012843031709053
    -0.037615269320668    -0.012843031709053    -0.034163283532962
63 31
    -0.158355902283347     0.072948118759086    -0.156713285832666
    -0.072948118759086     0.319300378862408    -0.072948118759086
    -0.156713285832666     0.072948118759086    -0.158355902283347
63 32
    -0.158355902283347     0.072948118759086     0.156713285832666
    -0.072948118759086     0.319300378862408     0.072948118759086
     0.156713285832666    -0.072948118759086    -0.158355902283347
63 33
    -0.133864037968578    -0.024354182278330    -0.024354182278330
    -0.024354182278330    -0.011315208018914    -0.009925772428687
    -0.024354182278330    -0.009925772428687    -0.011315208018914
63 34
     0.003274804578268    -0.012843773583882    -0.012843773583882
    -0.012843773583882     0.003274804578268    -0.012843773583882
    -0.012843773583882    -0.012843773583882     0.003274804578268
63 35
     0.069928232653638    -0.035338320594747    -0.035007932092412
    -0.035338320594747     0.069928232653638    -0.035007932092412
    -0.035007932092412    -0.035007932092412    -0.031492912864906
63 36
    -0.011315208018914    -0.024354182278330    -0.009925772428687
    -0.024354182278330    -0.133864037968578    -0.024354182278330
    -0.009925772428687    -0.024354182278330    -0.011315208018914
63 37
     0.069928232653638    -0.035007932092412    -0.035338320594747
    -0.035007932092412    -0.031492912864906    -0.035007932092412
    -0.035338320594747    -0.035007932092412     0.069928232653638
63 38
    -0.011315208018914    -0.009925772428687    -0.024354182278330
    -0.009925772428687    -0.011315208018914    -0.024354182278330
    -0.024354182278330    -0.024354182278330    -0.133864037968578
63 39
    -2.341654446252050    -1.196902454830706    -1.196902454830706
    -1.196902454830706    -2.341654446252051    -1.196902454830706
    -1.196902454830706    -1.196902454830706    -2.341654446252050
63 40
    -0.031492912864906    -0.035007932092412    -0.035007932092412
    -0.035007932092412     0.069928232653638    -0.035338320594747
    -0.035007932092412    -0.035338320594747     0.069928232653638
63 41
     0.319300378862408     0.072948118759086     0.072948118759086
    -0.072948118759086    -0.158355902283347    -0.156713285832666
    -0.072948118759086    -0.156713285832666    -0.158355902283347
63 42
     0.018478612139461     0.012843031709053     0.012843031709053
    -0.012843031709053    -0.034163283532962     0.037615269320668
    -0.012843031709053     0.037615269320668    -0.034163283532962
63 43
     0.319300378862408     0.072948118759086    -0.072948118759086
    -0.072948118759086    -0.158355902283347     0.156713285832666
     0.072948118759086     0.156713285832666    -0.158355902283347
63 44
     0.018478612139461     0.012843031709053    -0.012843031709053
    -0.012843031709053    -0.034163283532962    -0.037615269320668
     0.012843031709053    -0.037615269320668    -0.034163283532962
63 45
     0.319300378862408    -0.072948118759086     0.072948118759086
     0.072948118759086    -0.158355902283347     0.156713285832666
    -0.072948118759086     0.156713285832666    -0.158355902283347
63 46
     0.018478612139461    -0.012843031709053     0.012843031709053
     0.012843031709053    -0.034163283532962    -0.037615269320668
    -0.012843031709053    -0.037615269320668    -0.034163283532962
63 47
     0.319300378862408    -0.072948118759086    -0.072948118759086
     0.072948118759086    -0.158355902283347    -0.156713285832666
     0.072948118759086    -0.156713285832666    -0.158355902283347
63 48
     0.018478612139461    -0.012843031709053    -0.012843031709053
     0.012843031709053    -0.034163283532962     0.037615269320668
     0.012843031709053     0.037615269320668    -0.034163283532962
63 49
    -0.133864037968578     0.024354182278330     0.024354182278330
     0.024354182278330    -0.011315208018914    -0.009925772428687
     0.024354182278330    -0.009925772428687    -0.011315208018914
63 50
     0.003274804578268     0.012843773583882     0.012843773583882
     0.012843773583882     0.003274804578268    -0.012843773583882
     0.012843773583882    -0.012843773583882     0.003274804578268
63 51
     0.069928232653638     0.035338320594747     0.035007932092412
     0.035338320594747     0.069928232653638    -0.035007932092412
     0.035007932092412    -0.035007932092412    -0.031492912864905
63 52
    -0.011315208018914     0.024354182278330     0.009925772428687
     0.024354182278330    -0.133864037968578    -0.024354182278330
     0.009925772428687    -0.024354182278330    -0.011315208018914
63 53
     0.069928232653638     0.035007932092412     0.035338320594747
     0.035007932092412    -0.031492912864906    -0.035007932092412
     0.035338320594747    -0.035007932092412     0.069928232653638
63 54
    -0.011315208018914     0.009925772428687     0.024354182278330
     0.009925772428687    -0.011315208018914    -0.024354182278330
     0.024354182278330    -0.024354182278330    -0.133864037968578
63 55
    -2.341654446252050     1.196902454830706     1.196902454830706
     1.196902454830706    -2.341654446252051    -1.196902454830707
     1.196902454830706    -1.196902454830706    -2.341654446252051
63 56
    -0.031492912864905     0.035007932092412     0.035007932092412
     0.035007932092412     0.069928232653638    -0.035338320594747
     0.035007932092412    -0.035338320594747     0.069928232653638
63 57
     0.250247780888912     0.000000000000000    -0.000000000000000
    -0.000000000000000    -0.041754298479191    -0.000000000000000
     0.000000000000000    -0.000000000000000    -0.041754298479191
63 58
     0.002996701471147     0.000000000000000    -0.000000000000000
    -0.000000000000000     0.002996701471147     0.000000000000000
    -0.000000000000000    -0.000000000000000     0.002996701471147
63 59
    -0.057780722897860     0.000000000000000    -0.000000000000000
    -0.000000000000000    -0.057780722897860     0.000000000000000
     0.000000000000000    -0.000000000000000    -0.015432216503086
63 60
    -0.041754298479191     0.000000000000000     0.000000000000000
     0.000000000000000     0.250247780888913    -0.000000000000000
     0.000000000000000    -0.000000000000000    -0.041754298479191
63 61
    -0.057780722897860     0.000000000000000    -0.000000000000000
    -0.000000000000000    -0.015432216503086     0.000000000000000
    -0.000000000000000    -0.000000000000000    -0.057780722897860
63 62
    -0.041754298479191     0.000000000000000    -0.000000000000000
    -0.000000000000000    -0.041754298479191     0.000000000000000
    -0.000000000000000    -0.000000000000000     0.250247780888912
63 63
     9.696337472371393     0.000000000000000    -0.000000000000000
     0.000000000000000     9.696337472371400     0.000000000000000
    -0.000000000000000     0.000000000000000     9.696337472371393
63 64
    -0.015432216503086     0.000000000000000     0.000000000000000
    -0.000000000000000    -0.057780722897860     0.000000000000000
    -0.000000000000000    -0.000000000000000    -0.057780722897860
64 1
     0.003274804578268     0.012843773583882    -0.012843773583882
     0.012843773583882     0.003274804578268     0.012843773583882
    -0.012843773583882     0.012843773583882     0.003274804578268
64 2
    -0.133864037968578     0.024354182278330    -0.024354182278330
     0.024354182278330    -0.011315208018914     0.009925772428687
    -0.024354182278330     0.009925772428687    -0.011315208018914
64 3
    -0.011315208018914     0.024354182278330    -0.009925772428687
     0.024354182278330    -0.133864037968579     0.024354182278330
    -0.009925772428687     0.024354182278330    -0.011315208018914
64 4
     0.069928232653638     0.035338320594747    -0.035007932092412
     0.035338320594747     0.069928232653638     0.035007932092412
    -0.035007932092412     0.035007932092412    -0.031492912864905
64 5
    -0.011315208018914     0.009925772428687    -0.024354182278330
     0.009925772428687    -0.011315208018914     0.024354182278330
    -0.024354182278330     0.024354182278330    -0.133864037968578
64 6
     0.069928232653638     0.035007932092412    -0.035338320594747
     0.035007932092412    -0.031492912864906     0.035007932092412
    -0.035338320594747     0.035007932092412     0.069928232653638
64 7
    -0.031492912864905     0.035007932092412    -0.035007932092412
     0.035007932092412     0.069928232653638     0.035338320594747
    -0.035007932092412     0.035338320594747     0.069928232653638
64 8
    -2.341654446252051     1.196902454830706    -1.196902454830706
     1.196902454830706    -2.341654446252050     1.196902454830706
    -1.196902454830707     1.196902454830706    -2.341654446252051
64 9
    -0.034163283532962     0.037615269320668    -0.012843031709053
     0.037615269320668    -0.034163283532962    -0.012843031709053
     0.012843031709053     0.012843031709053     0.018478612139461
64 10
    -0.034163283532962    -0.037615269320668    -0.012843031709053
    -0.037615269320668    -0.034163283532962     0.012843031709053
     0.012843031709053    -0.012843031709053     0.018478612139461
64 11
    -0.034163283532962    -0.037615269320668     0.012843031709053
    -0.037615269320668    -0.034163283532962    -0.012843031709053
    -0.012843031709053     0.012843031709053     0.018478612139461
64 12
    -0.034163283532962     0.037615269320668     0.012843031709053
     0.037615269320668    -0.034163283532962     0.012843031709053
    -0.012843031709053    -0.012843031709053     0.018478612139461
64 13
    -0.158355902283347    -0.156713285832666    -0.072948118759086
    -0.156713285832666    -0.158355902283347    -0.072948118759086
     0.072948118759086     0.072948118759086     0.319300378862408
64 14
    -0.158355902283347     0.156713285832666    -0.072948118759086
     0.156713285832666    -0.158355902283347     0.072948118759086
     0.072948118759086    -0.072948118759086     0.319300378862408
64 15
    -0.158355902283347     0.156713285832666     0.072948118759086
     0.156713285832666    -0.158355902283347    -0.072948118759086
    -0.072948118759086     0.072948118759086     0.319300378862408
64 16
    -0.158355902283347    -0.156713285832666     0.072948118759086
    -0.156713285832666    -0.158355902283347     0.072948118759086
    -0.072948118759086    -0.072948118759086     0.319300378862408
64 17
     0.003274804578268    -0.012843773583882     0.012843773583882
    -0.012843773583882     0.003274804578268     0.012843773583882
     0.012843773583882     0.012843773583882     0.003274804578268
64 18
    -0.133864037968578    -0.024354182278330     0.024354182278330
    -0.024354182278330    -0.011315208018914     0.009925772428687
     0.024354182278330     0.009925772428687    -0.011315208018914
64 19
    -0.011315208018914    -0.024354182278330     0.009925772428687
    -0.024354182278330    -0.133864037968578     0.024354182278330
     0.009925772428687     0.024354182278330    -0.011315208018914
64 20
     0.069928232653638    -0.035338320594747     0.035007932092412
    -0.035338320594747     0.069928232653638     0.035007932092412
     0.035007932092412     0.035007932092412    -0.031492912864906
64 21
    -0.011315208018914    -0.009925772428687     0.024354182278330
    -0.009925772428687    -0.011315208018914     0.024354182278330
     0.024354182278330     0.024354182278330    -0.133864037968579
64 22
     0.069928232653638    -0.035007932092412     0.035338320594747
    -0.035007932092412    -0.031492912864906     0.035007932092412
     0.035338320594747     0.035007932092412     0.069928232653638
64 23
    -0.031492912864905    -0.035007932092412     0.035007932092412
    -0.035007932092412     0.069928232653638     0.035338320594747
     0.035007932092412     0.035338320594747     0.069928232653638
64 24
    -2.341654446252050    -1.196902454830706     1.196902454830706
    -1.196902454830706    -2.341654446252050     1.196902454830706
     1.196902454830706     1.196902454830706    -2.341654446252051
64 25
    -0.034163283532962    -0.012843031709053     0.037615269320668
     0.012843031709053     0.018478612139461     0.012843031709053
     0.037615269320668    -0.012843031709053    -0.034163283532962
64 26
    -0.034163283532962    -0.012843031709053    -0.037615269320668
     0.012843031709053     0.018478612139461    -0.012843031709053
    -0.037615269320668     0.012843031709053    -0.034163283532962
64 27
    -0.158355902283347    -0.072948118759086    -0.156713285832666
     0.072948118759086     0.319300378862408     0.072948118759086
    -0.156713285832666    -0.072948118759086    -0.158355902283347
64 28
    -0.158355902283347    -0.072948118759086     0.156713285832666
     0.072948118759086     0.319300378862408    -0.072948118759086
     0.156713285832666     0.072948118759086    -0.158355902283347
64 29
    -0.034163283532962     0.012843031709053    -0.037615269320668
    -0.012843031709053     0.018478612139461     0.012843031709053
    -0.037615269320668    -0.012843031709053    -0.034163283532962
64 30
    -0.034163283532962     0.012843031709053     0.037615269320668
    -0.012843031709053     0.018478612139461    -0.012843031709053
     0.037615269320668     0.012843031709053    -0.034163283532962
64 31
    -0.158355902283347     0.072948118759086     0.156713285832666
    -0.072948118759086     0.319300378862408     0.072948118759086
     0.156713285832666    -0.072948118759086    -0.158355902283347
64 32
    -0.158355902283347     0.072948118759086    -0.156713285832666
    -0.072948118759086     0.319300378862408    -0.072948118759086
    -0.156713285832666     0.072948118759086    -0.158355902283347
64 33
     0.003274804578268    -0.012843773583882    -0.012843773583882
    -0.012843773583882     0.003274804578268    -0.012843773583882
    -0.012843773583882    -0.012843773583882     0.003274804578268
64 34
    -0.133864037968578    -0.024354182278330    -0.024354182278330
    -0.024354182278330    -0.011315208018914    -0.009925772428687
    -0.024354182278330    -0.009925772428687    -0.011315208018914
64 35
    -0.011315208018914    -0.024354182278330    -0.009925772428687
    -0.024354182278330    -0.133864037968578    -0.024354182278330
    -0.009925772428687    -0.024354182278330    -0.011315208018914
64 36
     0.069928232653638    -0.035338320594747    -0.035007932092412
    -0.035338320594747     0.069928232653638    -0.035007932092412
    -0.035007932092412    -0.035007932092412    -0.031492912864906
64 37
    -0.011315208018914    -0.009925772428687    -0.024354182278330
    -0.009925772428687    -0.011315208018914    -0.024354182278330
    -0.024354182278330    -0.024354182278330    -0.133864037968578
64 38
     0.069928232653638    -0.035007932092412    -0.035338320594747
    -0.035007932092412    -0.031492912864905    -0.035007932092412
    -0.035338320594747    -0.035007932092412     0.069928232653638
64 39
    -0.031492912864905    -0.035007932092412    -0.035007932092412
    -0.035007932092412     0.069928232653638    -0.035338320594747
    -0.035007932092412    -0.035338320594747     0.069928232653638
64 40
    -2.341654446252051    -1.196902454830706    -1.196902454830706
    -1.196902454830706    -2.341654446252050    -1.196902454830706
    -1.196902454830707    -1.196902454830706    -2.341654446252051
64 41
     0.018478612139461     0.012843031709053     0.012843031709053
    -0.012843031709053    -0.034163283532962     0.037615269320668
    -0.012843031709053     0.037615269320668    -0.034163283532962
64 42
     0.319300378862408     0.072948118759086     0.072948118759086
    -0.072948118759086    -0.158355902283347    -0.156713285832666
    -0.072948118759086    -0.156713285832666    -0.158355902283347
64 43
     0.018478612139461     0.012843031709053    -0.012843031709053
    -0.012843031709053    -0.034163283532962    -0.037615269320668
     0.012843031709053    -0.037615269320668    -0.034163283532962
64 44
     0.319300378862408     0.072948118759086    -0.072948118759086
    -0.072948118759086    -0.158355902283347     0.156713285832666
     0.072948118759086     0.156713285832666    -0.158355902283347
64 45
     0.018478612139461    -0.012843031709053     0.012843031709053
     0.012843031709053    -0.034163283532962    -0.037615269320668
    -0.012843031709053    -0.037615269320668    -0.034163283532962
64 46
     0.319300378862408    -0.072948118759086     0.072948118759086
     0.072948118759086    -0.158355902283347     0.156713285832666
    -0.072948118759086     0.156713285832666    -0.158355902283347
64 47
     0.018478612139461    -0.012843031709053    -0.012843031709053
     0.012843031709053    -0.034163283532962     0.037615269320668
     0.012843031709053     0.037615269320668    -0.034163283532962
64 48
     0.319300378862408    -0.072948118759086    -0.072948118759086
     0.072948118759086    -0.158355902283347    -0.156713285832666
     0.072948118759086    -0.156713285832666    -0.158355902283347
64 49
     0.003274804578268     0.012843773583882     0.012843773583882
     0.012843773583882     0.003274804578268    -0.012843773583882
     0.012843773583882    -0.012843773583882     0.003274804578268
64 50
    -0.133864037968578     0.024354182278330     0.024354182278330
     0.024354182278330    -0.011315208018914    -0.009925772428687
     0.024354182278330    -0.009925772428687    -0.011315208018914
64 51
    -0.011315208018914     0.024354182278330     0.009925772428687
     0.024354182278330    -0.133864037968579    -0.024354182278330
     0.009925772428687    -0.024354182278330    -0.011315208018914
64 52
     0.069928232653638     0.035338320594747     0.035007932092412
     0.035338320594747     0.069928232653638    -0.035007932092412
     0.035007932092412    -0.035007932092412    -0.031492912864906
64 53
    -0.011315208018914     0.009925772428687     0.024354182278330
     0.009925772428687    -0.011315208018914    -0.024354182278330
     0.024354182278330    -0.024354182278330    -0.133864037968579
64 54
     0.069928232653638     0.035007932092412     0.035338320594747
     0.035007932092412    -0.031492912864905    -0.035007932092412
     0.035338320594747    -0.035007932092412     0.069928232653638
64 55
    -0.031492912864905     0.035007932092412     0.035007932092412
     0.035007932092412     0.069928232653638    -0.035338320594747
     0.035007932092412    -0.035338320594747     0.069928232653638
64 56
    -2.341654446252050     1.196902454830706     1.196902454830706
     1.196902454830706    -2.341654446252050    -1.196902454830706
     1.196902454830706    -1.196902454830706    -2.341654446252051
64 57
     0.002996701471147     0.000000000000000    -0.000000000000000
    -0.000000000000000     0.002996701471147    -0.000000000000000
     0.000000000000000     0.000000000000000     0.002996701471147
64 58
     0.250247780888912    -0.000000000000000    -0.000000000000000
     0.000000000000000    -0.041754298479191    -0.000000000000000
     0.000000000000000     0.000000000000000    -0.041754298479191
64 59
    -0.041754298479191     0.000000000000000    -0.000000000000000
    -0.000000000000000     0.250247780888912    -0.000000000000000
     0.000000000000000    -0.000000000000000    -0.041754298479191
64 60
    -0.057780722897860    -0.000000000000000    -0.000000000000000
     0.000000000000000    -0.057780722897860    -0.000000000000000
     0.000000000000000    -0.000000000000000    -0.015432216503086
64 61
    -0.041754298479191     0.000000000000000    -0.000000000000000
     0.000000000000000    -0.041754298479191     0.000000000000000
    -0.000000000000000    -0.000000000000000     0.250247780888913
64 62
    -0.057780722897860     0.000000000000000    -0.000000000000000
    -0.000000000000000    -0.015432216503086    -0.000000000000000
     0.000000000000000    -0.000000000000000    -0.057780722897860
64 63
    -0.015432216503086    -0.000000000000000    -0.000000000000000
     0.000000000000000    -0.057780722897860    -0.000000000000000
     0.000000000000000     0.000000000000000    -0.057780722897860
64 64
     9.696337472371393     0.000000000000000    -0.000000000000000
     0.000000000000000     9.696337472371393     0.000000000000000
    -0.000000000000000     0.000000000000000     9.696337472371399