# Volume points
 119.65668    0.31566   0.31566   0.31566   0.31565   0.31563   0.31560   0.31553   0.31541   0.31523   0.31499   0.31466   0.31424   0.31373   0.31312   0.31239   0.31156   0.31060   0.30953   0.30834   0.30702   0.30557   0.30400   0.30230   0.30047   0.29851   0.29642   0.29420   0.29185   0.28938   0.28677   0.28404   0.28118   0.27820   0.27509   0.27186   0.26850   0.26502   0.26142   0.25770   0.25387   0.24991   0.24583   0.24164   0.23734   0.23292   0.22839   0.22374   0.21899   0.21413   0.20915   0.20407   0.19888   0.19359   0.18819   0.18269   0.17708   0.17137   0.16556   0.15965   0.15364   0.14753   0.14133   0.13502   0.12862   0.12212   0.11553   0.10885   0.10206   0.09519   0.08823   0.08117   0.07402   0.06679   0.05946   0.05204   0.04454   0.03695   0.02927   0.02150   0.01365   0.00572  -0.00230  -0.01041  -0.01859  -0.02686  -0.03522  -0.04365  -0.05217  -0.06076  -0.06944  -0.07820  -0.08703  -0.09594  -0.10494  -0.11401  -0.12315  -0.13238  -0.14168  -0.15105  -0.16050  -0.17003  -0.17963  -0.18930  -0.19905  -0.20887  -0.21877  -0.22873  -0.23877  -0.24888  -0.25906  -0.26931  -0.27963  -0.29002  -0.30048  -0.31101  -0.32161  -0.33227  -0.34301  -0.35381  -0.36468  -0.37562  -0.38662  -0.39769  -0.40882  -0.42002  -0.43129  -0.44261  -0.45401  -0.46547  -0.47699  -0.48857  -0.50022  -0.51193  -0.52370  -0.53554  -0.54744  -0.55940  -0.57142  -0.58350  -0.59564  -0.60784  -0.62010  -0.63242  -0.64480  -0.65724  -0.66974  -0.68230  -0.69491  -0.70758  -0.72031  -0.73310  -0.74595  -0.75885  -0.77181  -0.78482  -0.79790  -0.81102  -0.82420  -0.83744  -0.85074  -0.86408  -0.87749  -0.89094  -0.90445  -0.91802  -0.93163  -0.94530  -0.95903  -0.97281  -0.98664  -1.00052  -1.01445  -1.02844  -1.04247  -1.05656  -1.07070  -1.08490  -1.09914  -1.11343  -1.12777  -1.14217  -1.15661  -1.17110  -1.18564  -1.20024  -1.21488  -1.22957  -1.24430  -1.25909  -1.27392  -1.28881  -1.30374  -1.31872  -1.33374  -1.34882  -1.36394  -1.37910  -1.39432  -1.40958  -1.42488
 123.31939    0.26903   0.26903   0.26903   0.26903   0.26902   0.26900   0.26895   0.26887   0.26874   0.26854   0.26827   0.26792   0.26748   0.26693   0.26628   0.26552   0.26464   0.26364   0.26251   0.26126   0.25988   0.25836   0.25672   0.25494   0.25303   0.25098   0.24881   0.24650   0.24405   0.24147   0.23877   0.23593   0.23296   0.22986   0.22664   0.22329   0.21981   0.21621   0.21248   0.20863   0.20467   0.20058   0.19637   0.19205   0.18761   0.18305   0.17838   0.17360   0.16870   0.16369   0.15858   0.15335   0.14802   0.14258   0.13703   0.13138   0.12563   0.11977   0.11381   0.10775   0.10159   0.09533   0.08897   0.08251   0.07596   0.06930   0.06256   0.05572   0.04878   0.04175   0.03463   0.02742   0.02012   0.01272   0.00524  -0.00234  -0.01000  -0.01775  -0.02558  -0.03351  -0.04152  -0.04961  -0.05779  -0.06605  -0.07440  -0.08283  -0.09134  -0.09994  -0.10861  -0.11737  -0.12621  -0.13513  -0.14412  -0.15320  -0.16235  -0.17158  -0.18089  -0.19027  -0.19973  -0.20927  -0.21888  -0.22857  -0.23833  -0.24817  -0.25808  -0.26806  -0.27812  -0.28825  -0.29845  -0.30872  -0.31906  -0.32947  -0.33995  -0.35051  -0.36113  -0.37182  -0.38258  -0.39341  -0.40431  -0.41527  -0.42630  -0.43740  -0.44857  -0.45980  -0.47109  -0.48246  -0.49388  -0.50538  -0.51693  -0.52855  -0.54024  -0.55198  -0.56379  -0.57567  -0.58760  -0.59960  -0.61166  -0.62378  -0.63596  -0.64821  -0.66051  -0.67287  -0.68530  -0.69778  -0.71032  -0.72292  -0.73558  -0.74830  -0.76108  -0.77391  -0.78681  -0.79976  -0.81276  -0.82583  -0.83895  -0.85213  -0.86536  -0.87865  -0.89199  -0.90539  -0.91884  -0.93235  -0.94592  -0.95954  -0.97321  -0.98693  -1.00071  -1.01454  -1.02843  -1.04237  -1.05636  -1.07040  -1.08450  -1.09864  -1.11284  -1.12709  -1.14139  -1.15574  -1.17015  -1.18460  -1.19910  -1.21366  -1.22826  -1.24291  -1.25761  -1.27237  -1.28717  -1.30202  -1.31691  -1.33186  -1.34686  -1.36190  -1.37699  -1.39213  -1.40731  -1.42254  -1.43782  -1.45315  -1.46852  -1.48394
 127.05610    0.28285   0.28285   0.28285   0.28285   0.28284   0.28283   0.28279   0.28273   0.28262   0.28246   0.28223   0.28192   0.28152   0.28102   0.28042   0.27970   0.27887   0.27791   0.27682   0.27561   0.27426   0.27278   0.27116   0.26941   0.26752   0.26549   0.26332   0.26102   0.25858   0.25600   0.25329   0.25044   0.24746   0.24434   0.24110   0.23773   0.23422   0.23059   0.22684   0.22295   0.21895   0.21482   0.21057   0.20620   0.20171   0.19711   0.19239   0.18755   0.18260   0.17754   0.17236   0.16708   0.16168   0.15618   0.15057   0.14485   0.13903   0.13310   0.12707   0.12093   0.11470   0.10836   0.10193   0.09539   0.08876   0.08203   0.07520   0.06828   0.06126   0.05415   0.04695   0.03965   0.03226   0.02478   0.01721   0.00954   0.00179  -0.00605  -0.01397  -0.02199  -0.03009  -0.03828  -0.04655  -0.05491  -0.06335  -0.07187  -0.08048  -0.08917  -0.09794  -0.10680  -0.11573  -0.12475  -0.13384  -0.14302  -0.15227  -0.16160  -0.17101  -0.18050  -0.19006  -0.19970  -0.20942  -0.21921  -0.22907  -0.23901  -0.24903  -0.25911  -0.26927  -0.27951  -0.28981  -0.30019  -0.31064  -0.32116  -0.33175  -0.34241  -0.35314  -0.36394  -0.37481  -0.38575  -0.39676  -0.40783  -0.41897  -0.43018  -0.44146  -0.45280  -0.46421  -0.47568  -0.48722  -0.49882  -0.51049  -0.52223  -0.53402  -0.54588  -0.55781  -0.56979  -0.58184  -0.59396  -0.60613  -0.61837  -0.63066  -0.64302  -0.65544  -0.66792  -0.68046  -0.69306  -0.70572  -0.71843  -0.73121  -0.74405  -0.75694  -0.76989  -0.78290  -0.79597  -0.80910  -0.82228  -0.83552  -0.84881  -0.86216  -0.87557  -0.88903  -0.90255  -0.91613  -0.92975  -0.94344  -0.95717  -0.97097  -0.98481  -0.99871  -1.01266  -1.02667  -1.04073  -1.05484  -1.06900  -1.08322  -1.09749  -1.11181  -1.12618  -1.14060  -1.15508  -1.16960  -1.18418  -1.19880  -1.21348  -1.22820  -1.24298  -1.25780  -1.27268  -1.28760  -1.30257  -1.31760  -1.33266  -1.34778  -1.36295  -1.37816  -1.39343  -1.40873  -1.42409  -1.43949  -1.45495  -1.47044  -1.48599
 130.86753    0.34846   0.34845   0.34845   0.34845   0.34844   0.34843   0.34840   0.34834   0.34823   0.34808   0.34786   0.34755   0.34716   0.34667   0.34606   0.34534   0.34450   0.34353   0.34243   0.34119   0.33982   0.33830   0.33665   0.33485   0.33290   0.33082   0.32859   0.32622   0.32370   0.32105   0.31826   0.31532   0.31225   0.30905   0.30571   0.30223   0.29862   0.29488   0.29102   0.28702   0.28290   0.27865   0.27428   0.26978   0.26517   0.26044   0.25558   0.25061   0.24553   0.24032   0.23501   0.22958   0.22405   0.21840   0.21264   0.20678   0.20080   0.19473   0.18854   0.18226   0.17587   0.16938   0.16278   0.15609   0.14930   0.14241   0.13542   0.12834   0.12116   0.11388   0.10652   0.09905   0.09150   0.08385   0.07611   0.06828   0.06036   0.05235   0.04425   0.03607   0.02780   0.01944   0.01099   0.00246  -0.00616  -0.01486  -0.02364  -0.03251  -0.04145  -0.05049  -0.05960  -0.06879  -0.07806  -0.08742  -0.09685  -0.10636  -0.11595  -0.12562  -0.13536  -0.14518  -0.15508  -0.16505  -0.17510  -0.18522  -0.19542  -0.20569  -0.21604  -0.22646  -0.23695  -0.24751  -0.25814  -0.26885  -0.27963  -0.29047  -0.30139  -0.31238  -0.32344  -0.33456  -0.34576  -0.35702  -0.36835  -0.37975  -0.39121  -0.40274  -0.41434  -0.42600  -0.43773  -0.44953  -0.46139  -0.47331  -0.48530  -0.49735  -0.50947  -0.52165  -0.53389  -0.54619  -0.55856  -0.57099  -0.58348  -0.59603  -0.60864  -0.62131  -0.63405  -0.64684  -0.65969  -0.67260  -0.68558  -0.69861  -0.71170  -0.72484  -0.73805  -0.75131  -0.76463  -0.77801  -0.79144  -0.80494  -0.81848  -0.83209  -0.84575  -0.85946  -0.87323  -0.88706  -0.90094  -0.91487  -0.92886  -0.94290  -0.95700  -0.97115  -0.98536  -0.99961  -1.01392  -1.02828  -1.04270  -1.05717  -1.07168  -1.08625  -1.10088  -1.11555  -1.13027  -1.14505  -1.15987  -1.17475  -1.18967  -1.20465  -1.21967  -1.23475  -1.24987  -1.26504  -1.28027  -1.29554  -1.31085  -1.32622  -1.34164  -1.35710  -1.37261  -1.38817  -1.40377  -1.41942  -1.43512  -1.45087
 134.75443    0.46084   0.46084   0.46084   0.46084   0.46083   0.46082   0.46079   0.46073   0.46062   0.46047   0.46024   0.45993   0.45953   0.45902   0.45840   0.45765   0.45678   0.45577   0.45462   0.45333   0.45189   0.45031   0.44858   0.44670   0.44466   0.44249   0.44016   0.43768   0.43506   0.43229   0.42937   0.42632   0.42312   0.41978   0.41630   0.41268   0.40893   0.40504   0.40103   0.39688   0.39260   0.38819   0.38366   0.37900   0.37422   0.36932   0.36429   0.35915   0.35389   0.34851   0.34302   0.33741   0.33170   0.32586   0.31992   0.31387   0.30772   0.30145   0.29508   0.28860   0.28202   0.27534   0.26855   0.26166   0.25468   0.24759   0.24041   0.23312   0.22574   0.21827   0.21070   0.20303   0.19528   0.18742   0.17948   0.17145   0.16332   0.15511   0.14680   0.13841   0.12993   0.12136   0.11271   0.10397   0.09514   0.08623   0.07724   0.06816   0.05900   0.04976   0.04043   0.03103   0.02154   0.01197   0.00232  -0.00740  -0.01721  -0.02709  -0.03705  -0.04709  -0.05720  -0.06739  -0.07766  -0.08800  -0.09841  -0.10890  -0.11947  -0.13011  -0.14082  -0.15160  -0.16245  -0.17338  -0.18438  -0.19545  -0.20658  -0.21779  -0.22907  -0.24042  -0.25184  -0.26332  -0.27487  -0.28650  -0.29818  -0.30994  -0.32176  -0.33365  -0.34560  -0.35762  -0.36970  -0.38185  -0.39407  -0.40634  -0.41868  -0.43109  -0.44356  -0.45609  -0.46868  -0.48133  -0.49405  -0.50683  -0.51967  -0.53257  -0.54553  -0.55855  -0.57163  -0.58477  -0.59797  -0.61123  -0.62454  -0.63792  -0.65135  -0.66485  -0.67840  -0.69200  -0.70567  -0.71939  -0.73316  -0.74700  -0.76089  -0.77483  -0.78883  -0.80289  -0.81700  -0.83116  -0.84538  -0.85966  -0.87399  -0.88837  -0.90280  -0.91729  -0.93183  -0.94642  -0.96107  -0.97577  -0.99052  -1.00532  -1.02017  -1.03508  -1.05003  -1.06504  -1.08010  -1.09521  -1.11037  -1.12557  -1.14083  -1.15614  -1.17149  -1.18690  -1.20236  -1.21786  -1.23341  -1.24901  -1.26466  -1.28036  -1.29610  -1.31189  -1.32773  -1.34362  -1.35955  -1.37553
 138.71755    0.61520   0.61520   0.61519   0.61519   0.61519   0.61517   0.61513   0.61507   0.61496   0.61480   0.61456   0.61423   0.61380   0.61327   0.61260   0.61181   0.61088   0.60981   0.60859   0.60722   0.60570   0.60402   0.60218   0.60019   0.59805   0.59575   0.59329   0.59068   0.58792   0.58501   0.58194   0.57873   0.57538   0.57188   0.56823   0.56445   0.56052   0.55646   0.55227   0.54794   0.54348   0.53888   0.53416   0.52931   0.52434   0.51924   0.51402   0.50868   0.50322   0.49764   0.49195   0.48613   0.48021   0.47417   0.46802   0.46176   0.45539   0.44891   0.44233   0.43563   0.42884   0.42194   0.41493   0.40783   0.40062   0.39331   0.38591   0.37840   0.37080   0.36310   0.35531   0.34742   0.33943   0.33135   0.32318   0.31492   0.30657   0.29813   0.28959   0.28097   0.27226   0.26346   0.25457   0.24560   0.23654   0.22740   0.21817   0.20886   0.19947   0.18999   0.18043   0.17079   0.16106   0.15126   0.14138   0.13141   0.12137   0.11125   0.10105   0.09078   0.08042   0.06999   0.05949   0.04891   0.03825   0.02752   0.01672   0.00584  -0.00511  -0.01614  -0.02723  -0.03840  -0.04964  -0.06095  -0.07233  -0.08379  -0.09531  -0.10690  -0.11856  -0.13029  -0.14208  -0.15395  -0.16588  -0.17788  -0.18995  -0.20208  -0.21428  -0.22654  -0.23887  -0.25127  -0.26373  -0.27625  -0.28884  -0.30149  -0.31420  -0.32698  -0.33982  -0.35272  -0.36569  -0.37871  -0.39180  -0.40495  -0.41816  -0.43143  -0.44475  -0.45814  -0.47159  -0.48510  -0.49867  -0.51229  -0.52597  -0.53972  -0.55351  -0.56737  -0.58128  -0.59526  -0.60928  -0.62337  -0.63751  -0.65170  -0.66595  -0.68026  -0.69462  -0.70904  -0.72351  -0.73803  -0.75261  -0.76724  -0.78193  -0.79667  -0.81146  -0.82631  -0.84120  -0.85615  -0.87116  -0.88621  -0.90132  -0.91647  -0.93168  -0.94694  -0.96225  -0.97761  -0.99302  -1.00848  -1.02400  -1.03956  -1.05517  -1.07082  -1.08653  -1.10229  -1.11809  -1.13395  -1.14985  -1.16580  -1.18180  -1.19784  -1.21394  -1.23008  -1.24626  -1.26250
 142.75761    0.80705   0.80705   0.80705   0.80705   0.80704   0.80702   0.80698   0.80691   0.80679   0.80661   0.80634   0.80598   0.80551   0.80492   0.80420   0.80334   0.80233   0.80117   0.79985   0.79837   0.79672   0.79492   0.79295   0.79082   0.78853   0.78607   0.78345   0.78068   0.77774   0.77465   0.77141   0.76801   0.76447   0.76077   0.75693   0.75295   0.74882   0.74455   0.74015   0.73561   0.73093   0.72612   0.72118   0.71611   0.71092   0.70559   0.70015   0.69458   0.68889   0.68308   0.67715   0.67110   0.66494   0.65867   0.65228   0.64578   0.63917   0.63245   0.62562   0.61869   0.61165   0.60450   0.59725   0.58990   0.58245   0.57489   0.56724   0.55948   0.55163   0.54368   0.53563   0.52749   0.51925   0.51092   0.50250   0.49398   0.48538   0.47668   0.46789   0.45901   0.45004   0.44098   0.43184   0.42261   0.41329   0.40389   0.39440   0.38483   0.37518   0.36544   0.35562   0.34572   0.33573   0.32567   0.31552   0.30529   0.29499   0.28461   0.27414   0.26360   0.25299   0.24229   0.23152   0.22068   0.20976   0.19876   0.18769   0.17655   0.16533   0.15404   0.14268   0.13124   0.11973   0.10815   0.09651   0.08479   0.07300   0.06114   0.04921   0.03721   0.02514   0.01301   0.00081  -0.01146  -0.02380  -0.03620  -0.04867  -0.06120  -0.07380  -0.08647  -0.09920  -0.11199  -0.12485  -0.13777  -0.15076  -0.16381  -0.17692  -0.19009  -0.20333  -0.21662  -0.22998  -0.24340  -0.25689  -0.27043  -0.28403  -0.29769  -0.31141  -0.32519  -0.33903  -0.35293  -0.36689  -0.38090  -0.39497  -0.40910  -0.42329  -0.43754  -0.45184  -0.46620  -0.48061  -0.49508  -0.50960  -0.52419  -0.53882  -0.55351  -0.56826  -0.58306  -0.59791  -0.61282  -0.62778  -0.64280  -0.65787  -0.67299  -0.68816  -0.70339  -0.71866  -0.73399  -0.74938  -0.76481  -0.78029  -0.79583  -0.81142  -0.82705  -0.84274  -0.85848  -0.87427  -0.89010  -0.90599  -0.92192  -0.93791  -0.95394  -0.97003  -0.98616  -1.00234  -1.01856  -1.03484  -1.05116  -1.06753  -1.08395  -1.10041  -1.11692

# Fitted data
 119.65668    0.31550   0.31550   0.31550   0.31549   0.31547   0.31544   0.31537   0.31525   0.31507   0.31483   0.31450   0.31409   0.31357   0.31296   0.31223   0.31140   0.31044   0.30937   0.30817   0.30685   0.30540   0.30383   0.30212   0.30029   0.29833   0.29624   0.29402   0.29167   0.28919   0.28658   0.28385   0.28099   0.27800   0.27489   0.27165   0.26829   0.26481   0.26121   0.25748   0.25364   0.24968   0.24560   0.24141   0.23710   0.23268   0.22814   0.22350   0.21874   0.21387   0.20890   0.20381   0.19862   0.19332   0.18792   0.18241   0.17680   0.17109   0.16528   0.15936   0.15335   0.14724   0.14103   0.13472   0.12831   0.12181   0.11522   0.10853   0.10174   0.09487   0.08790   0.08084   0.07369   0.06644   0.05911   0.05169   0.04419   0.03659   0.02891   0.02114   0.01329   0.00535  -0.00268  -0.01078  -0.01898  -0.02725  -0.03561  -0.04404  -0.05256  -0.06116  -0.06984  -0.07860  -0.08744  -0.09636  -0.10536  -0.11443  -0.12358  -0.13281  -0.14211  -0.15149  -0.16095  -0.17048  -0.18008  -0.18976  -0.19951  -0.20933  -0.21923  -0.22920  -0.23924  -0.24936  -0.25954  -0.26980  -0.28012  -0.29051  -0.30098  -0.31151  -0.32211  -0.33278  -0.34352  -0.35433  -0.36520  -0.37614  -0.38715  -0.39822  -0.40936  -0.42056  -0.43183  -0.44316  -0.45456  -0.46602  -0.47755  -0.48914  -0.50079  -0.51250  -0.52428  -0.53612  -0.54802  -0.55998  -0.57201  -0.58409  -0.59624  -0.60844  -0.62071  -0.63303  -0.64542  -0.65786  -0.67036  -0.68292  -0.69554  -0.70822  -0.72095  -0.73375  -0.74660  -0.75950  -0.77246  -0.78548  -0.79856  -0.81169  -0.82488  -0.83812  -0.85141  -0.86477  -0.87817  -0.89163  -0.90515  -0.91871  -0.93234  -0.94601  -0.95974  -0.97352  -0.98735  -1.00124  -1.01518  -1.02917  -1.04321  -1.05730  -1.07145  -1.08564  -1.09989  -1.11418  -1.12853  -1.14293  -1.15737  -1.17187  -1.18642  -1.20101  -1.21566  -1.23035  -1.24509  -1.25988  -1.27472  -1.28961  -1.30454  -1.31953  -1.33456  -1.34963  -1.36476  -1.37993  -1.39515  -1.41041  -1.42572
 119.77219    0.31305   0.31305   0.31305   0.31305   0.31303   0.31299   0.31292   0.31281   0.31263   0.31239   0.31207   0.31165   0.31114   0.31053   0.30981   0.30898   0.30802   0.30695   0.30576   0.30444   0.30300   0.30142   0.29972   0.29789   0.29594   0.29385   0.29163   0.28928   0.28681   0.28420   0.28147   0.27861   0.27563   0.27252   0.26928   0.26592   0.26244   0.25884   0.25512   0.25128   0.24732   0.24324   0.23905   0.23474   0.23032   0.22579   0.22114   0.21638   0.21152   0.20654   0.20146   0.19627   0.19097   0.18557   0.18006   0.17445   0.16874   0.16292   0.15701   0.15100   0.14488   0.13867   0.13236   0.12596   0.11946   0.11286   0.10617   0.09939   0.09251   0.08554   0.07848   0.07133   0.06408   0.05675   0.04933   0.04182   0.03423   0.02655   0.01878   0.01092   0.00298  -0.00504  -0.01315  -0.02134  -0.02962  -0.03798  -0.04642  -0.05494  -0.06354  -0.07222  -0.08098  -0.08982  -0.09874  -0.10774  -0.11681  -0.12596  -0.13519  -0.14450  -0.15388  -0.16333  -0.17286  -0.18247  -0.19215  -0.20190  -0.21173  -0.22163  -0.23160  -0.24164  -0.25175  -0.26194  -0.27220  -0.28252  -0.29292  -0.30338  -0.31392  -0.32452  -0.33519  -0.34593  -0.35674  -0.36762  -0.37856  -0.38957  -0.40064  -0.41178  -0.42298  -0.43425  -0.44559  -0.45699  -0.46845  -0.47998  -0.49157  -0.50322  -0.51494  -0.52672  -0.53856  -0.55046  -0.56243  -0.57445  -0.58654  -0.59868  -0.61089  -0.62316  -0.63549  -0.64787  -0.66032  -0.67282  -0.68538  -0.69801  -0.71068  -0.72342  -0.73621  -0.74907  -0.76197  -0.77494  -0.78796  -0.80104  -0.81417  -0.82736  -0.84060  -0.85390  -0.86725  -0.88066  -0.89412  -0.90764  -0.92121  -0.93483  -0.94851  -0.96224  -0.97602  -0.98986  -1.00375  -1.01769  -1.03168  -1.04572  -1.05982  -1.07396  -1.08816  -1.10241  -1.11671  -1.13106  -1.14546  -1.15990  -1.17440  -1.18895  -1.20355  -1.21820  -1.23289  -1.24764  -1.26243  -1.27727  -1.29216  -1.30709  -1.32208  -1.33711  -1.35219  -1.36732  -1.38249  -1.39771  -1.41298  -1.42829
 119.88769    0.31068   0.31068   0.31068   0.31067   0.31066   0.31062   0.31055   0.31044   0.31026   0.31002   0.30970   0.30929   0.30878   0.30817   0.30745   0.30662   0.30568   0.30461   0.30342   0.30210   0.30066   0.29909   0.29739   0.29557   0.29361   0.29152   0.28931   0.28696   0.28449   0.28189   0.27916   0.27630   0.27332   0.27021   0.26698   0.26362   0.26014   0.25654   0.25282   0.24898   0.24502   0.24095   0.23676   0.23245   0.22803   0.22350   0.21885   0.21409   0.20923   0.20425   0.19917   0.19398   0.18868   0.18328   0.17777   0.17216   0.16645   0.16064   0.15472   0.14871   0.14259   0.13638   0.13007   0.12367   0.11717   0.11057   0.10388   0.09709   0.09022   0.08325   0.07618   0.06903   0.06179   0.05446   0.04704   0.03953   0.03193   0.02425   0.01648   0.00862   0.00068  -0.00735  -0.01546  -0.02365  -0.03193  -0.04028  -0.04872  -0.05725  -0.06585  -0.07453  -0.08329  -0.09213  -0.10105  -0.11005  -0.11913  -0.12828  -0.13751  -0.14682  -0.15620  -0.16566  -0.17519  -0.18480  -0.19448  -0.20423  -0.21406  -0.22396  -0.23393  -0.24398  -0.25409  -0.26428  -0.27454  -0.28486  -0.29526  -0.30573  -0.31627  -0.32687  -0.33754  -0.34828  -0.35909  -0.36997  -0.38091  -0.39192  -0.40300  -0.41414  -0.42535  -0.43662  -0.44795  -0.45936  -0.47082  -0.48235  -0.49394  -0.50560  -0.51732  -0.52910  -0.54094  -0.55284  -0.56481  -0.57684  -0.58893  -0.60107  -0.61328  -0.62555  -0.63788  -0.65027  -0.66272  -0.67522  -0.68779  -0.70041  -0.71309  -0.72583  -0.73862  -0.75148  -0.76439  -0.77735  -0.79038  -0.80346  -0.81659  -0.82978  -0.84303  -0.85633  -0.86968  -0.88309  -0.89656  -0.91008  -0.92365  -0.93727  -0.95095  -0.96468  -0.97847  -0.99231  -1.00620  -1.02014  -1.03413  -1.04818  -1.06228  -1.07642  -1.09062  -1.10487  -1.11917  -1.13353  -1.14793  -1.16238  -1.17688  -1.19143  -1.20603  -1.22068  -1.23538  -1.25012  -1.26492  -1.27976  -1.29465  -1.30959  -1.32458  -1.33961  -1.35469  -1.36982  -1.38500  -1.40022  -1.41549  -1.43080
 120.00320    0.30837   0.30837   0.30837   0.30836   0.30835   0.30831   0.30824   0.30813   0.30796   0.30772   0.30740   0.30699   0.30649   0.30588   0.30517   0.30434   0.30339   0.30233   0.30114   0.29983   0.29839   0.29683   0.29513   0.29331   0.29135   0.28927   0.28706   0.28471   0.28224   0.27964   0.27691   0.27406   0.27108   0.26797   0.26474   0.26139   0.25791   0.25431   0.25059   0.24675   0.24279   0.23872   0.23453   0.23022   0.22580   0.22127   0.21662   0.21187   0.20700   0.20203   0.19694   0.19175   0.18645   0.18105   0.17555   0.16994   0.16422   0.15841   0.15250   0.14648   0.14037   0.13416   0.12785   0.12144   0.11494   0.10834   0.10165   0.09486   0.08799   0.08102   0.07395   0.06680   0.05956   0.05222   0.04480   0.03729   0.02969   0.02201   0.01424   0.00638  -0.00156  -0.00959  -0.01770  -0.02589  -0.03417  -0.04253  -0.05097  -0.05949  -0.06810  -0.07678  -0.08554  -0.09439  -0.10331  -0.11231  -0.12138  -0.13054  -0.13977  -0.14908  -0.15846  -0.16792  -0.17745  -0.18706  -0.19674  -0.20650  -0.21633  -0.22623  -0.23620  -0.24625  -0.25637  -0.26656  -0.27681  -0.28714  -0.29754  -0.30801  -0.31855  -0.32916  -0.33983  -0.35057  -0.36139  -0.37226  -0.38321  -0.39422  -0.40530  -0.41644  -0.42765  -0.43892  -0.45026  -0.46166  -0.47313  -0.48466  -0.49625  -0.50791  -0.51963  -0.53141  -0.54326  -0.55517  -0.56713  -0.57916  -0.59125  -0.60340  -0.61561  -0.62789  -0.64022  -0.65261  -0.66506  -0.67756  -0.69013  -0.70275  -0.71544  -0.72818  -0.74098  -0.75383  -0.76674  -0.77971  -0.79274  -0.80582  -0.81895  -0.83215  -0.84539  -0.85870  -0.87205  -0.88547  -0.89893  -0.91245  -0.92603  -0.93966  -0.95334  -0.96707  -0.98086  -0.99470  -1.00859  -1.02253  -1.03653  -1.05058  -1.06468  -1.07883  -1.09303  -1.10728  -1.12158  -1.13594  -1.15034  -1.16479  -1.17930  -1.19385  -1.20845  -1.22310  -1.23780  -1.25255  -1.26735  -1.28219  -1.29709  -1.31203  -1.32702  -1.34205  -1.35714  -1.37227  -1.38745  -1.40267  -1.41794  -1.43326
 120.11870    0.30613   0.30613   0.30613   0.30612   0.30611   0.30607   0.30601   0.30589   0.30572   0.30549   0.30517   0.30476   0.30426   0.30366   0.30295   0.30212   0.30118   0.30012   0.29893   0.29763   0.29619   0.29463   0.29293   0.29111   0.28916   0.28708   0.28487   0.28253   0.28006   0.27746   0.27474   0.27188   0.26890   0.26580   0.26257   0.25922   0.25574   0.25214   0.24842   0.24459   0.24063   0.23656   0.23237   0.22806   0.22364   0.21911   0.21446   0.20971   0.20484   0.19987   0.19478   0.18959   0.18430   0.17889   0.17339   0.16778   0.16206   0.15625   0.15034   0.14432   0.13821   0.13199   0.12569   0.11928   0.11278   0.10618   0.09949   0.09270   0.08582   0.07885   0.07179   0.06463   0.05739   0.05005   0.04263   0.03512   0.02752   0.01984   0.01206   0.00421  -0.00374  -0.01176  -0.01988  -0.02807  -0.03635  -0.04471  -0.05315  -0.06168  -0.07028  -0.07897  -0.08773  -0.09658  -0.10550  -0.11450  -0.12358  -0.13273  -0.14197  -0.15127  -0.16066  -0.17012  -0.17965  -0.18926  -0.19895  -0.20871  -0.21854  -0.22844  -0.23841  -0.24846  -0.25858  -0.26877  -0.27903  -0.28936  -0.29976  -0.31024  -0.32077  -0.33138  -0.34206  -0.35280  -0.36362  -0.37450  -0.38544  -0.39646  -0.40753  -0.41868  -0.42989  -0.44117  -0.45251  -0.46391  -0.47538  -0.48691  -0.49851  -0.51017  -0.52189  -0.53367  -0.54552  -0.55743  -0.56940  -0.58143  -0.59352  -0.60567  -0.61789  -0.63016  -0.64249  -0.65488  -0.66734  -0.67985  -0.69241  -0.70504  -0.71773  -0.73047  -0.74327  -0.75613  -0.76904  -0.78201  -0.79504  -0.80812  -0.82126  -0.83445  -0.84770  -0.86101  -0.87437  -0.88778  -0.90125  -0.91477  -0.92835  -0.94198  -0.95566  -0.96940  -0.98319  -0.99703  -1.01093  -1.02487  -1.03887  -1.05292  -1.06702  -1.08117  -1.09538  -1.10963  -1.12394  -1.13829  -1.15270  -1.16716  -1.18166  -1.19622  -1.21082  -1.22547  -1.24018  -1.25493  -1.26973  -1.28457  -1.29947  -1.31441  -1.32940  -1.34444  -1.35953  -1.37466  -1.38984  -1.40507  -1.42034  -1.43566
 120.23421    0.30396   0.30395   0.30395   0.30395   0.30393   0.30390   0.30383   0.30372   0.30356   0.30332   0.30301   0.30260   0.30210   0.30150   0.30079   0.29997   0.29903   0.29797   0.29679   0.29549   0.29405   0.29249   0.29080   0.28899   0.28704   0.28496   0.28275   0.28041   0.27794   0.27535   0.27262   0.26977   0.26680   0.26369   0.26046   0.25711   0.25364   0.25004   0.24632   0.24248   0.23853   0.23446   0.23027   0.22596   0.22154   0.21701   0.21237   0.20761   0.20275   0.19777   0.19269   0.18750   0.18220   0.17680   0.17129   0.16568   0.15997   0.15415   0.14824   0.14222   0.13611   0.12990   0.12359   0.11718   0.11068   0.10408   0.09738   0.09060   0.08372   0.07675   0.06968   0.06253   0.05528   0.04795   0.04052   0.03301   0.02541   0.01773   0.00995   0.00209  -0.00585  -0.01388  -0.02199  -0.03019  -0.03847  -0.04683  -0.05527  -0.06380  -0.07241  -0.08109  -0.08986  -0.09870  -0.10763  -0.11663  -0.12571  -0.13487  -0.14410  -0.15341  -0.16280  -0.17226  -0.18180  -0.19141  -0.20109  -0.21085  -0.22068  -0.23059  -0.24057  -0.25061  -0.26074  -0.27093  -0.28119  -0.29152  -0.30193  -0.31240  -0.32294  -0.33355  -0.34423  -0.35497  -0.36579  -0.37667  -0.38762  -0.39863  -0.40971  -0.42086  -0.43207  -0.44335  -0.45469  -0.46610  -0.47757  -0.48910  -0.50070  -0.51236  -0.52409  -0.53587  -0.54772  -0.55963  -0.57160  -0.58364  -0.59573  -0.60789  -0.62010  -0.63238  -0.64471  -0.65710  -0.66956  -0.68207  -0.69464  -0.70727  -0.71996  -0.73270  -0.74550  -0.75836  -0.77128  -0.78425  -0.79728  -0.81037  -0.82351  -0.83670  -0.84996  -0.86326  -0.87662  -0.89004  -0.90351  -0.91704  -0.93062  -0.94425  -0.95793  -0.97167  -0.98546  -0.99931  -1.01320  -1.02715  -1.04115  -1.05521  -1.06931  -1.08347  -1.09767  -1.11193  -1.12624  -1.14059  -1.15500  -1.16946  -1.18397  -1.19852  -1.21313  -1.22779  -1.24249  -1.25724  -1.27205  -1.28690  -1.30179  -1.31674  -1.33173  -1.34677  -1.36186  -1.37700  -1.39218  -1.40741  -1.42269  -1.43801
 120.34971    0.30185   0.30185   0.30185   0.30184   0.30183   0.30179   0.30173   0.30162   0.30145   0.30122   0.30091   0.30051   0.30001   0.29941   0.29871   0.29789   0.29695   0.29590   0.29472   0.29341   0.29198   0.29043   0.28874   0.28692   0.28498   0.28290   0.28070   0.27836   0.27589   0.27330   0.27058   0.26773   0.26475   0.26165   0.25842   0.25507   0.25160   0.24800   0.24429   0.24045   0.23649   0.23242   0.22823   0.22393   0.21951   0.21498   0.21033   0.20558   0.20071   0.19574   0.19066   0.18547   0.18017   0.17477   0.16926   0.16365   0.15794   0.15212   0.14621   0.14019   0.13408   0.12786   0.12155   0.11514   0.10864   0.10204   0.09535   0.08856   0.08168   0.07471   0.06764   0.06049   0.05324   0.04590   0.03848   0.03097   0.02337   0.01568   0.00790   0.00004  -0.00790  -0.01593  -0.02405  -0.03224  -0.04053  -0.04889  -0.05733  -0.06586  -0.07447  -0.08316  -0.09192  -0.10077  -0.10969  -0.11870  -0.12778  -0.13694  -0.14617  -0.15549  -0.16487  -0.17434  -0.18388  -0.19349  -0.20318  -0.21294  -0.22277  -0.23268  -0.24266  -0.25271  -0.26283  -0.27302  -0.28329  -0.29362  -0.30403  -0.31450  -0.32504  -0.33566  -0.34634  -0.35708  -0.36790  -0.37878  -0.38973  -0.40075  -0.41183  -0.42298  -0.43420  -0.44548  -0.45682  -0.46823  -0.47970  -0.49124  -0.50284  -0.51450  -0.52623  -0.53802  -0.54987  -0.56178  -0.57375  -0.58579  -0.59788  -0.61004  -0.62226  -0.63453  -0.64687  -0.65927  -0.67172  -0.68424  -0.69681  -0.70944  -0.72213  -0.73488  -0.74768  -0.76054  -0.77346  -0.78644  -0.79947  -0.81255  -0.82570  -0.83890  -0.85215  -0.86546  -0.87882  -0.89224  -0.90572  -0.91924  -0.93282  -0.94646  -0.96015  -0.97389  -0.98768  -1.00153  -1.01543  -1.02938  -1.04338  -1.05744  -1.07154  -1.08570  -1.09991  -1.11417  -1.12848  -1.14284  -1.15725  -1.17171  -1.18622  -1.20078  -1.21539  -1.23004  -1.24475  -1.25951  -1.27431  -1.28916  -1.30406  -1.31901  -1.33401  -1.34905  -1.36414  -1.37928  -1.39447  -1.40970  -1.42498  -1.44030
 120.46522    0.29981   0.29981   0.29981   0.29980   0.29979   0.29975   0.29969   0.29958   0.29942   0.29919   0.29888   0.29848   0.29798   0.29739   0.29668   0.29587   0.29494   0.29388   0.29271   0.29141   0.28998   0.28843   0.28674   0.28493   0.28298   0.28091   0.27871   0.27637   0.27391   0.27132   0.26860   0.26575   0.26277   0.25967   0.25645   0.25310   0.24962   0.24603   0.24231   0.23848   0.23452   0.23045   0.22626   0.22196   0.21754   0.21301   0.20837   0.20361   0.19875   0.19377   0.18869   0.18350   0.17820   0.17280   0.16729   0.16168   0.15597   0.15015   0.14424   0.13822   0.13210   0.12589   0.11958   0.11317   0.10667   0.10007   0.09337   0.08658   0.07970   0.07273   0.06566   0.05851   0.05126   0.04392   0.03650   0.02898   0.02138   0.01369   0.00592  -0.00195  -0.00989  -0.01792  -0.02604  -0.03424  -0.04252  -0.05089  -0.05933  -0.06786  -0.07647  -0.08516  -0.09393  -0.10278  -0.11170  -0.12071  -0.12979  -0.13895  -0.14819  -0.15750  -0.16689  -0.17636  -0.18590  -0.19551  -0.20520  -0.21496  -0.22480  -0.23471  -0.24469  -0.25474  -0.26486  -0.27506  -0.28532  -0.29566  -0.30607  -0.31654  -0.32709  -0.33770  -0.34838  -0.35913  -0.36995  -0.38084  -0.39179  -0.40281  -0.41389  -0.42504  -0.43626  -0.44754  -0.45889  -0.47030  -0.48177  -0.49331  -0.50491  -0.51658  -0.52831  -0.54010  -0.55195  -0.56387  -0.57584  -0.58788  -0.59998  -0.61214  -0.62435  -0.63663  -0.64897  -0.66137  -0.67383  -0.68635  -0.69892  -0.71155  -0.72425  -0.73699  -0.74980  -0.76266  -0.77559  -0.78856  -0.80160  -0.81469  -0.82783  -0.84103  -0.85429  -0.86760  -0.88097  -0.89439  -0.90786  -0.92139  -0.93498  -0.94861  -0.96230  -0.97605  -0.98984  -1.00369  -1.01759  -1.03155  -1.04555  -1.05961  -1.07372  -1.08788  -1.10209  -1.11635  -1.13066  -1.14503  -1.15944  -1.17390  -1.18841  -1.20298  -1.21759  -1.23225  -1.24696  -1.26171  -1.27652  -1.29138  -1.30628  -1.32123  -1.33623  -1.35127  -1.36637  -1.38151  -1.39670  -1.41193  -1.42721  -1.44254
 120.58072    0.29783   0.29783   0.29783   0.29783   0.29781   0.29778   0.29772   0.29761   0.29745   0.29722   0.29691   0.29651   0.29602   0.29543   0.29473   0.29392   0.29299   0.29194   0.29076   0.28947   0.28804   0.28649   0.28481   0.28300   0.28106   0.27898   0.27678   0.27445   0.27199   0.26940   0.26668   0.26383   0.26086   0.25776   0.25454   0.25119   0.24771   0.24412   0.24041   0.23657   0.23262   0.22855   0.22436   0.22006   0.21564   0.21111   0.20646   0.20171   0.19684   0.19187   0.18678   0.18159   0.17630   0.17089   0.16539   0.15977   0.15406   0.14825   0.14233   0.13631   0.13020   0.12398   0.11767   0.11126   0.10475   0.09815   0.09146   0.08467   0.07779   0.07081   0.06375   0.05659   0.04934   0.04200   0.03457   0.02706   0.01946   0.01177   0.00399  -0.00387  -0.01182  -0.01985  -0.02797  -0.03617  -0.04446  -0.05282  -0.06127  -0.06980  -0.07841  -0.08710  -0.09587  -0.10472  -0.11365  -0.12266  -0.13174  -0.14090  -0.15014  -0.15946  -0.16885  -0.17831  -0.18786  -0.19747  -0.20716  -0.21693  -0.22676  -0.23667  -0.24666  -0.25671  -0.26684  -0.27703  -0.28730  -0.29764  -0.30805  -0.31853  -0.32907  -0.33969  -0.35037  -0.36113  -0.37195  -0.38283  -0.39379  -0.40481  -0.41590  -0.42705  -0.43827  -0.44955  -0.46090  -0.47231  -0.48379  -0.49533  -0.50693  -0.51860  -0.53033  -0.54212  -0.55398  -0.56589  -0.57787  -0.58991  -0.60201  -0.61417  -0.62640  -0.63868  -0.65102  -0.66342  -0.67588  -0.68840  -0.70097  -0.71361  -0.72630  -0.73905  -0.75186  -0.76473  -0.77765  -0.79063  -0.80367  -0.81676  -0.82991  -0.84311  -0.85637  -0.86968  -0.88305  -0.89648  -0.90996  -0.92349  -0.93707  -0.95071  -0.96440  -0.97815  -0.99195  -1.00580  -1.01970  -1.03366  -1.04767  -1.06173  -1.07584  -1.09000  -1.10421  -1.11848  -1.13279  -1.14716  -1.16157  -1.17604  -1.19055  -1.20512  -1.21973  -1.23440  -1.24911  -1.26387  -1.27868  -1.29353  -1.30844  -1.32339  -1.33839  -1.35344  -1.36854  -1.38368  -1.39887  -1.41411  -1.42939  -1.44472
 120.69623    0.29593   0.29592   0.29592   0.29592   0.29590   0.29587   0.29581   0.29571   0.29554   0.29532   0.29501   0.29462   0.29413   0.29354   0.29284   0.29203   0.29110   0.29006   0.28889   0.28759   0.28617   0.28462   0.28294   0.28113   0.27919   0.27712   0.27492   0.27259   0.27013   0.26754   0.26483   0.26198   0.25901   0.25591   0.25269   0.24934   0.24587   0.24228   0.23856   0.23473   0.23078   0.22671   0.22252   0.21821   0.21380   0.20927   0.20462   0.19987   0.19500   0.19003   0.18494   0.17975   0.17445   0.16905   0.16354   0.15793   0.15222   0.14640   0.14048   0.13447   0.12835   0.12213   0.11582   0.10941   0.10291   0.09630   0.08961   0.08282   0.07593   0.06896   0.06189   0.05473   0.04748   0.04014   0.03271   0.02520   0.01759   0.00990   0.00212  -0.00574  -0.01369  -0.02172  -0.02984  -0.03804  -0.04633  -0.05470  -0.06315  -0.07168  -0.08029  -0.08898  -0.09775  -0.10660  -0.11553  -0.12454  -0.13363  -0.14279  -0.15203  -0.16135  -0.17074  -0.18021  -0.18976  -0.19937  -0.20907  -0.21883  -0.22867  -0.23858  -0.24857  -0.25862  -0.26875  -0.27895  -0.28922  -0.29956  -0.30997  -0.32045  -0.33100  -0.34162  -0.35231  -0.36306  -0.37388  -0.38477  -0.39573  -0.40675  -0.41784  -0.42899  -0.44021  -0.45150  -0.46285  -0.47426  -0.48574  -0.49729  -0.50889  -0.52056  -0.53230  -0.54409  -0.55595  -0.56787  -0.57985  -0.59189  -0.60399  -0.61615  -0.62838  -0.64066  -0.65301  -0.66541  -0.67787  -0.69039  -0.70297  -0.71561  -0.72830  -0.74106  -0.75387  -0.76674  -0.77966  -0.79265  -0.80568  -0.81878  -0.83193  -0.84513  -0.85840  -0.87171  -0.88508  -0.89851  -0.91199  -0.92552  -0.93911  -0.95275  -0.96645  -0.98020  -0.99400  -1.00785  -1.02176  -1.03572  -1.04973  -1.06379  -1.07790  -1.09207  -1.10628  -1.12055  -1.13487  -1.14924  -1.16365  -1.17812  -1.19264  -1.20721  -1.22182  -1.23649  -1.25120  -1.26597  -1.28078  -1.29564  -1.31055  -1.32550  -1.34051  -1.35556  -1.37065  -1.38580  -1.40099  -1.41623  -1.43152  -1.44685
 120.81173    0.29408   0.29408   0.29408   0.29408   0.29406   0.29403   0.29397   0.29386   0.29371   0.29348   0.29317   0.29278   0.29230   0.29171   0.29101   0.29021   0.28928   0.28824   0.28707   0.28578   0.28436   0.28281   0.28114   0.27933   0.27739   0.27533   0.27313   0.27080   0.26834   0.26576   0.26304   0.26020   0.25722   0.25413   0.25090   0.24756   0.24409   0.24050   0.23678   0.23295   0.22900   0.22493   0.22074   0.21644   0.21202   0.20749   0.20284   0.19809   0.19322   0.18825   0.18316   0.17797   0.17268   0.16727   0.16176   0.15615   0.15044   0.14462   0.13870   0.13268   0.12657   0.12035   0.11404   0.10763   0.10112   0.09452   0.08782   0.08103   0.07414   0.06716   0.06010   0.05294   0.04569   0.03835   0.03092   0.02340   0.01579   0.00810   0.00032  -0.00755  -0.01550  -0.02353  -0.03165  -0.03986  -0.04814  -0.05651  -0.06496  -0.07349  -0.08211  -0.09080  -0.09958  -0.10843  -0.11736  -0.12637  -0.13546  -0.14462  -0.15387  -0.16319  -0.17258  -0.18205  -0.19160  -0.20122  -0.21091  -0.22068  -0.23052  -0.24043  -0.25042  -0.26048  -0.27061  -0.28081  -0.29108  -0.30142  -0.31184  -0.32232  -0.33287  -0.34349  -0.35418  -0.36493  -0.37576  -0.38665  -0.39761  -0.40863  -0.41972  -0.43088  -0.44210  -0.45339  -0.46474  -0.47616  -0.48764  -0.49919  -0.51080  -0.52247  -0.53420  -0.54600  -0.55786  -0.56978  -0.58176  -0.59381  -0.60591  -0.61808  -0.63030  -0.64259  -0.65494  -0.66734  -0.67981  -0.69233  -0.70491  -0.71755  -0.73025  -0.74301  -0.75582  -0.76869  -0.78162  -0.79460  -0.80764  -0.82074  -0.83389  -0.84710  -0.86037  -0.87368  -0.88706  -0.90049  -0.91397  -0.92751  -0.94110  -0.95474  -0.96844  -0.98219  -0.99599  -1.00985  -1.02376  -1.03772  -1.05173  -1.06580  -1.07991  -1.09408  -1.10830  -1.12257  -1.13689  -1.15126  -1.16568  -1.18015  -1.19467  -1.20924  -1.22386  -1.23853  -1.25324  -1.26801  -1.28282  -1.29769  -1.31260  -1.32756  -1.34256  -1.35762  -1.37272  -1.38787  -1.40306  -1.41830  -1.43359  -1.44893
 120.92724    0.29230   0.29230   0.29230   0.29230   0.29228   0.29225   0.29219   0.29209   0.29193   0.29171   0.29140   0.29102   0.29053   0.28995   0.28925   0.28845   0.28753   0.28649   0.28532   0.28403   0.28262   0.28107   0.27940   0.27759   0.27566   0.27359   0.27140   0.26907   0.26661   0.26403   0.26131   0.25847   0.25550   0.25241   0.24919   0.24584   0.24237   0.23878   0.23507   0.23123   0.22728   0.22321   0.21902   0.21472   0.21030   0.20577   0.20113   0.19637   0.19151   0.18653   0.18145   0.17626   0.17096   0.16555   0.16005   0.15443   0.14872   0.14290   0.13698   0.13096   0.12484   0.11863   0.11231   0.10590   0.09939   0.09279   0.08609   0.07930   0.07241   0.06543   0.05836   0.05120   0.04395   0.03661   0.02918   0.02166   0.01405   0.00636  -0.00142  -0.00929  -0.01724  -0.02528  -0.03340  -0.04161  -0.04989  -0.05827  -0.06672  -0.07525  -0.08387  -0.09256  -0.10134  -0.11019  -0.11913  -0.12814  -0.13723  -0.14640  -0.15564  -0.16496  -0.17436  -0.18383  -0.19338  -0.20300  -0.21270  -0.22247  -0.23231  -0.24222  -0.25221  -0.26227  -0.27241  -0.28261  -0.29288  -0.30323  -0.31364  -0.32413  -0.33468  -0.34530  -0.35599  -0.36675  -0.37758  -0.38847  -0.39943  -0.41046  -0.42155  -0.43271  -0.44394  -0.45523  -0.46658  -0.47800  -0.48948  -0.50103  -0.51264  -0.52432  -0.53605  -0.54785  -0.55971  -0.57164  -0.58362  -0.59567  -0.60778  -0.61994  -0.63217  -0.64446  -0.65681  -0.66922  -0.68168  -0.69421  -0.70679  -0.71944  -0.73214  -0.74490  -0.75771  -0.77059  -0.78352  -0.79650  -0.80955  -0.82265  -0.83580  -0.84901  -0.86228  -0.87560  -0.88898  -0.90241  -0.91589  -0.92943  -0.94303  -0.95667  -0.97037  -0.98413  -0.99793  -1.01179  -1.02570  -1.03967  -1.05368  -1.06775  -1.08187  -1.09604  -1.11026  -1.12453  -1.13885  -1.15323  -1.16765  -1.18212  -1.19665  -1.21122  -1.22584  -1.24051  -1.25523  -1.27000  -1.28482  -1.29968  -1.31460  -1.32956  -1.34457  -1.35962  -1.37473  -1.38988  -1.40508  -1.42032  -1.43561  -1.45095
 121.04274    0.29059   0.29059   0.29059   0.29058   0.29057   0.29054   0.29048   0.29038   0.29022   0.29000   0.28970   0.28931   0.28883   0.28825   0.28756   0.28676   0.28584   0.28480   0.28364   0.28235   0.28094   0.27939   0.27772   0.27592   0.27399   0.27192   0.26973   0.26741   0.26495   0.26237   0.25965   0.25681   0.25384   0.25075   0.24753   0.24418   0.24071   0.23712   0.23341   0.22958   0.22563   0.22156   0.21737   0.21307   0.20865   0.20412   0.19948   0.19472   0.18985   0.18488   0.17979   0.17460   0.16930   0.16390   0.15839   0.15278   0.14706   0.14124   0.13532   0.12930   0.12318   0.11697   0.11065   0.10424   0.09773   0.09112   0.08442   0.07763   0.07074   0.06376   0.05669   0.04953   0.04228   0.03493   0.02750   0.01998   0.01237   0.00468  -0.00311  -0.01098  -0.01893  -0.02697  -0.03509  -0.04330  -0.05159  -0.05996  -0.06841  -0.07695  -0.08557  -0.09426  -0.10304  -0.11190  -0.12083  -0.12985  -0.13894  -0.14811  -0.15736  -0.16668  -0.17608  -0.18555  -0.19510  -0.20472  -0.21442  -0.22419  -0.23404  -0.24396  -0.25395  -0.26401  -0.27414  -0.28435  -0.29463  -0.30497  -0.31539  -0.32588  -0.33643  -0.34705  -0.35775  -0.36851  -0.37934  -0.39023  -0.40120  -0.41222  -0.42332  -0.43448  -0.44571  -0.45700  -0.46836  -0.47978  -0.49127  -0.50282  -0.51443  -0.52611  -0.53785  -0.54965  -0.56151  -0.57344  -0.58543  -0.59747  -0.60958  -0.62175  -0.63399  -0.64628  -0.65863  -0.67104  -0.68351  -0.69604  -0.70862  -0.72127  -0.73397  -0.74673  -0.75955  -0.77243  -0.78536  -0.79835  -0.81139  -0.82450  -0.83765  -0.85087  -0.86414  -0.87746  -0.89084  -0.90427  -0.91776  -0.93130  -0.94490  -0.95855  -0.97225  -0.98601  -0.99982  -1.01368  -1.02759  -1.04156  -1.05558  -1.06965  -1.08377  -1.09794  -1.11217  -1.12644  -1.14077  -1.15514  -1.16957  -1.18404  -1.19857  -1.21314  -1.22777  -1.24244  -1.25716  -1.27194  -1.28676  -1.30162  -1.31654  -1.33150  -1.34652  -1.36158  -1.37668  -1.39184  -1.40704  -1.42228  -1.43758  -1.45292
 121.15825    0.28894   0.28894   0.28894   0.28893   0.28892   0.28889   0.28883   0.28873   0.28858   0.28836   0.28806   0.28767   0.28719   0.28661   0.28593   0.28513   0.28421   0.28317   0.28202   0.28073   0.27932   0.27778   0.27611   0.27431   0.27238   0.27032   0.26813   0.26580   0.26335   0.26077   0.25806   0.25522   0.25225   0.24915   0.24593   0.24259   0.23912   0.23553   0.23182   0.22799   0.22404   0.21997   0.21578   0.21148   0.20706   0.20253   0.19789   0.19313   0.18826   0.18329   0.17820   0.17301   0.16771   0.16231   0.15680   0.15118   0.14546   0.13965   0.13372   0.12770   0.12158   0.11536   0.10905   0.10263   0.09612   0.08952   0.08282   0.07602   0.06913   0.06215   0.05508   0.04792   0.04066   0.03332   0.02588   0.01836   0.01075   0.00305  -0.00473  -0.01260  -0.02056  -0.02860  -0.03672  -0.04493  -0.05322  -0.06160  -0.07005  -0.07859  -0.08721  -0.09591  -0.10469  -0.11354  -0.12248  -0.13150  -0.14059  -0.14976  -0.15901  -0.16834  -0.17774  -0.18721  -0.19676  -0.20639  -0.21609  -0.22586  -0.23571  -0.24563  -0.25562  -0.26569  -0.27583  -0.28603  -0.29631  -0.30666  -0.31708  -0.32757  -0.33812  -0.34875  -0.35945  -0.37021  -0.38104  -0.39194  -0.40290  -0.41394  -0.42503  -0.43620  -0.44743  -0.45872  -0.47008  -0.48150  -0.49299  -0.50455  -0.51616  -0.52784  -0.53958  -0.55139  -0.56325  -0.57518  -0.58717  -0.59922  -0.61134  -0.62351  -0.63574  -0.64804  -0.66039  -0.67280  -0.68527  -0.69780  -0.71039  -0.72304  -0.73575  -0.74851  -0.76133  -0.77421  -0.78715  -0.80014  -0.81319  -0.82629  -0.83945  -0.85267  -0.86594  -0.87927  -0.89265  -0.90609  -0.91958  -0.93312  -0.94672  -0.96037  -0.97408  -0.98784  -1.00165  -1.01551  -1.02943  -1.04340  -1.05742  -1.07149  -1.08562  -1.09979  -1.11402  -1.12829  -1.14262  -1.15700  -1.17143  -1.18591  -1.20044  -1.21501  -1.22964  -1.24432  -1.25904  -1.27382  -1.28864  -1.30351  -1.31843  -1.33340  -1.34841  -1.36347  -1.37858  -1.39374  -1.40894  -1.42420  -1.43949  -1.45484
 121.27375    0.28736   0.28735   0.28735   0.28735   0.28734   0.28731   0.28725   0.28715   0.28700   0.28678   0.28648   0.28610   0.28562   0.28504   0.28436   0.28356   0.28265   0.28161   0.28046   0.27918   0.27777   0.27623   0.27456   0.27276   0.27083   0.26878   0.26658   0.26426   0.26181   0.25923   0.25652   0.25368   0.25071   0.24762   0.24440   0.24106   0.23759   0.23400   0.23029   0.22646   0.22251   0.21844   0.21425   0.20995   0.20553   0.20100   0.19636   0.19160   0.18673   0.18176   0.17667   0.17148   0.16618   0.16077   0.15526   0.14965   0.14393   0.13811   0.13219   0.12617   0.12004   0.11382   0.10751   0.10109   0.09458   0.08797   0.08127   0.07447   0.06758   0.06060   0.05353   0.04636   0.03911   0.03176   0.02433   0.01680   0.00919   0.00149  -0.00629  -0.01417  -0.02212  -0.03017  -0.03829  -0.04650  -0.05480  -0.06317  -0.07163  -0.08017  -0.08879  -0.09749  -0.10627  -0.11513  -0.12407  -0.13309  -0.14219  -0.15136  -0.16061  -0.16994  -0.17934  -0.18882  -0.19837  -0.20800  -0.21770  -0.22748  -0.23733  -0.24725  -0.25724  -0.26731  -0.27745  -0.28766  -0.29794  -0.30829  -0.31871  -0.32920  -0.33976  -0.35039  -0.36109  -0.37185  -0.38269  -0.39359  -0.40455  -0.41559  -0.42669  -0.43785  -0.44909  -0.46038  -0.47175  -0.48317  -0.49466  -0.50622  -0.51784  -0.52952  -0.54126  -0.55307  -0.56494  -0.57687  -0.58886  -0.60092  -0.61303  -0.62521  -0.63744  -0.64974  -0.66209  -0.67451  -0.68698  -0.69952  -0.71211  -0.72476  -0.73747  -0.75024  -0.76306  -0.77594  -0.78888  -0.80187  -0.81492  -0.82803  -0.84120  -0.85441  -0.86769  -0.88102  -0.89440  -0.90784  -0.92133  -0.93488  -0.94848  -0.96214  -0.97585  -0.98961  -1.00342  -1.01729  -1.03121  -1.04518  -1.05920  -1.07328  -1.08741  -1.10159  -1.11582  -1.13010  -1.14443  -1.15881  -1.17324  -1.18772  -1.20225  -1.21683  -1.23146  -1.24614  -1.26087  -1.27565  -1.29047  -1.30535  -1.32027  -1.33524  -1.35026  -1.36532  -1.38043  -1.39559  -1.41080  -1.42605  -1.44135  -1.45670
 121.38925    0.28583   0.28583   0.28583   0.28583   0.28581   0.28579   0.28573   0.28563   0.28548   0.28526   0.28497   0.28459   0.28411   0.28354   0.28285   0.28206   0.28115   0.28012   0.27896   0.27768   0.27628   0.27474   0.27308   0.27128   0.26935   0.26730   0.26511   0.26279   0.26034   0.25776   0.25505   0.25221   0.24924   0.24615   0.24293   0.23959   0.23612   0.23253   0.22882   0.22499   0.22104   0.21697   0.21279   0.20848   0.20407   0.19953   0.19489   0.19013   0.18526   0.18029   0.17520   0.17001   0.16471   0.15930   0.15379   0.14817   0.14245   0.13663   0.13071   0.12469   0.11857   0.11235   0.10603   0.09961   0.09310   0.08649   0.07978   0.07299   0.06610   0.05911   0.05204   0.04487   0.03761   0.03026   0.02283   0.01530   0.00769  -0.00001  -0.00780  -0.01567  -0.02363  -0.03167  -0.03980  -0.04802  -0.05631  -0.06469  -0.07315  -0.08169  -0.09031  -0.09902  -0.10780  -0.11666  -0.12560  -0.13462  -0.14372  -0.15290  -0.16215  -0.17148  -0.18088  -0.19036  -0.19992  -0.20955  -0.21925  -0.22903  -0.23888  -0.24881  -0.25880  -0.26887  -0.27901  -0.28923  -0.29951  -0.30986  -0.32029  -0.33078  -0.34134  -0.35197  -0.36267  -0.37344  -0.38427  -0.39518  -0.40615  -0.41718  -0.42829  -0.43946  -0.45069  -0.46199  -0.47335  -0.48478  -0.49628  -0.50783  -0.51945  -0.53114  -0.54289  -0.55470  -0.56657  -0.57850  -0.59050  -0.60255  -0.61467  -0.62685  -0.63909  -0.65139  -0.66374  -0.67616  -0.68864  -0.70118  -0.71377  -0.72642  -0.73914  -0.75190  -0.76473  -0.77761  -0.79056  -0.80355  -0.81661  -0.82972  -0.84288  -0.85610  -0.86938  -0.88271  -0.89610  -0.90954  -0.92304  -0.93659  -0.95019  -0.96385  -0.97756  -0.99133  -1.00514  -1.01901  -1.03294  -1.04691  -1.06094  -1.07502  -1.08915  -1.10333  -1.11756  -1.13184  -1.14618  -1.16056  -1.17500  -1.18948  -1.20401  -1.21860  -1.23323  -1.24791  -1.26264  -1.27742  -1.29225  -1.30713  -1.32205  -1.33703  -1.35205  -1.36712  -1.38223  -1.39739  -1.41260  -1.42786  -1.44316  -1.45851
 121.50476    0.28437   0.28437   0.28437   0.28437   0.28436   0.28433   0.28427   0.28417   0.28402   0.28381   0.28351   0.28314   0.28266   0.28209   0.28141   0.28062   0.27971   0.27868   0.27753   0.27625   0.27485   0.27331   0.27165   0.26986   0.26793   0.26588   0.26369   0.26137   0.25892   0.25634   0.25364   0.25080   0.24783   0.24474   0.24153   0.23818   0.23472   0.23113   0.22742   0.22359   0.21964   0.21557   0.21138   0.20708   0.20266   0.19813   0.19348   0.18873   0.18386   0.17888   0.17379   0.16860   0.16330   0.15789   0.15238   0.14676   0.14104   0.13522   0.12930   0.12327   0.11715   0.11093   0.10460   0.09819   0.09167   0.08506   0.07836   0.07156   0.06467   0.05768   0.05060   0.04344   0.03618   0.02883   0.02139   0.01386   0.00625  -0.00145  -0.00924  -0.01712  -0.02508  -0.03313  -0.04126  -0.04947  -0.05777  -0.06615  -0.07461  -0.08315  -0.09178  -0.10048  -0.10927  -0.11813  -0.12708  -0.13610  -0.14520  -0.15437  -0.16363  -0.17296  -0.18237  -0.19185  -0.20141  -0.21104  -0.22075  -0.23053  -0.24038  -0.25031  -0.26031  -0.27038  -0.28052  -0.29074  -0.30102  -0.31138  -0.32180  -0.33230  -0.34286  -0.35350  -0.36420  -0.37497  -0.38581  -0.39671  -0.40769  -0.41872  -0.42983  -0.44100  -0.45224  -0.46354  -0.47491  -0.48634  -0.49783  -0.50939  -0.52102  -0.53270  -0.54445  -0.55627  -0.56814  -0.58008  -0.59207  -0.60413  -0.61625  -0.62843  -0.64068  -0.65298  -0.66534  -0.67776  -0.69024  -0.70278  -0.71538  -0.72803  -0.74075  -0.75352  -0.76635  -0.77923  -0.79218  -0.80518  -0.81823  -0.83135  -0.84452  -0.85774  -0.87102  -0.88436  -0.89775  -0.91119  -0.92469  -0.93824  -0.95185  -0.96551  -0.97922  -0.99299  -1.00681  -1.02068  -1.03461  -1.04859  -1.06262  -1.07670  -1.09083  -1.10502  -1.11925  -1.13354  -1.14787  -1.16226  -1.17670  -1.19119  -1.20572  -1.22031  -1.23495  -1.24963  -1.26436  -1.27915  -1.29398  -1.30886  -1.32379  -1.33876  -1.35379  -1.36886  -1.38398  -1.39914  -1.41435  -1.42961  -1.44492  -1.46027
 121.62026    0.28298   0.28298   0.28298   0.28297   0.28296   0.28293   0.28288   0.28278   0.28263   0.28242   0.28213   0.28175   0.28128   0.28071   0.28003   0.27924   0.27834   0.27731   0.27616   0.27489   0.27348   0.27195   0.27029   0.26850   0.26658   0.26452   0.26234   0.26002   0.25757   0.25499   0.25229   0.24945   0.24649   0.24340   0.24018   0.23684   0.23337   0.22978   0.22607   0.22224   0.21829   0.21422   0.21004   0.20573   0.20131   0.19678   0.19214   0.18738   0.18251   0.17753   0.17244   0.16725   0.16195   0.15654   0.15102   0.14541   0.13969   0.13386   0.12794   0.12191   0.11579   0.10957   0.10324   0.09682   0.09031   0.08370   0.07699   0.07019   0.06330   0.05631   0.04923   0.04206   0.03480   0.02745   0.02001   0.01248   0.00486  -0.00284  -0.01063  -0.01851  -0.02647  -0.03452  -0.04265  -0.05087  -0.05917  -0.06755  -0.07601  -0.08456  -0.09318  -0.10189  -0.11068  -0.11954  -0.12849  -0.13751  -0.14662  -0.15580  -0.16505  -0.17439  -0.18379  -0.19328  -0.20284  -0.21247  -0.22218  -0.23197  -0.24182  -0.25175  -0.26175  -0.27183  -0.28197  -0.29219  -0.30248  -0.31284  -0.32326  -0.33376  -0.34433  -0.35497  -0.36567  -0.37644  -0.38728  -0.39819  -0.40917  -0.42021  -0.43132  -0.44249  -0.45373  -0.46503  -0.47640  -0.48784  -0.49934  -0.51090  -0.52253  -0.53421  -0.54597  -0.55778  -0.56966  -0.58160  -0.59360  -0.60566  -0.61778  -0.62997  -0.64221  -0.65451  -0.66688  -0.67930  -0.69179  -0.70433  -0.71693  -0.72959  -0.74230  -0.75508  -0.76791  -0.78080  -0.79375  -0.80675  -0.81981  -0.83292  -0.84610  -0.85932  -0.87261  -0.88594  -0.89934  -0.91278  -0.92629  -0.93984  -0.95345  -0.96712  -0.98083  -0.99460  -1.00843  -1.02230  -1.03623  -1.05021  -1.06424  -1.07833  -1.09246  -1.10665  -1.12089  -1.13518  -1.14952  -1.16391  -1.17835  -1.19284  -1.20738  -1.22197  -1.23661  -1.25130  -1.26603  -1.28082  -1.29565  -1.31054  -1.32547  -1.34045  -1.35547  -1.37055  -1.38567  -1.40084  -1.41605  -1.43131  -1.44662  -1.46198
 121.73577    0.28165   0.28164   0.28164   0.28164   0.28163   0.28160   0.28154   0.28145   0.28130   0.28109   0.28080   0.28043   0.27996   0.27939   0.27871   0.27793   0.27702   0.27600   0.27485   0.27358   0.27218   0.27065   0.26899   0.26720   0.26528   0.26323   0.26104   0.25873   0.25628   0.25371   0.25100   0.24816   0.24520   0.24211   0.23890   0.23555   0.23209   0.22850   0.22479   0.22096   0.21701   0.21294   0.20875   0.20445   0.20003   0.19550   0.19085   0.18609   0.18122   0.17624   0.17116   0.16596   0.16066   0.15525   0.14973   0.14411   0.13839   0.13257   0.12664   0.12062   0.11449   0.10827   0.10194   0.09552   0.08900   0.08239   0.07568   0.06888   0.06199   0.05500   0.04792   0.04075   0.03348   0.02613   0.01869   0.01116   0.00354  -0.00417  -0.01196  -0.01984  -0.02780  -0.03585  -0.04399  -0.05220  -0.06051  -0.06889  -0.07736  -0.08590  -0.09453  -0.10324  -0.11203  -0.12090  -0.12985  -0.13887  -0.14798  -0.15716  -0.16642  -0.17575  -0.18517  -0.19465  -0.20422  -0.21385  -0.22356  -0.23335  -0.24321  -0.25314  -0.26314  -0.27322  -0.28337  -0.29359  -0.30388  -0.31424  -0.32467  -0.33517  -0.34574  -0.35638  -0.36708  -0.37786  -0.38870  -0.39961  -0.41059  -0.42164  -0.43275  -0.44392  -0.45517  -0.46647  -0.47785  -0.48928  -0.50078  -0.51235  -0.52398  -0.53567  -0.54742  -0.55924  -0.57112  -0.58306  -0.59507  -0.60713  -0.61926  -0.63144  -0.64369  -0.65600  -0.66836  -0.68079  -0.69328  -0.70582  -0.71842  -0.73109  -0.74381  -0.75658  -0.76942  -0.78231  -0.79526  -0.80827  -0.82133  -0.83445  -0.84762  -0.86085  -0.87414  -0.88748  -0.90087  -0.91432  -0.92783  -0.94139  -0.95500  -0.96867  -0.98239  -0.99616  -1.00999  -1.02387  -1.03780  -1.05178  -1.06582  -1.07990  -1.09404  -1.10823  -1.12247  -1.13677  -1.15111  -1.16550  -1.17995  -1.19444  -1.20898  -1.22357  -1.23822  -1.25291  -1.26765  -1.28244  -1.29728  -1.31216  -1.32710  -1.34208  -1.35711  -1.37218  -1.38731  -1.40248  -1.41770  -1.43296  -1.44828  -1.46364
 121.85127    0.28037   0.28037   0.28037   0.28037   0.28036   0.28033   0.28028   0.28018   0.28003   0.27982   0.27954   0.27916   0.27870   0.27813   0.27746   0.27667   0.27577   0.27475   0.27361   0.27234   0.27094   0.26941   0.26775   0.26597   0.26405   0.26199   0.25981   0.25750   0.25505   0.25248   0.24977   0.24694   0.24398   0.24089   0.23767   0.23433   0.23086   0.22728   0.22357   0.21974   0.21578   0.21171   0.20753   0.20322   0.19880   0.19427   0.18962   0.18487   0.18000   0.17502   0.16993   0.16473   0.15943   0.15402   0.14850   0.14288   0.13716   0.13133   0.12541   0.11938   0.11325   0.10702   0.10070   0.09428   0.08776   0.08114   0.07444   0.06763   0.06073   0.05374   0.04666   0.03949   0.03222   0.02487   0.01743   0.00989   0.00227  -0.00543  -0.01323  -0.02111  -0.02908  -0.03713  -0.04526  -0.05348  -0.06179  -0.07017  -0.07864  -0.08719  -0.09582  -0.10453  -0.11333  -0.12220  -0.13115  -0.14018  -0.14928  -0.15847  -0.16773  -0.17707  -0.18648  -0.19597  -0.20553  -0.21517  -0.22489  -0.23468  -0.24454  -0.25447  -0.26448  -0.27456  -0.28471  -0.29493  -0.30522  -0.31558  -0.32602  -0.33652  -0.34709  -0.35773  -0.36844  -0.37922  -0.39007  -0.40098  -0.41196  -0.42301  -0.43412  -0.44530  -0.45655  -0.46786  -0.47923  -0.49067  -0.50217  -0.51374  -0.52537  -0.53707  -0.54883  -0.56065  -0.57253  -0.58447  -0.59648  -0.60855  -0.62068  -0.63287  -0.64512  -0.65743  -0.66979  -0.68222  -0.69471  -0.70726  -0.71987  -0.73253  -0.74525  -0.75803  -0.77087  -0.78377  -0.79672  -0.80973  -0.82279  -0.83592  -0.84909  -0.86233  -0.87562  -0.88896  -0.90236  -0.91581  -0.92932  -0.94288  -0.95650  -0.97017  -0.98389  -0.99767  -1.01150  -1.02538  -1.03931  -1.05330  -1.06734  -1.08143  -1.09557  -1.10976  -1.12401  -1.13830  -1.15265  -1.16704  -1.18149  -1.19599  -1.21053  -1.22513  -1.23977  -1.25447  -1.26921  -1.28400  -1.29885  -1.31373  -1.32867  -1.34366  -1.35869  -1.37377  -1.38890  -1.40407  -1.41929  -1.43456  -1.44988  -1.46524
 121.96678    0.27917   0.27916   0.27916   0.27916   0.27915   0.27912   0.27907   0.27897   0.27883   0.27862   0.27833   0.27796   0.27750   0.27694   0.27627   0.27548   0.27458   0.27356   0.27242   0.27115   0.26976   0.26823   0.26658   0.26479   0.26287   0.26082   0.25864   0.25633   0.25389   0.25131   0.24861   0.24577   0.24281   0.23972   0.23651   0.23317   0.22970   0.22611   0.22240   0.21857   0.21462   0.21055   0.20636   0.20206   0.19764   0.19311   0.18846   0.18370   0.17883   0.17385   0.16876   0.16356   0.15825   0.15284   0.14733   0.14171   0.13598   0.13016   0.12423   0.11820   0.11207   0.10584   0.09952   0.09309   0.08657   0.07996   0.07324   0.06644   0.05954   0.05255   0.04546   0.03829   0.03102   0.02367   0.01622   0.00869   0.00106  -0.00665  -0.01444  -0.02233  -0.03029  -0.03835  -0.04649  -0.05471  -0.06301  -0.07140  -0.07987  -0.08842  -0.09706  -0.10577  -0.11456  -0.12344  -0.13239  -0.14142  -0.15053  -0.15972  -0.16898  -0.17832  -0.18774  -0.19723  -0.20680  -0.21644  -0.22615  -0.23594  -0.24581  -0.25575  -0.26575  -0.27584  -0.28599  -0.29621  -0.30651  -0.31687  -0.32731  -0.33782  -0.34839  -0.35903  -0.36975  -0.38053  -0.39138  -0.40229  -0.41328  -0.42433  -0.43544  -0.44662  -0.45787  -0.46918  -0.48056  -0.49200  -0.50351  -0.51508  -0.52672  -0.53841  -0.55017  -0.56200  -0.57388  -0.58583  -0.59784  -0.60991  -0.62204  -0.63423  -0.64649  -0.65880  -0.67117  -0.68360  -0.69610  -0.70865  -0.72125  -0.73392  -0.74665  -0.75943  -0.77227  -0.78517  -0.79813  -0.81114  -0.82421  -0.83733  -0.85051  -0.86375  -0.87704  -0.89039  -0.90379  -0.91725  -0.93076  -0.94432  -0.95794  -0.97161  -0.98534  -0.99912  -1.01295  -1.02684  -1.04077  -1.05476  -1.06880  -1.08290  -1.09704  -1.11124  -1.12549  -1.13979  -1.15413  -1.16853  -1.18298  -1.19748  -1.21203  -1.22663  -1.24128  -1.25598  -1.27072  -1.28552  -1.30036  -1.31526  -1.33020  -1.34518  -1.36022  -1.37530  -1.39044  -1.40561  -1.42084  -1.43611  -1.45143  -1.46679
 122.08228    0.27802   0.27802   0.27802   0.27801   0.27800   0.27797   0.27792   0.27783   0.27768   0.27748   0.27719   0.27683   0.27636   0.27580   0.27513   0.27435   0.27346   0.27244   0.27130   0.27003   0.26864   0.26712   0.26546   0.26368   0.26176   0.25971   0.25753   0.25522   0.25278   0.25020   0.24750   0.24467   0.24171   0.23862   0.23540   0.23206   0.22860   0.22501   0.22130   0.21747   0.21352   0.20945   0.20526   0.20095   0.19653   0.19200   0.18735   0.18259   0.17772   0.17274   0.16765   0.16245   0.15714   0.15173   0.14621   0.14059   0.13486   0.12904   0.12311   0.11708   0.11095   0.10472   0.09839   0.09196   0.08544   0.07883   0.07211   0.06531   0.05840   0.05141   0.04433   0.03715   0.02988   0.02252   0.01507   0.00754  -0.00009  -0.00780  -0.01560  -0.02348  -0.03145  -0.03951  -0.04765  -0.05587  -0.06418  -0.07257  -0.08104  -0.08960  -0.09823  -0.10695  -0.11575  -0.12462  -0.13358  -0.14261  -0.15172  -0.16091  -0.17018  -0.17952  -0.18894  -0.19843  -0.20800  -0.21765  -0.22737  -0.23716  -0.24702  -0.25696  -0.26698  -0.27706  -0.28722  -0.29744  -0.30774  -0.31811  -0.32855  -0.33906  -0.34963  -0.36028  -0.37100  -0.38178  -0.39263  -0.40355  -0.41453  -0.42559  -0.43671  -0.44789  -0.45914  -0.47046  -0.48184  -0.49328  -0.50479  -0.51637  -0.52800  -0.53970  -0.55147  -0.56329  -0.57518  -0.58713  -0.59914  -0.61122  -0.62335  -0.63555  -0.64780  -0.66012  -0.67249  -0.68493  -0.69742  -0.70998  -0.72259  -0.73526  -0.74799  -0.76078  -0.77362  -0.78652  -0.79948  -0.81249  -0.82557  -0.83869  -0.85188  -0.86512  -0.87841  -0.89176  -0.90517  -0.91863  -0.93214  -0.94571  -0.95933  -0.97301  -0.98674  -1.00052  -1.01435  -1.02824  -1.04218  -1.05618  -1.07022  -1.08432  -1.09847  -1.11266  -1.12692  -1.14122  -1.15557  -1.16997  -1.18442  -1.19893  -1.21348  -1.22808  -1.24273  -1.25744  -1.27219  -1.28698  -1.30183  -1.31673  -1.33167  -1.34666  -1.36170  -1.37679  -1.39192  -1.40710  -1.42233  -1.43761  -1.45293  -1.46830
 122.19779    0.27693   0.27693   0.27693   0.27693   0.27692   0.27689   0.27684   0.27674   0.27660   0.27640   0.27611   0.27575   0.27529   0.27473   0.27406   0.27328   0.27239   0.27137   0.27024   0.26897   0.26758   0.26606   0.26441   0.26262   0.26071   0.25866   0.25648   0.25417   0.25173   0.24916   0.24646   0.24362   0.24066   0.23757   0.23436   0.23102   0.22756   0.22397   0.22026   0.21642   0.21247   0.20840   0.20421   0.19991   0.19549   0.19095   0.18630   0.18154   0.17667   0.17169   0.16660   0.16140   0.15609   0.15068   0.14516   0.13953   0.13381   0.12798   0.12205   0.11601   0.10988   0.10365   0.09732   0.09090   0.08437   0.07775   0.07104   0.06423   0.05733   0.05033   0.04324   0.03606   0.02879   0.02143   0.01398   0.00645  -0.00118  -0.00889  -0.01670  -0.02458  -0.03256  -0.04061  -0.04876  -0.05698  -0.06529  -0.07369  -0.08216  -0.09072  -0.09935  -0.10807  -0.11687  -0.12575  -0.13471  -0.14374  -0.15286  -0.16205  -0.17132  -0.18066  -0.19008  -0.19958  -0.20915  -0.21880  -0.22852  -0.23832  -0.24819  -0.25813  -0.26814  -0.27823  -0.28839  -0.29862  -0.30892  -0.31929  -0.32973  -0.34024  -0.35082  -0.36147  -0.37219  -0.38298  -0.39383  -0.40475  -0.41574  -0.42679  -0.43792  -0.44910  -0.46036  -0.47168  -0.48306  -0.49451  -0.50602  -0.51760  -0.52924  -0.54094  -0.55271  -0.56454  -0.57643  -0.58838  -0.60040  -0.61247  -0.62461  -0.63681  -0.64907  -0.66139  -0.67376  -0.68620  -0.69870  -0.71126  -0.72387  -0.73654  -0.74928  -0.76207  -0.77491  -0.78782  -0.80078  -0.81380  -0.82687  -0.84000  -0.85319  -0.86643  -0.87973  -0.89308  -0.90649  -0.91995  -0.93347  -0.94704  -0.96067  -0.97435  -0.98808  -1.00187  -1.01570  -1.02960  -1.04354  -1.05754  -1.07158  -1.08568  -1.09984  -1.11404  -1.12829  -1.14260  -1.15695  -1.17136  -1.18581  -1.20032  -1.21488  -1.22948  -1.24414  -1.25884  -1.27359  -1.28840  -1.30325  -1.31815  -1.33309  -1.34809  -1.36313  -1.37822  -1.39336  -1.40854  -1.42378  -1.43905  -1.45438  -1.46975
 122.31329    0.27591   0.27591   0.27590   0.27590   0.27589   0.27586   0.27581   0.27572   0.27558   0.27537   0.27509   0.27473   0.27427   0.27372   0.27305   0.27228   0.27138   0.27037   0.26923   0.26797   0.26658   0.26506   0.26341   0.26163   0.25972   0.25767   0.25549   0.25318   0.25074   0.24817   0.24547   0.24264   0.23968   0.23659   0.23338   0.23004   0.22657   0.22298   0.21927   0.21544   0.21149   0.20742   0.20323   0.19892   0.19450   0.18997   0.18532   0.18055   0.17568   0.17070   0.16560   0.16040   0.15509   0.14968   0.14416   0.13853   0.13281   0.12698   0.12104   0.11501   0.10888   0.10264   0.09631   0.08988   0.08336   0.07674   0.07002   0.06321   0.05631   0.04931   0.04222   0.03504   0.02777   0.02040   0.01295   0.00541  -0.00222  -0.00993  -0.01774  -0.02563  -0.03360  -0.04166  -0.04981  -0.05804  -0.06635  -0.07474  -0.08322  -0.09178  -0.10042  -0.10914  -0.11794  -0.12682  -0.13578  -0.14482  -0.15394  -0.16313  -0.17240  -0.18175  -0.19117  -0.20067  -0.21025  -0.21990  -0.22962  -0.23942  -0.24929  -0.25924  -0.26925  -0.27934  -0.28950  -0.29974  -0.31004  -0.32041  -0.33086  -0.34137  -0.35195  -0.36261  -0.37333  -0.38412  -0.39497  -0.40590  -0.41689  -0.42795  -0.43907  -0.45026  -0.46152  -0.47284  -0.48423  -0.49568  -0.50719  -0.51877  -0.53042  -0.54212  -0.55389  -0.56572  -0.57762  -0.58958  -0.60159  -0.61367  -0.62581  -0.63801  -0.65028  -0.66260  -0.67498  -0.68742  -0.69992  -0.71248  -0.72510  -0.73778  -0.75051  -0.76330  -0.77615  -0.78906  -0.80203  -0.81505  -0.82813  -0.84126  -0.85445  -0.86770  -0.88100  -0.89435  -0.90777  -0.92123  -0.93475  -0.94833  -0.96195  -0.97564  -0.98937  -1.00316  -1.01700  -1.03090  -1.04485  -1.05884  -1.07290  -1.08700  -1.10115  -1.11536  -1.12962  -1.14393  -1.15828  -1.17269  -1.18715  -1.20166  -1.21622  -1.23083  -1.24549  -1.26020  -1.27495  -1.28976  -1.30461  -1.31951  -1.33447  -1.34946  -1.36451  -1.37960  -1.39474  -1.40993  -1.42517  -1.44045  -1.45578  -1.47115
 122.42880    0.27494   0.27494   0.27494   0.27494   0.27493   0.27490   0.27485   0.27476   0.27462   0.27441   0.27414   0.27377   0.27332   0.27276   0.27210   0.27133   0.27044   0.26943   0.26829   0.26703   0.26564   0.26413   0.26248   0.26070   0.25878   0.25674   0.25456   0.25226   0.24982   0.24724   0.24454   0.24171   0.23875   0.23567   0.23245   0.22911   0.22565   0.22206   0.21835   0.21451   0.21056   0.20649   0.20230   0.19799   0.19357   0.18904   0.18439   0.17962   0.17475   0.16976   0.16467   0.15947   0.15416   0.14874   0.14322   0.13759   0.13186   0.12603   0.12010   0.11406   0.10793   0.10169   0.09536   0.08893   0.08240   0.07578   0.06906   0.06225   0.05534   0.04834   0.04125   0.03407   0.02679   0.01943   0.01198   0.00443  -0.00320  -0.01092  -0.01872  -0.02661  -0.03459  -0.04265  -0.05080  -0.05903  -0.06735  -0.07574  -0.08422  -0.09278  -0.10143  -0.11015  -0.11895  -0.12784  -0.13680  -0.14584  -0.15496  -0.16416  -0.17343  -0.18278  -0.19221  -0.20171  -0.21129  -0.22094  -0.23067  -0.24047  -0.25034  -0.26029  -0.27031  -0.28040  -0.29056  -0.30080  -0.31111  -0.32148  -0.33193  -0.34245  -0.35303  -0.36369  -0.37441  -0.38520  -0.39606  -0.40699  -0.41799  -0.42905  -0.44017  -0.45137  -0.46263  -0.47395  -0.48534  -0.49680  -0.50831  -0.51990  -0.53154  -0.54325  -0.55502  -0.56686  -0.57876  -0.59072  -0.60274  -0.61482  -0.62696  -0.63917  -0.65143  -0.66376  -0.67614  -0.68859  -0.70109  -0.71365  -0.72628  -0.73896  -0.75169  -0.76449  -0.77734  -0.79025  -0.80322  -0.81625  -0.82933  -0.84246  -0.85566  -0.86891  -0.88221  -0.89557  -0.90899  -0.92246  -0.93598  -0.94956  -0.96319  -0.97687  -0.99061  -1.00441  -1.01825  -1.03215  -1.04610  -1.06010  -1.07416  -1.08826  -1.10242  -1.11663  -1.13089  -1.14520  -1.15957  -1.17398  -1.18844  -1.20295  -1.21752  -1.23213  -1.24679  -1.26150  -1.27626  -1.29107  -1.30593  -1.32083  -1.33579  -1.35079  -1.36584  -1.38093  -1.39608  -1.41127  -1.42651  -1.44180  -1.45713  -1.47251
 122.54430    0.27404   0.27404   0.27403   0.27403   0.27402   0.27400   0.27395   0.27386   0.27372   0.27351   0.27324   0.27288   0.27242   0.27187   0.27121   0.27044   0.26955   0.26854   0.26741   0.26615   0.26476   0.26325   0.26160   0.25982   0.25791   0.25587   0.25369   0.25139   0.24895   0.24638   0.24368   0.24085   0.23789   0.23480   0.23158   0.22824   0.22478   0.22119   0.21748   0.21365   0.20969   0.20562   0.20143   0.19713   0.19270   0.18816   0.18351   0.17875   0.17387   0.16889   0.16379   0.15859   0.15328   0.14786   0.14234   0.13671   0.13098   0.12514   0.11921   0.11317   0.10704   0.10080   0.09446   0.08803   0.08150   0.07488   0.06816   0.06134   0.05444   0.04743   0.04034   0.03316   0.02588   0.01851   0.01106   0.00351  -0.00412  -0.01184  -0.01965  -0.02754  -0.03552  -0.04359  -0.05174  -0.05997  -0.06829  -0.07669  -0.08517  -0.09373  -0.10238  -0.11111  -0.11991  -0.12880  -0.13776  -0.14681  -0.15593  -0.16513  -0.17440  -0.18376  -0.19319  -0.20269  -0.21227  -0.22193  -0.23166  -0.24146  -0.25134  -0.26129  -0.27131  -0.28140  -0.29157  -0.30181  -0.31212  -0.32250  -0.33295  -0.34347  -0.35406  -0.36471  -0.37544  -0.38624  -0.39710  -0.40803  -0.41903  -0.43009  -0.44122  -0.45242  -0.46368  -0.47501  -0.48640  -0.49786  -0.50938  -0.52097  -0.53261  -0.54433  -0.55610  -0.56794  -0.57984  -0.59180  -0.60383  -0.61591  -0.62806  -0.64027  -0.65254  -0.66486  -0.67725  -0.68970  -0.70221  -0.71477  -0.72740  -0.74008  -0.75282  -0.76562  -0.77848  -0.79139  -0.80436  -0.81739  -0.83048  -0.84362  -0.85681  -0.87007  -0.88337  -0.89674  -0.91016  -0.92363  -0.93715  -0.95074  -0.96437  -0.97806  -0.99180  -1.00560  -1.01945  -1.03335  -1.04730  -1.06131  -1.07537  -1.08948  -1.10364  -1.11785  -1.13211  -1.14643  -1.16079  -1.17521  -1.18968  -1.20419  -1.21876  -1.23338  -1.24804  -1.26276  -1.27752  -1.29233  -1.30719  -1.32210  -1.33706  -1.35206  -1.36712  -1.38222  -1.39736  -1.41256  -1.42780  -1.44309  -1.45843  -1.47381
 122.65981    0.27319   0.27319   0.27319   0.27319   0.27318   0.27315   0.27310   0.27301   0.27288   0.27267   0.27240   0.27204   0.27159   0.27104   0.27038   0.26961   0.26872   0.26772   0.26659   0.26533   0.26395   0.26243   0.26079   0.25901   0.25710   0.25506   0.25288   0.25058   0.24814   0.24557   0.24287   0.24004   0.23708   0.23399   0.23078   0.22744   0.22397   0.22038   0.21667   0.21284   0.20889   0.20481   0.20062   0.19631   0.19189   0.18735   0.18270   0.17793   0.17306   0.16807   0.16297   0.15777   0.15246   0.14704   0.14151   0.13588   0.13015   0.12432   0.11838   0.11234   0.10620   0.09996   0.09363   0.08719   0.08066   0.07404   0.06731   0.06050   0.05359   0.04658   0.03949   0.03230   0.02502   0.01765   0.01019   0.00265  -0.00499  -0.01271  -0.02052  -0.02842  -0.03640  -0.04447  -0.05262  -0.06086  -0.06918  -0.07758  -0.08606  -0.09463  -0.10328  -0.11201  -0.12081  -0.12970  -0.13867  -0.14772  -0.15684  -0.16604  -0.17532  -0.18468  -0.19411  -0.20362  -0.21320  -0.22286  -0.23259  -0.24240  -0.25228  -0.26223  -0.27226  -0.28235  -0.29252  -0.30276  -0.31308  -0.32346  -0.33391  -0.34443  -0.35503  -0.36569  -0.37642  -0.38722  -0.39808  -0.40901  -0.42002  -0.43108  -0.44222  -0.45342  -0.46468  -0.47601  -0.48741  -0.49887  -0.51039  -0.52198  -0.53363  -0.54535  -0.55713  -0.56897  -0.58087  -0.59284  -0.60487  -0.61696  -0.62911  -0.64132  -0.65359  -0.66592  -0.67831  -0.69076  -0.70327  -0.71584  -0.72847  -0.74116  -0.75390  -0.76670  -0.77956  -0.79248  -0.80545  -0.81849  -0.83157  -0.84472  -0.85792  -0.87117  -0.88448  -0.89785  -0.91127  -0.92475  -0.93828  -0.95186  -0.96550  -0.97919  -0.99294  -1.00674  -1.02059  -1.03450  -1.04845  -1.06246  -1.07652  -1.09064  -1.10480  -1.11902  -1.13329  -1.14761  -1.16197  -1.17639  -1.19086  -1.20538  -1.21995  -1.23457  -1.24924  -1.26396  -1.27873  -1.29354  -1.30841  -1.32332  -1.33828  -1.35329  -1.36834  -1.38345  -1.39860  -1.41380  -1.42904  -1.44434  -1.45968  -1.47506
 122.77531    0.27241   0.27241   0.27241   0.27240   0.27239   0.27237   0.27232   0.27223   0.27209   0.27189   0.27162   0.27126   0.27081   0.27027   0.26961   0.26884   0.26796   0.26695   0.26582   0.26457   0.26319   0.26167   0.26003   0.25825   0.25634   0.25430   0.25213   0.24982   0.24739   0.24482   0.24212   0.23929   0.23633   0.23324   0.23003   0.22669   0.22322   0.21963   0.21592   0.21209   0.20813   0.20406   0.19987   0.19556   0.19114   0.18660   0.18194   0.17718   0.17230   0.16731   0.16221   0.15701   0.15169   0.14627   0.14075   0.13511   0.12938   0.12354   0.11760   0.11156   0.10542   0.09918   0.09284   0.08641   0.07988   0.07325   0.06652   0.05970   0.05279   0.04579   0.03869   0.03150   0.02422   0.01685   0.00939   0.00184  -0.00580  -0.01353  -0.02134  -0.02924  -0.03722  -0.04529  -0.05345  -0.06169  -0.07001  -0.07841  -0.08690  -0.09547  -0.10412  -0.11285  -0.12166  -0.13055  -0.13952  -0.14857  -0.15770  -0.16690  -0.17619  -0.18554  -0.19498  -0.20449  -0.21408  -0.22374  -0.23347  -0.24328  -0.25316  -0.26312  -0.27315  -0.28325  -0.29342  -0.30367  -0.31398  -0.32437  -0.33482  -0.34535  -0.35594  -0.36661  -0.37734  -0.38814  -0.39901  -0.40995  -0.42095  -0.43202  -0.44316  -0.45436  -0.46563  -0.47696  -0.48836  -0.49983  -0.51135  -0.52294  -0.53460  -0.54632  -0.55810  -0.56995  -0.58185  -0.59382  -0.60585  -0.61794  -0.63010  -0.64231  -0.65459  -0.66692  -0.67932  -0.69177  -0.70428  -0.71686  -0.72949  -0.74218  -0.75493  -0.76773  -0.78060  -0.79352  -0.80649  -0.81953  -0.83262  -0.84577  -0.85897  -0.87223  -0.88554  -0.89891  -0.91234  -0.92582  -0.93935  -0.95294  -0.96658  -0.98028  -0.99403  -1.00783  -1.02169  -1.03559  -1.04955  -1.06357  -1.07763  -1.09175  -1.10592  -1.12014  -1.13441  -1.14873  -1.16310  -1.17753  -1.19200  -1.20652  -1.22110  -1.23572  -1.25039  -1.26511  -1.27988  -1.29470  -1.30957  -1.32449  -1.33945  -1.35446  -1.36952  -1.38463  -1.39979  -1.41499  -1.43024  -1.44553  -1.46088  -1.47627
 122.89082    0.27168   0.27168   0.27168   0.27168   0.27167   0.27164   0.27159   0.27151   0.27137   0.27117   0.27090   0.27055   0.27010   0.26955   0.26890   0.26813   0.26725   0.26625   0.26512   0.26387   0.26248   0.26097   0.25933   0.25756   0.25565   0.25361   0.25144   0.24913   0.24669   0.24413   0.24143   0.23860   0.23564   0.23255   0.22934   0.22600   0.22253   0.21894   0.21523   0.21139   0.20744   0.20337   0.19917   0.19486   0.19044   0.18590   0.18124   0.17648   0.17160   0.16661   0.16151   0.15630   0.15098   0.14556   0.14003   0.13440   0.12867   0.12283   0.11689   0.11084   0.10470   0.09846   0.09212   0.08568   0.07915   0.07252   0.06579   0.05897   0.05205   0.04505   0.03795   0.03075   0.02347   0.01610   0.00863   0.00108  -0.00656  -0.01428  -0.02210  -0.03000  -0.03799  -0.04606  -0.05422  -0.06246  -0.07078  -0.07919  -0.08768  -0.09625  -0.10491  -0.11364  -0.12245  -0.13135  -0.14032  -0.14937  -0.15850  -0.16771  -0.17699  -0.18636  -0.19579  -0.20531  -0.21490  -0.22456  -0.23430  -0.24411  -0.25400  -0.26396  -0.27399  -0.28409  -0.29427  -0.30451  -0.31483  -0.32522  -0.33568  -0.34621  -0.35681  -0.36747  -0.37821  -0.38901  -0.39989  -0.41083  -0.42183  -0.43291  -0.44405  -0.45525  -0.46652  -0.47786  -0.48926  -0.50073  -0.51226  -0.52386  -0.53551  -0.54724  -0.55902  -0.57087  -0.58278  -0.59475  -0.60679  -0.61888  -0.63104  -0.64326  -0.65553  -0.66787  -0.68027  -0.69273  -0.70524  -0.71782  -0.73046  -0.74315  -0.75590  -0.76871  -0.78158  -0.79450  -0.80748  -0.82052  -0.83361  -0.84677  -0.85997  -0.87323  -0.88655  -0.89993  -0.91335  -0.92684  -0.94037  -0.95397  -0.96761  -0.98131  -0.99506  -1.00887  -1.02273  -1.03664  -1.05060  -1.06462  -1.07869  -1.09281  -1.10698  -1.12121  -1.13548  -1.14981  -1.16418  -1.17861  -1.19309  -1.20761  -1.22219  -1.23682  -1.25149  -1.26622  -1.28099  -1.29581  -1.31068  -1.32560  -1.34057  -1.35559  -1.37065  -1.38576  -1.40092  -1.41613  -1.43138  -1.44668  -1.46203  -1.47742
 123.00632    0.27102   0.27101   0.27101   0.27101   0.27100   0.27098   0.27093   0.27084   0.27071   0.27051   0.27024   0.26989   0.26944   0.26890   0.26824   0.26748   0.26660   0.26560   0.26447   0.26322   0.26184   0.26033   0.25869   0.25692   0.25501   0.25297   0.25080   0.24850   0.24606   0.24349   0.24079   0.23796   0.23500   0.23192   0.22870   0.22536   0.22190   0.21831   0.21459   0.21076   0.20680   0.20273   0.19854   0.19422   0.18980   0.18526   0.18060   0.17583   0.17095   0.16596   0.16086   0.15565   0.15033   0.14491   0.13938   0.13375   0.12801   0.12217   0.11622   0.11018   0.10404   0.09779   0.09145   0.08501   0.07847   0.07184   0.06511   0.05829   0.05137   0.04436   0.03726   0.03006   0.02278   0.01540   0.00794   0.00038  -0.00726  -0.01499  -0.02281  -0.03071  -0.03870  -0.04678  -0.05493  -0.06318  -0.07151  -0.07992  -0.08841  -0.09698  -0.10564  -0.11438  -0.12319  -0.13209  -0.14107  -0.15012  -0.15925  -0.16846  -0.17775  -0.18711  -0.19656  -0.20607  -0.21566  -0.22533  -0.23507  -0.24489  -0.25478  -0.26474  -0.27477  -0.28488  -0.29506  -0.30531  -0.31563  -0.32602  -0.33648  -0.34701  -0.35762  -0.36829  -0.37903  -0.38983  -0.40071  -0.41165  -0.42266  -0.43374  -0.44488  -0.45609  -0.46737  -0.47871  -0.49011  -0.50158  -0.51312  -0.52471  -0.53638  -0.54810  -0.55989  -0.57174  -0.58366  -0.59563  -0.60767  -0.61977  -0.63193  -0.64415  -0.65643  -0.66877  -0.68117  -0.69363  -0.70615  -0.71873  -0.73137  -0.74407  -0.75682  -0.76964  -0.78251  -0.79543  -0.80842  -0.82146  -0.83456  -0.84771  -0.86092  -0.87419  -0.88751  -0.90089  -0.91432  -0.92781  -0.94135  -0.95494  -0.96859  -0.98229  -0.99605  -1.00986  -1.02372  -1.03764  -1.05160  -1.06562  -1.07970  -1.09382  -1.10800  -1.12222  -1.13650  -1.15083  -1.16521  -1.17964  -1.19412  -1.20865  -1.22323  -1.23786  -1.25254  -1.26727  -1.28205  -1.29688  -1.31175  -1.32667  -1.34165  -1.35667  -1.37173  -1.38685  -1.40201  -1.41722  -1.43248  -1.44778  -1.46313  -1.47853
 123.12182    0.27041   0.27041   0.27040   0.27040   0.27039   0.27037   0.27032   0.27024   0.27010   0.26991   0.26964   0.26929   0.26884   0.26830   0.26765   0.26689   0.26601   0.26501   0.26388   0.26263   0.26126   0.25975   0.25811   0.25634   0.25443   0.25239   0.25022   0.24792   0.24548   0.24291   0.24022   0.23739   0.23443   0.23134   0.22813   0.22479   0.22132   0.21773   0.21402   0.21018   0.20622   0.20215   0.19795   0.19364   0.18921   0.18467   0.18001   0.17524   0.17036   0.16537   0.16027   0.15506   0.14974   0.14431   0.13878   0.13315   0.12741   0.12156   0.11562   0.10957   0.10343   0.09718   0.09084   0.08439   0.07786   0.07122   0.06449   0.05766   0.05074   0.04373   0.03663   0.02943   0.02214   0.01477   0.00730  -0.00026  -0.00790  -0.01564  -0.02346  -0.03136  -0.03936  -0.04743  -0.05560  -0.06384  -0.07217  -0.08059  -0.08908  -0.09766  -0.10632  -0.11506  -0.12388  -0.13278  -0.14175  -0.15081  -0.15995  -0.16916  -0.17845  -0.18782  -0.19726  -0.20678  -0.21638  -0.22605  -0.23579  -0.24561  -0.25550  -0.26547  -0.27550  -0.28561  -0.29580  -0.30605  -0.31637  -0.32677  -0.33723  -0.34777  -0.35837  -0.36905  -0.37979  -0.39060  -0.40148  -0.41242  -0.42344  -0.43452  -0.44566  -0.45688  -0.46815  -0.47950  -0.49091  -0.50238  -0.51392  -0.52552  -0.53719  -0.54891  -0.56071  -0.57256  -0.58448  -0.59646  -0.60850  -0.62060  -0.63276  -0.64499  -0.65727  -0.66962  -0.68202  -0.69449  -0.70701  -0.71959  -0.73224  -0.74494  -0.75769  -0.77051  -0.78338  -0.79632  -0.80930  -0.82235  -0.83545  -0.84861  -0.86182  -0.87509  -0.88842  -0.90180  -0.91523  -0.92872  -0.94227  -0.95587  -0.96952  -0.98323  -0.99699  -1.01080  -1.02466  -1.03858  -1.05255  -1.06658  -1.08065  -1.09478  -1.10896  -1.12319  -1.13747  -1.15181  -1.16619  -1.18062  -1.19511  -1.20964  -1.22423  -1.23886  -1.25354  -1.26828  -1.28306  -1.29789  -1.31277  -1.32769  -1.34267  -1.35769  -1.37276  -1.38788  -1.40305  -1.41826  -1.43352  -1.44883  -1.46418  -1.47958
 123.23733    0.26986   0.26986   0.26985   0.26985   0.26984   0.26982   0.26977   0.26969   0.26956   0.26936   0.26909   0.26874   0.26830   0.26776   0.26711   0.26635   0.26547   0.26448   0.26335   0.26211   0.26073   0.25922   0.25758   0.25581   0.25391   0.25187   0.24970   0.24740   0.24496   0.24240   0.23970   0.23687   0.23391   0.23082   0.22761   0.22427   0.22080   0.21721   0.21349   0.20966   0.20570   0.20162   0.19743   0.19312   0.18869   0.18414   0.17948   0.17471   0.16983   0.16484   0.15973   0.15452   0.14920   0.14377   0.13824   0.13260   0.12686   0.12102   0.11507   0.10902   0.10287   0.09662   0.09028   0.08383   0.07729   0.07066   0.06392   0.05709   0.05017   0.04316   0.03605   0.02885   0.02156   0.01418   0.00671  -0.00085  -0.00850  -0.01623  -0.02405  -0.03196  -0.03996  -0.04804  -0.05620  -0.06445  -0.07279  -0.08120  -0.08970  -0.09828  -0.10694  -0.11568  -0.12451  -0.13341  -0.14239  -0.15145  -0.16059  -0.16981  -0.17910  -0.18847  -0.19792  -0.20744  -0.21704  -0.22671  -0.23646  -0.24628  -0.25617  -0.26614  -0.27618  -0.28630  -0.29648  -0.30674  -0.31706  -0.32746  -0.33793  -0.34847  -0.35908  -0.36975  -0.38050  -0.39131  -0.40220  -0.41314  -0.42416  -0.43524  -0.44639  -0.45761  -0.46889  -0.48024  -0.49165  -0.50313  -0.51467  -0.52627  -0.53794  -0.54968  -0.56147  -0.57333  -0.58525  -0.59723  -0.60928  -0.62138  -0.63355  -0.64578  -0.65807  -0.67041  -0.68282  -0.69529  -0.70782  -0.72040  -0.73305  -0.74575  -0.75851  -0.77133  -0.78421  -0.79715  -0.81014  -0.82319  -0.83629  -0.84945  -0.86267  -0.87594  -0.88927  -0.90266  -0.91610  -0.92959  -0.94314  -0.95674  -0.97040  -0.98411  -0.99787  -1.01169  -1.02556  -1.03948  -1.05346  -1.06748  -1.08156  -1.09569  -1.10988  -1.12411  -1.13840  -1.15273  -1.16712  -1.18156  -1.19605  -1.21058  -1.22517  -1.23981  -1.25450  -1.26923  -1.28402  -1.29885  -1.31373  -1.32867  -1.34364  -1.35867  -1.37375  -1.38887  -1.40404  -1.41926  -1.43452  -1.44983  -1.46519  -1.48059
 123.35283    0.26937   0.26936   0.26936   0.26936   0.26935   0.26933   0.26928   0.26920   0.26907   0.26887   0.26861   0.26826   0.26782   0.26728   0.26663   0.26587   0.26500   0.26400   0.26288   0.26163   0.26026   0.25875   0.25712   0.25535   0.25344   0.25141   0.24924   0.24694   0.24450   0.24193   0.23923   0.23641   0.23345   0.23036   0.22714   0.22380   0.22034   0.21674   0.21303   0.20919   0.20523   0.20116   0.19696   0.19265   0.18822   0.18367   0.17901   0.17424   0.16935   0.16436   0.15925   0.15404   0.14872   0.14329   0.13775   0.13211   0.12637   0.12052   0.11457   0.10852   0.10237   0.09612   0.08978   0.08333   0.07679   0.07015   0.06341   0.05658   0.04966   0.04264   0.03553   0.02833   0.02103   0.01365   0.00618  -0.00138  -0.00903  -0.01677  -0.02460  -0.03251  -0.04051  -0.04859  -0.05676  -0.06501  -0.07335  -0.08176  -0.09027  -0.09885  -0.10751  -0.11626  -0.12508  -0.13399  -0.14297  -0.15204  -0.16118  -0.17040  -0.17969  -0.18907  -0.19852  -0.20804  -0.21764  -0.22732  -0.23707  -0.24690  -0.25679  -0.26676  -0.27681  -0.28693  -0.29711  -0.30737  -0.31770  -0.32811  -0.33858  -0.34912  -0.35973  -0.37041  -0.38116  -0.39198  -0.40286  -0.41381  -0.42483  -0.43592  -0.44707  -0.45829  -0.46958  -0.48093  -0.49234  -0.50382  -0.51537  -0.52698  -0.53865  -0.55039  -0.56218  -0.57405  -0.58597  -0.59796  -0.61000  -0.62211  -0.63428  -0.64651  -0.65881  -0.67116  -0.68357  -0.69604  -0.70857  -0.72116  -0.73381  -0.74652  -0.75928  -0.77211  -0.78499  -0.79793  -0.81092  -0.82398  -0.83708  -0.85025  -0.86347  -0.87675  -0.89008  -0.90347  -0.91691  -0.93041  -0.94396  -0.95757  -0.97123  -0.98494  -0.99871  -1.01253  -1.02640  -1.04033  -1.05431  -1.06834  -1.08242  -1.09656  -1.11074  -1.12498  -1.13927  -1.15361  -1.16800  -1.18244  -1.19693  -1.21148  -1.22607  -1.24071  -1.25540  -1.27014  -1.28493  -1.29977  -1.31465  -1.32959  -1.34457  -1.35960  -1.37468  -1.38981  -1.40498  -1.42020  -1.43547  -1.45078  -1.46615  -1.48155
 123.46834    0.26893   0.26893   0.26893   0.26893   0.26892   0.26889   0.26885   0.26877   0.26864   0.26844   0.26818   0.26783   0.26739   0.26685   0.26621   0.26545   0.26458   0.26358   0.26247   0.26122   0.25985   0.25834   0.25671   0.25494   0.25304   0.25100   0.24883   0.24653   0.24409   0.24153   0.23883   0.23600   0.23304   0.22995   0.22674   0.22340   0.21993   0.21634   0.21262   0.20878   0.20482   0.20074   0.19655   0.19223   0.18780   0.18325   0.17859   0.17382   0.16893   0.16394   0.15883   0.15361   0.14829   0.14286   0.13732   0.13168   0.12593   0.12009   0.11413   0.10808   0.10193   0.09568   0.08933   0.08288   0.07633   0.06969   0.06295   0.05612   0.04919   0.04217   0.03506   0.02786   0.02056   0.01318   0.00570  -0.00186  -0.00952  -0.01726  -0.02509  -0.03300  -0.04100  -0.04909  -0.05726  -0.06551  -0.07385  -0.08227  -0.09078  -0.09936  -0.10803  -0.11678  -0.12561  -0.13452  -0.14350  -0.15257  -0.16171  -0.17094  -0.18024  -0.18961  -0.19907  -0.20859  -0.21820  -0.22788  -0.23763  -0.24746  -0.25736  -0.26734  -0.27738  -0.28750  -0.29769  -0.30796  -0.31829  -0.32870  -0.33917  -0.34972  -0.36033  -0.37101  -0.38177  -0.39259  -0.40347  -0.41443  -0.42545  -0.43654  -0.44770  -0.45892  -0.47021  -0.48157  -0.49298  -0.50447  -0.51602  -0.52763  -0.53930  -0.55104  -0.56285  -0.57471  -0.58664  -0.59863  -0.61068  -0.62279  -0.63497  -0.64720  -0.65950  -0.67185  -0.68427  -0.69674  -0.70928  -0.72187  -0.73452  -0.74724  -0.76000  -0.77283  -0.78572  -0.79866  -0.81166  -0.82471  -0.83783  -0.85099  -0.86422  -0.87750  -0.89084  -0.90423  -0.91767  -0.93118  -0.94473  -0.95834  -0.97200  -0.98572  -0.99949  -1.01332  -1.02720  -1.04113  -1.05511  -1.06914  -1.08323  -1.09737  -1.11156  -1.12580  -1.14009  -1.15444  -1.16883  -1.18328  -1.19777  -1.21232  -1.22692  -1.24156  -1.25626  -1.27100  -1.28579  -1.30063  -1.31552  -1.33046  -1.34545  -1.36048  -1.37557  -1.39070  -1.40587  -1.42110  -1.43637  -1.45169  -1.46706  -1.48247
 123.58384    0.26855   0.26855   0.26855   0.26855   0.26854   0.26852   0.26847   0.26839   0.26826   0.26807   0.26781   0.26746   0.26702   0.26649   0.26584   0.26509   0.26422   0.26322   0.26211   0.26086   0.25949   0.25799   0.25635   0.25458   0.25268   0.25065   0.24848   0.24618   0.24374   0.24118   0.23848   0.23565   0.23269   0.22960   0.22639   0.22305   0.21958   0.21598   0.21227   0.20843   0.20447   0.20039   0.19619   0.19187   0.18744   0.18289   0.17823   0.17345   0.16857   0.16357   0.15846   0.15324   0.14792   0.14248   0.13694   0.13130   0.12555   0.11970   0.11375   0.10770   0.10154   0.09529   0.08893   0.08248   0.07593   0.06929   0.06255   0.05571   0.04878   0.04176   0.03465   0.02744   0.02014   0.01275   0.00528  -0.00229  -0.00995  -0.01769  -0.02552  -0.03344  -0.04144  -0.04953  -0.05770  -0.06596  -0.07430  -0.08273  -0.09124  -0.09982  -0.10850  -0.11725  -0.12608  -0.13499  -0.14398  -0.15305  -0.16220  -0.17142  -0.18073  -0.19011  -0.19956  -0.20909  -0.21870  -0.22838  -0.23814  -0.24797  -0.25788  -0.26785  -0.27790  -0.28803  -0.29822  -0.30849  -0.31883  -0.32923  -0.33971  -0.35026  -0.36088  -0.37157  -0.38232  -0.39314  -0.40404  -0.41500  -0.42602  -0.43712  -0.44828  -0.45950  -0.47079  -0.48215  -0.49357  -0.50506  -0.51661  -0.52823  -0.53991  -0.55165  -0.56346  -0.57533  -0.58726  -0.59925  -0.61131  -0.62342  -0.63560  -0.64784  -0.66014  -0.67250  -0.68492  -0.69739  -0.70993  -0.72253  -0.73519  -0.74790  -0.76067  -0.77350  -0.78639  -0.79934  -0.81234  -0.82540  -0.83852  -0.85169  -0.86492  -0.87820  -0.89154  -0.90494  -0.91839  -0.93189  -0.94545  -0.95907  -0.97273  -0.98646  -1.00023  -1.01406  -1.02794  -1.04187  -1.05586  -1.06990  -1.08399  -1.09813  -1.11233  -1.12657  -1.14087  -1.15522  -1.16962  -1.18407  -1.19857  -1.21311  -1.22771  -1.24236  -1.25706  -1.27181  -1.28661  -1.30145  -1.31635  -1.33129  -1.34628  -1.36132  -1.37640  -1.39154  -1.40672  -1.42195  -1.43723  -1.45255  -1.46792  -1.48333
 123.69935    0.26824   0.26823   0.26823   0.26823   0.26822   0.26820   0.26815   0.26807   0.26794   0.26776   0.26749   0.26715   0.26671   0.26618   0.26554   0.26478   0.26391   0.26292   0.26181   0.26056   0.25919   0.25769   0.25606   0.25429   0.25239   0.25035   0.24819   0.24589   0.24345   0.24088   0.23819   0.23536   0.23240   0.22931   0.22609   0.22275   0.21928   0.21569   0.21197   0.20813   0.20417   0.20009   0.19589   0.19157   0.18714   0.18259   0.17792   0.17315   0.16826   0.16326   0.15814   0.15293   0.14760   0.14216   0.13662   0.13098   0.12523   0.11937   0.11342   0.10736   0.10121   0.09495   0.08859   0.08214   0.07559   0.06894   0.06220   0.05536   0.04843   0.04141   0.03429   0.02708   0.01978   0.01239   0.00491  -0.00266  -0.01032  -0.01807  -0.02590  -0.03382  -0.04183  -0.04992  -0.05810  -0.06636  -0.07470  -0.08313  -0.09164  -0.10023  -0.10891  -0.11766  -0.12650  -0.13541  -0.14440  -0.15348  -0.16263  -0.17186  -0.18116  -0.19055  -0.20000  -0.20954  -0.21915  -0.22884  -0.23860  -0.24843  -0.25834  -0.26832  -0.27837  -0.28850  -0.29870  -0.30897  -0.31931  -0.32972  -0.34020  -0.35075  -0.36137  -0.37207  -0.38282  -0.39365  -0.40455  -0.41551  -0.42654  -0.43764  -0.44880  -0.46003  -0.47133  -0.48269  -0.49411  -0.50560  -0.51716  -0.52878  -0.54046  -0.55221  -0.56402  -0.57589  -0.58783  -0.59982  -0.61188  -0.62400  -0.63618  -0.64842  -0.66073  -0.67309  -0.68551  -0.69800  -0.71054  -0.72314  -0.73580  -0.74852  -0.76129  -0.77413  -0.78702  -0.79997  -0.81298  -0.82604  -0.83916  -0.85234  -0.86557  -0.87886  -0.89220  -0.90560  -0.91905  -0.93256  -0.94613  -0.95974  -0.97341  -0.98714  -1.00092  -1.01475  -1.02864  -1.04257  -1.05656  -1.07061  -1.08470  -1.09885  -1.11305  -1.12730  -1.14160  -1.15595  -1.17035  -1.18480  -1.19931  -1.21386  -1.22847  -1.24312  -1.25782  -1.27257  -1.28737  -1.30222  -1.31712  -1.33207  -1.34706  -1.36210  -1.37720  -1.39233  -1.40752  -1.42275  -1.43803  -1.45336  -1.46873  -1.48415
 123.81485    0.26797   0.26797   0.26797   0.26797   0.26796   0.26794   0.26789   0.26781   0.26768   0.26750   0.26724   0.26689   0.26646   0.26592   0.26528   0.26453   0.26366   0.26267   0.26156   0.26032   0.25895   0.25745   0.25582   0.25405   0.25215   0.25012   0.24795   0.24565   0.24321   0.24065   0.23795   0.23512   0.23216   0.22907   0.22585   0.22251   0.21904   0.21545   0.21173   0.20789   0.20393   0.19984   0.19564   0.19132   0.18689   0.18234   0.17767   0.17289   0.16800   0.16300   0.15789   0.15266   0.14733   0.14190   0.13636   0.13071   0.12496   0.11910   0.11314   0.10708   0.10092   0.09467   0.08831   0.08185   0.07530   0.06865   0.06190   0.05506   0.04813   0.04110   0.03398   0.02677   0.01947   0.01207   0.00459  -0.00298  -0.01065  -0.01840  -0.02623  -0.03416  -0.04216  -0.05026  -0.05844  -0.06670  -0.07505  -0.08348  -0.09199  -0.10059  -0.10927  -0.11802  -0.12686  -0.13578  -0.14478  -0.15385  -0.16301  -0.17224  -0.18155  -0.19093  -0.20040  -0.20993  -0.21955  -0.22924  -0.23900  -0.24884  -0.25875  -0.26873  -0.27879  -0.28892  -0.29912  -0.30940  -0.31974  -0.33016  -0.34064  -0.35120  -0.36182  -0.37251  -0.38328  -0.39411  -0.40501  -0.41597  -0.42701  -0.43811  -0.44928  -0.46051  -0.47181  -0.48317  -0.49460  -0.50610  -0.51766  -0.52928  -0.54097  -0.55272  -0.56453  -0.57640  -0.58834  -0.60034  -0.61241  -0.62453  -0.63671  -0.64896  -0.66127  -0.67363  -0.68606  -0.69855  -0.71109  -0.72370  -0.73636  -0.74908  -0.76186  -0.77470  -0.78760  -0.80055  -0.81356  -0.82663  -0.83975  -0.85293  -0.86617  -0.87946  -0.89281  -0.90621  -0.91967  -0.93318  -0.94675  -0.96037  -0.97405  -0.98778  -1.00156  -1.01539  -1.02928  -1.04323  -1.05722  -1.07127  -1.08536  -1.09952  -1.11372  -1.12797  -1.14228  -1.15663  -1.17104  -1.18550  -1.20000  -1.21456  -1.22917  -1.24382  -1.25853  -1.27329  -1.28809  -1.30295  -1.31785  -1.33280  -1.34780  -1.36284  -1.37794  -1.39308  -1.40827  -1.42351  -1.43879  -1.45412  -1.46950  -1.48492
 123.93036    0.26777   0.26777   0.26776   0.26776   0.26775   0.26773   0.26769   0.26761   0.26748   0.26729   0.26703   0.26669   0.26626   0.26573   0.26509   0.26434   0.26347   0.26248   0.26137   0.26013   0.25876   0.25726   0.25563   0.25387   0.25197   0.24993   0.24777   0.24547   0.24303   0.24047   0.23777   0.23494   0.23198   0.22889   0.22567   0.22233   0.21886   0.21526   0.21154   0.20770   0.20374   0.19965   0.19545   0.19113   0.18669   0.18214   0.17747   0.17269   0.16780   0.16279   0.15768   0.15246   0.14712   0.14169   0.13614   0.13049   0.12474   0.11888   0.11292   0.10686   0.10070   0.09444   0.08808   0.08162   0.07506   0.06841   0.06166   0.05482   0.04788   0.04085   0.03373   0.02651   0.01921   0.01181   0.00432  -0.00325  -0.01092  -0.01867  -0.02651  -0.03443  -0.04245  -0.05054  -0.05873  -0.06699  -0.07534  -0.08378  -0.09229  -0.10089  -0.10957  -0.11833  -0.12717  -0.13609  -0.14509  -0.15417  -0.16333  -0.17257  -0.18188  -0.19127  -0.20073  -0.21028  -0.21989  -0.22959  -0.23935  -0.24919  -0.25911  -0.26910  -0.27916  -0.28929  -0.29950  -0.30977  -0.32012  -0.33054  -0.34103  -0.35159  -0.36221  -0.37291  -0.38368  -0.39451  -0.40542  -0.41639  -0.42742  -0.43853  -0.44970  -0.46094  -0.47224  -0.48361  -0.49504  -0.50654  -0.51810  -0.52973  -0.54142  -0.55317  -0.56499  -0.57687  -0.58881  -0.60082  -0.61288  -0.62501  -0.63720  -0.64945  -0.66176  -0.67413  -0.68656  -0.69905  -0.71160  -0.72421  -0.73687  -0.74960  -0.76238  -0.77523  -0.78813  -0.80108  -0.81410  -0.82717  -0.84030  -0.85348  -0.86672  -0.88002  -0.89337  -0.90678  -0.92024  -0.93375  -0.94733  -0.96095  -0.97463  -0.98836  -1.00215  -1.01599  -1.02988  -1.04383  -1.05783  -1.07188  -1.08598  -1.10013  -1.11434  -1.12860  -1.14291  -1.15727  -1.17168  -1.18614  -1.20065  -1.21521  -1.22982  -1.24448  -1.25919  -1.27395  -1.28876  -1.30362  -1.31853  -1.33348  -1.34848  -1.36353  -1.37863  -1.39378  -1.40897  -1.42421  -1.43950  -1.45484  -1.47022  -1.48565
 124.04586    0.26762   0.26761   0.26761   0.26761   0.26760   0.26758   0.26754   0.26746   0.26733   0.26715   0.26689   0.26655   0.26612   0.26559   0.26495   0.26420   0.26334   0.26235   0.26124   0.26000   0.25863   0.25713   0.25550   0.25374   0.25184   0.24981   0.24764   0.24534   0.24291   0.24034   0.23764   0.23481   0.23185   0.22876   0.22554   0.22220   0.21873   0.21513   0.21141   0.20757   0.20360   0.19952   0.19531   0.19099   0.18655   0.18200   0.17733   0.17255   0.16765   0.16264   0.15753   0.15230   0.14697   0.14153   0.13598   0.13033   0.12457   0.11871   0.11275   0.10669   0.10052   0.09426   0.08790   0.08144   0.07488   0.06822   0.06147   0.05463   0.04769   0.04065   0.03353   0.02631   0.01900   0.01160   0.00411  -0.00347  -0.01113  -0.01889  -0.02673  -0.03466  -0.04268  -0.05078  -0.05896  -0.06723  -0.07559  -0.08402  -0.09254  -0.10114  -0.10983  -0.11859  -0.12743  -0.13636  -0.14536  -0.15444  -0.16361  -0.17284  -0.18216  -0.19155  -0.20102  -0.21057  -0.22019  -0.22988  -0.23965  -0.24950  -0.25942  -0.26941  -0.27947  -0.28961  -0.29982  -0.31010  -0.32045  -0.33087  -0.34136  -0.35193  -0.36256  -0.37326  -0.38403  -0.39487  -0.40577  -0.41675  -0.42779  -0.43890  -0.45007  -0.46131  -0.47262  -0.48399  -0.49543  -0.50693  -0.51850  -0.53013  -0.54182  -0.55358  -0.56540  -0.57728  -0.58923  -0.60124  -0.61331  -0.62544  -0.63763  -0.64988  -0.66220  -0.67457  -0.68701  -0.69950  -0.71205  -0.72467  -0.73734  -0.75007  -0.76286  -0.77570  -0.78861  -0.80157  -0.81459  -0.82766  -0.84079  -0.85398  -0.86723  -0.88053  -0.89388  -0.90729  -0.92076  -0.93428  -0.94785  -0.96148  -0.97517  -0.98890  -1.00269  -1.01654  -1.03043  -1.04438  -1.05839  -1.07244  -1.08655  -1.10071  -1.11492  -1.12918  -1.14349  -1.15785  -1.17227  -1.18673  -1.20125  -1.21582  -1.23043  -1.24510  -1.25981  -1.27457  -1.28939  -1.30425  -1.31916  -1.33412  -1.34912  -1.36418  -1.37928  -1.39443  -1.40963  -1.42488  -1.44017  -1.45551  -1.47089  -1.48632
 124.16137    0.26752   0.26752   0.26752   0.26752   0.26751   0.26749   0.26744   0.26737   0.26724   0.26706   0.26680   0.26646   0.26603   0.26550   0.26487   0.26412   0.26326   0.26227   0.26116   0.25992   0.25856   0.25706   0.25543   0.25366   0.25177   0.24973   0.24757   0.24527   0.24283   0.24027   0.23757   0.23474   0.23178   0.22869   0.22547   0.22212   0.21865   0.21505   0.21133   0.20749   0.20352   0.19943   0.19523   0.19091   0.18647   0.18191   0.17724   0.17245   0.16756   0.16255   0.15743   0.15220   0.14687   0.14142   0.13588   0.13022   0.12446   0.11860   0.11264   0.10657   0.10040   0.09414   0.08777   0.08131   0.07475   0.06809   0.06134   0.05449   0.04755   0.04051   0.03338   0.02616   0.01885   0.01145   0.00395  -0.00363  -0.01130  -0.01906  -0.02690  -0.03483  -0.04285  -0.05096  -0.05915  -0.06742  -0.07578  -0.08422  -0.09274  -0.10134  -0.11003  -0.11880  -0.12764  -0.13657  -0.14558  -0.15466  -0.16383  -0.17307  -0.18239  -0.19179  -0.20126  -0.21081  -0.22043  -0.23013  -0.23991  -0.24975  -0.25967  -0.26967  -0.27974  -0.28988  -0.30009  -0.31037  -0.32073  -0.33115  -0.34165  -0.35222  -0.36285  -0.37356  -0.38433  -0.39517  -0.40608  -0.41706  -0.42810  -0.43922  -0.45039  -0.46164  -0.47295  -0.48433  -0.49577  -0.50727  -0.51884  -0.53048  -0.54217  -0.55394  -0.56576  -0.57765  -0.58960  -0.60161  -0.61368  -0.62582  -0.63801  -0.65027  -0.66259  -0.67497  -0.68741  -0.69990  -0.71246  -0.72508  -0.73775  -0.75049  -0.76328  -0.77613  -0.78904  -0.80200  -0.81502  -0.82810  -0.84124  -0.85443  -0.86768  -0.88098  -0.89434  -0.90776  -0.92123  -0.93475  -0.94833  -0.96196  -0.97565  -0.98939  -1.00319  -1.01704  -1.03094  -1.04489  -1.05890  -1.07296  -1.08707  -1.10123  -1.11544  -1.12971  -1.14403  -1.15839  -1.17281  -1.18728  -1.20180  -1.21637  -1.23099  -1.24566  -1.26038  -1.27515  -1.28996  -1.30483  -1.31974  -1.33471  -1.34972  -1.36478  -1.37988  -1.39504  -1.41024  -1.42549  -1.44079  -1.45613  -1.47152  -1.48696
 124.27687    0.26748   0.26748   0.26748   0.26748   0.26747   0.26745   0.26741   0.26733   0.26720   0.26702   0.26677   0.26643   0.26600   0.26547   0.26484   0.26409   0.26323   0.26225   0.26114   0.25990   0.25854   0.25704   0.25541   0.25365   0.25175   0.24972   0.24755   0.24525   0.24282   0.24025   0.23755   0.23472   0.23176   0.22867   0.22545   0.22210   0.21863   0.21503   0.21131   0.20746   0.20349   0.19941   0.19520   0.19087   0.18643   0.18187   0.17720   0.17242   0.16752   0.16251   0.15739   0.15216   0.14682   0.14137   0.13582   0.13017   0.12441   0.11854   0.11257   0.10651   0.10034   0.09407   0.08770   0.08123   0.07467   0.06801   0.06125   0.05440   0.04746   0.04042   0.03329   0.02606   0.01875   0.01134   0.00385  -0.00374  -0.01141  -0.01917  -0.02702  -0.03496  -0.04298  -0.05109  -0.05928  -0.06755  -0.07591  -0.08436  -0.09288  -0.10149  -0.11018  -0.11895  -0.12780  -0.13673  -0.14574  -0.15483  -0.16400  -0.17325  -0.18257  -0.19197  -0.20144  -0.21100  -0.22062  -0.23033  -0.24010  -0.24996  -0.25988  -0.26988  -0.27995  -0.29010  -0.30031  -0.31060  -0.32096  -0.33139  -0.34189  -0.35246  -0.36310  -0.37380  -0.38458  -0.39543  -0.40634  -0.41732  -0.42837  -0.43949  -0.45067  -0.46192  -0.47323  -0.48461  -0.49605  -0.50756  -0.51914  -0.53078  -0.54248  -0.55424  -0.56607  -0.57796  -0.58992  -0.60193  -0.61401  -0.62615  -0.63835  -0.65061  -0.66293  -0.67532  -0.68776  -0.70026  -0.71282  -0.72544  -0.73812  -0.75086  -0.76365  -0.77651  -0.78942  -0.80239  -0.81542  -0.82850  -0.84164  -0.85483  -0.86809  -0.88139  -0.89476  -0.90818  -0.92165  -0.93518  -0.94876  -0.96240  -0.97609  -0.98984  -1.00364  -1.01749  -1.03139  -1.04535  -1.05936  -1.07342  -1.08754  -1.10171  -1.11592  -1.13019  -1.14451  -1.15889  -1.17331  -1.18778  -1.20231  -1.21688  -1.23150  -1.24618  -1.26090  -1.27567  -1.29049  -1.30536  -1.32028  -1.33525  -1.35027  -1.36533  -1.38044  -1.39560  -1.41080  -1.42606  -1.44136  -1.45671  -1.47210  -1.48754
 124.39238    0.26750   0.26750   0.26750   0.26749   0.26749   0.26747   0.26742   0.26735   0.26722   0.26704   0.26679   0.26645   0.26602   0.26550   0.26486   0.26412   0.26326   0.26228   0.26117   0.25993   0.25857   0.25707   0.25544   0.25368   0.25179   0.24975   0.24759   0.24529   0.24285   0.24029   0.23759   0.23476   0.23179   0.22870   0.22548   0.22213   0.21866   0.21506   0.21134   0.20749   0.20352   0.19943   0.19522   0.19090   0.18645   0.18189   0.17722   0.17243   0.16753   0.16252   0.15740   0.15216   0.14682   0.14138   0.13582   0.13016   0.12440   0.11853   0.11256   0.10649   0.10032   0.09405   0.08768   0.08121   0.07464   0.06798   0.06122   0.05437   0.04742   0.04038   0.03324   0.02602   0.01870   0.01129   0.00379  -0.00380  -0.01147  -0.01924  -0.02709  -0.03503  -0.04305  -0.05116  -0.05936  -0.06764  -0.07600  -0.08445  -0.09298  -0.10159  -0.11028  -0.11906  -0.12791  -0.13684  -0.14586  -0.15495  -0.16412  -0.17337  -0.18270  -0.19210  -0.20158  -0.21114  -0.22077  -0.23047  -0.24025  -0.25011  -0.26004  -0.27004  -0.28012  -0.29026  -0.30048  -0.31077  -0.32114  -0.33157  -0.34207  -0.35265  -0.36329  -0.37400  -0.38478  -0.39563  -0.40655  -0.41753  -0.42859  -0.43971  -0.45089  -0.46214  -0.47346  -0.48484  -0.49629  -0.50781  -0.51938  -0.53103  -0.54273  -0.55450  -0.56633  -0.57823  -0.59019  -0.60221  -0.61429  -0.62643  -0.63864  -0.65090  -0.66323  -0.67561  -0.68806  -0.70057  -0.71313  -0.72576  -0.73844  -0.75118  -0.76398  -0.77684  -0.78975  -0.80273  -0.81576  -0.82884  -0.84199  -0.85519  -0.86845  -0.88176  -0.89512  -0.90855  -0.92203  -0.93556  -0.94915  -0.96279  -0.97648  -0.99023  -1.00404  -1.01789  -1.03180  -1.04576  -1.05978  -1.07384  -1.08796  -1.10213  -1.11636  -1.13063  -1.14496  -1.15933  -1.17376  -1.18824  -1.20277  -1.21734  -1.23197  -1.24665  -1.26138  -1.27615  -1.29098  -1.30585  -1.32077  -1.33575  -1.35077  -1.36583  -1.38095  -1.39611  -1.41132  -1.42658  -1.44188  -1.45724  -1.47263  -1.48808
 124.50788    0.26757   0.26757   0.26757   0.26757   0.26756   0.26754   0.26750   0.26742   0.26730   0.26712   0.26686   0.26653   0.26610   0.26558   0.26495   0.26420   0.26334   0.26236   0.26126   0.26002   0.25866   0.25716   0.25553   0.25377   0.25188   0.24985   0.24768   0.24538   0.24295   0.24038   0.23768   0.23485   0.23188   0.22879   0.22557   0.22222   0.21875   0.21515   0.21142   0.20757   0.20360   0.19951   0.19530   0.19097   0.18653   0.18197   0.17729   0.17250   0.16760   0.16258   0.15746   0.15222   0.14688   0.14143   0.13588   0.13021   0.12445   0.11858   0.11261   0.10653   0.10036   0.09408   0.08771   0.08124   0.07467   0.06800   0.06124   0.05439   0.04743   0.04039   0.03325   0.02602   0.01870   0.01129   0.00379  -0.00380  -0.01148  -0.01925  -0.02711  -0.03505  -0.04308  -0.05119  -0.05939  -0.06767  -0.07604  -0.08449  -0.09302  -0.10163  -0.11033  -0.11911  -0.12797  -0.13690  -0.14592  -0.15502  -0.16419  -0.17344  -0.18277  -0.19218  -0.20166  -0.21122  -0.22086  -0.23057  -0.24035  -0.25021  -0.26014  -0.27015  -0.28023  -0.29038  -0.30060  -0.31090  -0.32126  -0.33170  -0.34221  -0.35279  -0.36343  -0.37415  -0.38493  -0.39579  -0.40671  -0.41770  -0.42875  -0.43988  -0.45107  -0.46232  -0.47364  -0.48503  -0.49648  -0.50800  -0.51958  -0.53123  -0.54294  -0.55471  -0.56655  -0.57845  -0.59041  -0.60243  -0.61452  -0.62666  -0.63887  -0.65114  -0.66347  -0.67586  -0.68831  -0.70082  -0.71339  -0.72602  -0.73871  -0.75145  -0.76426  -0.77712  -0.79004  -0.80302  -0.81605  -0.82914  -0.84229  -0.85550  -0.86876  -0.88207  -0.89544  -0.90887  -0.92235  -0.93589  -0.94948  -0.96313  -0.97683  -0.99058  -1.00439  -1.01825  -1.03216  -1.04613  -1.06015  -1.07422  -1.08834  -1.10252  -1.11674  -1.13102  -1.14535  -1.15973  -1.17416  -1.18864  -1.20318  -1.21776  -1.23239  -1.24707  -1.26180  -1.27659  -1.29142  -1.30629  -1.32122  -1.33620  -1.35122  -1.36629  -1.38141  -1.39658  -1.41179  -1.42706  -1.44236  -1.45772  -1.47312  -1.48857
 124.62338    0.26770   0.26770   0.26769   0.26769   0.26768   0.26766   0.26762   0.26755   0.26743   0.26724   0.26699   0.26666   0.26623   0.26571   0.26508   0.26434   0.26348   0.26250   0.26140   0.26016   0.25880   0.25731   0.25568   0.25392   0.25202   0.24999   0.24783   0.24552   0.24309   0.24052   0.23782   0.23499   0.23203   0.22893   0.22571   0.22236   0.21889   0.21528   0.21156   0.20771   0.20374   0.19964   0.19543   0.19110   0.18665   0.18209   0.17741   0.17262   0.16772   0.16270   0.15757   0.15234   0.14699   0.14154   0.13598   0.13032   0.12455   0.11868   0.11270   0.10663   0.10045   0.09417   0.08779   0.08132   0.07475   0.06808   0.06131   0.05445   0.04750   0.04045   0.03331   0.02608   0.01876   0.01134   0.00384  -0.00376  -0.01144  -0.01921  -0.02707  -0.03502  -0.04305  -0.05116  -0.05937  -0.06765  -0.07602  -0.08448  -0.09301  -0.10163  -0.11033  -0.11911  -0.12797  -0.13691  -0.14593  -0.15503  -0.16421  -0.17347  -0.18280  -0.19221  -0.20170  -0.21126  -0.22090  -0.23061  -0.24040  -0.25026  -0.26020  -0.27021  -0.28029  -0.29045  -0.30067  -0.31097  -0.32134  -0.33178  -0.34229  -0.35288  -0.36353  -0.37425  -0.38503  -0.39589  -0.40682  -0.41781  -0.42887  -0.44000  -0.45119  -0.46245  -0.47378  -0.48517  -0.49662  -0.50815  -0.51973  -0.53138  -0.54310  -0.55487  -0.56671  -0.57862  -0.59058  -0.60261  -0.61470  -0.62685  -0.63906  -0.65134  -0.66367  -0.67606  -0.68852  -0.70103  -0.71361  -0.72624  -0.73893  -0.75168  -0.76449  -0.77735  -0.79028  -0.80326  -0.81630  -0.82939  -0.84255  -0.85576  -0.86902  -0.88234  -0.89572  -0.90915  -0.92263  -0.93617  -0.94977  -0.96342  -0.97712  -0.99088  -1.00469  -1.01856  -1.03248  -1.04645  -1.06047  -1.07454  -1.08867  -1.10285  -1.11708  -1.13137  -1.14570  -1.16008  -1.17452  -1.18901  -1.20354  -1.21813  -1.23277  -1.24745  -1.26219  -1.27697  -1.29181  -1.30669  -1.32162  -1.33660  -1.35163  -1.36670  -1.38183  -1.39700  -1.41222  -1.42749  -1.44280  -1.45816  -1.47357  -1.48902
 124.73889    0.26788   0.26788   0.26788   0.26787   0.26786   0.26785   0.26780   0.26773   0.26761   0.26743   0.26718   0.26685   0.26642   0.26590   0.26527   0.26453   0.26367   0.26270   0.26159   0.26036   0.25900   0.25750   0.25588   0.25412   0.25222   0.25019   0.24802   0.24572   0.24329   0.24072   0.23802   0.23519   0.23222   0.22913   0.22591   0.22256   0.21908   0.21547   0.21175   0.20790   0.20392   0.19983   0.19562   0.19128   0.18683   0.18227   0.17759   0.17279   0.16789   0.16287   0.15774   0.15250   0.14715   0.14170   0.13614   0.13047   0.12470   0.11883   0.11285   0.10677   0.10059   0.09431   0.08793   0.08145   0.07488   0.06821   0.06144   0.05458   0.04762   0.04057   0.03342   0.02619   0.01886   0.01144   0.00394  -0.00366  -0.01135  -0.01912  -0.02698  -0.03493  -0.04297  -0.05109  -0.05929  -0.06758  -0.07596  -0.08441  -0.09295  -0.10157  -0.11028  -0.11906  -0.12793  -0.13687  -0.14590  -0.15500  -0.16418  -0.17344  -0.18278  -0.19219  -0.20168  -0.21125  -0.22089  -0.23061  -0.24040  -0.25027  -0.26021  -0.27022  -0.28031  -0.29047  -0.30070  -0.31100  -0.32137  -0.33182  -0.34233  -0.35292  -0.36357  -0.37430  -0.38509  -0.39595  -0.40688  -0.41787  -0.42894  -0.44007  -0.45127  -0.46253  -0.47386  -0.48526  -0.49672  -0.50824  -0.51983  -0.53149  -0.54320  -0.55498  -0.56683  -0.57874  -0.59071  -0.60274  -0.61483  -0.62699  -0.63920  -0.65148  -0.66382  -0.67622  -0.68868  -0.70119  -0.71377  -0.72641  -0.73910  -0.75186  -0.76467  -0.77754  -0.79047  -0.80346  -0.81650  -0.82960  -0.84275  -0.85597  -0.86924  -0.88256  -0.89594  -0.90938  -0.92287  -0.93641  -0.95001  -0.96367  -0.97737  -0.99114  -1.00495  -1.01882  -1.03274  -1.04672  -1.06075  -1.07482  -1.08896  -1.10314  -1.11738  -1.13166  -1.14600  -1.16039  -1.17483  -1.18932  -1.20386  -1.21845  -1.23309  -1.24778  -1.26252  -1.27731  -1.29215  -1.30704  -1.32197  -1.33696  -1.35199  -1.36707  -1.38220  -1.39738  -1.41260  -1.42787  -1.44319  -1.45855  -1.47396  -1.48942
 124.85439    0.26811   0.26811   0.26811   0.26811   0.26810   0.26808   0.26804   0.26797   0.26785   0.26767   0.26742   0.26709   0.26666   0.26614   0.26552   0.26478   0.26392   0.26294   0.26184   0.26061   0.25925   0.25776   0.25613   0.25437   0.25247   0.25044   0.24828   0.24598   0.24354   0.24097   0.23827   0.23544   0.23247   0.22938   0.22615   0.22280   0.21932   0.21572   0.21199   0.20814   0.20416   0.20007   0.19585   0.19152   0.18707   0.18250   0.17782   0.17302   0.16811   0.16309   0.15796   0.15272   0.14737   0.14191   0.13635   0.13068   0.12490   0.11903   0.11305   0.10697   0.10078   0.09450   0.08812   0.08164   0.07506   0.06838   0.06161   0.05475   0.04779   0.04073   0.03359   0.02635   0.01902   0.01160   0.00409  -0.00351  -0.01120  -0.01898  -0.02685  -0.03480  -0.04284  -0.05096  -0.05917  -0.06746  -0.07584  -0.08430  -0.09284  -0.10147  -0.11018  -0.11896  -0.12783  -0.13678  -0.14581  -0.15492  -0.16410  -0.17336  -0.18270  -0.19212  -0.20162  -0.21119  -0.22083  -0.23055  -0.24035  -0.25022  -0.26016  -0.27018  -0.28027  -0.29043  -0.30067  -0.31098  -0.32135  -0.33180  -0.34232  -0.35291  -0.36357  -0.37430  -0.38509  -0.39596  -0.40689  -0.41789  -0.42896  -0.44009  -0.45130  -0.46256  -0.47390  -0.48530  -0.49676  -0.50829  -0.51988  -0.53154  -0.54326  -0.55505  -0.56690  -0.57881  -0.59078  -0.60282  -0.61492  -0.62708  -0.63930  -0.65158  -0.66392  -0.67632  -0.68879  -0.70131  -0.71389  -0.72653  -0.73923  -0.75199  -0.76481  -0.77768  -0.79061  -0.80360  -0.81665  -0.82975  -0.84292  -0.85613  -0.86941  -0.88273  -0.89612  -0.90956  -0.92305  -0.93660  -0.95021  -0.96387  -0.97758  -0.99134  -1.00516  -1.01904  -1.03296  -1.04694  -1.06097  -1.07506  -1.08919  -1.10338  -1.11762  -1.13191  -1.14626  -1.16065  -1.17509  -1.18959  -1.20413  -1.21873  -1.23338  -1.24807  -1.26281  -1.27761  -1.29245  -1.30734  -1.32228  -1.33727  -1.35231  -1.36739  -1.38253  -1.39771  -1.41293  -1.42821  -1.44353  -1.45890  -1.47432  -1.48978
 124.96990    0.26840   0.26840   0.26840   0.26840   0.26839   0.26837   0.26833   0.26826   0.26814   0.26796   0.26771   0.26738   0.26696   0.26644   0.26581   0.26508   0.26422   0.26324   0.26214   0.26091   0.25955   0.25806   0.25643   0.25467   0.25278   0.25075   0.24858   0.24628   0.24385   0.24128   0.23858   0.23574   0.23278   0.22968   0.22645   0.22310   0.21962   0.21601   0.21228   0.20843   0.20445   0.20036   0.19614   0.19180   0.18735   0.18278   0.17810   0.17330   0.16839   0.16336   0.15823   0.15299   0.14763   0.14217   0.13661   0.13094   0.12516   0.11928   0.11330   0.10721   0.10103   0.09474   0.08836   0.08187   0.07529   0.06861   0.06184   0.05497   0.04801   0.04095   0.03380   0.02656   0.01923   0.01180   0.00429  -0.00332  -0.01101  -0.01879  -0.02666  -0.03462  -0.04266  -0.05078  -0.05900  -0.06729  -0.07567  -0.08414  -0.09268  -0.10131  -0.11002  -0.11882  -0.12769  -0.13664  -0.14567  -0.15478  -0.16397  -0.17324  -0.18258  -0.19200  -0.20150  -0.21108  -0.22073  -0.23045  -0.24025  -0.25012  -0.26007  -0.27009  -0.28019  -0.29035  -0.30059  -0.31090  -0.32128  -0.33174  -0.34226  -0.35285  -0.36351  -0.37425  -0.38505  -0.39592  -0.40685  -0.41786  -0.42893  -0.44007  -0.45127  -0.46255  -0.47388  -0.48529  -0.49676  -0.50829  -0.51989  -0.53155  -0.54328  -0.55507  -0.56692  -0.57883  -0.59081  -0.60285  -0.61495  -0.62712  -0.63934  -0.65163  -0.66398  -0.67638  -0.68885  -0.70138  -0.71396  -0.72661  -0.73931  -0.75207  -0.76489  -0.77777  -0.79071  -0.80370  -0.81676  -0.82986  -0.84303  -0.85625  -0.86953  -0.88286  -0.89625  -0.90969  -0.92319  -0.93675  -0.95036  -0.96402  -0.97774  -0.99151  -1.00533  -1.01921  -1.03314  -1.04712  -1.06116  -1.07525  -1.08939  -1.10358  -1.11782  -1.13212  -1.14647  -1.16086  -1.17531  -1.18981  -1.20436  -1.21896  -1.23361  -1.24831  -1.26306  -1.27786  -1.29271  -1.30760  -1.32255  -1.33754  -1.35258  -1.36767  -1.38281  -1.39799  -1.41322  -1.42850  -1.44383  -1.45921  -1.47463  -1.49009
 125.08540    0.26874   0.26874   0.26874   0.26874   0.26873   0.26871   0.26867   0.26860   0.26848   0.26830   0.26805   0.26773   0.26731   0.26679   0.26616   0.26543   0.26457   0.26360   0.26250   0.26127   0.25991   0.25842   0.25679   0.25503   0.25314   0.25111   0.24894   0.24664   0.24420   0.24163   0.23893   0.23610   0.23313   0.23003   0.22681   0.22345   0.21997   0.21636   0.21263   0.20877   0.20480   0.20070   0.19648   0.19214   0.18769   0.18311   0.17843   0.17363   0.16871   0.16369   0.15855   0.15331   0.14795   0.14249   0.13692   0.13125   0.12547   0.11958   0.11360   0.10751   0.10132   0.09503   0.08864   0.08216   0.07557   0.06889   0.06212   0.05525   0.04828   0.04122   0.03407   0.02682   0.01948   0.01206   0.00454  -0.00307  -0.01077  -0.01855  -0.02642  -0.03438  -0.04243  -0.05056  -0.05877  -0.06707  -0.07546  -0.08393  -0.09248  -0.10111  -0.10982  -0.11862  -0.12749  -0.13645  -0.14548  -0.15460  -0.16379  -0.17306  -0.18241  -0.19184  -0.20134  -0.21092  -0.22057  -0.23030  -0.24010  -0.24998  -0.25993  -0.26996  -0.28005  -0.29023  -0.30047  -0.31078  -0.32117  -0.33162  -0.34215  -0.35275  -0.36341  -0.37415  -0.38495  -0.39583  -0.40677  -0.41778  -0.42885  -0.44000  -0.45121  -0.46248  -0.47382  -0.48523  -0.49670  -0.50824  -0.51984  -0.53151  -0.54324  -0.55503  -0.56689  -0.57881  -0.59079  -0.60284  -0.61494  -0.62711  -0.63934  -0.65163  -0.66398  -0.67639  -0.68886  -0.70140  -0.71399  -0.72664  -0.73934  -0.75211  -0.76494  -0.77782  -0.79076  -0.80376  -0.81681  -0.82993  -0.84310  -0.85632  -0.86960  -0.88294  -0.89633  -0.90978  -0.92329  -0.93684  -0.95046  -0.96412  -0.97785  -0.99162  -1.00545  -1.01933  -1.03327  -1.04725  -1.06130  -1.07539  -1.08953  -1.10373  -1.11798  -1.13228  -1.14663  -1.16103  -1.17549  -1.18999  -1.20454  -1.21915  -1.23380  -1.24851  -1.26326  -1.27806  -1.29291  -1.30781  -1.32276  -1.33776  -1.35281  -1.36790  -1.38304  -1.39823  -1.41347  -1.42875  -1.44409  -1.45946  -1.47489  -1.49036
 125.20091    0.26914   0.26914   0.26914   0.26913   0.26913   0.26911   0.26907   0.26899   0.26888   0.26870   0.26845   0.26813   0.26771   0.26719   0.26657   0.26583   0.26498   0.26401   0.26291   0.26168   0.26032   0.25883   0.25720   0.25544   0.25355   0.25152   0.24935   0.24705   0.24461   0.24204   0.23934   0.23650   0.23354   0.23044   0.22721   0.22386   0.22037   0.21676   0.21303   0.20917   0.20519   0.20109   0.19687   0.19253   0.18807   0.18350   0.17881   0.17401   0.16909   0.16406   0.15892   0.15368   0.14832   0.14285   0.13728   0.13161   0.12582   0.11994   0.11395   0.10786   0.10167   0.09538   0.08898   0.08250   0.07591   0.06922   0.06244   0.05557   0.04860   0.04154   0.03438   0.02713   0.01979   0.01236   0.00484  -0.00277  -0.01047  -0.01826  -0.02614  -0.03410  -0.04215  -0.05028  -0.05850  -0.06680  -0.07519  -0.08366  -0.09222  -0.10085  -0.10957  -0.11837  -0.12725  -0.13621  -0.14525  -0.15437  -0.16356  -0.17284  -0.18219  -0.19162  -0.20113  -0.21071  -0.22036  -0.23010  -0.23991  -0.24979  -0.25974  -0.26977  -0.27987  -0.29005  -0.30029  -0.31061  -0.32100  -0.33146  -0.34199  -0.35259  -0.36326  -0.37400  -0.38481  -0.39569  -0.40664  -0.41765  -0.42873  -0.43988  -0.45109  -0.46237  -0.47372  -0.48513  -0.49661  -0.50815  -0.51975  -0.53142  -0.54316  -0.55496  -0.56682  -0.57874  -0.59073  -0.60278  -0.61489  -0.62706  -0.63929  -0.65159  -0.66394  -0.67636  -0.68883  -0.70137  -0.71396  -0.72662  -0.73933  -0.75210  -0.76493  -0.77782  -0.79076  -0.80377  -0.81683  -0.82994  -0.84312  -0.85635  -0.86963  -0.88298  -0.89637  -0.90983  -0.92333  -0.93690  -0.95051  -0.96419  -0.97791  -0.99169  -1.00552  -1.01941  -1.03335  -1.04734  -1.06139  -1.07548  -1.08963  -1.10384  -1.11809  -1.13239  -1.14675  -1.16116  -1.17561  -1.19012  -1.20468  -1.21929  -1.23395  -1.24866  -1.26341  -1.27822  -1.29308  -1.30798  -1.32294  -1.33794  -1.35299  -1.36809  -1.38323  -1.39843  -1.41367  -1.42896  -1.44430  -1.45968  -1.47511  -1.49058
 125.31641    0.26959   0.26958   0.26958   0.26958   0.26957   0.26956   0.26952   0.26944   0.26933   0.26915   0.26891   0.26858   0.26816   0.26765   0.26702   0.26629   0.26544   0.26446   0.26337   0.26214   0.26078   0.25929   0.25766   0.25591   0.25401   0.25198   0.24981   0.24751   0.24508   0.24251   0.23980   0.23696   0.23400   0.23090   0.22767   0.22431   0.22083   0.21722   0.21348   0.20962   0.20564   0.20154   0.19731   0.19297   0.18851   0.18394   0.17924   0.17444   0.16952   0.16449   0.15935   0.15410   0.14874   0.14327   0.13770   0.13202   0.12623   0.12034   0.11435   0.10826   0.10206   0.09577   0.08938   0.08288   0.07629   0.06961   0.06282   0.05594   0.04897   0.04190   0.03474   0.02749   0.02015   0.01271   0.00519  -0.00243  -0.01013  -0.01792  -0.02580  -0.03377  -0.04182  -0.04996  -0.05818  -0.06649  -0.07488  -0.08335  -0.09191  -0.10055  -0.10927  -0.11807  -0.12696  -0.13592  -0.14496  -0.15409  -0.16329  -0.17256  -0.18192  -0.19135  -0.20086  -0.21045  -0.22011  -0.22985  -0.23966  -0.24955  -0.25950  -0.26954  -0.27964  -0.28982  -0.30007  -0.31040  -0.32079  -0.33125  -0.34179  -0.35239  -0.36307  -0.37381  -0.38462  -0.39551  -0.40646  -0.41747  -0.42856  -0.43971  -0.45093  -0.46221  -0.47356  -0.48498  -0.49646  -0.50800  -0.51962  -0.53129  -0.54303  -0.55483  -0.56670  -0.57862  -0.59062  -0.60267  -0.61478  -0.62696  -0.63920  -0.65150  -0.66386  -0.67628  -0.68876  -0.70129  -0.71389  -0.72655  -0.73927  -0.75204  -0.76488  -0.77777  -0.79072  -0.80373  -0.81679  -0.82991  -0.84309  -0.85633  -0.86962  -0.88296  -0.89637  -0.90982  -0.92334  -0.93690  -0.95052  -0.96420  -0.97793  -0.99171  -1.00555  -1.01944  -1.03339  -1.04738  -1.06143  -1.07554  -1.08969  -1.10390  -1.11815  -1.13246  -1.14682  -1.16123  -1.17570  -1.19021  -1.20477  -1.21939  -1.23405  -1.24876  -1.26352  -1.27834  -1.29320  -1.30811  -1.32307  -1.33807  -1.35313  -1.36823  -1.38338  -1.39858  -1.41383  -1.42912  -1.44446  -1.45985  -1.47528  -1.49076
 125.43192    0.27009   0.27009   0.27008   0.27008   0.27007   0.27006   0.27002   0.26995   0.26983   0.26965   0.26941   0.26908   0.26867   0.26815   0.26753   0.26680   0.26595   0.26498   0.26388   0.26265   0.26129   0.25980   0.25818   0.25642   0.25453   0.25249   0.25033   0.24803   0.24559   0.24302   0.24031   0.23748   0.23451   0.23141   0.22818   0.22482   0.22133   0.21772   0.21398   0.21012   0.20614   0.20203   0.19781   0.19346   0.18900   0.18442   0.17973   0.17492   0.17000   0.16497   0.15982   0.15457   0.14921   0.14374   0.13816   0.13248   0.12669   0.12080   0.11480   0.10871   0.10251   0.09621   0.08982   0.08332   0.07673   0.07004   0.06325   0.05637   0.04939   0.04232   0.03516   0.02790   0.02056   0.01312   0.00559  -0.00203  -0.00974  -0.01753  -0.02541  -0.03338  -0.04144  -0.04958  -0.05781  -0.06612  -0.07451  -0.08299  -0.09155  -0.10020  -0.10892  -0.11773  -0.12662  -0.13558  -0.14463  -0.15376  -0.16296  -0.17224  -0.18160  -0.19104  -0.20055  -0.21014  -0.21981  -0.22955  -0.23937  -0.24926  -0.25922  -0.26926  -0.27937  -0.28955  -0.29980  -0.31013  -0.32053  -0.33100  -0.34154  -0.35214  -0.36282  -0.37357  -0.38439  -0.39527  -0.40623  -0.41725  -0.42834  -0.43949  -0.45072  -0.46200  -0.47336  -0.48478  -0.49626  -0.50781  -0.51943  -0.53111  -0.54285  -0.55466  -0.56653  -0.57846  -0.59046  -0.60251  -0.61463  -0.62681  -0.63906  -0.65136  -0.66372  -0.67615  -0.68863  -0.70117  -0.71378  -0.72644  -0.73916  -0.75194  -0.76478  -0.77768  -0.79063  -0.80364  -0.81671  -0.82984  -0.84302  -0.85626  -0.86955  -0.88291  -0.89631  -0.90977  -0.92329  -0.93686  -0.95049  -0.96417  -0.97790  -0.99169  -1.00554  -1.01943  -1.03338  -1.04738  -1.06143  -1.07554  -1.08970  -1.10391  -1.11817  -1.13249  -1.14685  -1.16127  -1.17573  -1.19025  -1.20482  -1.21944  -1.23411  -1.24882  -1.26359  -1.27841  -1.29327  -1.30819  -1.32315  -1.33816  -1.35322  -1.36833  -1.38348  -1.39869  -1.41394  -1.42924  -1.44458  -1.45997  -1.47541  -1.49090
 125.54742    0.27064   0.27064   0.27064   0.27063   0.27063   0.27061   0.27057   0.27050   0.27038   0.27021   0.26997   0.26964   0.26923   0.26871   0.26809   0.26736   0.26651   0.26554   0.26444   0.26322   0.26186   0.26037   0.25875   0.25699   0.25509   0.25306   0.25089   0.24859   0.24615   0.24358   0.24088   0.23804   0.23507   0.23197   0.22873   0.22537   0.22189   0.21827   0.21453   0.21067   0.20669   0.20258   0.19835   0.19401   0.18954   0.18496   0.18027   0.17546   0.17053   0.16550   0.16035   0.15509   0.14973   0.14426   0.13868   0.13299   0.12720   0.12130   0.11531   0.10921   0.10301   0.09671   0.09031   0.08381   0.07721   0.07052   0.06373   0.05684   0.04986   0.04279   0.03562   0.02836   0.02101   0.01357   0.00604  -0.00158  -0.00929  -0.01709  -0.02498  -0.03295  -0.04101  -0.04916  -0.05739  -0.06570  -0.07410  -0.08258  -0.09115  -0.09980  -0.10853  -0.11734  -0.12623  -0.13520  -0.14425  -0.15338  -0.16259  -0.17187  -0.18124  -0.19068  -0.20020  -0.20979  -0.21946  -0.22920  -0.23902  -0.24892  -0.25889  -0.26893  -0.27904  -0.28923  -0.29949  -0.30982  -0.32022  -0.33069  -0.34123  -0.35185  -0.36253  -0.37328  -0.38410  -0.39499  -0.40595  -0.41698  -0.42807  -0.43923  -0.45046  -0.46175  -0.47311  -0.48453  -0.49602  -0.50758  -0.51920  -0.53088  -0.54263  -0.55444  -0.56631  -0.57825  -0.59025  -0.60231  -0.61444  -0.62662  -0.63887  -0.65117  -0.66354  -0.67597  -0.68846  -0.70101  -0.71362  -0.72628  -0.73901  -0.75179  -0.76464  -0.77754  -0.79050  -0.80351  -0.81659  -0.82972  -0.84290  -0.85615  -0.86945  -0.88280  -0.89621  -0.90968  -0.92320  -0.93678  -0.95041  -0.96409  -0.97783  -0.99163  -1.00547  -1.01937  -1.03333  -1.04733  -1.06139  -1.07550  -1.08967  -1.10388  -1.11815  -1.13247  -1.14684  -1.16126  -1.17573  -1.19025  -1.20482  -1.21945  -1.23412  -1.24884  -1.26361  -1.27843  -1.29330  -1.30822  -1.32319  -1.33821  -1.35327  -1.36838  -1.38354  -1.39875  -1.41401  -1.42931  -1.44466  -1.46006  -1.47550  -1.49099
 125.66293    0.27124   0.27124   0.27124   0.27124   0.27123   0.27122   0.27118   0.27111   0.27099   0.27082   0.27058   0.27025   0.26984   0.26933   0.26871   0.26798   0.26713   0.26616   0.26506   0.26383   0.26248   0.26099   0.25936   0.25761   0.25571   0.25368   0.25151   0.24921   0.24677   0.24420   0.24149   0.23865   0.23568   0.23258   0.22934   0.22598   0.22249   0.21888   0.21514   0.21127   0.20729   0.20318   0.19895   0.19460   0.19013   0.18555   0.18085   0.17604   0.17111   0.16607   0.16093   0.15567   0.15030   0.14482   0.13924   0.13355   0.12776   0.12186   0.11586   0.10976   0.10355   0.09725   0.09085   0.08434   0.07774   0.07105   0.06425   0.05736   0.05038   0.04330   0.03613   0.02887   0.02152   0.01407   0.00654  -0.00109  -0.00880  -0.01660  -0.02449  -0.03247  -0.04053  -0.04868  -0.05692  -0.06524  -0.07364  -0.08213  -0.09069  -0.09935  -0.10808  -0.11689  -0.12579  -0.13476  -0.14382  -0.15295  -0.16216  -0.17145  -0.18082  -0.19027  -0.19979  -0.20939  -0.21906  -0.22881  -0.23863  -0.24853  -0.25850  -0.26855  -0.27867  -0.28886  -0.29912  -0.30946  -0.31986  -0.33034  -0.34089  -0.35150  -0.36219  -0.37295  -0.38377  -0.39467  -0.40563  -0.41666  -0.42776  -0.43892  -0.45015  -0.46145  -0.47281  -0.48424  -0.49574  -0.50730  -0.51892  -0.53061  -0.54236  -0.55417  -0.56605  -0.57799  -0.59000  -0.60206  -0.61419  -0.62638  -0.63863  -0.65094  -0.66332  -0.67575  -0.68824  -0.70080  -0.71341  -0.72608  -0.73881  -0.75160  -0.76445  -0.77735  -0.79032  -0.80334  -0.81641  -0.82955  -0.84274  -0.85599  -0.86929  -0.88265  -0.89607  -0.90954  -0.92307  -0.93665  -0.95028  -0.96397  -0.97772  -0.99151  -1.00537  -1.01927  -1.03323  -1.04724  -1.06130  -1.07542  -1.08959  -1.10381  -1.11808  -1.13240  -1.14678  -1.16120  -1.17568  -1.19020  -1.20478  -1.21941  -1.23409  -1.24881  -1.26359  -1.27841  -1.29329  -1.30821  -1.32319  -1.33821  -1.35328  -1.36839  -1.38356  -1.39877  -1.41403  -1.42934  -1.44469  -1.46009  -1.47554  -1.49104
 125.77843    0.27190   0.27190   0.27190   0.27190   0.27189   0.27187   0.27183   0.27176   0.27165   0.27148   0.27124   0.27091   0.27050   0.26999   0.26937   0.26864   0.26779   0.26682   0.26573   0.26450   0.26315   0.26166   0.26003   0.25827   0.25638   0.25435   0.25218   0.24988   0.24744   0.24487   0.24216   0.23932   0.23634   0.23324   0.23001   0.22664   0.22315   0.21953   0.21579   0.21192   0.20794   0.20382   0.19959   0.19524   0.19077   0.18619   0.18149   0.17667   0.17174   0.16670   0.16155   0.15629   0.15092   0.14544   0.13985   0.13416   0.12837   0.12246   0.11646   0.11036   0.10415   0.09784   0.09143   0.08493   0.07833   0.07162   0.06483   0.05794   0.05095   0.04387   0.03670   0.02943   0.02207   0.01462   0.00708  -0.00054  -0.00826  -0.01607  -0.02396  -0.03194  -0.04001  -0.04816  -0.05640  -0.06472  -0.07313  -0.08162  -0.09019  -0.09885  -0.10759  -0.11640  -0.12530  -0.13428  -0.14334  -0.15248  -0.16169  -0.17099  -0.18036  -0.18981  -0.19934  -0.20894  -0.21862  -0.22837  -0.23820  -0.24810  -0.25808  -0.26812  -0.27825  -0.28844  -0.29871  -0.30905  -0.31946  -0.32994  -0.34049  -0.35111  -0.36181  -0.37257  -0.38340  -0.39429  -0.40526  -0.41630  -0.42740  -0.43857  -0.44980  -0.46110  -0.47247  -0.48390  -0.49540  -0.50697  -0.51859  -0.53029  -0.54204  -0.55386  -0.56574  -0.57769  -0.58970  -0.60177  -0.61390  -0.62610  -0.63835  -0.65067  -0.66305  -0.67548  -0.68798  -0.70054  -0.71316  -0.72583  -0.73857  -0.75136  -0.76421  -0.77712  -0.79009  -0.80312  -0.81620  -0.82934  -0.84253  -0.85579  -0.86910  -0.88246  -0.89588  -0.90936  -0.92289  -0.93647  -0.95011  -0.96381  -0.97756  -0.99136  -1.00521  -1.01912  -1.03309  -1.04710  -1.06117  -1.07529  -1.08946  -1.10369  -1.11796  -1.13229  -1.14667  -1.16110  -1.17558  -1.19011  -1.20469  -1.21933  -1.23401  -1.24874  -1.26352  -1.27835  -1.29323  -1.30816  -1.32314  -1.33816  -1.35324  -1.36836  -1.38353  -1.39875  -1.41401  -1.42932  -1.44468  -1.46009  -1.47554  -1.49104
 125.89394    0.27261   0.27261   0.27261   0.27261   0.27260   0.27258   0.27254   0.27247   0.27236   0.27219   0.27195   0.27163   0.27121   0.27070   0.27009   0.26936   0.26851   0.26754   0.26645   0.26522   0.26387   0.26238   0.26075   0.25900   0.25710   0.25507   0.25290   0.25060   0.24816   0.24558   0.24287   0.24003   0.23706   0.23395   0.23072   0.22735   0.22386   0.22024   0.21650   0.21263   0.20864   0.20452   0.20029   0.19594   0.19146   0.18688   0.18217   0.17736   0.17242   0.16738   0.16223   0.15696   0.15159   0.14611   0.14052   0.13482   0.12902   0.12312   0.11711   0.11100   0.10479   0.09848   0.09207   0.08556   0.07896   0.07225   0.06545   0.05856   0.05157   0.04448   0.03731   0.03004   0.02267   0.01522   0.00768   0.00005  -0.00767  -0.01548  -0.02338  -0.03137  -0.03944  -0.04759  -0.05584  -0.06416  -0.07257  -0.08107  -0.08964  -0.09830  -0.10704  -0.11587  -0.12477  -0.13375  -0.14281  -0.15196  -0.16118  -0.17048  -0.17985  -0.18931  -0.19884  -0.20844  -0.21812  -0.22788  -0.23771  -0.24762  -0.25760  -0.26765  -0.27778  -0.28798  -0.29825  -0.30859  -0.31901  -0.32949  -0.34005  -0.35068  -0.36137  -0.37214  -0.38297  -0.39387  -0.40485  -0.41588  -0.42699  -0.43816  -0.44940  -0.46071  -0.47208  -0.48352  -0.49502  -0.50659  -0.51822  -0.52992  -0.54168  -0.55350  -0.56539  -0.57734  -0.58935  -0.60143  -0.61357  -0.62577  -0.63803  -0.65035  -0.66273  -0.67517  -0.68767  -0.70024  -0.71286  -0.72554  -0.73828  -0.75108  -0.76393  -0.77685  -0.78982  -0.80285  -0.81594  -0.82908  -0.84228  -0.85554  -0.86885  -0.88222  -0.89565  -0.90913  -0.92266  -0.93625  -0.94990  -0.96360  -0.97735  -0.99116  -1.00502  -1.01893  -1.03290  -1.04692  -1.06099  -1.07512  -1.08929  -1.10352  -1.11780  -1.13214  -1.14652  -1.16096  -1.17544  -1.18998  -1.20456  -1.21920  -1.23389  -1.24862  -1.26341  -1.27825  -1.29313  -1.30806  -1.32305  -1.33808  -1.35315  -1.36828  -1.38346  -1.39868  -1.41395  -1.42927  -1.44463  -1.46004  -1.47550  -1.49100
 126.00944    0.27337   0.27337   0.27337   0.27337   0.27336   0.27334   0.27330   0.27324   0.27312   0.27295   0.27271   0.27239   0.27198   0.27147   0.27085   0.27013   0.26928   0.26831   0.26722   0.26599   0.26464   0.26315   0.26153   0.25977   0.25787   0.25584   0.25367   0.25137   0.24893   0.24635   0.24364   0.24080   0.23782   0.23471   0.23148   0.22811   0.22462   0.22100   0.21725   0.21338   0.20939   0.20527   0.20103   0.19668   0.19221   0.18762   0.18291   0.17809   0.17315   0.16811   0.16295   0.15768   0.15231   0.14682   0.14123   0.13553   0.12973   0.12382   0.11781   0.11170   0.10549   0.09917   0.09276   0.08625   0.07964   0.07293   0.06613   0.05923   0.05223   0.04515   0.03796   0.03069   0.02333   0.01587   0.00832   0.00069  -0.00704  -0.01485  -0.02275  -0.03074  -0.03882  -0.04698  -0.05522  -0.06355  -0.07197  -0.08047  -0.08905  -0.09771  -0.10645  -0.11528  -0.12419  -0.13318  -0.14224  -0.15139  -0.16061  -0.16992  -0.17930  -0.18875  -0.19829  -0.20790  -0.21758  -0.22735  -0.23718  -0.24709  -0.25708  -0.26713  -0.27727  -0.28747  -0.29775  -0.30809  -0.31851  -0.32900  -0.33956  -0.35019  -0.36089  -0.37166  -0.38250  -0.39341  -0.40438  -0.41543  -0.42654  -0.43771  -0.44896  -0.46027  -0.47165  -0.48309  -0.49460  -0.50617  -0.51781  -0.52951  -0.54127  -0.55310  -0.56499  -0.57695  -0.58896  -0.60104  -0.61319  -0.62539  -0.63765  -0.64998  -0.66237  -0.67481  -0.68732  -0.69989  -0.71251  -0.72520  -0.73794  -0.75075  -0.76361  -0.77653  -0.78950  -0.80254  -0.81563  -0.82878  -0.84198  -0.85525  -0.86856  -0.88194  -0.89537  -0.90885  -0.92239  -0.93599  -0.94964  -0.96334  -0.97710  -0.99091  -1.00478  -1.01870  -1.03267  -1.04669  -1.06077  -1.07490  -1.08908  -1.10332  -1.11760  -1.13194  -1.14633  -1.16077  -1.17526  -1.18980  -1.20439  -1.21903  -1.23372  -1.24847  -1.26326  -1.27810  -1.29299  -1.30792  -1.32291  -1.33795  -1.35303  -1.36816  -1.38334  -1.39857  -1.41384  -1.42916  -1.44453  -1.45995  -1.47541  -1.49092
 126.12495    0.27418   0.27418   0.27418   0.27418   0.27417   0.27415   0.27412   0.27405   0.27393   0.27376   0.27352   0.27321   0.27280   0.27229   0.27167   0.27094   0.27010   0.26913   0.26804   0.26681   0.26546   0.26397   0.26235   0.26059   0.25869   0.25666   0.25449   0.25219   0.24974   0.24717   0.24446   0.24161   0.23864   0.23553   0.23229   0.22892   0.22542   0.22180   0.21805   0.21418   0.21018   0.20607   0.20183   0.19747   0.19300   0.18840   0.18369   0.17887   0.17393   0.16888   0.16372   0.15845   0.15307   0.14759   0.14199   0.13629   0.13048   0.12457   0.11856   0.11245   0.10623   0.09991   0.09349   0.08698   0.08036   0.07365   0.06685   0.05994   0.05295   0.04586   0.03867   0.03139   0.02403   0.01657   0.00902   0.00138  -0.00635  -0.01417  -0.02208  -0.03007  -0.03815  -0.04631  -0.05456  -0.06290  -0.07131  -0.07982  -0.08840  -0.09707  -0.10582  -0.11465  -0.12356  -0.13255  -0.14162  -0.15077  -0.16000  -0.16931  -0.17869  -0.18815  -0.19769  -0.20731  -0.21700  -0.22676  -0.23660  -0.24652  -0.25651  -0.26657  -0.27671  -0.28691  -0.29719  -0.30755  -0.31797  -0.32846  -0.33903  -0.34966  -0.36037  -0.37114  -0.38198  -0.39290  -0.40388  -0.41492  -0.42604  -0.43722  -0.44847  -0.45978  -0.47117  -0.48261  -0.49412  -0.50570  -0.51734  -0.52905  -0.54082  -0.55265  -0.56455  -0.57651  -0.58853  -0.60061  -0.61276  -0.62497  -0.63724  -0.64957  -0.66196  -0.67441  -0.68692  -0.69949  -0.71212  -0.72481  -0.73756  -0.75037  -0.76324  -0.77616  -0.78914  -0.80218  -0.81528  -0.82843  -0.84164  -0.85491  -0.86823  -0.88161  -0.89505  -0.90854  -0.92208  -0.93568  -0.94933  -0.96304  -0.97681  -0.99062  -1.00449  -1.01842  -1.03239  -1.04642  -1.06051  -1.07464  -1.08883  -1.10307  -1.11736  -1.13170  -1.14609  -1.16054  -1.17503  -1.18958  -1.20417  -1.21882  -1.23352  -1.24826  -1.26306  -1.27790  -1.29280  -1.30774  -1.32273  -1.33777  -1.35286  -1.36800  -1.38318  -1.39841  -1.41369  -1.42902  -1.44439  -1.45982  -1.47528  -1.49080
 126.24045    0.27504   0.27504   0.27504   0.27504   0.27503   0.27501   0.27498   0.27491   0.27480   0.27463   0.27439   0.27407   0.27366   0.27315   0.27254   0.27181   0.27097   0.27000   0.26891   0.26769   0.26633   0.26484   0.26322   0.26146   0.25956   0.25753   0.25536   0.25306   0.25061   0.24804   0.24532   0.24248   0.23950   0.23639   0.23315   0.22978   0.22628   0.22266   0.21891   0.21503   0.21103   0.20691   0.20267   0.19831   0.19383   0.18924   0.18453   0.17970   0.17476   0.16971   0.16455   0.15927   0.15389   0.14840   0.14280   0.13710   0.13129   0.12538   0.11936   0.11324   0.10702   0.10070   0.09428   0.08776   0.08114   0.07443   0.06762   0.06071   0.05371   0.04661   0.03943   0.03215   0.02477   0.01731   0.00975   0.00211  -0.00562  -0.01344  -0.02135  -0.02935  -0.03743  -0.04560  -0.05385  -0.06219  -0.07061  -0.07912  -0.08771  -0.09638  -0.10513  -0.11397  -0.12288  -0.13188  -0.14095  -0.15011  -0.15934  -0.16865  -0.17804  -0.18751  -0.19705  -0.20667  -0.21636  -0.22613  -0.23598  -0.24590  -0.25589  -0.26596  -0.27610  -0.28631  -0.29660  -0.30695  -0.31738  -0.32788  -0.33845  -0.34909  -0.35980  -0.37057  -0.38142  -0.39234  -0.40332  -0.41437  -0.42549  -0.43668  -0.44793  -0.45925  -0.47064  -0.48209  -0.49361  -0.50519  -0.51683  -0.52855  -0.54032  -0.55216  -0.56406  -0.57602  -0.58805  -0.60014  -0.61229  -0.62450  -0.63678  -0.64911  -0.66151  -0.67396  -0.68648  -0.69905  -0.71169  -0.72439  -0.73714  -0.74995  -0.76282  -0.77575  -0.78874  -0.80178  -0.81488  -0.82804  -0.84126  -0.85453  -0.86786  -0.88124  -0.89468  -0.90817  -0.92172  -0.93533  -0.94899  -0.96270  -0.97647  -0.99029  -1.00416  -1.01809  -1.03207  -1.04611  -1.06020  -1.07434  -1.08853  -1.10277  -1.11707  -1.13141  -1.14581  -1.16026  -1.17476  -1.18931  -1.20391  -1.21857  -1.23327  -1.24802  -1.26282  -1.27767  -1.29257  -1.30751  -1.32251  -1.33756  -1.35265  -1.36779  -1.38298  -1.39822  -1.41350  -1.42883  -1.44421  -1.45964  -1.47511  -1.49063
 126.35595    0.27595   0.27595   0.27595   0.27595   0.27594   0.27593   0.27589   0.27582   0.27571   0.27554   0.27530   0.27499   0.27458   0.27407   0.27346   0.27273   0.27189   0.27092   0.26983   0.26861   0.26725   0.26576   0.26414   0.26238   0.26049   0.25845   0.25628   0.25397   0.25153   0.24895   0.24624   0.24339   0.24041   0.23730   0.23406   0.23069   0.22719   0.22356   0.21981   0.21593   0.21193   0.20781   0.20357   0.19920   0.19472   0.19012   0.18541   0.18058   0.17564   0.17058   0.16542   0.16014   0.15476   0.14926   0.14366   0.13795   0.13214   0.12622   0.12020   0.11408   0.10786   0.10153   0.09511   0.08859   0.08197   0.07525   0.06843   0.06152   0.05452   0.04742   0.04023   0.03294   0.02557   0.01810   0.01054   0.00289  -0.00484  -0.01267  -0.02058  -0.02858  -0.03667  -0.04484  -0.05310  -0.06144  -0.06987  -0.07838  -0.08697  -0.09565  -0.10440  -0.11324  -0.12216  -0.13116  -0.14024  -0.14940  -0.15864  -0.16795  -0.17735  -0.18682  -0.19636  -0.20599  -0.21569  -0.22546  -0.23531  -0.24523  -0.25523  -0.26530  -0.27545  -0.28566  -0.29595  -0.30631  -0.31674  -0.32725  -0.33782  -0.34846  -0.35918  -0.36996  -0.38081  -0.39173  -0.40272  -0.41378  -0.42490  -0.43609  -0.44735  -0.45868  -0.47007  -0.48152  -0.49304  -0.50463  -0.51628  -0.52800  -0.53978  -0.55162  -0.56352  -0.57549  -0.58752  -0.59962  -0.61177  -0.62399  -0.63627  -0.64861  -0.66101  -0.67347  -0.68599  -0.69857  -0.71121  -0.72391  -0.73667  -0.74949  -0.76236  -0.77530  -0.78829  -0.80134  -0.81444  -0.82761  -0.84083  -0.85410  -0.86744  -0.88082  -0.89427  -0.90777  -0.92132  -0.93493  -0.94859  -0.96231  -0.97609  -0.98991  -1.00379  -1.01773  -1.03171  -1.04575  -1.05984  -1.07399  -1.08818  -1.10243  -1.11673  -1.13109  -1.14549  -1.15994  -1.17445  -1.18900  -1.20361  -1.21827  -1.23297  -1.24773  -1.26253  -1.27739  -1.29229  -1.30725  -1.32225  -1.33730  -1.35240  -1.36754  -1.38274  -1.39798  -1.41327  -1.42861  -1.44399  -1.45942  -1.47490  -1.49042
 126.47146    0.27692   0.27692   0.27691   0.27691   0.27690   0.27689   0.27685   0.27679   0.27667   0.27651   0.27627   0.27595   0.27554   0.27504   0.27443   0.27370   0.27286   0.27189   0.27080   0.26958   0.26822   0.26674   0.26511   0.26335   0.26146   0.25942   0.25725   0.25494   0.25250   0.24992   0.24721   0.24436   0.24138   0.23826   0.23502   0.23165   0.22814   0.22451   0.22076   0.21688   0.21288   0.20875   0.20451   0.20014   0.19566   0.19106   0.18634   0.18151   0.17656   0.17151   0.16634   0.16106   0.15567   0.15017   0.14457   0.13886   0.13304   0.12712   0.12110   0.11497   0.10874   0.10242   0.09599   0.08946   0.08284   0.07612   0.06930   0.06238   0.05538   0.04827   0.04108   0.03379   0.02641   0.01894   0.01138   0.00372  -0.00402  -0.01185  -0.01976  -0.02777  -0.03586  -0.04403  -0.05230  -0.06064  -0.06907  -0.07759  -0.08619  -0.09486  -0.10363  -0.11247  -0.12139  -0.13040  -0.13948  -0.14864  -0.15789  -0.16720  -0.17660  -0.18608  -0.19563  -0.20526  -0.21496  -0.22474  -0.23459  -0.24452  -0.25452  -0.26460  -0.27475  -0.28497  -0.29526  -0.30563  -0.31606  -0.32657  -0.33715  -0.34780  -0.35852  -0.36930  -0.38016  -0.39109  -0.40208  -0.41314  -0.42427  -0.43546  -0.44673  -0.45806  -0.46945  -0.48091  -0.49244  -0.50403  -0.51568  -0.52740  -0.53919  -0.55103  -0.56294  -0.57492  -0.58695  -0.59905  -0.61121  -0.62344  -0.63572  -0.64806  -0.66047  -0.67293  -0.68546  -0.69805  -0.71069  -0.72339  -0.73616  -0.74898  -0.76186  -0.77480  -0.78779  -0.80085  -0.81396  -0.82713  -0.84035  -0.85363  -0.86697  -0.88036  -0.89381  -0.90732  -0.92088  -0.93449  -0.94816  -0.96188  -0.97566  -0.98949  -1.00338  -1.01732  -1.03131  -1.04535  -1.05945  -1.07360  -1.08780  -1.10205  -1.11636  -1.13071  -1.14512  -1.15958  -1.17409  -1.18865  -1.20326  -1.21793  -1.23264  -1.24740  -1.26221  -1.27707  -1.29198  -1.30693  -1.32194  -1.33700  -1.35210  -1.36725  -1.38245  -1.39770  -1.41299  -1.42833  -1.44372  -1.45916  -1.47464  -1.49017
 126.58696    0.27793   0.27793   0.27793   0.27792   0.27792   0.27790   0.27786   0.27780   0.27769   0.27752   0.27728   0.27697   0.27656   0.27606   0.27545   0.27472   0.27388   0.27291   0.27182   0.27060   0.26925   0.26776   0.26613   0.26437   0.26248   0.26044   0.25827   0.25596   0.25352   0.25094   0.24822   0.24537   0.24239   0.23927   0.23603   0.23265   0.22915   0.22552   0.22176   0.21788   0.21387   0.20975   0.20550   0.20113   0.19664   0.19204   0.18732   0.18249   0.17754   0.17248   0.16730   0.16202   0.15663   0.15113   0.14552   0.13981   0.13399   0.12807   0.12204   0.11591   0.10968   0.10335   0.09692   0.09039   0.08376   0.07703   0.07021   0.06329   0.05628   0.04917   0.04198   0.03468   0.02730   0.01982   0.01226   0.00460  -0.00314  -0.01098  -0.01890  -0.02691  -0.03500  -0.04318  -0.05145  -0.05980  -0.06823  -0.07675  -0.08535  -0.09404  -0.10280  -0.11165  -0.12058  -0.12959  -0.13867  -0.14784  -0.15709  -0.16641  -0.17581  -0.18529  -0.19485  -0.20448  -0.21419  -0.22397  -0.23383  -0.24376  -0.25377  -0.26385  -0.27400  -0.28423  -0.29453  -0.30490  -0.31534  -0.32585  -0.33643  -0.34708  -0.35781  -0.36860  -0.37946  -0.39039  -0.40139  -0.41245  -0.42359  -0.43479  -0.44606  -0.45739  -0.46879  -0.48025  -0.49178  -0.50338  -0.51504  -0.52677  -0.53855  -0.55041  -0.56232  -0.57430  -0.58634  -0.59844  -0.61061  -0.62284  -0.63512  -0.64747  -0.65988  -0.67235  -0.68488  -0.69747  -0.71012  -0.72283  -0.73560  -0.74843  -0.76131  -0.77426  -0.78726  -0.80032  -0.81343  -0.82661  -0.83983  -0.85312  -0.86646  -0.87986  -0.89331  -0.90682  -0.92039  -0.93401  -0.94768  -0.96141  -0.97519  -0.98903  -1.00292  -1.01686  -1.03086  -1.04491  -1.05901  -1.07316  -1.08737  -1.10163  -1.11594  -1.13030  -1.14471  -1.15918  -1.17369  -1.18826  -1.20288  -1.21754  -1.23226  -1.24702  -1.26184  -1.27670  -1.29162  -1.30658  -1.32159  -1.33665  -1.35176  -1.36692  -1.38212  -1.39737  -1.41267  -1.42802  -1.44341  -1.45886  -1.47434  -1.48988
 126.70247    0.27899   0.27899   0.27899   0.27899   0.27898   0.27896   0.27893   0.27886   0.27875   0.27858   0.27835   0.27803   0.27763   0.27712   0.27651   0.27579   0.27495   0.27398   0.27289   0.27167   0.27032   0.26883   0.26720   0.26544   0.26355   0.26151   0.25934   0.25703   0.25458   0.25200   0.24928   0.24643   0.24345   0.24033   0.23708   0.23371   0.23020   0.22657   0.22281   0.21892   0.21492   0.21079   0.20654   0.20217   0.19768   0.19307   0.18835   0.18351   0.17856   0.17350   0.16832   0.16303   0.15764   0.15213   0.14652   0.14081   0.13498   0.12906   0.12303   0.11689   0.11066   0.10432   0.09789   0.09136   0.08472   0.07800   0.07117   0.06425   0.05723   0.05012   0.04292   0.03562   0.02823   0.02076   0.01319   0.00553  -0.00222  -0.01006  -0.01799  -0.02600  -0.03410  -0.04228  -0.05055  -0.05891  -0.06735  -0.07587  -0.08447  -0.09316  -0.10193  -0.11078  -0.11972  -0.12873  -0.13782  -0.14699  -0.15624  -0.16557  -0.17498  -0.18446  -0.19402  -0.20366  -0.21337  -0.22316  -0.23302  -0.24296  -0.25297  -0.26305  -0.27321  -0.28344  -0.29374  -0.30412  -0.31457  -0.32508  -0.33567  -0.34633  -0.35705  -0.36785  -0.37872  -0.38965  -0.40065  -0.41172  -0.42286  -0.43407  -0.44534  -0.45668  -0.46808  -0.47955  -0.49109  -0.50269  -0.51435  -0.52608  -0.53788  -0.54973  -0.56165  -0.57364  -0.58568  -0.59779  -0.60996  -0.62219  -0.63448  -0.64684  -0.65925  -0.67173  -0.68426  -0.69686  -0.70951  -0.72223  -0.73500  -0.74783  -0.76072  -0.77367  -0.78668  -0.79974  -0.81286  -0.82604  -0.83927  -0.85256  -0.86591  -0.87931  -0.89277  -0.90629  -0.91986  -0.93348  -0.94716  -0.96089  -0.97468  -0.98852  -1.00242  -1.01637  -1.03037  -1.04442  -1.05853  -1.07269  -1.08690  -1.10116  -1.11548  -1.12984  -1.14426  -1.15873  -1.17325  -1.18782  -1.20244  -1.21712  -1.23184  -1.24661  -1.26143  -1.27630  -1.29122  -1.30619  -1.32120  -1.33627  -1.35138  -1.36654  -1.38175  -1.39701  -1.41231  -1.42767  -1.44306  -1.45851  -1.47400  -1.48954
 126.81797    0.28010   0.28010   0.28010   0.28010   0.28009   0.28007   0.28004   0.27997   0.27986   0.27970   0.27946   0.27915   0.27874   0.27824   0.27763   0.27691   0.27607   0.27510   0.27401   0.27279   0.27144   0.26995   0.26832   0.26656   0.26466   0.26263   0.26045   0.25814   0.25570   0.25311   0.25039   0.24754   0.24456   0.24144   0.23819   0.23481   0.23130   0.22767   0.22390   0.22002   0.21601   0.21188   0.20762   0.20325   0.19876   0.19415   0.18942   0.18458   0.17963   0.17456   0.16938   0.16409   0.15869   0.15319   0.14757   0.14185   0.13603   0.13010   0.12406   0.11793   0.11169   0.10535   0.09891   0.09237   0.08574   0.07901   0.07218   0.06525   0.05823   0.05112   0.04391   0.03661   0.02922   0.02173   0.01416   0.00650  -0.00126  -0.00910  -0.01703  -0.02504  -0.03315  -0.04134  -0.04961  -0.05797  -0.06641  -0.07494  -0.08355  -0.09224  -0.10102  -0.10987  -0.11881  -0.12783  -0.13692  -0.14610  -0.15535  -0.16469  -0.17410  -0.18359  -0.19315  -0.20279  -0.21251  -0.22230  -0.23217  -0.24211  -0.25213  -0.26221  -0.27238  -0.28261  -0.29292  -0.30330  -0.31375  -0.32427  -0.33486  -0.34552  -0.35626  -0.36706  -0.37793  -0.38887  -0.39988  -0.41095  -0.42209  -0.43330  -0.44458  -0.45592  -0.46733  -0.47881  -0.49035  -0.50195  -0.51362  -0.52536  -0.53715  -0.54902  -0.56094  -0.57293  -0.58498  -0.59709  -0.60927  -0.62150  -0.63380  -0.64616  -0.65858  -0.67106  -0.68360  -0.69620  -0.70886  -0.72158  -0.73436  -0.74719  -0.76009  -0.77304  -0.78605  -0.79912  -0.81225  -0.82543  -0.83867  -0.85197  -0.86532  -0.87873  -0.89219  -0.90571  -0.91928  -0.93291  -0.94660  -0.96033  -0.97413  -0.98797  -1.00187  -1.01583  -1.02983  -1.04389  -1.05800  -1.07217  -1.08638  -1.10065  -1.11497  -1.12935  -1.14377  -1.15824  -1.17277  -1.18734  -1.20197  -1.21665  -1.23137  -1.24615  -1.26098  -1.27585  -1.29077  -1.30575  -1.32077  -1.33584  -1.35096  -1.36613  -1.38134  -1.39660  -1.41191  -1.42727  -1.44267  -1.45812  -1.47362  -1.48917
 126.93348    0.28126   0.28126   0.28126   0.28126   0.28125   0.28123   0.28120   0.28113   0.28102   0.28086   0.28062   0.28031   0.27991   0.27940   0.27880   0.27807   0.27723   0.27627   0.27518   0.27396   0.27260   0.27111   0.26949   0.26773   0.26583   0.26379   0.26162   0.25931   0.25686   0.25427   0.25155   0.24870   0.24571   0.24259   0.23934   0.23596   0.23245   0.22881   0.22505   0.22116   0.21715   0.21301   0.20876   0.20438   0.19989   0.19527   0.19055   0.18570   0.18074   0.17567   0.17049   0.16520   0.15980   0.15429   0.14867   0.14295   0.13712   0.13118   0.12515   0.11901   0.11276   0.10642   0.09998   0.09344   0.08680   0.08006   0.07323   0.06630   0.05928   0.05216   0.04495   0.03764   0.03025   0.02276   0.01518   0.00751  -0.00024  -0.00809  -0.01602  -0.02404  -0.03215  -0.04035  -0.04862  -0.05699  -0.06544  -0.07397  -0.08258  -0.09128  -0.10006  -0.10892  -0.11786  -0.12688  -0.13598  -0.14516  -0.15442  -0.16376  -0.17317  -0.18267  -0.19223  -0.20188  -0.21160  -0.22140  -0.23127  -0.24122  -0.25124  -0.26133  -0.27150  -0.28174  -0.29205  -0.30243  -0.31289  -0.32341  -0.33401  -0.34468  -0.35541  -0.36622  -0.37710  -0.38804  -0.39905  -0.41013  -0.42128  -0.43249  -0.44378  -0.45512  -0.46654  -0.47802  -0.48956  -0.50117  -0.51285  -0.52459  -0.53639  -0.54825  -0.56018  -0.57218  -0.58423  -0.59635  -0.60853  -0.62077  -0.63307  -0.64544  -0.65786  -0.67035  -0.68289  -0.69550  -0.70816  -0.72089  -0.73367  -0.74651  -0.75941  -0.77237  -0.78539  -0.79846  -0.81159  -0.82478  -0.83802  -0.85132  -0.86468  -0.87809  -0.89156  -0.90509  -0.91867  -0.93230  -0.94599  -0.95973  -0.97353  -0.98738  -1.00129  -1.01524  -1.02926  -1.04332  -1.05744  -1.07161  -1.08583  -1.10010  -1.11443  -1.12881  -1.14323  -1.15771  -1.17224  -1.18682  -1.20146  -1.21614  -1.23087  -1.24565  -1.26048  -1.27536  -1.29029  -1.30527  -1.32030  -1.33537  -1.35049  -1.36567  -1.38089  -1.39615  -1.41147  -1.42683  -1.44224  -1.45770  -1.47320  -1.48875
 127.04898    0.28247   0.28247   0.28247   0.28246   0.28246   0.28244   0.28241   0.28234   0.28223   0.28207   0.28184   0.28152   0.28112   0.28062   0.28001   0.27929   0.27845   0.27748   0.27639   0.27517   0.27382   0.27233   0.27071   0.26894   0.26704   0.26501   0.26283   0.26052   0.25807   0.25548   0.25276   0.24991   0.24692   0.24380   0.24054   0.23716   0.23365   0.23001   0.22624   0.22235   0.21833   0.21420   0.20994   0.20556   0.20106   0.19645   0.19172   0.18687   0.18191   0.17683   0.17165   0.16635   0.16095   0.15544   0.14981   0.14409   0.13825   0.13232   0.12627   0.12013   0.11389   0.10754   0.10109   0.09455   0.08791   0.08116   0.07433   0.06739   0.06037   0.05324   0.04603   0.03872   0.03132   0.02383   0.01625   0.00858   0.00081  -0.00704  -0.01497  -0.02300  -0.03111  -0.03931  -0.04759  -0.05596  -0.06441  -0.07295  -0.08157  -0.09027  -0.09905  -0.10791  -0.11686  -0.12589  -0.13499  -0.14418  -0.15344  -0.16278  -0.17220  -0.18170  -0.19127  -0.20092  -0.21065  -0.22045  -0.23033  -0.24028  -0.25030  -0.26040  -0.27057  -0.28082  -0.29113  -0.30152  -0.31198  -0.32251  -0.33311  -0.34379  -0.35453  -0.36534  -0.37622  -0.38717  -0.39818  -0.40927  -0.42042  -0.43164  -0.44293  -0.45428  -0.46570  -0.47718  -0.48873  -0.50035  -0.51203  -0.52377  -0.53558  -0.54745  -0.55938  -0.57138  -0.58344  -0.59557  -0.60775  -0.62000  -0.63230  -0.64467  -0.65710  -0.66959  -0.68214  -0.69475  -0.70742  -0.72015  -0.73294  -0.74579  -0.75869  -0.77165  -0.78468  -0.79775  -0.81089  -0.82408  -0.83733  -0.85064  -0.86400  -0.87742  -0.89089  -0.90442  -0.91801  -0.93165  -0.94534  -0.95909  -0.97289  -0.98675  -1.00066  -1.01462  -1.02864  -1.04271  -1.05683  -1.07100  -1.08523  -1.09951  -1.11384  -1.12822  -1.14266  -1.15714  -1.17168  -1.18626  -1.20090  -1.21559  -1.23032  -1.24511  -1.25994  -1.27483  -1.28976  -1.30475  -1.31978  -1.33486  -1.34999  -1.36517  -1.38039  -1.39566  -1.41098  -1.42635  -1.44177  -1.45723  -1.47274  -1.48829
 127.16449    0.28373   0.28373   0.28372   0.28372   0.28372   0.28370   0.28367   0.28360   0.28349   0.28333   0.28310   0.28278   0.28238   0.28188   0.28127   0.28055   0.27971   0.27875   0.27766   0.27644   0.27508   0.27359   0.27197   0.27021   0.26831   0.26627   0.26409   0.26178   0.25933   0.25674   0.25402   0.25116   0.24817   0.24505   0.24179   0.23840   0.23489   0.23125   0.22748   0.22359   0.21957   0.21543   0.21117   0.20678   0.20228   0.19767   0.19293   0.18808   0.18312   0.17804   0.17285   0.16755   0.16215   0.15663   0.15100   0.14527   0.13944   0.13350   0.12745   0.12130   0.11505   0.10870   0.10225   0.09571   0.08906   0.08231   0.07547   0.06854   0.06150   0.05438   0.04716   0.03985   0.03244   0.02495   0.01736   0.00968   0.00192  -0.00594  -0.01388  -0.02191  -0.03002  -0.03823  -0.04651  -0.05488  -0.06334  -0.07188  -0.08050  -0.08921  -0.09800  -0.10687  -0.11582  -0.12485  -0.13396  -0.14315  -0.15242  -0.16176  -0.17119  -0.18069  -0.19027  -0.19992  -0.20965  -0.21946  -0.22934  -0.23929  -0.24932  -0.25943  -0.26960  -0.27985  -0.29017  -0.30057  -0.31103  -0.32157  -0.33217  -0.34285  -0.35360  -0.36441  -0.37530  -0.38625  -0.39727  -0.40836  -0.41952  -0.43074  -0.44203  -0.45339  -0.46482  -0.47631  -0.48786  -0.49948  -0.51116  -0.52291  -0.53473  -0.54660  -0.55854  -0.57054  -0.58261  -0.59474  -0.60693  -0.61918  -0.63149  -0.64386  -0.65630  -0.66879  -0.68135  -0.69396  -0.70664  -0.71937  -0.73217  -0.74502  -0.75793  -0.77090  -0.78392  -0.79701  -0.81015  -0.82334  -0.83660  -0.84991  -0.86328  -0.87670  -0.89018  -0.90371  -0.91730  -0.93095  -0.94465  -0.95840  -0.97221  -0.98607  -0.99999  -1.01395  -1.02798  -1.04205  -1.05618  -1.07036  -1.08459  -1.09887  -1.11321  -1.12760  -1.14204  -1.15653  -1.17107  -1.18566  -1.20030  -1.21499  -1.22973  -1.24453  -1.25937  -1.27426  -1.28920  -1.30419  -1.31922  -1.33431  -1.34944  -1.36463  -1.37986  -1.39513  -1.41046  -1.42583  -1.44125  -1.45672  -1.47223  -1.48779
 127.27999    0.28503   0.28503   0.28503   0.28503   0.28502   0.28501   0.28497   0.28491   0.28480   0.28464   0.28440   0.28409   0.28369   0.28319   0.28258   0.28186   0.28102   0.28006   0.27897   0.27775   0.27640   0.27491   0.27328   0.27152   0.26962   0.26758   0.26540   0.26309   0.26063   0.25805   0.25532   0.25246   0.24947   0.24634   0.24309   0.23970   0.23618   0.23254   0.22877   0.22487   0.22085   0.21671   0.21244   0.20806   0.20355   0.19893   0.19420   0.18934   0.18438   0.17930   0.17410   0.16880   0.16339   0.15787   0.15224   0.14651   0.14067   0.13472   0.12867   0.12252   0.11627   0.10991   0.10346   0.09691   0.09026   0.08351   0.07666   0.06972   0.06269   0.05556   0.04833   0.04102   0.03361   0.02611   0.01852   0.01084   0.00307  -0.00479  -0.01274  -0.02077  -0.02889  -0.03710  -0.04539  -0.05377  -0.06223  -0.07077  -0.07940  -0.08811  -0.09690  -0.10578  -0.11473  -0.12376  -0.13288  -0.14207  -0.15135  -0.16070  -0.17013  -0.17963  -0.18922  -0.19888  -0.20861  -0.21842  -0.22831  -0.23827  -0.24830  -0.25841  -0.26859  -0.27884  -0.28917  -0.29957  -0.31004  -0.32058  -0.33119  -0.34187  -0.35262  -0.36344  -0.37433  -0.38529  -0.39632  -0.40741  -0.41857  -0.42980  -0.44110  -0.45246  -0.46389  -0.47538  -0.48694  -0.49857  -0.51026  -0.52201  -0.53383  -0.54571  -0.55766  -0.56966  -0.58173  -0.59387  -0.60606  -0.61832  -0.63063  -0.64301  -0.65545  -0.66795  -0.68051  -0.69313  -0.70581  -0.71855  -0.73135  -0.74421  -0.75712  -0.77010  -0.78313  -0.79622  -0.80936  -0.82256  -0.83582  -0.84914  -0.86251  -0.87594  -0.88943  -0.90297  -0.91656  -0.93021  -0.94391  -0.95767  -0.97149  -0.98535  -0.99927  -1.01325  -1.02727  -1.04135  -1.05549  -1.06967  -1.08391  -1.09820  -1.11254  -1.12693  -1.14138  -1.15587  -1.17042  -1.18501  -1.19966  -1.21436  -1.22910  -1.24390  -1.25875  -1.27364  -1.28859  -1.30358  -1.31862  -1.33372  -1.34886  -1.36404  -1.37928  -1.39456  -1.40989  -1.42527  -1.44070  -1.45617  -1.47169  -1.48725
 127.39550    0.28639   0.28639   0.28638   0.28638   0.28638   0.28636   0.28633   0.28626   0.28615   0.28599   0.28576   0.28545   0.28505   0.28455   0.28394   0.28322   0.28238   0.28142   0.28033   0.27911   0.27776   0.27627   0.27464   0.27288   0.27098   0.26894   0.26676   0.26444   0.26199   0.25940   0.25667   0.25381   0.25082   0.24769   0.24443   0.24104   0.23752   0.23387   0.23010   0.22620   0.22218   0.21803   0.21376   0.20938   0.20487   0.20025   0.19551   0.19065   0.18568   0.18060   0.17540   0.17010   0.16468   0.15916   0.15352   0.14779   0.14194   0.13599   0.12994   0.12379   0.11753   0.11117   0.10471   0.09816   0.09150   0.08475   0.07790   0.07096   0.06392   0.05678   0.04955   0.04223   0.03482   0.02732   0.01972   0.01204   0.00426  -0.00360  -0.01155  -0.01959  -0.02771  -0.03592  -0.04422  -0.05260  -0.06107  -0.06962  -0.07825  -0.08696  -0.09576  -0.10464  -0.11360  -0.12264  -0.13176  -0.14095  -0.15023  -0.15959  -0.16902  -0.17853  -0.18812  -0.19778  -0.20752  -0.21734  -0.22723  -0.23720  -0.24723  -0.25735  -0.26753  -0.27779  -0.28812  -0.29853  -0.30900  -0.31954  -0.33016  -0.34085  -0.35160  -0.36243  -0.37332  -0.38429  -0.39532  -0.40642  -0.41758  -0.42882  -0.44012  -0.45149  -0.46292  -0.47442  -0.48598  -0.49761  -0.50931  -0.52107  -0.53289  -0.54478  -0.55673  -0.56874  -0.58081  -0.59295  -0.60515  -0.61741  -0.62974  -0.64212  -0.65456  -0.66707  -0.67964  -0.69226  -0.70495  -0.71769  -0.73049  -0.74335  -0.75627  -0.76925  -0.78229  -0.79538  -0.80853  -0.82174  -0.83501  -0.84833  -0.86171  -0.87514  -0.88863  -0.90217  -0.91577  -0.92943  -0.94314  -0.95690  -0.97072  -0.98459  -0.99852  -1.01250  -1.02653  -1.04061  -1.05475  -1.06894  -1.08319  -1.09748  -1.11183  -1.12622  -1.14067  -1.15517  -1.16972  -1.18433  -1.19898  -1.21368  -1.22843  -1.24324  -1.25809  -1.27299  -1.28794  -1.30294  -1.31799  -1.33308  -1.34823  -1.36342  -1.37866  -1.39395  -1.40929  -1.42467  -1.44010  -1.45558  -1.47110  -1.48667
 127.51100    0.28779   0.28779   0.28779   0.28778   0.28778   0.28776   0.28773   0.28766   0.28756   0.28739   0.28716   0.28685   0.28645   0.28595   0.28535   0.28463   0.28379   0.28283   0.28174   0.28052   0.27916   0.27767   0.27605   0.27428   0.27238   0.27034   0.26816   0.26584   0.26339   0.26080   0.25807   0.25521   0.25221   0.24908   0.24582   0.24243   0.23890   0.23525   0.23148   0.22758   0.22355   0.21940   0.21513   0.21074   0.20623   0.20161   0.19686   0.19200   0.18703   0.18194   0.17674   0.17143   0.16602   0.16049   0.15485   0.14911   0.14326   0.13731   0.13125   0.12510   0.11883   0.11247   0.10601   0.09945   0.09279   0.08604   0.07918   0.07223   0.06519   0.05805   0.05082   0.04349   0.03608   0.02857   0.02097   0.01328   0.00550  -0.00237  -0.01032  -0.01836  -0.02649  -0.03471  -0.04301  -0.05139  -0.05986  -0.06842  -0.07705  -0.08577  -0.09457  -0.10346  -0.11242  -0.12146  -0.13059  -0.13979  -0.14907  -0.15843  -0.16787  -0.17739  -0.18698  -0.19665  -0.20639  -0.21622  -0.22611  -0.23608  -0.24612  -0.25624  -0.26643  -0.27670  -0.28703  -0.29744  -0.30792  -0.31847  -0.32909  -0.33978  -0.35054  -0.36137  -0.37227  -0.38324  -0.39428  -0.40538  -0.41655  -0.42779  -0.43910  -0.45047  -0.46191  -0.47341  -0.48498  -0.49662  -0.50832  -0.52008  -0.53191  -0.54380  -0.55575  -0.56777  -0.57985  -0.59199  -0.60420  -0.61647  -0.62879  -0.64118  -0.65363  -0.66614  -0.67871  -0.69134  -0.70403  -0.71678  -0.72959  -0.74246  -0.75538  -0.76837  -0.78141  -0.79451  -0.80767  -0.82088  -0.83415  -0.84748  -0.86086  -0.87430  -0.88779  -0.90134  -0.91495  -0.92861  -0.94232  -0.95609  -0.96991  -0.98379  -0.99772  -1.01171  -1.02574  -1.03983  -1.05398  -1.06817  -1.08242  -1.09672  -1.11107  -1.12548  -1.13993  -1.15444  -1.16899  -1.18360  -1.19826  -1.21296  -1.22772  -1.24253  -1.25739  -1.27229  -1.28725  -1.30225  -1.31731  -1.33241  -1.34756  -1.36276  -1.37800  -1.39330  -1.40864  -1.42403  -1.43946  -1.45495  -1.47048  -1.48605
 127.62651    0.28924   0.28924   0.28924   0.28923   0.28923   0.28921   0.28918   0.28911   0.28901   0.28885   0.28861   0.28830   0.28790   0.28741   0.28680   0.28608   0.28524   0.28428   0.28319   0.28197   0.28062   0.27913   0.27750   0.27574   0.27383   0.27179   0.26961   0.26729   0.26484   0.26224   0.25951   0.25665   0.25365   0.25052   0.24725   0.24386   0.24033   0.23668   0.23290   0.22900   0.22497   0.22082   0.21655   0.21215   0.20764   0.20301   0.19826   0.19340   0.18842   0.18333   0.17813   0.17282   0.16740   0.16187   0.15623   0.15048   0.14463   0.13867   0.13261   0.12645   0.12019   0.11382   0.10735   0.10079   0.09413   0.08737   0.08051   0.07356   0.06651   0.05936   0.05213   0.04480   0.03738   0.02987   0.02226   0.01457   0.00679  -0.00109  -0.00905  -0.01709  -0.02523  -0.03345  -0.04175  -0.05014  -0.05861  -0.06717  -0.07581  -0.08454  -0.09334  -0.10223  -0.11120  -0.12025  -0.12938  -0.13859  -0.14787  -0.15724  -0.16668  -0.17620  -0.18580  -0.19547  -0.20522  -0.21505  -0.22495  -0.23492  -0.24497  -0.25509  -0.26529  -0.27556  -0.28590  -0.29631  -0.30679  -0.31735  -0.32797  -0.33867  -0.34944  -0.36027  -0.37118  -0.38215  -0.39319  -0.40430  -0.41548  -0.42672  -0.43803  -0.44941  -0.46085  -0.47236  -0.48394  -0.49558  -0.50728  -0.51905  -0.53088  -0.54278  -0.55474  -0.56676  -0.57885  -0.59100  -0.60321  -0.61548  -0.62781  -0.64020  -0.65266  -0.66518  -0.67775  -0.69039  -0.70308  -0.71584  -0.72865  -0.74152  -0.75445  -0.76744  -0.78049  -0.79359  -0.80675  -0.81997  -0.83325  -0.84658  -0.85997  -0.87341  -0.88691  -0.90047  -0.91408  -0.92774  -0.94146  -0.95524  -0.96907  -0.98295  -0.99688  -1.01087  -1.02492  -1.03901  -1.05316  -1.06736  -1.08161  -1.09592  -1.11028  -1.12469  -1.13915  -1.15366  -1.16822  -1.18283  -1.19749  -1.21221  -1.22697  -1.24178  -1.25665  -1.27156  -1.28652  -1.30153  -1.31659  -1.33169  -1.34685  -1.36205  -1.37730  -1.39260  -1.40795  -1.42335  -1.43879  -1.45427  -1.46981  -1.48539
 127.74201    0.29073   0.29073   0.29073   0.29073   0.29072   0.29071   0.29067   0.29061   0.29050   0.29034   0.29011   0.28980   0.28940   0.28891   0.28830   0.28758   0.28675   0.28578   0.28469   0.28347   0.28212   0.28063   0.27900   0.27724   0.27533   0.27329   0.27111   0.26879   0.26633   0.26373   0.26100   0.25814   0.25514   0.25200   0.24874   0.24534   0.24181   0.23816   0.23438   0.23047   0.22644   0.22228   0.21801   0.21361   0.20910   0.20446   0.19971   0.19485   0.18987   0.18477   0.17957   0.17425   0.16882   0.16329   0.15765   0.15190   0.14604   0.14008   0.13402   0.12785   0.12158   0.11521   0.10874   0.10217   0.09551   0.08874   0.08188   0.07492   0.06787   0.06072   0.05348   0.04615   0.03872   0.03121   0.02360   0.01590   0.00811   0.00024  -0.00773  -0.01578  -0.02391  -0.03214  -0.04045  -0.04884  -0.05732  -0.06589  -0.07453  -0.08326  -0.09207  -0.10096  -0.10994  -0.11899  -0.12812  -0.13733  -0.14663  -0.15600  -0.16544  -0.17497  -0.18457  -0.19425  -0.20400  -0.21383  -0.22374  -0.23372  -0.24377  -0.25390  -0.26410  -0.27437  -0.28472  -0.29514  -0.30562  -0.31618  -0.32682  -0.33752  -0.34829  -0.35913  -0.37004  -0.38102  -0.39206  -0.40318  -0.41436  -0.42561  -0.43692  -0.44831  -0.45976  -0.47127  -0.48285  -0.49449  -0.50620  -0.51798  -0.52982  -0.54172  -0.55368  -0.56571  -0.57780  -0.58995  -0.60217  -0.61445  -0.62678  -0.63918  -0.65164  -0.66416  -0.67675  -0.68939  -0.70209  -0.71485  -0.72767  -0.74054  -0.75348  -0.76647  -0.77952  -0.79263  -0.80580  -0.81903  -0.83231  -0.84564  -0.85904  -0.87249  -0.88599  -0.89955  -0.91317  -0.92684  -0.94056  -0.95434  -0.96818  -0.98206  -0.99601  -1.01000  -1.02405  -1.03815  -1.05230  -1.06651  -1.08077  -1.09508  -1.10944  -1.12386  -1.13832  -1.15284  -1.16740  -1.18202  -1.19669  -1.21141  -1.22618  -1.24100  -1.25586  -1.27078  -1.28575  -1.30076  -1.31583  -1.33094  -1.34610  -1.36131  -1.37657  -1.39187  -1.40722  -1.42262  -1.43807  -1.45356  -1.46910  -1.48469
 127.85751    0.29228   0.29228   0.29227   0.29227   0.29227   0.29225   0.29222   0.29215   0.29205   0.29189   0.29166   0.29135   0.29095   0.29045   0.28985   0.28913   0.28829   0.28733   0.28624   0.28502   0.28367   0.28218   0.28055   0.27878   0.27688   0.27483   0.27265   0.27033   0.26787   0.26527   0.26254   0.25967   0.25667   0.25353   0.25026   0.24686   0.24334   0.23968   0.23589   0.23198   0.22795   0.22379   0.21951   0.21511   0.21060   0.20596   0.20121   0.19634   0.19135   0.18626   0.18105   0.17573   0.17030   0.16476   0.15911   0.15336   0.14750   0.14153   0.13547   0.12930   0.12302   0.11665   0.11018   0.10360   0.09693   0.09016   0.08330   0.07634   0.06928   0.06213   0.05488   0.04755   0.04012   0.03259   0.02498   0.01728   0.00949   0.00161  -0.00636  -0.01442  -0.02256  -0.03079  -0.03910  -0.04750  -0.05599  -0.06455  -0.07320  -0.08194  -0.09075  -0.09965  -0.10863  -0.11769  -0.12682  -0.13604  -0.14534  -0.15471  -0.16416  -0.17369  -0.18330  -0.19298  -0.20274  -0.21258  -0.22249  -0.23247  -0.24253  -0.25266  -0.26287  -0.27315  -0.28350  -0.29392  -0.30441  -0.31498  -0.32561  -0.33632  -0.34710  -0.35794  -0.36886  -0.37984  -0.39089  -0.40201  -0.41320  -0.42445  -0.43577  -0.44716  -0.45862  -0.47013  -0.48172  -0.49337  -0.50508  -0.51686  -0.52871  -0.54061  -0.55258  -0.56462  -0.57671  -0.58887  -0.60109  -0.61337  -0.62572  -0.63812  -0.65059  -0.66311  -0.67570  -0.68835  -0.70105  -0.71382  -0.72664  -0.73952  -0.75246  -0.76546  -0.77852  -0.79164  -0.80481  -0.81804  -0.83132  -0.84466  -0.85806  -0.87152  -0.88503  -0.89859  -0.91222  -0.92589  -0.93962  -0.95341  -0.96725  -0.98114  -0.99509  -1.00909  -1.02314  -1.03725  -1.05141  -1.06562  -1.07988  -1.09420  -1.10857  -1.12298  -1.13746  -1.15198  -1.16655  -1.18117  -1.19585  -1.21057  -1.22534  -1.24017  -1.25504  -1.26996  -1.28494  -1.29996  -1.31503  -1.33014  -1.34531  -1.36053  -1.37579  -1.39110  -1.40646  -1.42186  -1.43731  -1.45281  -1.46836  -1.48395
 127.97302    0.29387   0.29387   0.29386   0.29386   0.29386   0.29384   0.29381   0.29375   0.29364   0.29348   0.29325   0.29294   0.29254   0.29205   0.29144   0.29073   0.28989   0.28893   0.28784   0.28662   0.28526   0.28377   0.28214   0.28037   0.27847   0.27642   0.27424   0.27192   0.26946   0.26686   0.26412   0.26125   0.25825   0.25511   0.25184   0.24844   0.24490   0.24124   0.23746   0.23355   0.22951   0.22535   0.22107   0.21666   0.21214   0.20750   0.20274   0.19787   0.19288   0.18778   0.18257   0.17725   0.17181   0.16627   0.16062   0.15486   0.14900   0.14303   0.13696   0.13079   0.12451   0.11813   0.11165   0.10508   0.09840   0.09163   0.08476   0.07779   0.07073   0.06358   0.05633   0.04898   0.04155   0.03402   0.02641   0.01870   0.01090   0.00302  -0.00495  -0.01301  -0.02116  -0.02939  -0.03771  -0.04612  -0.05461  -0.06318  -0.07183  -0.08057  -0.08939  -0.09829  -0.10727  -0.11634  -0.12548  -0.13470  -0.14400  -0.15338  -0.16284  -0.17238  -0.18199  -0.19168  -0.20144  -0.21128  -0.22120  -0.23118  -0.24125  -0.25138  -0.26160  -0.27188  -0.28223  -0.29266  -0.30316  -0.31373  -0.32437  -0.33508  -0.34586  -0.35671  -0.36763  -0.37862  -0.38968  -0.40080  -0.41200  -0.42325  -0.43458  -0.44597  -0.45743  -0.46896  -0.48055  -0.49220  -0.50392  -0.51571  -0.52756  -0.53947  -0.55144  -0.56348  -0.57558  -0.58775  -0.59997  -0.61226  -0.62461  -0.63702  -0.64949  -0.66202  -0.67461  -0.68726  -0.69997  -0.71274  -0.72557  -0.73846  -0.75141  -0.76441  -0.77747  -0.79059  -0.80377  -0.81701  -0.83030  -0.84365  -0.85705  -0.87051  -0.88403  -0.89760  -0.91122  -0.92490  -0.93864  -0.95243  -0.96628  -0.98017  -0.99413  -1.00813  -1.02219  -1.03630  -1.05047  -1.06468  -1.07895  -1.09328  -1.10765  -1.12207  -1.13655  -1.15108  -1.16565  -1.18028  -1.19496  -1.20969  -1.22447  -1.23930  -1.25418  -1.26911  -1.28408  -1.29911  -1.31419  -1.32931  -1.34448  -1.35970  -1.37497  -1.39029  -1.40565  -1.42106  -1.43652  -1.45202  -1.46757  -1.48317
 128.08852    0.29550   0.29550   0.29550   0.29550   0.29549   0.29548   0.29545   0.29538   0.29528   0.29512   0.29489   0.29458   0.29418   0.29369   0.29308   0.29237   0.29153   0.29057   0.28948   0.28826   0.28690   0.28541   0.28378   0.28201   0.28011   0.27806   0.27587   0.27355   0.27109   0.26849   0.26575   0.26288   0.25987   0.25673   0.25346   0.25005   0.24652   0.24286   0.23907   0.23515   0.23111   0.22695   0.22266   0.21826   0.21373   0.20909   0.20433   0.19945   0.19446   0.18936   0.18414   0.17881   0.17338   0.16783   0.16218   0.15641   0.15055   0.14458   0.13850   0.13232   0.12604   0.11966   0.11318   0.10660   0.09992   0.09314   0.08626   0.07929   0.07223   0.06507   0.05781   0.05047   0.04303   0.03550   0.02788   0.02017   0.01237   0.00448  -0.00350  -0.01157  -0.01972  -0.02796  -0.03628  -0.04469  -0.05318  -0.06176  -0.07042  -0.07916  -0.08799  -0.09689  -0.10588  -0.11495  -0.12410  -0.13332  -0.14263  -0.15201  -0.16148  -0.17102  -0.18063  -0.19033  -0.20009  -0.20994  -0.21986  -0.22985  -0.23992  -0.25006  -0.26028  -0.27057  -0.28093  -0.29136  -0.30186  -0.31244  -0.32309  -0.33380  -0.34459  -0.35544  -0.36637  -0.37736  -0.38842  -0.39955  -0.41075  -0.42202  -0.43335  -0.44474  -0.45621  -0.46774  -0.47933  -0.49099  -0.50272  -0.51451  -0.52636  -0.53828  -0.55026  -0.56230  -0.57441  -0.58658  -0.59881  -0.61110  -0.62346  -0.63587  -0.64835  -0.66088  -0.67348  -0.68614  -0.69885  -0.71163  -0.72446  -0.73736  -0.75031  -0.76332  -0.77639  -0.78951  -0.80270  -0.81594  -0.82923  -0.84259  -0.85600  -0.86946  -0.88298  -0.89656  -0.91019  -0.92388  -0.93762  -0.95141  -0.96526  -0.97917  -0.99313  -1.00714  -1.02120  -1.03532  -1.04949  -1.06371  -1.07799  -1.09231  -1.10669  -1.12112  -1.13560  -1.15014  -1.16472  -1.17935  -1.19404  -1.20877  -1.22356  -1.23839  -1.25328  -1.26821  -1.28319  -1.29823  -1.31331  -1.32844  -1.34361  -1.35884  -1.37411  -1.38943  -1.40480  -1.42022  -1.43568  -1.45119  -1.46675  -1.48235
 128.20403    0.29719   0.29719   0.29718   0.29718   0.29718   0.29716   0.29713   0.29707   0.29696   0.29680   0.29657   0.29627   0.29587   0.29537   0.29477   0.29405   0.29322   0.29226   0.29117   0.28994   0.28859   0.28710   0.28547   0.28370   0.28179   0.27974   0.27755   0.27523   0.27276   0.27016   0.26742   0.26455   0.26154   0.25840   0.25512   0.25171   0.24818   0.24451   0.24072   0.23680   0.23276   0.22859   0.22430   0.21990   0.21537   0.21072   0.20596   0.20108   0.19608   0.19097   0.18575   0.18042   0.17498   0.16943   0.16377   0.15801   0.15214   0.14616   0.14008   0.13390   0.12762   0.12123   0.11474   0.10816   0.10147   0.09469   0.08781   0.08084   0.07377   0.06660   0.05935   0.05200   0.04455   0.03702   0.02939   0.02168   0.01387   0.00598  -0.00201  -0.01008  -0.01823  -0.02648  -0.03480  -0.04322  -0.05171  -0.06030  -0.06896  -0.07771  -0.08654  -0.09545  -0.10444  -0.11351  -0.12267  -0.13190  -0.14121  -0.15060  -0.16007  -0.16961  -0.17923  -0.18893  -0.19871  -0.20856  -0.21848  -0.22848  -0.23855  -0.24870  -0.25892  -0.26921  -0.27958  -0.29002  -0.30053  -0.31111  -0.32176  -0.33248  -0.34327  -0.35413  -0.36506  -0.37606  -0.38713  -0.39826  -0.40946  -0.42073  -0.43207  -0.44347  -0.45494  -0.46648  -0.47808  -0.48974  -0.50147  -0.51327  -0.52513  -0.53705  -0.54904  -0.56109  -0.57320  -0.58537  -0.59761  -0.60991  -0.62226  -0.63469  -0.64717  -0.65971  -0.67231  -0.68497  -0.69769  -0.71048  -0.72332  -0.73621  -0.74917  -0.76219  -0.77526  -0.78839  -0.80158  -0.81482  -0.82813  -0.84149  -0.85490  -0.86837  -0.88190  -0.89548  -0.90912  -0.92281  -0.93656  -0.95036  -0.96421  -0.97812  -0.99209  -1.00610  -1.02017  -1.03429  -1.04847  -1.06270  -1.07698  -1.09131  -1.10570  -1.12013  -1.13462  -1.14916  -1.16375  -1.17839  -1.19308  -1.20782  -1.22261  -1.23745  -1.25234  -1.26728  -1.28226  -1.29730  -1.31239  -1.32752  -1.34271  -1.35794  -1.37322  -1.38854  -1.40392  -1.41934  -1.43481  -1.45032  -1.46589  -1.48149
 128.31953    0.29892   0.29891   0.29891   0.29891   0.29891   0.29889   0.29886   0.29880   0.29869   0.29853   0.29830   0.29800   0.29760   0.29711   0.29650   0.29579   0.29495   0.29399   0.29290   0.29168   0.29032   0.28883   0.28720   0.28543   0.28352   0.28147   0.27928   0.27695   0.27449   0.27188   0.26914   0.26627   0.26325   0.26011   0.25683   0.25342   0.24988   0.24622   0.24242   0.23850   0.23445   0.23028   0.22599   0.22158   0.21705   0.21240   0.20763   0.20275   0.19775   0.19264   0.18741   0.18208   0.17663   0.17108   0.16542   0.15965   0.15377   0.14779   0.14171   0.13552   0.12923   0.12284   0.11635   0.10976   0.10308   0.09629   0.08941   0.08243   0.07535   0.06818   0.06092   0.05357   0.04612   0.03858   0.03095   0.02323   0.01542   0.00752  -0.00047  -0.00854  -0.01670  -0.02495  -0.03328  -0.04170  -0.05020  -0.05879  -0.06746  -0.07621  -0.08505  -0.09396  -0.10296  -0.11204  -0.12120  -0.13043  -0.13975  -0.14914  -0.15862  -0.16817  -0.17779  -0.18750  -0.19727  -0.20713  -0.21706  -0.22706  -0.23714  -0.24729  -0.25752  -0.26782  -0.27819  -0.28863  -0.29915  -0.30973  -0.32039  -0.33111  -0.34191  -0.35278  -0.36371  -0.37471  -0.38579  -0.39693  -0.40813  -0.41941  -0.43075  -0.44216  -0.45364  -0.46518  -0.47678  -0.48845  -0.50019  -0.51199  -0.52385  -0.53578  -0.54777  -0.55983  -0.57194  -0.58412  -0.59636  -0.60867  -0.62103  -0.63346  -0.64594  -0.65849  -0.67110  -0.68377  -0.69649  -0.70928  -0.72213  -0.73503  -0.74799  -0.76101  -0.77409  -0.78723  -0.80042  -0.81367  -0.82698  -0.84034  -0.85376  -0.86724  -0.88077  -0.89436  -0.90800  -0.92170  -0.93545  -0.94926  -0.96312  -0.97704  -0.99100  -1.00503  -1.01910  -1.03323  -1.04741  -1.06165  -1.07593  -1.09027  -1.10466  -1.11910  -1.13359  -1.14814  -1.16273  -1.17738  -1.19207  -1.20682  -1.22161  -1.23646  -1.25136  -1.26630  -1.28129  -1.29634  -1.31143  -1.32657  -1.34176  -1.35699  -1.37228  -1.38761  -1.40299  -1.41842  -1.43389  -1.44941  -1.46498  -1.48060
 128.43504    0.30069   0.30069   0.30069   0.30069   0.30068   0.30067   0.30063   0.30057   0.30047   0.30031   0.30008   0.29977   0.29938   0.29888   0.29828   0.29756   0.29673   0.29577   0.29468   0.29345   0.29210   0.29060   0.28897   0.28720   0.28529   0.28324   0.28105   0.27872   0.27626   0.27365   0.27091   0.26803   0.26501   0.26187   0.25859   0.25517   0.25163   0.24796   0.24416   0.24024   0.23619   0.23202   0.22772   0.22331   0.21877   0.21412   0.20935   0.20446   0.19946   0.19434   0.18912   0.18378   0.17833   0.17277   0.16710   0.16133   0.15545   0.14947   0.14338   0.13719   0.13090   0.12450   0.11801   0.11141   0.10472   0.09793   0.09104   0.08406   0.07698   0.06981   0.06254   0.05518   0.04773   0.04018   0.03255   0.02482   0.01701   0.00911   0.00111  -0.00697  -0.01513  -0.02338  -0.03172  -0.04014  -0.04865  -0.05724  -0.06592  -0.07467  -0.08351  -0.09244  -0.10144  -0.11052  -0.11968  -0.12892  -0.13825  -0.14764  -0.15712  -0.16668  -0.17631  -0.18602  -0.19580  -0.20566  -0.21560  -0.22560  -0.23569  -0.24585  -0.25608  -0.26638  -0.27676  -0.28720  -0.29772  -0.30831  -0.31897  -0.32971  -0.34051  -0.35138  -0.36232  -0.37333  -0.38441  -0.39555  -0.40676  -0.41805  -0.42939  -0.44081  -0.45229  -0.46383  -0.47544  -0.48712  -0.49886  -0.51067  -0.52254  -0.53447  -0.54646  -0.55852  -0.57065  -0.58283  -0.59508  -0.60739  -0.61976  -0.63219  -0.64468  -0.65723  -0.66985  -0.68252  -0.69525  -0.70804  -0.72089  -0.73380  -0.74677  -0.75980  -0.77288  -0.78602  -0.79922  -0.81248  -0.82579  -0.83916  -0.85259  -0.86607  -0.87961  -0.89320  -0.90685  -0.92055  -0.93431  -0.94812  -0.96199  -0.97591  -0.98988  -1.00391  -1.01799  -1.03213  -1.04631  -1.06055  -1.07484  -1.08919  -1.10358  -1.11803  -1.13253  -1.14708  -1.16168  -1.17633  -1.19103  -1.20578  -1.22058  -1.23543  -1.25034  -1.26529  -1.28029  -1.29533  -1.31043  -1.32558  -1.34077  -1.35601  -1.37130  -1.38664  -1.40203  -1.41746  -1.43294  -1.44847  -1.46404  -1.47966
 128.55054    0.30251   0.30251   0.30251   0.30251   0.30250   0.30249   0.30245   0.30239   0.30229   0.30213   0.30190   0.30160   0.30120   0.30071   0.30010   0.29939   0.29855   0.29759   0.29650   0.29528   0.29392   0.29243   0.29079   0.28902   0.28711   0.28506   0.28287   0.28054   0.27807   0.27546   0.27272   0.26983   0.26682   0.26367   0.26039   0.25697   0.25343   0.24975   0.24595   0.24202   0.23797   0.23380   0.22950   0.22508   0.22054   0.21588   0.21111   0.20622   0.20121   0.19609   0.19086   0.18552   0.18007   0.17450   0.16883   0.16306   0.15717   0.15119   0.14509   0.13890   0.13260   0.12620   0.11970   0.11311   0.10641   0.09961   0.09272   0.08573   0.07865   0.07147   0.06420   0.05684   0.04938   0.04183   0.03419   0.02646   0.01864   0.01073   0.00274  -0.00535  -0.01352  -0.02177  -0.03012  -0.03854  -0.04706  -0.05565  -0.06433  -0.07309  -0.08194  -0.09086  -0.09987  -0.10896  -0.11813  -0.12737  -0.13670  -0.14610  -0.15559  -0.16515  -0.17478  -0.18450  -0.19429  -0.20415  -0.21409  -0.22410  -0.23419  -0.24436  -0.25459  -0.26490  -0.27528  -0.28573  -0.29626  -0.30685  -0.31752  -0.32826  -0.33907  -0.34994  -0.36089  -0.37190  -0.38298  -0.39414  -0.40535  -0.41664  -0.42799  -0.43941  -0.45090  -0.46245  -0.47406  -0.48575  -0.49749  -0.50930  -0.52118  -0.53312  -0.54512  -0.55718  -0.56931  -0.58150  -0.59375  -0.60607  -0.61844  -0.63088  -0.64338  -0.65594  -0.66855  -0.68123  -0.69397  -0.70677  -0.71962  -0.73254  -0.74551  -0.75854  -0.77163  -0.78478  -0.79799  -0.81125  -0.82457  -0.83794  -0.85137  -0.86486  -0.87840  -0.89200  -0.90566  -0.91936  -0.93313  -0.94695  -0.96082  -0.97474  -0.98872  -1.00276  -1.01684  -1.03098  -1.04518  -1.05942  -1.07372  -1.08807  -1.10247  -1.11692  -1.13142  -1.14598  -1.16058  -1.17524  -1.18995  -1.20471  -1.21951  -1.23437  -1.24928  -1.26423  -1.27924  -1.29429  -1.30940  -1.32455  -1.33975  -1.35499  -1.37029  -1.38563  -1.40103  -1.41646  -1.43195  -1.44748  -1.46306  -1.47869
 128.66605    0.30438   0.30438   0.30437   0.30437   0.30437   0.30435   0.30432   0.30426   0.30415   0.30400   0.30377   0.30346   0.30307   0.30257   0.30197   0.30126   0.30042   0.29946   0.29837   0.29715   0.29579   0.29429   0.29266   0.29089   0.28897   0.28692   0.28473   0.28240   0.27993   0.27732   0.27457   0.27169   0.26867   0.26551   0.26223   0.25881   0.25526   0.25159   0.24778   0.24385   0.23980   0.23562   0.23132   0.22689   0.22235   0.21769   0.21291   0.20802   0.20301   0.19789   0.19265   0.18731   0.18185   0.17628   0.17061   0.16483   0.15894   0.15295   0.14685   0.14065   0.13435   0.12795   0.12144   0.11484   0.10814   0.10134   0.09444   0.08745   0.08036   0.07318   0.06591   0.05854   0.05107   0.04352   0.03588   0.02814   0.02032   0.01241   0.00440  -0.00368  -0.01186  -0.02012  -0.02847  -0.03690  -0.04542  -0.05402  -0.06270  -0.07147  -0.08032  -0.08925  -0.09826  -0.10736  -0.11653  -0.12578  -0.13511  -0.14452  -0.15401  -0.16357  -0.17322  -0.18293  -0.19273  -0.20260  -0.21254  -0.22256  -0.23266  -0.24282  -0.25307  -0.26338  -0.27377  -0.28422  -0.29475  -0.30535  -0.31603  -0.32677  -0.33758  -0.34846  -0.35941  -0.37043  -0.38152  -0.39268  -0.40390  -0.41519  -0.42655  -0.43797  -0.44947  -0.46102  -0.47264  -0.48433  -0.49608  -0.50790  -0.51978  -0.53172  -0.54373  -0.55580  -0.56793  -0.58013  -0.59239  -0.60471  -0.61709  -0.62953  -0.64203  -0.65460  -0.66722  -0.67990  -0.69265  -0.70545  -0.71831  -0.73123  -0.74421  -0.75725  -0.77035  -0.78350  -0.79671  -0.80998  -0.82330  -0.83668  -0.85012  -0.86361  -0.87716  -0.89076  -0.90442  -0.91814  -0.93191  -0.94573  -0.95961  -0.97354  -0.98752  -1.00156  -1.01566  -1.02980  -1.04400  -1.05825  -1.07255  -1.08691  -1.10131  -1.11577  -1.13028  -1.14484  -1.15945  -1.17412  -1.18883  -1.20359  -1.21840  -1.23327  -1.24818  -1.26314  -1.27815  -1.29321  -1.30832  -1.32348  -1.33868  -1.35394  -1.36924  -1.38459  -1.39998  -1.41543  -1.43092  -1.44646  -1.46204  -1.47768
 128.78155    0.30629   0.30629   0.30628   0.30628   0.30628   0.30626   0.30623   0.30617   0.30607   0.30591   0.30568   0.30538   0.30498   0.30449   0.30389   0.30317   0.30233   0.30137   0.30028   0.29906   0.29770   0.29620   0.29457   0.29280   0.29088   0.28883   0.28663   0.28430   0.28183   0.27922   0.27647   0.27358   0.27056   0.26740   0.26412   0.26070   0.25715   0.25347   0.24966   0.24573   0.24167   0.23748   0.23318   0.22875   0.22421   0.21954   0.21476   0.20986   0.20485   0.19973   0.19449   0.18914   0.18367   0.17811   0.17243   0.16664   0.16075   0.15475   0.14865   0.14245   0.13614   0.12974   0.12323   0.11662   0.10992   0.10311   0.09621   0.08921   0.08212   0.07493   0.06765   0.06028   0.05281   0.04525   0.03761   0.02987   0.02204   0.01412   0.00611  -0.00198  -0.01016  -0.01843  -0.02678  -0.03522  -0.04374  -0.05234  -0.06103  -0.06981  -0.07866  -0.08760  -0.09661  -0.10571  -0.11489  -0.12415  -0.13348  -0.14290  -0.15239  -0.16196  -0.17161  -0.18133  -0.19113  -0.20100  -0.21095  -0.22098  -0.23108  -0.24125  -0.25150  -0.26182  -0.27221  -0.28267  -0.29321  -0.30381  -0.31449  -0.32524  -0.33606  -0.34694  -0.35790  -0.36892  -0.38002  -0.39118  -0.40241  -0.41370  -0.42507  -0.43650  -0.44799  -0.45956  -0.47118  -0.48288  -0.49463  -0.50645  -0.51834  -0.53029  -0.54230  -0.55438  -0.56652  -0.57872  -0.59098  -0.60331  -0.61569  -0.62814  -0.64065  -0.65322  -0.66585  -0.67854  -0.69129  -0.70409  -0.71696  -0.72989  -0.74287  -0.75592  -0.76902  -0.78218  -0.79539  -0.80866  -0.82199  -0.83538  -0.84882  -0.86232  -0.87588  -0.88949  -0.90315  -0.91687  -0.93064  -0.94447  -0.95836  -0.97229  -0.98629  -1.00033  -1.01443  -1.02858  -1.04278  -1.05704  -1.07135  -1.08571  -1.10012  -1.11458  -1.12910  -1.14366  -1.15828  -1.17295  -1.18767  -1.20244  -1.21726  -1.23212  -1.24704  -1.26201  -1.27703  -1.29209  -1.30721  -1.32237  -1.33758  -1.35284  -1.36815  -1.38350  -1.39891  -1.41436  -1.42985  -1.44540  -1.46099  -1.47663
 128.89706    0.30824   0.30824   0.30824   0.30824   0.30823   0.30822   0.30819   0.30812   0.30802   0.30786   0.30764   0.30733   0.30694   0.30645   0.30584   0.30513   0.30429   0.30333   0.30224   0.30102   0.29966   0.29816   0.29653   0.29475   0.29284   0.29078   0.28858   0.28625   0.28377   0.28116   0.27841   0.27552   0.27250   0.26934   0.26605   0.26263   0.25907   0.25539   0.25158   0.24764   0.24358   0.23940   0.23509   0.23066   0.22611   0.22144   0.21665   0.21175   0.20674   0.20161   0.19636   0.19101   0.18554   0.17997   0.17429   0.16850   0.16260   0.15660   0.15050   0.14429   0.13798   0.13157   0.12505   0.11844   0.11173   0.10492   0.09802   0.09102   0.08392   0.07673   0.06944   0.06206   0.05459   0.04703   0.03938   0.03163   0.02380   0.01588   0.00787  -0.00023  -0.00842  -0.01669  -0.02505  -0.03349  -0.04202  -0.05063  -0.05932  -0.06810  -0.07696  -0.08590  -0.09492  -0.10402  -0.11321  -0.12247  -0.13181  -0.14123  -0.15073  -0.16030  -0.16996  -0.17968  -0.18949  -0.19937  -0.20932  -0.21936  -0.22946  -0.23964  -0.24989  -0.26021  -0.27061  -0.28108  -0.29162  -0.30223  -0.31291  -0.32367  -0.33449  -0.34538  -0.35634  -0.36737  -0.37847  -0.38964  -0.40087  -0.41218  -0.42354  -0.43498  -0.44648  -0.45805  -0.46968  -0.48138  -0.49314  -0.50497  -0.51686  -0.52882  -0.54083  -0.55292  -0.56506  -0.57727  -0.58954  -0.60187  -0.61426  -0.62671  -0.63923  -0.65180  -0.66443  -0.67713  -0.68988  -0.70270  -0.71557  -0.72850  -0.74149  -0.75454  -0.76765  -0.78081  -0.79403  -0.80731  -0.82065  -0.83404  -0.84749  -0.86099  -0.87455  -0.88817  -0.90184  -0.91556  -0.92934  -0.94318  -0.95707  -0.97101  -0.98501  -0.99906  -1.01316  -1.02732  -1.04153  -1.05579  -1.07010  -1.08447  -1.09889  -1.11336  -1.12788  -1.14245  -1.15707  -1.17175  -1.18647  -1.20124  -1.21607  -1.23094  -1.24587  -1.26084  -1.27586  -1.29093  -1.30605  -1.32122  -1.33644  -1.35171  -1.36702  -1.38238  -1.39779  -1.41324  -1.42875  -1.44430  -1.45989  -1.47554
 129.01256    0.31024   0.31024   0.31024   0.31024   0.31023   0.31022   0.31019   0.31012   0.31002   0.30986   0.30964   0.30934   0.30894   0.30845   0.30785   0.30713   0.30629   0.30533   0.30424   0.30302   0.30166   0.30016   0.29852   0.29675   0.29483   0.29277   0.29058   0.28824   0.28576   0.28315   0.28039   0.27750   0.27448   0.27132   0.26802   0.26460   0.26104   0.25736   0.25354   0.24960   0.24554   0.24135   0.23704   0.23260   0.22805   0.22338   0.21859   0.21368   0.20866   0.20353   0.19828   0.19292   0.18746   0.18188   0.17619   0.17040   0.16450   0.15849   0.15238   0.14617   0.13986   0.13344   0.12692   0.12031   0.11359   0.10678   0.09987   0.09286   0.08576   0.07856   0.07127   0.06389   0.05642   0.04885   0.04119   0.03344   0.02560   0.01767   0.00966   0.00156  -0.00663  -0.01491  -0.02327  -0.03172  -0.04025  -0.04887  -0.05757  -0.06635  -0.07522  -0.08416  -0.09319  -0.10230  -0.11148  -0.12075  -0.13010  -0.13952  -0.14903  -0.15861  -0.16826  -0.17800  -0.18781  -0.19769  -0.20765  -0.21769  -0.22780  -0.23798  -0.24824  -0.25857  -0.26897  -0.27945  -0.28999  -0.30061  -0.31130  -0.32205  -0.33288  -0.34378  -0.35475  -0.36578  -0.37689  -0.38806  -0.39930  -0.41061  -0.42198  -0.43342  -0.44493  -0.45650  -0.46814  -0.47984  -0.49161  -0.50344  -0.51534  -0.52730  -0.53933  -0.55141  -0.56356  -0.57577  -0.58805  -0.60039  -0.61278  -0.62524  -0.63776  -0.65034  -0.66298  -0.67568  -0.68844  -0.70126  -0.71414  -0.72708  -0.74007  -0.75313  -0.76624  -0.77941  -0.79264  -0.80592  -0.81926  -0.83266  -0.84611  -0.85962  -0.87319  -0.88681  -0.90049  -0.91422  -0.92800  -0.94185  -0.95574  -0.96969  -0.98369  -0.99775  -1.01186  -1.02602  -1.04023  -1.05450  -1.06882  -1.08319  -1.09762  -1.11209  -1.12662  -1.14120  -1.15583  -1.17050  -1.18523  -1.20001  -1.21484  -1.22972  -1.24465  -1.25963  -1.27466  -1.28974  -1.30486  -1.32004  -1.33526  -1.35053  -1.36585  -1.38122  -1.39663  -1.41210  -1.42760  -1.44316  -1.45876  -1.47441
 129.12807    0.31229   0.31229   0.31228   0.31228   0.31228   0.31226   0.31223   0.31217   0.31207   0.31191   0.31169   0.31138   0.31099   0.31049   0.30989   0.30918   0.30834   0.30738   0.30629   0.30506   0.30370   0.30220   0.30057   0.29879   0.29687   0.29481   0.29261   0.29028   0.28780   0.28518   0.28242   0.27953   0.27650   0.27334   0.27004   0.26661   0.26305   0.25937   0.25555   0.25161   0.24754   0.24334   0.23903   0.23459   0.23004   0.22536   0.22057   0.21566   0.21063   0.20550   0.20025   0.19488   0.18941   0.18383   0.17814   0.17234   0.16644   0.16043   0.15431   0.14810   0.14178   0.13536   0.12883   0.12221   0.11549   0.10868   0.10176   0.09475   0.08764   0.08044   0.07315   0.06576   0.05828   0.05071   0.04304   0.03529   0.02745   0.01951   0.01149   0.00339  -0.00481  -0.01309  -0.02146  -0.02991  -0.03845  -0.04707  -0.05577  -0.06456  -0.07343  -0.08238  -0.09141  -0.10053  -0.10972  -0.11899  -0.12834  -0.13777  -0.14728  -0.15687  -0.16653  -0.17627  -0.18609  -0.19598  -0.20594  -0.21598  -0.22610  -0.23629  -0.24655  -0.25688  -0.26729  -0.27777  -0.28832  -0.29895  -0.30964  -0.32040  -0.33124  -0.34214  -0.35311  -0.36415  -0.37526  -0.38644  -0.39769  -0.40900  -0.42038  -0.43182  -0.44334  -0.45492  -0.46656  -0.47827  -0.49004  -0.50188  -0.51378  -0.52575  -0.53778  -0.54987  -0.56203  -0.57424  -0.58652  -0.59887  -0.61127  -0.62373  -0.63626  -0.64884  -0.66149  -0.67420  -0.68696  -0.69979  -0.71267  -0.72561  -0.73862  -0.75168  -0.76479  -0.77797  -0.79120  -0.80449  -0.81784  -0.83124  -0.84470  -0.85822  -0.87179  -0.88542  -0.89910  -0.91283  -0.92663  -0.94047  -0.95437  -0.96833  -0.98234  -0.99640  -1.01051  -1.02468  -1.03890  -1.05317  -1.06750  -1.08188  -1.09631  -1.11079  -1.12532  -1.13990  -1.15454  -1.16922  -1.18396  -1.19875  -1.21358  -1.22847  -1.24340  -1.25839  -1.27342  -1.28850  -1.30364  -1.31882  -1.33405  -1.34932  -1.36465  -1.38002  -1.39544  -1.41091  -1.42642  -1.44198  -1.45759  -1.47325
 129.24357    0.31437   0.31437   0.31437   0.31437   0.31436   0.31435   0.31432   0.31426   0.31416   0.31400   0.31377   0.31347   0.31308   0.31258   0.31198   0.31127   0.31043   0.30947   0.30838   0.30715   0.30579   0.30429   0.30265   0.30088   0.29896   0.29690   0.29470   0.29235   0.28987   0.28725   0.28449   0.28160   0.27857   0.27540   0.27210   0.26867   0.26511   0.26142   0.25760   0.25365   0.24958   0.24538   0.24107   0.23663   0.23207   0.22739   0.22259   0.21768   0.21265   0.20751   0.20225   0.19688   0.19141   0.18582   0.18013   0.17432   0.16842   0.16240   0.15628   0.15006   0.14374   0.13731   0.13079   0.12416   0.11744   0.11062   0.10370   0.09668   0.08957   0.08236   0.07506   0.06767   0.06019   0.05261   0.04494   0.03718   0.02933   0.02140   0.01337   0.00526  -0.00294  -0.01123  -0.01960  -0.02806  -0.03660  -0.04523  -0.05394  -0.06273  -0.07161  -0.08056  -0.08960  -0.09872  -0.10792  -0.11719  -0.12655  -0.13599  -0.14550  -0.15509  -0.16476  -0.17450  -0.18432  -0.19422  -0.20419  -0.21424  -0.22436  -0.23455  -0.24482  -0.25516  -0.26557  -0.27606  -0.28661  -0.29724  -0.30794  -0.31871  -0.32955  -0.34046  -0.35144  -0.36248  -0.37360  -0.38478  -0.39603  -0.40735  -0.41873  -0.43019  -0.44170  -0.45329  -0.46494  -0.47665  -0.48843  -0.50028  -0.51218  -0.52415  -0.53619  -0.54829  -0.56045  -0.57267  -0.58496  -0.59731  -0.60971  -0.62218  -0.63472  -0.64731  -0.65996  -0.67267  -0.68544  -0.69827  -0.71116  -0.72411  -0.73712  -0.75018  -0.76331  -0.77649  -0.78973  -0.80302  -0.81638  -0.82979  -0.84325  -0.85677  -0.87035  -0.88398  -0.89767  -0.91141  -0.92521  -0.93906  -0.95297  -0.96693  -0.98094  -0.99501  -1.00913  -1.02330  -1.03753  -1.05181  -1.06614  -1.08052  -1.09496  -1.10945  -1.12399  -1.13857  -1.15321  -1.16791  -1.18265  -1.19744  -1.21228  -1.22717  -1.24211  -1.25710  -1.27214  -1.28723  -1.30237  -1.31756  -1.33279  -1.34807  -1.36341  -1.37878  -1.39421  -1.40968  -1.42520  -1.44077  -1.45639  -1.47205
 129.35908    0.31651   0.31651   0.31651   0.31650   0.31650   0.31648   0.31645   0.31639   0.31629   0.31613   0.31591   0.31560   0.31521   0.31472   0.31412   0.31340   0.31257   0.31160   0.31051   0.30929   0.30792   0.30642   0.30478   0.30300   0.30108   0.29902   0.29682   0.29448   0.29199   0.28937   0.28661   0.28371   0.28068   0.27751   0.27421   0.27077   0.26721   0.26351   0.25969   0.25574   0.25167   0.24747   0.24314   0.23870   0.23414   0.22945   0.22465   0.21974   0.21470   0.20956   0.20430   0.19893   0.19345   0.18786   0.18216   0.17635   0.17044   0.16442   0.15830   0.15207   0.14574   0.13931   0.13278   0.12615   0.11942   0.11260   0.10567   0.09865   0.09154   0.08433   0.07702   0.06962   0.06213   0.05455   0.04688   0.03911   0.03126   0.02332   0.01529   0.00717  -0.00104  -0.00933  -0.01771  -0.02617  -0.03472  -0.04335  -0.05206  -0.06086  -0.06974  -0.07870  -0.08774  -0.09687  -0.10607  -0.11535  -0.12471  -0.13416  -0.14367  -0.15327  -0.16294  -0.17269  -0.18252  -0.19242  -0.20240  -0.21245  -0.22258  -0.23277  -0.24305  -0.25339  -0.26381  -0.27430  -0.28486  -0.29550  -0.30620  -0.31698  -0.32782  -0.33874  -0.34972  -0.36077  -0.37189  -0.38308  -0.39434  -0.40566  -0.41705  -0.42851  -0.44003  -0.45162  -0.46328  -0.47500  -0.48678  -0.49863  -0.51054  -0.52252  -0.53456  -0.54667  -0.55883  -0.57106  -0.58335  -0.59571  -0.60812  -0.62060  -0.63313  -0.64573  -0.65839  -0.67111  -0.68388  -0.69672  -0.70962  -0.72257  -0.73558  -0.74865  -0.76178  -0.77497  -0.78821  -0.80152  -0.81487  -0.82829  -0.84176  -0.85529  -0.86887  -0.88251  -0.89620  -0.90995  -0.92375  -0.93761  -0.95152  -0.96549  -0.97951  -0.99358  -1.00771  -1.02189  -1.03612  -1.05041  -1.06474  -1.07913  -1.09357  -1.10807  -1.12261  -1.13721  -1.15185  -1.16655  -1.18130  -1.19609  -1.21094  -1.22584  -1.24079  -1.25578  -1.27083  -1.28592  -1.30107  -1.31626  -1.33150  -1.34679  -1.36213  -1.37751  -1.39294  -1.40842  -1.42395  -1.43952  -1.45514  -1.47081
 129.47458    0.31868   0.31868   0.31868   0.31868   0.31867   0.31866   0.31863   0.31857   0.31847   0.31831   0.31809   0.31778   0.31739   0.31690   0.31630   0.31558   0.31474   0.31378   0.31269   0.31146   0.31010   0.30860   0.30696   0.30518   0.30325   0.30119   0.29899   0.29664   0.29416   0.29153   0.28877   0.28587   0.28283   0.27966   0.27636   0.27292   0.26935   0.26565   0.26183   0.25787   0.25379   0.24959   0.24527   0.24082   0.23625   0.23156   0.22676   0.22184   0.21680   0.21165   0.20639   0.20101   0.19553   0.18993   0.18423   0.17842   0.17250   0.16648   0.16035   0.15412   0.14779   0.14135   0.13482   0.12818   0.12145   0.11462   0.10769   0.10067   0.09354   0.08633   0.07902   0.07162   0.06412   0.05653   0.04886   0.04109   0.03323   0.02528   0.01725   0.00912   0.00091  -0.00738  -0.01577  -0.02423  -0.03279  -0.04142  -0.05014  -0.05895  -0.06783  -0.07680  -0.08585  -0.09497  -0.10418  -0.11347  -0.12284  -0.13228  -0.14181  -0.15141  -0.16109  -0.17084  -0.18068  -0.19058  -0.20056  -0.21062  -0.22075  -0.23096  -0.24124  -0.25159  -0.26201  -0.27251  -0.28308  -0.29371  -0.30442  -0.31520  -0.32605  -0.33697  -0.34796  -0.35902  -0.37015  -0.38134  -0.39260  -0.40393  -0.41533  -0.42679  -0.43832  -0.44992  -0.46158  -0.47330  -0.48509  -0.49695  -0.50887  -0.52085  -0.53290  -0.54501  -0.55718  -0.56941  -0.58171  -0.59407  -0.60649  -0.61897  -0.63151  -0.64412  -0.65678  -0.66950  -0.68229  -0.69513  -0.70803  -0.72099  -0.73401  -0.74709  -0.76022  -0.77341  -0.78666  -0.79997  -0.81333  -0.82676  -0.84023  -0.85376  -0.86735  -0.88100  -0.89470  -0.90845  -0.92226  -0.93612  -0.95004  -0.96401  -0.97804  -0.99212  -1.00625  -1.02044  -1.03468  -1.04897  -1.06331  -1.07770  -1.09215  -1.10665  -1.12120  -1.13580  -1.15045  -1.16516  -1.17991  -1.19471  -1.20957  -1.22447  -1.23942  -1.25443  -1.26948  -1.28458  -1.29973  -1.31493  -1.33017  -1.34547  -1.36081  -1.37620  -1.39164  -1.40712  -1.42266  -1.43823  -1.45386  -1.46953
 129.59008    0.32090   0.32090   0.32090   0.32090   0.32089   0.32088   0.32085   0.32079   0.32068   0.32053   0.32031   0.32000   0.31961   0.31912   0.31852   0.31780   0.31696   0.31600   0.31491   0.31368   0.31232   0.31082   0.30917   0.30739   0.30547   0.30340   0.30120   0.29885   0.29636   0.29373   0.29097   0.28807   0.28503   0.28185   0.27855   0.27511   0.27153   0.26783   0.26400   0.26005   0.25596   0.25176   0.24743   0.24298   0.23841   0.23371   0.22891   0.22398   0.21894   0.21379   0.20852   0.20314   0.19765   0.19205   0.18634   0.18053   0.17461   0.16858   0.16245   0.15621   0.14988   0.14344   0.13690   0.13026   0.12352   0.11668   0.10975   0.10272   0.09559   0.08837   0.08106   0.07365   0.06615   0.05856   0.05088   0.04310   0.03524   0.02729   0.01925   0.01112   0.00290  -0.00540  -0.01379  -0.02226  -0.03082  -0.03946  -0.04819  -0.05699  -0.06588  -0.07486  -0.08391  -0.09304  -0.10226  -0.11155  -0.12092  -0.13037  -0.13990  -0.14951  -0.15919  -0.16896  -0.17879  -0.18870  -0.19869  -0.20875  -0.21889  -0.22910  -0.23939  -0.24974  -0.26017  -0.27067  -0.28125  -0.29189  -0.30261  -0.31339  -0.32425  -0.33517  -0.34617  -0.35723  -0.36836  -0.37956  -0.39083  -0.40217  -0.41357  -0.42504  -0.43657  -0.44817  -0.45984  -0.47157  -0.48337  -0.49523  -0.50715  -0.51914  -0.53119  -0.54331  -0.55548  -0.56773  -0.58003  -0.59239  -0.60482  -0.61731  -0.62985  -0.64246  -0.65513  -0.66786  -0.68065  -0.69350  -0.70640  -0.71937  -0.73240  -0.74548  -0.75862  -0.77182  -0.78507  -0.79839  -0.81176  -0.82518  -0.83867  -0.85220  -0.86580  -0.87945  -0.89315  -0.90691  -0.92073  -0.93460  -0.94852  -0.96250  -0.97653  -0.99062  -1.00476  -1.01895  -1.03319  -1.04749  -1.06184  -1.07624  -1.09069  -1.10520  -1.11975  -1.13436  -1.14902  -1.16372  -1.17848  -1.19329  -1.20815  -1.22306  -1.23802  -1.25303  -1.26809  -1.28319  -1.29835  -1.31355  -1.32881  -1.34411  -1.35946  -1.37485  -1.39030  -1.40579  -1.42133  -1.43691  -1.45254  -1.46822
 129.70559    0.32316   0.32316   0.32316   0.32316   0.32315   0.32314   0.32311   0.32305   0.32295   0.32279   0.32257   0.32227   0.32187   0.32138   0.32078   0.32007   0.31923   0.31826   0.31717   0.31594   0.31458   0.31308   0.31143   0.30965   0.30772   0.30566   0.30345   0.30110   0.29861   0.29598   0.29321   0.29031   0.28727   0.28409   0.28078   0.27733   0.27376   0.27006   0.26622   0.26226   0.25818   0.25397   0.24963   0.24518   0.24060   0.23591   0.23110   0.22617   0.22112   0.21596   0.21069   0.20531   0.19981   0.19421   0.18850   0.18268   0.17675   0.17072   0.16459   0.15835   0.15200   0.14556   0.13902   0.13237   0.12563   0.11879   0.11185   0.10481   0.09768   0.09046   0.08314   0.07573   0.06822   0.06062   0.05294   0.04516   0.03729   0.02933   0.02129   0.01315   0.00493  -0.00338  -0.01177  -0.02025  -0.02881  -0.03746  -0.04619  -0.05500  -0.06390  -0.07287  -0.08193  -0.09107  -0.10029  -0.10959  -0.11897  -0.12842  -0.13796  -0.14757  -0.15726  -0.16703  -0.17687  -0.18679  -0.19678  -0.20685  -0.21699  -0.22721  -0.23749  -0.24786  -0.25829  -0.26880  -0.27938  -0.29003  -0.30075  -0.31154  -0.32240  -0.33333  -0.34433  -0.35540  -0.36654  -0.37774  -0.38902  -0.40036  -0.41177  -0.42324  -0.43478  -0.44639  -0.45806  -0.46980  -0.48160  -0.49346  -0.50540  -0.51739  -0.52945  -0.54157  -0.55375  -0.56600  -0.57831  -0.59068  -0.60311  -0.61560  -0.62816  -0.64077  -0.65345  -0.66618  -0.67897  -0.69183  -0.70474  -0.71771  -0.73074  -0.74383  -0.75698  -0.77018  -0.78345  -0.79676  -0.81014  -0.82357  -0.83706  -0.85061  -0.86421  -0.87786  -0.89157  -0.90534  -0.91916  -0.93304  -0.94697  -0.96095  -0.97499  -0.98908  -1.00322  -1.01742  -1.03167  -1.04597  -1.06033  -1.07473  -1.08919  -1.10370  -1.11826  -1.13288  -1.14754  -1.16226  -1.17702  -1.19184  -1.20670  -1.22162  -1.23658  -1.25160  -1.26666  -1.28177  -1.29693  -1.31214  -1.32740  -1.34271  -1.35806  -1.37347  -1.38892  -1.40441  -1.41996  -1.43555  -1.45119  -1.46687
 129.82109    0.32547   0.32547   0.32547   0.32547   0.32546   0.32545   0.32541   0.32535   0.32525   0.32510   0.32487   0.32457   0.32418   0.32369   0.32309   0.32237   0.32153   0.32057   0.31948   0.31825   0.31688   0.31538   0.31373   0.31195   0.31002   0.30795   0.30574   0.30339   0.30090   0.29827   0.29550   0.29259   0.28955   0.28637   0.28305   0.27961   0.27603   0.27232   0.26848   0.26452   0.26043   0.25622   0.25188   0.24742   0.24284   0.23814   0.23333   0.22839   0.22335   0.21818   0.21291   0.20752   0.20202   0.19641   0.19070   0.18487   0.17894   0.17290   0.16676   0.16052   0.15417   0.14773   0.14118   0.13453   0.12778   0.12093   0.11399   0.10695   0.09982   0.09258   0.08526   0.07784   0.07033   0.06273   0.05504   0.04725   0.03938   0.03142   0.02337   0.01523   0.00700  -0.00131  -0.00971  -0.01819  -0.02676  -0.03541  -0.04415  -0.05297  -0.06187  -0.07085  -0.07991  -0.08906  -0.09828  -0.10759  -0.11697  -0.12643  -0.13597  -0.14559  -0.15529  -0.16506  -0.17491  -0.18483  -0.19483  -0.20490  -0.21505  -0.22527  -0.23556  -0.24593  -0.25637  -0.26689  -0.27747  -0.28813  -0.29885  -0.30965  -0.32052  -0.33145  -0.34246  -0.35353  -0.36468  -0.37589  -0.38717  -0.39851  -0.40993  -0.42141  -0.43295  -0.44456  -0.45624  -0.46798  -0.47979  -0.49166  -0.50360  -0.51560  -0.52766  -0.53979  -0.55198  -0.56423  -0.57655  -0.58892  -0.60136  -0.61386  -0.62642  -0.63904  -0.65172  -0.66446  -0.67726  -0.69012  -0.70304  -0.71602  -0.72905  -0.74215  -0.75530  -0.76851  -0.78178  -0.79510  -0.80849  -0.82192  -0.83542  -0.84897  -0.86258  -0.87624  -0.88995  -0.90373  -0.91755  -0.93143  -0.94537  -0.95936  -0.97340  -0.98750  -1.00165  -1.01585  -1.03011  -1.04442  -1.05878  -1.07319  -1.08766  -1.10217  -1.11674  -1.13136  -1.14603  -1.16075  -1.17552  -1.19034  -1.20521  -1.22014  -1.23511  -1.25013  -1.26520  -1.28032  -1.29548  -1.31070  -1.32596  -1.34128  -1.35664  -1.37205  -1.38750  -1.40300  -1.41856  -1.43415  -1.44980  -1.46549
 129.93660    0.32782   0.32782   0.32782   0.32781   0.32781   0.32779   0.32776   0.32770   0.32760   0.32745   0.32722   0.32692   0.32653   0.32604   0.32544   0.32472   0.32388   0.32292   0.32182   0.32059   0.31923   0.31772   0.31608   0.31429   0.31236   0.31029   0.30808   0.30573   0.30323   0.30060   0.29783   0.29492   0.29187   0.28869   0.28537   0.28192   0.27834   0.27463   0.27079   0.26682   0.26273   0.25851   0.25417   0.24971   0.24512   0.24042   0.23560   0.23066   0.22561   0.22044   0.21516   0.20977   0.20427   0.19866   0.19293   0.18711   0.18117   0.17513   0.16898   0.16274   0.15638   0.14993   0.14338   0.13672   0.12997   0.12312   0.11617   0.10913   0.10199   0.09475   0.08742   0.08000   0.07248   0.06488   0.05718   0.04939   0.04151   0.03354   0.02549   0.01734   0.00911   0.00080  -0.00761  -0.01610  -0.02467  -0.03333  -0.04207  -0.05089  -0.05980  -0.06879  -0.07786  -0.08701  -0.09624  -0.10555  -0.11494  -0.12440  -0.13395  -0.14357  -0.15327  -0.16305  -0.17290  -0.18283  -0.19284  -0.20291  -0.21307  -0.22330  -0.23360  -0.24397  -0.25442  -0.26493  -0.27552  -0.28618  -0.29692  -0.30772  -0.31859  -0.32953  -0.34055  -0.35163  -0.36277  -0.37399  -0.38528  -0.39663  -0.40805  -0.41953  -0.43109  -0.44270  -0.45439  -0.46613  -0.47795  -0.48983  -0.50177  -0.51377  -0.52584  -0.53798  -0.55017  -0.56243  -0.57475  -0.58713  -0.59957  -0.61208  -0.62465  -0.63727  -0.64996  -0.66270  -0.67551  -0.68838  -0.70130  -0.71428  -0.72733  -0.74043  -0.75359  -0.76680  -0.78008  -0.79341  -0.80679  -0.82024  -0.83374  -0.84729  -0.86091  -0.87457  -0.88830  -0.90208  -0.91591  -0.92980  -0.94374  -0.95773  -0.97178  -0.98589  -1.00004  -1.01425  -1.02851  -1.04283  -1.05719  -1.07161  -1.08608  -1.10061  -1.11518  -1.12981  -1.14448  -1.15921  -1.17399  -1.18881  -1.20369  -1.21862  -1.23359  -1.24862  -1.26370  -1.27882  -1.29400  -1.30922  -1.32449  -1.33981  -1.35517  -1.37059  -1.38605  -1.40156  -1.41712  -1.43272  -1.44837  -1.46407
 130.05210    0.33021   0.33021   0.33021   0.33020   0.33020   0.33018   0.33015   0.33009   0.32999   0.32984   0.32961   0.32931   0.32892   0.32843   0.32783   0.32711   0.32627   0.32531   0.32421   0.32298   0.32162   0.32011   0.31846   0.31667   0.31474   0.31267   0.31046   0.30810   0.30561   0.30297   0.30019   0.29728   0.29423   0.29105   0.28773   0.28427   0.28069   0.27697   0.27313   0.26916   0.26506   0.26084   0.25650   0.25203   0.24744   0.24274   0.23791   0.23297   0.22791   0.22274   0.21746   0.21206   0.20656   0.20094   0.19521   0.18938   0.18344   0.17739   0.17124   0.16499   0.15863   0.15218   0.14562   0.13896   0.13220   0.12535   0.11839   0.11134   0.10420   0.09696   0.08962   0.08220   0.07468   0.06706   0.05936   0.05157   0.04368   0.03571   0.02765   0.01950   0.01126   0.00294  -0.00547  -0.01396  -0.02254  -0.03120  -0.03995  -0.04878  -0.05769  -0.06668  -0.07576  -0.08492  -0.09415  -0.10347  -0.11286  -0.12233  -0.13188  -0.14151  -0.15122  -0.16100  -0.17086  -0.18080  -0.19081  -0.20089  -0.21105  -0.22128  -0.23159  -0.24197  -0.25242  -0.26294  -0.27354  -0.28420  -0.29494  -0.30575  -0.31663  -0.32758  -0.33859  -0.34968  -0.36083  -0.37206  -0.38335  -0.39471  -0.40613  -0.41762  -0.42918  -0.44080  -0.45249  -0.46425  -0.47607  -0.48795  -0.49990  -0.51191  -0.52398  -0.53612  -0.54832  -0.56059  -0.57291  -0.58530  -0.59775  -0.61026  -0.62283  -0.63547  -0.64816  -0.66091  -0.67372  -0.68659  -0.69952  -0.71251  -0.72556  -0.73867  -0.75183  -0.76505  -0.77833  -0.79167  -0.80506  -0.81851  -0.83202  -0.84558  -0.85920  -0.87288  -0.88660  -0.90039  -0.91423  -0.92812  -0.94207  -0.95607  -0.97013  -0.98423  -0.99840  -1.01261  -1.02688  -1.04120  -1.05557  -1.07000  -1.08447  -1.09900  -1.11358  -1.12821  -1.14290  -1.15763  -1.17241  -1.18725  -1.20213  -1.21706  -1.23205  -1.24708  -1.26216  -1.27729  -1.29247  -1.30770  -1.32298  -1.33830  -1.35367  -1.36909  -1.38456  -1.40008  -1.41564  -1.43125  -1.44691  -1.46261
 130.16761    0.33264   0.33264   0.33264   0.33264   0.33263   0.33262   0.33259   0.33253   0.33243   0.33227   0.33205   0.33175   0.33135   0.33086   0.33026   0.32955   0.32871   0.32774   0.32665   0.32541   0.32405   0.32254   0.32089   0.31910   0.31717   0.31509   0.31288   0.31052   0.30802   0.30538   0.30261   0.29969   0.29664   0.29345   0.29012   0.28667   0.28308   0.27936   0.27552   0.27154   0.26744   0.26322   0.25887   0.25440   0.24981   0.24510   0.24027   0.23532   0.23026   0.22509   0.21980   0.21440   0.20888   0.20326   0.19753   0.19169   0.18575   0.17970   0.17355   0.16729   0.16093   0.15446   0.14790   0.14124   0.13447   0.12761   0.12066   0.11360   0.10645   0.09921   0.09187   0.08443   0.07691   0.06929   0.06158   0.05378   0.04589   0.03792   0.02985   0.02169   0.01345   0.00512  -0.00329  -0.01179  -0.02037  -0.02904  -0.03779  -0.04663  -0.05554  -0.06454  -0.07362  -0.08278  -0.09203  -0.10135  -0.11075  -0.12022  -0.12978  -0.13942  -0.14913  -0.15892  -0.16878  -0.17872  -0.18874  -0.19883  -0.20899  -0.21923  -0.22954  -0.23992  -0.25038  -0.26091  -0.27151  -0.28219  -0.29293  -0.30374  -0.31463  -0.32558  -0.33660  -0.34770  -0.35886  -0.37008  -0.38138  -0.39274  -0.40417  -0.41567  -0.42724  -0.43887  -0.45056  -0.46232  -0.47415  -0.48603  -0.49799  -0.51001  -0.52209  -0.53423  -0.54644  -0.55871  -0.57104  -0.58343  -0.59589  -0.60841  -0.62098  -0.63362  -0.64632  -0.65908  -0.67190  -0.68477  -0.69771  -0.71071  -0.72376  -0.73687  -0.75004  -0.76327  -0.77656  -0.78990  -0.80330  -0.81675  -0.83027  -0.84383  -0.85746  -0.87114  -0.88487  -0.89866  -0.91251  -0.92641  -0.94036  -0.95437  -0.96843  -0.98255  -0.99671  -1.01093  -1.02521  -1.03954  -1.05391  -1.06835  -1.08283  -1.09736  -1.11195  -1.12659  -1.14127  -1.15601  -1.17080  -1.18564  -1.20053  -1.21547  -1.23046  -1.24550  -1.26059  -1.27572  -1.29091  -1.30614  -1.32143  -1.33676  -1.35214  -1.36756  -1.38304  -1.39856  -1.41413  -1.42974  -1.44541  -1.46112
 130.28311    0.33512   0.33511   0.33511   0.33511   0.33511   0.33509   0.33506   0.33500   0.33490   0.33475   0.33452   0.33422   0.33383   0.33334   0.33274   0.33202   0.33118   0.33022   0.32912   0.32789   0.32652   0.32501   0.32336   0.32157   0.31963   0.31756   0.31534   0.31298   0.31048   0.30784   0.30506   0.30214   0.29908   0.29589   0.29257   0.28911   0.28551   0.28179   0.27794   0.27397   0.26986   0.26563   0.26128   0.25681   0.25221   0.24750   0.24266   0.23771   0.23265   0.22747   0.22217   0.21677   0.21125   0.20563   0.19989   0.19405   0.18810   0.18205   0.17589   0.16962   0.16326   0.15679   0.15022   0.14355   0.13679   0.12992   0.12296   0.11590   0.10874   0.10149   0.09415   0.08671   0.07918   0.07156   0.06384   0.05604   0.04814   0.04016   0.03209   0.02393   0.01568   0.00735  -0.00107  -0.00958  -0.01816  -0.02684  -0.03560  -0.04444  -0.05336  -0.06236  -0.07145  -0.08061  -0.08986  -0.09919  -0.10859  -0.11808  -0.12764  -0.13728  -0.14700  -0.15679  -0.16666  -0.17661  -0.18663  -0.19672  -0.20689  -0.21714  -0.22745  -0.23784  -0.24831  -0.25884  -0.26945  -0.28013  -0.29088  -0.30170  -0.31259  -0.32355  -0.33458  -0.34567  -0.35684  -0.36807  -0.37938  -0.39074  -0.40218  -0.41368  -0.42525  -0.43689  -0.44859  -0.46036  -0.47219  -0.48408  -0.49604  -0.50807  -0.52015  -0.53230  -0.54452  -0.55679  -0.56913  -0.58153  -0.59399  -0.60651  -0.61910  -0.63174  -0.64444  -0.65721  -0.67003  -0.68292  -0.69586  -0.70886  -0.72192  -0.73504  -0.74821  -0.76145  -0.77474  -0.78809  -0.80149  -0.81496  -0.82847  -0.84205  -0.85568  -0.86936  -0.88311  -0.89690  -0.91075  -0.92466  -0.93862  -0.95263  -0.96670  -0.98082  -0.99499  -1.00922  -1.02350  -1.03783  -1.05222  -1.06666  -1.08115  -1.09569  -1.11028  -1.12492  -1.13962  -1.15436  -1.16916  -1.18400  -1.19890  -1.21384  -1.22884  -1.24388  -1.25898  -1.27412  -1.28931  -1.30455  -1.31984  -1.33518  -1.35056  -1.36600  -1.38148  -1.39700  -1.41258  -1.42820  -1.44387  -1.45959
 130.39862    0.33763   0.33763   0.33763   0.33763   0.33762   0.33761   0.33758   0.33752   0.33742   0.33726   0.33704   0.33674   0.33635   0.33585   0.33525   0.33454   0.33370   0.33273   0.33163   0.33040   0.32903   0.32752   0.32587   0.32408   0.32214   0.32006   0.31784   0.31548   0.31298   0.31033   0.30755   0.30463   0.30157   0.29838   0.29505   0.29158   0.28799   0.28426   0.28041   0.27643   0.27232   0.26809   0.26373   0.25925   0.25465   0.24994   0.24510   0.24014   0.23507   0.22989   0.22459   0.21918   0.21366   0.20803   0.20229   0.19645   0.19049   0.18443   0.17827   0.17200   0.16563   0.15916   0.15258   0.14591   0.13914   0.13227   0.12530   0.11823   0.11107   0.10382   0.09647   0.08903   0.08149   0.07386   0.06614   0.05833   0.05043   0.04245   0.03437   0.02620   0.01795   0.00961   0.00119  -0.00732  -0.01592  -0.02460  -0.03336  -0.04220  -0.05113  -0.06014  -0.06923  -0.07841  -0.08766  -0.09699  -0.10640  -0.11589  -0.12546  -0.13510  -0.14483  -0.15463  -0.16450  -0.17445  -0.18448  -0.19458  -0.20476  -0.21501  -0.22533  -0.23573  -0.24620  -0.25674  -0.26735  -0.27803  -0.28879  -0.29961  -0.31051  -0.32147  -0.33251  -0.34361  -0.35478  -0.36602  -0.37733  -0.38871  -0.40015  -0.41166  -0.42323  -0.43487  -0.44658  -0.45835  -0.47019  -0.48209  -0.49406  -0.50609  -0.51818  -0.53034  -0.54255  -0.55484  -0.56718  -0.57959  -0.59205  -0.60458  -0.61717  -0.62982  -0.64253  -0.65530  -0.66813  -0.68102  -0.69397  -0.70698  -0.72004  -0.73317  -0.74635  -0.75959  -0.77289  -0.78624  -0.79965  -0.81312  -0.82665  -0.84023  -0.85386  -0.86755  -0.88130  -0.89510  -0.90896  -0.92287  -0.93684  -0.95086  -0.96493  -0.97906  -0.99324  -1.00747  -1.02176  -1.03610  -1.05049  -1.06493  -1.07943  -1.09397  -1.10857  -1.12322  -1.13792  -1.15267  -1.16747  -1.18233  -1.19723  -1.21218  -1.22718  -1.24223  -1.25733  -1.27248  -1.28768  -1.30293  -1.31822  -1.33356  -1.34896  -1.36439  -1.37988  -1.39542  -1.41100  -1.42662  -1.44230  -1.45802
 130.51412    0.34019   0.34019   0.34019   0.34019   0.34018   0.34017   0.34013   0.34008   0.33997   0.33982   0.33960   0.33930   0.33891   0.33841   0.33781   0.33710   0.33626   0.33529   0.33419   0.33296   0.33159   0.33007   0.32842   0.32663   0.32469   0.32261   0.32039   0.31802   0.31552   0.31287   0.31008   0.30716   0.30410   0.30090   0.29757   0.29410   0.29050   0.28678   0.28292   0.27893   0.27482   0.27058   0.26622   0.26174   0.25714   0.25242   0.24757   0.24262   0.23754   0.23235   0.22705   0.22164   0.21611   0.21048   0.20473   0.19888   0.19292   0.18686   0.18069   0.17442   0.16804   0.16156   0.15499   0.14831   0.14153   0.13465   0.12768   0.12061   0.11345   0.10618   0.09883   0.09138   0.08384   0.07621   0.06848   0.06067   0.05276   0.04477   0.03669   0.02852   0.02026   0.01191   0.00348  -0.00503  -0.01363  -0.02232  -0.03108  -0.03994  -0.04887  -0.05788  -0.06698  -0.07616  -0.08542  -0.09475  -0.10417  -0.11367  -0.12324  -0.13289  -0.14262  -0.15242  -0.16231  -0.17226  -0.18229  -0.19240  -0.20258  -0.21284  -0.22317  -0.23357  -0.24404  -0.25459  -0.26521  -0.27590  -0.28666  -0.29749  -0.30839  -0.31936  -0.33040  -0.34151  -0.35269  -0.36394  -0.37525  -0.38663  -0.39808  -0.40960  -0.42118  -0.43282  -0.44454  -0.45631  -0.46816  -0.48006  -0.49204  -0.50407  -0.51617  -0.52833  -0.54056  -0.55284  -0.56519  -0.57761  -0.59008  -0.60261  -0.61521  -0.62786  -0.64058  -0.65336  -0.66619  -0.67909  -0.69204  -0.70506  -0.71813  -0.73126  -0.74445  -0.75769  -0.77100  -0.78436  -0.79778  -0.81125  -0.82478  -0.83837  -0.85201  -0.86571  -0.87946  -0.89327  -0.90713  -0.92105  -0.93502  -0.94905  -0.96313  -0.97726  -0.99145  -1.00569  -1.01998  -1.03432  -1.04872  -1.06317  -1.07767  -1.09222  -1.10683  -1.12148  -1.13619  -1.15095  -1.16576  -1.18061  -1.19552  -1.21048  -1.22549  -1.24055  -1.25565  -1.27081  -1.28601  -1.30126  -1.31657  -1.33191  -1.34731  -1.36276  -1.37825  -1.39379  -1.40938  -1.42501  -1.44069  -1.45642
 130.62963    0.34279   0.34279   0.34279   0.34278   0.34278   0.34276   0.34273   0.34267   0.34257   0.34242   0.34220   0.34190   0.34151   0.34101   0.34041   0.33970   0.33886   0.33789   0.33679   0.33555   0.33418   0.33267   0.33101   0.32922   0.32728   0.32520   0.32297   0.32061   0.31810   0.31545   0.31266   0.30973   0.30667   0.30347   0.30013   0.29666   0.29306   0.28933   0.28547   0.28148   0.27736   0.27312   0.26876   0.26427   0.25966   0.25494   0.25009   0.24513   0.24005   0.23486   0.22955   0.22413   0.21860   0.21296   0.20721   0.20136   0.19539   0.18932   0.18315   0.17687   0.17049   0.16401   0.15743   0.15074   0.14396   0.13708   0.13010   0.12303   0.11586   0.10859   0.10123   0.09378   0.08623   0.07859   0.07086   0.06304   0.05513   0.04713   0.03904   0.03087   0.02261   0.01426   0.00582  -0.00270  -0.01131  -0.02000  -0.02877  -0.03763  -0.04657  -0.05559  -0.06469  -0.07387  -0.08314  -0.09248  -0.10190  -0.11140  -0.12098  -0.13064  -0.14037  -0.15018  -0.16007  -0.17003  -0.18007  -0.19018  -0.20037  -0.21063  -0.22097  -0.23137  -0.24186  -0.25241  -0.26303  -0.27373  -0.28449  -0.29533  -0.30624  -0.31722  -0.32826  -0.33938  -0.35056  -0.36181  -0.37313  -0.38452  -0.39597  -0.40749  -0.41908  -0.43073  -0.44245  -0.45424  -0.46609  -0.47800  -0.48998  -0.50202  -0.51412  -0.52629  -0.53852  -0.55081  -0.56317  -0.57559  -0.58807  -0.60061  -0.61321  -0.62587  -0.63859  -0.65138  -0.66422  -0.67712  -0.69008  -0.70310  -0.71618  -0.72931  -0.74251  -0.75576  -0.76907  -0.78244  -0.79586  -0.80934  -0.82288  -0.83647  -0.85012  -0.86382  -0.87758  -0.89140  -0.90527  -0.91919  -0.93317  -0.94720  -0.96129  -0.97543  -0.98962  -1.00386  -1.01816  -1.03251  -1.04692  -1.06137  -1.07588  -1.09044  -1.10505  -1.11971  -1.13442  -1.14919  -1.16400  -1.17887  -1.19378  -1.20874  -1.22376  -1.23882  -1.25393  -1.26910  -1.28431  -1.29957  -1.31487  -1.33023  -1.34563  -1.36108  -1.37658  -1.39213  -1.40772  -1.42336  -1.43905  -1.45479
 130.74513    0.34543   0.34543   0.34543   0.34542   0.34542   0.34540   0.34537   0.34531   0.34521   0.34506   0.34484   0.34454   0.34415   0.34365   0.34305   0.34234   0.34150   0.34053   0.33943   0.33819   0.33682   0.33530   0.33365   0.33185   0.32991   0.32782   0.32560   0.32323   0.32072   0.31807   0.31527   0.31234   0.30928   0.30607   0.30273   0.29926   0.29566   0.29192   0.28805   0.28406   0.27994   0.27570   0.27133   0.26684   0.26223   0.25750   0.25265   0.24768   0.24260   0.23740   0.23209   0.22666   0.22113   0.21549   0.20973   0.20387   0.19790   0.19183   0.18565   0.17937   0.17298   0.16649   0.15991   0.15322   0.14643   0.13954   0.13256   0.12548   0.11831   0.11103   0.10367   0.09621   0.08866   0.08102   0.07328   0.06545   0.05754   0.04953   0.04144   0.03326   0.02499   0.01664   0.00819  -0.00033  -0.00894  -0.01764  -0.02642  -0.03528  -0.04422  -0.05325  -0.06236  -0.07155  -0.08082  -0.09017  -0.09959  -0.10910  -0.11869  -0.12835  -0.13809  -0.14790  -0.15780  -0.16777  -0.17781  -0.18793  -0.19812  -0.20839  -0.21873  -0.22914  -0.23963  -0.25019  -0.26082  -0.27152  -0.28229  -0.29313  -0.30405  -0.31503  -0.32608  -0.33720  -0.34839  -0.35965  -0.37098  -0.38237  -0.39383  -0.40536  -0.41695  -0.42861  -0.44033  -0.45212  -0.46398  -0.47590  -0.48788  -0.49993  -0.51204  -0.52421  -0.53645  -0.54875  -0.56111  -0.57353  -0.58602  -0.59857  -0.61117  -0.62384  -0.63657  -0.64936  -0.66221  -0.67511  -0.68808  -0.70111  -0.71419  -0.72733  -0.74053  -0.75379  -0.76711  -0.78048  -0.79391  -0.80740  -0.82094  -0.83454  -0.84819  -0.86190  -0.87567  -0.88949  -0.90337  -0.91730  -0.93128  -0.94532  -0.95941  -0.97356  -0.98775  -1.00201  -1.01631  -1.03067  -1.04508  -1.05954  -1.07405  -1.08862  -1.10324  -1.11790  -1.13262  -1.14739  -1.16221  -1.17708  -1.19200  -1.20697  -1.22199  -1.23706  -1.25218  -1.26735  -1.28257  -1.29783  -1.31315  -1.32851  -1.34392  -1.35938  -1.37488  -1.39043  -1.40603  -1.42168  -1.43737  -1.45312
 130.86064    0.34811   0.34811   0.34811   0.34811   0.34810   0.34809   0.34806   0.34800   0.34790   0.34774   0.34752   0.34722   0.34683   0.34634   0.34573   0.34502   0.34418   0.34321   0.34211   0.34087   0.33949   0.33798   0.33632   0.33452   0.33258   0.33049   0.32826   0.32589   0.32338   0.32072   0.31793   0.31500   0.31193   0.30872   0.30538   0.30190   0.29829   0.29455   0.29068   0.28669   0.28256   0.27831   0.27394   0.26945   0.26483   0.26010   0.25524   0.25027   0.24518   0.23998   0.23466   0.22924   0.22370   0.21805   0.21229   0.20642   0.20045   0.19437   0.18819   0.18190   0.17551   0.16902   0.16243   0.15573   0.14894   0.14205   0.13506   0.12798   0.12079   0.11352   0.10615   0.09868   0.09113   0.08348   0.07574   0.06791   0.05998   0.05197   0.04388   0.03569   0.02741   0.01905   0.01061   0.00208  -0.00654  -0.01524  -0.02403  -0.03290  -0.04185  -0.05088  -0.05999  -0.06919  -0.07846  -0.08781  -0.09725  -0.10676  -0.11635  -0.12602  -0.13577  -0.14559  -0.15549  -0.16546  -0.17551  -0.18563  -0.19583  -0.20611  -0.21645  -0.22687  -0.23736  -0.24793  -0.25856  -0.26927  -0.28005  -0.29090  -0.30182  -0.31281  -0.32386  -0.33499  -0.34619  -0.35745  -0.36878  -0.38018  -0.39165  -0.40318  -0.41478  -0.42644  -0.43817  -0.44997  -0.46183  -0.47376  -0.48575  -0.49780  -0.50992  -0.52210  -0.53434  -0.54665  -0.55901  -0.57144  -0.58393  -0.59649  -0.60910  -0.62177  -0.63451  -0.64730  -0.66016  -0.67307  -0.68604  -0.69908  -0.71217  -0.72532  -0.73852  -0.75179  -0.76511  -0.77849  -0.79192  -0.80542  -0.81897  -0.83257  -0.84623  -0.85995  -0.87372  -0.88755  -0.90143  -0.91536  -0.92935  -0.94340  -0.95750  -0.97165  -0.98585  -1.00011  -1.01442  -1.02879  -1.04320  -1.05767  -1.07219  -1.08676  -1.10139  -1.11606  -1.13078  -1.14556  -1.16039  -1.17526  -1.19019  -1.20517  -1.22019  -1.23527  -1.25040  -1.26557  -1.28079  -1.29606  -1.31138  -1.32675  -1.34217  -1.35763  -1.37314  -1.38870  -1.40431  -1.41996  -1.43566  -1.45141
 130.97614    0.35083   0.35083   0.35083   0.35083   0.35082   0.35081   0.35078   0.35072   0.35062   0.35046   0.35024   0.34994   0.34955   0.34906   0.34846   0.34774   0.34690   0.34593   0.34483   0.34359   0.34221   0.34069   0.33904   0.33723   0.33529   0.33320   0.33097   0.32860   0.32608   0.32342   0.32062   0.31769   0.31461   0.31140   0.30806   0.30458   0.30097   0.29722   0.29335   0.28935   0.28522   0.28097   0.27659   0.27209   0.26747   0.26273   0.25788   0.25290   0.24781   0.24260   0.23728   0.23185   0.22631   0.22065   0.21489   0.20902   0.20304   0.19696   0.19077   0.18448   0.17808   0.17158   0.16498   0.15829   0.15149   0.14459   0.13760   0.13051   0.12332   0.11604   0.10866   0.10119   0.09363   0.08598   0.07823   0.07040   0.06247   0.05445   0.04635   0.03816   0.02988   0.02151   0.01306   0.00452  -0.00410  -0.01281  -0.02160  -0.03047  -0.03943  -0.04847  -0.05759  -0.06679  -0.07607  -0.08543  -0.09487  -0.10438  -0.11398  -0.12365  -0.13341  -0.14323  -0.15314  -0.16312  -0.17317  -0.18330  -0.19351  -0.20379  -0.21414  -0.22456  -0.23506  -0.24563  -0.25627  -0.26699  -0.27777  -0.28863  -0.29955  -0.31055  -0.32161  -0.33274  -0.34395  -0.35521  -0.36655  -0.37796  -0.38943  -0.40097  -0.41257  -0.42424  -0.43598  -0.44778  -0.45965  -0.47158  -0.48358  -0.49564  -0.50776  -0.51994  -0.53219  -0.54451  -0.55688  -0.56932  -0.58181  -0.59437  -0.60699  -0.61967  -0.63241  -0.64521  -0.65807  -0.67099  -0.68397  -0.69701  -0.71011  -0.72326  -0.73647  -0.74975  -0.76307  -0.77646  -0.78990  -0.80340  -0.81695  -0.83057  -0.84423  -0.85796  -0.87173  -0.88557  -0.89945  -0.91340  -0.92739  -0.94144  -0.95555  -0.96971  -0.98392  -0.99818  -1.01250  -1.02687  -1.04129  -1.05577  -1.07029  -1.08487  -1.09950  -1.11418  -1.12891  -1.14369  -1.15853  -1.17341  -1.18834  -1.20333  -1.21836  -1.23344  -1.24857  -1.26375  -1.27898  -1.29426  -1.30959  -1.32496  -1.34038  -1.35585  -1.37137  -1.38694  -1.40255  -1.41821  -1.43392  -1.44967
 131.09164    0.35359   0.35359   0.35359   0.35359   0.35358   0.35357   0.35354   0.35348   0.35338   0.35323   0.35301   0.35270   0.35231   0.35182   0.35122   0.35050   0.34966   0.34869   0.34758   0.34635   0.34497   0.34345   0.34179   0.33999   0.33804   0.33595   0.33372   0.33134   0.32882   0.32616   0.32336   0.32042   0.31734   0.31413   0.31078   0.30730   0.30368   0.29993   0.29606   0.29205   0.28792   0.28367   0.27928   0.27478   0.27016   0.26541   0.26055   0.25557   0.25047   0.24526   0.23994   0.23450   0.22895   0.22329   0.21753   0.21165   0.20567   0.19958   0.19338   0.18709   0.18069   0.17418   0.16758   0.16088   0.15407   0.14717   0.14017   0.13308   0.12589   0.11860   0.11122   0.10374   0.09618   0.08852   0.08076   0.07292   0.06499   0.05697   0.04886   0.04066   0.03238   0.02401   0.01555   0.00700  -0.00162  -0.01034  -0.01913  -0.02801  -0.03697  -0.04602  -0.05514  -0.06435  -0.07363  -0.08300  -0.09244  -0.10197  -0.11157  -0.12125  -0.13101  -0.14084  -0.15075  -0.16074  -0.17080  -0.18093  -0.19115  -0.20143  -0.21179  -0.22222  -0.23272  -0.24330  -0.25395  -0.26467  -0.27546  -0.28632  -0.29725  -0.30825  -0.31932  -0.33046  -0.34167  -0.35294  -0.36429  -0.37570  -0.38717  -0.39872  -0.41033  -0.42201  -0.43375  -0.44556  -0.45743  -0.46937  -0.48137  -0.49344  -0.50556  -0.51776  -0.53001  -0.54233  -0.55471  -0.56715  -0.57966  -0.59222  -0.60485  -0.61753  -0.63028  -0.64309  -0.65595  -0.66888  -0.68186  -0.69491  -0.70801  -0.72117  -0.73439  -0.74767  -0.76100  -0.77439  -0.78784  -0.80135  -0.81491  -0.82853  -0.84220  -0.85593  -0.86971  -0.88355  -0.89745  -0.91139  -0.92540  -0.93945  -0.95357  -0.96773  -0.98195  -0.99622  -1.01054  -1.02492  -1.03935  -1.05383  -1.06836  -1.08294  -1.09758  -1.11227  -1.12700  -1.14179  -1.15663  -1.17152  -1.18646  -1.20145  -1.21649  -1.23158  -1.24672  -1.26190  -1.27714  -1.29242  -1.30775  -1.32314  -1.33856  -1.35404  -1.36957  -1.38514  -1.40076  -1.41642  -1.43214  -1.44789
 131.20715    0.35640   0.35640   0.35639   0.35639   0.35639   0.35637   0.35634   0.35628   0.35618   0.35603   0.35581   0.35551   0.35512   0.35462   0.35402   0.35330   0.35246   0.35149   0.35038   0.34914   0.34777   0.34625   0.34458   0.34278   0.34083   0.33874   0.33650   0.33412   0.33160   0.32894   0.32613   0.32319   0.32011   0.31689   0.31354   0.31005   0.30644   0.30268   0.29880   0.29480   0.29066   0.28640   0.28202   0.27751   0.27288   0.26813   0.26326   0.25828   0.25318   0.24796   0.24263   0.23719   0.23164   0.22597   0.22020   0.21432   0.20833   0.20224   0.19604   0.18974   0.18333   0.17682   0.17022   0.16351   0.15670   0.14979   0.14279   0.13569   0.12849   0.12120   0.11381   0.10633   0.09876   0.09109   0.08334   0.07549   0.06755   0.05952   0.05141   0.04321   0.03492   0.02654   0.01807   0.00953   0.00089  -0.00783  -0.01663  -0.02551  -0.03448  -0.04353  -0.05266  -0.06187  -0.07116  -0.08054  -0.08999  -0.09952  -0.10912  -0.11881  -0.12857  -0.13841  -0.14833  -0.15832  -0.16839  -0.17853  -0.18875  -0.19904  -0.20940  -0.21984  -0.23035  -0.24093  -0.25158  -0.26231  -0.27310  -0.28397  -0.29491  -0.30592  -0.31699  -0.32814  -0.33935  -0.35063  -0.36198  -0.37340  -0.38488  -0.39643  -0.40805  -0.41973  -0.43148  -0.44330  -0.45518  -0.46712  -0.47913  -0.49120  -0.50333  -0.51553  -0.52779  -0.54012  -0.55250  -0.56495  -0.57746  -0.59003  -0.60266  -0.61536  -0.62811  -0.64092  -0.65380  -0.66673  -0.67972  -0.69277  -0.70588  -0.71905  -0.73227  -0.74555  -0.75890  -0.77229  -0.78575  -0.79926  -0.81283  -0.82645  -0.84013  -0.85387  -0.86766  -0.88150  -0.89540  -0.90936  -0.92337  -0.93743  -0.95155  -0.96572  -0.97994  -0.99422  -1.00855  -1.02293  -1.03737  -1.05185  -1.06639  -1.08098  -1.09562  -1.11032  -1.12506  -1.13986  -1.15470  -1.16960  -1.18454  -1.19954  -1.21458  -1.22968  -1.24482  -1.26002  -1.27526  -1.29055  -1.30589  -1.32128  -1.33671  -1.35219  -1.36772  -1.38330  -1.39893  -1.41460  -1.43032  -1.44609
 131.32265    0.35924   0.35924   0.35924   0.35924   0.35923   0.35922   0.35918   0.35913   0.35903   0.35887   0.35865   0.35835   0.35796   0.35747   0.35686   0.35614   0.35530   0.35433   0.35322   0.35198   0.35060   0.34908   0.34742   0.34561   0.34366   0.34156   0.33933   0.33694   0.33442   0.33175   0.32895   0.32600   0.32292   0.31970   0.31634   0.31285   0.30923   0.30547   0.30159   0.29758   0.29344   0.28917   0.28478   0.28027   0.27564   0.27089   0.26601   0.26103   0.25592   0.25070   0.24537   0.23992   0.23436   0.22869   0.22291   0.21703   0.21104   0.20494   0.19873   0.19243   0.18602   0.17950   0.17289   0.16618   0.15936   0.15245   0.14544   0.13833   0.13113   0.12383   0.11644   0.10896   0.10138   0.09371   0.08595   0.07809   0.07015   0.06212   0.05400   0.04579   0.03749   0.02911   0.02064   0.01208   0.00345  -0.00528  -0.01409  -0.02298  -0.03195  -0.04100  -0.05014  -0.05936  -0.06866  -0.07803  -0.08749  -0.09703  -0.10664  -0.11633  -0.12610  -0.13595  -0.14587  -0.15587  -0.16594  -0.17609  -0.18631  -0.19661  -0.20698  -0.21742  -0.22793  -0.23852  -0.24918  -0.25991  -0.27072  -0.28159  -0.29253  -0.30354  -0.31463  -0.32578  -0.33700  -0.34829  -0.35964  -0.37106  -0.38255  -0.39411  -0.40573  -0.41742  -0.42918  -0.44100  -0.45288  -0.46483  -0.47685  -0.48893  -0.50107  -0.51327  -0.52554  -0.53787  -0.55026  -0.56272  -0.57523  -0.58781  -0.60045  -0.61315  -0.62591  -0.63872  -0.65160  -0.66454  -0.67754  -0.69060  -0.70371  -0.71689  -0.73012  -0.74341  -0.75675  -0.77016  -0.78362  -0.79714  -0.81071  -0.82434  -0.83803  -0.85177  -0.86556  -0.87942  -0.89332  -0.90728  -0.92130  -0.93537  -0.94949  -0.96367  -0.97790  -0.99218  -1.00652  -1.02091  -1.03535  -1.04984  -1.06439  -1.07898  -1.09363  -1.10833  -1.12308  -1.13788  -1.15274  -1.16764  -1.18259  -1.19759  -1.21264  -1.22775  -1.24290  -1.25810  -1.27334  -1.28864  -1.30399  -1.31938  -1.33482  -1.35031  -1.36585  -1.38143  -1.39707  -1.41274  -1.42847  -1.44424
 131.43816    0.36212   0.36212   0.36212   0.36212   0.36211   0.36210   0.36207   0.36201   0.36191   0.36175   0.36153   0.36123   0.36084   0.36035   0.35974   0.35902   0.35818   0.35721   0.35610   0.35486   0.35348   0.35196   0.35029   0.34848   0.34653   0.34443   0.34219   0.33981   0.33728   0.33461   0.33180   0.32885   0.32577   0.32254   0.31918   0.31569   0.31206   0.30830   0.30441   0.30040   0.29626   0.29199   0.28759   0.28308   0.27844   0.27368   0.26881   0.26381   0.25870   0.25348   0.24814   0.24269   0.23712   0.23145   0.22567   0.21978   0.21378   0.20768   0.20147   0.19515   0.18874   0.18222   0.17560   0.16888   0.16206   0.15515   0.14813   0.14102   0.13381   0.12651   0.11911   0.11162   0.10404   0.09636   0.08859   0.08073   0.07279   0.06475   0.05662   0.04841   0.04010   0.03172   0.02324   0.01468   0.00604  -0.00269  -0.01151  -0.02040  -0.02938  -0.03844  -0.04759  -0.05681  -0.06611  -0.07550  -0.08496  -0.09450  -0.10412  -0.11382  -0.12359  -0.13344  -0.14337  -0.15337  -0.16345  -0.17361  -0.18384  -0.19414  -0.20451  -0.21496  -0.22549  -0.23608  -0.24675  -0.25748  -0.26829  -0.27917  -0.29012  -0.30114  -0.31223  -0.32338  -0.33461  -0.34590  -0.35726  -0.36869  -0.38019  -0.39175  -0.40338  -0.41508  -0.42684  -0.43867  -0.45056  -0.46251  -0.47453  -0.48662  -0.49876  -0.51097  -0.52325  -0.53558  -0.54798  -0.56044  -0.57297  -0.58555  -0.59819  -0.61090  -0.62366  -0.63649  -0.64938  -0.66232  -0.67532  -0.68839  -0.70151  -0.71469  -0.72793  -0.74122  -0.75458  -0.76799  -0.78145  -0.79498  -0.80856  -0.82219  -0.83589  -0.84963  -0.86344  -0.87730  -0.89121  -0.90518  -0.91920  -0.93327  -0.94740  -0.96159  -0.97582  -0.99011  -1.00446  -1.01885  -1.03330  -1.04780  -1.06235  -1.07695  -1.09161  -1.10631  -1.12107  -1.13588  -1.15074  -1.16565  -1.18060  -1.19561  -1.21067  -1.22578  -1.24094  -1.25614  -1.27140  -1.28670  -1.30205  -1.31745  -1.33290  -1.34840  -1.36394  -1.37953  -1.39517  -1.41085  -1.42659  -1.44237
 131.55366    0.36504   0.36504   0.36504   0.36504   0.36503   0.36502   0.36499   0.36493   0.36483   0.36468   0.36446   0.36415   0.36376   0.36327   0.36267   0.36195   0.36110   0.36013   0.35902   0.35778   0.35639   0.35487   0.35320   0.35139   0.34944   0.34734   0.34509   0.34271   0.34018   0.33751   0.33469   0.33174   0.32865   0.32542   0.32206   0.31856   0.31493   0.31117   0.30728   0.30326   0.29911   0.29484   0.29044   0.28592   0.28128   0.27652   0.27163   0.26664   0.26152   0.25629   0.25095   0.24549   0.23992   0.23424   0.22846   0.22256   0.21656   0.21045   0.20424   0.19792   0.19150   0.18497   0.17835   0.17163   0.16480   0.15788   0.15086   0.14374   0.13653   0.12922   0.12182   0.11432   0.10673   0.09905   0.09128   0.08341   0.07546   0.06741   0.05928   0.05106   0.04275   0.03436   0.02588   0.01731   0.00866  -0.00007  -0.00889  -0.01779  -0.02678  -0.03584  -0.04499  -0.05422  -0.06353  -0.07292  -0.08239  -0.09194  -0.10156  -0.11126  -0.12105  -0.13090  -0.14084  -0.15085  -0.16093  -0.17109  -0.18133  -0.19163  -0.20202  -0.21247  -0.22300  -0.23360  -0.24427  -0.25501  -0.26583  -0.27671  -0.28767  -0.29869  -0.30979  -0.32095  -0.33218  -0.34348  -0.35485  -0.36629  -0.37779  -0.38936  -0.40099  -0.41270  -0.42446  -0.43630  -0.44819  -0.46016  -0.47218  -0.48427  -0.49643  -0.50864  -0.52092  -0.53327  -0.54567  -0.55814  -0.57067  -0.58325  -0.59591  -0.60862  -0.62139  -0.63422  -0.64711  -0.66006  -0.67307  -0.68614  -0.69927  -0.71246  -0.72570  -0.73900  -0.75236  -0.76578  -0.77925  -0.79278  -0.80637  -0.82001  -0.83371  -0.84747  -0.86127  -0.87514  -0.88906  -0.90303  -0.91706  -0.93114  -0.94528  -0.95947  -0.97371  -0.98801  -1.00236  -1.01676  -1.03121  -1.04572  -1.06028  -1.07489  -1.08955  -1.10426  -1.11902  -1.13384  -1.14870  -1.16362  -1.17858  -1.19360  -1.20866  -1.22378  -1.23894  -1.25415  -1.26941  -1.28472  -1.30008  -1.31549  -1.33094  -1.34645  -1.36200  -1.37759  -1.39324  -1.40893  -1.42467  -1.44045
 131.66917    0.36800   0.36800   0.36800   0.36800   0.36799   0.36798   0.36795   0.36789   0.36779   0.36764   0.36742   0.36712   0.36672   0.36623   0.36563   0.36491   0.36406   0.36309   0.36198   0.36073   0.35935   0.35782   0.35615   0.35434   0.35238   0.35028   0.34804   0.34565   0.34311   0.34044   0.33762   0.33467   0.33157   0.32834   0.32498   0.32148   0.31784   0.31408   0.31018   0.30616   0.30200   0.29773   0.29332   0.28880   0.28415   0.27939   0.27450   0.26950   0.26438   0.25914   0.25380   0.24833   0.24276   0.23708   0.23129   0.22539   0.21938   0.21326   0.20704   0.20072   0.19430   0.18777   0.18114   0.17441   0.16758   0.16065   0.15362   0.14650   0.13928   0.13197   0.12456   0.11706   0.10946   0.10178   0.09400   0.08613   0.07817   0.07012   0.06198   0.05376   0.04544   0.03704   0.02856   0.01998   0.01133   0.00259  -0.00624  -0.01515  -0.02414  -0.03321  -0.04236  -0.05160  -0.06091  -0.07031  -0.07978  -0.08934  -0.09897  -0.10868  -0.11846  -0.12833  -0.13827  -0.14828  -0.15837  -0.16854  -0.17878  -0.18909  -0.19948  -0.20994  -0.22048  -0.23108  -0.24176  -0.25251  -0.26333  -0.27422  -0.28518  -0.29621  -0.30732  -0.31848  -0.32972  -0.34103  -0.35240  -0.36384  -0.37535  -0.38693  -0.39857  -0.41028  -0.42205  -0.43389  -0.44579  -0.45776  -0.46979  -0.48189  -0.49405  -0.50627  -0.51856  -0.53091  -0.54332  -0.55579  -0.56833  -0.58092  -0.59358  -0.60630  -0.61908  -0.63192  -0.64481  -0.65777  -0.67079  -0.68386  -0.69700  -0.71019  -0.72344  -0.73675  -0.75011  -0.76354  -0.77702  -0.79055  -0.80415  -0.81780  -0.83150  -0.84526  -0.85908  -0.87295  -0.88687  -0.90086  -0.91489  -0.92898  -0.94312  -0.95732  -0.97157  -0.98587  -1.00022  -1.01463  -1.02909  -1.04361  -1.05817  -1.07279  -1.08745  -1.10217  -1.11694  -1.13176  -1.14663  -1.16156  -1.17653  -1.19155  -1.20662  -1.22174  -1.23691  -1.25213  -1.26740  -1.28271  -1.29808  -1.31349  -1.32895  -1.34446  -1.36002  -1.37562  -1.39127  -1.40697  -1.42272  -1.43851
 131.78467    0.37100   0.37100   0.37100   0.37100   0.37100   0.37098   0.37095   0.37089   0.37079   0.37064   0.37042   0.37012   0.36972   0.36923   0.36863   0.36790   0.36706   0.36608   0.36497   0.36373   0.36234   0.36082   0.35914   0.35733   0.35537   0.35327   0.35102   0.34862   0.34609   0.34341   0.34059   0.33763   0.33454   0.33130   0.32793   0.32443   0.32079   0.31702   0.31312   0.30909   0.30494   0.30065   0.29625   0.29172   0.28707   0.28230   0.27741   0.27240   0.26727   0.26203   0.25668   0.25122   0.24564   0.23995   0.23415   0.22825   0.22223   0.21611   0.20989   0.20356   0.19713   0.19060   0.18396   0.17723   0.17039   0.16346   0.15643   0.14930   0.14208   0.13476   0.12734   0.11983   0.11223   0.10454   0.09676   0.08888   0.08092   0.07286   0.06472   0.05649   0.04817   0.03976   0.03127   0.02269   0.01403   0.00528  -0.00355  -0.01246  -0.02146  -0.03054  -0.03970  -0.04894  -0.05826  -0.06766  -0.07714  -0.08670  -0.09634  -0.10605  -0.11584  -0.12571  -0.13566  -0.14568  -0.15578  -0.16595  -0.17620  -0.18652  -0.19691  -0.20738  -0.21792  -0.22853  -0.23922  -0.24997  -0.26080  -0.27169  -0.28266  -0.29370  -0.30481  -0.31598  -0.32723  -0.33854  -0.34992  -0.36137  -0.37288  -0.38446  -0.39611  -0.40783  -0.41960  -0.43145  -0.44336  -0.45533  -0.46737  -0.47948  -0.49164  -0.50387  -0.51616  -0.52852  -0.54094  -0.55342  -0.56596  -0.57856  -0.59122  -0.60395  -0.61673  -0.62958  -0.64248  -0.65544  -0.66847  -0.68155  -0.69469  -0.70789  -0.72115  -0.73446  -0.74783  -0.76126  -0.77475  -0.78829  -0.80189  -0.81555  -0.82926  -0.84302  -0.85685  -0.87072  -0.88466  -0.89864  -0.91268  -0.92678  -0.94093  -0.95513  -0.96939  -0.98370  -0.99806  -1.01247  -1.02694  -1.04146  -1.05603  -1.07065  -1.08533  -1.10005  -1.11483  -1.12965  -1.14453  -1.15946  -1.17444  -1.18947  -1.20454  -1.21967  -1.23485  -1.25007  -1.26535  -1.28067  -1.29604  -1.31146  -1.32693  -1.34244  -1.35801  -1.37362  -1.38928  -1.40498  -1.42073  -1.43653
 131.90018    0.37404   0.37404   0.37404   0.37404   0.37403   0.37402   0.37399   0.37393   0.37383   0.37368   0.37346   0.37316   0.37276   0.37227   0.37166   0.37094   0.37010   0.36912   0.36801   0.36676   0.36538   0.36385   0.36217   0.36036   0.35839   0.35629   0.35404   0.35164   0.34910   0.34642   0.34360   0.34064   0.33754   0.33430   0.33093   0.32742   0.32378   0.32000   0.31610   0.31206   0.30790   0.30362   0.29921   0.29467   0.29002   0.28524   0.28035   0.27534   0.27021   0.26496   0.25960   0.25413   0.24855   0.24286   0.23706   0.23114   0.22513   0.21900   0.21277   0.20644   0.20000   0.19346   0.18682   0.18008   0.17324   0.16630   0.15927   0.15213   0.14490   0.13758   0.13016   0.12265   0.11504   0.10734   0.09955   0.09167   0.08370   0.07564   0.06749   0.05925   0.05093   0.04252   0.03402   0.02544   0.01677   0.00801  -0.00082  -0.00974  -0.01874  -0.02783  -0.03699  -0.04624  -0.05557  -0.06497  -0.07446  -0.08403  -0.09367  -0.10339  -0.11319  -0.12307  -0.13302  -0.14304  -0.15315  -0.16333  -0.17358  -0.18391  -0.19431  -0.20478  -0.21533  -0.22594  -0.23663  -0.24740  -0.25823  -0.26913  -0.28011  -0.29115  -0.30226  -0.31344  -0.32469  -0.33601  -0.34740  -0.35885  -0.37037  -0.38196  -0.39362  -0.40534  -0.41712  -0.42897  -0.44089  -0.45287  -0.46492  -0.47702  -0.48920  -0.50143  -0.51373  -0.52609  -0.53852  -0.55100  -0.56355  -0.57616  -0.58883  -0.60156  -0.61435  -0.62720  -0.64011  -0.65308  -0.66611  -0.67920  -0.69235  -0.70555  -0.71881  -0.73214  -0.74551  -0.75895  -0.77244  -0.78599  -0.79960  -0.81326  -0.82698  -0.84075  -0.85458  -0.86846  -0.88240  -0.89640  -0.91044  -0.92455  -0.93870  -0.95291  -0.96717  -0.98149  -0.99586  -1.01028  -1.02475  -1.03928  -1.05385  -1.06848  -1.08316  -1.09790  -1.11268  -1.12751  -1.14240  -1.15733  -1.17231  -1.18735  -1.20243  -1.21757  -1.23275  -1.24798  -1.26326  -1.27859  -1.29397  -1.30940  -1.32487  -1.34039  -1.35596  -1.37158  -1.38724  -1.40296  -1.41871  -1.43452
 132.01568    0.37712   0.37712   0.37712   0.37712   0.37711   0.37710   0.37707   0.37701   0.37691   0.37676   0.37653   0.37623   0.37584   0.37535   0.37474   0.37402   0.37317   0.37219   0.37108   0.36983   0.36845   0.36691   0.36524   0.36342   0.36146   0.35935   0.35709   0.35470   0.35216   0.34947   0.34665   0.34368   0.34058   0.33734   0.33396   0.33045   0.32680   0.32302   0.31911   0.31508   0.31091   0.30662   0.30221   0.29767   0.29301   0.28823   0.28333   0.27831   0.27318   0.26793   0.26257   0.25709   0.25150   0.24580   0.24000   0.23408   0.22806   0.22193   0.21569   0.20935   0.20291   0.19637   0.18972   0.18298   0.17613   0.16919   0.16214   0.15501   0.14777   0.14044   0.13302   0.12550   0.11788   0.11018   0.10238   0.09450   0.08652   0.07845   0.07030   0.06206   0.05373   0.04531   0.03680   0.02822   0.01954   0.01078   0.00194  -0.00698  -0.01599  -0.02508  -0.03425  -0.04351  -0.05284  -0.06225  -0.07175  -0.08132  -0.09097  -0.10069  -0.11050  -0.12038  -0.13034  -0.14037  -0.15048  -0.16067  -0.17092  -0.18126  -0.19166  -0.20214  -0.21270  -0.22332  -0.23402  -0.24478  -0.25562  -0.26653  -0.27751  -0.28856  -0.29968  -0.31087  -0.32213  -0.33345  -0.34484  -0.35630  -0.36783  -0.37943  -0.39109  -0.40281  -0.41460  -0.42646  -0.43838  -0.45037  -0.46242  -0.47454  -0.48672  -0.49896  -0.51127  -0.52363  -0.53606  -0.54856  -0.56111  -0.57372  -0.58640  -0.59914  -0.61193  -0.62479  -0.63771  -0.65068  -0.66372  -0.67682  -0.68997  -0.70318  -0.71645  -0.72978  -0.74316  -0.75661  -0.77010  -0.78366  -0.79727  -0.81094  -0.82467  -0.83845  -0.85228  -0.86617  -0.88012  -0.89412  -0.90817  -0.92228  -0.93644  -0.95066  -0.96492  -0.97925  -0.99362  -1.00805  -1.02253  -1.03706  -1.05164  -1.06628  -1.08097  -1.09571  -1.11049  -1.12534  -1.14023  -1.15517  -1.17016  -1.18520  -1.20029  -1.21543  -1.23062  -1.24586  -1.26115  -1.27648  -1.29187  -1.30730  -1.32278  -1.33831  -1.35388  -1.36951  -1.38518  -1.40090  -1.41666  -1.43247
 132.13119    0.38024   0.38024   0.38024   0.38023   0.38023   0.38021   0.38018   0.38013   0.38003   0.37987   0.37965   0.37935   0.37896   0.37846   0.37786   0.37713   0.37629   0.37531   0.37420   0.37295   0.37155   0.37002   0.36835   0.36652   0.36456   0.36245   0.36019   0.35779   0.35524   0.35256   0.34973   0.34676   0.34365   0.34041   0.33703   0.33351   0.32986   0.32608   0.32217   0.31813   0.31396   0.30966   0.30524   0.30070   0.29604   0.29125   0.28635   0.28132   0.27619   0.27093   0.26556   0.26008   0.25449   0.24879   0.24297   0.23705   0.23103   0.22489   0.21865   0.21231   0.20586   0.19931   0.19266   0.18591   0.17906   0.17211   0.16506   0.15791   0.15067   0.14334   0.13591   0.12838   0.12076   0.11305   0.10525   0.09736   0.08938   0.08131   0.07315   0.06490   0.05656   0.04814   0.03963   0.03103   0.02235   0.01359   0.00474  -0.00419  -0.01321  -0.02230  -0.03148  -0.04074  -0.05008  -0.05950  -0.06900  -0.07857  -0.08823  -0.09796  -0.10777  -0.11766  -0.12762  -0.13766  -0.14778  -0.15797  -0.16823  -0.17857  -0.18899  -0.19947  -0.21003  -0.22066  -0.23136  -0.24214  -0.25298  -0.26390  -0.27488  -0.28594  -0.29707  -0.30826  -0.31952  -0.33085  -0.34225  -0.35372  -0.36525  -0.37685  -0.38852  -0.40025  -0.41205  -0.42392  -0.43584  -0.44784  -0.45990  -0.47202  -0.48420  -0.49645  -0.50876  -0.52114  -0.53357  -0.54607  -0.55863  -0.57125  -0.58394  -0.59668  -0.60948  -0.62235  -0.63527  -0.64825  -0.66130  -0.67440  -0.68756  -0.70077  -0.71405  -0.72739  -0.74078  -0.75423  -0.76773  -0.78129  -0.79491  -0.80859  -0.82232  -0.83610  -0.84995  -0.86384  -0.87779  -0.89180  -0.90586  -0.91998  -0.93414  -0.94837  -0.96264  -0.97697  -0.99135  -1.00579  -1.02027  -1.03481  -1.04940  -1.06404  -1.07874  -1.09348  -1.10828  -1.12312  -1.13802  -1.15297  -1.16797  -1.18302  -1.19811  -1.21326  -1.22846  -1.24370  -1.25899  -1.27434  -1.28973  -1.30517  -1.32065  -1.33619  -1.35177  -1.36740  -1.38308  -1.39881  -1.41458  -1.43039
 132.24669    0.38339   0.38339   0.38339   0.38339   0.38338   0.38337   0.38334   0.38328   0.38318   0.38303   0.38281   0.38250   0.38211   0.38162   0.38101   0.38029   0.37944   0.37846   0.37735   0.37609   0.37470   0.37317   0.37149   0.36966   0.36770   0.36558   0.36332   0.36092   0.35837   0.35568   0.35285   0.34988   0.34677   0.34352   0.34013   0.33661   0.33296   0.32917   0.32526   0.32121   0.31704   0.31274   0.30832   0.30377   0.29910   0.29431   0.28940   0.28437   0.27923   0.27397   0.26860   0.26311   0.25752   0.25181   0.24599   0.24006   0.23403   0.22789   0.22164   0.21530   0.20884   0.20229   0.19563   0.18887   0.18202   0.17506   0.16801   0.16086   0.15361   0.14627   0.13883   0.13130   0.12368   0.11597   0.10816   0.10026   0.09227   0.08419   0.07603   0.06777   0.05943   0.05100   0.04249   0.03388   0.02520   0.01643   0.00757  -0.00136  -0.01038  -0.01949  -0.02867  -0.03793  -0.04728  -0.05670  -0.06621  -0.07579  -0.08545  -0.09519  -0.10501  -0.11490  -0.12487  -0.13492  -0.14504  -0.15524  -0.16551  -0.17585  -0.18627  -0.19676  -0.20733  -0.21797  -0.22868  -0.23946  -0.25031  -0.26123  -0.27222  -0.28328  -0.29441  -0.30562  -0.31688  -0.32822  -0.33963  -0.35110  -0.36264  -0.37425  -0.38592  -0.39766  -0.40946  -0.42133  -0.43327  -0.44527  -0.45733  -0.46946  -0.48165  -0.49391  -0.50623  -0.51861  -0.53105  -0.54356  -0.55612  -0.56875  -0.58144  -0.59419  -0.60700  -0.61987  -0.63280  -0.64579  -0.65884  -0.67194  -0.68511  -0.69834  -0.71162  -0.72496  -0.73836  -0.75181  -0.76532  -0.77889  -0.79252  -0.80620  -0.81994  -0.83373  -0.84758  -0.86148  -0.87544  -0.88945  -0.90352  -0.91764  -0.93182  -0.94604  -0.96033  -0.97466  -0.98905  -1.00349  -1.01798  -1.03253  -1.04713  -1.06177  -1.07647  -1.09123  -1.10603  -1.12088  -1.13579  -1.15074  -1.16574  -1.18080  -1.19590  -1.21106  -1.22626  -1.24151  -1.25681  -1.27216  -1.28756  -1.30300  -1.31850  -1.33404  -1.34963  -1.36527  -1.38095  -1.39668  -1.41246  -1.42828
 132.36220    0.38659   0.38659   0.38659   0.38658   0.38658   0.38656   0.38653   0.38647   0.38637   0.38622   0.38600   0.38570   0.38530   0.38481   0.38420   0.38348   0.38263   0.38165   0.38053   0.37928   0.37789   0.37635   0.37467   0.37284   0.37087   0.36876   0.36649   0.36409   0.36154   0.35884   0.35601   0.35303   0.34992   0.34667   0.34328   0.33975   0.33610   0.33231   0.32839   0.32434   0.32016   0.31586   0.31143   0.30687   0.30220   0.29741   0.29249   0.28746   0.28231   0.27705   0.27167   0.26618   0.26058   0.25486   0.24904   0.24311   0.23707   0.23093   0.22467   0.21832   0.21186   0.20530   0.19864   0.19188   0.18502   0.17805   0.17100   0.16384   0.15659   0.14924   0.14180   0.13426   0.12663   0.11891   0.11110   0.10320   0.09520   0.08712   0.07895   0.07068   0.06234   0.05390   0.04538   0.03677   0.02808   0.01930   0.01044   0.00150  -0.00752  -0.01663  -0.02582  -0.03509  -0.04444  -0.05388  -0.06339  -0.07298  -0.08264  -0.09239  -0.10221  -0.11211  -0.12209  -0.13214  -0.14227  -0.15247  -0.16275  -0.17310  -0.18352  -0.19402  -0.20459  -0.21524  -0.22595  -0.23674  -0.24760  -0.25852  -0.26952  -0.28059  -0.29173  -0.30294  -0.31421  -0.32556  -0.33697  -0.34845  -0.35999  -0.37161  -0.38329  -0.39503  -0.40684  -0.41872  -0.43066  -0.44267  -0.45474  -0.46687  -0.47907  -0.49133  -0.50366  -0.51604  -0.52849  -0.54100  -0.55358  -0.56621  -0.57891  -0.59166  -0.60448  -0.61736  -0.63029  -0.64329  -0.65634  -0.66946  -0.68263  -0.69586  -0.70915  -0.72250  -0.73590  -0.74936  -0.76288  -0.77646  -0.79009  -0.80378  -0.81752  -0.83132  -0.84518  -0.85909  -0.87305  -0.88707  -0.90114  -0.91527  -0.92945  -0.94369  -0.95798  -0.97232  -0.98671  -1.00116  -1.01566  -1.03021  -1.04482  -1.05947  -1.07418  -1.08894  -1.10374  -1.11860  -1.13352  -1.14848  -1.16349  -1.17855  -1.19366  -1.20882  -1.22403  -1.23929  -1.25459  -1.26995  -1.28535  -1.30081  -1.31631  -1.33186  -1.34745  -1.36310  -1.37879  -1.39452  -1.41031  -1.42614
 132.47770    0.38982   0.38982   0.38982   0.38981   0.38981   0.38979   0.38976   0.38970   0.38960   0.38945   0.38923   0.38893   0.38853   0.38804   0.38743   0.38671   0.38586   0.38487   0.38376   0.38250   0.38111   0.37957   0.37789   0.37606   0.37409   0.37197   0.36970   0.36729   0.36474   0.36204   0.35921   0.35623   0.35311   0.34985   0.34646   0.34293   0.33927   0.33548   0.33155   0.32750   0.32332   0.31901   0.31457   0.31002   0.30534   0.30054   0.29562   0.29058   0.28543   0.28016   0.27478   0.26928   0.26368   0.25796   0.25213   0.24619   0.24015   0.23400   0.22774   0.22138   0.21492   0.20835   0.20168   0.19492   0.18805   0.18108   0.17402   0.16686   0.15960   0.15225   0.14480   0.13726   0.12962   0.12190   0.11408   0.10617   0.09817   0.09008   0.08190   0.07363   0.06528   0.05684   0.04831   0.03970   0.03100   0.02222   0.01335   0.00440  -0.00463  -0.01375  -0.02294  -0.03222  -0.04158  -0.05101  -0.06053  -0.07012  -0.07980  -0.08955  -0.09938  -0.10929  -0.11927  -0.12933  -0.13946  -0.14967  -0.15995  -0.17031  -0.18074  -0.19125  -0.20182  -0.21247  -0.22319  -0.23399  -0.24485  -0.25579  -0.26679  -0.27786  -0.28901  -0.30022  -0.31150  -0.32285  -0.33427  -0.34576  -0.35731  -0.36893  -0.38062  -0.39237  -0.40419  -0.41607  -0.42802  -0.44003  -0.45211  -0.46425  -0.47645  -0.48872  -0.50105  -0.51344  -0.52590  -0.53842  -0.55100  -0.56364  -0.57634  -0.58910  -0.60193  -0.61481  -0.62775  -0.64075  -0.65382  -0.66694  -0.68012  -0.69335  -0.70665  -0.72000  -0.73341  -0.74688  -0.76041  -0.77399  -0.78763  -0.80132  -0.81507  -0.82888  -0.84274  -0.85666  -0.87063  -0.88465  -0.89873  -0.91287  -0.92706  -0.94130  -0.95559  -0.96994  -0.98434  -0.99880  -1.01330  -1.02786  -1.04247  -1.05713  -1.07185  -1.08661  -1.10143  -1.11629  -1.13121  -1.14618  -1.16120  -1.17626  -1.19138  -1.20655  -1.22176  -1.23703  -1.25234  -1.26771  -1.28312  -1.29858  -1.31408  -1.32964  -1.34524  -1.36089  -1.37659  -1.39233  -1.40813  -1.42396
 132.59321    0.39309   0.39309   0.39308   0.39308   0.39308   0.39306   0.39303   0.39297   0.39287   0.39272   0.39250   0.39220   0.39180   0.39131   0.39070   0.38997   0.38912   0.38814   0.38702   0.38577   0.38437   0.38283   0.38114   0.37931   0.37734   0.37522   0.37295   0.37054   0.36798   0.36528   0.36244   0.35946   0.35633   0.35307   0.34968   0.34615   0.34248   0.33868   0.33475   0.33069   0.32651   0.32220   0.31776   0.31320   0.30851   0.30371   0.29879   0.29375   0.28859   0.28331   0.27793   0.27242   0.26681   0.26109   0.25525   0.24931   0.24326   0.23711   0.23084   0.22448   0.21801   0.21144   0.20477   0.19799   0.19112   0.18415   0.17708   0.16991   0.16265   0.15529   0.14783   0.14029   0.13265   0.12491   0.11709   0.10917   0.10117   0.09307   0.08489   0.07662   0.06826   0.05981   0.05128   0.04266   0.03395   0.02516   0.01629   0.00734  -0.00170  -0.01082  -0.02002  -0.02931  -0.03867  -0.04811  -0.05764  -0.06724  -0.07692  -0.08668  -0.09651  -0.10642  -0.11641  -0.12648  -0.13662  -0.14683  -0.15712  -0.16749  -0.17792  -0.18843  -0.19902  -0.20967  -0.22040  -0.23120  -0.24207  -0.25301  -0.26402  -0.27510  -0.28625  -0.29747  -0.30876  -0.32012  -0.33154  -0.34304  -0.35459  -0.36622  -0.37791  -0.38967  -0.40150  -0.41338  -0.42534  -0.43736  -0.44944  -0.46159  -0.47380  -0.48607  -0.49841  -0.51081  -0.52327  -0.53580  -0.54838  -0.56103  -0.57374  -0.58651  -0.59934  -0.61223  -0.62518  -0.63819  -0.65126  -0.66438  -0.67757  -0.69081  -0.70411  -0.71747  -0.73089  -0.74437  -0.75790  -0.77149  -0.78513  -0.79883  -0.81259  -0.82640  -0.84027  -0.85419  -0.86817  -0.88221  -0.89629  -0.91043  -0.92463  -0.93888  -0.95318  -0.96753  -0.98194  -0.99640  -1.01091  -1.02548  -1.04010  -1.05476  -1.06949  -1.08426  -1.09908  -1.11395  -1.12888  -1.14385  -1.15887  -1.17395  -1.18907  -1.20425  -1.21947  -1.23474  -1.25006  -1.26543  -1.28085  -1.29631  -1.31183  -1.32739  -1.34300  -1.35866  -1.37436  -1.39011  -1.40591  -1.42175
 132.70871    0.39639   0.39639   0.39639   0.39639   0.39638   0.39637   0.39634   0.39628   0.39618   0.39602   0.39580   0.39550   0.39511   0.39461   0.39400   0.39328   0.39242   0.39144   0.39032   0.38906   0.38767   0.38612   0.38444   0.38260   0.38063   0.37850   0.37623   0.37382   0.37126   0.36855   0.36571   0.36272   0.35960   0.35633   0.35293   0.34940   0.34573   0.34192   0.33799   0.33393   0.32974   0.32542   0.32098   0.31641   0.31173   0.30692   0.30199   0.29694   0.29178   0.28650   0.28111   0.27560   0.26998   0.26425   0.25841   0.25247   0.24641   0.24025   0.23398   0.22761   0.22114   0.21456   0.20788   0.20110   0.19423   0.18725   0.18017   0.17300   0.16573   0.15837   0.15091   0.14335   0.13571   0.12797   0.12014   0.11222   0.10420   0.09610   0.08791   0.07963   0.07127   0.06282   0.05428   0.04565   0.03694   0.02815   0.01927   0.01031   0.00126  -0.00786  -0.01707  -0.02636  -0.03573  -0.04518  -0.05471  -0.06432  -0.07400  -0.08377  -0.09361  -0.10353  -0.11352  -0.12359  -0.13374  -0.14396  -0.15426  -0.16463  -0.17507  -0.18559  -0.19618  -0.20684  -0.21757  -0.22838  -0.23926  -0.25020  -0.26122  -0.27231  -0.28347  -0.29469  -0.30599  -0.31735  -0.32878  -0.34028  -0.35184  -0.36348  -0.37517  -0.38694  -0.39877  -0.41067  -0.42263  -0.43465  -0.44674  -0.45890  -0.47111  -0.48339  -0.49574  -0.50815  -0.52061  -0.53314  -0.54574  -0.55839  -0.57111  -0.58388  -0.59672  -0.60961  -0.62257  -0.63559  -0.64866  -0.66179  -0.67499  -0.68824  -0.70155  -0.71491  -0.72834  -0.74182  -0.75536  -0.76895  -0.78260  -0.79631  -0.81008  -0.82389  -0.83777  -0.85170  -0.86568  -0.87972  -0.89382  -0.90796  -0.92217  -0.93642  -0.95073  -0.96509  -0.97951  -0.99397  -1.00849  -1.02306  -1.03769  -1.05236  -1.06709  -1.08187  -1.09670  -1.11158  -1.12651  -1.14149  -1.15652  -1.17160  -1.18673  -1.20191  -1.21714  -1.23242  -1.24775  -1.26312  -1.27855  -1.29402  -1.30954  -1.32511  -1.34072  -1.35639  -1.37210  -1.38786  -1.40366  -1.41951
 132.82421    0.39974   0.39974   0.39973   0.39973   0.39973   0.39971   0.39968   0.39962   0.39952   0.39937   0.39915   0.39884   0.39845   0.39795   0.39734   0.39662   0.39576   0.39478   0.39366   0.39240   0.39100   0.38946   0.38777   0.38593   0.38395   0.38182   0.37955   0.37713   0.37457   0.37186   0.36902   0.36603   0.36290   0.35963   0.35622   0.35268   0.34901   0.34520   0.34127   0.33720   0.33300   0.32868   0.32424   0.31967   0.31497   0.31016   0.30523   0.30017   0.29501   0.28972   0.28432   0.27881   0.27319   0.26745   0.26161   0.25566   0.24960   0.24343   0.23716   0.23078   0.22430   0.21772   0.21104   0.20425   0.19737   0.19038   0.18330   0.17612   0.16885   0.16148   0.15401   0.14645   0.13880   0.13106   0.12322   0.11529   0.10728   0.09917   0.09097   0.08269   0.07432   0.06586   0.05731   0.04868   0.03997   0.03116   0.02228   0.01331   0.00426  -0.00487  -0.01408  -0.02338  -0.03276  -0.04221  -0.05175  -0.06136  -0.07105  -0.08082  -0.09067  -0.10060  -0.11060  -0.12067  -0.13083  -0.14105  -0.15136  -0.16173  -0.17218  -0.18271  -0.19330  -0.20397  -0.21471  -0.22552  -0.23641  -0.24736  -0.25838  -0.26948  -0.28064  -0.29187  -0.30318  -0.31454  -0.32598  -0.33749  -0.34906  -0.36070  -0.37240  -0.38417  -0.39601  -0.40791  -0.41988  -0.43191  -0.44401  -0.45617  -0.46839  -0.48068  -0.49303  -0.50544  -0.51792  -0.53046  -0.54306  -0.55572  -0.56844  -0.58122  -0.59406  -0.60697  -0.61993  -0.63295  -0.64603  -0.65917  -0.67237  -0.68563  -0.69894  -0.71232  -0.72575  -0.73924  -0.75278  -0.76638  -0.78004  -0.79376  -0.80753  -0.82135  -0.83523  -0.84917  -0.86316  -0.87721  -0.89131  -0.90546  -0.91967  -0.93393  -0.94825  -0.96262  -0.97704  -0.99151  -1.00604  -1.02062  -1.03525  -1.04993  -1.06466  -1.07945  -1.09428  -1.10917  -1.12411  -1.13909  -1.15413  -1.16922  -1.18436  -1.19954  -1.21478  -1.23006  -1.24540  -1.26078  -1.27621  -1.29169  -1.30722  -1.32279  -1.33842  -1.35409  -1.36981  -1.38557  -1.40138  -1.41724
 132.93972    0.40312   0.40312   0.40311   0.40311   0.40311   0.40309   0.40306   0.40300   0.40290   0.40275   0.40253   0.40222   0.40183   0.40133   0.40072   0.39999   0.39914   0.39815   0.39703   0.39577   0.39437   0.39282   0.39113   0.38930   0.38731   0.38518   0.38291   0.38049   0.37792   0.37521   0.37236   0.36937   0.36623   0.36296   0.35955   0.35601   0.35233   0.34852   0.34458   0.34051   0.33631   0.33198   0.32753   0.32295   0.31826   0.31344   0.30850   0.30344   0.29827   0.29298   0.28758   0.28206   0.27643   0.27069   0.26484   0.25888   0.25282   0.24665   0.24037   0.23399   0.22750   0.22091   0.21422   0.20743   0.20054   0.19355   0.18647   0.17928   0.17200   0.16463   0.15716   0.14959   0.14193   0.13418   0.12634   0.11841   0.11038   0.10227   0.09407   0.08578   0.07740   0.06893   0.06038   0.05175   0.04302   0.03422   0.02533   0.01635   0.00730  -0.00184  -0.01106  -0.02036  -0.02975  -0.03921  -0.04875  -0.05837  -0.06807  -0.07784  -0.08770  -0.09763  -0.10764  -0.11772  -0.12788  -0.13811  -0.14842  -0.15881  -0.16926  -0.17979  -0.19039  -0.20107  -0.21182  -0.22263  -0.23352  -0.24448  -0.25551  -0.26661  -0.27778  -0.28902  -0.30033  -0.31171  -0.32315  -0.33466  -0.34624  -0.35789  -0.36960  -0.38137  -0.39322  -0.40513  -0.41710  -0.42914  -0.44124  -0.45341  -0.46564  -0.47793  -0.49029  -0.50271  -0.51519  -0.52774  -0.54034  -0.55301  -0.56574  -0.57853  -0.59138  -0.60428  -0.61725  -0.63028  -0.64337  -0.65652  -0.66972  -0.68299  -0.69631  -0.70969  -0.72313  -0.73662  -0.75017  -0.76378  -0.77745  -0.79117  -0.80495  -0.81878  -0.83267  -0.84661  -0.86061  -0.87466  -0.88877  -0.90293  -0.91714  -0.93141  -0.94573  -0.96011  -0.97454  -0.98902  -1.00355  -1.01813  -1.03277  -1.04746  -1.06220  -1.07699  -1.09183  -1.10673  -1.12167  -1.13667  -1.15171  -1.16680  -1.18195  -1.19714  -1.21239  -1.22768  -1.24302  -1.25841  -1.27385  -1.28933  -1.30487  -1.32045  -1.33608  -1.35176  -1.36748  -1.38325  -1.39907  -1.41494
 133.05522    0.40653   0.40653   0.40653   0.40653   0.40652   0.40651   0.40648   0.40642   0.40632   0.40617   0.40594   0.40564   0.40525   0.40475   0.40414   0.40341   0.40255   0.40157   0.40044   0.39918   0.39778   0.39623   0.39454   0.39270   0.39071   0.38858   0.38630   0.38388   0.38131   0.37859   0.37574   0.37274   0.36961   0.36633   0.36292   0.35937   0.35569   0.35187   0.34793   0.34385   0.33964   0.33531   0.33086   0.32628   0.32158   0.31675   0.31181   0.30675   0.30157   0.29628   0.29087   0.28534   0.27971   0.27397   0.26811   0.26215   0.25608   0.24990   0.24362   0.23723   0.23074   0.22414   0.21745   0.21065   0.20376   0.19676   0.18967   0.18248   0.17519   0.16781   0.16033   0.15276   0.14510   0.13734   0.12949   0.12155   0.11353   0.10541   0.09720   0.08890   0.08052   0.07205   0.06349   0.05485   0.04612   0.03730   0.02841   0.01943   0.01037   0.00122  -0.00801  -0.01731  -0.02670  -0.03617  -0.04572  -0.05534  -0.06505  -0.07483  -0.08469  -0.09463  -0.10464  -0.11473  -0.12490  -0.13514  -0.14545  -0.15584  -0.16631  -0.17684  -0.18745  -0.19813  -0.20889  -0.21971  -0.23061  -0.24157  -0.25261  -0.26372  -0.27489  -0.28614  -0.29745  -0.30883  -0.32028  -0.33180  -0.34339  -0.35504  -0.36676  -0.37854  -0.39039  -0.40231  -0.41429  -0.42633  -0.43844  -0.45062  -0.46285  -0.47515  -0.48752  -0.49994  -0.51243  -0.52498  -0.53759  -0.55027  -0.56300  -0.57580  -0.58865  -0.60157  -0.61455  -0.62758  -0.64068  -0.65383  -0.66704  -0.68031  -0.69364  -0.70703  -0.72047  -0.73397  -0.74753  -0.76115  -0.77482  -0.78855  -0.80233  -0.81617  -0.83006  -0.84401  -0.85802  -0.87208  -0.88619  -0.90036  -0.91458  -0.92886  -0.94319  -0.95757  -0.97200  -0.98649  -1.00103  -1.01562  -1.03026  -1.04496  -1.05971  -1.07451  -1.08935  -1.10425  -1.11921  -1.13421  -1.14926  -1.16436  -1.17951  -1.19471  -1.20996  -1.22526  -1.24061  -1.25600  -1.27145  -1.28694  -1.30248  -1.31807  -1.33371  -1.34939  -1.36512  -1.38090  -1.39673  -1.41260
 133.17073    0.40999   0.40999   0.40999   0.40998   0.40998   0.40996   0.40993   0.40987   0.40977   0.40962   0.40940   0.40909   0.40870   0.40820   0.40759   0.40686   0.40600   0.40502   0.40389   0.40263   0.40122   0.39967   0.39798   0.39613   0.39415   0.39201   0.38973   0.38730   0.38473   0.38201   0.37915   0.37615   0.37301   0.36973   0.36632   0.36277   0.35908   0.35526   0.35131   0.34723   0.34302   0.33868   0.33422   0.32964   0.32493   0.32010   0.31515   0.31009   0.30490   0.29960   0.29419   0.28866   0.28302   0.27727   0.27141   0.26545   0.25937   0.25319   0.24690   0.24050   0.23401   0.22741   0.22071   0.21390   0.20700   0.20000   0.19290   0.18571   0.17842   0.17103   0.16355   0.15597   0.14830   0.14054   0.13268   0.12474   0.11670   0.10858   0.10036   0.09206   0.08367   0.07519   0.06663   0.05798   0.04925   0.04043   0.03152   0.02254   0.01347   0.00432  -0.00492  -0.01423  -0.02362  -0.03310  -0.04265  -0.05228  -0.06200  -0.07179  -0.08165  -0.09160  -0.10162  -0.11171  -0.12188  -0.13213  -0.14245  -0.15285  -0.16332  -0.17386  -0.18447  -0.19516  -0.20592  -0.21675  -0.22766  -0.23863  -0.24967  -0.26078  -0.27197  -0.28322  -0.29454  -0.30593  -0.31739  -0.32891  -0.34050  -0.35216  -0.36388  -0.37568  -0.38753  -0.39945  -0.41144  -0.42349  -0.43561  -0.44779  -0.46003  -0.47234  -0.48471  -0.49714  -0.50964  -0.52220  -0.53481  -0.54749  -0.56024  -0.57304  -0.58590  -0.59882  -0.61181  -0.62485  -0.63795  -0.65111  -0.66433  -0.67761  -0.69094  -0.70433  -0.71779  -0.73129  -0.74486  -0.75848  -0.77216  -0.78589  -0.79968  -0.81353  -0.82743  -0.84139  -0.85540  -0.86947  -0.88359  -0.89776  -0.91199  -0.92627  -0.94061  -0.95499  -0.96944  -0.98393  -0.99848  -1.01308  -1.02773  -1.04243  -1.05718  -1.07199  -1.08684  -1.10175  -1.11671  -1.13172  -1.14677  -1.16188  -1.17704  -1.19225  -1.20750  -1.22281  -1.23816  -1.25357  -1.26902  -1.28452  -1.30007  -1.31566  -1.33130  -1.34700  -1.36273  -1.37852  -1.39435  -1.41023
 133.28623    0.41348   0.41348   0.41348   0.41347   0.41347   0.41345   0.41342   0.41336   0.41326   0.41311   0.41289   0.41258   0.41219   0.41169   0.41108   0.41035   0.40949   0.40850   0.40738   0.40611   0.40470   0.40315   0.40145   0.39961   0.39762   0.39548   0.39319   0.39076   0.38819   0.38547   0.38261   0.37960   0.37646   0.37317   0.36975   0.36620   0.36251   0.35868   0.35473   0.35064   0.34643   0.34209   0.33762   0.33303   0.32832   0.32349   0.31853   0.31346   0.30827   0.30297   0.29755   0.29202   0.28637   0.28062   0.27475   0.26878   0.26270   0.25651   0.25021   0.24381   0.23731   0.23071   0.22400   0.21719   0.21029   0.20328   0.19617   0.18897   0.18168   0.17428   0.16679   0.15921   0.15153   0.14377   0.13591   0.12795   0.11991   0.11178   0.10356   0.09525   0.08686   0.07837   0.06980   0.06115   0.05241   0.04358   0.03467   0.02568   0.01661   0.00745  -0.00179  -0.01111  -0.02051  -0.02999  -0.03955  -0.04919  -0.05891  -0.06870  -0.07858  -0.08853  -0.09855  -0.10866  -0.11883  -0.12909  -0.13942  -0.14982  -0.16029  -0.17084  -0.18146  -0.19216  -0.20292  -0.21376  -0.22467  -0.23565  -0.24670  -0.25782  -0.26901  -0.28027  -0.29159  -0.30299  -0.31445  -0.32598  -0.33758  -0.34925  -0.36098  -0.37278  -0.38464  -0.39657  -0.40856  -0.42062  -0.43274  -0.44493  -0.45718  -0.46949  -0.48187  -0.49431  -0.50681  -0.51938  -0.53200  -0.54469  -0.55744  -0.57024  -0.58311  -0.59604  -0.60903  -0.62208  -0.63519  -0.64836  -0.66158  -0.67487  -0.68821  -0.70161  -0.71507  -0.72858  -0.74215  -0.75578  -0.76947  -0.78321  -0.79700  -0.81086  -0.82477  -0.83873  -0.85275  -0.86682  -0.88095  -0.89513  -0.90936  -0.92365  -0.93799  -0.95239  -0.96684  -0.98134  -0.99589  -1.01050  -1.02515  -1.03986  -1.05462  -1.06944  -1.08430  -1.09921  -1.11418  -1.12919  -1.14426  -1.15937  -1.17454  -1.18975  -1.20501  -1.22033  -1.23569  -1.25110  -1.26656  -1.28206  -1.29762  -1.31322  -1.32887  -1.34457  -1.36031  -1.37611  -1.39194  -1.40783
 133.40174    0.41701   0.41700   0.41700   0.41700   0.41699   0.41698   0.41695   0.41689   0.41679   0.41664   0.41641   0.41611   0.41571   0.41521   0.41460   0.41387   0.41301   0.41202   0.41089   0.40963   0.40822   0.40666   0.40496   0.40312   0.40112   0.39898   0.39670   0.39426   0.39168   0.38896   0.38609   0.38309   0.37994   0.37665   0.37323   0.36966   0.36597   0.36214   0.35818   0.35409   0.34987   0.34553   0.34106   0.33646   0.33175   0.32691   0.32195   0.31687   0.31168   0.30637   0.30095   0.29541   0.28976   0.28400   0.27813   0.27215   0.26606   0.25986   0.25356   0.24716   0.24065   0.23404   0.22733   0.22052   0.21360   0.20659   0.19948   0.19227   0.18497   0.17757   0.17007   0.16249   0.15480   0.14703   0.13916   0.13121   0.12316   0.11502   0.10679   0.09848   0.09008   0.08159   0.07301   0.06435   0.05560   0.04677   0.03786   0.02886   0.01978   0.01061   0.00137  -0.00796  -0.01736  -0.02685  -0.03642  -0.04606  -0.05579  -0.06559  -0.07547  -0.08543  -0.09546  -0.10557  -0.11575  -0.12601  -0.13635  -0.14675  -0.15724  -0.16779  -0.17842  -0.18912  -0.19989  -0.21074  -0.22165  -0.23264  -0.24370  -0.25482  -0.26602  -0.27728  -0.28862  -0.30002  -0.31149  -0.32303  -0.33463  -0.34630  -0.35804  -0.36984  -0.38171  -0.39365  -0.40565  -0.41771  -0.42984  -0.44204  -0.45429  -0.46661  -0.47900  -0.49144  -0.50395  -0.51652  -0.52915  -0.54185  -0.55460  -0.56742  -0.58029  -0.59323  -0.60623  -0.61928  -0.63240  -0.64557  -0.65880  -0.67209  -0.68544  -0.69885  -0.71231  -0.72584  -0.73941  -0.75305  -0.76674  -0.78049  -0.79429  -0.80815  -0.82207  -0.83604  -0.85006  -0.86414  -0.87828  -0.89246  -0.90671  -0.92100  -0.93535  -0.94975  -0.96421  -0.97872  -0.99328  -1.00789  -1.02255  -1.03727  -1.05204  -1.06685  -1.08172  -1.09664  -1.11162  -1.12664  -1.14171  -1.15683  -1.17200  -1.18722  -1.20249  -1.21781  -1.23318  -1.24860  -1.26406  -1.27958  -1.29514  -1.31075  -1.32640  -1.34211  -1.35786  -1.37366  -1.38951  -1.40540
 133.51724    0.42057   0.42057   0.42057   0.42056   0.42056   0.42054   0.42051   0.42045   0.42035   0.42020   0.41998   0.41967   0.41927   0.41878   0.41816   0.41743   0.41657   0.41558   0.41445   0.41318   0.41177   0.41021   0.40851   0.40666   0.40467   0.40252   0.40023   0.39779   0.39521   0.39249   0.38962   0.38660   0.38345   0.38016   0.37673   0.37317   0.36947   0.36564   0.36167   0.35758   0.35335   0.34900   0.34453   0.33993   0.33521   0.33036   0.32540   0.32032   0.31512   0.30981   0.30438   0.29883   0.29318   0.28741   0.28153   0.27555   0.26946   0.26326   0.25695   0.25054   0.24403   0.23741   0.23069   0.22387   0.21695   0.20994   0.20282   0.19561   0.18830   0.18089   0.17339   0.16580   0.15811   0.15033   0.14246   0.13449   0.12644   0.11829   0.11006   0.10174   0.09333   0.08484   0.07626   0.06759   0.05883   0.05000   0.04108   0.03207   0.02298   0.01381   0.00456  -0.00477  -0.01418  -0.02368  -0.03325  -0.04290  -0.05263  -0.06244  -0.07233  -0.08229  -0.09233  -0.10244  -0.11264  -0.12290  -0.13324  -0.14366  -0.15415  -0.16471  -0.17534  -0.18605  -0.19683  -0.20768  -0.21860  -0.22959  -0.24066  -0.25179  -0.26299  -0.27426  -0.28560  -0.29701  -0.30849  -0.32003  -0.33164  -0.34332  -0.35507  -0.36688  -0.37875  -0.39070  -0.40270  -0.41477  -0.42691  -0.43911  -0.45137  -0.46370  -0.47609  -0.48854  -0.50106  -0.51364  -0.52628  -0.53898  -0.55174  -0.56456  -0.57744  -0.59038  -0.60339  -0.61645  -0.62957  -0.64275  -0.65599  -0.66929  -0.68264  -0.69606  -0.70953  -0.72306  -0.73664  -0.75028  -0.76398  -0.77774  -0.79155  -0.80542  -0.81934  -0.83331  -0.84735  -0.86143  -0.87557  -0.88977  -0.90402  -0.91832  -0.93267  -0.94708  -0.96155  -0.97606  -0.99063  -1.00525  -1.01992  -1.03464  -1.04941  -1.06424  -1.07912  -1.09404  -1.10902  -1.12405  -1.13913  -1.15426  -1.16944  -1.18466  -1.19994  -1.21527  -1.23064  -1.24607  -1.26154  -1.27706  -1.29263  -1.30824  -1.32391  -1.33962  -1.35538  -1.37118  -1.38704  -1.40294
 133.63275    0.42417   0.42417   0.42417   0.42416   0.42416   0.42414   0.42411   0.42405   0.42395   0.42380   0.42357   0.42327   0.42287   0.42237   0.42176   0.42103   0.42017   0.41917   0.41804   0.41677   0.41536   0.41380   0.41210   0.41024   0.40824   0.40610   0.40380   0.40136   0.39878   0.39605   0.39317   0.39016   0.38700   0.38371   0.38027   0.37671   0.37300   0.36916   0.36520   0.36110   0.35687   0.35251   0.34803   0.34343   0.33870   0.33385   0.32889   0.32380   0.31860   0.31328   0.30784   0.30229   0.29663   0.29086   0.28498   0.27899   0.27289   0.26668   0.26037   0.25396   0.24744   0.24081   0.23409   0.22726   0.22034   0.21332   0.20619   0.19897   0.19166   0.18425   0.17674   0.16914   0.16145   0.15366   0.14578   0.13781   0.12975   0.12160   0.11336   0.10504   0.09662   0.08812   0.07953   0.07086   0.06210   0.05326   0.04433   0.03532   0.02622   0.01705   0.00779  -0.00155  -0.01097  -0.02047  -0.03005  -0.03971  -0.04944  -0.05926  -0.06915  -0.07912  -0.08917  -0.09929  -0.10949  -0.11976  -0.13011  -0.14053  -0.15102  -0.16159  -0.17223  -0.18295  -0.19373  -0.20459  -0.21552  -0.22652  -0.23759  -0.24873  -0.25993  -0.27121  -0.28256  -0.29397  -0.30546  -0.31701  -0.32863  -0.34031  -0.35206  -0.36388  -0.37576  -0.38771  -0.39972  -0.41180  -0.42395  -0.43615  -0.44842  -0.46076  -0.47315  -0.48561  -0.49813  -0.51072  -0.52336  -0.53607  -0.54884  -0.56167  -0.57456  -0.58751  -0.60052  -0.61359  -0.62671  -0.63990  -0.65315  -0.66645  -0.67981  -0.69323  -0.70671  -0.72025  -0.73384  -0.74749  -0.76119  -0.77496  -0.78877  -0.80265  -0.81657  -0.83056  -0.84460  -0.85869  -0.87284  -0.88704  -0.90130  -0.91560  -0.92997  -0.94438  -0.95885  -0.97337  -0.98795  -1.00257  -1.01725  -1.03198  -1.04676  -1.06159  -1.07648  -1.09141  -1.10640  -1.12143  -1.13652  -1.15165  -1.16684  -1.18207  -1.19736  -1.21269  -1.22807  -1.24350  -1.25898  -1.27451  -1.29008  -1.30571  -1.32138  -1.33710  -1.35286  -1.36868  -1.38454  -1.40044
 133.74825    0.42780   0.42780   0.42780   0.42780   0.42779   0.42778   0.42775   0.42769   0.42759   0.42743   0.42721   0.42690   0.42651   0.42600   0.42539   0.42466   0.42379   0.42280   0.42167   0.42040   0.41898   0.41742   0.41571   0.41386   0.41186   0.40971   0.40741   0.40497   0.40238   0.39965   0.39677   0.39375   0.39059   0.38729   0.38385   0.38028   0.37657   0.37273   0.36876   0.36465   0.36042   0.35606   0.35158   0.34697   0.34223   0.33738   0.33241   0.32731   0.32211   0.31678   0.31134   0.30579   0.30012   0.29434   0.28845   0.28246   0.27635   0.27014   0.26383   0.25740   0.25088   0.24425   0.23752   0.23069   0.22376   0.21673   0.20960   0.20238   0.19505   0.18764   0.18012   0.17252   0.16482   0.15703   0.14914   0.14117   0.13310   0.12494   0.11670   0.10837   0.09995   0.09144   0.08284   0.07416   0.06540   0.05655   0.04761   0.03860   0.02950   0.02031   0.01105   0.00170  -0.00772  -0.01723  -0.02682  -0.03648  -0.04622  -0.05604  -0.06594  -0.07592  -0.08597  -0.09610  -0.10630  -0.11658  -0.12694  -0.13736  -0.14787  -0.15844  -0.16909  -0.17981  -0.19060  -0.20146  -0.21240  -0.22341  -0.23448  -0.24563  -0.25684  -0.26813  -0.27948  -0.29090  -0.30239  -0.31395  -0.32557  -0.33727  -0.34902  -0.36085  -0.37274  -0.38469  -0.39671  -0.40880  -0.42095  -0.43316  -0.44544  -0.45778  -0.47018  -0.48265  -0.49518  -0.50777  -0.52042  -0.53313  -0.54591  -0.55874  -0.57164  -0.58460  -0.59761  -0.61069  -0.62382  -0.63702  -0.65027  -0.66358  -0.67695  -0.69038  -0.70386  -0.71741  -0.73100  -0.74466  -0.75837  -0.77214  -0.78597  -0.79985  -0.81378  -0.82777  -0.84182  -0.85592  -0.87007  -0.88428  -0.89854  -0.91286  -0.92723  -0.94165  -0.95613  -0.97065  -0.98524  -0.99987  -1.01455  -1.02929  -1.04408  -1.05892  -1.07381  -1.08875  -1.10374  -1.11878  -1.13388  -1.14902  -1.16421  -1.17945  -1.19474  -1.21008  -1.22547  -1.24091  -1.25639  -1.27193  -1.28751  -1.30314  -1.31882  -1.33455  -1.35032  -1.36614  -1.38200  -1.39792
 133.86376    0.43147   0.43147   0.43147   0.43147   0.43146   0.43145   0.43142   0.43136   0.43126   0.43110   0.43088   0.43057   0.43017   0.42967   0.42906   0.42832   0.42746   0.42646   0.42533   0.42406   0.42264   0.42108   0.41937   0.41751   0.41551   0.41335   0.41105   0.40861   0.40601   0.40328   0.40040   0.39737   0.39421   0.39091   0.38746   0.38389   0.38017   0.37633   0.37235   0.36824   0.36400   0.35964   0.35515   0.35054   0.34580   0.34094   0.33596   0.33086   0.32565   0.32032   0.31487   0.30931   0.30364   0.29786   0.29197   0.28596   0.27985   0.27364   0.26731   0.26089   0.25436   0.24772   0.24099   0.23415   0.22721   0.22018   0.21304   0.20581   0.19849   0.19106   0.18354   0.17593   0.16822   0.16043   0.15254   0.14455   0.13648   0.12832   0.12007   0.11173   0.10330   0.09479   0.08619   0.07750   0.06873   0.05987   0.05093   0.04191   0.03280   0.02361   0.01434   0.00499  -0.00444  -0.01396  -0.02355  -0.03322  -0.04297  -0.05280  -0.06270  -0.07268  -0.08274  -0.09288  -0.10309  -0.11337  -0.12373  -0.13417  -0.14468  -0.15526  -0.16591  -0.17664  -0.18744  -0.19831  -0.20925  -0.22026  -0.23134  -0.24250  -0.25372  -0.26501  -0.27637  -0.28780  -0.29930  -0.31086  -0.32249  -0.33419  -0.34595  -0.35778  -0.36968  -0.38164  -0.39367  -0.40576  -0.41792  -0.43014  -0.44242  -0.45477  -0.46718  -0.47965  -0.49219  -0.50479  -0.51744  -0.53017  -0.54295  -0.55579  -0.56869  -0.58166  -0.59468  -0.60776  -0.62090  -0.63410  -0.64736  -0.66068  -0.67406  -0.68749  -0.70098  -0.71453  -0.72814  -0.74180  -0.75552  -0.76929  -0.78313  -0.79701  -0.81096  -0.82495  -0.83900  -0.85311  -0.86727  -0.88149  -0.89576  -0.91008  -0.92446  -0.93889  -0.95337  -0.96790  -0.98249  -0.99713  -1.01182  -1.02657  -1.04136  -1.05621  -1.07111  -1.08605  -1.10105  -1.11610  -1.13120  -1.14635  -1.16155  -1.17680  -1.19210  -1.20744  -1.22284  -1.23828  -1.25378  -1.26932  -1.28491  -1.30055  -1.31623  -1.33196  -1.34774  -1.36357  -1.37944  -1.39536
 133.97926    0.43518   0.43518   0.43518   0.43517   0.43517   0.43515   0.43512   0.43506   0.43496   0.43481   0.43458   0.43428   0.43388   0.43338   0.43276   0.43202   0.43116   0.43016   0.42903   0.42775   0.42633   0.42477   0.42306   0.42120   0.41919   0.41703   0.41473   0.41228   0.40968   0.40694   0.40406   0.40103   0.39786   0.39456   0.39111   0.38753   0.38381   0.37996   0.37598   0.37187   0.36762   0.36325   0.35876   0.35414   0.34940   0.34453   0.33955   0.33445   0.32923   0.32389   0.31844   0.31288   0.30720   0.30141   0.29551   0.28950   0.28339   0.27717   0.27084   0.26440   0.25787   0.25123   0.24449   0.23764   0.23070   0.22366   0.21652   0.20928   0.20195   0.19452   0.18699   0.17938   0.17166   0.16386   0.15596   0.14797   0.13990   0.13173   0.12347   0.11513   0.10669   0.09817   0.08956   0.08087   0.07209   0.06323   0.05428   0.04525   0.03614   0.02694   0.01767   0.00831  -0.00113  -0.01065  -0.02025  -0.02992  -0.03968  -0.04951  -0.05943  -0.06942  -0.07948  -0.08962  -0.09984  -0.11013  -0.12050  -0.13094  -0.14145  -0.15204  -0.16270  -0.17344  -0.18424  -0.19512  -0.20607  -0.21709  -0.22818  -0.23933  -0.25056  -0.26186  -0.27323  -0.28466  -0.29617  -0.30774  -0.31938  -0.33108  -0.34285  -0.35469  -0.36659  -0.37856  -0.39059  -0.40269  -0.41486  -0.42708  -0.43937  -0.45173  -0.46414  -0.47662  -0.48917  -0.50177  -0.51444  -0.52716  -0.53995  -0.55280  -0.56571  -0.57868  -0.59171  -0.60480  -0.61795  -0.63116  -0.64442  -0.65775  -0.67113  -0.68457  -0.69807  -0.71163  -0.72524  -0.73891  -0.75263  -0.76642  -0.78026  -0.79415  -0.80810  -0.82210  -0.83616  -0.85028  -0.86444  -0.87867  -0.89294  -0.90727  -0.92166  -0.93609  -0.95058  -0.96512  -0.97972  -0.99437  -1.00906  -1.02381  -1.03862  -1.05347  -1.06837  -1.08333  -1.09833  -1.11339  -1.12850  -1.14365  -1.15886  -1.17412  -1.18942  -1.20477  -1.22018  -1.23563  -1.25113  -1.26668  -1.28227  -1.29792  -1.31361  -1.32935  -1.34514  -1.36097  -1.37685  -1.39278
 134.09477    0.43892   0.43892   0.43892   0.43891   0.43891   0.43889   0.43886   0.43880   0.43870   0.43855   0.43832   0.43802   0.43762   0.43711   0.43650   0.43576   0.43490   0.43390   0.43276   0.43148   0.43006   0.42849   0.42678   0.42492   0.42291   0.42075   0.41844   0.41599   0.41339   0.41065   0.40776   0.40473   0.40155   0.39824   0.39479   0.39121   0.38748   0.38363   0.37964   0.37552   0.37128   0.36690   0.36240   0.35778   0.35303   0.34816   0.34317   0.33807   0.33284   0.32750   0.32204   0.31647   0.31079   0.30500   0.29909   0.29308   0.28696   0.28073   0.27439   0.26796   0.26141   0.25477   0.24802   0.24117   0.23422   0.22718   0.22003   0.21279   0.20545   0.19801   0.19048   0.18286   0.17514   0.16733   0.15942   0.15143   0.14334   0.13517   0.12691   0.11855   0.11011   0.10159   0.09297   0.08428   0.07549   0.06662   0.05767   0.04863   0.03951   0.03031   0.02103   0.01166   0.00222  -0.00731  -0.01691  -0.02660  -0.03636  -0.04620  -0.05612  -0.06611  -0.07619  -0.08633  -0.09656  -0.10686  -0.11723  -0.12768  -0.13820  -0.14879  -0.15946  -0.17020  -0.18101  -0.19190  -0.20285  -0.21388  -0.22497  -0.23614  -0.24737  -0.25868  -0.27005  -0.28149  -0.29300  -0.30458  -0.31623  -0.32794  -0.33972  -0.35156  -0.36347  -0.37545  -0.38749  -0.39959  -0.41176  -0.42400  -0.43629  -0.44865  -0.46108  -0.47356  -0.48611  -0.49872  -0.51140  -0.52413  -0.53693  -0.54978  -0.56270  -0.57568  -0.58871  -0.60181  -0.61496  -0.62818  -0.64145  -0.65478  -0.66817  -0.68162  -0.69513  -0.70869  -0.72231  -0.73599  -0.74972  -0.76351  -0.77735  -0.79125  -0.80521  -0.81922  -0.83329  -0.84741  -0.86158  -0.87581  -0.89010  -0.90443  -0.91882  -0.93327  -0.94776  -0.96231  -0.97691  -0.99157  -1.00627  -1.02103  -1.03584  -1.05070  -1.06561  -1.08057  -1.09559  -1.11065  -1.12576  -1.14093  -1.15614  -1.17140  -1.18671  -1.20207  -1.21748  -1.23294  -1.24845  -1.26400  -1.27961  -1.29526  -1.31096  -1.32670  -1.34250  -1.35834  -1.37423  -1.39016
 134.21027    0.44269   0.44269   0.44269   0.44269   0.44268   0.44267   0.44264   0.44258   0.44248   0.44232   0.44210   0.44179   0.44139   0.44089   0.44027   0.43953   0.43867   0.43767   0.43653   0.43525   0.43382   0.43226   0.43054   0.42867   0.42666   0.42450   0.42219   0.41973   0.41713   0.41438   0.41149   0.40845   0.40528   0.40196   0.39851   0.39492   0.39119   0.38733   0.38334   0.37922   0.37497   0.37059   0.36608   0.36145   0.35670   0.35183   0.34683   0.34172   0.33649   0.33114   0.32568   0.32010   0.31441   0.30861   0.30270   0.29669   0.29056   0.28432   0.27798   0.27154   0.26499   0.25834   0.25159   0.24473   0.23778   0.23072   0.22357   0.21632   0.20898   0.20154   0.19400   0.18637   0.17864   0.17083   0.16292   0.15492   0.14683   0.13864   0.13038   0.12202   0.11357   0.10504   0.09642   0.08771   0.07892   0.07005   0.06109   0.05204   0.04292   0.03371   0.02442   0.01505   0.00560  -0.00394  -0.01355  -0.02324  -0.03301  -0.04285  -0.05278  -0.06278  -0.07286  -0.08301  -0.09324  -0.10355  -0.11393  -0.12438  -0.13491  -0.14551  -0.15619  -0.16693  -0.17775  -0.18864  -0.19960  -0.21064  -0.22174  -0.23291  -0.24415  -0.25547  -0.26685  -0.27829  -0.28981  -0.30140  -0.31305  -0.32477  -0.33655  -0.34840  -0.36032  -0.37230  -0.38435  -0.39646  -0.40864  -0.42088  -0.43318  -0.44555  -0.45798  -0.47047  -0.48303  -0.49565  -0.50833  -0.52107  -0.53387  -0.54673  -0.55966  -0.57264  -0.58568  -0.59879  -0.61195  -0.62517  -0.63845  -0.65179  -0.66519  -0.67864  -0.69215  -0.70572  -0.71935  -0.73303  -0.74677  -0.76057  -0.77442  -0.78833  -0.80229  -0.81631  -0.83038  -0.84451  -0.85869  -0.87293  -0.88722  -0.90156  -0.91596  -0.93041  -0.94491  -0.95947  -0.97408  -0.98874  -1.00345  -1.01822  -1.03303  -1.04790  -1.06282  -1.07779  -1.09281  -1.10788  -1.12300  -1.13817  -1.15339  -1.16866  -1.18397  -1.19934  -1.21476  -1.23023  -1.24574  -1.26130  -1.27691  -1.29257  -1.30828  -1.32403  -1.33983  -1.35568  -1.37157  -1.38752
 134.32577    0.44650   0.44650   0.44650   0.44650   0.44649   0.44648   0.44645   0.44639   0.44629   0.44613   0.44591   0.44560   0.44520   0.44470   0.44408   0.44334   0.44247   0.44147   0.44033   0.43905   0.43762   0.43605   0.43433   0.43246   0.43045   0.42828   0.42597   0.42351   0.42090   0.41815   0.41526   0.41222   0.40904   0.40572   0.40226   0.39866   0.39493   0.39107   0.38707   0.38294   0.37869   0.37430   0.36979   0.36516   0.36040   0.35552   0.35052   0.34540   0.34017   0.33481   0.32935   0.32377   0.31807   0.31227   0.30635   0.30033   0.29419   0.28795   0.28161   0.27516   0.26860   0.26195   0.25519   0.24833   0.24137   0.23431   0.22715   0.21989   0.21254   0.20509   0.19755   0.18991   0.18218   0.17436   0.16644   0.15844   0.15034   0.14215   0.13388   0.12551   0.11706   0.10852   0.09989   0.09118   0.08239   0.07350   0.06454   0.05549   0.04636   0.03714   0.02784   0.01847   0.00901  -0.00053  -0.01015  -0.01985  -0.02962  -0.03948  -0.04941  -0.05941  -0.06950  -0.07966  -0.08990  -0.10021  -0.11060  -0.12106  -0.13159  -0.14220  -0.15288  -0.16363  -0.17446  -0.18536  -0.19633  -0.20736  -0.21847  -0.22965  -0.24090  -0.25222  -0.26361  -0.27506  -0.28659  -0.29818  -0.30983  -0.32156  -0.33335  -0.34521  -0.35713  -0.36912  -0.38118  -0.39330  -0.40548  -0.41773  -0.43004  -0.44241  -0.45485  -0.46735  -0.47991  -0.49254  -0.50522  -0.51797  -0.53078  -0.54365  -0.55658  -0.56957  -0.58262  -0.59573  -0.60890  -0.62213  -0.63542  -0.64876  -0.66217  -0.67563  -0.68915  -0.70272  -0.71636  -0.73005  -0.74379  -0.75760  -0.77146  -0.78537  -0.79934  -0.81337  -0.82745  -0.84158  -0.85577  -0.87001  -0.88431  -0.89866  -0.91306  -0.92752  -0.94203  -0.95660  -0.97121  -0.98588  -1.00060  -1.01537  -1.03019  -1.04507  -1.05999  -1.07497  -1.09000  -1.10507  -1.12020  -1.13538  -1.15060  -1.16588  -1.18121  -1.19658  -1.21201  -1.22748  -1.24300  -1.25857  -1.27419  -1.28985  -1.30556  -1.32133  -1.33713  -1.35299  -1.36889  -1.38484
 134.44128    0.45035   0.45035   0.45035   0.45034   0.45034   0.45032   0.45029   0.45023   0.45013   0.44997   0.44975   0.44944   0.44904   0.44854   0.44792   0.44718   0.44631   0.44531   0.44417   0.44288   0.44145   0.43988   0.43816   0.43629   0.43427   0.43210   0.42979   0.42732   0.42471   0.42196   0.41906   0.41601   0.41283   0.40950   0.40604   0.40244   0.39871   0.39484   0.39084   0.38670   0.38244   0.37805   0.37354   0.36890   0.36414   0.35925   0.35425   0.34912   0.34388   0.33852   0.33305   0.32746   0.32176   0.31595   0.31003   0.30400   0.29786   0.29162   0.28527   0.27881   0.27225   0.26559   0.25882   0.25195   0.24499   0.23792   0.23076   0.22350   0.21614   0.20868   0.20113   0.19349   0.18575   0.17792   0.17000   0.16199   0.15389   0.14569   0.13741   0.12904   0.12058   0.11204   0.10340   0.09468   0.08588   0.07699   0.06802   0.05896   0.04983   0.04060   0.03130   0.02192   0.01245   0.00291  -0.00672  -0.01642  -0.02620  -0.03606  -0.04600  -0.05602  -0.06611  -0.07628  -0.08652  -0.09684  -0.10723  -0.11770  -0.12824  -0.13886  -0.14954  -0.16030  -0.17113  -0.18204  -0.19301  -0.20406  -0.21518  -0.22636  -0.23762  -0.24894  -0.26034  -0.27180  -0.28333  -0.29493  -0.30659  -0.31832  -0.33012  -0.34199  -0.35392  -0.36591  -0.37797  -0.39010  -0.40229  -0.41454  -0.42686  -0.43924  -0.45169  -0.46419  -0.47676  -0.48940  -0.50209  -0.51484  -0.52766  -0.54054  -0.55347  -0.56647  -0.57953  -0.59265  -0.60582  -0.61906  -0.63235  -0.64570  -0.65911  -0.67258  -0.68611  -0.69969  -0.71333  -0.72703  -0.74078  -0.75459  -0.76846  -0.78238  -0.79636  -0.81039  -0.82448  -0.83862  -0.85282  -0.86707  -0.88137  -0.89573  -0.91014  -0.92460  -0.93912  -0.95369  -0.96831  -0.98299  -0.99772  -1.01249  -1.02732  -1.04220  -1.05714  -1.07212  -1.08715  -1.10224  -1.11737  -1.13256  -1.14779  -1.16308  -1.17841  -1.19379  -1.20922  -1.22470  -1.24023  -1.25581  -1.27143  -1.28710  -1.30282  -1.31859  -1.33441  -1.35027  -1.36618  -1.38213
 134.55678    0.45423   0.45423   0.45423   0.45422   0.45422   0.45420   0.45417   0.45411   0.45401   0.45385   0.45363   0.45332   0.45292   0.45241   0.45180   0.45105   0.45018   0.44918   0.44804   0.44675   0.44532   0.44374   0.44202   0.44015   0.43812   0.43595   0.43363   0.43117   0.42855   0.42579   0.42289   0.41984   0.41666   0.41333   0.40986   0.40625   0.40251   0.39864   0.39463   0.39050   0.38623   0.38184   0.37732   0.37267   0.36790   0.36301   0.35800   0.35288   0.34763   0.34226   0.33679   0.33119   0.32549   0.31967   0.31374   0.30771   0.30156   0.29531   0.28896   0.28249   0.27593   0.26926   0.26249   0.25561   0.24864   0.24157   0.23440   0.22713   0.21977   0.21231   0.20475   0.19710   0.18936   0.18152   0.17360   0.16558   0.15747   0.14927   0.14098   0.13260   0.12414   0.11558   0.10694   0.09822   0.08941   0.08051   0.07154   0.06247   0.05333   0.04410   0.03479   0.02540   0.01593   0.00638  -0.00325  -0.01296  -0.02275  -0.03262  -0.04256  -0.05259  -0.06268  -0.07286  -0.08311  -0.09343  -0.10383  -0.11431  -0.12486  -0.13548  -0.14617  -0.15694  -0.16778  -0.17869  -0.18967  -0.20072  -0.21185  -0.22304  -0.23430  -0.24563  -0.25703  -0.26850  -0.28004  -0.29164  -0.30332  -0.31505  -0.32686  -0.33873  -0.35067  -0.36267  -0.37474  -0.38687  -0.39907  -0.41133  -0.42365  -0.43604  -0.44849  -0.46101  -0.47358  -0.48622  -0.49892  -0.51169  -0.52451  -0.53739  -0.55034  -0.56334  -0.57641  -0.58953  -0.60271  -0.61595  -0.62926  -0.64262  -0.65603  -0.66951  -0.68304  -0.69663  -0.71028  -0.72398  -0.73774  -0.75156  -0.76543  -0.77936  -0.79335  -0.80739  -0.82148  -0.83563  -0.84983  -0.86409  -0.87840  -0.89277  -0.90718  -0.92166  -0.93618  -0.95076  -0.96539  -0.98007  -0.99480  -1.00959  -1.02442  -1.03931  -1.05425  -1.06924  -1.08428  -1.09937  -1.11452  -1.12971  -1.14495  -1.16024  -1.17558  -1.19097  -1.20641  -1.22189  -1.23743  -1.25301  -1.26864  -1.28432  -1.30005  -1.31583  -1.33165  -1.34752  -1.36343  -1.37940
 134.67229    0.45814   0.45814   0.45814   0.45814   0.45813   0.45812   0.45808   0.45802   0.45792   0.45777   0.45754   0.45723   0.45683   0.45633   0.45570   0.45496   0.45409   0.45308   0.45194   0.45065   0.44922   0.44764   0.44591   0.44404   0.44201   0.43984   0.43752   0.43505   0.43243   0.42967   0.42676   0.42371   0.42051   0.41718   0.41371   0.41010   0.40636   0.40248   0.39847   0.39433   0.39005   0.38566   0.38113   0.37648   0.37171   0.36681   0.36180   0.35666   0.35141   0.34604   0.34056   0.33496   0.32925   0.32342   0.31749   0.31145   0.30530   0.29904   0.29268   0.28621   0.27964   0.27296   0.26619   0.25931   0.25233   0.24525   0.23807   0.23080   0.22343   0.21596   0.20840   0.20075   0.19300   0.18515   0.17722   0.16919   0.16108   0.15287   0.14458   0.13619   0.12772   0.11916   0.11052   0.10179   0.09297   0.08407   0.07508   0.06601   0.05686   0.04763   0.03831   0.02892   0.01944   0.00988   0.00024  -0.00948  -0.01927  -0.02914  -0.03910  -0.04912  -0.05923  -0.06941  -0.07967  -0.09000  -0.10041  -0.11089  -0.12144  -0.13207  -0.14277  -0.15354  -0.16439  -0.17531  -0.18630  -0.19736  -0.20848  -0.21968  -0.23095  -0.24229  -0.25370  -0.26518  -0.27672  -0.28833  -0.30001  -0.31175  -0.32357  -0.33545  -0.34739  -0.35940  -0.37147  -0.38361  -0.39582  -0.40809  -0.42042  -0.43281  -0.44527  -0.45779  -0.47037  -0.48302  -0.49573  -0.50850  -0.52133  -0.53422  -0.54717  -0.56018  -0.57325  -0.58638  -0.59957  -0.61282  -0.62613  -0.63950  -0.65292  -0.66640  -0.67994  -0.69354  -0.70719  -0.72091  -0.73467  -0.74850  -0.76238  -0.77631  -0.79030  -0.80435  -0.81845  -0.83261  -0.84682  -0.86108  -0.87540  -0.88977  -0.90420  -0.91868  -0.93321  -0.94779  -0.96243  -0.97712  -0.99186  -1.00665  -1.02149  -1.03639  -1.05134  -1.06633  -1.08138  -1.09648  -1.11163  -1.12683  -1.14208  -1.15737  -1.17272  -1.18812  -1.20356  -1.21906  -1.23460  -1.25019  -1.26583  -1.28152  -1.29725  -1.31303  -1.32886  -1.34474  -1.36066  -1.37663
 134.78779    0.46209   0.46209   0.46209   0.46208   0.46208   0.46206   0.46203   0.46197   0.46187   0.46171   0.46149   0.46118   0.46078   0.46027   0.45965   0.45891   0.45803   0.45702   0.45588   0.45459   0.45315   0.45157   0.44984   0.44796   0.44594   0.44376   0.44143   0.43896   0.43634   0.43357   0.43066   0.42760   0.42441   0.42107   0.41759   0.41398   0.41023   0.40635   0.40233   0.39819   0.39391   0.38951   0.38498   0.38032   0.37554   0.37064   0.36562   0.36048   0.35522   0.34985   0.34436   0.33875   0.33304   0.32721   0.32127   0.31522   0.30907   0.30280   0.29643   0.28996   0.28338   0.27670   0.26992   0.26303   0.25605   0.24896   0.24178   0.23450   0.22712   0.21965   0.21208   0.20442   0.19667   0.18882   0.18088   0.17285   0.16472   0.15651   0.14821   0.13982   0.13134   0.12278   0.11412   0.10539   0.09656   0.08766   0.07866   0.06959   0.06043   0.05119   0.04187   0.03246   0.02298   0.01341   0.00377  -0.00596  -0.01576  -0.02564  -0.03560  -0.04563  -0.05574  -0.06593  -0.07619  -0.08653  -0.09695  -0.10743  -0.11799  -0.12863  -0.13934  -0.15012  -0.16097  -0.17189  -0.18289  -0.19396  -0.20509  -0.21630  -0.22757  -0.23892  -0.25033  -0.26182  -0.27337  -0.28499  -0.29667  -0.30842  -0.32024  -0.33213  -0.34408  -0.35610  -0.36818  -0.38032  -0.39253  -0.40481  -0.41715  -0.42955  -0.44202  -0.45454  -0.46713  -0.47979  -0.49250  -0.50528  -0.51811  -0.53101  -0.54397  -0.55699  -0.57007  -0.58320  -0.59640  -0.60966  -0.62297  -0.63635  -0.64978  -0.66327  -0.67681  -0.69042  -0.70408  -0.71780  -0.73157  -0.74540  -0.75929  -0.77323  -0.78723  -0.80128  -0.81539  -0.82956  -0.84377  -0.85804  -0.87237  -0.88675  -0.90118  -0.91567  -0.93021  -0.94480  -0.95944  -0.97414  -0.98888  -1.00368  -1.01854  -1.03344  -1.04839  -1.06340  -1.07845  -1.09356  -1.10871  -1.12392  -1.13917  -1.15448  -1.16983  -1.18524  -1.20069  -1.21619  -1.23174  -1.24734  -1.26298  -1.27868  -1.29442  -1.31021  -1.32604  -1.34193  -1.35786  -1.37383
 134.90330    0.46607   0.46607   0.46607   0.46607   0.46606   0.46604   0.46601   0.46595   0.46585   0.46569   0.46547   0.46516   0.46476   0.46425   0.46363   0.46288   0.46201   0.46100   0.45985   0.45856   0.45712   0.45554   0.45381   0.45192   0.44989   0.44771   0.44538   0.44291   0.44028   0.43751   0.43459   0.43154   0.42833   0.42499   0.42151   0.41789   0.41414   0.41025   0.40623   0.40208   0.39780   0.39339   0.38885   0.38419   0.37941   0.37450   0.36948   0.36433   0.35907   0.35369   0.34819   0.34258   0.33686   0.33103   0.32508   0.31903   0.31287   0.30660   0.30022   0.29374   0.28716   0.28047   0.27368   0.26679   0.25980   0.25271   0.24552   0.23823   0.23085   0.22337   0.21580   0.20813   0.20037   0.19251   0.18457   0.17653   0.16840   0.16018   0.15187   0.14348   0.13499   0.12642   0.11776   0.10902   0.10019   0.09127   0.08228   0.07319   0.06403   0.05478   0.04545   0.03604   0.02655   0.01698   0.00733  -0.00240  -0.01221  -0.02210  -0.03206  -0.04211  -0.05222  -0.06242  -0.07269  -0.08303  -0.09345  -0.10395  -0.11452  -0.12516  -0.13587  -0.14666  -0.15752  -0.16845  -0.17945  -0.19053  -0.20167  -0.21288  -0.22416  -0.23552  -0.24694  -0.25843  -0.26999  -0.28161  -0.29330  -0.30506  -0.31689  -0.32878  -0.34074  -0.35276  -0.36485  -0.37700  -0.38922  -0.40150  -0.41385  -0.42626  -0.43873  -0.45126  -0.46386  -0.47652  -0.48924  -0.50203  -0.51487  -0.52777  -0.54074  -0.55376  -0.56685  -0.57999  -0.59320  -0.60646  -0.61978  -0.63316  -0.64660  -0.66010  -0.67365  -0.68727  -0.70093  -0.71466  -0.72844  -0.74228  -0.75617  -0.77012  -0.78413  -0.79819  -0.81230  -0.82647  -0.84070  -0.85498  -0.86931  -0.88370  -0.89813  -0.91263  -0.92717  -0.94177  -0.95642  -0.97113  -0.98588  -1.00069  -1.01555  -1.03046  -1.04542  -1.06043  -1.07549  -1.09060  -1.10577  -1.12098  -1.13624  -1.15155  -1.16691  -1.18233  -1.19778  -1.21329  -1.22885  -1.24445  -1.26011  -1.27581  -1.29156  -1.30735  -1.32320  -1.33909  -1.35503  -1.37101
 135.01880    0.47008   0.47008   0.47008   0.47008   0.47007   0.47006   0.47003   0.46997   0.46986   0.46971   0.46948   0.46917   0.46877   0.46826   0.46764   0.46689   0.46602   0.46501   0.46386   0.46256   0.46112   0.45954   0.45780   0.45592   0.45388   0.45170   0.44937   0.44689   0.44426   0.44148   0.43856   0.43550   0.43229   0.42895   0.42546   0.42184   0.41808   0.41419   0.41016   0.40601   0.40172   0.39731   0.39276   0.38810   0.38331   0.37840   0.37337   0.36822   0.36295   0.35756   0.35206   0.34644   0.34072   0.33488   0.32893   0.32287   0.31670   0.31042   0.30404   0.29756   0.29097   0.28427   0.27748   0.27058   0.26358   0.25649   0.24929   0.24200   0.23461   0.22713   0.21955   0.21187   0.20410   0.19624   0.18829   0.18024   0.17211   0.16388   0.15557   0.14717   0.13867   0.13010   0.12143   0.11268   0.10384   0.09492   0.08592   0.07683   0.06766   0.05840   0.04907   0.03965   0.03015   0.02058   0.01092   0.00118  -0.00863  -0.01853  -0.02850  -0.03855  -0.04867  -0.05887  -0.06915  -0.07950  -0.08993  -0.10043  -0.11101  -0.12166  -0.13238  -0.14317  -0.15404  -0.16497  -0.17598  -0.18706  -0.19821  -0.20943  -0.22072  -0.23208  -0.24351  -0.25501  -0.26657  -0.27820  -0.28990  -0.30167  -0.31350  -0.32540  -0.33737  -0.34940  -0.36149  -0.37365  -0.38588  -0.39817  -0.41052  -0.42293  -0.43541  -0.44796  -0.46056  -0.47323  -0.48595  -0.49874  -0.51159  -0.52451  -0.53748  -0.55051  -0.56360  -0.57676  -0.58997  -0.60324  -0.61657  -0.62995  -0.64340  -0.65690  -0.67046  -0.68408  -0.69776  -0.71149  -0.72528  -0.73912  -0.75303  -0.76698  -0.78099  -0.79506  -0.80918  -0.82336  -0.83759  -0.85188  -0.86622  -0.88061  -0.89506  -0.90956  -0.92411  -0.93872  -0.95337  -0.96808  -0.98285  -0.99766  -1.01253  -1.02744  -1.04241  -1.05743  -1.07250  -1.08762  -1.10279  -1.11801  -1.13328  -1.14860  -1.16397  -1.17938  -1.19485  -1.21037  -1.22593  -1.24154  -1.25720  -1.27291  -1.28867  -1.30447  -1.32032  -1.33622  -1.35216  -1.36816
 135.13431    0.47413   0.47413   0.47413   0.47413   0.47412   0.47411   0.47407   0.47401   0.47391   0.47376   0.47353   0.47322   0.47282   0.47231   0.47168   0.47093   0.47006   0.46905   0.46789   0.46660   0.46516   0.46357   0.46183   0.45994   0.45791   0.45572   0.45338   0.45090   0.44827   0.44549   0.44256   0.43950   0.43629   0.43294   0.42945   0.42582   0.42206   0.41816   0.41413   0.40997   0.40567   0.40125   0.39671   0.39204   0.38724   0.38233   0.37729   0.37213   0.36686   0.36147   0.35596   0.35034   0.34460   0.33876   0.33280   0.32674   0.32056   0.31428   0.30790   0.30140   0.29481   0.28811   0.28131   0.27440   0.26740   0.26030   0.25310   0.24580   0.23840   0.23091   0.22332   0.21564   0.20787   0.20000   0.19204   0.18399   0.17585   0.16762   0.15930   0.15089   0.14239   0.13380   0.12513   0.11638   0.10753   0.09861   0.08959   0.08050   0.07132   0.06206   0.05272   0.04329   0.03379   0.02420   0.01454   0.00480  -0.00503  -0.01493  -0.02491  -0.03496  -0.04509  -0.05530  -0.06558  -0.07594  -0.08638  -0.09688  -0.10747  -0.11812  -0.12885  -0.13965  -0.15052  -0.16147  -0.17248  -0.18357  -0.19473  -0.20595  -0.21725  -0.22862  -0.24005  -0.25156  -0.26313  -0.27477  -0.28647  -0.29825  -0.31009  -0.32199  -0.33396  -0.34600  -0.35810  -0.37027  -0.38250  -0.39480  -0.40716  -0.41958  -0.43207  -0.44462  -0.45723  -0.46990  -0.48264  -0.49543  -0.50829  -0.52121  -0.53419  -0.54723  -0.56033  -0.57349  -0.58670  -0.59998  -0.61332  -0.62671  -0.64017  -0.65368  -0.66724  -0.68087  -0.69455  -0.70829  -0.72209  -0.73594  -0.74985  -0.76381  -0.77783  -0.79191  -0.80604  -0.82022  -0.83446  -0.84875  -0.86310  -0.87750  -0.89195  -0.90646  -0.92102  -0.93563  -0.95030  -0.96501  -0.97978  -0.99461  -1.00948  -1.02440  -1.03938  -1.05440  -1.06948  -1.08461  -1.09978  -1.11501  -1.13029  -1.14561  -1.16099  -1.17642  -1.19189  -1.20741  -1.22298  -1.23860  -1.25427  -1.26999  -1.28575  -1.30156  -1.31742  -1.33332  -1.34927  -1.36527
 135.24981    0.47821   0.47821   0.47821   0.47821   0.47820   0.47819   0.47816   0.47810   0.47799   0.47784   0.47761   0.47730   0.47690   0.47639   0.47576   0.47501   0.47413   0.47312   0.47197   0.47067   0.46922   0.46763   0.46589   0.46400   0.46196   0.45977   0.45743   0.45494   0.45231   0.44952   0.44660   0.44353   0.44031   0.43696   0.43346   0.42983   0.42606   0.42216   0.41812   0.41396   0.40966   0.40524   0.40068   0.39601   0.39121   0.38629   0.38124   0.37608   0.37080   0.36540   0.35989   0.35426   0.34852   0.34267   0.33671   0.33064   0.32446   0.31817   0.31178   0.30528   0.29868   0.29197   0.28517   0.27826   0.27125   0.26414   0.25693   0.24963   0.24223   0.23473   0.22713   0.21945   0.21167   0.20379   0.19583   0.18777   0.17962   0.17138   0.16305   0.15464   0.14613   0.13754   0.12887   0.12010   0.11125   0.10232   0.09330   0.08420   0.07501   0.06575   0.05640   0.04697   0.03745   0.02786   0.01819   0.00844  -0.00139  -0.01129  -0.02128  -0.03134  -0.04148  -0.05169  -0.06199  -0.07235  -0.08279  -0.09331  -0.10389  -0.11456  -0.12529  -0.13610  -0.14698  -0.15793  -0.16895  -0.18005  -0.19121  -0.20245  -0.21375  -0.22512  -0.23656  -0.24807  -0.25965  -0.27130  -0.28301  -0.29479  -0.30664  -0.31855  -0.33053  -0.34257  -0.35468  -0.36686  -0.37910  -0.39140  -0.40377  -0.41620  -0.42869  -0.44125  -0.45386  -0.46654  -0.47929  -0.49209  -0.50496  -0.51788  -0.53087  -0.54391  -0.55702  -0.57019  -0.58341  -0.59670  -0.61004  -0.62344  -0.63690  -0.65042  -0.66399  -0.67763  -0.69132  -0.70506  -0.71887  -0.73273  -0.74664  -0.76061  -0.77464  -0.78872  -0.80286  -0.81705  -0.83129  -0.84559  -0.85995  -0.87436  -0.88882  -0.90333  -0.91790  -0.93252  -0.94719  -0.96191  -0.97669  -0.99152  -1.00640  -1.02133  -1.03631  -1.05135  -1.06643  -1.08156  -1.09675  -1.11198  -1.12727  -1.14260  -1.15798  -1.17342  -1.18890  -1.20443  -1.22001  -1.23563  -1.25131  -1.26703  -1.28280  -1.29862  -1.31448  -1.33040  -1.34635  -1.36236
 135.36532    0.48233   0.48233   0.48233   0.48232   0.48232   0.48230   0.48227   0.48221   0.48211   0.48195   0.48172   0.48141   0.48101   0.48050   0.47987   0.47912   0.47824   0.47723   0.47607   0.47477   0.47332   0.47173   0.46999   0.46809   0.46605   0.46386   0.46151   0.45902   0.45638   0.45360   0.45066   0.44759   0.44437   0.44101   0.43751   0.43387   0.43010   0.42619   0.42215   0.41798   0.41368   0.40925   0.40469   0.40001   0.39521   0.39028   0.38523   0.38006   0.37478   0.36937   0.36386   0.35822   0.35248   0.34662   0.34065   0.33457   0.32839   0.32210   0.31570   0.30919   0.30258   0.29587   0.28906   0.28214   0.27513   0.26801   0.26080   0.25349   0.24608   0.23858   0.23098   0.22328   0.21549   0.20761   0.19964   0.19158   0.18342   0.17518   0.16684   0.15842   0.14991   0.14131   0.13263   0.12386   0.11500   0.10606   0.09704   0.08793   0.07874   0.06946   0.06011   0.05067   0.04115   0.03155   0.02188   0.01212   0.00228  -0.00763  -0.01762  -0.02769  -0.03784  -0.04806  -0.05836  -0.06873  -0.07918  -0.08970  -0.10029  -0.11096  -0.12170  -0.13252  -0.14340  -0.15436  -0.16539  -0.17649  -0.18766  -0.19891  -0.21022  -0.22160  -0.23304  -0.24456  -0.25615  -0.26780  -0.27952  -0.29131  -0.30316  -0.31508  -0.32707  -0.33912  -0.35123  -0.36342  -0.37566  -0.38797  -0.40035  -0.41278  -0.42528  -0.43785  -0.45047  -0.46316  -0.47591  -0.48872  -0.50159  -0.51452  -0.52752  -0.54057  -0.55368  -0.56686  -0.58009  -0.59338  -0.60673  -0.62014  -0.63361  -0.64713  -0.66071  -0.67435  -0.68805  -0.70181  -0.71562  -0.72948  -0.74340  -0.75738  -0.77142  -0.78551  -0.79965  -0.81385  -0.82810  -0.84241  -0.85677  -0.87118  -0.88565  -0.90017  -0.91475  -0.92937  -0.94405  -0.95879  -0.97357  -0.98841  -1.00329  -1.01823  -1.03322  -1.04826  -1.06335  -1.07849  -1.09368  -1.10893  -1.12422  -1.13956  -1.15495  -1.17039  -1.18588  -1.20141  -1.21700  -1.23263  -1.24832  -1.26405  -1.27982  -1.29565  -1.31152  -1.32744  -1.34341  -1.35942
 135.48082    0.48648   0.48648   0.48648   0.48647   0.48647   0.48645   0.48642   0.48636   0.48625   0.48610   0.48587   0.48556   0.48515   0.48464   0.48401   0.48326   0.48238   0.48136   0.48021   0.47891   0.47746   0.47586   0.47411   0.47222   0.47017   0.46797   0.46563   0.46313   0.46049   0.45770   0.45476   0.45168   0.44846   0.44509   0.44159   0.43795   0.43417   0.43026   0.42621   0.42204   0.41773   0.41330   0.40873   0.40405   0.39924   0.39430   0.38925   0.38408   0.37878   0.37338   0.36785   0.36221   0.35646   0.35060   0.34462   0.33854   0.33235   0.32605   0.31965   0.31314   0.30652   0.29980   0.29298   0.28606   0.27904   0.27192   0.26470   0.25738   0.24997   0.24246   0.23485   0.22715   0.21936   0.21147   0.20349   0.19542   0.18726   0.17901   0.17067   0.16224   0.15372   0.14512   0.13642   0.12765   0.11878   0.10984   0.10081   0.09169   0.08249   0.07321   0.06385   0.05441   0.04488   0.03528   0.02559   0.01583   0.00598  -0.00394  -0.01393  -0.02401  -0.03416  -0.04439  -0.05470  -0.06507  -0.07553  -0.08606  -0.09666  -0.10734  -0.11808  -0.12891  -0.13980  -0.15076  -0.16180  -0.17291  -0.18409  -0.19533  -0.20665  -0.21804  -0.22949  -0.24102  -0.25261  -0.26427  -0.27600  -0.28779  -0.29965  -0.31158  -0.32357  -0.33563  -0.34776  -0.35994  -0.37220  -0.38451  -0.39689  -0.40934  -0.42185  -0.43442  -0.44705  -0.45974  -0.47250  -0.48532  -0.49820  -0.51114  -0.52414  -0.53720  -0.55032  -0.56350  -0.57674  -0.59004  -0.60339  -0.61681  -0.63028  -0.64382  -0.65741  -0.67105  -0.68476  -0.69852  -0.71233  -0.72621  -0.74014  -0.75412  -0.76816  -0.78226  -0.79641  -0.81062  -0.82488  -0.83919  -0.85356  -0.86798  -0.88246  -0.89699  -0.91157  -0.92620  -0.94089  -0.95563  -0.97042  -0.98526  -1.00016  -1.01510  -1.03010  -1.04515  -1.06024  -1.07539  -1.09059  -1.10584  -1.12114  -1.13649  -1.15188  -1.16733  -1.18283  -1.19837  -1.21396  -1.22961  -1.24529  -1.26103  -1.27682  -1.29265  -1.30853  -1.32446  -1.34043  -1.35645
 135.59633    0.49066   0.49066   0.49066   0.49065   0.49065   0.49063   0.49060   0.49054   0.49043   0.49028   0.49005   0.48974   0.48933   0.48882   0.48819   0.48744   0.48656   0.48554   0.48438   0.48307   0.48162   0.48002   0.47827   0.47638   0.47433   0.47212   0.46977   0.46728   0.46463   0.46183   0.45889   0.45581   0.45258   0.44921   0.44570   0.44206   0.43828   0.43436   0.43031   0.42613   0.42181   0.41737   0.41281   0.40811   0.40330   0.39836   0.39330   0.38812   0.38282   0.37741   0.37188   0.36624   0.36048   0.35461   0.34863   0.34254   0.33634   0.33004   0.32363   0.31711   0.31049   0.30376   0.29694   0.29001   0.28298   0.27585   0.26863   0.26130   0.25388   0.24637   0.23875   0.23105   0.22325   0.21535   0.20737   0.19929   0.19112   0.18287   0.17452   0.16608   0.15756   0.14895   0.14025   0.13147   0.12260   0.11364   0.10461   0.09548   0.08628   0.07699   0.06762   0.05817   0.04864   0.03903   0.02934   0.01957   0.00972  -0.00021  -0.01022  -0.02030  -0.03046  -0.04069  -0.05100  -0.06139  -0.07185  -0.08239  -0.09300  -0.10368  -0.11444  -0.12526  -0.13616  -0.14714  -0.15818  -0.16929  -0.18048  -0.19173  -0.20306  -0.21445  -0.22591  -0.23745  -0.24905  -0.26071  -0.27245  -0.28425  -0.29612  -0.30805  -0.32005  -0.33211  -0.34425  -0.35644  -0.36870  -0.38102  -0.39341  -0.40586  -0.41838  -0.43096  -0.44359  -0.45630  -0.46906  -0.48188  -0.49477  -0.50772  -0.52073  -0.53379  -0.54692  -0.56011  -0.57336  -0.58666  -0.60003  -0.61345  -0.62693  -0.64047  -0.65407  -0.66772  -0.68143  -0.69520  -0.70902  -0.72291  -0.73684  -0.75084  -0.76488  -0.77899  -0.79314  -0.80736  -0.82163  -0.83595  -0.85032  -0.86475  -0.87923  -0.89377  -0.90836  -0.92300  -0.93769  -0.95244  -0.96724  -0.98209  -0.99699  -1.01194  -1.02695  -1.04200  -1.05711  -1.07226  -1.08747  -1.10273  -1.11803  -1.13339  -1.14879  -1.16425  -1.17975  -1.19530  -1.21090  -1.22655  -1.24225  -1.25799  -1.27378  -1.28962  -1.30551  -1.32144  -1.33742  -1.35345
 135.71183    0.49487   0.49487   0.49487   0.49487   0.49486   0.49484   0.49481   0.49475   0.49465   0.49449   0.49426   0.49395   0.49354   0.49303   0.49240   0.49165   0.49076   0.48974   0.48858   0.48727   0.48582   0.48422   0.48247   0.48056   0.47851   0.47631   0.47395   0.47145   0.46880   0.46600   0.46306   0.45997   0.45674   0.45336   0.44985   0.44620   0.44241   0.43849   0.43443   0.43025   0.42593   0.42148   0.41691   0.41221   0.40739   0.40245   0.39738   0.39220   0.38689   0.38147   0.37594   0.37029   0.36453   0.35865   0.35266   0.34657   0.34037   0.33405   0.32764   0.32111   0.31449   0.30776   0.30092   0.29399   0.28696   0.27982   0.27259   0.26526   0.25783   0.25031   0.24269   0.23498   0.22717   0.21927   0.21128   0.20319   0.19502   0.18676   0.17840   0.16996   0.16143   0.15281   0.14411   0.13532   0.12644   0.11748   0.10844   0.09931   0.09010   0.08080   0.07142   0.06197   0.05243   0.04281   0.03311   0.02333   0.01348   0.00354  -0.00647  -0.01656  -0.02672  -0.03697  -0.04728  -0.05768  -0.06814  -0.07869  -0.08930  -0.09999  -0.11076  -0.12159  -0.13250  -0.14348  -0.15453  -0.16565  -0.17684  -0.18810  -0.19943  -0.21084  -0.22230  -0.23384  -0.24545  -0.25712  -0.26886  -0.28067  -0.29255  -0.30449  -0.31650  -0.32857  -0.34071  -0.35291  -0.36518  -0.37751  -0.38990  -0.40236  -0.41488  -0.42747  -0.44011  -0.45282  -0.46559  -0.47842  -0.49132  -0.50427  -0.51729  -0.53036  -0.54350  -0.55669  -0.56994  -0.58326  -0.59663  -0.61006  -0.62355  -0.63709  -0.65070  -0.66436  -0.67808  -0.69185  -0.70569  -0.71957  -0.73352  -0.74752  -0.76157  -0.77568  -0.78985  -0.80407  -0.81834  -0.83267  -0.84706  -0.86149  -0.87598  -0.89052  -0.90512  -0.91977  -0.93447  -0.94922  -0.96403  -0.97889  -0.99380  -1.00876  -1.02377  -1.03883  -1.05394  -1.06911  -1.08432  -1.09958  -1.11490  -1.13026  -1.14567  -1.16113  -1.17664  -1.19220  -1.20781  -1.22346  -1.23917  -1.25492  -1.27072  -1.28657  -1.30246  -1.31840  -1.33439  -1.35043
 135.82734    0.49912   0.49911   0.49911   0.49911   0.49910   0.49909   0.49906   0.49900   0.49889   0.49873   0.49850   0.49819   0.49779   0.49727   0.49664   0.49589   0.49500   0.49398   0.49281   0.49151   0.49005   0.48845   0.48669   0.48479   0.48273   0.48052   0.47816   0.47566   0.47300   0.47020   0.46725   0.46416   0.46092   0.45754   0.45403   0.45037   0.44658   0.44265   0.43859   0.43440   0.43008   0.42562   0.42105   0.41634   0.41152   0.40657   0.40150   0.39631   0.39100   0.38557   0.38003   0.37437   0.36860   0.36272   0.35673   0.35063   0.34442   0.33810   0.33168   0.32515   0.31852   0.31178   0.30494   0.29800   0.29096   0.28382   0.27658   0.26924   0.26181   0.25428   0.24666   0.23894   0.23112   0.22322   0.21522   0.20713   0.19895   0.19068   0.18232   0.17387   0.16533   0.15671   0.14800   0.13920   0.13032   0.12135   0.11230   0.10316   0.09394   0.08464   0.07526   0.06579   0.05625   0.04662   0.03692   0.02713   0.01727   0.00733  -0.00269  -0.01278  -0.02296  -0.03321  -0.04353  -0.05393  -0.06441  -0.07496  -0.08558  -0.09628  -0.10705  -0.11789  -0.12880  -0.13979  -0.15085  -0.16197  -0.17317  -0.18444  -0.19578  -0.20719  -0.21867  -0.23021  -0.24182  -0.25350  -0.26525  -0.27707  -0.28895  -0.30090  -0.31291  -0.32499  -0.33714  -0.34935  -0.36162  -0.37396  -0.38636  -0.39883  -0.41135  -0.42395  -0.43660  -0.44932  -0.46209  -0.47493  -0.48783  -0.50079  -0.51382  -0.52690  -0.54004  -0.55324  -0.56650  -0.57982  -0.59320  -0.60664  -0.62014  -0.63369  -0.64730  -0.66097  -0.67470  -0.68848  -0.70232  -0.71621  -0.73016  -0.74417  -0.75823  -0.77235  -0.78652  -0.80075  -0.81503  -0.82937  -0.84376  -0.85820  -0.87270  -0.88725  -0.90185  -0.91651  -0.93122  -0.94598  -0.96079  -0.97566  -0.99057  -1.00554  -1.02056  -1.03563  -1.05075  -1.06592  -1.08114  -1.09641  -1.11173  -1.12710  -1.14252  -1.15799  -1.17351  -1.18907  -1.20469  -1.22035  -1.23606  -1.25182  -1.26763  -1.28348  -1.29938  -1.31533  -1.33133  -1.34737
 135.94284    0.50339   0.50339   0.50339   0.50339   0.50338   0.50337   0.50333   0.50327   0.50317   0.50301   0.50278   0.50247   0.50206   0.50155   0.50091   0.50016   0.49927   0.49825   0.49708   0.49577   0.49431   0.49270   0.49095   0.48904   0.48698   0.48477   0.48241   0.47990   0.47724   0.47443   0.47148   0.46838   0.46514   0.46176   0.45823   0.45457   0.45078   0.44684   0.44278   0.43858   0.43425   0.42980   0.42521   0.42051   0.41567   0.41072   0.40564   0.40044   0.39513   0.38970   0.38415   0.37849   0.37271   0.36683   0.36083   0.35472   0.34851   0.34218   0.33575   0.32922   0.32258   0.31584   0.30899   0.30204   0.29500   0.28785   0.28060   0.27326   0.26582   0.25829   0.25065   0.24293   0.23511   0.22719   0.21919   0.21109   0.20291   0.19463   0.18626   0.17781   0.16926   0.16063   0.15191   0.14311   0.13422   0.12525   0.11619   0.10705   0.09782   0.08851   0.07912   0.06965   0.06010   0.05047   0.04076   0.03096   0.02109   0.01115   0.00112  -0.00898  -0.01916  -0.02942  -0.03975  -0.05016  -0.06064  -0.07120  -0.08183  -0.09253  -0.10331  -0.11416  -0.12508  -0.13607  -0.14713  -0.15827  -0.16948  -0.18075  -0.19210  -0.20351  -0.21500  -0.22655  -0.23817  -0.24986  -0.26161  -0.27343  -0.28532  -0.29728  -0.30930  -0.32139  -0.33354  -0.34576  -0.35804  -0.37038  -0.38279  -0.39526  -0.40780  -0.42040  -0.43306  -0.44578  -0.45857  -0.47141  -0.48432  -0.49729  -0.51032  -0.52341  -0.53656  -0.54977  -0.56303  -0.57636  -0.58975  -0.60319  -0.61670  -0.63026  -0.64388  -0.65755  -0.67128  -0.68507  -0.69892  -0.71282  -0.72678  -0.74080  -0.75487  -0.76899  -0.78317  -0.79741  -0.81169  -0.82604  -0.84043  -0.85489  -0.86939  -0.88395  -0.89856  -0.91322  -0.92794  -0.94271  -0.95753  -0.97240  -0.98732  -1.00230  -1.01732  -1.03240  -1.04753  -1.06270  -1.07793  -1.09321  -1.10854  -1.12392  -1.13934  -1.15482  -1.17034  -1.18592  -1.20154  -1.21721  -1.23293  -1.24869  -1.26451  -1.28037  -1.29628  -1.31224  -1.32824  -1.34429
 136.05834    0.50770   0.50770   0.50770   0.50770   0.50769   0.50768   0.50764   0.50758   0.50748   0.50732   0.50709   0.50678   0.50637   0.50585   0.50522   0.50446   0.50357   0.50255   0.50138   0.50007   0.49861   0.49700   0.49524   0.49332   0.49126   0.48905   0.48668   0.48417   0.48150   0.47869   0.47574   0.47263   0.46939   0.46600   0.46247   0.45881   0.45501   0.45107   0.44700   0.44280   0.43846   0.43400   0.42941   0.42470   0.41986   0.41490   0.40982   0.40461   0.39929   0.39386   0.38830   0.38264   0.37686   0.37096   0.36496   0.35884   0.35262   0.34629   0.33986   0.33332   0.32667   0.31992   0.31307   0.30612   0.29906   0.29191   0.28466   0.27731   0.26986   0.26232   0.25468   0.24695   0.23912   0.23120   0.22319   0.21509   0.20689   0.19861   0.19024   0.18177   0.17322   0.16459   0.15586   0.14705   0.13815   0.12917   0.12011   0.11096   0.10173   0.09241   0.08302   0.07354   0.06398   0.05434   0.04462   0.03482   0.02495   0.01499   0.00496  -0.00515  -0.01534  -0.02560  -0.03594  -0.04635  -0.05684  -0.06740  -0.07804  -0.08875  -0.09954  -0.11039  -0.12132  -0.13232  -0.14339  -0.15454  -0.16575  -0.17703  -0.18838  -0.19981  -0.21130  -0.22286  -0.23448  -0.24618  -0.25794  -0.26977  -0.28167  -0.29363  -0.30566  -0.31775  -0.32991  -0.34213  -0.35442  -0.36678  -0.37919  -0.39167  -0.40421  -0.41682  -0.42949  -0.44222  -0.45501  -0.46786  -0.48078  -0.49375  -0.50679  -0.51989  -0.53304  -0.54626  -0.55954  -0.57287  -0.58626  -0.59972  -0.61323  -0.62679  -0.64042  -0.65410  -0.66784  -0.68164  -0.69549  -0.70940  -0.72337  -0.73739  -0.75147  -0.76560  -0.77979  -0.79403  -0.80833  -0.82268  -0.83708  -0.85154  -0.86605  -0.88062  -0.89523  -0.90990  -0.92463  -0.93940  -0.95423  -0.96911  -0.98404  -0.99902  -1.01406  -1.02914  -1.04428  -1.05946  -1.07470  -1.08998  -1.10532  -1.12070  -1.13614  -1.15162  -1.16715  -1.18273  -1.19836  -1.21404  -1.22977  -1.24554  -1.26136  -1.27723  -1.29315  -1.30911  -1.32512  -1.34118
 136.17385    0.51204   0.51204   0.51204   0.51204   0.51203   0.51202   0.51198   0.51192   0.51182   0.51166   0.51143   0.51112   0.51071   0.51019   0.50956   0.50880   0.50791   0.50688   0.50571   0.50439   0.50293   0.50132   0.49955   0.49764   0.49557   0.49336   0.49099   0.48847   0.48580   0.48299   0.48002   0.47692   0.47367   0.47028   0.46675   0.46308   0.45927   0.45533   0.45125   0.44704   0.44270   0.43824   0.43364   0.42892   0.42408   0.41911   0.41402   0.40882   0.40349   0.39805   0.39249   0.38681   0.38103   0.37513   0.36912   0.36300   0.35677   0.35043   0.34399   0.33744   0.33079   0.32404   0.31718   0.31022   0.30316   0.29600   0.28874   0.28139   0.27393   0.26638   0.25874   0.25100   0.24317   0.23524   0.22722   0.21911   0.21091   0.20262   0.19424   0.18577   0.17722   0.16857   0.15984   0.15102   0.14212   0.13313   0.12406   0.11490   0.10567   0.09634   0.08694   0.07746   0.06789   0.05824   0.04852   0.03871   0.02883   0.01887   0.00883  -0.00129  -0.01148  -0.02175  -0.03210  -0.04252  -0.05301  -0.06358  -0.07423  -0.08495  -0.09574  -0.10660  -0.11754  -0.12854  -0.13962  -0.15077  -0.16199  -0.17328  -0.18464  -0.19607  -0.20757  -0.21913  -0.23077  -0.24247  -0.25424  -0.26608  -0.27798  -0.28995  -0.30199  -0.31409  -0.32625  -0.33848  -0.35078  -0.36314  -0.37556  -0.38805  -0.40060  -0.41321  -0.42589  -0.43863  -0.45142  -0.46429  -0.47721  -0.49019  -0.50323  -0.51634  -0.52950  -0.54273  -0.55601  -0.56935  -0.58275  -0.59621  -0.60973  -0.62330  -0.63694  -0.65063  -0.66437  -0.67818  -0.69204  -0.70596  -0.71993  -0.73396  -0.74804  -0.76218  -0.77638  -0.79063  -0.80493  -0.81929  -0.83370  -0.84817  -0.86268  -0.87726  -0.89188  -0.90656  -0.92129  -0.93607  -0.95091  -0.96579  -0.98073  -0.99572  -1.01076  -1.02585  -1.04100  -1.05619  -1.07143  -1.08672  -1.10207  -1.11746  -1.13290  -1.14839  -1.16393  -1.17952  -1.19516  -1.21084  -1.22657  -1.24236  -1.25818  -1.27406  -1.28999  -1.30596  -1.32197  -1.33804
 136.28935    0.51642   0.51642   0.51642   0.51641   0.51641   0.51639   0.51636   0.51630   0.51619   0.51603   0.51580   0.51549   0.51508   0.51456   0.51392   0.51316   0.51227   0.51124   0.51007   0.50875   0.50729   0.50567   0.50391   0.50199   0.49992   0.49770   0.49532   0.49280   0.49013   0.48731   0.48435   0.48123   0.47798   0.47458   0.47105   0.46737   0.46356   0.45961   0.45553   0.45132   0.44698   0.44250   0.43790   0.43318   0.42833   0.42336   0.41826   0.41305   0.40772   0.40227   0.39670   0.39102   0.38523   0.37932   0.37331   0.36718   0.36095   0.35461   0.34816   0.34160   0.33495   0.32818   0.32132   0.31435   0.30729   0.30012   0.29286   0.28549   0.27804   0.27048   0.26283   0.25508   0.24724   0.23931   0.23129   0.22317   0.21496   0.20666   0.19828   0.18980   0.18124   0.17259   0.16385   0.15502   0.14611   0.13712   0.12804   0.11888   0.10963   0.10031   0.09089   0.08140   0.07183   0.06218   0.05245   0.04263   0.03274   0.02277   0.01273   0.00260  -0.00760  -0.01787  -0.02823  -0.03866  -0.04916  -0.05974  -0.07039  -0.08111  -0.09191  -0.10278  -0.11372  -0.12474  -0.13582  -0.14698  -0.15821  -0.16950  -0.18087  -0.19231  -0.20381  -0.21538  -0.22703  -0.23874  -0.25051  -0.26236  -0.27427  -0.28624  -0.29829  -0.31039  -0.32257  -0.33481  -0.34711  -0.35947  -0.37191  -0.38440  -0.39696  -0.40958  -0.42226  -0.43500  -0.44781  -0.46068  -0.47361  -0.48660  -0.49965  -0.51276  -0.52593  -0.53916  -0.55245  -0.56580  -0.57921  -0.59268  -0.60620  -0.61978  -0.63342  -0.64712  -0.66088  -0.67469  -0.68856  -0.70248  -0.71646  -0.73050  -0.74459  -0.75874  -0.77294  -0.78719  -0.80151  -0.81587  -0.83029  -0.84476  -0.85929  -0.87387  -0.88850  -0.90319  -0.91792  -0.93271  -0.94756  -0.96245  -0.97740  -0.99239  -1.00744  -1.02254  -1.03769  -1.05289  -1.06814  -1.08344  -1.09879  -1.11419  -1.12964  -1.14514  -1.16068  -1.17628  -1.19192  -1.20762  -1.22336  -1.23915  -1.25498  -1.27087  -1.28680  -1.30278  -1.31880  -1.33487
 136.40486    0.52082   0.52082   0.52082   0.52082   0.52081   0.52080   0.52076   0.52070   0.52060   0.52044   0.52021   0.51989   0.51948   0.51896   0.51832   0.51756   0.51667   0.51564   0.51446   0.51314   0.51168   0.51006   0.50829   0.50637   0.50429   0.50207   0.49969   0.49717   0.49449   0.49167   0.48870   0.48558   0.48232   0.47892   0.47538   0.47170   0.46788   0.46393   0.45984   0.45563   0.45128   0.44680   0.44219   0.43746   0.43261   0.42763   0.42253   0.41731   0.41197   0.40652   0.40095   0.39526   0.38946   0.38355   0.37753   0.37140   0.36516   0.35881   0.35235   0.34579   0.33913   0.33236   0.32549   0.31852   0.31145   0.30427   0.29700   0.28963   0.28217   0.27460   0.26695   0.25919   0.25135   0.24341   0.23538   0.22725   0.21904   0.21074   0.20234   0.19386   0.18529   0.17663   0.16789   0.15906   0.15014   0.14114   0.13205   0.12288   0.11363   0.10430   0.09488   0.08538   0.07580   0.06614   0.05640   0.04658   0.03668   0.02671   0.01666   0.00652  -0.00368  -0.01397  -0.02433  -0.03476  -0.04527  -0.05586  -0.06651  -0.07725  -0.08805  -0.09893  -0.10988  -0.12090  -0.13199  -0.14316  -0.15439  -0.16569  -0.17707  -0.18851  -0.20002  -0.21160  -0.22325  -0.23497  -0.24675  -0.25860  -0.27052  -0.28251  -0.29456  -0.30667  -0.31885  -0.33110  -0.34341  -0.35578  -0.36822  -0.38072  -0.39328  -0.40591  -0.41860  -0.43135  -0.44417  -0.45704  -0.46998  -0.48298  -0.49604  -0.50915  -0.52233  -0.53557  -0.54887  -0.56222  -0.57564  -0.58911  -0.60265  -0.61624  -0.62988  -0.64359  -0.65735  -0.67117  -0.68504  -0.69898  -0.71296  -0.72701  -0.74111  -0.75526  -0.76947  -0.78373  -0.79805  -0.81242  -0.82685  -0.84133  -0.85587  -0.87045  -0.88509  -0.89979  -0.91453  -0.92933  -0.94418  -0.95908  -0.97403  -0.98904  -1.00409  -1.01920  -1.03435  -1.04956  -1.06482  -1.08013  -1.09548  -1.11089  -1.12635  -1.14185  -1.15741  -1.17301  -1.18866  -1.20436  -1.22011  -1.23591  -1.25175  -1.26764  -1.28358  -1.29957  -1.31560  -1.33168
 136.52036    0.52526   0.52526   0.52526   0.52525   0.52525   0.52523   0.52520   0.52514   0.52503   0.52487   0.52464   0.52432   0.52391   0.52339   0.52276   0.52199   0.52110   0.52006   0.51889   0.51757   0.51609   0.51447   0.51270   0.51078   0.50870   0.50647   0.50409   0.50156   0.49888   0.49605   0.49308   0.48996   0.48670   0.48329   0.47975   0.47606   0.47224   0.46828   0.46419   0.45996   0.45561   0.45113   0.44652   0.44178   0.43692   0.43193   0.42683   0.42160   0.41626   0.41080   0.40522   0.39953   0.39373   0.38781   0.38178   0.37564   0.36940   0.36304   0.35658   0.35001   0.34334   0.33657   0.32969   0.32271   0.31563   0.30845   0.30118   0.29380   0.28633   0.27876   0.27110   0.26334   0.25548   0.24754   0.23950   0.23137   0.22315   0.21484   0.20644   0.19795   0.18937   0.18071   0.17195   0.16312   0.15419   0.14519   0.13609   0.12692   0.11766   0.10832   0.09889   0.08939   0.07980   0.07013   0.06039   0.05056   0.04066   0.03067   0.02061   0.01047   0.00026  -0.01003  -0.02040  -0.03084  -0.04136  -0.05195  -0.06261  -0.07335  -0.08416  -0.09505  -0.10601  -0.11703  -0.12813  -0.13930  -0.15055  -0.16186  -0.17324  -0.18469  -0.19621  -0.20780  -0.21945  -0.23118  -0.24297  -0.25482  -0.26675  -0.27874  -0.29080  -0.30292  -0.31511  -0.32736  -0.33968  -0.35206  -0.36450  -0.37701  -0.38958  -0.40222  -0.41492  -0.42768  -0.44050  -0.45338  -0.46632  -0.47933  -0.49239  -0.50552  -0.51870  -0.53195  -0.54525  -0.55862  -0.57204  -0.58552  -0.59906  -0.61266  -0.62631  -0.64003  -0.65380  -0.66762  -0.68150  -0.69544  -0.70944  -0.72349  -0.73760  -0.75176  -0.76597  -0.78025  -0.79457  -0.80895  -0.82339  -0.83787  -0.85241  -0.86701  -0.88166  -0.89636  -0.91111  -0.92591  -0.94077  -0.95568  -0.97064  -0.98565  -1.00071  -1.01583  -1.03099  -1.04621  -1.06147  -1.07679  -1.09215  -1.10757  -1.12303  -1.13854  -1.15410  -1.16971  -1.18537  -1.20108  -1.21684  -1.23264  -1.24849  -1.26439  -1.28034  -1.29633  -1.31237  -1.32846
 136.63587    0.52973   0.52972   0.52972   0.52972   0.52971   0.52970   0.52966   0.52960   0.52950   0.52934   0.52911   0.52879   0.52838   0.52786   0.52722   0.52645   0.52556   0.52452   0.52334   0.52202   0.52054   0.51892   0.51715   0.51522   0.51314   0.51091   0.50852   0.50599   0.50330   0.50047   0.49749   0.49437   0.49110   0.48769   0.48414   0.48045   0.47662   0.47266   0.46856   0.46433   0.45997   0.45548   0.45087   0.44613   0.44126   0.43627   0.43116   0.42593   0.42058   0.41511   0.40953   0.40383   0.39802   0.39210   0.38606   0.37992   0.37366   0.36730   0.36084   0.35426   0.34759   0.34081   0.33392   0.32694   0.31985   0.31267   0.30538   0.29800   0.29052   0.28295   0.27527   0.26751   0.25965   0.25170   0.24365   0.23551   0.22729   0.21897   0.21056   0.20207   0.19348   0.18481   0.17605   0.16721   0.15828   0.14926   0.14016   0.13098   0.12171   0.11237   0.10293   0.09342   0.08383   0.07415   0.06440   0.05457   0.04466   0.03467   0.02460   0.01445   0.00423  -0.00607  -0.01644  -0.02689  -0.03741  -0.04801  -0.05868  -0.06943  -0.08025  -0.09114  -0.10210  -0.11314  -0.12425  -0.13542  -0.14667  -0.15799  -0.16938  -0.18084  -0.19236  -0.20396  -0.21562  -0.22735  -0.23915  -0.25102  -0.26295  -0.27495  -0.28701  -0.29914  -0.31134  -0.32360  -0.33592  -0.34831  -0.36076  -0.37328  -0.38586  -0.39850  -0.41120  -0.42397  -0.43680  -0.44969  -0.46264  -0.47565  -0.48872  -0.50186  -0.51505  -0.52830  -0.54161  -0.55498  -0.56841  -0.58190  -0.59545  -0.60905  -0.62272  -0.63644  -0.65021  -0.66405  -0.67794  -0.69188  -0.70589  -0.71994  -0.73406  -0.74823  -0.76245  -0.77673  -0.79106  -0.80545  -0.81989  -0.83439  -0.84893  -0.86354  -0.87819  -0.89290  -0.90766  -0.92247  -0.93734  -0.95225  -0.96722  -0.98224  -0.99731  -1.01243  -1.02760  -1.04282  -1.05810  -1.07342  -1.08879  -1.10421  -1.11968  -1.13520  -1.15077  -1.16639  -1.18206  -1.19777  -1.21354  -1.22935  -1.24521  -1.26111  -1.27707  -1.29307  -1.30911  -1.32521
 136.75137    0.53422   0.53422   0.53422   0.53422   0.53421   0.53420   0.53416   0.53410   0.53400   0.53383   0.53360   0.53329   0.53287   0.53235   0.53171   0.53095   0.53005   0.52901   0.52783   0.52650   0.52503   0.52340   0.52162   0.51969   0.51761   0.51537   0.51298   0.51045   0.50776   0.50492   0.50194   0.49881   0.49554   0.49212   0.48856   0.48487   0.48104   0.47707   0.47297   0.46873   0.46437   0.45987   0.45525   0.45050   0.44563   0.44064   0.43552   0.43028   0.42493   0.41945   0.41386   0.40816   0.40234   0.39641   0.39037   0.38422   0.37796   0.37160   0.36512   0.35854   0.35186   0.34507   0.33818   0.33119   0.32410   0.31691   0.30962   0.30223   0.29474   0.28716   0.27948   0.27171   0.26384   0.25588   0.24783   0.23969   0.23146   0.22313   0.21472   0.20621   0.19762   0.18894   0.18018   0.17133   0.16239   0.15337   0.14426   0.13507   0.12580   0.11644   0.10701   0.09749   0.08789   0.07821   0.06845   0.05861   0.04869   0.03869   0.02862   0.01846   0.00823  -0.00207  -0.01245  -0.02291  -0.03344  -0.04404  -0.05472  -0.06548  -0.07630  -0.08720  -0.09817  -0.10922  -0.12033  -0.13151  -0.14277  -0.15410  -0.16549  -0.17696  -0.18849  -0.20009  -0.21176  -0.22350  -0.23531  -0.24718  -0.25912  -0.27112  -0.28320  -0.29533  -0.30753  -0.31980  -0.33213  -0.34453  -0.35699  -0.36951  -0.38210  -0.39475  -0.40746  -0.42023  -0.43307  -0.44597  -0.45892  -0.47194  -0.48502  -0.49816  -0.51136  -0.52462  -0.53794  -0.55132  -0.56476  -0.57825  -0.59181  -0.60542  -0.61909  -0.63282  -0.64660  -0.66044  -0.67434  -0.68829  -0.70230  -0.71637  -0.73049  -0.74467  -0.75890  -0.77318  -0.78753  -0.80192  -0.81637  -0.83087  -0.84543  -0.86004  -0.87470  -0.88941  -0.90418  -0.91900  -0.93387  -0.94880  -0.96377  -0.97880  -0.99388  -1.00900  -1.02418  -1.03941  -1.05469  -1.07002  -1.08540  -1.10083  -1.11631  -1.13184  -1.14742  -1.16304  -1.17871  -1.19444  -1.21021  -1.22603  -1.24189  -1.25781  -1.27377  -1.28978  -1.30583  -1.32193
 136.86688    0.53875   0.53875   0.53875   0.53875   0.53874   0.53873   0.53869   0.53863   0.53852   0.53836   0.53813   0.53781   0.53740   0.53688   0.53624   0.53547   0.53457   0.53353   0.53235   0.53102   0.52954   0.52791   0.52613   0.52419   0.52211   0.51987   0.51747   0.51493   0.51224   0.50940   0.50641   0.50328   0.50000   0.49658   0.49302   0.48932   0.48548   0.48151   0.47740   0.47316   0.46879   0.46429   0.45966   0.45491   0.45003   0.44503   0.43991   0.43467   0.42930   0.42383   0.41823   0.41252   0.40670   0.40076   0.39471   0.38856   0.38229   0.37592   0.36944   0.36285   0.35616   0.34937   0.34247   0.33547   0.32838   0.32118   0.31388   0.30649   0.29899   0.29140   0.28372   0.27594   0.26807   0.26010   0.25204   0.24389   0.23565   0.22732   0.21890   0.21039   0.20179   0.19311   0.18434   0.17548   0.16653   0.15750   0.14839   0.13919   0.12991   0.12055   0.11111   0.10158   0.09197   0.08229   0.07252   0.06267   0.05275   0.04274   0.03266   0.02250   0.01227   0.00195  -0.00843  -0.01890  -0.02944  -0.04005  -0.05074  -0.06150  -0.07233  -0.08324  -0.09421  -0.10526  -0.11638  -0.12758  -0.13884  -0.15017  -0.16158  -0.17305  -0.18459  -0.19620  -0.20788  -0.21962  -0.23143  -0.24331  -0.25526  -0.26727  -0.27935  -0.29150  -0.30371  -0.31598  -0.32832  -0.34072  -0.35319  -0.36572  -0.37831  -0.39097  -0.40369  -0.41647  -0.42931  -0.44222  -0.45518  -0.46821  -0.48130  -0.49444  -0.50765  -0.52092  -0.53425  -0.54763  -0.56108  -0.57458  -0.58814  -0.60176  -0.61544  -0.62917  -0.64296  -0.65681  -0.67072  -0.68468  -0.69870  -0.71277  -0.72690  -0.74108  -0.75532  -0.76961  -0.78396  -0.79836  -0.81282  -0.82733  -0.84189  -0.85651  -0.87118  -0.88590  -0.90068  -0.91550  -0.93038  -0.94531  -0.96030  -0.97533  -0.99042  -1.00555  -1.02074  -1.03598  -1.05126  -1.06660  -1.08199  -1.09742  -1.11291  -1.12845  -1.14403  -1.15966  -1.17534  -1.19107  -1.20685  -1.22268  -1.23855  -1.25447  -1.27044  -1.28646  -1.30252  -1.31863
 136.98238    0.54331   0.54331   0.54331   0.54331   0.54330   0.54328   0.54325   0.54319   0.54308   0.54292   0.54269   0.54237   0.54196   0.54143   0.54079   0.54002   0.53912   0.53808   0.53689   0.53556   0.53408   0.53245   0.53066   0.52873   0.52663   0.52439   0.52200   0.51945   0.51675   0.51391   0.51092   0.50778   0.50450   0.50107   0.49751   0.49380   0.48996   0.48598   0.48187   0.47762   0.47324   0.46874   0.46411   0.45935   0.45446   0.44946   0.44433   0.43908   0.43371   0.42823   0.42263   0.41691   0.41108   0.40514   0.39909   0.39292   0.38665   0.38027   0.37378   0.36719   0.36050   0.35370   0.34679   0.33979   0.33268   0.32548   0.31817   0.31077   0.30327   0.29568   0.28799   0.28020   0.27232   0.26435   0.25628   0.24813   0.23988   0.23154   0.22311   0.21460   0.20599   0.19730   0.18852   0.17966   0.17071   0.16167   0.15255   0.14335   0.13406   0.12469   0.11524   0.10570   0.09609   0.08639   0.07662   0.06677   0.05683   0.04682   0.03673   0.02657   0.01632   0.00601  -0.00439  -0.01486  -0.02541  -0.03603  -0.04672  -0.05749  -0.06833  -0.07924  -0.09023  -0.10128  -0.11241  -0.12361  -0.13488  -0.14622  -0.15763  -0.16911  -0.18066  -0.19227  -0.20396  -0.21571  -0.22753  -0.23942  -0.25137  -0.26339  -0.27548  -0.28763  -0.29985  -0.31213  -0.32448  -0.33689  -0.34936  -0.36190  -0.37450  -0.38716  -0.39989  -0.41268  -0.42553  -0.43844  -0.45141  -0.46445  -0.47754  -0.49070  -0.50391  -0.51719  -0.53052  -0.54391  -0.55737  -0.57088  -0.58445  -0.59807  -0.61176  -0.62550  -0.63930  -0.65315  -0.66707  -0.68103  -0.69506  -0.70914  -0.72328  -0.73747  -0.75171  -0.76601  -0.78037  -0.79478  -0.80924  -0.82376  -0.83833  -0.85295  -0.86763  -0.88236  -0.89714  -0.91198  -0.92687  -0.94180  -0.95679  -0.97184  -0.98693  -1.00207  -1.01727  -1.03251  -1.04780  -1.06315  -1.07854  -1.09399  -1.10948  -1.12503  -1.14062  -1.15626  -1.17195  -1.18768  -1.20347  -1.21930  -1.23518  -1.25111  -1.26709  -1.28311  -1.29918  -1.31530
 137.09789    0.54790   0.54790   0.54790   0.54790   0.54789   0.54787   0.54784   0.54778   0.54767   0.54751   0.54728   0.54696   0.54654   0.54602   0.54537   0.54460   0.54370   0.54266   0.54147   0.54014   0.53865   0.53702   0.53523   0.53329   0.53119   0.52895   0.52655   0.52400   0.52130   0.51845   0.51545   0.51231   0.50902   0.50559   0.50202   0.49831   0.49446   0.49048   0.48636   0.48211   0.47773   0.47322   0.46858   0.46381   0.45892   0.45391   0.44878   0.44352   0.43815   0.43266   0.42705   0.42133   0.41549   0.40954   0.40349   0.39732   0.39104   0.38465   0.37816   0.37156   0.36486   0.35805   0.35114   0.34413   0.33702   0.32981   0.32250   0.31509   0.30758   0.29998   0.29228   0.28449   0.27660   0.26862   0.26055   0.25239   0.24413   0.23579   0.22735   0.21883   0.21022   0.20152   0.19274   0.18386   0.17491   0.16586   0.15674   0.14752   0.13823   0.12885   0.11939   0.10985   0.10023   0.09053   0.08075   0.07089   0.06095   0.05093   0.04084   0.03066   0.02041   0.01009  -0.00032  -0.01079  -0.02135  -0.03197  -0.04267  -0.05345  -0.06430  -0.07522  -0.08621  -0.09727  -0.10841  -0.11962  -0.13089  -0.14224  -0.15366  -0.16514  -0.17670  -0.18832  -0.20002  -0.21178  -0.22360  -0.23550  -0.24746  -0.25949  -0.27158  -0.28374  -0.29596  -0.30825  -0.32060  -0.33302  -0.34550  -0.35805  -0.37066  -0.38333  -0.39606  -0.40886  -0.42172  -0.43463  -0.44762  -0.46066  -0.47376  -0.48692  -0.50014  -0.51343  -0.52677  -0.54017  -0.55363  -0.56715  -0.58072  -0.59436  -0.60805  -0.62180  -0.63560  -0.64947  -0.66339  -0.67736  -0.69139  -0.70548  -0.71963  -0.73382  -0.74808  -0.76239  -0.77675  -0.79117  -0.80564  -0.82016  -0.83474  -0.84937  -0.86406  -0.87879  -0.89358  -0.90843  -0.92332  -0.93827  -0.95326  -0.96831  -0.98341  -0.99856  -1.01377  -1.02902  -1.04432  -1.05967  -1.07508  -1.09053  -1.10603  -1.12158  -1.13718  -1.15283  -1.16852  -1.18427  -1.20006  -1.21590  -1.23179  -1.24773  -1.26371  -1.27974  -1.29582  -1.31194
 137.21339    0.55252   0.55252   0.55252   0.55252   0.55251   0.55250   0.55246   0.55240   0.55229   0.55213   0.55190   0.55158   0.55116   0.55064   0.54999   0.54922   0.54831   0.54727   0.54608   0.54474   0.54325   0.54162   0.53983   0.53788   0.53578   0.53353   0.53113   0.52858   0.52587   0.52302   0.52002   0.51687   0.51358   0.51014   0.50657   0.50285   0.49900   0.49501   0.49089   0.48663   0.48224   0.47773   0.47308   0.46831   0.46341   0.45840   0.45326   0.44800   0.44262   0.43712   0.43151   0.42578   0.41993   0.41398   0.40791   0.40174   0.39545   0.38906   0.38256   0.37596   0.36925   0.36244   0.35552   0.34850   0.34138   0.33417   0.32685   0.31943   0.31192   0.30431   0.29661   0.28881   0.28092   0.27293   0.26485   0.25668   0.24842   0.24007   0.23163   0.22310   0.21448   0.20577   0.19698   0.18810   0.17913   0.17008   0.16095   0.15173   0.14243   0.13305   0.12358   0.11403   0.10441   0.09470   0.08491   0.07504   0.06509   0.05507   0.04497   0.03479   0.02453   0.01419   0.00379  -0.00670  -0.01726  -0.02789  -0.03860  -0.04938  -0.06024  -0.07116  -0.08216  -0.09324  -0.10438  -0.11559  -0.12688  -0.13823  -0.14966  -0.16115  -0.17271  -0.18434  -0.19604  -0.20781  -0.21965  -0.23155  -0.24352  -0.25555  -0.26765  -0.27982  -0.29205  -0.30434  -0.31671  -0.32913  -0.34162  -0.35417  -0.36679  -0.37947  -0.39221  -0.40501  -0.41788  -0.43080  -0.44379  -0.45684  -0.46995  -0.48312  -0.49635  -0.50964  -0.52299  -0.53639  -0.54986  -0.56339  -0.57697  -0.59061  -0.60431  -0.61807  -0.63188  -0.64575  -0.65968  -0.67366  -0.68770  -0.70180  -0.71595  -0.73016  -0.74442  -0.75873  -0.77310  -0.78753  -0.80201  -0.81654  -0.83112  -0.84576  -0.86046  -0.87520  -0.89000  -0.90485  -0.91975  -0.93470  -0.94971  -0.96476  -0.97987  -0.99503  -1.01024  -1.02550  -1.04081  -1.05617  -1.07158  -1.08704  -1.10255  -1.11810  -1.13371  -1.14937  -1.16507  -1.18082  -1.19662  -1.21247  -1.22837  -1.24431  -1.26030  -1.27634  -1.29243  -1.30856
 137.32890    0.55717   0.55717   0.55717   0.55717   0.55716   0.55715   0.55711   0.55705   0.55694   0.55678   0.55655   0.55623   0.55581   0.55528   0.55464   0.55386   0.55295   0.55191   0.55072   0.54938   0.54789   0.54625   0.54445   0.54250   0.54040   0.53815   0.53574   0.53318   0.53047   0.52762   0.52461   0.52146   0.51816   0.51472   0.51114   0.50742   0.50356   0.49957   0.49544   0.49118   0.48678   0.48226   0.47761   0.47284   0.46793   0.46291   0.45776   0.45250   0.44711   0.44161   0.43599   0.43025   0.42441   0.41845   0.41237   0.40619   0.39990   0.39350   0.38700   0.38038   0.37367   0.36685   0.35993   0.35290   0.34578   0.33855   0.33123   0.32381   0.31629   0.30867   0.30096   0.29316   0.28526   0.27726   0.26918   0.26100   0.25273   0.24437   0.23592   0.22739   0.21876   0.21005   0.20125   0.19236   0.18339   0.17434   0.16519   0.15597   0.14666   0.13727   0.12780   0.11824   0.10861   0.09889   0.08910   0.07922   0.06927   0.05923   0.04912   0.03894   0.02867   0.01833   0.00792  -0.00258  -0.01314  -0.02378  -0.03450  -0.04529  -0.05615  -0.06709  -0.07809  -0.08917  -0.10032  -0.11154  -0.12283  -0.13420  -0.14563  -0.15713  -0.16870  -0.18034  -0.19204  -0.20382  -0.21566  -0.22757  -0.23954  -0.25159  -0.26369  -0.27587  -0.28811  -0.30041  -0.31278  -0.32521  -0.33771  -0.35027  -0.36289  -0.37558  -0.38833  -0.40114  -0.41401  -0.42694  -0.43994  -0.45299  -0.46611  -0.47929  -0.49253  -0.50582  -0.51918  -0.53259  -0.54607  -0.55960  -0.57319  -0.58684  -0.60055  -0.61431  -0.62813  -0.64201  -0.65595  -0.66994  -0.68398  -0.69809  -0.71225  -0.72646  -0.74073  -0.75505  -0.76943  -0.78386  -0.79835  -0.81289  -0.82748  -0.84213  -0.85683  -0.87158  -0.88638  -0.90124  -0.91615  -0.93111  -0.94612  -0.96119  -0.97630  -0.99147  -1.00669  -1.02195  -1.03727  -1.05264  -1.06806  -1.08352  -1.09904  -1.11460  -1.13022  -1.14588  -1.16159  -1.17735  -1.19316  -1.20902  -1.22492  -1.24087  -1.25687  -1.27292  -1.28901  -1.30515
 137.44440    0.56186   0.56185   0.56185   0.56185   0.56184   0.56183   0.56179   0.56173   0.56162   0.56146   0.56123   0.56091   0.56049   0.55996   0.55931   0.55854   0.55763   0.55658   0.55538   0.55404   0.55255   0.55091   0.54911   0.54716   0.54505   0.54279   0.54038   0.53782   0.53511   0.53225   0.52923   0.52608   0.52278   0.51933   0.51575   0.51202   0.50816   0.50416   0.50002   0.49576   0.49136   0.48683   0.48217   0.47739   0.47248   0.46745   0.46230   0.45703   0.45164   0.44613   0.44050   0.43476   0.42891   0.42294   0.41686   0.41067   0.40438   0.39797   0.39146   0.38484   0.37812   0.37129   0.36436   0.35733   0.35020   0.34297   0.33564   0.32821   0.32068   0.31306   0.30534   0.29753   0.28962   0.28162   0.27353   0.26535   0.25707   0.24871   0.24025   0.23171   0.22308   0.21436   0.20555   0.19666   0.18768   0.17861   0.16947   0.16023   0.15092   0.14152   0.13204   0.12248   0.11284   0.10311   0.09331   0.08343   0.07347   0.06343   0.05331   0.04312   0.03285   0.02250   0.01207   0.00157  -0.00900  -0.01965  -0.03037  -0.04117  -0.05204  -0.06298  -0.07399  -0.08508  -0.09624  -0.10746  -0.11876  -0.13013  -0.14157  -0.15308  -0.16466  -0.17630  -0.18802  -0.19980  -0.21165  -0.22356  -0.23555  -0.24760  -0.25971  -0.27189  -0.28414  -0.29645  -0.30883  -0.32126  -0.33377  -0.34634  -0.35897  -0.37166  -0.38442  -0.39723  -0.41011  -0.42305  -0.43606  -0.44912  -0.46225  -0.47543  -0.48867  -0.50198  -0.51534  -0.52877  -0.54225  -0.55579  -0.56939  -0.58304  -0.59676  -0.61053  -0.62436  -0.63824  -0.65219  -0.66618  -0.68024  -0.69435  -0.70852  -0.72274  -0.73701  -0.75134  -0.76573  -0.78017  -0.79466  -0.80921  -0.82381  -0.83846  -0.85317  -0.86793  -0.88274  -0.89761  -0.91253  -0.92749  -0.94251  -0.95759  -0.97271  -0.98788  -1.00311  -1.01838  -1.03371  -1.04908  -1.06451  -1.07998  -1.09550  -1.11108  -1.12670  -1.14237  -1.15809  -1.17386  -1.18967  -1.20554  -1.22145  -1.23741  -1.25341  -1.26947  -1.28557  -1.30172
 137.55990    0.56657   0.56656   0.56656   0.56656   0.56655   0.56654   0.56650   0.56644   0.56633   0.56617   0.56594   0.56561   0.56519   0.56467   0.56402   0.56324   0.56233   0.56128   0.56008   0.55874   0.55724   0.55559   0.55379   0.55184   0.54973   0.54747   0.54505   0.54249   0.53977   0.53690   0.53389   0.53073   0.52742   0.52397   0.52038   0.51665   0.51278   0.50877   0.50463   0.50036   0.49596   0.49142   0.48676   0.48197   0.47706   0.47203   0.46687   0.46159   0.45619   0.45068   0.44504   0.43930   0.43344   0.42746   0.42138   0.41518   0.40888   0.40247   0.39595   0.38932   0.38260   0.37576   0.36883   0.36179   0.35465   0.34741   0.34008   0.33264   0.32511   0.31748   0.30975   0.30194   0.29402   0.28602   0.27792   0.26972   0.26144   0.25307   0.24461   0.23606   0.22742   0.21869   0.20988   0.20098   0.19199   0.18292   0.17377   0.16453   0.15521   0.14580   0.13631   0.12674   0.11710   0.10737   0.09756   0.08767   0.07770   0.06765   0.05753   0.04732   0.03705   0.02669   0.01626   0.00575  -0.00483  -0.01548  -0.02621  -0.03702  -0.04789  -0.05884  -0.06986  -0.08096  -0.09212  -0.10336  -0.11466  -0.12604  -0.13749  -0.14900  -0.16059  -0.17224  -0.18396  -0.19575  -0.20761  -0.21953  -0.23152  -0.24358  -0.25570  -0.26789  -0.28014  -0.29246  -0.30484  -0.31729  -0.32980  -0.34238  -0.35501  -0.36772  -0.38048  -0.39330  -0.40619  -0.41914  -0.43215  -0.44522  -0.45835  -0.47155  -0.48480  -0.49811  -0.51148  -0.52491  -0.53840  -0.55195  -0.56555  -0.57922  -0.59294  -0.60672  -0.62056  -0.63445  -0.64840  -0.66240  -0.67647  -0.69058  -0.70476  -0.71899  -0.73327  -0.74761  -0.76200  -0.77645  -0.79095  -0.80550  -0.82011  -0.83477  -0.84949  -0.86426  -0.87908  -0.89395  -0.90887  -0.92385  -0.93888  -0.95396  -0.96909  -0.98427  -0.99950  -1.01478  -1.03011  -1.04550  -1.06093  -1.07641  -1.09194  -1.10752  -1.12315  -1.13883  -1.15456  -1.17033  -1.18616  -1.20203  -1.21795  -1.23391  -1.24993  -1.26599  -1.28210  -1.29825
 137.67541    0.57131   0.57131   0.57130   0.57130   0.57129   0.57128   0.57124   0.57118   0.57107   0.57091   0.57067   0.57035   0.56993   0.56940   0.56875   0.56797   0.56706   0.56601   0.56481   0.56346   0.56196   0.56031   0.55851   0.55655   0.55444   0.55217   0.54975   0.54718   0.54446   0.54159   0.53857   0.53540   0.53209   0.52864   0.52504   0.52131   0.51743   0.51342   0.50928   0.50500   0.50059   0.49605   0.49138   0.48659   0.48167   0.47663   0.47146   0.46618   0.46077   0.45525   0.44961   0.44386   0.43799   0.43201   0.42592   0.41972   0.41341   0.40699   0.40047   0.39384   0.38710   0.38026   0.37332   0.36628   0.35913   0.35189   0.34454   0.33710   0.32956   0.32193   0.31419   0.30637   0.29845   0.29043   0.28233   0.27413   0.26584   0.25746   0.24899   0.24044   0.23179   0.22306   0.21423   0.20533   0.19633   0.18726   0.17809   0.16885   0.15952   0.15011   0.14061   0.13104   0.12138   0.11164   0.10183   0.09193   0.08195   0.07190   0.06177   0.05156   0.04127   0.03091   0.02047   0.00996  -0.00063  -0.01129  -0.02203  -0.03284  -0.04372  -0.05468  -0.06571  -0.07681  -0.08798  -0.09922  -0.11054  -0.12192  -0.13337  -0.14490  -0.15649  -0.16815  -0.17988  -0.19167  -0.20354  -0.21547  -0.22747  -0.23953  -0.25166  -0.26386  -0.27612  -0.28844  -0.30083  -0.31329  -0.32581  -0.33839  -0.35104  -0.36374  -0.37651  -0.38935  -0.40224  -0.41520  -0.42822  -0.44129  -0.45443  -0.46763  -0.48089  -0.49421  -0.50759  -0.52103  -0.53453  -0.54808  -0.56169  -0.57537  -0.58910  -0.60288  -0.61673  -0.63063  -0.64458  -0.65860  -0.67267  -0.68679  -0.70097  -0.71521  -0.72950  -0.74385  -0.75825  -0.77270  -0.78721  -0.80177  -0.81639  -0.83106  -0.84578  -0.86056  -0.87538  -0.89026  -0.90519  -0.92018  -0.93521  -0.95030  -0.96544  -0.98063  -0.99587  -1.01116  -1.02650  -1.04189  -1.05733  -1.07282  -1.08836  -1.10394  -1.11958  -1.13527  -1.15100  -1.16678  -1.18262  -1.19849  -1.21442  -1.23040  -1.24642  -1.26249  -1.27860  -1.29476
 137.79091    0.57608   0.57608   0.57607   0.57607   0.57606   0.57605   0.57601   0.57595   0.57584   0.57568   0.57544   0.57512   0.57470   0.57417   0.57352   0.57274   0.57182   0.57077   0.56956   0.56822   0.56671   0.56506   0.56325   0.56129   0.55918   0.55691   0.55448   0.55191   0.54918   0.54631   0.54328   0.54011   0.53680   0.53334   0.52973   0.52599   0.52211   0.51810   0.51395   0.50966   0.50525   0.50070   0.49603   0.49123   0.48630   0.48126   0.47609   0.47080   0.46539   0.45986   0.45421   0.44845   0.44258   0.43659   0.43050   0.42429   0.41797   0.41155   0.40502   0.39838   0.39164   0.38479   0.37784   0.37079   0.36364   0.35639   0.34904   0.34159   0.33404   0.32640   0.31866   0.31083   0.30290   0.29488   0.28677   0.27856   0.27027   0.26188   0.25341   0.24484   0.23619   0.22745   0.21862   0.20971   0.20071   0.19162   0.18245   0.17320   0.16386   0.15444   0.14494   0.13536   0.12569   0.11595   0.10613   0.09622   0.08624   0.07618   0.06604   0.05582   0.04553   0.03516   0.02472   0.01420   0.00360  -0.00707  -0.01782  -0.02863  -0.03952  -0.05049  -0.06152  -0.07263  -0.08381  -0.09506  -0.10638  -0.11777  -0.12923  -0.14076  -0.15236  -0.16403  -0.17577  -0.18757  -0.19944  -0.21138  -0.22339  -0.23546  -0.24760  -0.25980  -0.27207  -0.28440  -0.29680  -0.30926  -0.32179  -0.33438  -0.34703  -0.35974  -0.37252  -0.38536  -0.39827  -0.41123  -0.42425  -0.43734  -0.45049  -0.46369  -0.47696  -0.49029  -0.50367  -0.51712  -0.53062  -0.54419  -0.55781  -0.57149  -0.58522  -0.59902  -0.61287  -0.62678  -0.64074  -0.65476  -0.66884  -0.68297  -0.69716  -0.71141  -0.72570  -0.74006  -0.75447  -0.76893  -0.78344  -0.79801  -0.81264  -0.82732  -0.84204  -0.85683  -0.87166  -0.88655  -0.90149  -0.91648  -0.93152  -0.94662  -0.96176  -0.97696  -0.99221  -1.00750  -1.02285  -1.03825  -1.05370  -1.06920  -1.08474  -1.10034  -1.11598  -1.13168  -1.14742  -1.16321  -1.17905  -1.19493  -1.21087  -1.22685  -1.24288  -1.25896  -1.27508  -1.29125
 137.90642    0.58088   0.58087   0.58087   0.58087   0.58086   0.58085   0.58081   0.58075   0.58064   0.58048   0.58024   0.57992   0.57949   0.57896   0.57831   0.57753   0.57661   0.57555   0.57435   0.57300   0.57149   0.56984   0.56803   0.56606   0.56394   0.56167   0.55924   0.55666   0.55393   0.55105   0.54802   0.54485   0.54153   0.53806   0.53445   0.53071   0.52682   0.52280   0.51865   0.51436   0.50994   0.50538   0.50071   0.49590   0.49097   0.48592   0.48074   0.47544   0.47003   0.46449   0.45884   0.45308   0.44720   0.44120   0.43510   0.42889   0.42256   0.41613   0.40959   0.40295   0.39620   0.38935   0.38239   0.37533   0.36818   0.36092   0.35356   0.34611   0.33855   0.33090   0.32316   0.31532   0.30738   0.29936   0.29124   0.28302   0.27472   0.26633   0.25785   0.24927   0.24061   0.23187   0.22303   0.21411   0.20510   0.19601   0.18684   0.17758   0.16823   0.15881   0.14930   0.13971   0.13004   0.12028   0.11045   0.10054   0.09055   0.08048   0.07034   0.06011   0.04981   0.03944   0.02898   0.01846   0.00785  -0.00282  -0.01358  -0.02440  -0.03530  -0.04627  -0.05731  -0.06843  -0.07962  -0.09087  -0.10220  -0.11360  -0.12507  -0.13661  -0.14821  -0.15989  -0.17163  -0.18344  -0.19532  -0.20727  -0.21928  -0.23136  -0.24350  -0.25571  -0.26799  -0.28033  -0.29274  -0.30521  -0.31774  -0.33034  -0.34300  -0.35572  -0.36850  -0.38135  -0.39426  -0.40723  -0.42027  -0.43336  -0.44651  -0.45973  -0.47300  -0.48634  -0.49973  -0.51318  -0.52670  -0.54027  -0.55389  -0.56758  -0.58133  -0.59513  -0.60899  -0.62290  -0.63687  -0.65090  -0.66499  -0.67913  -0.69332  -0.70758  -0.72188  -0.73624  -0.75066  -0.76513  -0.77965  -0.79423  -0.80886  -0.82355  -0.83828  -0.85307  -0.86792  -0.88281  -0.89776  -0.91276  -0.92781  -0.94291  -0.95806  -0.97327  -0.98852  -1.00383  -1.01918  -1.03459  -1.05004  -1.06555  -1.08110  -1.09671  -1.11236  -1.12806  -1.14381  -1.15961  -1.17545  -1.19135  -1.20729  -1.22328  -1.23932  -1.25540  -1.27153  -1.28771
 138.02192    0.58570   0.58570   0.58570   0.58570   0.58569   0.58567   0.58564   0.58558   0.58547   0.58530   0.58507   0.58474   0.58432   0.58379   0.58313   0.58235   0.58143   0.58037   0.57916   0.57781   0.57630   0.57464   0.57283   0.57086   0.56874   0.56646   0.56403   0.56145   0.55871   0.55583   0.55279   0.54961   0.54629   0.54282   0.53920   0.53545   0.53156   0.52754   0.52337   0.51908   0.51465   0.51010   0.50541   0.50060   0.49566   0.49060   0.48542   0.48012   0.47469   0.46915   0.46350   0.45773   0.45184   0.44584   0.43973   0.43351   0.42718   0.42074   0.41420   0.40755   0.40079   0.39393   0.38697   0.37991   0.37274   0.36548   0.35811   0.35065   0.34309   0.33543   0.32768   0.31983   0.31189   0.30386   0.29573   0.28751   0.27920   0.27080   0.26231   0.25374   0.24507   0.23631   0.22747   0.21854   0.20953   0.20043   0.19125   0.18198   0.17263   0.16320   0.15368   0.14408   0.13440   0.12465   0.11481   0.10489   0.09489   0.08482   0.07466   0.06443   0.05413   0.04374   0.03328   0.02275   0.01214   0.00145  -0.00931  -0.02014  -0.03105  -0.04202  -0.05308  -0.06420  -0.07539  -0.08666  -0.09799  -0.10940  -0.12087  -0.13242  -0.14403  -0.15572  -0.16747  -0.17929  -0.19117  -0.20313  -0.21515  -0.22723  -0.23938  -0.25160  -0.26389  -0.27623  -0.28865  -0.30112  -0.31366  -0.32627  -0.33894  -0.35167  -0.36446  -0.37732  -0.39023  -0.40321  -0.41625  -0.42935  -0.44251  -0.45574  -0.46902  -0.48236  -0.49576  -0.50922  -0.52274  -0.53632  -0.54996  -0.56365  -0.57740  -0.59121  -0.60508  -0.61900  -0.63298  -0.64702  -0.66111  -0.67526  -0.68946  -0.70372  -0.71803  -0.73240  -0.74683  -0.76130  -0.77583  -0.79042  -0.80506  -0.81975  -0.83450  -0.84929  -0.86414  -0.87905  -0.89400  -0.90901  -0.92407  -0.93918  -0.95434  -0.96955  -0.98481  -1.00012  -1.01549  -1.03090  -1.04636  -1.06187  -1.07744  -1.09305  -1.10871  -1.12442  -1.14017  -1.15598  -1.17183  -1.18774  -1.20369  -1.21968  -1.23573  -1.25182  -1.26796  -1.28414
 138.13743    0.59056   0.59056   0.59056   0.59056   0.59055   0.59053   0.59050   0.59043   0.59033   0.59016   0.58992   0.58960   0.58917   0.58864   0.58798   0.58720   0.58628   0.58522   0.58401   0.58265   0.58114   0.57948   0.57766   0.57569   0.57356   0.57128   0.56885   0.56626   0.56352   0.56063   0.55759   0.55440   0.55107   0.54760   0.54398   0.54023   0.53633   0.53230   0.52813   0.52383   0.51940   0.51483   0.51014   0.50533   0.50038   0.49532   0.49013   0.48482   0.47939   0.47384   0.46818   0.46240   0.45651   0.45051   0.44439   0.43816   0.43183   0.42538   0.41883   0.41217   0.40541   0.39855   0.39158   0.38451   0.37733   0.37006   0.36269   0.35522   0.34766   0.33999   0.33223   0.32438   0.31643   0.30839   0.30026   0.29203   0.28371   0.27531   0.26681   0.25822   0.24955   0.24079   0.23194   0.22300   0.21398   0.20488   0.19569   0.18641   0.17705   0.16761   0.15809   0.14849   0.13880   0.12903   0.11919   0.10926   0.09926   0.08918   0.07902   0.06878   0.05846   0.04807   0.03761   0.02706   0.01644   0.00575  -0.00501  -0.01585  -0.02677  -0.03775  -0.04881  -0.05994  -0.07114  -0.08241  -0.09376  -0.10517  -0.11665  -0.12821  -0.13983  -0.15152  -0.16328  -0.17510  -0.18700  -0.19896  -0.21098  -0.22308  -0.23524  -0.24746  -0.25975  -0.27211  -0.28453  -0.29701  -0.30956  -0.32217  -0.33485  -0.34759  -0.36039  -0.37325  -0.38618  -0.39916  -0.41221  -0.42532  -0.43849  -0.45172  -0.46501  -0.47836  -0.49177  -0.50523  -0.51876  -0.53235  -0.54599  -0.55969  -0.57345  -0.58727  -0.60114  -0.61507  -0.62906  -0.64310  -0.65720  -0.67136  -0.68557  -0.69984  -0.71416  -0.72853  -0.74297  -0.75745  -0.77199  -0.78658  -0.80123  -0.81593  -0.83068  -0.84549  -0.86034  -0.87526  -0.89022  -0.90523  -0.92030  -0.93541  -0.95058  -0.96580  -0.98107  -0.99639  -1.01176  -1.02718  -1.04266  -1.05818  -1.07375  -1.08936  -1.10503  -1.12075  -1.13651  -1.15233  -1.16819  -1.18410  -1.20006  -1.21606  -1.23211  -1.24821  -1.26436  -1.28055
 138.25293    0.59545   0.59545   0.59545   0.59544   0.59544   0.59542   0.59538   0.59532   0.59521   0.59505   0.59481   0.59448   0.59406   0.59352   0.59286   0.59208   0.59116   0.59009   0.58888   0.58752   0.58601   0.58434   0.58252   0.58055   0.57842   0.57613   0.57369   0.57110   0.56835   0.56546   0.56242   0.55923   0.55589   0.55241   0.54879   0.54503   0.54113   0.53709   0.53291   0.52861   0.52417   0.51960   0.51491   0.51008   0.50513   0.50006   0.49487   0.48955   0.48412   0.47856   0.47289   0.46711   0.46121   0.45520   0.44908   0.44284   0.43650   0.43005   0.42349   0.41683   0.41006   0.40319   0.39621   0.38913   0.38195   0.37468   0.36730   0.35982   0.35225   0.34458   0.33681   0.32895   0.32100   0.31295   0.30481   0.29658   0.28825   0.27984   0.27133   0.26274   0.25406   0.24529   0.23643   0.22749   0.21846   0.20935   0.20015   0.19087   0.18151   0.17206   0.16253   0.15292   0.14322   0.13345   0.12360   0.11367   0.10365   0.09356   0.08340   0.07315   0.06283   0.05243   0.04196   0.03141   0.02078   0.01008  -0.00069  -0.01154  -0.02246  -0.03345  -0.04452  -0.05566  -0.06686  -0.07814  -0.08949  -0.10092  -0.11241  -0.12397  -0.13559  -0.14729  -0.15906  -0.17089  -0.18279  -0.19476  -0.20680  -0.21890  -0.23106  -0.24330  -0.25560  -0.26796  -0.28039  -0.29288  -0.30543  -0.31805  -0.33074  -0.34348  -0.35629  -0.36916  -0.38209  -0.39509  -0.40814  -0.42126  -0.43443  -0.44767  -0.46097  -0.47433  -0.48774  -0.50122  -0.51475  -0.52835  -0.54200  -0.55571  -0.56947  -0.58330  -0.59718  -0.61112  -0.62511  -0.63916  -0.65327  -0.66744  -0.68165  -0.69593  -0.71026  -0.72464  -0.73908  -0.75357  -0.76812  -0.78272  -0.79737  -0.81208  -0.82684  -0.84165  -0.85652  -0.87144  -0.88641  -0.90143  -0.91650  -0.93163  -0.94680  -0.96203  -0.97731  -0.99264  -1.00802  -1.02344  -1.03892  -1.05445  -1.07003  -1.08565  -1.10133  -1.11705  -1.13283  -1.14865  -1.16452  -1.18044  -1.19640  -1.21241  -1.22847  -1.24458  -1.26073  -1.27694
 138.36844    0.60036   0.60036   0.60036   0.60036   0.60035   0.60033   0.60030   0.60023   0.60013   0.59996   0.59972   0.59940   0.59897   0.59843   0.59777   0.59699   0.59606   0.59499   0.59378   0.59242   0.59090   0.58923   0.58741   0.58543   0.58330   0.58101   0.57856   0.57597   0.57322   0.57032   0.56727   0.56408   0.56074   0.55725   0.55362   0.54986   0.54595   0.54191   0.53773   0.53342   0.52897   0.52440   0.51969   0.51487   0.50991   0.50483   0.49963   0.49431   0.48887   0.48331   0.47763   0.47184   0.46594   0.45992   0.45379   0.44755   0.44120   0.43474   0.42818   0.42151   0.41473   0.40785   0.40087   0.39379   0.38660   0.37932   0.37193   0.36445   0.35687   0.34919   0.34142   0.33355   0.32559   0.31753   0.30939   0.30115   0.29282   0.28440   0.27588   0.26728   0.25860   0.24982   0.24096   0.23201   0.22297   0.21385   0.20465   0.19536   0.18599   0.17653   0.16699   0.15737   0.14767   0.13789   0.12803   0.11809   0.10808   0.09798   0.08780   0.07755   0.06722   0.05682   0.04633   0.03578   0.02514   0.01444   0.00366  -0.00720  -0.01813  -0.02913  -0.04020  -0.05134  -0.06256  -0.07385  -0.08521  -0.09663  -0.10813  -0.11970  -0.13134  -0.14304  -0.15481  -0.16665  -0.17856  -0.19054  -0.20258  -0.21469  -0.22686  -0.23911  -0.25141  -0.26378  -0.27622  -0.28872  -0.30128  -0.31391  -0.32660  -0.33935  -0.35217  -0.36504  -0.37798  -0.39098  -0.40405  -0.41717  -0.43036  -0.44360  -0.45691  -0.47027  -0.48369  -0.49718  -0.51072  -0.52432  -0.53798  -0.55170  -0.56547  -0.57930  -0.59319  -0.60714  -0.62114  -0.63520  -0.64931  -0.66349  -0.67771  -0.69199  -0.70633  -0.72072  -0.73517  -0.74967  -0.76422  -0.77883  -0.79349  -0.80821  -0.82298  -0.83780  -0.85267  -0.86760  -0.88257  -0.89760  -0.91268  -0.92782  -0.94300  -0.95824  -0.97352  -0.98886  -1.00424  -1.01968  -1.03516  -1.05070  -1.06629  -1.08192  -1.09760  -1.11333  -1.12912  -1.14494  -1.16082  -1.17675  -1.19272  -1.20874  -1.22481  -1.24092  -1.25708  -1.27329
 138.48394    0.60531   0.60531   0.60530   0.60530   0.60529   0.60528   0.60524   0.60518   0.60507   0.60490   0.60466   0.60434   0.60391   0.60337   0.60271   0.60192   0.60100   0.59993   0.59871   0.59735   0.59583   0.59416   0.59233   0.59034   0.58821   0.58591   0.58347   0.58086   0.57811   0.57521   0.57215   0.56895   0.56561   0.56212   0.55849   0.55471   0.55080   0.54675   0.54257   0.53825   0.53380   0.52922   0.52451   0.51968   0.51472   0.50963   0.50442   0.49910   0.49365   0.48808   0.48240   0.47660   0.47069   0.46467   0.45853   0.45229   0.44593   0.43947   0.43289   0.42622   0.41944   0.41255   0.40556   0.39847   0.39128   0.38399   0.37659   0.36910   0.36152   0.35383   0.34605   0.33818   0.33021   0.32215   0.31399   0.30575   0.29741   0.28898   0.28046   0.27186   0.26316   0.25438   0.24551   0.23655   0.22751   0.21838   0.20917   0.19987   0.19049   0.18103   0.17149   0.16186   0.15215   0.14236   0.13250   0.12255   0.11252   0.10242   0.09224   0.08198   0.07164   0.06123   0.05074   0.04017   0.02953   0.01882   0.00803  -0.00283  -0.01377  -0.02477  -0.03585  -0.04701  -0.05823  -0.06952  -0.08089  -0.09233  -0.10383  -0.11541  -0.12705  -0.13876  -0.15054  -0.16239  -0.17431  -0.18629  -0.19834  -0.21046  -0.22264  -0.23489  -0.24720  -0.25958  -0.27202  -0.28453  -0.29710  -0.30973  -0.32243  -0.33519  -0.34801  -0.36090  -0.37385  -0.38686  -0.39993  -0.41306  -0.42625  -0.43950  -0.45282  -0.46619  -0.47962  -0.49311  -0.50666  -0.52027  -0.53393  -0.54766  -0.56144  -0.57528  -0.58918  -0.60313  -0.61714  -0.63121  -0.64533  -0.65951  -0.67374  -0.68803  -0.70238  -0.71678  -0.73123  -0.74574  -0.76030  -0.77492  -0.78959  -0.80431  -0.81908  -0.83391  -0.84879  -0.86373  -0.87871  -0.89375  -0.90884  -0.92398  -0.93917  -0.95441  -0.96971  -0.98505  -1.00044  -1.01589  -1.03138  -1.04692  -1.06252  -1.07816  -1.09385  -1.10959  -1.12538  -1.14122  -1.15710  -1.17303  -1.18901  -1.20504  -1.22112  -1.23724  -1.25341  -1.26963
 138.59945    0.61028   0.61028   0.61028   0.61027   0.61027   0.61025   0.61021   0.61015   0.61004   0.60987   0.60963   0.60931   0.60888   0.60834   0.60768   0.60689   0.60596   0.60489   0.60367   0.60230   0.60078   0.59910   0.59727   0.59529   0.59314   0.59085   0.58839   0.58579   0.58303   0.58012   0.57707   0.57386   0.57051   0.56701   0.56338   0.55960   0.55568   0.55163   0.54744   0.54311   0.53866   0.53407   0.52936   0.52452   0.51955   0.51446   0.50925   0.50391   0.49846   0.49289   0.48720   0.48139   0.47548   0.46945   0.46330   0.45705   0.45069   0.44422   0.43764   0.43095   0.42417   0.41727   0.41028   0.40318   0.39598   0.38868   0.38128   0.37379   0.36619   0.35850   0.35071   0.34283   0.33486   0.32679   0.31863   0.31037   0.30203   0.29359   0.28507   0.27645   0.26775   0.25896   0.25008   0.24112   0.23207   0.22293   0.21372   0.20441   0.19503   0.18556   0.17600   0.16637   0.15666   0.14686   0.13699   0.12703   0.11700   0.10689   0.09670   0.08643   0.07609   0.06567   0.05517   0.04460   0.03395   0.02323   0.01243   0.00156  -0.00938  -0.02039  -0.03148  -0.04264  -0.05387  -0.06517  -0.07655  -0.08799  -0.09950  -0.11109  -0.12274  -0.13446  -0.14624  -0.15810  -0.17002  -0.18202  -0.19407  -0.20620  -0.21839  -0.23064  -0.24296  -0.25535  -0.26780  -0.28031  -0.29289  -0.30553  -0.31824  -0.33101  -0.34384  -0.35673  -0.36969  -0.38270  -0.39578  -0.40892  -0.42212  -0.43538  -0.44870  -0.46208  -0.47552  -0.48902  -0.50257  -0.51619  -0.52986  -0.54360  -0.55739  -0.57123  -0.58514  -0.59910  -0.61312  -0.62719  -0.64132  -0.65551  -0.66975  -0.68405  -0.69840  -0.71281  -0.72727  -0.74178  -0.75635  -0.77098  -0.78565  -0.80038  -0.81517  -0.83000  -0.84489  -0.85983  -0.87483  -0.88987  -0.90497  -0.92012  -0.93532  -0.95057  -0.96587  -0.98122  -0.99662  -1.01207  -1.02757  -1.04312  -1.05872  -1.07437  -1.09007  -1.10582  -1.12162  -1.13746  -1.15335  -1.16929  -1.18528  -1.20132  -1.21740  -1.23353  -1.24971  -1.26593
 138.71495    0.61528   0.61528   0.61528   0.61527   0.61527   0.61525   0.61521   0.61515   0.61504   0.61487   0.61463   0.61430   0.61388   0.61333   0.61267   0.61188   0.61095   0.60987   0.60865   0.60728   0.60576   0.60408   0.60225   0.60026   0.59811   0.59581   0.59335   0.59074   0.58798   0.58507   0.58200   0.57879   0.57544   0.57194   0.56829   0.56451   0.56059   0.55653   0.55233   0.54800   0.54354   0.53895   0.53423   0.52938   0.52441   0.51931   0.51409   0.50875   0.50329   0.49772   0.49202   0.48621   0.48029   0.47425   0.46810   0.46184   0.45547   0.44899   0.44241   0.43572   0.42892   0.42202   0.41502   0.40792   0.40071   0.39340   0.38600   0.37850   0.37089   0.36320   0.35540   0.34751   0.33953   0.33146   0.32329   0.31503   0.30667   0.29823   0.28970   0.28108   0.27237   0.26357   0.25469   0.24572   0.23666   0.22752   0.21829   0.20898   0.19959   0.19011   0.18055   0.17091   0.16119   0.15139   0.14150   0.13154   0.12150   0.11138   0.10118   0.09091   0.08056   0.07013   0.05963   0.04905   0.03839   0.02766   0.01686   0.00598  -0.00497  -0.01599  -0.02708  -0.03825  -0.04949  -0.06080  -0.07218  -0.08363  -0.09515  -0.10674  -0.11840  -0.13013  -0.14192  -0.15378  -0.16572  -0.17771  -0.18978  -0.20191  -0.21411  -0.22637  -0.23870  -0.25109  -0.26355  -0.27607  -0.28866  -0.30131  -0.31402  -0.32680  -0.33964  -0.35254  -0.36550  -0.37852  -0.39161  -0.40475  -0.41796  -0.43123  -0.44456  -0.45794  -0.47139  -0.48490  -0.49846  -0.51209  -0.52577  -0.53951  -0.55331  -0.56716  -0.58107  -0.59504  -0.60907  -0.62315  -0.63729  -0.65148  -0.66573  -0.68004  -0.69440  -0.70881  -0.72328  -0.73780  -0.75238  -0.76701  -0.78170  -0.79643  -0.81123  -0.82607  -0.84097  -0.85591  -0.87092  -0.88597  -0.90107  -0.91623  -0.93143  -0.94669  -0.96200  -0.97736  -0.99277  -1.00823  -1.02374  -1.03930  -1.05491  -1.07056  -1.08627  -1.10202  -1.11783  -1.13368  -1.14958  -1.16553  -1.18153  -1.19757  -1.21366  -1.22980  -1.24598  -1.26222
 138.83046    0.62031   0.62031   0.62030   0.62030   0.62029   0.62028   0.62024   0.62018   0.62007   0.61990   0.61966   0.61933   0.61890   0.61836   0.61769   0.61690   0.61597   0.61489   0.61367   0.61229   0.61077   0.60909   0.60725   0.60525   0.60310   0.60080   0.59834   0.59572   0.59296   0.59004   0.58697   0.58376   0.58040   0.57689   0.57324   0.56945   0.56552   0.56146   0.55726   0.55292   0.54845   0.54386   0.53913   0.53428   0.52930   0.52419   0.51897   0.51362   0.50816   0.50257   0.49687   0.49105   0.48512   0.47908   0.47292   0.46666   0.46028   0.45380   0.44721   0.44051   0.43371   0.42680   0.41979   0.41268   0.40547   0.39815   0.39074   0.38323   0.37562   0.36792   0.36012   0.35222   0.34423   0.33615   0.32797   0.31971   0.31135   0.30290   0.29436   0.28573   0.27701   0.26821   0.25932   0.25034   0.24127   0.23213   0.22289   0.21357   0.20417   0.19469   0.18512   0.17547   0.16575   0.15594   0.14605   0.13608   0.12603   0.11590   0.10570   0.09542   0.08506   0.07462   0.06411   0.05352   0.04286   0.03213   0.02132   0.01043  -0.00053  -0.01156  -0.02266  -0.03383  -0.04508  -0.05640  -0.06778  -0.07924  -0.09077  -0.10237  -0.11403  -0.12577  -0.13757  -0.14944  -0.16138  -0.17339  -0.18546  -0.19760  -0.20980  -0.22207  -0.23441  -0.24681  -0.25928  -0.27181  -0.28440  -0.29706  -0.30978  -0.32256  -0.33541  -0.34832  -0.36129  -0.37432  -0.38741  -0.40056  -0.41378  -0.42705  -0.44039  -0.45378  -0.46724  -0.48075  -0.49433  -0.50796  -0.52165  -0.53539  -0.54920  -0.56306  -0.57698  -0.59096  -0.60499  -0.61908  -0.63323  -0.64743  -0.66169  -0.67600  -0.69037  -0.70479  -0.71927  -0.73380  -0.74838  -0.76302  -0.77771  -0.79246  -0.80726  -0.82211  -0.83701  -0.85197  -0.86698  -0.88204  -0.89715  -0.91231  -0.92753  -0.94279  -0.95811  -0.97348  -0.98889  -1.00436  -1.01988  -1.03545  -1.05106  -1.06673  -1.08244  -1.09820  -1.11402  -1.12988  -1.14578  -1.16174  -1.17774  -1.19380  -1.20989  -1.22604  -1.24223  -1.25847
 138.94596    0.62536   0.62536   0.62536   0.62536   0.62535   0.62533   0.62530   0.62523   0.62512   0.62496   0.62471   0.62438   0.62395   0.62341   0.62274   0.62195   0.62101   0.61994   0.61871   0.61733   0.61580   0.61412   0.61228   0.61028   0.60812   0.60581   0.60335   0.60073   0.59796   0.59504   0.59197   0.58875   0.58538   0.58187   0.57821   0.57442   0.57049   0.56641   0.56221   0.55787   0.55339   0.54879   0.54406   0.53920   0.53421   0.52910   0.52387   0.51852   0.51305   0.50746   0.50175   0.49593   0.48999   0.48394   0.47777   0.47150   0.46512   0.45863   0.45203   0.44533   0.43852   0.43160   0.42459   0.41747   0.41025   0.40293   0.39551   0.38799   0.38038   0.37267   0.36486   0.35696   0.34896   0.34087   0.33269   0.32441   0.31605   0.30759   0.29904   0.29041   0.28168   0.27287   0.26397   0.25499   0.24592   0.23676   0.22752   0.21819   0.20879   0.19929   0.18972   0.18007   0.17033   0.16051   0.15062   0.14064   0.13058   0.12045   0.11024   0.09995   0.08958   0.07914   0.06862   0.05803   0.04736   0.03661   0.02580   0.01490   0.00394  -0.00710  -0.01821  -0.02939  -0.04064  -0.05197  -0.06336  -0.07483  -0.08636  -0.09797  -0.10964  -0.12139  -0.13320  -0.14507  -0.15702  -0.16903  -0.18111  -0.19326  -0.20547  -0.21775  -0.23009  -0.24250  -0.25498  -0.26751  -0.28011  -0.29278  -0.30551  -0.31830  -0.33115  -0.34407  -0.35705  -0.37009  -0.38319  -0.39635  -0.40957  -0.42285  -0.43620  -0.44960  -0.46306  -0.47658  -0.49016  -0.50380  -0.51750  -0.53125  -0.54507  -0.55894  -0.57287  -0.58685  -0.60089  -0.61499  -0.62914  -0.64335  -0.65762  -0.67194  -0.68631  -0.70074  -0.71523  -0.72977  -0.74436  -0.75900  -0.77370  -0.78846  -0.80326  -0.81812  -0.83304  -0.84800  -0.86302  -0.87808  -0.89320  -0.90838  -0.92360  -0.93887  -0.95420  -0.96957  -0.98500  -1.00047  -1.01599  -1.03157  -1.04719  -1.06287  -1.07859  -1.09436  -1.11018  -1.12605  -1.14196  -1.15793  -1.17394  -1.19000  -1.20610  -1.22226  -1.23846  -1.25471
 139.06147    0.63045   0.63045   0.63045   0.63044   0.63043   0.63042   0.63038   0.63032   0.63021   0.63004   0.62980   0.62947   0.62903   0.62849   0.62782   0.62702   0.62609   0.62501   0.62378   0.62240   0.62087   0.61918   0.61733   0.61533   0.61317   0.61086   0.60839   0.60577   0.60299   0.60006   0.59699   0.59376   0.59039   0.58687   0.58322   0.57941   0.57548   0.57140   0.56719   0.56284   0.55836   0.55375   0.54901   0.54415   0.53916   0.53404   0.52880   0.52344   0.51796   0.51237   0.50665   0.50082   0.49488   0.48882   0.48265   0.47637   0.46998   0.46349   0.45688   0.45017   0.44336   0.43644   0.42941   0.42229   0.41506   0.40773   0.40031   0.39278   0.38516   0.37744   0.36963   0.36172   0.35372   0.34562   0.33743   0.32915   0.32077   0.31231   0.30376   0.29511   0.28638   0.27756   0.26866   0.25966   0.25058   0.24142   0.23217   0.22284   0.21343   0.20393   0.19435   0.18468   0.17494   0.16512   0.15521   0.14523   0.13516   0.12502   0.11480   0.10451   0.09413   0.08368   0.07316   0.06256   0.05188   0.04113   0.03030   0.01940   0.00843  -0.00261  -0.01373  -0.02492  -0.03618  -0.04751  -0.05892  -0.07039  -0.08193  -0.09354  -0.10523  -0.11698  -0.12879  -0.14068  -0.15263  -0.16466  -0.17674  -0.18890  -0.20112  -0.21340  -0.22575  -0.23817  -0.25065  -0.26320  -0.27580  -0.28848  -0.30121  -0.31401  -0.32687  -0.33980  -0.35278  -0.36583  -0.37894  -0.39211  -0.40534  -0.41863  -0.43198  -0.44539  -0.45886  -0.47239  -0.48598  -0.49962  -0.51333  -0.52709  -0.54091  -0.55479  -0.56872  -0.58272  -0.59676  -0.61087  -0.62503  -0.63925  -0.65352  -0.66785  -0.68223  -0.69667  -0.71116  -0.72571  -0.74031  -0.75496  -0.76967  -0.78443  -0.79925  -0.81411  -0.82903  -0.84401  -0.85903  -0.87411  -0.88923  -0.90441  -0.91964  -0.93492  -0.95026  -0.96564  -0.98107  -0.99655  -1.01209  -1.02767  -1.04330  -1.05898  -1.07471  -1.09049  -1.10632  -1.12219  -1.13812  -1.15409  -1.17011  -1.18617  -1.20229  -1.21845  -1.23466  -1.25091
 139.17697    0.63556   0.63556   0.63556   0.63555   0.63555   0.63553   0.63549   0.63543   0.63532   0.63515   0.63491   0.63458   0.63414   0.63360   0.63293   0.63213   0.63119   0.63011   0.62888   0.62749   0.62596   0.62427   0.62242   0.62041   0.61825   0.61593   0.61346   0.61083   0.60805   0.60512   0.60204   0.59881   0.59543   0.59191   0.58824   0.58444   0.58049   0.57641   0.57219   0.56784   0.56335   0.55874   0.55399   0.54912   0.54413   0.53900   0.53376   0.52839   0.52291   0.51730   0.51158   0.50575   0.49980   0.49373   0.48756   0.48127   0.47488   0.46837   0.46176   0.45504   0.44822   0.44129   0.43426   0.42713   0.41990   0.41256   0.40513   0.39760   0.38997   0.38225   0.37442   0.36651   0.35850   0.35039   0.34219   0.33391   0.32553   0.31705   0.30849   0.29984   0.29110   0.28228   0.27337   0.26437   0.25528   0.24611   0.23685   0.22751   0.21809   0.20858   0.19900   0.18933   0.17958   0.16974   0.15983   0.14984   0.13977   0.12962   0.11940   0.10909   0.09871   0.08825   0.07772   0.06711   0.05643   0.04567   0.03484   0.02393   0.01295   0.00190  -0.00923  -0.02043  -0.03169  -0.04303  -0.05444  -0.06592  -0.07748  -0.08910  -0.10078  -0.11254  -0.12437  -0.13626  -0.14822  -0.16025  -0.17235  -0.18451  -0.19674  -0.20903  -0.22139  -0.23381  -0.24630  -0.25885  -0.27147  -0.28415  -0.29689  -0.30970  -0.32257  -0.33550  -0.34849  -0.36155  -0.37466  -0.38784  -0.40108  -0.41438  -0.42773  -0.44115  -0.45463  -0.46817  -0.48176  -0.49542  -0.50913  -0.52290  -0.53673  -0.55061  -0.56456  -0.57856  -0.59261  -0.60673  -0.62090  -0.63512  -0.64940  -0.66374  -0.67813  -0.69257  -0.70707  -0.72163  -0.73624  -0.75090  -0.76561  -0.78038  -0.79520  -0.81008  -0.82501  -0.83999  -0.85502  -0.87010  -0.88524  -0.90042  -0.91566  -0.93095  -0.94629  -0.96168  -0.97712  -0.99261  -1.00815  -1.02374  -1.03938  -1.05507  -1.07081  -1.08659  -1.10243  -1.11831  -1.13424  -1.15022  -1.16625  -1.18233  -1.19845  -1.21462  -1.23083  -1.24710
 139.29247    0.64070   0.64070   0.64070   0.64069   0.64069   0.64067   0.64063   0.64057   0.64046   0.64029   0.64004   0.63971   0.63928   0.63873   0.63806   0.63726   0.63632   0.63523   0.63400   0.63261   0.63108   0.62938   0.62753   0.62552   0.62335   0.62103   0.61855   0.61592   0.61314   0.61020   0.60711   0.60388   0.60049   0.59697   0.59330   0.58949   0.58554   0.58145   0.57722   0.57287   0.56837   0.56375   0.55900   0.55412   0.54912   0.54399   0.53874   0.53337   0.52788   0.52227   0.51654   0.51070   0.50474   0.49867   0.49249   0.48620   0.47979   0.47328   0.46667   0.45994   0.45311   0.44618   0.43914   0.43200   0.42476   0.41742   0.40998   0.40244   0.39481   0.38707   0.37925   0.37132   0.36330   0.35519   0.34699   0.33869   0.33030   0.32183   0.31326   0.30460   0.29585   0.28702   0.27810   0.26909   0.26000   0.25082   0.24156   0.23221   0.22278   0.21327   0.20367   0.19400   0.18424   0.17440   0.16448   0.15448   0.14440   0.13425   0.12401   0.11370   0.10331   0.09285   0.08231   0.07169   0.06100   0.05023   0.03939   0.02848   0.01749   0.00643  -0.00470  -0.01591  -0.02718  -0.03853  -0.04995  -0.06143  -0.07299  -0.08462  -0.09632  -0.10808  -0.11991  -0.13182  -0.14379  -0.15582  -0.16792  -0.18009  -0.19233  -0.20463  -0.21700  -0.22943  -0.24192  -0.25448  -0.26711  -0.27980  -0.29255  -0.30536  -0.31824  -0.33118  -0.34418  -0.35724  -0.37036  -0.38355  -0.39679  -0.41010  -0.42347  -0.43689  -0.45038  -0.46392  -0.47752  -0.49119  -0.50491  -0.51868  -0.53252  -0.54641  -0.56036  -0.57437  -0.58844  -0.60256  -0.61673  -0.63097  -0.64525  -0.65960  -0.67400  -0.68845  -0.70296  -0.71752  -0.73214  -0.74681  -0.76153  -0.77631  -0.79114  -0.80602  -0.82095  -0.83594  -0.85098  -0.86607  -0.88122  -0.89641  -0.91166  -0.92695  -0.94230  -0.95770  -0.97315  -0.98865  -1.00419  -1.01979  -1.03544  -1.05114  -1.06688  -1.08268  -1.09852  -1.11441  -1.13035  -1.14634  -1.16237  -1.17845  -1.19458  -1.21076  -1.22699  -1.24326
 139.40798    0.64586   0.64586   0.64586   0.64586   0.64585   0.64583   0.64580   0.64573   0.64562   0.64545   0.64521   0.64488   0.64444   0.64389   0.64322   0.64242   0.64147   0.64039   0.63915   0.63776   0.63622   0.63452   0.63267   0.63065   0.62848   0.62616   0.62368   0.62104   0.61825   0.61531   0.61222   0.60897   0.60559   0.60206   0.59838   0.59456   0.59061   0.58651   0.58228   0.57792   0.57342   0.56879   0.56404   0.55915   0.55414   0.54901   0.54375   0.53837   0.53288   0.52726   0.52153   0.51568   0.50971   0.50364   0.49745   0.49115   0.48474   0.47822   0.47160   0.46487   0.45803   0.45109   0.44404   0.43690   0.42965   0.42230   0.41486   0.40731   0.39967   0.39193   0.38409   0.37616   0.36814   0.36002   0.35181   0.34350   0.33511   0.32662   0.31805   0.30938   0.30063   0.29179   0.28286   0.27385   0.26475   0.25556   0.24629   0.23694   0.22750   0.21798   0.20838   0.19869   0.18893   0.17908   0.16915   0.15915   0.14906   0.13890   0.12866   0.11834   0.10794   0.09747   0.08692   0.07630   0.06560   0.05483   0.04398   0.03306   0.02206   0.01099  -0.00015  -0.01136  -0.02264  -0.03400  -0.04542  -0.05692  -0.06848  -0.08012  -0.09182  -0.10360  -0.11544  -0.12735  -0.13932  -0.15137  -0.16348  -0.17565  -0.18790  -0.20020  -0.21258  -0.22502  -0.23752  -0.25009  -0.26272  -0.27542  -0.28818  -0.30100  -0.31388  -0.32683  -0.33984  -0.35291  -0.36604  -0.37923  -0.39248  -0.40580  -0.41917  -0.43260  -0.44610  -0.45965  -0.47326  -0.48693  -0.50066  -0.51444  -0.52829  -0.54219  -0.55615  -0.57016  -0.58424  -0.59836  -0.61255  -0.62679  -0.64108  -0.65544  -0.66984  -0.68430  -0.69882  -0.71339  -0.72801  -0.74269  -0.75742  -0.77221  -0.78704  -0.80193  -0.81688  -0.83187  -0.84692  -0.86202  -0.87717  -0.89237  -0.90763  -0.92293  -0.93829  -0.95369  -0.96915  -0.98466  -1.00021  -1.01582  -1.03147  -1.04718  -1.06293  -1.07873  -1.09458  -1.11048  -1.12643  -1.14242  -1.15847  -1.17456  -1.19070  -1.20688  -1.22311  -1.23939
 139.52348    0.65106   0.65106   0.65106   0.65105   0.65105   0.65103   0.65099   0.65093   0.65082   0.65065   0.65040   0.65007   0.64963   0.64908   0.64841   0.64760   0.64666   0.64557   0.64433   0.64294   0.64139   0.63969   0.63783   0.63582   0.63364   0.63131   0.62882   0.62618   0.62339   0.62044   0.61734   0.61410   0.61071   0.60717   0.60349   0.59967   0.59570   0.59160   0.58737   0.58300   0.57850   0.57386   0.56910   0.56421   0.55919   0.55405   0.54879   0.54341   0.53790   0.53228   0.52654   0.52068   0.51471   0.50863   0.50243   0.49613   0.48971   0.48319   0.47655   0.46982   0.46297   0.45603   0.44897   0.44182   0.43457   0.42721   0.41976   0.41221   0.40456   0.39681   0.38897   0.38103   0.37300   0.36487   0.35665   0.34834   0.33994   0.33145   0.32286   0.31419   0.30543   0.29658   0.28765   0.27863   0.26952   0.26033   0.25105   0.24169   0.23224   0.22272   0.21311   0.20341   0.19364   0.18379   0.17385   0.16384   0.15375   0.14358   0.13333   0.12300   0.11260   0.10212   0.09156   0.08093   0.07022   0.05944   0.04859   0.03766   0.02665   0.01558   0.00443  -0.00679  -0.01808  -0.02944  -0.04087  -0.05238  -0.06395  -0.07559  -0.08730  -0.09908  -0.11093  -0.12285  -0.13483  -0.14689  -0.15900  -0.17119  -0.18344  -0.19576  -0.20814  -0.22058  -0.23309  -0.24567  -0.25831  -0.27101  -0.28378  -0.29661  -0.30950  -0.32245  -0.33547  -0.34855  -0.36169  -0.37489  -0.38815  -0.40147  -0.41485  -0.42829  -0.44179  -0.45535  -0.46897  -0.48265  -0.49639  -0.51018  -0.52403  -0.53794  -0.55191  -0.56593  -0.58001  -0.59415  -0.60834  -0.62259  -0.63689  -0.65125  -0.66566  -0.68013  -0.69466  -0.70923  -0.72387  -0.73855  -0.75329  -0.76808  -0.78293  -0.79783  -0.81278  -0.82778  -0.84284  -0.85794  -0.87310  -0.88831  -0.90357  -0.91889  -0.93425  -0.94966  -0.96513  -0.98064  -0.99620  -1.01182  -1.02748  -1.04319  -1.05895  -1.07476  -1.09062  -1.10653  -1.12248  -1.13849  -1.15454  -1.17064  -1.18678  -1.20298  -1.21922  -1.23550
 139.63899    0.65628   0.65628   0.65628   0.65627   0.65627   0.65625   0.65621   0.65615   0.65604   0.65587   0.65562   0.65529   0.65485   0.65430   0.65362   0.65282   0.65187   0.65078   0.64954   0.64814   0.64659   0.64489   0.64302   0.64100   0.63883   0.63649   0.63400   0.63135   0.62855   0.62560   0.62250   0.61925   0.61585   0.61231   0.60862   0.60480   0.60083   0.59672   0.59248   0.58810   0.58360   0.57896   0.57419   0.56929   0.56427   0.55912   0.55385   0.54846   0.54295   0.53732   0.53158   0.52571   0.51974   0.51365   0.50744   0.50113   0.49471   0.48818   0.48154   0.47479   0.46794   0.46099   0.45393   0.44677   0.43951   0.43215   0.42469   0.41713   0.40947   0.40172   0.39387   0.38592   0.37788   0.36975   0.36152   0.35321   0.34480   0.33630   0.32771   0.31903   0.31026   0.30141   0.29246   0.28343   0.27432   0.26512   0.25583   0.24647   0.23701   0.22748   0.21786   0.20816   0.19838   0.18852   0.17858   0.16856   0.15846   0.14828   0.13802   0.12769   0.11728   0.10679   0.09623   0.08559   0.07487   0.06408   0.05322   0.04228   0.03127   0.02019   0.00904  -0.00219  -0.01349  -0.02486  -0.03630  -0.04781  -0.05939  -0.07104  -0.08276  -0.09455  -0.10641  -0.11833  -0.13032  -0.14238  -0.15451  -0.16670  -0.17896  -0.19128  -0.20367  -0.21612  -0.22864  -0.24123  -0.25387  -0.26658  -0.27936  -0.29220  -0.30509  -0.31806  -0.33108  -0.34417  -0.35731  -0.37052  -0.38379  -0.39712  -0.41051  -0.42396  -0.43747  -0.45103  -0.46466  -0.47835  -0.49209  -0.50589  -0.51975  -0.53367  -0.54764  -0.56167  -0.57576  -0.58990  -0.60410  -0.61836  -0.63267  -0.64704  -0.66146  -0.67594  -0.69047  -0.70505  -0.71969  -0.73439  -0.74913  -0.76393  -0.77879  -0.79369  -0.80865  -0.82366  -0.83873  -0.85384  -0.86901  -0.88423  -0.89949  -0.91481  -0.93019  -0.94561  -0.96108  -0.97660  -0.99217  -1.00779  -1.02347  -1.03919  -1.05495  -1.07077  -1.08664  -1.10255  -1.11852  -1.13453  -1.15059  -1.16669  -1.18285  -1.19905  -1.21530  -1.23159
 139.75449    0.66153   0.66153   0.66153   0.66152   0.66151   0.66150   0.66146   0.66139   0.66128   0.66111   0.66087   0.66053   0.66009   0.65954   0.65886   0.65805   0.65711   0.65601   0.65477   0.65337   0.65182   0.65011   0.64824   0.64622   0.64404   0.64170   0.63920   0.63655   0.63375   0.63079   0.62768   0.62443   0.62103   0.61748   0.61379   0.60995   0.60598   0.60187   0.59762   0.59324   0.58872   0.58408   0.57930   0.57440   0.56937   0.56422   0.55894   0.55355   0.54803   0.54239   0.53664   0.53077   0.52479   0.51869   0.51248   0.50616   0.49973   0.49319   0.48655   0.47980   0.47294   0.46598   0.45891   0.45175   0.44448   0.43711   0.42964   0.42207   0.41441   0.40665   0.39879   0.39084   0.38279   0.37465   0.36642   0.35810   0.34968   0.34117   0.33257   0.32389   0.31511   0.30625   0.29730   0.28827   0.27914   0.26994   0.26064   0.25127   0.24181   0.23226   0.22264   0.21293   0.20314   0.19328   0.18333   0.17330   0.16319   0.15301   0.14274   0.13240   0.12198   0.11149   0.10092   0.09027   0.07955   0.06875   0.05788   0.04694   0.03592   0.02483   0.01367   0.00243  -0.00887  -0.02025  -0.03170  -0.04322  -0.05481  -0.06646  -0.07819  -0.08999  -0.10185  -0.11378  -0.12578  -0.13785  -0.14998  -0.16218  -0.17445  -0.18678  -0.19918  -0.21164  -0.22417  -0.23676  -0.24941  -0.26213  -0.27491  -0.28776  -0.30066  -0.31363  -0.32667  -0.33976  -0.35291  -0.36613  -0.37941  -0.39274  -0.40614  -0.41960  -0.43311  -0.44669  -0.46032  -0.47402  -0.48777  -0.50158  -0.51544  -0.52937  -0.54335  -0.55739  -0.57148  -0.58564  -0.59984  -0.61411  -0.62843  -0.64280  -0.65723  -0.67172  -0.68625  -0.70085  -0.71550  -0.73020  -0.74495  -0.75976  -0.77462  -0.78953  -0.80450  -0.81952  -0.83459  -0.84971  -0.86489  -0.88011  -0.89539  -0.91072  -0.92610  -0.94153  -0.95701  -0.97254  -0.98812  -1.00375  -1.01943  -1.03515  -1.05093  -1.06676  -1.08263  -1.09855  -1.11452  -1.13054  -1.14661  -1.16272  -1.17889  -1.19509  -1.21135  -1.22765
 139.87000    0.66680   0.66680   0.66680   0.66680   0.66679   0.66677   0.66673   0.66667   0.66656   0.66639   0.66614   0.66580   0.66536   0.66481   0.66413   0.66332   0.66237   0.66127   0.66003   0.65863   0.65707   0.65536   0.65349   0.65146   0.64927   0.64693   0.64443   0.64178   0.63897   0.63601   0.63289   0.62963   0.62622   0.62267   0.61897   0.61513   0.61116   0.60704   0.60278   0.59840   0.59388   0.58922   0.58444   0.57953   0.57450   0.56934   0.56406   0.55865   0.55313   0.54749   0.54173   0.53585   0.52986   0.52376   0.51754   0.51122   0.50478   0.49823   0.49158   0.48482   0.47796   0.47099   0.46392   0.45675   0.44947   0.44210   0.43462   0.42705   0.41938   0.41161   0.40374   0.39578   0.38773   0.37958   0.37134   0.36301   0.35459   0.34607   0.33747   0.32877   0.31999   0.31112   0.30217   0.29312   0.28399   0.27478   0.26548   0.25609   0.24663   0.23708   0.22744   0.21773   0.20794   0.19806   0.18810   0.17807   0.16795   0.15776   0.14749   0.13714   0.12671   0.11621   0.10563   0.09498   0.08425   0.07344   0.06257   0.05161   0.04059   0.02949   0.01832   0.00708  -0.00424  -0.01562  -0.02708  -0.03860  -0.05020  -0.06186  -0.07360  -0.08540  -0.09727  -0.10921  -0.12122  -0.13329  -0.14544  -0.15764  -0.16992  -0.18226  -0.19466  -0.20713  -0.21966  -0.23226  -0.24493  -0.25765  -0.27044  -0.28329  -0.29621  -0.30919  -0.32223  -0.33533  -0.34849  -0.36171  -0.37500  -0.38834  -0.40175  -0.41521  -0.42874  -0.44232  -0.45596  -0.46966  -0.48342  -0.49724  -0.51111  -0.52505  -0.53903  -0.55308  -0.56718  -0.58134  -0.59556  -0.60983  -0.62416  -0.63854  -0.65298  -0.66747  -0.68202  -0.69662  -0.71127  -0.72598  -0.74075  -0.75556  -0.77043  -0.78535  -0.80033  -0.81535  -0.83043  -0.84556  -0.86075  -0.87598  -0.89127  -0.90660  -0.92199  -0.93743  -0.95291  -0.96845  -0.98404  -0.99968  -1.01536  -1.03110  -1.04688  -1.06272  -1.07860  -1.09453  -1.11051  -1.12653  -1.14261  -1.15873  -1.17490  -1.19112  -1.20738  -1.22369
 139.98550    0.67210   0.67210   0.67210   0.67210   0.67209   0.67207   0.67204   0.67197   0.67186   0.67169   0.67144   0.67110   0.67066   0.67011   0.66943   0.66861   0.66766   0.66656   0.66531   0.66391   0.66235   0.66063   0.65876   0.65673   0.65454   0.65219   0.64969   0.64703   0.64421   0.64125   0.63813   0.63486   0.63145   0.62789   0.62419   0.62034   0.61636   0.61224   0.60798   0.60358   0.59906   0.59440   0.58961   0.58469   0.57965   0.57449   0.56920   0.56379   0.55826   0.55261   0.54684   0.54096   0.53496   0.52885   0.52263   0.51630   0.50985   0.50330   0.49664   0.48988   0.48301   0.47603   0.46895   0.46177   0.45449   0.44711   0.43963   0.43205   0.42437   0.41659   0.40872   0.40075   0.39269   0.38454   0.37629   0.36795   0.35952   0.35100   0.34239   0.33369   0.32490   0.31602   0.30706   0.29800   0.28887   0.27965   0.27034   0.26095   0.25147   0.24191   0.23228   0.22255   0.21275   0.20287   0.19290   0.18286   0.17274   0.16254   0.15226   0.14190   0.13147   0.12096   0.11037   0.09971   0.08897   0.07816   0.06728   0.05632   0.04528   0.03418   0.02300   0.01175   0.00043  -0.01096  -0.02243  -0.03396  -0.04556  -0.05724  -0.06898  -0.08079  -0.09267  -0.10462  -0.11663  -0.12871  -0.14086  -0.15308  -0.16536  -0.17771  -0.19012  -0.20260  -0.21514  -0.22774  -0.24042  -0.25315  -0.26595  -0.27881  -0.29173  -0.30471  -0.31776  -0.33087  -0.34404  -0.35727  -0.37056  -0.38392  -0.39733  -0.41080  -0.42433  -0.43792  -0.45157  -0.46528  -0.47905  -0.49287  -0.50676  -0.52070  -0.53470  -0.54875  -0.56286  -0.57703  -0.59125  -0.60553  -0.61987  -0.63426  -0.64870  -0.66320  -0.67776  -0.69237  -0.70703  -0.72175  -0.73652  -0.75134  -0.76622  -0.78115  -0.79613  -0.81116  -0.82625  -0.84139  -0.85658  -0.87182  -0.88711  -0.90246  -0.91785  -0.93330  -0.94879  -0.96434  -0.97993  -0.99558  -1.01127  -1.02702  -1.04281  -1.05865  -1.07454  -1.09048  -1.10647  -1.12250  -1.13859  -1.15472  -1.17089  -1.18712  -1.20339  -1.21971
 140.10101    0.67743   0.67743   0.67743   0.67743   0.67742   0.67740   0.67736   0.67730   0.67718   0.67701   0.67676   0.67643   0.67599   0.67543   0.67475   0.67393   0.67298   0.67188   0.67062   0.66922   0.66766   0.66594   0.66406   0.66202   0.65983   0.65748   0.65497   0.65230   0.64948   0.64651   0.64339   0.64012   0.63670   0.63314   0.62943   0.62558   0.62159   0.61746   0.61319   0.60879   0.60426   0.59960   0.59480   0.58988   0.58483   0.57966   0.57437   0.56895   0.56341   0.55776   0.55198   0.54610   0.54009   0.53397   0.52775   0.52141   0.51496   0.50840   0.50173   0.49496   0.48808   0.48110   0.47401   0.46682   0.45954   0.45215   0.44466   0.43707   0.42938   0.42160   0.41372   0.40575   0.39768   0.38952   0.38126   0.37292   0.36448   0.35595   0.34733   0.33862   0.32983   0.32094   0.31197   0.30291   0.29377   0.28454   0.27522   0.26582   0.25634   0.24678   0.23713   0.22740   0.21759   0.20770   0.19773   0.18768   0.17755   0.16734   0.15705   0.14669   0.13625   0.12573   0.11514   0.10447   0.09372   0.08290   0.07201   0.06104   0.05000   0.03889   0.02771   0.01645   0.00512  -0.00628  -0.01775  -0.02929  -0.04091  -0.05259  -0.06434  -0.07616  -0.08804  -0.10000  -0.11202  -0.12411  -0.13627  -0.14849  -0.16078  -0.17313  -0.18555  -0.19804  -0.21059  -0.22320  -0.23588  -0.24862  -0.26143  -0.27429  -0.28723  -0.30022  -0.31327  -0.32639  -0.33957  -0.35281  -0.36611  -0.37947  -0.39289  -0.40637  -0.41991  -0.43351  -0.44716  -0.46088  -0.47466  -0.48849  -0.50238  -0.51633  -0.53033  -0.54439  -0.55851  -0.57269  -0.58692  -0.60121  -0.61555  -0.62995  -0.64440  -0.65891  -0.67347  -0.68809  -0.70276  -0.71748  -0.73226  -0.74710  -0.76198  -0.77692  -0.79191  -0.80695  -0.82204  -0.83719  -0.85239  -0.86764  -0.88294  -0.89829  -0.91369  -0.92915  -0.94465  -0.96020  -0.97581  -0.99146  -1.00716  -1.02291  -1.03872  -1.05457  -1.07046  -1.08641  -1.10240  -1.11845  -1.13454  -1.15068  -1.16686  -1.18309  -1.19937  -1.21570
 140.21651    0.68278   0.68278   0.68278   0.68278   0.68277   0.68275   0.68272   0.68265   0.68254   0.68236   0.68212   0.68178   0.68134   0.68078   0.68009   0.67928   0.67832   0.67722   0.67596   0.67455   0.67299   0.67126   0.66938   0.66734   0.66514   0.66279   0.66027   0.65761   0.65478   0.65181   0.64868   0.64540   0.64198   0.63841   0.63469   0.63084   0.62684   0.62271   0.61844   0.61403   0.60949   0.60482   0.60002   0.59509   0.59004   0.58486   0.57956   0.57414   0.56859   0.56293   0.55715   0.55125   0.54524   0.53912   0.53288   0.52654   0.52008   0.51352   0.50684   0.50006   0.49318   0.48619   0.47910   0.47190   0.46461   0.45721   0.44971   0.44212   0.43442   0.42664   0.41875   0.41077   0.40269   0.39452   0.38626   0.37791   0.36946   0.36093   0.35230   0.34358   0.33478   0.32589   0.31691   0.30784   0.29869   0.28946   0.28013   0.27073   0.26124   0.25167   0.24201   0.23227   0.22246   0.21256   0.20258   0.19252   0.18238   0.17217   0.16187   0.15150   0.14105   0.13053   0.11993   0.10925   0.09850   0.08767   0.07677   0.06580   0.05475   0.04363   0.03243   0.02117   0.00983  -0.00158  -0.01305  -0.02460  -0.03622  -0.04791  -0.05967  -0.07150  -0.08339  -0.09535  -0.10738  -0.11948  -0.13164  -0.14388  -0.15617  -0.16853  -0.18096  -0.19346  -0.20601  -0.21863  -0.23132  -0.24407  -0.25688  -0.26976  -0.28270  -0.29570  -0.30876  -0.32189  -0.33507  -0.34832  -0.36163  -0.37499  -0.38842  -0.40191  -0.41546  -0.42906  -0.44273  -0.45645  -0.47024  -0.48408  -0.49798  -0.51193  -0.52594  -0.54001  -0.55414  -0.56832  -0.58256  -0.59686  -0.61121  -0.62562  -0.64008  -0.65459  -0.66916  -0.68379  -0.69847  -0.71320  -0.72799  -0.74283  -0.75772  -0.77266  -0.78766  -0.80271  -0.81781  -0.83297  -0.84818  -0.86343  -0.87874  -0.89410  -0.90951  -0.92497  -0.94048  -0.95605  -0.97166  -0.98732  -1.00303  -1.01879  -1.03460  -1.05045  -1.06636  -1.08231  -1.09832  -1.11437  -1.13047  -1.14661  -1.16281  -1.17905  -1.19533  -1.21167
 140.33202    0.68816   0.68816   0.68816   0.68816   0.68815   0.68813   0.68810   0.68803   0.68792   0.68774   0.68749   0.68716   0.68671   0.68615   0.68547   0.68465   0.68369   0.68258   0.68132   0.67991   0.67834   0.67662   0.67473   0.67269   0.67049   0.66813   0.66561   0.66293   0.66011   0.65712   0.65399   0.65071   0.64728   0.64370   0.63999   0.63612   0.63212   0.62798   0.62370   0.61929   0.61475   0.61007   0.60526   0.60033   0.59527   0.59009   0.58478   0.57935   0.57380   0.56813   0.56234   0.55644   0.55042   0.54429   0.53805   0.53170   0.52523   0.51866   0.51198   0.50519   0.49830   0.49131   0.48421   0.47700   0.46970   0.46230   0.45479   0.44719   0.43949   0.43169   0.42380   0.41581   0.40773   0.39955   0.39129   0.38292   0.37447   0.36593   0.35729   0.34857   0.33976   0.33086   0.32187   0.31280   0.30364   0.29440   0.28507   0.27566   0.26616   0.25658   0.24692   0.23717   0.22735   0.21744   0.20745   0.19739   0.18724   0.17702   0.16672   0.15634   0.14588   0.13535   0.12474   0.11406   0.10330   0.09246   0.08155   0.07057   0.05952   0.04839   0.03719   0.02591   0.01457   0.00315  -0.00833  -0.01989  -0.03152  -0.04321  -0.05498  -0.06681  -0.07871  -0.09068  -0.10272  -0.11483  -0.12700  -0.13924  -0.15154  -0.16391  -0.17635  -0.18885  -0.20141  -0.21404  -0.22674  -0.23949  -0.25231  -0.26520  -0.27814  -0.29115  -0.30422  -0.31736  -0.33055  -0.34380  -0.35712  -0.37050  -0.38393  -0.39743  -0.41098  -0.42460  -0.43827  -0.45200  -0.46579  -0.47964  -0.49355  -0.50751  -0.52153  -0.53561  -0.54975  -0.56394  -0.57818  -0.59249  -0.60685  -0.62126  -0.63573  -0.65025  -0.66483  -0.67946  -0.69415  -0.70889  -0.72369  -0.73853  -0.75343  -0.76839  -0.78339  -0.79845  -0.81356  -0.82872  -0.84394  -0.85920  -0.87452  -0.88989  -0.90531  -0.92078  -0.93629  -0.95186  -0.96748  -0.98315  -0.99887  -1.01464  -1.03045  -1.04632  -1.06223  -1.07820  -1.09421  -1.11027  -1.12637  -1.14253  -1.15873  -1.17498  -1.19127  -1.20761
 140.44752    0.69357   0.69357   0.69357   0.69356   0.69356   0.69354   0.69350   0.69343   0.69332   0.69315   0.69290   0.69256   0.69211   0.69155   0.69087   0.69005   0.68908   0.68797   0.68671   0.68530   0.68373   0.68200   0.68011   0.67806   0.67585   0.67349   0.67097   0.66829   0.66546   0.66247   0.65933   0.65604   0.65261   0.64903   0.64530   0.64144   0.63743   0.63328   0.62900   0.62458   0.62003   0.61535   0.61053   0.60559   0.60053   0.59534   0.59002   0.58458   0.57903   0.57335   0.56756   0.56165   0.55563   0.54949   0.54324   0.53688   0.53041   0.52383   0.51714   0.51035   0.50345   0.49645   0.48934   0.48213   0.47482   0.46741   0.45990   0.45229   0.44458   0.43678   0.42888   0.42088   0.41279   0.40461   0.39633   0.38797   0.37951   0.37095   0.36231   0.35358   0.34476   0.33586   0.32686   0.31778   0.30862   0.29936   0.29003   0.28061   0.27110   0.26152   0.25185   0.24209   0.23226   0.22235   0.21235   0.20228   0.19213   0.18190   0.17159   0.16120   0.15074   0.14020   0.12958   0.11889   0.10812   0.09728   0.08636   0.07537   0.06431   0.05317   0.04197   0.03068   0.01933   0.00791  -0.00358  -0.01515  -0.02678  -0.03849  -0.05026  -0.06210  -0.07401  -0.08599  -0.09804  -0.11015  -0.12233  -0.13457  -0.14689  -0.15927  -0.17171  -0.18422  -0.19679  -0.20943  -0.22213  -0.23489  -0.24772  -0.26061  -0.27357  -0.28658  -0.29966  -0.31280  -0.32600  -0.33927  -0.35259  -0.36597  -0.37942  -0.39292  -0.40648  -0.42011  -0.43379  -0.44753  -0.46133  -0.47518  -0.48910  -0.50307  -0.51710  -0.53118  -0.54533  -0.55952  -0.57378  -0.58809  -0.60246  -0.61688  -0.63136  -0.64589  -0.66047  -0.67512  -0.68981  -0.70456  -0.71936  -0.73422  -0.74912  -0.76409  -0.77910  -0.79417  -0.80928  -0.82445  -0.83968  -0.85495  -0.87027  -0.88565  -0.90108  -0.91655  -0.93208  -0.94766  -0.96329  -0.97896  -0.99469  -1.01046  -1.02629  -1.04216  -1.05808  -1.07405  -1.09007  -1.10614  -1.12225  -1.13842  -1.15463  -1.17088  -1.18719  -1.20354
 140.56303    0.69900   0.69900   0.69900   0.69900   0.69899   0.69897   0.69893   0.69887   0.69875   0.69858   0.69833   0.69799   0.69754   0.69698   0.69629   0.69547   0.69451   0.69339   0.69213   0.69071   0.68914   0.68740   0.68551   0.68346   0.68125   0.67888   0.67635   0.67367   0.67083   0.66784   0.66470   0.66140   0.65796   0.65438   0.65065   0.64677   0.64276   0.63861   0.63432   0.62989   0.62534   0.62065   0.61583   0.61088   0.60581   0.60061   0.59529   0.58985   0.58428   0.57860   0.57280   0.56689   0.56086   0.55471   0.54846   0.54209   0.53561   0.52902   0.52233   0.51553   0.50862   0.50161   0.49450   0.48728   0.47997   0.47255   0.46503   0.45741   0.44970   0.44189   0.43398   0.42598   0.41788   0.40969   0.40141   0.39303   0.38456   0.37601   0.36736   0.35862   0.34979   0.34088   0.33188   0.32279   0.31362   0.30436   0.29501   0.28558   0.27607   0.26648   0.25680   0.24704   0.23720   0.22728   0.21728   0.20720   0.19704   0.18680   0.17648   0.16609   0.15562   0.14507   0.13444   0.12374   0.11297   0.10212   0.09120   0.08020   0.06913   0.05798   0.04677   0.03548   0.02412   0.01269   0.00119  -0.01039  -0.02203  -0.03374  -0.04552  -0.05737  -0.06929  -0.08127  -0.09333  -0.10545  -0.11763  -0.12989  -0.14221  -0.15459  -0.16705  -0.17956  -0.19214  -0.20479  -0.21750  -0.23027  -0.24311  -0.25601  -0.26897  -0.28199  -0.29508  -0.30823  -0.32144  -0.33471  -0.34804  -0.36143  -0.37488  -0.38839  -0.40196  -0.41559  -0.42928  -0.44303  -0.45684  -0.47070  -0.48462  -0.49860  -0.51264  -0.52673  -0.54088  -0.55509  -0.56935  -0.58367  -0.59805  -0.61248  -0.62696  -0.64150  -0.65609  -0.67074  -0.68545  -0.70020  -0.71501  -0.72988  -0.74479  -0.75976  -0.77478  -0.78986  -0.80498  -0.82016  -0.83539  -0.85067  -0.86601  -0.88139  -0.89682  -0.91231  -0.92784  -0.94343  -0.95906  -0.97475  -0.99048  -1.00627  -1.02210  -1.03798  -1.05391  -1.06989  -1.08592  -1.10199  -1.11811  -1.13428  -1.15050  -1.16677  -1.18308  -1.19944
 140.67853    0.70446   0.70446   0.70446   0.70445   0.70445   0.70443   0.70439   0.70432   0.70421   0.70404   0.70379   0.70344   0.70300   0.70243   0.70174   0.70092   0.69995   0.69884   0.69757   0.69615   0.69457   0.69283   0.69094   0.68888   0.68667   0.68429   0.68176   0.67907   0.67623   0.67323   0.67009   0.66679   0.66334   0.65975   0.65601   0.65213   0.64811   0.64396   0.63966   0.63523   0.63067   0.62597   0.62115   0.61620   0.61112   0.60591   0.60058   0.59513   0.58956   0.58388   0.57807   0.57215   0.56611   0.55996   0.55370   0.54732   0.54084   0.53424   0.52754   0.52074   0.51382   0.50681   0.49968   0.49246   0.48514   0.47771   0.47019   0.46256   0.45484   0.44702   0.43911   0.43110   0.42299   0.41480   0.40650   0.39812   0.38965   0.38108   0.37243   0.36368   0.35485   0.34593   0.33692   0.32782   0.31864   0.30937   0.30002   0.29059   0.28107   0.27146   0.26178   0.25201   0.24216   0.23224   0.22223   0.21214   0.20197   0.19172   0.18140   0.17100   0.16052   0.14996   0.13933   0.12862   0.11784   0.10698   0.09605   0.08505   0.07397   0.06282   0.05159   0.04030   0.02893   0.01749   0.00598  -0.00560  -0.01725  -0.02897  -0.04076  -0.05261  -0.06454  -0.07653  -0.08859  -0.10072  -0.11292  -0.12518  -0.13751  -0.14990  -0.16236  -0.17488  -0.18747  -0.20012  -0.21284  -0.22562  -0.23847  -0.25137  -0.26434  -0.27738  -0.29047  -0.30363  -0.31684  -0.33012  -0.34346  -0.35686  -0.37032  -0.38384  -0.39742  -0.41106  -0.42475  -0.43851  -0.45232  -0.46619  -0.48012  -0.49411  -0.50816  -0.52226  -0.53642  -0.55063  -0.56490  -0.57923  -0.59361  -0.60805  -0.62254  -0.63709  -0.65169  -0.66635  -0.68106  -0.69582  -0.71064  -0.72551  -0.74044  -0.75541  -0.77044  -0.78553  -0.80066  -0.81585  -0.83108  -0.84637  -0.86171  -0.87711  -0.89255  -0.90804  -0.92358  -0.93918  -0.95482  -0.97051  -0.98626  -1.00205  -1.01789  -1.03378  -1.04972  -1.06570  -1.08174  -1.09782  -1.11395  -1.13013  -1.14635  -1.16263  -1.17895  -1.19531
 140.79403    0.70994   0.70994   0.70994   0.70994   0.70993   0.70991   0.70987   0.70981   0.70969   0.70952   0.70927   0.70892   0.70848   0.70791   0.70722   0.70639   0.70542   0.70431   0.70304   0.70161   0.70003   0.69829   0.69639   0.69433   0.69211   0.68973   0.68720   0.68450   0.68166   0.67865   0.67550   0.67220   0.66875   0.66515   0.66141   0.65752   0.65350   0.64933   0.64503   0.64059   0.63603   0.63132   0.62649   0.62153   0.61645   0.61124   0.60590   0.60045   0.59487   0.58918   0.58336   0.57743   0.57139   0.56523   0.55896   0.55258   0.54609   0.53949   0.53278   0.52597   0.51905   0.51202   0.50489   0.49766   0.49033   0.48290   0.47537   0.46774   0.46001   0.45218   0.44426   0.43624   0.42813   0.41993   0.41163   0.40324   0.39475   0.38618   0.37752   0.36877   0.35993   0.35100   0.34198   0.33288   0.32369   0.31441   0.30505   0.29561   0.28608   0.27647   0.26678   0.25701   0.24715   0.23722   0.22720   0.21710   0.20693   0.19667   0.18634   0.17593   0.16545   0.15488   0.14424   0.13353   0.12274   0.11187   0.10093   0.08992   0.07884   0.06768   0.05644   0.04514   0.03377   0.02232   0.01080  -0.00079  -0.01244  -0.02417  -0.03597  -0.04783  -0.05977  -0.07177  -0.08384  -0.09597  -0.10817  -0.12044  -0.13278  -0.14518  -0.15765  -0.17018  -0.18278  -0.19544  -0.20816  -0.22095  -0.23380  -0.24672  -0.25970  -0.27274  -0.28584  -0.29900  -0.31223  -0.32551  -0.33886  -0.35227  -0.36573  -0.37926  -0.39285  -0.40649  -0.42020  -0.43396  -0.44778  -0.46166  -0.47560  -0.48960  -0.50365  -0.51776  -0.53193  -0.54615  -0.56043  -0.57476  -0.58915  -0.60360  -0.61810  -0.63265  -0.64726  -0.66193  -0.67665  -0.69142  -0.70625  -0.72113  -0.73606  -0.75104  -0.76608  -0.78117  -0.79631  -0.81151  -0.82675  -0.84205  -0.85740  -0.87280  -0.88825  -0.90375  -0.91930  -0.93490  -0.95055  -0.96625  -0.98200  -0.99780  -1.01365  -1.02955  -1.04550  -1.06149  -1.07753  -1.09362  -1.10976  -1.12595  -1.14218  -1.15846  -1.17479  -1.19116
 140.90954    0.71545   0.71545   0.71545   0.71545   0.71544   0.71542   0.71538   0.71531   0.71520   0.71503   0.71477   0.71443   0.71398   0.71341   0.71272   0.71189   0.71092   0.70980   0.70853   0.70710   0.70552   0.70377   0.70187   0.69980   0.69758   0.69520   0.69266   0.68996   0.68711   0.68410   0.68094   0.67763   0.67418   0.67057   0.66683   0.66293   0.65890   0.65473   0.65043   0.64598   0.64141   0.63670   0.63186   0.62690   0.62180   0.61659   0.61125   0.60578   0.60020   0.59450   0.58868   0.58274   0.57669   0.57053   0.56425   0.55786   0.55136   0.54476   0.53804   0.53122   0.52429   0.51726   0.51013   0.50289   0.49555   0.48811   0.48057   0.47293   0.46520   0.45737   0.44944   0.44141   0.43329   0.42508   0.41677   0.40838   0.39989   0.39131   0.38264   0.37388   0.36503   0.35609   0.34707   0.33796   0.32876   0.31948   0.31011   0.30066   0.29113   0.28151   0.27181   0.26203   0.25216   0.24222   0.23220   0.22209   0.21191   0.20165   0.19131   0.18089   0.17040   0.15983   0.14918   0.13846   0.12766   0.11679   0.10584   0.09482   0.08373   0.07256   0.06132   0.05001   0.03862   0.02717   0.01564   0.00405  -0.00762  -0.01935  -0.03115  -0.04303  -0.05497  -0.06698  -0.07905  -0.09120  -0.10341  -0.11569  -0.12803  -0.14044  -0.15291  -0.16545  -0.17806  -0.19073  -0.20346  -0.21626  -0.22912  -0.24204  -0.25502  -0.26807  -0.28118  -0.29435  -0.30759  -0.32088  -0.33423  -0.34765  -0.36113  -0.37466  -0.38826  -0.40191  -0.41562  -0.42939  -0.44322  -0.45711  -0.47106  -0.48506  -0.49912  -0.51324  -0.52741  -0.54164  -0.55593  -0.57027  -0.58467  -0.59912  -0.61363  -0.62820  -0.64282  -0.65749  -0.67221  -0.68699  -0.70183  -0.71672  -0.73166  -0.74665  -0.76170  -0.77679  -0.79194  -0.80715  -0.82240  -0.83770  -0.85306  -0.86847  -0.88393  -0.89944  -0.91500  -0.93060  -0.94626  -0.96197  -0.97773  -0.99354  -1.00940  -1.02530  -1.04125  -1.05726  -1.07331  -1.08941  -1.10555  -1.12175  -1.13799  -1.15428  -1.17061  -1.18700
 141.02504    0.72099   0.72098   0.72098   0.72098   0.72097   0.72095   0.72092   0.72085   0.72073   0.72056   0.72031   0.71996   0.71951   0.71894   0.71825   0.71742   0.71644   0.71532   0.71405   0.71262   0.71103   0.70928   0.70737   0.70530   0.70308   0.70069   0.69814   0.69544   0.69258   0.68957   0.68641   0.68309   0.67963   0.67602   0.67227   0.66837   0.66433   0.66016   0.65585   0.65140   0.64681   0.64210   0.63726   0.63228   0.62719   0.62196   0.61662   0.61115   0.60556   0.59985   0.59402   0.58808   0.58202   0.57585   0.56956   0.56317   0.55666   0.55005   0.54333   0.53650   0.52957   0.52253   0.51539   0.50814   0.50079   0.49335   0.48580   0.47816   0.47041   0.46257   0.45464   0.44660   0.43848   0.43026   0.42194   0.41354   0.40504   0.39645   0.38778   0.37901   0.37015   0.36121   0.35218   0.34306   0.33386   0.32457   0.31519   0.30573   0.29619   0.28657   0.27686   0.26707   0.25720   0.24725   0.23722   0.22711   0.21692   0.20665   0.19630   0.18587   0.17537   0.16479   0.15414   0.14341   0.13260   0.12172   0.11077   0.09974   0.08864   0.07746   0.06622   0.05490   0.04351   0.03204   0.02051   0.00891  -0.00276  -0.01451  -0.02632  -0.03820  -0.05015  -0.06217  -0.07425  -0.08640  -0.09862  -0.11091  -0.12326  -0.13567  -0.14816  -0.16070  -0.17332  -0.18599  -0.19873  -0.21154  -0.22441  -0.23734  -0.25033  -0.26339  -0.27650  -0.28968  -0.30292  -0.31622  -0.32959  -0.34301  -0.35649  -0.37004  -0.38364  -0.39730  -0.41102  -0.42480  -0.43864  -0.45254  -0.46649  -0.48050  -0.49457  -0.50869  -0.52288  -0.53711  -0.55141  -0.56576  -0.58017  -0.59463  -0.60914  -0.62372  -0.63834  -0.65302  -0.66776  -0.68255  -0.69739  -0.71228  -0.72723  -0.74223  -0.75729  -0.77239  -0.78755  -0.80276  -0.81802  -0.83334  -0.84870  -0.86412  -0.87958  -0.89510  -0.91067  -0.92628  -0.94195  -0.95767  -0.97343  -0.98925  -1.00511  -1.02103  -1.03699  -1.05300  -1.06906  -1.08517  -1.10132  -1.11752  -1.13377  -1.15007  -1.16641  -1.18280
 141.14055    0.72654   0.72654   0.72654   0.72654   0.72653   0.72651   0.72648   0.72641   0.72629   0.72612   0.72586   0.72552   0.72507   0.72450   0.72380   0.72297   0.72199   0.72087   0.71959   0.71816   0.71656   0.71481   0.71290   0.71083   0.70859   0.70620   0.70365   0.70095   0.69808   0.69507   0.69190   0.68858   0.68511   0.68150   0.67774   0.67383   0.66979   0.66561   0.66129   0.65683   0.65225   0.64753   0.64268   0.63770   0.63259   0.62736   0.62201   0.61653   0.61094   0.60522   0.59939   0.59344   0.58737   0.58119   0.57490   0.56850   0.56199   0.55537   0.54864   0.54180   0.53486   0.52782   0.52067   0.51342   0.50606   0.49861   0.49105   0.48340   0.47565   0.46780   0.45986   0.45182   0.44369   0.43546   0.42714   0.41873   0.41022   0.40163   0.39294   0.38417   0.37530   0.36635   0.35731   0.34819   0.33898   0.32968   0.32030   0.31083   0.30128   0.29165   0.28194   0.27214   0.26226   0.25230   0.24226   0.23214   0.22195   0.21167   0.20131   0.19088   0.18037   0.16979   0.15912   0.14838   0.13757   0.12668   0.11572   0.10469   0.09358   0.08239   0.07114   0.05981   0.04841   0.03694   0.02540   0.01379   0.00211  -0.00964  -0.02146  -0.03335  -0.04530  -0.05733  -0.06942  -0.08158  -0.09381  -0.10610  -0.11846  -0.13089  -0.14338  -0.15593  -0.16855  -0.18124  -0.19398  -0.20680  -0.21967  -0.23261  -0.24561  -0.25867  -0.27180  -0.28499  -0.29824  -0.31155  -0.32492  -0.33835  -0.35184  -0.36539  -0.37900  -0.39267  -0.40640  -0.42019  -0.43403  -0.44794  -0.46190  -0.47592  -0.48999  -0.50413  -0.51832  -0.53256  -0.54687  -0.56122  -0.57564  -0.59011  -0.60463  -0.61921  -0.63385  -0.64854  -0.66328  -0.67807  -0.69292  -0.70783  -0.72278  -0.73779  -0.75285  -0.76797  -0.78313  -0.79835  -0.81362  -0.82894  -0.84432  -0.85974  -0.87522  -0.89074  -0.90632  -0.92194  -0.93762  -0.95334  -0.96912  -0.98494  -1.00081  -1.01673  -1.03270  -1.04872  -1.06479  -1.08090  -1.09707  -1.11328  -1.12953  -1.14584  -1.16219  -1.17859
 141.25605    0.73213   0.73213   0.73213   0.73212   0.73212   0.73210   0.73206   0.73199   0.73188   0.73170   0.73145   0.73110   0.73065   0.73008   0.72938   0.72854   0.72756   0.72644   0.72516   0.72372   0.72212   0.72037   0.71845   0.71638   0.71414   0.71174   0.70919   0.70648   0.70361   0.70059   0.69741   0.69409   0.69061   0.68699   0.68323   0.67932   0.67527   0.67108   0.66676   0.66230   0.65770   0.65298   0.64812   0.64313   0.63802   0.63279   0.62743   0.62194   0.61634   0.61062   0.60478   0.59882   0.59275   0.58656   0.58027   0.57386   0.56734   0.56071   0.55397   0.54713   0.54018   0.53313   0.52597   0.51872   0.51135   0.50389   0.49633   0.48867   0.48092   0.47306   0.46511   0.45706   0.44892   0.44069   0.43236   0.42394   0.41543   0.40682   0.39813   0.38935   0.38048   0.37152   0.36247   0.35334   0.34412   0.33482   0.32543   0.31595   0.30640   0.29676   0.28703   0.27723   0.26734   0.25738   0.24733   0.23720   0.22700   0.21671   0.20635   0.19591   0.18539   0.17480   0.16413   0.15338   0.14256   0.13167   0.12070   0.10965   0.09854   0.08735   0.07608   0.06475   0.05334   0.04186   0.03032   0.01870   0.00701  -0.00475  -0.01658  -0.02847  -0.04044  -0.05247  -0.06457  -0.07674  -0.08897  -0.10127  -0.11364  -0.12607  -0.13857  -0.15113  -0.16376  -0.17645  -0.18921  -0.20203  -0.21491  -0.22786  -0.24087  -0.25394  -0.26707  -0.28027  -0.29353  -0.30684  -0.32022  -0.33366  -0.34716  -0.36072  -0.37434  -0.38802  -0.40175  -0.41555  -0.42940  -0.44331  -0.45728  -0.47131  -0.48539  -0.49954  -0.51373  -0.52799  -0.54230  -0.55667  -0.57109  -0.58557  -0.60010  -0.61469  -0.62933  -0.64402  -0.65878  -0.67358  -0.68844  -0.70335  -0.71831  -0.73333  -0.74840  -0.76352  -0.77870  -0.79392  -0.80920  -0.82453  -0.83991  -0.85534  -0.87082  -0.88636  -0.90194  -0.91757  -0.93326  -0.94899  -0.96477  -0.98060  -0.99649  -1.01242  -1.02839  -1.04442  -1.06049  -1.07662  -1.09279  -1.10901  -1.12527  -1.14158  -1.15794  -1.17435
 141.37156    0.73774   0.73774   0.73774   0.73773   0.73772   0.73771   0.73767   0.73760   0.73748   0.73731   0.73705   0.73671   0.73625   0.73568   0.73498   0.73414   0.73316   0.73203   0.73075   0.72931   0.72771   0.72595   0.72403   0.72195   0.71971   0.71731   0.71475   0.71203   0.70916   0.70613   0.70295   0.69962   0.69614   0.69252   0.68875   0.68483   0.68078   0.67658   0.67225   0.66778   0.66318   0.65845   0.65359   0.64860   0.64348   0.63823   0.63287   0.62738   0.62177   0.61604   0.61019   0.60423   0.59815   0.59196   0.58565   0.57924   0.57271   0.56608   0.55933   0.55248   0.54553   0.53847   0.53130   0.52404   0.51667   0.50920   0.50163   0.49397   0.48620   0.47834   0.47038   0.46233   0.45418   0.44594   0.43760   0.42917   0.42065   0.41204   0.40334   0.39455   0.38568   0.37671   0.36766   0.35852   0.34929   0.33998   0.33058   0.32110   0.31153   0.30189   0.29216   0.28234   0.27245   0.26248   0.25242   0.24229   0.23207   0.22178   0.21141   0.20096   0.19044   0.17984   0.16916   0.15841   0.14758   0.13667   0.12570   0.11465   0.10352   0.09232   0.08105   0.06971   0.05830   0.04681   0.03525   0.02363   0.01193   0.00016  -0.01167  -0.02357  -0.03555  -0.04759  -0.05970  -0.07187  -0.08411  -0.09642  -0.10880  -0.12124  -0.13374  -0.14631  -0.15895  -0.17165  -0.18441  -0.19724  -0.21013  -0.22309  -0.23611  -0.24918  -0.26233  -0.27553  -0.28879  -0.30212  -0.31551  -0.32895  -0.34246  -0.35603  -0.36965  -0.38334  -0.39708  -0.41089  -0.42475  -0.43867  -0.45265  -0.46668  -0.48077  -0.49492  -0.50913  -0.52339  -0.53771  -0.55208  -0.56652  -0.58100  -0.59554  -0.61014  -0.62479  -0.63949  -0.65425  -0.66906  -0.68393  -0.69885  -0.71382  -0.72885  -0.74392  -0.75905  -0.77424  -0.78947  -0.80476  -0.82009  -0.83548  -0.85092  -0.86641  -0.88195  -0.89754  -0.91319  -0.92888  -0.94462  -0.96041  -0.97625  -0.99214  -1.00807  -1.02406  -1.04010  -1.05618  -1.07231  -1.08849  -1.10471  -1.12099  -1.13731  -1.15368  -1.17009
 141.48706    0.74337   0.74337   0.74337   0.74337   0.74336   0.74334   0.74330   0.74323   0.74312   0.74294   0.74269   0.74234   0.74188   0.74131   0.74061   0.73977   0.73878   0.73765   0.73636   0.73492   0.73332   0.73156   0.72963   0.72755   0.72530   0.72290   0.72033   0.71761   0.71473   0.71170   0.70852   0.70518   0.70170   0.69806   0.69429   0.69037   0.68631   0.68211   0.67777   0.67330   0.66869   0.66395   0.65908   0.65408   0.64896   0.64371   0.63833   0.63284   0.62722   0.62148   0.61563   0.60966   0.60358   0.59738   0.59107   0.58464   0.57811   0.57147   0.56472   0.55786   0.55090   0.54383   0.53666   0.52939   0.52201   0.51454   0.50696   0.49929   0.49151   0.48364   0.47568   0.46762   0.45946   0.45121   0.44287   0.43443   0.42591   0.41729   0.40858   0.39978   0.39090   0.38192   0.37286   0.36372   0.35448   0.34516   0.33576   0.32627   0.31670   0.30704   0.29730   0.28748   0.27758   0.26760   0.25754   0.24740   0.23718   0.22688   0.21650   0.20604   0.19551   0.18490   0.17421   0.16345   0.15262   0.14171   0.13072   0.11966   0.10853   0.09732   0.08604   0.07469   0.06327   0.05178   0.04021   0.02858   0.01688   0.00510  -0.00674  -0.01865  -0.03063  -0.04268  -0.05480  -0.06698  -0.07923  -0.09155  -0.10393  -0.11638  -0.12889  -0.14147  -0.15412  -0.16682  -0.17960  -0.19243  -0.20533  -0.21829  -0.23132  -0.24441  -0.25755  -0.27077  -0.28404  -0.29737  -0.31077  -0.32422  -0.33774  -0.35131  -0.36495  -0.37864  -0.39239  -0.40620  -0.42007  -0.43400  -0.44799  -0.46203  -0.47613  -0.49029  -0.50450  -0.51877  -0.53310  -0.54748  -0.56192  -0.57641  -0.59096  -0.60556  -0.62022  -0.63494  -0.64970  -0.66452  -0.67940  -0.69432  -0.70930  -0.72434  -0.73942  -0.75456  -0.76975  -0.78499  -0.80029  -0.81563  -0.83103  -0.84648  -0.86198  -0.87753  -0.89313  -0.90877  -0.92447  -0.94022  -0.95602  -0.97187  -0.98777  -1.00371  -1.01971  -1.03575  -1.05184  -1.06798  -1.08417  -1.10040  -1.11668  -1.13301  -1.14939  -1.16581
 141.60257    0.74903   0.74903   0.74903   0.74902   0.74902   0.74900   0.74896   0.74889   0.74878   0.74860   0.74834   0.74799   0.74754   0.74696   0.74626   0.74542   0.74443   0.74330   0.74201   0.74056   0.73895   0.73719   0.73526   0.73317   0.73092   0.72851   0.72594   0.72321   0.72033   0.71729   0.71410   0.71076   0.70727   0.70364   0.69985   0.69593   0.69186   0.68765   0.68331   0.67883   0.67422   0.66947   0.66460   0.65959   0.65446   0.64920   0.64382   0.63832   0.63270   0.62695   0.62109   0.61512   0.60902   0.60282   0.59650   0.59007   0.58353   0.57688   0.57012   0.56326   0.55629   0.54922   0.54204   0.53476   0.52737   0.51989   0.51231   0.50463   0.49685   0.48897   0.48100   0.47293   0.46477   0.45651   0.44816   0.43972   0.43118   0.42256   0.41384   0.40504   0.39614   0.38716   0.37809   0.36894   0.35970   0.35037   0.34096   0.33146   0.32188   0.31222   0.30247   0.29265   0.28274   0.27275   0.26268   0.25253   0.24230   0.23199   0.22161   0.21114   0.20060   0.18998   0.17929   0.16852   0.15768   0.14676   0.13577   0.12470   0.11356   0.10234   0.09106   0.07970   0.06827   0.05677   0.04520   0.03356   0.02184   0.01006  -0.00179  -0.01371  -0.02570  -0.03775  -0.04988  -0.06207  -0.07433  -0.08665  -0.09904  -0.11150  -0.12402  -0.13661  -0.14926  -0.16197  -0.17475  -0.18760  -0.20051  -0.21348  -0.22651  -0.23960  -0.25276  -0.26598  -0.27926  -0.29260  -0.30600  -0.31947  -0.33299  -0.34657  -0.36021  -0.37392  -0.38768  -0.40150  -0.41537  -0.42931  -0.44330  -0.45735  -0.47146  -0.48563  -0.49985  -0.51413  -0.52846  -0.54285  -0.55730  -0.57180  -0.58636  -0.60097  -0.61564  -0.63036  -0.64513  -0.65996  -0.67484  -0.68978  -0.70477  -0.71981  -0.73490  -0.75005  -0.76525  -0.78050  -0.79580  -0.81115  -0.82656  -0.84201  -0.85752  -0.87308  -0.88868  -0.90434  -0.92005  -0.93581  -0.95161  -0.96747  -0.98337  -0.99933  -1.01533  -1.03138  -1.04748  -1.06363  -1.07982  -1.09606  -1.11235  -1.12869  -1.14508  -1.16151
 141.71807    0.75471   0.75471   0.75471   0.75471   0.75470   0.75468   0.75464   0.75457   0.75446   0.75428   0.75402   0.75367   0.75322   0.75264   0.75193   0.75109   0.75010   0.74896   0.74767   0.74622   0.74461   0.74284   0.74091   0.73882   0.73656   0.73415   0.73157   0.72884   0.72595   0.72291   0.71972   0.71637   0.71287   0.70923   0.70544   0.70151   0.69744   0.69323   0.68888   0.68439   0.67977   0.67502   0.67014   0.66513   0.65999   0.65472   0.64934   0.64383   0.63820   0.63245   0.62658   0.62060   0.61450   0.60828   0.60196   0.59552   0.58897   0.58232   0.57555   0.56868   0.56171   0.55462   0.54744   0.54015   0.53276   0.52527   0.51768   0.50999   0.50221   0.49432   0.48634   0.47827   0.47009   0.46183   0.45347   0.44502   0.43648   0.42785   0.41913   0.41031   0.40141   0.39242   0.38335   0.37418   0.36493   0.35560   0.34618   0.33668   0.32709   0.31742   0.30767   0.29783   0.28791   0.27792   0.26784   0.25768   0.24745   0.23713   0.22674   0.21627   0.20572   0.19509   0.18439   0.17361   0.16276   0.15184   0.14083   0.12976   0.11861   0.10739   0.09610   0.08473   0.07329   0.06178   0.05020   0.03855   0.02683   0.01505   0.00319  -0.00874  -0.02074  -0.03280  -0.04493  -0.05713  -0.06940  -0.08173  -0.09413  -0.10659  -0.11912  -0.13172  -0.14438  -0.15710  -0.16989  -0.18274  -0.19566  -0.20863  -0.22168  -0.23478  -0.24794  -0.26117  -0.27446  -0.28781  -0.30122  -0.31469  -0.32822  -0.34181  -0.35546  -0.36917  -0.38294  -0.39677  -0.41065  -0.42460  -0.43860  -0.45266  -0.46677  -0.48095  -0.49518  -0.50946  -0.52381  -0.53821  -0.55266  -0.56717  -0.58173  -0.59635  -0.61103  -0.62576  -0.64054  -0.65538  -0.67027  -0.68521  -0.70021  -0.71526  -0.73036  -0.74551  -0.76072  -0.77598  -0.79129  -0.80665  -0.82206  -0.83753  -0.85304  -0.86861  -0.88422  -0.89989  -0.91560  -0.93137  -0.94718  -0.96305  -0.97896  -0.99492  -1.01093  -1.02699  -1.04310  -1.05925  -1.07546  -1.09171  -1.10800  -1.12435  -1.14074  -1.15718
 141.83358    0.76042   0.76042   0.76042   0.76041   0.76041   0.76039   0.76035   0.76028   0.76016   0.75999   0.75973   0.75938   0.75892   0.75834   0.75763   0.75679   0.75580   0.75466   0.75336   0.75191   0.75030   0.74852   0.74659   0.74449   0.74223   0.73981   0.73723   0.73450   0.73160   0.72855   0.72535   0.72200   0.71850   0.71485   0.71106   0.70712   0.70304   0.69882   0.69446   0.68997   0.68535   0.68059   0.67570   0.67068   0.66554   0.66027   0.65487   0.64936   0.64372   0.63797   0.63209   0.62610   0.61999   0.61377   0.60744   0.60100   0.59444   0.58778   0.58101   0.57413   0.56715   0.56006   0.55286   0.54557   0.53817   0.53068   0.52308   0.51538   0.50759   0.49970   0.49171   0.48362   0.47545   0.46717   0.45881   0.45035   0.44180   0.43316   0.42443   0.41561   0.40670   0.39771   0.38862   0.37945   0.37020   0.36085   0.35143   0.34192   0.33232   0.32264   0.31288   0.30304   0.29311   0.28311   0.27302   0.26286   0.25261   0.24229   0.23189   0.22141   0.21086   0.20022   0.18951   0.17873   0.16787   0.15694   0.14593   0.13484   0.12369   0.11246   0.10116   0.08978   0.07834   0.06682   0.05523   0.04358   0.03185   0.02005   0.00818  -0.00375  -0.01576  -0.02783  -0.03997  -0.05217  -0.06445  -0.07679  -0.08919  -0.10167  -0.11420  -0.12681  -0.13947  -0.15221  -0.16500  -0.17786  -0.19079  -0.20377  -0.21682  -0.22993  -0.24310  -0.25634  -0.26964  -0.28299  -0.29641  -0.30989  -0.32343  -0.33703  -0.35069  -0.36440  -0.37818  -0.39202  -0.40591  -0.41986  -0.43387  -0.44794  -0.46206  -0.47624  -0.49048  -0.50478  -0.51913  -0.53353  -0.54800  -0.56251  -0.57709  -0.59171  -0.60640  -0.62113  -0.63592  -0.65077  -0.66567  -0.68062  -0.69562  -0.71068  -0.72579  -0.74095  -0.75617  -0.77143  -0.78675  -0.80212  -0.81754  -0.83302  -0.84854  -0.86411  -0.87974  -0.89541  -0.91113  -0.92691  -0.94273  -0.95860  -0.97452  -0.99049  -1.00651  -1.02258  -1.03869  -1.05486  -1.07107  -1.08733  -1.10363  -1.11999  -1.13639  -1.15283
 141.94908    0.76615   0.76615   0.76615   0.76615   0.76614   0.76612   0.76608   0.76601   0.76590   0.76572   0.76546   0.76511   0.76465   0.76407   0.76336   0.76251   0.76152   0.76037   0.75908   0.75762   0.75600   0.75422   0.75228   0.75018   0.74792   0.74550   0.74291   0.74017   0.73727   0.73422   0.73101   0.72766   0.72415   0.72049   0.71669   0.71275   0.70867   0.70444   0.70008   0.69558   0.69095   0.68618   0.68129   0.67626   0.67111   0.66584   0.66044   0.65491   0.64927   0.64351   0.63763   0.63163   0.62551   0.61929   0.61295   0.60650   0.59994   0.59326   0.58649   0.57960   0.57261   0.56551   0.55831   0.55101   0.54361   0.53610   0.52850   0.52079   0.51299   0.50509   0.49710   0.48901   0.48082   0.47254   0.46417   0.45570   0.44715   0.43850   0.42976   0.42094   0.41202   0.40302   0.39392   0.38475   0.37548   0.36613   0.35670   0.34718   0.33757   0.32789   0.31812   0.30827   0.29834   0.28833   0.27823   0.26806   0.25781   0.24748   0.23707   0.22658   0.21602   0.20538   0.19466   0.18387   0.17300   0.16206   0.15104   0.13995   0.12879   0.11755   0.10624   0.09486   0.08341   0.07188   0.06029   0.04862   0.03688   0.02508   0.01321   0.00126  -0.01075  -0.02283  -0.03498  -0.04719  -0.05947  -0.07182  -0.08424  -0.09672  -0.10926  -0.12187  -0.13455  -0.14729  -0.16009  -0.17296  -0.18589  -0.19889  -0.21194  -0.22506  -0.23824  -0.25149  -0.26479  -0.27816  -0.29158  -0.30507  -0.31862  -0.33222  -0.34589  -0.35961  -0.37340  -0.38724  -0.40114  -0.41510  -0.42912  -0.44320  -0.45733  -0.47152  -0.48576  -0.50007  -0.51443  -0.52884  -0.54331  -0.55784  -0.57242  -0.58705  -0.60174  -0.61649  -0.63129  -0.64614  -0.66105  -0.67601  -0.69102  -0.70608  -0.72120  -0.73637  -0.75160  -0.76687  -0.78220  -0.79757  -0.81300  -0.82848  -0.84401  -0.85960  -0.87523  -0.89091  -0.90664  -0.92242  -0.93825  -0.95413  -0.97006  -0.98604  -1.00207  -1.01814  -1.03427  -1.05044  -1.06666  -1.08293  -1.09924  -1.11560  -1.13201  -1.14847
 142.06459    0.77191   0.77191   0.77191   0.77190   0.77189   0.77188   0.77184   0.77177   0.77165   0.77147   0.77121   0.77086   0.77040   0.76982   0.76911   0.76826   0.76726   0.76612   0.76481   0.76335   0.76173   0.75995   0.75801   0.75590   0.75363   0.75121   0.74862   0.74587   0.74297   0.73991   0.73670   0.73333   0.72982   0.72616   0.72236   0.71841   0.71431   0.71008   0.70571   0.70121   0.69657   0.69180   0.68690   0.68187   0.67671   0.67143   0.66602   0.66049   0.65484   0.64907   0.64318   0.63718   0.63106   0.62482   0.61848   0.61202   0.60545   0.59877   0.59199   0.58509   0.57810   0.57099   0.56379   0.55648   0.54906   0.54155   0.53394   0.52623   0.51842   0.51051   0.50251   0.49441   0.48622   0.47793   0.46955   0.46108   0.45252   0.44386   0.43512   0.42628   0.41736   0.40835   0.39925   0.39006   0.38079   0.37143   0.36199   0.35246   0.34285   0.33316   0.32338   0.31352   0.30358   0.29356   0.28346   0.27328   0.26302   0.25268   0.24227   0.23177   0.22120   0.21055   0.19983   0.18903   0.17815   0.16720   0.15618   0.14508   0.13391   0.12266   0.11135   0.09996   0.08850   0.07696   0.06536   0.05369   0.04194   0.03013   0.01825   0.00630  -0.00572  -0.01781  -0.02997  -0.04219  -0.05448  -0.06683  -0.07926  -0.09174  -0.10430  -0.11692  -0.12960  -0.14235  -0.15516  -0.16804  -0.18098  -0.19398  -0.20704  -0.22017  -0.23336  -0.24661  -0.25992  -0.27329  -0.28673  -0.30022  -0.31378  -0.32739  -0.34107  -0.35480  -0.36859  -0.38245  -0.39636  -0.41032  -0.42435  -0.43843  -0.45257  -0.46677  -0.48102  -0.49534  -0.50970  -0.52413  -0.53860  -0.55314  -0.56773  -0.58237  -0.59707  -0.61182  -0.62663  -0.64149  -0.65640  -0.67137  -0.68639  -0.70147  -0.71659  -0.73177  -0.74700  -0.76228  -0.77762  -0.79300  -0.80844  -0.82393  -0.83947  -0.85506  -0.87070  -0.88639  -0.90213  -0.91792  -0.93376  -0.94965  -0.96558  -0.98157  -0.99760  -1.01369  -1.02982  -1.04600  -1.06223  -1.07850  -1.09482  -1.11119  -1.12761  -1.14407
 142.18009    0.77769   0.77769   0.77768   0.77768   0.77767   0.77765   0.77762   0.77755   0.77743   0.77725   0.77699   0.77664   0.77617   0.77559   0.77488   0.77403   0.77303   0.77188   0.77058   0.76911   0.76749   0.76570   0.76376   0.76164   0.75937   0.75694   0.75435   0.75159   0.74869   0.74562   0.74241   0.73904   0.73552   0.73185   0.72804   0.72408   0.71999   0.71575   0.71138   0.70686   0.70222   0.69744   0.69253   0.68750   0.68233   0.67704   0.67163   0.66609   0.66043   0.65466   0.64876   0.64275   0.63662   0.63038   0.62403   0.61756   0.61099   0.60430   0.59751   0.59061   0.58361   0.57650   0.56928   0.56196   0.55455   0.54703   0.53941   0.53169   0.52387   0.51596   0.50795   0.49984   0.49164   0.48335   0.47496   0.46648   0.45791   0.44925   0.44049   0.43165   0.42272   0.41370   0.40459   0.39540   0.38612   0.37675   0.36730   0.35777   0.34815   0.33845   0.32867   0.31880   0.30885   0.29883   0.28872   0.27853   0.26826   0.25792   0.24749   0.23699   0.22641   0.21575   0.20502   0.19421   0.18333   0.17237   0.16134   0.15023   0.13905   0.12780   0.11648   0.10508   0.09361   0.08207   0.07046   0.05878   0.04703   0.03520   0.02331   0.01135  -0.00067  -0.01277  -0.02493  -0.03716  -0.04946  -0.06182  -0.07425  -0.08675  -0.09931  -0.11194  -0.12463  -0.13739  -0.15021  -0.16309  -0.17604  -0.18905  -0.20212  -0.21525  -0.22845  -0.24171  -0.25503  -0.26841  -0.28185  -0.29536  -0.30892  -0.32254  -0.33623  -0.34997  -0.36377  -0.37763  -0.39155  -0.40552  -0.41956  -0.43365  -0.44780  -0.46200  -0.47626  -0.49058  -0.50496  -0.51939  -0.53387  -0.54842  -0.56301  -0.57767  -0.59237  -0.60713  -0.62195  -0.63682  -0.65174  -0.66671  -0.68174  -0.69683  -0.71196  -0.72715  -0.74239  -0.75768  -0.77302  -0.78841  -0.80386  -0.81935  -0.83490  -0.85050  -0.86615  -0.88185  -0.89759  -0.91339  -0.92924  -0.94514  -0.96108  -0.97708  -0.99312  -1.00921  -1.02535  -1.04154  -1.05777  -1.07406  -1.09039  -1.10677  -1.12319  -1.13966
 142.29560    0.78349   0.78349   0.78349   0.78348   0.78348   0.78346   0.78342   0.78335   0.78323   0.78305   0.78279   0.78244   0.78197   0.78139   0.78067   0.77982   0.77882   0.77767   0.77636   0.77489   0.77327   0.77148   0.76953   0.76741   0.76513   0.76270   0.76010   0.75734   0.75443   0.75136   0.74814   0.74476   0.74124   0.73757   0.73375   0.72979   0.72568   0.72144   0.71706   0.71254   0.70789   0.70311   0.69819   0.69315   0.68798   0.68268   0.67726   0.67172   0.66605   0.66027   0.65437   0.64835   0.64221   0.63597   0.62961   0.62313   0.61655   0.60986   0.60306   0.59615   0.58914   0.58202   0.57480   0.56748   0.56005   0.55252   0.54490   0.53717   0.52935   0.52142   0.51341   0.50529   0.49709   0.48878   0.48039   0.47190   0.46332   0.45465   0.44589   0.43704   0.42810   0.41908   0.40996   0.40076   0.39147   0.38210   0.37264   0.36310   0.35347   0.34377   0.33397   0.32410   0.31415   0.30411   0.29399   0.28380   0.27352   0.26317   0.25274   0.24223   0.23164   0.22098   0.21024   0.19942   0.18853   0.17756   0.16652   0.15541   0.14422   0.13296   0.12163   0.11022   0.09875   0.08720   0.07558   0.06389   0.05213   0.04030   0.02840   0.01643   0.00440  -0.00770  -0.01988  -0.03211  -0.04442  -0.05679  -0.06923  -0.08173  -0.09430  -0.10694  -0.11964  -0.13240  -0.14523  -0.15812  -0.17108  -0.18409  -0.19717  -0.21032  -0.22352  -0.23679  -0.25012  -0.26351  -0.27696  -0.29047  -0.30404  -0.31767  -0.33136  -0.34511  -0.35892  -0.37279  -0.38671  -0.40070  -0.41474  -0.42884  -0.44300  -0.45721  -0.47148  -0.48581  -0.50019  -0.51463  -0.52912  -0.54367  -0.55828  -0.57294  -0.58765  -0.60242  -0.61724  -0.63212  -0.64705  -0.66204  -0.67707  -0.69216  -0.70731  -0.72250  -0.73775  -0.75305  -0.76840  -0.78380  -0.79925  -0.81476  -0.83031  -0.84592  -0.86158  -0.87728  -0.89304  -0.90884  -0.92470  -0.94060  -0.95656  -0.97256  -0.98861  -1.00471  -1.02086  -1.03706  -1.05330  -1.06959  -1.08593  -1.10232  -1.11875  -1.13523
 142.41110    0.78932   0.78932   0.78932   0.78931   0.78930   0.78928   0.78925   0.78918   0.78906   0.78888   0.78862   0.78826   0.78780   0.78721   0.78649   0.78564   0.78464   0.78348   0.78217   0.78070   0.77907   0.77728   0.77532   0.77320   0.77092   0.76848   0.76587   0.76311   0.76019   0.75712   0.75389   0.75051   0.74698   0.74330   0.73948   0.73551   0.73140   0.72715   0.72277   0.71824   0.71358   0.70879   0.70387   0.69882   0.69364   0.68834   0.68291   0.67736   0.67169   0.66590   0.65999   0.65397   0.64783   0.64157   0.63520   0.62872   0.62214   0.61544   0.60863   0.60171   0.59469   0.58757   0.58034   0.57301   0.56558   0.55804   0.55041   0.54267   0.53484   0.52691   0.51889   0.51077   0.50255   0.49424   0.48584   0.47735   0.46876   0.46008   0.45131   0.44246   0.43351   0.42447   0.41535   0.40614   0.39685   0.38747   0.37800   0.36845   0.35882   0.34910   0.33930   0.32942   0.31946   0.30942   0.29929   0.28909   0.27881   0.26844   0.25800   0.24749   0.23689   0.22622   0.21547   0.20465   0.19375   0.18278   0.17173   0.16061   0.14941   0.13814   0.12680   0.11539   0.10390   0.09235   0.08072   0.06902   0.05726   0.04542   0.03351   0.02154   0.00949  -0.00262  -0.01480  -0.02704  -0.03936  -0.05174  -0.06418  -0.07670  -0.08927  -0.10192  -0.11462  -0.12739  -0.14023  -0.15313  -0.16609  -0.17912  -0.19221  -0.20536  -0.21857  -0.23185  -0.24518  -0.25858  -0.27204  -0.28556  -0.29914  -0.31278  -0.32648  -0.34023  -0.35405  -0.36793  -0.38186  -0.39585  -0.40990  -0.42401  -0.43817  -0.45240  -0.46667  -0.48101  -0.49540  -0.50985  -0.52435  -0.53891  -0.55352  -0.56819  -0.58291  -0.59769  -0.61252  -0.62741  -0.64234  -0.65734  -0.67238  -0.68748  -0.70263  -0.71783  -0.73309  -0.74840  -0.76375  -0.77916  -0.79463  -0.81014  -0.82570  -0.84132  -0.85698  -0.87270  -0.88846  -0.90427  -0.92014  -0.93605  -0.95201  -0.96802  -0.98408  -1.00019  -1.01635  -1.03255  -1.04880  -1.06510  -1.08145  -1.09784  -1.11429  -1.13077
 142.52660    0.79517   0.79517   0.79517   0.79516   0.79515   0.79514   0.79510   0.79503   0.79491   0.79473   0.79447   0.79411   0.79364   0.79306   0.79234   0.79148   0.79047   0.78932   0.78800   0.78653   0.78489   0.78310   0.78114   0.77901   0.77673   0.77428   0.77167   0.76891   0.76598   0.76290   0.75967   0.75628   0.75275   0.74906   0.74523   0.74126   0.73715   0.73289   0.72850   0.72397   0.71930   0.71450   0.70958   0.70452   0.69934   0.69403   0.68859   0.68303   0.67736   0.67156   0.66564   0.65961   0.65346   0.64720   0.64083   0.63434   0.62774   0.62104   0.61422   0.60730   0.60027   0.59314   0.58590   0.57857   0.57112   0.56358   0.55594   0.54820   0.54036   0.53243   0.52439   0.51627   0.50804   0.49973   0.49132   0.48281   0.47422   0.46553   0.45676   0.44789   0.43894   0.42990   0.42077   0.41155   0.40225   0.39286   0.38339   0.37383   0.36419   0.35446   0.34466   0.33477   0.32480   0.31474   0.30461   0.29440   0.28411   0.27374   0.26329   0.25277   0.24217   0.23149   0.22073   0.20990   0.19899   0.18801   0.17695   0.16583   0.15462   0.14335   0.13200   0.12058   0.10908   0.09752   0.08588   0.07418   0.06240   0.05056   0.03864   0.02666   0.01461   0.00249  -0.00970  -0.02195  -0.03427  -0.04666  -0.05911  -0.07163  -0.08422  -0.09687  -0.10959  -0.12237  -0.13521  -0.14812  -0.16109  -0.17412  -0.18722  -0.20038  -0.21360  -0.22688  -0.24023  -0.25363  -0.26710  -0.28063  -0.29421  -0.30786  -0.32157  -0.33533  -0.34916  -0.36304  -0.37698  -0.39098  -0.40504  -0.41916  -0.43333  -0.44756  -0.46185  -0.47619  -0.49059  -0.50504  -0.51956  -0.53412  -0.54874  -0.56342  -0.57815  -0.59294  -0.60777  -0.62267  -0.63761  -0.65261  -0.66767  -0.68277  -0.69793  -0.71314  -0.72841  -0.74372  -0.75909  -0.77451  -0.78998  -0.80550  -0.82107  -0.83669  -0.85237  -0.86809  -0.88386  -0.89968  -0.91555  -0.93148  -0.94745  -0.96347  -0.97953  -0.99565  -1.01181  -1.02803  -1.04429  -1.06059  -1.07695  -1.09335  -1.10980  -1.12630
 142.64211    0.80104   0.80104   0.80104   0.80104   0.80103   0.80101   0.80097   0.80090   0.80078   0.80060   0.80034   0.79998   0.79951   0.79892   0.79820   0.79734   0.79634   0.79518   0.79386   0.79238   0.79074   0.78894   0.78698   0.78485   0.78256   0.78011   0.77750   0.77472   0.77179   0.76871   0.76547   0.76208   0.75854   0.75485   0.75101   0.74703   0.74291   0.73865   0.73425   0.72971   0.72504   0.72024   0.71530   0.71024   0.70505   0.69973   0.69429   0.68873   0.68304   0.67724   0.67132   0.66528   0.65912   0.65285   0.64647   0.63998   0.63337   0.62666   0.61984   0.61291   0.60587   0.59873   0.59149   0.58414   0.57670   0.56915   0.56150   0.55375   0.54590   0.53796   0.52992   0.52179   0.51355   0.50523   0.49681   0.48830   0.47970   0.47101   0.46222   0.45335   0.44439   0.43534   0.42620   0.41698   0.40767   0.39827   0.38879   0.37923   0.36958   0.35985   0.35003   0.34013   0.33016   0.32010   0.30996   0.29974   0.28944   0.27906   0.26861   0.25807   0.24746   0.23677   0.22601   0.21517   0.20426   0.19327   0.18220   0.17107   0.15986   0.14857   0.13721   0.12579   0.11429   0.10271   0.09107   0.07936   0.06757   0.05572   0.04380   0.03181   0.01975   0.00762  -0.00457  -0.01684  -0.02917  -0.04156  -0.05402  -0.06655  -0.07915  -0.09180  -0.10453  -0.11732  -0.13017  -0.14308  -0.15606  -0.16910  -0.18221  -0.19538  -0.20861  -0.22190  -0.23525  -0.24866  -0.26214  -0.27567  -0.28927  -0.30292  -0.31664  -0.33041  -0.34424  -0.35814  -0.37209  -0.38609  -0.40016  -0.41428  -0.42847  -0.44270  -0.45700  -0.47135  -0.48576  -0.50022  -0.51474  -0.52931  -0.54394  -0.55863  -0.57337  -0.58816  -0.60301  -0.61791  -0.63286  -0.64787  -0.66293  -0.67805  -0.69321  -0.70843  -0.72371  -0.73903  -0.75440  -0.76983  -0.78531  -0.80084  -0.81642  -0.83205  -0.84773  -0.86346  -0.87924  -0.89507  -0.91095  -0.92688  -0.94286  -0.95889  -0.97496  -0.99109  -1.00726  -1.02348  -1.03975  -1.05606  -1.07243  -1.08884  -1.10530  -1.12180
 142.75761    0.80694   0.80694   0.80694   0.80693   0.80693   0.80691   0.80687   0.80680   0.80668   0.80650   0.80623   0.80587   0.80541   0.80482   0.80409   0.80323   0.80222   0.80106   0.79974   0.79826   0.79662   0.79481   0.79284   0.79071   0.78842   0.78596   0.78334   0.78056   0.77763   0.77454   0.77129   0.76790   0.76435   0.76065   0.75681   0.75283   0.74870   0.74443   0.74003   0.73548   0.73080   0.72599   0.72105   0.71598   0.71079   0.70546   0.70001   0.69444   0.68875   0.68294   0.67701   0.67097   0.66480   0.65853   0.65214   0.64564   0.63903   0.63230   0.62548   0.61854   0.61150   0.60435   0.59710   0.58975   0.58229   0.57473   0.56708   0.55932   0.55147   0.54352   0.53547   0.52733   0.51909   0.51076   0.50233   0.49381   0.48520   0.47650   0.46771   0.45883   0.44986   0.44081   0.43166   0.42243   0.41311   0.40371   0.39422   0.38465   0.37499   0.36525   0.35543   0.34552   0.33554   0.32547   0.31532   0.30510   0.29479   0.28440   0.27394   0.26340   0.25278   0.24209   0.23131   0.22047   0.20954   0.19855   0.18748   0.17633   0.16511   0.15382   0.14245   0.13102   0.11951   0.10793   0.09628   0.08456   0.07277   0.06091   0.04898   0.03698   0.02491   0.01277   0.00057  -0.01170  -0.02404  -0.03644  -0.04891  -0.06145  -0.07405  -0.08672  -0.09945  -0.11224  -0.12510  -0.13803  -0.15101  -0.16406  -0.17718  -0.19035  -0.20359  -0.21689  -0.23025  -0.24367  -0.25715  -0.27070  -0.28430  -0.29796  -0.31169  -0.32547  -0.33931  -0.35321  -0.36717  -0.38118  -0.39526  -0.40939  -0.42358  -0.43783  -0.45213  -0.46649  -0.48090  -0.49537  -0.50990  -0.52448  -0.53912  -0.55381  -0.56856  -0.58336  -0.59822  -0.61313  -0.62809  -0.64311  -0.65818  -0.67330  -0.68847  -0.70370  -0.71898  -0.73431  -0.74970  -0.76513  -0.78062  -0.79616  -0.81174  -0.82738  -0.84307  -0.85881  -0.87460  -0.89044  -0.90633  -0.92226  -0.93825  -0.95429  -0.97037  -0.98650  -1.00268  -1.01891  -1.03519  -1.05151  -1.06788  -1.08430  -1.10077  -1.11728

# Minimas
 124.30003    0.26748 
 124.30002    0.26748 
 124.30001    0.26748 
 124.29994    0.26748 
 124.29971    0.26747 
 124.29918    0.26745 
 124.29825    0.26741 
 124.29689    0.26733 
 124.29510    0.26720 
 124.29291    0.26702 
 124.29040    0.26676 
 124.28763    0.26643 
 124.28468    0.26600 
 124.28163    0.26547 
 124.27855    0.26484 
 124.27551    0.26409 
 124.27255    0.26323 
 124.26974    0.26225 
 124.26711    0.26114 
 124.26469    0.25990 
 124.26251    0.25854 
 124.26060    0.25704 
 124.25896    0.25541 
 124.25760    0.25364 
 124.25653    0.25175 
 124.25576    0.24972 
 124.25527    0.24755 
 124.25508    0.24525 
 124.25516    0.24282 
 124.25553    0.24025 
 124.25617    0.23755 
 124.25708    0.23472 
 124.25824    0.23176 
 124.25966    0.22867 
 124.26131    0.22545 
 124.26321    0.22210 
 124.26533    0.21863 
 124.26766    0.21503 
 124.27021    0.21131 
 124.27297    0.20746 
 124.27592    0.20349 
 124.27905    0.19941 
 124.28238    0.19520 
 124.28588    0.19087 
 124.28955    0.18643 
 124.29338    0.18187 
 124.29737    0.17720 
 124.30152    0.17241 
 124.30581    0.16752 
 124.31025    0.16251 
 124.31483    0.15738 
 124.31954    0.15215 
 124.32438    0.14681 
 124.32935    0.14137 
 124.33444    0.13582 
 124.33965    0.13016 
 124.34498    0.12440 
 124.35042    0.11853 
 124.35596    0.11256 
 124.36162    0.10649 
 124.36737    0.10032 
 124.37323    0.09405 
 124.37918    0.08768 
 124.38523    0.08121 
 124.39138    0.07464 
 124.39761    0.06798 
 124.40394    0.06122 
 124.41035    0.05437 
 124.41685    0.04742 
 124.42343    0.04038 
 124.43009    0.03324 
 124.43683    0.02601 
 124.44365    0.01869 
 124.45055    0.01128 
 124.45752    0.00378 
 124.46457   -0.00381 
 124.47169   -0.01148 
 124.47888   -0.01925 
 124.48614   -0.02711 
 124.49347   -0.03505 
 124.50087   -0.04308 
 124.50833   -0.05119 
 124.51587   -0.05939 
 124.52346   -0.06767 
 124.53112   -0.07604 
 124.53885   -0.08449 
 124.54664   -0.09302 
 124.55448   -0.10164 
 124.56239   -0.11034 
 124.57036   -0.11912 
 124.57839   -0.12798 
 124.58648   -0.13692 
 124.59462   -0.14593 
 124.60283   -0.15503 
 124.61108   -0.16421 
 124.61940   -0.17347 
 124.62777   -0.18280 
 124.63620   -0.19221 
 124.64467   -0.20170 
 124.65321   -0.21126 
 124.66179   -0.22090 
 124.67043   -0.23062 
 124.67913   -0.24041 
 124.68787   -0.25027 
 124.69667   -0.26021 
 124.70551   -0.27022 
 124.71441   -0.28031 
 124.72335   -0.29047 
 124.73235   -0.30070 
 124.74140   -0.31100 
 124.75049   -0.32137 
 124.75964   -0.33182 
 124.76883   -0.34233 
 124.77807   -0.35292 
 124.78736   -0.36358 
 124.79669   -0.37430 
 124.80607   -0.38510 
 124.81550   -0.39596 
 124.82498   -0.40689 
 124.83450   -0.41789 
 124.84407   -0.42896 
 124.85368   -0.44009 
 124.86334   -0.45130 
 124.87305   -0.46256 
 124.88280   -0.47390 
 124.89259   -0.48530 
 124.90243   -0.49677 
 124.91232   -0.50830 
 124.92224   -0.51989 
 124.93222   -0.53155 
 124.94223   -0.54328 
 124.95229   -0.55507 
 124.96239   -0.56692 
 124.97254   -0.57883 
 124.98273   -0.59081 
 124.99296   -0.60285 
 125.00324   -0.61496 
 125.01355   -0.62712 
 125.02391   -0.63935 
 125.03432   -0.65164 
 125.04476   -0.66399 
 125.05525   -0.67639 
 125.06577   -0.68887 
 125.07635   -0.70140 
 125.08696   -0.71399 
 125.09761   -0.72664 
 125.10831   -0.73934 
 125.11904   -0.75211 
 125.12982   -0.76494 
 125.14064   -0.77782 
 125.15150   -0.79077 
 125.16240   -0.80377 
 125.17334   -0.81683 
 125.18432   -0.82994 
 125.19535   -0.84312 
 125.20641   -0.85635 
 125.21751   -0.86963 
 125.22866   -0.88298 
 125.23984   -0.89638 
 125.25107   -0.90983 
 125.26233   -0.92334 
 125.27364   -0.93691 
 125.28499   -0.95053 
 125.29637   -0.96420 
 125.30780   -0.97793 
 125.31927   -0.99171 
 125.33077   -1.00555 
 125.34232   -1.01944 
 125.35390   -1.03339 
 125.36553   -1.04739 
 125.37720   -1.06144 
 125.38890   -1.07554 
 125.40065   -1.08970 
 125.41243   -1.10391 
 125.42426   -1.11817 
 125.43612   -1.13249 
 125.44803   -1.14685 
 125.45997   -1.16127 
 125.47195   -1.17574 
 125.48398   -1.19026 
 125.49604   -1.20483 
 125.50814   -1.21945 
 125.52028   -1.23412 
 125.53247   -1.24884 
 125.54469   -1.26361 
 125.55695   -1.27843 
 125.56925   -1.29330 
 125.58159   -1.30822 
 125.59397   -1.32319 
 125.60639   -1.33821 
 125.61884   -1.35328 
 125.63134   -1.36839 
 125.64388   -1.38356 
 125.65646   -1.39877 
 125.66908   -1.41403 
 125.68173   -1.42934 
 125.69443   -1.44469 
 125.70717   -1.46010 
 125.71994   -1.47555 
 125.73276   -1.49104 

