      Step     Time          Energy          fmax
FIRE:    0 04:51:42     -281.952789        0.322501
FIRE:    1 04:51:42     -281.965149        0.098863
FIRE:    2 04:51:42     -281.961914        0.196921
FIRE:    3 04:51:42     -281.963623        0.160564
FIRE:    4 04:51:42     -281.965942        0.131332
FIRE:    5 04:51:43     -281.967346        0.103681
FIRE:    6 04:51:43     -281.967224        0.091924
FIRE:    7 04:51:43     -281.967285        0.091780
FIRE:    8 04:51:43     -281.967407        0.091498
FIRE:    9 04:51:43     -281.967560        0.091089
FIRE:   10 04:51:43     -281.967743        0.090566
FIRE:   11 04:51:43     -281.967896        0.089948
FIRE:   12 04:51:43     -281.968079        0.092294
FIRE:   13 04:51:43     -281.968231        0.096015
FIRE:   14 04:51:43     -281.968384        0.099640
FIRE:   15 04:51:44     -281.968567        0.102661
FIRE:   16 04:51:44     -281.968750        0.104517
FIRE:   17 04:51:44     -281.969055        0.104662
FIRE:   18 04:51:44     -281.969421        0.102628
FIRE:   19 04:51:44     -281.969910        0.098171
FIRE:   20 04:51:44     -281.970520        0.091571
FIRE:   21 04:51:44     -281.971130        0.084124
FIRE:   22 04:51:44     -281.971863        0.082233
FIRE:   23 04:51:44     -281.972778        0.080323
FIRE:   24 04:51:45     -281.973877        0.077643
FIRE:   25 04:51:45     -281.975067        0.080949
FIRE:   26 04:51:45     -281.976440        0.079092
FIRE:   27 04:51:45     -281.978027        0.068201
FIRE:   28 04:51:45     -281.979675        0.063551
FIRE:   29 04:51:45     -281.981537        0.057890
FIRE:   30 04:51:45     -281.983276        0.050912
FIRE:   31 04:51:45     -281.985077        0.044096
FIRE:   32 04:51:45     -281.986603        0.036808
FIRE:   33 04:51:45     -281.987610        0.038094
FIRE:   34 04:51:46     -281.988129        0.038014
FIRE:   35 04:51:46     -281.988281        0.018148
FIRE:   36 04:51:46     -281.988281        0.017598
FIRE:   37 04:51:46     -281.988281        0.016987
FIRE:   38 04:51:46     -281.988312        0.017160
FIRE:   39 04:51:46     -281.988342        0.017382
FIRE:   40 04:51:46     -281.988342        0.017607
FIRE:   41 04:51:46     -281.988342        0.017602
FIRE:   42 04:51:46     -281.988342        0.017590
FIRE:   43 04:51:47     -281.988342        0.017572
FIRE:   44 04:51:47     -281.988342        0.017550
FIRE:   45 04:51:47     -281.988342        0.017525
FIRE:   46 04:51:47     -281.988342        0.017495
FIRE:   47 04:51:47     -281.988342        0.017464
FIRE:   48 04:51:47     -281.988342        0.017430
FIRE:   49 04:51:47     -281.988342        0.017393
FIRE:   50 04:51:47     -281.988342        0.017355
FIRE:   51 04:51:48     -281.988342        0.017318
FIRE:   52 04:51:48     -281.988342        0.017286
FIRE:   53 04:51:48     -281.988342        0.017258
FIRE:   54 04:51:48     -281.988403        0.017235
FIRE:   55 04:51:48     -281.988373        0.017209
FIRE:   56 04:51:48     -281.988403        0.017169
FIRE:   57 04:51:48     -281.988403        0.017099
FIRE:   58 04:51:48     -281.988403        0.016984
FIRE:   59 04:51:48     -281.988403        0.016823
FIRE:   60 04:51:49     -281.988464        0.016636
FIRE:   61 04:51:49     -281.988495        0.016450
FIRE:   62 04:51:49     -281.988525        0.016268
FIRE:   63 04:51:49     -281.988525        0.016032
FIRE:   64 04:51:49     -281.988586        0.015673
FIRE:   65 04:51:49     -281.988586        0.015240
FIRE:   66 04:51:49     -281.988678        0.014837
FIRE:   67 04:51:49     -281.988770        0.014291
FIRE:   68 04:51:49     -281.988831        0.013571
FIRE:   69 04:51:50     -281.988892        0.012990
FIRE:   70 04:51:50     -281.989014        0.011696
FIRE:   71 04:51:50     -281.989075        0.020510
FIRE:   72 04:51:50     -281.989136        0.011091
FIRE:   73 04:51:50     -281.989105        0.018198
FIRE:   74 04:51:50     -281.989105        0.014019
FIRE:   75 04:51:50     -281.989136        0.010746
FIRE:   76 04:51:50     -281.989136        0.011064
FIRE:   77 04:51:50     -281.989136        0.011058
FIRE:   78 04:51:51     -281.989136        0.011047
FIRE:   79 04:51:51     -281.989105        0.011031
FIRE:   80 04:51:51     -281.989136        0.011009
FIRE:   81 04:51:51     -281.989136        0.010986
FIRE:   82 04:51:51     -281.989136        0.010962
FIRE:   83 04:51:51     -281.989136        0.010939
FIRE:   84 04:51:51     -281.989136        0.010916
FIRE:   85 04:51:51     -281.989136        0.010895
FIRE:   86 04:51:51     -281.989136        0.010878
FIRE:   87 04:51:52     -281.989136        0.010868
FIRE:   88 04:51:52     -281.989136        0.010864
FIRE:   89 04:51:52     -281.989136        0.010864
FIRE:   90 04:51:52     -281.989136        0.010859
FIRE:   91 04:51:52     -281.989197        0.010837
FIRE:   92 04:51:52     -281.989197        0.010787
FIRE:   93 04:51:52     -281.989166        0.010707
FIRE:   94 04:51:52     -281.989197        0.010613
FIRE:   95 04:51:52     -281.989166        0.010530
FIRE:   96 04:51:53     -281.989197        0.010463
FIRE:   97 04:51:53     -281.989227        0.010369
FIRE:   98 04:51:53     -281.989258        0.010195
FIRE:   99 04:51:53     -281.989258        0.009982
FIRE:  100 04:51:53     -281.989319        0.009810
FIRE:  101 04:51:53     -281.989319        0.009535
FIRE:  102 04:51:53     -281.989349        0.009166
FIRE:  103 04:51:53     -281.989380        0.008896
FIRE:  104 04:51:53     -281.989441        0.008098
FIRE:  105 04:51:54     -281.989471        0.016505
FIRE:  106 04:51:54     -281.989502        0.007817
FIRE:  107 04:51:54     -281.989471        0.014925
FIRE:  108 04:51:54     -281.989502        0.011375
FIRE:  109 04:51:54     -281.989502        0.007561
FIRE:  110 04:51:56     -281.989502        0.007828
FIRE:  111 04:51:56     -281.989502        0.007823
FIRE:  112 04:51:57     -281.989532        0.007811
FIRE:  113 04:51:57     -281.989532        0.007795
FIRE:  114 04:51:57     -281.989502        0.007774
FIRE:  115 04:51:57     -281.989502        0.007750
FIRE:  116 04:51:57     -281.989502        0.007725
FIRE:  117 04:51:57     -281.989502        0.007702
FIRE:  118 04:51:57     -281.989532        0.007680
FIRE:  119 04:51:57     -281.989532        0.007660
FIRE:  120 04:51:57     -281.989532        0.007646
FIRE:  121 04:51:58     -281.989502        0.007639
FIRE:  122 04:51:58     -281.989502        0.007640
FIRE:  123 04:51:58     -281.989502        0.007644
FIRE:  124 04:51:58     -281.989502        0.007642
FIRE:  125 04:51:58     -281.989532        0.007624
FIRE:  126 04:51:58     -281.989502        0.007579
FIRE:  127 04:51:58     -281.989532        0.007505
FIRE:  128 04:51:58     -281.989563        0.007421
FIRE:  129 04:51:58     -281.989532        0.007354
FIRE:  130 04:51:59     -281.989563        0.007305
FIRE:  131 04:51:59     -281.989563        0.007226
FIRE:  132 04:51:59     -281.989563        0.007072
FIRE:  133 04:51:59     -281.989563        0.006895
FIRE:  134 04:51:59     -281.989624        0.006769
FIRE:  135 04:51:59     -281.989594        0.006532
FIRE:  136 04:51:59     -281.989624        0.006250
FIRE:  137 04:51:59     -281.989655        0.006030
FIRE:  138 04:51:59     -281.989624        0.005416
FIRE:  139 04:51:59     -281.989685        0.013202
FIRE:  140 04:52:00     -281.989685        0.005192
FIRE:  141 04:52:00     -281.989685        0.012038
FIRE:  142 04:52:00     -281.989685        0.009064
FIRE:  143 04:52:00     -281.989685        0.005021
FIRE:  144 04:52:00     -281.989685        0.005238
FIRE:  145 04:52:00     -281.989685        0.005232
FIRE:  146 04:52:00     -281.989685        0.005222
FIRE:  147 04:52:00     -281.989685        0.005205
FIRE:  148 04:52:00     -281.989685        0.005185
FIRE:  149 04:52:01     -281.989716        0.005163
FIRE:  150 04:52:01     -281.989685        0.005141
FIRE:  151 04:52:01     -281.989685        0.005119
FIRE:  152 04:52:01     -281.989685        0.005100
FIRE:  153 04:52:01     -281.989685        0.005085
FIRE:  154 04:52:01     -281.989685        0.005076
FIRE:  155 04:52:01     -281.989685        0.005075
FIRE:  156 04:52:01     -281.989685        0.005081
FIRE:  157 04:52:01     -281.989685        0.005091
FIRE:  158 04:52:02     -281.989685        0.005097
FIRE:  159 04:52:02     -281.989685        0.005087
FIRE:  160 04:52:02     -281.989716        0.005052
FIRE:  161 04:52:02     -281.989685        0.004995
FIRE:  162 04:52:02     -281.989716        0.004932
FIRE:  163 04:52:02     -281.989685        0.004891
FIRE:  164 04:52:02     -281.989685        0.004872
FIRE:  165 04:52:02     -281.989746        0.004826
FIRE:  166 04:52:02     -281.989746        0.004714
FIRE:  167 04:52:02     -281.989716        0.004593
FIRE:  168 04:52:03     -281.989746        0.004527
FIRE:  169 04:52:03     -281.989746        0.004364
FIRE:  170 04:52:03     -281.989746        0.004176
FIRE:  171 04:52:03     -281.989746        0.004050
FIRE:  172 04:52:03     -281.989746        0.004356
FIRE:  173 04:52:03     -281.989777        0.010846
FIRE:  174 04:52:03     -281.989807        0.003472
FIRE:  175 04:52:03     -281.989807        0.003474
FIRE:  176 04:52:03     -281.989777        0.003475
FIRE:  177 04:52:04     -281.989777        0.003476
FIRE:  178 04:52:04     -281.989807        0.003474
FIRE:  179 04:52:04     -281.989777        0.003468
FIRE:  180 04:52:04     -281.989807        0.003459
FIRE:  181 04:52:04     -281.989777        0.003445
FIRE:  182 04:52:04     -281.989807        0.003428
FIRE:  183 04:52:04     -281.989746        0.003409
FIRE:  184 04:52:04     -281.989777        0.003391
FIRE:  185 04:52:04     -281.989807        0.003372
FIRE:  186 04:52:05     -281.989807        0.003347
FIRE:  187 04:52:05     -281.989807        0.003306
FIRE:  188 04:52:05     -281.989777        0.003253
FIRE:  189 04:52:05     -281.989777        0.003200
FIRE:  190 04:52:05     -281.989807        0.003136
FIRE:  191 04:52:05     -281.989777        0.003043
FIRE:  192 04:52:05     -281.989807        0.002947
FIRE:  193 04:52:05     -281.989777        0.002814
FIRE:  194 04:52:05     -281.989777        0.002681
FIRE:  195 04:52:05     -281.989807        0.002433
FIRE:  196 04:52:06     -281.989807        0.005980
FIRE:  197 04:52:06     -281.989807        0.002254
FIRE:  198 04:52:06     -281.989807        0.002261
FIRE:  199 04:52:06     -281.989807        0.002271
FIRE:  200 04:52:06     -281.989807        0.002281
FIRE:  201 04:52:06     -281.989807        0.002287
FIRE:  202 04:52:06     -281.989807        0.002284
FIRE:  203 04:52:06     -281.989807        0.002273
FIRE:  204 04:52:06     -281.989807        0.002256
FIRE:  205 04:52:07     -281.989807        0.002235
FIRE:  206 04:52:07     -281.989807        0.002218
FIRE:  207 04:52:07     -281.989807        0.002210
FIRE:  208 04:52:07     -281.989807        0.002207
FIRE:  209 04:52:07     -281.989807        0.002196
FIRE:  210 04:52:07     -281.989807        0.002157
FIRE:  211 04:52:07     -281.989807        0.002112
FIRE:  212 04:52:07     -281.989807        0.002085
FIRE:  213 04:52:07     -281.989807        0.002053
FIRE:  214 04:52:08     -281.989807        0.001967
FIRE:  215 04:52:08     -281.989868        0.001925
FIRE:  216 04:52:08     -281.989807        0.001813
FIRE:  217 04:52:08     -281.989807        0.001777
FIRE:  218 04:52:08     -281.989807        0.003592
FIRE:  219 04:52:08     -281.989838        0.001617
FIRE:  220 04:52:08     -281.989807        0.003177
FIRE:  221 04:52:08     -281.989838        0.002372
FIRE:  222 04:52:08     -281.989838        0.001642
FIRE:  223 04:52:09     -281.989838        0.001580
FIRE:  224 04:52:09     -281.989838        0.001582
FIRE:  225 04:52:09     -281.989807        0.001584
FIRE:  226 04:52:09     -281.989807        0.001588
FIRE:  227 04:52:09     -281.989807        0.001593
FIRE:  228 04:52:09     -281.989807        0.001597
FIRE:  229 04:52:09     -281.989838        0.001602
FIRE:  230 04:52:09     -281.989807        0.001605
FIRE:  231 04:52:09     -281.989807        0.001608
FIRE:  232 04:52:09     -281.989868        0.001610
FIRE:  233 04:52:10     -281.989868        0.001606
FIRE:  234 04:52:10     -281.989868        0.001601
FIRE:  235 04:52:10     -281.989838        0.001593
FIRE:  236 04:52:10     -281.989838        0.001582
FIRE:  237 04:52:10     -281.989838        0.001571
FIRE:  238 04:52:10     -281.989807        0.001561
FIRE:  239 04:52:10     -281.989838        0.001557
FIRE:  240 04:52:10     -281.989807        0.001555
FIRE:  241 04:52:10     -281.989838        0.001550
FIRE:  242 04:52:11     -281.989838        0.001534
FIRE:  243 04:52:11     -281.989807        0.001506
FIRE:  244 04:52:11     -281.989807        0.001481
FIRE:  245 04:52:11     -281.989807        0.001466
FIRE:  246 04:52:11     -281.989807        0.001439
FIRE:  247 04:52:11     -281.989868        0.001386
FIRE:  248 04:52:11     -281.989838        0.001351
FIRE:  249 04:52:11     -281.989838        0.001293
FIRE:  250 04:52:11     -281.989838        0.001225
FIRE:  251 04:52:12     -281.989807        0.001164
FIRE:  252 04:52:12     -281.989868        0.001742
FIRE:  253 04:52:12     -281.989838        0.006161
FIRE:  254 04:52:12     -281.989868        0.001641
FIRE:  255 04:52:12     -281.989868        0.001120
FIRE:  256 04:52:12     -281.989838        0.000943
FIRE:  257 04:52:12     -281.989838        0.000975
FIRE:  258 04:52:12     -281.989838        0.000973
FIRE:  259 04:52:12     -281.989838        0.000969
FIRE:  260 04:52:12     -281.989807        0.000964
FIRE:  261 04:52:13     -281.989838        0.000957
FIRE:  262 04:52:13     -281.989868        0.000950
FIRE:  263 04:52:13     -281.989838        0.000943
FIRE:  264 04:52:13     -281.989838        0.000936
FIRE:  265 04:52:13     -281.989838        0.000932
FIRE:  266 04:52:13     -281.989838        0.000931
FIRE:  267 04:52:13     -281.989838        0.000930
FIRE:  268 04:52:13     -281.989838        0.000933
FIRE:  269 04:52:13     -281.989838        0.000939
FIRE:  270 04:52:14     -281.989838        0.000943
FIRE:  271 04:52:14     -281.989838        0.000943
FIRE:  272 04:52:14     -281.989838        0.000935
FIRE:  273 04:52:14     -281.989807        0.000922
FIRE:  274 04:52:14     -281.989807        0.000905
FIRE:  275 04:52:14     -281.989807        0.000897
FIRE:  276 04:52:14     -281.989807        0.000897
FIRE:  277 04:52:14     -281.989838        0.000892
FIRE:  278 04:52:14     -281.989838        0.000869
FIRE:  279 04:52:15     -281.989838        0.000841
FIRE:  280 04:52:15     -281.989807        0.000832
FIRE:  281 04:52:15     -281.989807        0.000806
FIRE:  282 04:52:15     -281.989838        0.000759
FIRE:  283 04:52:15     -281.989838        0.000756
FIRE:  284 04:52:15     -281.989838        0.001188
FIRE:  285 04:52:15     -281.989838        0.000685
FIRE:  286 04:52:15     -281.989868        0.000989
FIRE:  287 04:52:15     -281.989838        0.000766
FIRE:  288 04:52:15     -281.989838        0.000700
FIRE:  289 04:52:16     -281.989838        0.000683
FIRE:  290 04:52:16     -281.989807        0.000683
FIRE:  291 04:52:16     -281.989838        0.000684
FIRE:  292 04:52:16     -281.989838        0.000684
FIRE:  293 04:52:16     -281.989838        0.000683
FIRE:  294 04:52:16     -281.989807        0.000684
FIRE:  295 04:52:16     -281.989838        0.000686
FIRE:  296 04:52:16     -281.989868        0.000685
FIRE:  297 04:52:16     -281.989868        0.000685
FIRE:  298 04:52:17     -281.989807        0.000685
FIRE:  299 04:52:17     -281.989807        0.000684
FIRE:  300 04:52:17     -281.989807        0.000683
FIRE:  301 04:52:17     -281.989838        0.000681
FIRE:  302 04:52:17     -281.989807        0.000679
FIRE:  303 04:52:17     -281.989807        0.000676
FIRE:  304 04:52:17     -281.989807        0.000672
FIRE:  305 04:52:17     -281.989807        0.000669
FIRE:  306 04:52:17     -281.989807        0.000666
FIRE:  307 04:52:18     -281.989868        0.000663
FIRE:  308 04:52:18     -281.989838        0.000658
FIRE:  309 04:52:18     -281.989807        0.000650
FIRE:  310 04:52:18     -281.989807        0.000639
FIRE:  311 04:52:18     -281.989807        0.000630
FIRE:  312 04:52:18     -281.989838        0.000620
FIRE:  313 04:52:18     -281.989807        0.000604
FIRE:  314 04:52:18     -281.989868        0.000586
FIRE:  315 04:52:18     -281.989807        0.000565
FIRE:  316 04:52:18     -281.989807        0.000535
FIRE:  317 04:52:19     -281.989807        0.000516
FIRE:  318 04:52:19     -281.989838        0.000749
FIRE:  319 04:52:19     -281.989868        0.000469
FIRE:  320 04:52:19     -281.989868        0.000629
FIRE:  321 04:52:19     -281.989838        0.000486
FIRE:  322 04:52:19     -281.989838        0.000477
FIRE:  323 04:52:19     -281.989838        0.000465
FIRE:  324 04:52:19     -281.989838        0.000465
FIRE:  325 04:52:19     -281.989838        0.000466
FIRE:  326 04:52:20     -281.989868        0.000465
FIRE:  327 04:52:20     -281.989868        0.000466
FIRE:  328 04:52:20     -281.989868        0.000467
FIRE:  329 04:52:20     -281.989868        0.000467
FIRE:  330 04:52:20     -281.989868        0.000467
FIRE:  331 04:52:20     -281.989868        0.000466
FIRE:  332 04:52:20     -281.989868        0.000468
FIRE:  333 04:52:20     -281.989868        0.000466
FIRE:  334 04:52:20     -281.989868        0.000467
FIRE:  335 04:52:21     -281.989868        0.000464
FIRE:  336 04:52:21     -281.989838        0.000462
FIRE:  337 04:52:21     -281.989838        0.000460
FIRE:  338 04:52:21     -281.989868        0.000457
FIRE:  339 04:52:21     -281.989838        0.000455
FIRE:  340 04:52:21     -281.989868        0.000454
FIRE:  341 04:52:21     -281.989868        0.000452
FIRE:  342 04:52:21     -281.989868        0.000447
FIRE:  343 04:52:21     -281.989838        0.000442
FIRE:  344 04:52:22     -281.989838        0.000435
FIRE:  345 04:52:22     -281.989838        0.000428
FIRE:  346 04:52:22     -281.989868        0.000421
FIRE:  347 04:52:22     -281.989868        0.000409
FIRE:  348 04:52:22     -281.989838        0.000396
FIRE:  349 04:52:22     -281.989807        0.000383
FIRE:  350 04:52:22     -281.989838        0.000359
FIRE:  351 04:52:22     -281.989807        0.000350
FIRE:  352 04:52:22     -281.989868        0.000640
FIRE:  353 04:52:22     -281.989807        0.000315
FIRE:  354 04:52:23     -281.989868        0.000564
FIRE:  355 04:52:23     -281.989838        0.000428
FIRE:  356 04:52:23     -281.989838        0.000322
FIRE:  357 04:52:23     -281.989807        0.000311
FIRE:  358 04:52:23     -281.989838        0.000312
FIRE:  359 04:52:23     -281.989807        0.000312
FIRE:  360 04:52:23     -281.989807        0.000313
FIRE:  361 04:52:23     -281.989807        0.000313
FIRE:  362 04:52:23     -281.989807        0.000314
FIRE:  363 04:52:24     -281.989807        0.000314
FIRE:  364 04:52:24     -281.989807        0.000314
FIRE:  365 04:52:24     -281.989807        0.000314
FIRE:  366 04:52:24     -281.989838        0.000314
FIRE:  367 04:52:24     -281.989838        0.000314
FIRE:  368 04:52:24     -281.989807        0.000314
FIRE:  369 04:52:24     -281.989807        0.000311
FIRE:  370 04:52:24     -281.989807        0.000310
FIRE:  371 04:52:24     -281.989807        0.000309
FIRE:  372 04:52:25     -281.989807        0.000306
FIRE:  373 04:52:25     -281.989807        0.000306
FIRE:  374 04:52:25     -281.989807        0.000305
FIRE:  375 04:52:25     -281.989807        0.000304
FIRE:  376 04:52:25     -281.989838        0.000301
FIRE:  377 04:52:25     -281.989807        0.000296
FIRE:  378 04:52:25     -281.989807        0.000292
FIRE:  379 04:52:25     -281.989838        0.000288
FIRE:  380 04:52:25     -281.989838        0.000283
FIRE:  381 04:52:26     -281.989838        0.000274
FIRE:  382 04:52:26     -281.989838        0.000266
FIRE:  383 04:52:26     -281.989807        0.000257
FIRE:  384 04:52:26     -281.989838        0.000239
FIRE:  385 04:52:26     -281.989838        0.000247
FIRE:  386 04:52:26     -281.989868        0.000581
FIRE:  387 04:52:26     -281.989807        0.000211
FIRE:  388 04:52:26     -281.989838        0.000528
FIRE:  389 04:52:26     -281.989838        0.000396
FIRE:  390 04:52:26     -281.989838        0.000218
FIRE:  391 04:52:27     -281.989838        0.000207
FIRE:  392 04:52:27     -281.989838        0.000208
FIRE:  393 04:52:27     -281.989838        0.000208
FIRE:  394 04:52:27     -281.989838        0.000209
FIRE:  395 04:52:27     -281.989868        0.000209
FIRE:  396 04:52:27     -281.989807        0.000210
FIRE:  397 04:52:27     -281.989807        0.000210
FIRE:  398 04:52:27     -281.989807        0.000211
FIRE:  399 04:52:27     -281.989807        0.000212
FIRE:  400 04:52:28     -281.989807        0.000212
FIRE:  401 04:52:28     -281.989807        0.000212
FIRE:  402 04:52:28     -281.989807        0.000211
FIRE:  403 04:52:28     -281.989807        0.000211
FIRE:  404 04:52:28     -281.989807        0.000208
FIRE:  405 04:52:28     -281.989838        0.000207
FIRE:  406 04:52:28     -281.989807        0.000205
FIRE:  407 04:52:28     -281.989807        0.000204
FIRE:  408 04:52:28     -281.989807        0.000204
FIRE:  409 04:52:29     -281.989807        0.000204
FIRE:  410 04:52:29     -281.989807        0.000202
FIRE:  411 04:52:29     -281.989807        0.000199
FIRE:  412 04:52:29     -281.989838        0.000194
FIRE:  413 04:52:29     -281.989807        0.000192
FIRE:  414 04:52:29     -281.989838        0.000190
FIRE:  415 04:52:29     -281.989868        0.000182
FIRE:  416 04:52:29     -281.989838        0.000178
FIRE:  417 04:52:29     -281.989838        0.000172
FIRE:  418 04:52:29     -281.989807        0.000159
FIRE:  419 04:52:30     -281.989807        0.000225
FIRE:  420 04:52:30     -281.989838        0.000154
FIRE:  421 04:52:30     -281.989868        0.000184
FIRE:  422 04:52:30     -281.989838        0.000147
FIRE:  423 04:52:30     -281.989838        0.000150
FIRE:  424 04:52:30     -281.989838        0.000153
FIRE:  425 04:52:30     -281.989838        0.000155
FIRE:  426 04:52:30     -281.989868        0.000155
FIRE:  427 04:52:30     -281.989838        0.000155
FIRE:  428 04:52:31     -281.989838        0.000154
FIRE:  429 04:52:31     -281.989838        0.000154
FIRE:  430 04:52:31     -281.989838        0.000154
FIRE:  431 04:52:31     -281.989807        0.000153
FIRE:  432 04:52:31     -281.989807        0.000152
FIRE:  433 04:52:31     -281.989807        0.000151
FIRE:  434 04:52:31     -281.989807        0.000150
FIRE:  435 04:52:31     -281.989807        0.000150
FIRE:  436 04:52:31     -281.989838        0.000150
FIRE:  437 04:52:32     -281.989807        0.000150
FIRE:  438 04:52:32     -281.989807        0.000149
FIRE:  439 04:52:32     -281.989807        0.000151
FIRE:  440 04:52:32     -281.989838        0.000150
FIRE:  441 04:52:32     -281.989838        0.000150
FIRE:  442 04:52:32     -281.989838        0.000149
FIRE:  443 04:52:32     -281.989807        0.000147
FIRE:  444 04:52:32     -281.989807        0.000145
FIRE:  445 04:52:32     -281.989807        0.000144
FIRE:  446 04:52:32     -281.989807        0.000143
FIRE:  447 04:52:33     -281.989807        0.000142
FIRE:  448 04:52:33     -281.989838        0.000138
FIRE:  449 04:52:33     -281.989838        0.000135
FIRE:  450 04:52:33     -281.989807        0.000132
FIRE:  451 04:52:33     -281.989807        0.000127
FIRE:  452 04:52:33     -281.989807        0.000121
FIRE:  453 04:52:33     -281.989838        0.000118
FIRE:  454 04:52:33     -281.989807        0.000153
FIRE:  455 04:52:33     -281.989838        0.000384
FIRE:  456 04:52:34     -281.989868        0.000099
FIRE:  457 04:52:34     -281.989838        0.000099
FIRE:  458 04:52:34     -281.989868        0.000100
FIRE:  459 04:52:34     -281.989807        0.000100
FIRE:  460 04:52:34     -281.989807        0.000100
FIRE:  461 04:52:34     -281.989838        0.000100
FIRE:  462 04:52:34     -281.989807        0.000100
FIRE:  463 04:52:34     -281.989807        0.000099
FIRE:  464 04:52:34     -281.989807        0.000098
FIRE:  465 04:52:35     -281.989868        0.000098
FIRE:  466 04:52:35     -281.989807        0.000097
FIRE:  467 04:52:35     -281.989807        0.000096
FIRE:  468 04:52:35     -281.989838        0.000096
FIRE:  469 04:52:35     -281.989807        0.000095
FIRE:  470 04:52:35     -281.989868        0.000093
FIRE:  471 04:52:35     -281.989807        0.000092
FIRE:  472 04:52:35     -281.989838        0.000090
FIRE:  473 04:52:35     -281.989838        0.000087
FIRE:  474 04:52:35     -281.989868        0.000085
FIRE:  475 04:52:36     -281.989868        0.000081
FIRE:  476 04:52:36     -281.989807        0.000075
FIRE:  477 04:52:36     -281.989868        0.000116
FIRE:  478 04:52:36     -281.989838        0.000071
FIRE:  479 04:52:36     -281.989838        0.000106
FIRE:  480 04:52:36     -281.989868        0.000087
FIRE:  481 04:52:36     -281.989868        0.000069
FIRE:  482 04:52:36     -281.989838        0.000071
FIRE:  483 04:52:36     -281.989868        0.000071
FIRE:  484 04:52:37     -281.989838        0.000072
FIRE:  485 04:52:37     -281.989868        0.000072
FIRE:  486 04:52:37     -281.989838        0.000071
FIRE:  487 04:52:37     -281.989868        0.000071
FIRE:  488 04:52:37     -281.989868        0.000070
FIRE:  489 04:52:37     -281.989868        0.000070
FIRE:  490 04:52:37     -281.989868        0.000070
FIRE:  491 04:52:37     -281.989868        0.000070
FIRE:  492 04:52:37     -281.989838        0.000069
FIRE:  493 04:52:38     -281.989838        0.000069
FIRE:  494 04:52:38     -281.989868        0.000070
FIRE:  495 04:52:38     -281.989868        0.000070
FIRE:  496 04:52:38     -281.989807        0.000070
FIRE:  497 04:52:38     -281.989838        0.000070
FIRE:  498 04:52:38     -281.989868        0.000069
FIRE:  499 04:52:38     -281.989868        0.000068
FIRE:  500 04:52:38     -281.989838        0.000069
FIRE:  501 04:52:38     -281.989838        0.000067
FIRE:  502 04:52:38     -281.989838        0.000067
FIRE:  503 04:52:39     -281.989838        0.000067
FIRE:  504 04:52:39     -281.989868        0.000065
FIRE:  505 04:52:39     -281.989838        0.000063
FIRE:  506 04:52:39     -281.989838        0.000061
FIRE:  507 04:52:39     -281.989838        0.000060
FIRE:  508 04:52:39     -281.989838        0.000058
FIRE:  509 04:52:39     -281.989838        0.000056
FIRE:  510 04:52:39     -281.989868        0.000064
FIRE:  511 04:52:39     -281.989868        0.000158
FIRE:  512 04:52:40     -281.989838        0.000047
FIRE:  513 04:52:40     -281.989838        0.000141
FIRE:  514 04:52:40     -281.989838        0.000106
FIRE:  515 04:52:40     -281.989868        0.000046
FIRE:  516 04:52:40     -281.989838        0.000048
FIRE:  517 04:52:40     -281.989838        0.000048
FIRE:  518 04:52:40     -281.989838        0.000049
FIRE:  519 04:52:40     -281.989838        0.000048
FIRE:  520 04:52:40     -281.989838        0.000048
FIRE:  521 04:52:41     -281.989838        0.000048
FIRE:  522 04:52:41     -281.989838        0.000048
FIRE:  523 04:52:41     -281.989838        0.000047
FIRE:  524 04:52:41     -281.989838        0.000047
FIRE:  525 04:52:41     -281.989838        0.000047
FIRE:  526 04:52:41     -281.989838        0.000046
FIRE:  527 04:52:41     -281.989868        0.000047
FIRE:  528 04:52:41     -281.989838        0.000047
FIRE:  529 04:52:41     -281.989838        0.000047
FIRE:  530 04:52:42     -281.989838        0.000047
FIRE:  531 04:52:42     -281.989838        0.000047
FIRE:  532 04:52:42     -281.989838        0.000047
FIRE:  533 04:52:42     -281.989838        0.000046
FIRE:  534 04:52:42     -281.989838        0.000046
FIRE:  535 04:52:42     -281.989838        0.000044
FIRE:  536 04:52:42     -281.989838        0.000045
FIRE:  537 04:52:42     -281.989838        0.000045
FIRE:  538 04:52:42     -281.989838        0.000044
FIRE:  539 04:52:42     -281.989868        0.000042
FIRE:  540 04:52:43     -281.989838        0.000041
FIRE:  541 04:52:43     -281.989838        0.000042
FIRE:  542 04:52:43     -281.989838        0.000038
FIRE:  543 04:52:43     -281.989838        0.000037
FIRE:  544 04:52:43     -281.989838        0.000041
FIRE:  545 04:52:43     -281.989868        0.000113
FIRE:  546 04:52:43     -281.989838        0.000033
FIRE:  547 04:52:43     -281.989838        0.000033
FIRE:  548 04:52:43     -281.989838        0.000033
FIRE:  549 04:52:44     -281.989838        0.000033
FIRE:  550 04:52:44     -281.989838        0.000033
FIRE:  551 04:52:44     -281.989838        0.000033
FIRE:  552 04:52:44     -281.989838        0.000033
FIRE:  553 04:52:44     -281.989838        0.000033
FIRE:  554 04:52:44     -281.989838        0.000032
FIRE:  555 04:52:44     -281.989838        0.000031
FIRE:  556 04:52:44     -281.989838        0.000032
FIRE:  557 04:52:44     -281.989838        0.000031
FIRE:  558 04:52:45     -281.989838        0.000031
FIRE:  559 04:52:45     -281.989838        0.000031
FIRE:  560 04:52:45     -281.989838        0.000030
FIRE:  561 04:52:45     -281.989868        0.000030
FIRE:  562 04:52:45     -281.989868        0.000029
FIRE:  563 04:52:45     -281.989838        0.000028
FIRE:  564 04:52:45     -281.989838        0.000028
FIRE:  565 04:52:45     -281.989838        0.000028
FIRE:  566 04:52:45     -281.989838        0.000038
FIRE:  567 04:52:45     -281.989838        0.000025
FIRE:  568 04:52:46     -281.989838        0.000027
FIRE:  569 04:52:46     -281.989838        0.000026
FIRE:  570 04:52:46     -281.989838        0.000026
FIRE:  571 04:52:46     -281.989838        0.000026
FIRE:  572 04:52:46     -281.989838        0.000025
FIRE:  573 04:52:46     -281.989838        0.000025
FIRE:  574 04:52:46     -281.989838        0.000025
FIRE:  575 04:52:46     -281.989838        0.000025
FIRE:  576 04:52:46     -281.989838        0.000025
FIRE:  577 04:52:47     -281.989838        0.000026
FIRE:  578 04:52:47     -281.989838        0.000026
FIRE:  579 04:52:47     -281.989838        0.000026
FIRE:  580 04:52:47     -281.989838        0.000026
FIRE:  581 04:52:47     -281.989838        0.000026
FIRE:  582 04:52:47     -281.989838        0.000026
FIRE:  583 04:52:47     -281.989838        0.000025
FIRE:  584 04:52:47     -281.989838        0.000025
FIRE:  585 04:52:47     -281.989838        0.000025
FIRE:  586 04:52:48     -281.989838        0.000025
FIRE:  587 04:52:48     -281.989838        0.000026
FIRE:  588 04:52:48     -281.989868        0.000025
FIRE:  589 04:52:48     -281.989838        0.000025
FIRE:  590 04:52:48     -281.989838        0.000025
FIRE:  591 04:52:48     -281.989838        0.000025
FIRE:  592 04:52:48     -281.989838        0.000024
FIRE:  593 04:52:48     -281.989838        0.000025
FIRE:  594 04:52:48     -281.989838        0.000024
FIRE:  595 04:52:49     -281.989838        0.000023
FIRE:  596 04:52:49     -281.989838        0.000024
FIRE:  597 04:52:49     -281.989838        0.000022
FIRE:  598 04:52:49     -281.989838        0.000021
FIRE:  599 04:52:49     -281.989838        0.000021
FIRE:  600 04:52:49     -281.989838        0.000020
FIRE:  601 04:52:49     -281.989807        0.000018
FIRE:  602 04:52:49     -281.989838        0.000037
FIRE:  603 04:52:49     -281.989838        0.000018
FIRE:  604 04:52:49     -281.989868        0.000037
FIRE:  605 04:52:50     -281.989807        0.000026
FIRE:  606 04:52:50     -281.989838        0.000017
FIRE:  607 04:52:50     -281.989807        0.000017
FIRE:  608 04:52:50     -281.989807        0.000017
FIRE:  609 04:52:50     -281.989807        0.000017
FIRE:  610 04:52:50     -281.989838        0.000017
FIRE:  611 04:52:50     -281.989838        0.000017
FIRE:  612 04:52:50     -281.989838        0.000017
FIRE:  613 04:52:50     -281.989838        0.000017
FIRE:  614 04:52:51     -281.989838        0.000017
FIRE:  615 04:52:51     -281.989838        0.000017
FIRE:  616 04:52:51     -281.989838        0.000017
FIRE:  617 04:52:51     -281.989838        0.000017
FIRE:  618 04:52:51     -281.989838        0.000017
FIRE:  619 04:52:51     -281.989838        0.000017
FIRE:  620 04:52:51     -281.989838        0.000017
FIRE:  621 04:52:51     -281.989838        0.000017
FIRE:  622 04:52:51     -281.989838        0.000017
FIRE:  623 04:52:52     -281.989838        0.000017
FIRE:  624 04:52:52     -281.989838        0.000016
FIRE:  625 04:52:52     -281.989838        0.000017
FIRE:  626 04:52:52     -281.989838        0.000017
FIRE:  627 04:52:52     -281.989838        0.000017
FIRE:  628 04:52:52     -281.989838        0.000016
FIRE:  629 04:52:52     -281.989838        0.000016
FIRE:  630 04:52:52     -281.989838        0.000016
FIRE:  631 04:52:52     -281.989868        0.000015
FIRE:  632 04:52:53     -281.989838        0.000015
FIRE:  633 04:52:53     -281.989838        0.000015
FIRE:  634 04:52:53     -281.989838        0.000014
FIRE:  635 04:52:53     -281.989838        0.000012
FIRE:  636 04:52:53     -281.989838        0.000012
FIRE:  637 04:52:53     -281.989838        0.000049
FIRE:  638 04:52:53     -281.989807        0.000014
FIRE:  639 04:52:53     -281.989838        0.000011
FIRE:  640 04:52:53     -281.989868        0.000011
FIRE:  641 04:52:53     -281.989868        0.000011
FIRE:  642 04:52:54     -281.989868        0.000011
FIRE:  643 04:52:54     -281.989868        0.000011
FIRE:  644 04:52:54     -281.989868        0.000011
FIRE:  645 04:52:54     -281.989868        0.000011
FIRE:  646 04:52:54     -281.989868        0.000011
FIRE:  647 04:52:54     -281.989868        0.000011
FIRE:  648 04:52:54     -281.989868        0.000011
FIRE:  649 04:52:54     -281.989868        0.000011
FIRE:  650 04:52:54     -281.989838        0.000011
FIRE:  651 04:52:55     -281.989838        0.000011
FIRE:  652 04:52:55     -281.989838        0.000011
FIRE:  653 04:52:55     -281.989868        0.000011
FIRE:  654 04:52:55     -281.989868        0.000011
FIRE:  655 04:52:55     -281.989868        0.000011
FIRE:  656 04:52:55     -281.989868        0.000011
FIRE:  657 04:52:55     -281.989868        0.000011
FIRE:  658 04:52:55     -281.989838        0.000011
FIRE:  659 04:52:55     -281.989868        0.000011
FIRE:  660 04:52:56     -281.989838        0.000010
FIRE:  661 04:52:56     -281.989868        0.000010
FIRE:  662 04:52:56     -281.989868        0.000011
FIRE:  663 04:52:56     -281.989868        0.000010
FIRE:  664 04:52:56     -281.989838        0.000011
FIRE:  665 04:52:56     -281.989868        0.000010
FIRE:  666 04:52:56     -281.989838        0.000010
FIRE:  667 04:52:56     -281.989868        0.000010
FIRE:  668 04:52:56     -281.989838        0.000010
FIRE:  669 04:52:56     -281.989838        0.000010
FIRE:  670 04:52:57     -281.989868        0.000011
FIRE:  671 04:52:57     -281.989868        0.000010
FIRE:  672 04:52:57     -281.989868        0.000010
FIRE:  673 04:52:57     -281.989868        0.000010
FIRE:  674 04:52:57     -281.989838        0.000009
FIRE:  675 04:52:57     -281.989868        0.000010
FIRE:  676 04:52:57     -281.989868        0.000010
FIRE:  677 04:52:57     -281.989838        0.000010
FIRE:  678 04:52:57     -281.989868        0.000009
FIRE:  679 04:52:58     -281.989868        0.000009
FIRE:  680 04:52:58     -281.989838        0.000011
FIRE:  681 04:52:58     -281.989807        0.000015
FIRE:  682 04:52:58     -281.989807        0.000008
FIRE:  683 04:52:58     -281.989807        0.000009
FIRE:  684 04:52:58     -281.989838        0.000009
FIRE:  685 04:52:58     -281.989868        0.000009
FIRE:  686 04:52:58     -281.989868        0.000009
FIRE:  687 04:52:58     -281.989807        0.000009
FIRE:  688 04:52:59     -281.989838        0.000008
FIRE:  689 04:52:59     -281.989868        0.000009
FIRE:  690 04:52:59     -281.989868        0.000009
FIRE:  691 04:52:59     -281.989807        0.000009
FIRE:  692 04:52:59     -281.989838        0.000009
FIRE:  693 04:52:59     -281.989838        0.000008
FIRE:  694 04:52:59     -281.989838        0.000008
FIRE:  695 04:52:59     -281.989807        0.000008
FIRE:  696 04:52:59     -281.989807        0.000008
FIRE:  697 04:53:00     -281.989838        0.000008
FIRE:  698 04:53:00     -281.989807        0.000008
FIRE:  699 04:53:00     -281.989838        0.000008
FIRE:  700 04:53:00     -281.989868        0.000008
FIRE:  701 04:53:00     -281.989838        0.000008
FIRE:  702 04:53:00     -281.989868        0.000008
FIRE:  703 04:53:00     -281.989868        0.000008
FIRE:  704 04:53:00     -281.989868        0.000008
FIRE:  705 04:53:00     -281.989868        0.000008
FIRE:  706 04:53:00     -281.989868        0.000009
FIRE:  707 04:53:01     -281.989868        0.000009
FIRE:  708 04:53:01     -281.989838        0.000008
FIRE:  709 04:53:01     -281.989838        0.000008
FIRE:  710 04:53:01     -281.989838        0.000008
FIRE:  711 04:53:01     -281.989868        0.000009
FIRE:  712 04:53:01     -281.989868        0.000007
FIRE:  713 04:53:01     -281.989838        0.000008
FIRE:  714 04:53:01     -281.989838        0.000008
FIRE:  715 04:53:01     -281.989868        0.000012
FIRE:  716 04:53:02     -281.989838        0.000007
FIRE:  717 04:53:02     -281.989838        0.000007
FIRE:  718 04:53:02     -281.989868        0.000008
FIRE:  719 04:53:02     -281.989838        0.000008
FIRE:  720 04:53:02     -281.989868        0.000008
FIRE:  721 04:53:02     -281.989838        0.000007
FIRE:  722 04:53:02     -281.989838        0.000007
FIRE:  723 04:53:02     -281.989838        0.000007
FIRE:  724 04:53:02     -281.989838        0.000007
FIRE:  725 04:53:03     -281.989838        0.000007
FIRE:  726 04:53:03     -281.989838        0.000007
FIRE:  727 04:53:03     -281.989868        0.000007
FIRE:  728 04:53:03     -281.989838        0.000007
FIRE:  729 04:53:03     -281.989838        0.000007
FIRE:  730 04:53:03     -281.989838        0.000007
FIRE:  731 04:53:03     -281.989838        0.000007
FIRE:  732 04:53:03     -281.989868        0.000007
FIRE:  733 04:53:03     -281.989868        0.000007
FIRE:  734 04:53:03     -281.989838        0.000007
FIRE:  735 04:53:04     -281.989838        0.000007
FIRE:  736 04:53:04     -281.989868        0.000007
FIRE:  737 04:53:04     -281.989868        0.000007
FIRE:  738 04:53:04     -281.989838        0.000007
FIRE:  739 04:53:04     -281.989838        0.000007
FIRE:  740 04:53:04     -281.989838        0.000007
FIRE:  741 04:53:04     -281.989838        0.000007
FIRE:  742 04:53:04     -281.989838        0.000007
FIRE:  743 04:53:04     -281.989838        0.000007
FIRE:  744 04:53:05     -281.989838        0.000007
FIRE:  745 04:53:05     -281.989838        0.000007
FIRE:  746 04:53:05     -281.989838        0.000007
FIRE:  747 04:53:05     -281.989838        0.000007
FIRE:  748 04:53:05     -281.989838        0.000007
FIRE:  749 04:53:05     -281.989838        0.000007
FIRE:  750 04:53:05     -281.989838        0.000007
FIRE:  751 04:53:05     -281.989868        0.000007
FIRE:  752 04:53:05     -281.989838        0.000007
FIRE:  753 04:53:06     -281.989868        0.000007
FIRE:  754 04:53:06     -281.989838        0.000006
FIRE:  755 04:53:06     -281.989868        0.000008
FIRE:  756 04:53:06     -281.989868        0.000007
FIRE:  757 04:53:06     -281.989838        0.000007
FIRE:  758 04:53:06     -281.989868        0.000007
FIRE:  759 04:53:06     -281.989868        0.000007
FIRE:  760 04:53:06     -281.989868        0.000007
FIRE:  761 04:53:06     -281.989868        0.000008
FIRE:  762 04:53:07     -281.989838        0.000006
FIRE:  763 04:53:07     -281.989868        0.000006
FIRE:  764 04:53:07     -281.989868        0.000006
FIRE:  765 04:53:07     -281.989838        0.000007
FIRE:  766 04:53:07     -281.989868        0.000006
FIRE:  767 04:53:07     -281.989868        0.000006
FIRE:  768 04:53:07     -281.989868        0.000006
FIRE:  769 04:53:07     -281.989868        0.000006
FIRE:  770 04:53:07     -281.989868        0.000006
FIRE:  771 04:53:07     -281.989868        0.000007
FIRE:  772 04:53:08     -281.989868        0.000007
FIRE:  773 04:53:08     -281.989868        0.000006
FIRE:  774 04:53:08     -281.989868        0.000006
FIRE:  775 04:53:08     -281.989838        0.000006
FIRE:  776 04:53:08     -281.989868        0.000006
FIRE:  777 04:53:08     -281.989868        0.000006
FIRE:  778 04:53:08     -281.989868        0.000006
FIRE:  779 04:53:08     -281.989868        0.000006
FIRE:  780 04:53:08     -281.989868        0.000006
FIRE:  781 04:53:09     -281.989868        0.000006
FIRE:  782 04:53:09     -281.989868        0.000006
FIRE:  783 04:53:09     -281.989868        0.000006
FIRE:  784 04:53:09     -281.989868        0.000006
FIRE:  785 04:53:09     -281.989868        0.000006
FIRE:  786 04:53:09     -281.989868        0.000006
FIRE:  787 04:53:09     -281.989868        0.000006
FIRE:  788 04:53:09     -281.989868        0.000006
FIRE:  789 04:53:09     -281.989868        0.000006
FIRE:  790 04:53:10     -281.989868        0.000008
FIRE:  791 04:53:10     -281.989868        0.000006
FIRE:  792 04:53:10     -281.989868        0.000006
FIRE:  793 04:53:10     -281.989868        0.000006
FIRE:  794 04:53:10     -281.989868        0.000006
FIRE:  795 04:53:10     -281.989868        0.000006
FIRE:  796 04:53:10     -281.989868        0.000006
FIRE:  797 04:53:10     -281.989838        0.000007
FIRE:  798 04:53:10     -281.989868        0.000006
FIRE:  799 04:53:11     -281.989868        0.000006
FIRE:  800 04:53:11     -281.989868        0.000006
FIRE:  801 04:53:11     -281.989868        0.000006
FIRE:  802 04:53:11     -281.989868        0.000006
FIRE:  803 04:53:11     -281.989868        0.000006
FIRE:  804 04:53:11     -281.989868        0.000006
FIRE:  805 04:53:11     -281.989868        0.000006
FIRE:  806 04:53:11     -281.989868        0.000006
FIRE:  807 04:53:11     -281.989868        0.000006
FIRE:  808 04:53:11     -281.989868        0.000006
FIRE:  809 04:53:12     -281.989868        0.000007
FIRE:  810 04:53:12     -281.989868        0.000006
FIRE:  811 04:53:12     -281.989868        0.000006
FIRE:  812 04:53:12     -281.989868        0.000006
FIRE:  813 04:53:12     -281.989838        0.000006
FIRE:  814 04:53:12     -281.989868        0.000007
FIRE:  815 04:53:12     -281.989868        0.000007
FIRE:  816 04:53:12     -281.989868        0.000006
FIRE:  817 04:53:12     -281.989868        0.000006
FIRE:  818 04:53:13     -281.989868        0.000006
FIRE:  819 04:53:13     -281.989868        0.000006
FIRE:  820 04:53:13     -281.989868        0.000006
FIRE:  821 04:53:13     -281.989868        0.000006
FIRE:  822 04:53:13     -281.989868        0.000006
FIRE:  823 04:53:13     -281.989868        0.000006
FIRE:  824 04:53:13     -281.989868        0.000006
FIRE:  825 04:53:13     -281.989868        0.000006
FIRE:  826 04:53:13     -281.989868        0.000006
FIRE:  827 04:53:14     -281.989868        0.000006
FIRE:  828 04:53:14     -281.989868        0.000006
FIRE:  829 04:53:14     -281.989868        0.000006
FIRE:  830 04:53:14     -281.989868        0.000007
FIRE:  831 04:53:14     -281.989868        0.000007
FIRE:  832 04:53:14     -281.989868        0.000007
FIRE:  833 04:53:14     -281.989868        0.000007
FIRE:  834 04:53:14     -281.989868        0.000007
FIRE:  835 04:53:14     -281.989868        0.000006
FIRE:  836 04:53:15     -281.989868        0.000007
FIRE:  837 04:53:15     -281.989868        0.000007
FIRE:  838 04:53:15     -281.989868        0.000007
FIRE:  839 04:53:15     -281.989868        0.000007
FIRE:  840 04:53:15     -281.989868        0.000007
FIRE:  841 04:53:15     -281.989868        0.000007
FIRE:  842 04:53:15     -281.989868        0.000007
FIRE:  843 04:53:15     -281.989868        0.000007
FIRE:  844 04:53:15     -281.989868        0.000007
FIRE:  845 04:53:15     -281.989868        0.000007
FIRE:  846 04:53:16     -281.989838        0.000006
FIRE:  847 04:53:16     -281.989868        0.000007
FIRE:  848 04:53:16     -281.989868        0.000007
FIRE:  849 04:53:16     -281.989868        0.000007
FIRE:  850 04:53:16     -281.989868        0.000007
FIRE:  851 04:53:16     -281.989868        0.000007
FIRE:  852 04:53:16     -281.989868        0.000007
FIRE:  853 04:53:16     -281.989868        0.000007
FIRE:  854 04:53:16     -281.989868        0.000007
FIRE:  855 04:53:17     -281.989868        0.000007
FIRE:  856 04:53:17     -281.989868        0.000006
FIRE:  857 04:53:17     -281.989868        0.000006
FIRE:  858 04:53:17     -281.989868        0.000007
FIRE:  859 04:53:17     -281.989868        0.000007
FIRE:  860 04:53:17     -281.989868        0.000007
FIRE:  861 04:53:17     -281.989868        0.000007
FIRE:  862 04:53:17     -281.989868        0.000007
FIRE:  863 04:53:17     -281.989868        0.000007
FIRE:  864 04:53:18     -281.989868        0.000007
FIRE:  865 04:53:18     -281.989868        0.000007
FIRE:  866 04:53:18     -281.989868        0.000007
FIRE:  867 04:53:18     -281.989868        0.000007
FIRE:  868 04:53:18     -281.989868        0.000007
FIRE:  869 04:53:18     -281.989868        0.000007
FIRE:  870 04:53:18     -281.989838        0.000007
FIRE:  871 04:53:18     -281.989868        0.000007
FIRE:  872 04:53:18     -281.989868        0.000007
FIRE:  873 04:53:19     -281.989868        0.000007
FIRE:  874 04:53:19     -281.989868        0.000007
FIRE:  875 04:53:19     -281.989868        0.000007
FIRE:  876 04:53:19     -281.989868        0.000007
FIRE:  877 04:53:19     -281.989868        0.000007
FIRE:  878 04:53:19     -281.989868        0.000007
FIRE:  879 04:53:19     -281.989838        0.000007
FIRE:  880 04:53:19     -281.989868        0.000006
FIRE:  881 04:53:19     -281.989868        0.000007
FIRE:  882 04:53:19     -281.989868        0.000007
FIRE:  883 04:53:20     -281.989868        0.000007
FIRE:  884 04:53:20     -281.989868        0.000007
FIRE:  885 04:53:20     -281.989868        0.000007
FIRE:  886 04:53:20     -281.989868        0.000007
FIRE:  887 04:53:20     -281.989868        0.000007
FIRE:  888 04:53:20     -281.989868        0.000007
FIRE:  889 04:53:20     -281.989868        0.000007
FIRE:  890 04:53:20     -281.989868        0.000007
FIRE:  891 04:53:20     -281.989868        0.000007
FIRE:  892 04:53:21     -281.989868        0.000007
FIRE:  893 04:53:21     -281.989868        0.000007
FIRE:  894 04:53:21     -281.989868        0.000007
FIRE:  895 04:53:21     -281.989868        0.000007
FIRE:  896 04:53:21     -281.989868        0.000007
FIRE:  897 04:53:21     -281.989868        0.000007
FIRE:  898 04:53:21     -281.989868        0.000007
FIRE:  899 04:53:21     -281.989868        0.000007
FIRE:  900 04:53:21     -281.989868        0.000007
FIRE:  901 04:53:22     -281.989838        0.000006
FIRE:  902 04:53:22     -281.989868        0.000007
FIRE:  903 04:53:22     -281.989868        0.000007
FIRE:  904 04:53:22     -281.989868        0.000007
FIRE:  905 04:53:22     -281.989868        0.000007
FIRE:  906 04:53:22     -281.989868        0.000007
FIRE:  907 04:53:22     -281.989838        0.000007
FIRE:  908 04:53:22     -281.989868        0.000007
FIRE:  909 04:53:22     -281.989868        0.000007
FIRE:  910 04:53:23     -281.989868        0.000007
FIRE:  911 04:53:23     -281.989868        0.000007
FIRE:  912 04:53:23     -281.989868        0.000007
FIRE:  913 04:53:23     -281.989868        0.000007
FIRE:  914 04:53:23     -281.989868        0.000007
FIRE:  915 04:53:23     -281.989868        0.000007
FIRE:  916 04:53:23     -281.989868        0.000007
FIRE:  917 04:53:23     -281.989868        0.000007
FIRE:  918 04:53:23     -281.989868        0.000007
FIRE:  919 04:53:23     -281.989868        0.000007
FIRE:  920 04:53:24     -281.989868        0.000007
FIRE:  921 04:53:24     -281.989868        0.000007
FIRE:  922 04:53:24     -281.989868        0.000007
FIRE:  923 04:53:24     -281.989868        0.000007
FIRE:  924 04:53:24     -281.989868        0.000006
FIRE:  925 04:53:24     -281.989868        0.000007
FIRE:  926 04:53:24     -281.989868        0.000007
FIRE:  927 04:53:24     -281.989868        0.000007
FIRE:  928 04:53:24     -281.989868        0.000007
FIRE:  929 04:53:25     -281.989868        0.000007
FIRE:  930 04:53:25     -281.989868        0.000007
FIRE:  931 04:53:25     -281.989868        0.000007
FIRE:  932 04:53:25     -281.989868        0.000007
FIRE:  933 04:53:25     -281.989868        0.000007
FIRE:  934 04:53:25     -281.989868        0.000007
FIRE:  935 04:53:25     -281.989868        0.000007
FIRE:  936 04:53:25     -281.989868        0.000007
FIRE:  937 04:53:25     -281.989868        0.000007
FIRE:  938 04:53:26     -281.989868        0.000007
FIRE:  939 04:53:26     -281.989868        0.000007
FIRE:  940 04:53:26     -281.989868        0.000007
FIRE:  941 04:53:26     -281.989868        0.000007
FIRE:  942 04:53:26     -281.989868        0.000007
FIRE:  943 04:53:26     -281.989868        0.000007
FIRE:  944 04:53:26     -281.989868        0.000007
FIRE:  945 04:53:26     -281.989868        0.000007
FIRE:  946 04:53:26     -281.989868        0.000007
FIRE:  947 04:53:27     -281.989868        0.000006
FIRE:  948 04:53:27     -281.989868        0.000007
FIRE:  949 04:53:27     -281.989868        0.000007
FIRE:  950 04:53:27     -281.989868        0.000007
FIRE:  951 04:53:27     -281.989868        0.000007
FIRE:  952 04:53:27     -281.989868        0.000007
FIRE:  953 04:53:27     -281.989868        0.000007
FIRE:  954 04:53:27     -281.989868        0.000007
FIRE:  955 04:53:27     -281.989868        0.000007
FIRE:  956 04:53:28     -281.989868        0.000007
FIRE:  957 04:53:28     -281.989868        0.000007
FIRE:  958 04:53:28     -281.989868        0.000007
FIRE:  959 04:53:28     -281.989868        0.000007
FIRE:  960 04:53:28     -281.989868        0.000007
FIRE:  961 04:53:28     -281.989868        0.000007
FIRE:  962 04:53:28     -281.989868        0.000007
FIRE:  963 04:53:28     -281.989868        0.000007
FIRE:  964 04:53:28     -281.989868        0.000007
FIRE:  965 04:53:28     -281.989868        0.000007
FIRE:  966 04:53:29     -281.989868        0.000007
FIRE:  967 04:53:29     -281.989868        0.000007
FIRE:  968 04:53:29     -281.989868        0.000007
FIRE:  969 04:53:29     -281.989868        0.000007
FIRE:  970 04:53:29     -281.989838        0.000007
FIRE:  971 04:53:29     -281.989868        0.000007
FIRE:  972 04:53:29     -281.989868        0.000007
FIRE:  973 04:53:29     -281.989868        0.000007
FIRE:  974 04:53:29     -281.989868        0.000007
FIRE:  975 04:53:30     -281.989868        0.000007
FIRE:  976 04:53:30     -281.989868        0.000007
FIRE:  977 04:53:30     -281.989868        0.000007
FIRE:  978 04:53:30     -281.989868        0.000007
FIRE:  979 04:53:30     -281.989868        0.000007
FIRE:  980 04:53:30     -281.989868        0.000007
FIRE:  981 04:53:30     -281.989868        0.000007
FIRE:  982 04:53:30     -281.989868        0.000007
FIRE:  983 04:53:30     -281.989868        0.000007
FIRE:  984 04:53:31     -281.989868        0.000007
FIRE:  985 04:53:31     -281.989868        0.000007
FIRE:  986 04:53:31     -281.989868        0.000007
FIRE:  987 04:53:31     -281.989868        0.000007
FIRE:  988 04:53:31     -281.989838        0.000007
FIRE:  989 04:53:31     -281.989868        0.000007
FIRE:  990 04:53:31     -281.989868        0.000007
FIRE:  991 04:53:31     -281.989868        0.000007
FIRE:  992 04:53:31     -281.989868        0.000007
FIRE:  993 04:53:32     -281.989868        0.000007
FIRE:  994 04:53:32     -281.989868        0.000007
FIRE:  995 04:53:32     -281.989868        0.000007
FIRE:  996 04:53:32     -281.989868        0.000007
FIRE:  997 04:53:32     -281.989868        0.000007
FIRE:  998 04:53:32     -281.989868        0.000007
FIRE:  999 04:53:32     -281.989868        0.000007
FIRE:  1000 04:53:32     -281.989868        0.000007
FIRE:  1001 04:53:32     -281.989868        0.000007
FIRE:  1002 04:53:32     -281.989868        0.000007
FIRE:  1003 04:53:33     -281.989868        0.000007
FIRE:  1004 04:53:33     -281.989868        0.000007
FIRE:  1005 04:53:33     -281.989868        0.000007
FIRE:  1006 04:53:33     -281.989868        0.000007
FIRE:  1007 04:53:33     -281.989868        0.000007
FIRE:  1008 04:53:33     -281.989868        0.000007
FIRE:  1009 04:53:33     -281.989868        0.000007
FIRE:  1010 04:53:33     -281.989868        0.000007
FIRE:  1011 04:53:33     -281.989868        0.000007
FIRE:  1012 04:53:34     -281.989868        0.000007
FIRE:  1013 04:53:34     -281.989868        0.000007
FIRE:  1014 04:53:34     -281.989868        0.000007
FIRE:  1015 04:53:34     -281.989868        0.000007
FIRE:  1016 04:53:34     -281.989868        0.000007
FIRE:  1017 04:53:34     -281.989868        0.000007
FIRE:  1018 04:53:34     -281.989838        0.000007
FIRE:  1019 04:53:34     -281.989868        0.000007
FIRE:  1020 04:53:34     -281.989868        0.000007
FIRE:  1021 04:53:35     -281.989868        0.000007
FIRE:  1022 04:53:35     -281.989868        0.000007
FIRE:  1023 04:53:35     -281.989868        0.000007
FIRE:  1024 04:53:35     -281.989868        0.000007
FIRE:  1025 04:53:35     -281.989868        0.000007
FIRE:  1026 04:53:35     -281.989868        0.000007
FIRE:  1027 04:53:35     -281.989868        0.000007
FIRE:  1028 04:53:35     -281.989868        0.000007
FIRE:  1029 04:53:35     -281.989868        0.000007
FIRE:  1030 04:53:36     -281.989868        0.000007
FIRE:  1031 04:53:36     -281.989868        0.000007
FIRE:  1032 04:53:36     -281.989868        0.000007
FIRE:  1033 04:53:36     -281.989868        0.000007
FIRE:  1034 04:53:36     -281.989868        0.000007
FIRE:  1035 04:53:36     -281.989868        0.000007
FIRE:  1036 04:53:36     -281.989868        0.000007
FIRE:  1037 04:53:36     -281.989868        0.000007
FIRE:  1038 04:53:36     -281.989868        0.000007
FIRE:  1039 04:53:37     -281.989868        0.000007
FIRE:  1040 04:53:37     -281.989868        0.000007
FIRE:  1041 04:53:37     -281.989868        0.000006
FIRE:  1042 04:53:37     -281.989868        0.000006
FIRE:  1043 04:53:37     -281.989868        0.000007
FIRE:  1044 04:53:37     -281.989868        0.000007
FIRE:  1045 04:53:37     -281.989868        0.000007
FIRE:  1046 04:53:37     -281.989868        0.000007
FIRE:  1047 04:53:37     -281.989868        0.000007
FIRE:  1048 04:53:37     -281.989868        0.000007
FIRE:  1049 04:53:38     -281.989868        0.000007
FIRE:  1050 04:53:38     -281.989868        0.000007
FIRE:  1051 04:53:38     -281.989868        0.000007
FIRE:  1052 04:53:38     -281.989868        0.000007
FIRE:  1053 04:53:38     -281.989868        0.000007
FIRE:  1054 04:53:38     -281.989868        0.000007
FIRE:  1055 04:53:38     -281.989868        0.000007
FIRE:  1056 04:53:38     -281.989868        0.000007
FIRE:  1057 04:53:38     -281.989868        0.000007
FIRE:  1058 04:53:39     -281.989868        0.000007
FIRE:  1059 04:53:39     -281.989868        0.000007
FIRE:  1060 04:53:39     -281.989868        0.000007
FIRE:  1061 04:53:39     -281.989868        0.000007
FIRE:  1062 04:53:39     -281.989868        0.000007
FIRE:  1063 04:53:39     -281.989868        0.000007
FIRE:  1064 04:53:39     -281.989868        0.000006
FIRE:  1065 04:53:39     -281.989868        0.000006
FIRE:  1066 04:53:39     -281.989868        0.000007
FIRE:  1067 04:53:40     -281.989868        0.000007
FIRE:  1068 04:53:40     -281.989868        0.000007
FIRE:  1069 04:53:40     -281.989868        0.000007
FIRE:  1070 04:53:40     -281.989868        0.000007
FIRE:  1071 04:53:40     -281.989868        0.000007
FIRE:  1072 04:53:40     -281.989868        0.000007
FIRE:  1073 04:53:40     -281.989868        0.000007
FIRE:  1074 04:53:40     -281.989868        0.000007
FIRE:  1075 04:53:40     -281.989868        0.000007
FIRE:  1076 04:53:41     -281.989868        0.000007
FIRE:  1077 04:53:41     -281.989868        0.000007
FIRE:  1078 04:53:41     -281.989868        0.000007
FIRE:  1079 04:53:41     -281.989868        0.000007
FIRE:  1080 04:53:41     -281.989868        0.000007
FIRE:  1081 04:53:41     -281.989868        0.000007
FIRE:  1082 04:53:41     -281.989868        0.000007
FIRE:  1083 04:53:41     -281.989868        0.000007
FIRE:  1084 04:53:41     -281.989868        0.000007
FIRE:  1085 04:53:41     -281.989868        0.000007
FIRE:  1086 04:53:42     -281.989868        0.000007
FIRE:  1087 04:53:42     -281.989868        0.000006
FIRE:  1088 04:53:42     -281.989868        0.000007
FIRE:  1089 04:53:42     -281.989868        0.000007
FIRE:  1090 04:53:42     -281.989868        0.000007
FIRE:  1091 04:53:42     -281.989868        0.000007
FIRE:  1092 04:53:42     -281.989868        0.000007
FIRE:  1093 04:53:42     -281.989868        0.000007
FIRE:  1094 04:53:42     -281.989868        0.000007
FIRE:  1095 04:53:43     -281.989868        0.000007
FIRE:  1096 04:53:43     -281.989868        0.000007
FIRE:  1097 04:53:43     -281.989868        0.000007
FIRE:  1098 04:53:43     -281.989868        0.000007
FIRE:  1099 04:53:43     -281.989868        0.000007
FIRE:  1100 04:53:43     -281.989868        0.000007
FIRE:  1101 04:53:43     -281.989868        0.000007
FIRE:  1102 04:53:43     -281.989868        0.000007
FIRE:  1103 04:53:43     -281.989868        0.000007
FIRE:  1104 04:53:44     -281.989868        0.000007
FIRE:  1105 04:53:44     -281.989868        0.000007
FIRE:  1106 04:53:44     -281.989868        0.000007
FIRE:  1107 04:53:44     -281.989868        0.000007
FIRE:  1108 04:53:44     -281.989868        0.000007
FIRE:  1109 04:53:44     -281.989868        0.000007
FIRE:  1110 04:53:44     -281.989868        0.000007
FIRE:  1111 04:53:44     -281.989868        0.000006
FIRE:  1112 04:53:44     -281.989838        0.000006
FIRE:  1113 04:53:45     -281.989868        0.000007
FIRE:  1114 04:53:45     -281.989868        0.000007
FIRE:  1115 04:53:45     -281.989868        0.000007
FIRE:  1116 04:53:45     -281.989868        0.000007
FIRE:  1117 04:53:45     -281.989868        0.000007
FIRE:  1118 04:53:45     -281.989868        0.000007
FIRE:  1119 04:53:45     -281.989868        0.000007
FIRE:  1120 04:53:45     -281.989868        0.000007
FIRE:  1121 04:53:45     -281.989868        0.000007
FIRE:  1122 04:53:46     -281.989868        0.000007
FIRE:  1123 04:53:46     -281.989868        0.000007
FIRE:  1124 04:53:46     -281.989868        0.000007
FIRE:  1125 04:53:46     -281.989868        0.000007
FIRE:  1126 04:53:46     -281.989868        0.000007
FIRE:  1127 04:53:46     -281.989868        0.000007
FIRE:  1128 04:53:46     -281.989868        0.000007
FIRE:  1129 04:53:46     -281.989868        0.000007
FIRE:  1130 04:53:46     -281.989868        0.000007
FIRE:  1131 04:53:46     -281.989868        0.000007
FIRE:  1132 04:53:47     -281.989868        0.000007
FIRE:  1133 04:53:47     -281.989868        0.000007
FIRE:  1134 04:53:47     -281.989838        0.000007
FIRE:  1135 04:53:47     -281.989868        0.000006
FIRE:  1136 04:53:47     -281.989868        0.000007
FIRE:  1137 04:53:47     -281.989868        0.000007
FIRE:  1138 04:53:47     -281.989868        0.000007
FIRE:  1139 04:53:47     -281.989868        0.000007
FIRE:  1140 04:53:47     -281.989868        0.000007
FIRE:  1141 04:53:48     -281.989868        0.000007
FIRE:  1142 04:53:48     -281.989868        0.000007
FIRE:  1143 04:53:48     -281.989868        0.000007
FIRE:  1144 04:53:48     -281.989868        0.000007
FIRE:  1145 04:53:48     -281.989868        0.000007
FIRE:  1146 04:53:48     -281.989868        0.000007
FIRE:  1147 04:53:48     -281.989868        0.000007
FIRE:  1148 04:53:48     -281.989868        0.000007
FIRE:  1149 04:53:48     -281.989868        0.000007
FIRE:  1150 04:53:49     -281.989868        0.000007
FIRE:  1151 04:53:49     -281.989868        0.000007
FIRE:  1152 04:53:49     -281.989868        0.000007
FIRE:  1153 04:53:49     -281.989868        0.000007
FIRE:  1154 04:53:49     -281.989868        0.000007
FIRE:  1155 04:53:49     -281.989868        0.000007
FIRE:  1156 04:53:49     -281.989868        0.000007
FIRE:  1157 04:53:49     -281.989868        0.000006
FIRE:  1158 04:53:49     -281.989868        0.000007
FIRE:  1159 04:53:50     -281.989868        0.000007
FIRE:  1160 04:53:50     -281.989868        0.000007
FIRE:  1161 04:53:50     -281.989868        0.000007
FIRE:  1162 04:53:50     -281.989868        0.000007
FIRE:  1163 04:53:50     -281.989868        0.000007
FIRE:  1164 04:53:50     -281.989868        0.000007
FIRE:  1165 04:53:50     -281.989838        0.000007
FIRE:  1166 04:53:50     -281.989868        0.000007
FIRE:  1167 04:53:50     -281.989868        0.000007
FIRE:  1168 04:53:50     -281.989868        0.000007
FIRE:  1169 04:53:51     -281.989868        0.000007
FIRE:  1170 04:53:51     -281.989868        0.000007
FIRE:  1171 04:53:51     -281.989868        0.000007
FIRE:  1172 04:53:51     -281.989868        0.000007
FIRE:  1173 04:53:51     -281.989868        0.000007
FIRE:  1174 04:53:51     -281.989868        0.000007
FIRE:  1175 04:53:51     -281.989868        0.000007
FIRE:  1176 04:53:51     -281.989868        0.000007
FIRE:  1177 04:53:51     -281.989868        0.000007
FIRE:  1178 04:53:52     -281.989868        0.000007
FIRE:  1179 04:53:52     -281.989868        0.000007
FIRE:  1180 04:53:52     -281.989868        0.000007
FIRE:  1181 04:53:52     -281.989838        0.000007
FIRE:  1182 04:53:52     -281.989838        0.000007
FIRE:  1183 04:53:52     -281.989868        0.000007
FIRE:  1184 04:53:52     -281.989868        0.000007
FIRE:  1185 04:53:52     -281.989868        0.000007
FIRE:  1186 04:53:52     -281.989868        0.000007
FIRE:  1187 04:53:53     -281.989868        0.000007
FIRE:  1188 04:53:53     -281.989868        0.000007
FIRE:  1189 04:53:53     -281.989868        0.000007
FIRE:  1190 04:53:53     -281.989868        0.000007
FIRE:  1191 04:53:53     -281.989868        0.000007
FIRE:  1192 04:53:53     -281.989838        0.000007
FIRE:  1193 04:53:53     -281.989868        0.000007
FIRE:  1194 04:53:53     -281.989868        0.000007
FIRE:  1195 04:53:53     -281.989868        0.000007
FIRE:  1196 04:53:54     -281.989868        0.000007
FIRE:  1197 04:53:54     -281.989868        0.000007
FIRE:  1198 04:53:54     -281.989868        0.000007
FIRE:  1199 04:53:54     -281.989868        0.000007
FIRE:  1200 04:53:54     -281.989868        0.000007
FIRE:  1201 04:53:54     -281.989868        0.000007
FIRE:  1202 04:53:54     -281.989868        0.000007
FIRE:  1203 04:53:54     -281.989868        0.000007
FIRE:  1204 04:53:54     -281.989868        0.000006
FIRE:  1205 04:53:55     -281.989868        0.000007
FIRE:  1206 04:53:55     -281.989868        0.000007
FIRE:  1207 04:53:55     -281.989868        0.000007
FIRE:  1208 04:53:55     -281.989868        0.000007
FIRE:  1209 04:53:55     -281.989868        0.000007
FIRE:  1210 04:53:55     -281.989868        0.000007
FIRE:  1211 04:53:55     -281.989868        0.000007
FIRE:  1212 04:53:55     -281.989868        0.000007
FIRE:  1213 04:53:55     -281.989868        0.000007
FIRE:  1214 04:53:55     -281.989868        0.000007
FIRE:  1215 04:53:56     -281.989868        0.000007
FIRE:  1216 04:53:56     -281.989868        0.000007
FIRE:  1217 04:53:56     -281.989868        0.000007
FIRE:  1218 04:53:56     -281.989868        0.000007
FIRE:  1219 04:53:56     -281.989868        0.000007
FIRE:  1220 04:53:56     -281.989868        0.000007
FIRE:  1221 04:53:56     -281.989868        0.000007
FIRE:  1222 04:53:56     -281.989868        0.000007
FIRE:  1223 04:53:56     -281.989868        0.000007
FIRE:  1224 04:53:57     -281.989868        0.000007
FIRE:  1225 04:53:57     -281.989868        0.000007
FIRE:  1226 04:53:57     -281.989868        0.000007
FIRE:  1227 04:53:57     -281.989838        0.000007
FIRE:  1228 04:53:57     -281.989868        0.000006
FIRE:  1229 04:53:57     -281.989868        0.000007
FIRE:  1230 04:53:57     -281.989868        0.000007
FIRE:  1231 04:53:57     -281.989868        0.000007
FIRE:  1232 04:53:57     -281.989868        0.000007
FIRE:  1233 04:53:58     -281.989868        0.000007
FIRE:  1234 04:53:58     -281.989868        0.000007
FIRE:  1235 04:53:58     -281.989868        0.000007
FIRE:  1236 04:53:58     -281.989868        0.000007
FIRE:  1237 04:53:58     -281.989868        0.000007
FIRE:  1238 04:53:58     -281.989868        0.000007
FIRE:  1239 04:53:58     -281.989868        0.000007
FIRE:  1240 04:53:58     -281.989868        0.000007
FIRE:  1241 04:53:58     -281.989868        0.000007
FIRE:  1242 04:53:59     -281.989868        0.000007
FIRE:  1243 04:53:59     -281.989868        0.000007
FIRE:  1244 04:53:59     -281.989868        0.000007
FIRE:  1245 04:53:59     -281.989868        0.000007
FIRE:  1246 04:53:59     -281.989868        0.000007
FIRE:  1247 04:53:59     -281.989868        0.000007
FIRE:  1248 04:53:59     -281.989868        0.000007
FIRE:  1249 04:53:59     -281.989868        0.000007
FIRE:  1250 04:53:59     -281.989868        0.000007
FIRE:  1251 04:54:00     -281.989868        0.000007
FIRE:  1252 04:54:00     -281.989868        0.000007
FIRE:  1253 04:54:00     -281.989868        0.000007
FIRE:  1254 04:54:00     -281.989868        0.000007
FIRE:  1255 04:54:00     -281.989868        0.000007
FIRE:  1256 04:54:00     -281.989868        0.000007
FIRE:  1257 04:54:00     -281.989868        0.000007
FIRE:  1258 04:54:00     -281.989868        0.000007
FIRE:  1259 04:54:00     -281.989868        0.000007
FIRE:  1260 04:54:00     -281.989868        0.000007
FIRE:  1261 04:54:01     -281.989868        0.000007
FIRE:  1262 04:54:01     -281.989868        0.000007
FIRE:  1263 04:54:01     -281.989868        0.000007
FIRE:  1264 04:54:01     -281.989868        0.000007
FIRE:  1265 04:54:01     -281.989868        0.000007
FIRE:  1266 04:54:01     -281.989868        0.000007
FIRE:  1267 04:54:01     -281.989868        0.000007
FIRE:  1268 04:54:01     -281.989868        0.000007
FIRE:  1269 04:54:01     -281.989868        0.000007
FIRE:  1270 04:54:02     -281.989868        0.000007
FIRE:  1271 04:54:02     -281.989868        0.000007
FIRE:  1272 04:54:02     -281.989868        0.000007
FIRE:  1273 04:54:02     -281.989838        0.000007
FIRE:  1274 04:54:02     -281.989868        0.000006
FIRE:  1275 04:54:02     -281.989868        0.000007
FIRE:  1276 04:54:02     -281.989868        0.000007
FIRE:  1277 04:54:02     -281.989868        0.000007
FIRE:  1278 04:54:02     -281.989868        0.000007
FIRE:  1279 04:54:03     -281.989868        0.000007
FIRE:  1280 04:54:03     -281.989868        0.000007
FIRE:  1281 04:54:03     -281.989868        0.000007
FIRE:  1282 04:54:03     -281.989868        0.000007
FIRE:  1283 04:54:03     -281.989868        0.000007
FIRE:  1284 04:54:03     -281.989868        0.000007
FIRE:  1285 04:54:03     -281.989868        0.000007
FIRE:  1286 04:54:03     -281.989868        0.000007
FIRE:  1287 04:54:03     -281.989868        0.000007
FIRE:  1288 04:54:04     -281.989868        0.000007
FIRE:  1289 04:54:04     -281.989868        0.000007
FIRE:  1290 04:54:04     -281.989868        0.000007
FIRE:  1291 04:54:04     -281.989868        0.000007
FIRE:  1292 04:54:04     -281.989868        0.000007
FIRE:  1293 04:54:04     -281.989868        0.000007
FIRE:  1294 04:54:04     -281.989868        0.000007
FIRE:  1295 04:54:04     -281.989868        0.000007
FIRE:  1296 04:54:04     -281.989868        0.000007
FIRE:  1297 04:54:05     -281.989838        0.000006
FIRE:  1298 04:54:05     -281.989868        0.000007
FIRE:  1299 04:54:05     -281.989868        0.000007
FIRE:  1300 04:54:05     -281.989868        0.000007
FIRE:  1301 04:54:05     -281.989868        0.000007
FIRE:  1302 04:54:05     -281.989868        0.000007
FIRE:  1303 04:54:05     -281.989868        0.000007
FIRE:  1304 04:54:05     -281.989868        0.000007
FIRE:  1305 04:54:05     -281.989868        0.000007
FIRE:  1306 04:54:06     -281.989868        0.000007
FIRE:  1307 04:54:06     -281.989868        0.000007
FIRE:  1308 04:54:06     -281.989868        0.000007
FIRE:  1309 04:54:06     -281.989868        0.000007
FIRE:  1310 04:54:06     -281.989868        0.000007
FIRE:  1311 04:54:06     -281.989868        0.000007
FIRE:  1312 04:54:06     -281.989868        0.000007
FIRE:  1313 04:54:06     -281.989868        0.000007
FIRE:  1314 04:54:06     -281.989868        0.000007
FIRE:  1315 04:54:06     -281.989868        0.000007
FIRE:  1316 04:54:07     -281.989868        0.000007
FIRE:  1317 04:54:07     -281.989868        0.000007
FIRE:  1318 04:54:07     -281.989868        0.000007
FIRE:  1319 04:54:07     -281.989868        0.000007
FIRE:  1320 04:54:07     -281.989838        0.000006
FIRE:  1321 04:54:07     -281.989868        0.000007
FIRE:  1322 04:54:07     -281.989868        0.000007
FIRE:  1323 04:54:07     -281.989868        0.000007
FIRE:  1324 04:54:07     -281.989868        0.000007
FIRE:  1325 04:54:08     -281.989868        0.000007
FIRE:  1326 04:54:08     -281.989868        0.000007
FIRE:  1327 04:54:08     -281.989868        0.000007
FIRE:  1328 04:54:08     -281.989868        0.000007
FIRE:  1329 04:54:08     -281.989868        0.000007
FIRE:  1330 04:54:08     -281.989868        0.000007
FIRE:  1331 04:54:08     -281.989868        0.000007
FIRE:  1332 04:54:08     -281.989868        0.000007
FIRE:  1333 04:54:08     -281.989868        0.000007
FIRE:  1334 04:54:09     -281.989868        0.000007
FIRE:  1335 04:54:09     -281.989868        0.000007
FIRE:  1336 04:54:09     -281.989868        0.000007
FIRE:  1337 04:54:09     -281.989868        0.000007
FIRE:  1338 04:54:09     -281.989868        0.000007
FIRE:  1339 04:54:09     -281.989868        0.000007
FIRE:  1340 04:54:09     -281.989868        0.000007
FIRE:  1341 04:54:09     -281.989868        0.000007
FIRE:  1342 04:54:09     -281.989868        0.000007
FIRE:  1343 04:54:10     -281.989868        0.000007
FIRE:  1344 04:54:10     -281.989868        0.000006
FIRE:  1345 04:54:10     -281.989868        0.000007
FIRE:  1346 04:54:10     -281.989868        0.000007
FIRE:  1347 04:54:10     -281.989868        0.000007
FIRE:  1348 04:54:10     -281.989868        0.000007
FIRE:  1349 04:54:10     -281.989868        0.000007
FIRE:  1350 04:54:10     -281.989868        0.000007
FIRE:  1351 04:54:10     -281.989868        0.000007
FIRE:  1352 04:54:11     -281.989868        0.000007
FIRE:  1353 04:54:11     -281.989868        0.000007
FIRE:  1354 04:54:11     -281.989868        0.000007
FIRE:  1355 04:54:11     -281.989868        0.000007
FIRE:  1356 04:54:11     -281.989868        0.000007
FIRE:  1357 04:54:11     -281.989838        0.000007
FIRE:  1358 04:54:11     -281.989868        0.000007
FIRE:  1359 04:54:11     -281.989868        0.000007
FIRE:  1360 04:54:11     -281.989868        0.000007
FIRE:  1361 04:54:11     -281.989868        0.000007
FIRE:  1362 04:54:12     -281.989868        0.000007
FIRE:  1363 04:54:12     -281.989868        0.000007
FIRE:  1364 04:54:12     -281.989868        0.000007
FIRE:  1365 04:54:12     -281.989868        0.000007
FIRE:  1366 04:54:12     -281.989868        0.000006
FIRE:  1367 04:54:12     -281.989868        0.000006
FIRE:  1368 04:54:12     -281.989868        0.000007
FIRE:  1369 04:54:12     -281.989868        0.000007
FIRE:  1370 04:54:12     -281.989868        0.000007
FIRE:  1371 04:54:13     -281.989868        0.000007
FIRE:  1372 04:54:13     -281.989868        0.000007
FIRE:  1373 04:54:13     -281.989868        0.000007
FIRE:  1374 04:54:13     -281.989868        0.000007
FIRE:  1375 04:54:13     -281.989868        0.000007
FIRE:  1376 04:54:13     -281.989868        0.000007
FIRE:  1377 04:54:13     -281.989868        0.000007
FIRE:  1378 04:54:13     -281.989868        0.000007
FIRE:  1379 04:54:13     -281.989868        0.000007
FIRE:  1380 04:54:14     -281.989868        0.000007
FIRE:  1381 04:54:14     -281.989868        0.000007
FIRE:  1382 04:54:14     -281.989868        0.000007
FIRE:  1383 04:54:14     -281.989868        0.000007
FIRE:  1384 04:54:14     -281.989868        0.000007
FIRE:  1385 04:54:14     -281.989868        0.000007
FIRE:  1386 04:54:14     -281.989868        0.000007
FIRE:  1387 04:54:14     -281.989868        0.000007
FIRE:  1388 04:54:14     -281.989868        0.000007
FIRE:  1389 04:54:15     -281.989868        0.000007
FIRE:  1390 04:54:15     -281.989868        0.000007
FIRE:  1391 04:54:15     -281.989868        0.000007
FIRE:  1392 04:54:15     -281.989868        0.000007
FIRE:  1393 04:54:15     -281.989868        0.000007
FIRE:  1394 04:54:15     -281.989868        0.000007
FIRE:  1395 04:54:15     -281.989868        0.000007
FIRE:  1396 04:54:15     -281.989868        0.000007
FIRE:  1397 04:54:15     -281.989868        0.000007
FIRE:  1398 04:54:16     -281.989868        0.000007
FIRE:  1399 04:54:16     -281.989868        0.000007
FIRE:  1400 04:54:16     -281.989868        0.000007
FIRE:  1401 04:54:16     -281.989868        0.000007
FIRE:  1402 04:54:16     -281.989868        0.000007
FIRE:  1403 04:54:16     -281.989868        0.000007
FIRE:  1404 04:54:16     -281.989868        0.000007
FIRE:  1405 04:54:16     -281.989868        0.000006
FIRE:  1406 04:54:16     -281.989838        0.000006
FIRE:  1407 04:54:17     -281.989868        0.000007
FIRE:  1408 04:54:17     -281.989868        0.000007
FIRE:  1409 04:54:17     -281.989868        0.000007
FIRE:  1410 04:54:17     -281.989868        0.000007
FIRE:  1411 04:54:17     -281.989868        0.000007
FIRE:  1412 04:54:17     -281.989868        0.000007
FIRE:  1413 04:54:17     -281.989868        0.000007
FIRE:  1414 04:54:17     -281.989868        0.000007
FIRE:  1415 04:54:17     -281.989868        0.000007
FIRE:  1416 04:54:18     -281.989868        0.000007
FIRE:  1417 04:54:18     -281.989868        0.000007
FIRE:  1418 04:54:18     -281.989868        0.000007
FIRE:  1419 04:54:18     -281.989868        0.000007
FIRE:  1420 04:54:18     -281.989868        0.000007
FIRE:  1421 04:54:18     -281.989868        0.000007
FIRE:  1422 04:54:18     -281.989868        0.000007
FIRE:  1423 04:54:18     -281.989868        0.000007
FIRE:  1424 04:54:18     -281.989868        0.000007
FIRE:  1425 04:54:18     -281.989868        0.000007
FIRE:  1426 04:54:19     -281.989868        0.000007
FIRE:  1427 04:54:19     -281.989868        0.000007
FIRE:  1428 04:54:19     -281.989868        0.000007
FIRE:  1429 04:54:19     -281.989868        0.000007
FIRE:  1430 04:54:19     -281.989868        0.000007
FIRE:  1431 04:54:19     -281.989868        0.000007
FIRE:  1432 04:54:19     -281.989868        0.000007
FIRE:  1433 04:54:19     -281.989868        0.000007
FIRE:  1434 04:54:19     -281.989868        0.000007
FIRE:  1435 04:54:20     -281.989868        0.000007
FIRE:  1436 04:54:20     -281.989868        0.000007
FIRE:  1437 04:54:20     -281.989868        0.000007
FIRE:  1438 04:54:20     -281.989868        0.000007
FIRE:  1439 04:54:20     -281.989868        0.000007
FIRE:  1440 04:54:20     -281.989868        0.000007
FIRE:  1441 04:54:20     -281.989868        0.000007
FIRE:  1442 04:54:20     -281.989868        0.000007
FIRE:  1443 04:54:20     -281.989868        0.000007
FIRE:  1444 04:54:21     -281.989868        0.000007
FIRE:  1445 04:54:21     -281.989868        0.000007
FIRE:  1446 04:54:21     -281.989868        0.000007
FIRE:  1447 04:54:21     -281.989868        0.000007
FIRE:  1448 04:54:21     -281.989868        0.000007
FIRE:  1449 04:54:21     -281.989868        0.000007
FIRE:  1450 04:54:21     -281.989868        0.000007
FIRE:  1451 04:54:21     -281.989838        0.000007
FIRE:  1452 04:54:21     -281.989868        0.000007
FIRE:  1453 04:54:22     -281.989868        0.000007
FIRE:  1454 04:54:22     -281.989868        0.000007
FIRE:  1455 04:54:22     -281.989838        0.000007
FIRE:  1456 04:54:22     -281.989868        0.000007
FIRE:  1457 04:54:22     -281.989868        0.000007
FIRE:  1458 04:54:22     -281.989868        0.000007
FIRE:  1459 04:54:22     -281.989868        0.000007
FIRE:  1460 04:54:22     -281.989868        0.000007
FIRE:  1461 04:54:22     -281.989868        0.000007
FIRE:  1462 04:54:23     -281.989868        0.000007
FIRE:  1463 04:54:23     -281.989838        0.000007
FIRE:  1464 04:54:23     -281.989868        0.000007
FIRE:  1465 04:54:23     -281.989868        0.000007
FIRE:  1466 04:54:23     -281.989868        0.000007
FIRE:  1467 04:54:23     -281.989868        0.000007
FIRE:  1468 04:54:23     -281.989868        0.000007
FIRE:  1469 04:54:23     -281.989868        0.000007
FIRE:  1470 04:54:23     -281.989868        0.000007
FIRE:  1471 04:54:23     -281.989868        0.000007
FIRE:  1472 04:54:24     -281.989868        0.000007
FIRE:  1473 04:54:24     -281.989868        0.000007
FIRE:  1474 04:54:24     -281.989868        0.000006
FIRE:  1475 04:54:24     -281.989838        0.000007
FIRE:  1476 04:54:24     -281.989868        0.000007
FIRE:  1477 04:54:24     -281.989868        0.000007
FIRE:  1478 04:54:24     -281.989868        0.000007
FIRE:  1479 04:54:24     -281.989868        0.000007
FIRE:  1480 04:54:24     -281.989868        0.000007
FIRE:  1481 04:54:25     -281.989868        0.000007
FIRE:  1482 04:54:25     -281.989868        0.000007
FIRE:  1483 04:54:25     -281.989838        0.000007
FIRE:  1484 04:54:25     -281.989868        0.000007
FIRE:  1485 04:54:25     -281.989868        0.000007
FIRE:  1486 04:54:25     -281.989868        0.000007
FIRE:  1487 04:54:25     -281.989868        0.000007
FIRE:  1488 04:54:25     -281.989868        0.000007
FIRE:  1489 04:54:25     -281.989868        0.000007
FIRE:  1490 04:54:26     -281.989868        0.000007
FIRE:  1491 04:54:26     -281.989868        0.000007
FIRE:  1492 04:54:26     -281.989868        0.000007
FIRE:  1493 04:54:26     -281.989838        0.000007
FIRE:  1494 04:54:26     -281.989868        0.000007
FIRE:  1495 04:54:26     -281.989868        0.000007
FIRE:  1496 04:54:26     -281.989868        0.000007
FIRE:  1497 04:54:26     -281.989838        0.000006
FIRE:  1498 04:54:26     -281.989868        0.000006
FIRE:  1499 04:54:27     -281.989868        0.000007
FIRE:  1500 04:54:27     -281.989868        0.000007
FIRE:  1501 04:54:27     -281.989868        0.000007
FIRE:  1502 04:54:27     -281.989868        0.000007
FIRE:  1503 04:54:27     -281.989868        0.000007
FIRE:  1504 04:54:27     -281.989868        0.000007
FIRE:  1505 04:54:27     -281.989868        0.000007
FIRE:  1506 04:54:27     -281.989868        0.000007
FIRE:  1507 04:54:27     -281.989868        0.000007
FIRE:  1508 04:54:28     -281.989868        0.000007
FIRE:  1509 04:54:28     -281.989868        0.000007
FIRE:  1510 04:54:28     -281.989868        0.000007
FIRE:  1511 04:54:28     -281.989868        0.000007
FIRE:  1512 04:54:28     -281.989868        0.000007
FIRE:  1513 04:54:28     -281.989868        0.000007
FIRE:  1514 04:54:28     -281.989868        0.000007
FIRE:  1515 04:54:28     -281.989868        0.000007
FIRE:  1516 04:54:28     -281.989838        0.000007
FIRE:  1517 04:54:29     -281.989868        0.000007
FIRE:  1518 04:54:29     -281.989868        0.000007
FIRE:  1519 04:54:29     -281.989868        0.000007
FIRE:  1520 04:54:29     -281.989868        0.000007
FIRE:  1521 04:54:29     -281.989868        0.000006
FIRE:  1522 04:54:29     -281.989838        0.000007
FIRE:  1523 04:54:29     -281.989868        0.000007
FIRE:  1524 04:54:29     -281.989868        0.000007
FIRE:  1525 04:54:29     -281.989868        0.000007
FIRE:  1526 04:54:30     -281.989868        0.000007
FIRE:  1527 04:54:30     -281.989868        0.000007
FIRE:  1528 04:54:30     -281.989868        0.000007
FIRE:  1529 04:54:30     -281.989868        0.000007
FIRE:  1530 04:54:30     -281.989868        0.000007
FIRE:  1531 04:54:30     -281.989868        0.000007
FIRE:  1532 04:54:30     -281.989868        0.000007
FIRE:  1533 04:54:30     -281.989868        0.000007
FIRE:  1534 04:54:30     -281.989868        0.000007
FIRE:  1535 04:54:30     -281.989868        0.000007
FIRE:  1536 04:54:31     -281.989868        0.000007
FIRE:  1537 04:54:31     -281.989868        0.000007
FIRE:  1538 04:54:31     -281.989868        0.000007
FIRE:  1539 04:54:31     -281.989868        0.000007
FIRE:  1540 04:54:31     -281.989868        0.000007
FIRE:  1541 04:54:31     -281.989868        0.000007
FIRE:  1542 04:54:31     -281.989868        0.000007
FIRE:  1543 04:54:31     -281.989868        0.000007
FIRE:  1544 04:54:31     -281.989868        0.000006
FIRE:  1545 04:54:32     -281.989868        0.000007
FIRE:  1546 04:54:32     -281.989868        0.000007
FIRE:  1547 04:54:32     -281.989868        0.000007
FIRE:  1548 04:54:32     -281.989868        0.000007
FIRE:  1549 04:54:32     -281.989868        0.000007
FIRE:  1550 04:54:32     -281.989868        0.000007
FIRE:  1551 04:54:32     -281.989868        0.000007
FIRE:  1552 04:54:32     -281.989868        0.000007
FIRE:  1553 04:54:32     -281.989868        0.000007
FIRE:  1554 04:54:33     -281.989868        0.000007
FIRE:  1555 04:54:33     -281.989868        0.000007
FIRE:  1556 04:54:33     -281.989868        0.000007
FIRE:  1557 04:54:33     -281.989868        0.000007
FIRE:  1558 04:54:33     -281.989868        0.000007
FIRE:  1559 04:54:33     -281.989868        0.000007
FIRE:  1560 04:54:33     -281.989868        0.000007
FIRE:  1561 04:54:33     -281.989868        0.000007
FIRE:  1562 04:54:33     -281.989868        0.000007
FIRE:  1563 04:54:34     -281.989838        0.000007
FIRE:  1564 04:54:34     -281.989868        0.000007
FIRE:  1565 04:54:34     -281.989868        0.000007
FIRE:  1566 04:54:34     -281.989868        0.000007
FIRE:  1567 04:54:34     -281.989868        0.000006
FIRE:  1568 04:54:34     -281.989838        0.000007
FIRE:  1569 04:54:34     -281.989868        0.000007
FIRE:  1570 04:54:34     -281.989868        0.000007
FIRE:  1571 04:54:34     -281.989868        0.000007
FIRE:  1572 04:54:35     -281.989868        0.000007
FIRE:  1573 04:54:35     -281.989868        0.000007
FIRE:  1574 04:54:35     -281.989868        0.000007
FIRE:  1575 04:54:35     -281.989868        0.000007
FIRE:  1576 04:54:35     -281.989868        0.000007
FIRE:  1577 04:54:35     -281.989868        0.000007
FIRE:  1578 04:54:35     -281.989868        0.000007
FIRE:  1579 04:54:35     -281.989868        0.000007
FIRE:  1580 04:54:35     -281.989868        0.000007
FIRE:  1581 04:54:36     -281.989868        0.000007
FIRE:  1582 04:54:36     -281.989868        0.000007
FIRE:  1583 04:54:36     -281.989868        0.000007
FIRE:  1584 04:54:36     -281.989868        0.000007
FIRE:  1585 04:54:36     -281.989868        0.000007
FIRE:  1586 04:54:36     -281.989868        0.000007
FIRE:  1587 04:54:36     -281.989868        0.000007
FIRE:  1588 04:54:36     -281.989868        0.000007
FIRE:  1589 04:54:36     -281.989868        0.000007
FIRE:  1590 04:54:36     -281.989868        0.000006
FIRE:  1591 04:54:37     -281.989868        0.000007
FIRE:  1592 04:54:37     -281.989868        0.000007
FIRE:  1593 04:54:37     -281.989868        0.000007
FIRE:  1594 04:54:37     -281.989868        0.000007
FIRE:  1595 04:54:37     -281.989868        0.000007
FIRE:  1596 04:54:37     -281.989868        0.000007
FIRE:  1597 04:54:37     -281.989868        0.000007
FIRE:  1598 04:54:37     -281.989868        0.000007
FIRE:  1599 04:54:37     -281.989868        0.000007
FIRE:  1600 04:54:38     -281.989868        0.000007
FIRE:  1601 04:54:38     -281.989868        0.000007
FIRE:  1602 04:54:38     -281.989868        0.000007
FIRE:  1603 04:54:38     -281.989868        0.000007
FIRE:  1604 04:54:38     -281.989868        0.000007
FIRE:  1605 04:54:38     -281.989868        0.000007
FIRE:  1606 04:54:38     -281.989868        0.000007
FIRE:  1607 04:54:38     -281.989868        0.000007
FIRE:  1608 04:54:38     -281.989868        0.000007
FIRE:  1609 04:54:39     -281.989868        0.000007
FIRE:  1610 04:54:39     -281.989868        0.000007
FIRE:  1611 04:54:39     -281.989868        0.000007
FIRE:  1612 04:54:39     -281.989868        0.000007
FIRE:  1613 04:54:39     -281.989838        0.000006
FIRE:  1614 04:54:39     -281.989838        0.000006
FIRE:  1615 04:54:39     -281.989868        0.000007
FIRE:  1616 04:54:39     -281.989868        0.000007
FIRE:  1617 04:54:39     -281.989868        0.000007
FIRE:  1618 04:54:40     -281.989868        0.000007
FIRE:  1619 04:54:40     -281.989868        0.000007
FIRE:  1620 04:54:40     -281.989868        0.000007
FIRE:  1621 04:54:40     -281.989868        0.000007
FIRE:  1622 04:54:40     -281.989868        0.000007
FIRE:  1623 04:54:40     -281.989868        0.000007
FIRE:  1624 04:54:40     -281.989868        0.000007
FIRE:  1625 04:54:40     -281.989868        0.000007
FIRE:  1626 04:54:40     -281.989868        0.000007
FIRE:  1627 04:54:41     -281.989868        0.000007
FIRE:  1628 04:54:41     -281.989868        0.000007
FIRE:  1629 04:54:41     -281.989868        0.000007
FIRE:  1630 04:54:41     -281.989868        0.000007
FIRE:  1631 04:54:41     -281.989868        0.000007
FIRE:  1632 04:54:41     -281.989868        0.000007
FIRE:  1633 04:54:41     -281.989868        0.000007
FIRE:  1634 04:54:41     -281.989868        0.000007
FIRE:  1635 04:54:41     -281.989868        0.000007
FIRE:  1636 04:54:42     -281.989868        0.000007
FIRE:  1637 04:54:42     -281.989868        0.000006
FIRE:  1638 04:54:42     -281.989838        0.000007
FIRE:  1639 04:54:42     -281.989868        0.000007
FIRE:  1640 04:54:42     -281.989868        0.000007
FIRE:  1641 04:54:42     -281.989868        0.000007
FIRE:  1642 04:54:42     -281.989868        0.000007
FIRE:  1643 04:54:42     -281.989868        0.000007
FIRE:  1644 04:54:42     -281.989868        0.000007
FIRE:  1645 04:54:42     -281.989868        0.000007
FIRE:  1646 04:54:43     -281.989868        0.000007
FIRE:  1647 04:54:43     -281.989868        0.000007
FIRE:  1648 04:54:43     -281.989868        0.000007
FIRE:  1649 04:54:43     -281.989868        0.000007
FIRE:  1650 04:54:43     -281.989868        0.000007
FIRE:  1651 04:54:43     -281.989868        0.000007
FIRE:  1652 04:54:43     -281.989868        0.000007
FIRE:  1653 04:54:43     -281.989868        0.000007
FIRE:  1654 04:54:43     -281.989868        0.000007
FIRE:  1655 04:54:44     -281.989868        0.000007
FIRE:  1656 04:54:44     -281.989868        0.000007
FIRE:  1657 04:54:44     -281.989868        0.000007
FIRE:  1658 04:54:44     -281.989868        0.000007
FIRE:  1659 04:54:44     -281.989868        0.000007
FIRE:  1660 04:54:44     -281.989838        0.000006
FIRE:  1661 04:54:44     -281.989868        0.000007
FIRE:  1662 04:54:44     -281.989868        0.000007
FIRE:  1663 04:54:44     -281.989868        0.000007
FIRE:  1664 04:54:45     -281.989868        0.000007
FIRE:  1665 04:54:45     -281.989868        0.000007
FIRE:  1666 04:54:45     -281.989868        0.000007
FIRE:  1667 04:54:45     -281.989868        0.000007
FIRE:  1668 04:54:45     -281.989868        0.000007
FIRE:  1669 04:54:45     -281.989868        0.000007
FIRE:  1670 04:54:45     -281.989868        0.000007
FIRE:  1671 04:54:45     -281.989868        0.000007
FIRE:  1672 04:54:45     -281.989868        0.000007
FIRE:  1673 04:54:46     -281.989868        0.000007
FIRE:  1674 04:54:46     -281.989868        0.000007
FIRE:  1675 04:54:46     -281.989868        0.000007
FIRE:  1676 04:54:46     -281.989868        0.000007
FIRE:  1677 04:54:46     -281.989868        0.000007
FIRE:  1678 04:54:46     -281.989868        0.000007
FIRE:  1679 04:54:46     -281.989868        0.000007
FIRE:  1680 04:54:46     -281.989868        0.000007
FIRE:  1681 04:54:46     -281.989868        0.000007
FIRE:  1682 04:54:47     -281.989868        0.000007
FIRE:  1683 04:54:47     -281.989868        0.000007
FIRE:  1684 04:54:47     -281.989838        0.000006
FIRE:  1685 04:54:47     -281.989868        0.000007
FIRE:  1686 04:54:47     -281.989868        0.000007
FIRE:  1687 04:54:47     -281.989868        0.000007
FIRE:  1688 04:54:47     -281.989868        0.000007
FIRE:  1689 04:54:47     -281.989868        0.000007
FIRE:  1690 04:54:47     -281.989868        0.000007
FIRE:  1691 04:54:48     -281.989868        0.000007
FIRE:  1692 04:54:48     -281.989868        0.000007
FIRE:  1693 04:54:48     -281.989868        0.000007
FIRE:  1694 04:54:48     -281.989868        0.000007
FIRE:  1695 04:54:48     -281.989868        0.000007
FIRE:  1696 04:54:48     -281.989868        0.000007
FIRE:  1697 04:54:48     -281.989868        0.000007
FIRE:  1698 04:54:48     -281.989868        0.000007
FIRE:  1699 04:54:48     -281.989868        0.000007
FIRE:  1700 04:54:49     -281.989868        0.000007
FIRE:  1701 04:54:49     -281.989868        0.000007
FIRE:  1702 04:54:49     -281.989868        0.000007
FIRE:  1703 04:54:49     -281.989868        0.000007
FIRE:  1704 04:54:49     -281.989868        0.000007
FIRE:  1705 04:54:49     -281.989868        0.000007
FIRE:  1706 04:54:49     -281.989868        0.000007
FIRE:  1707 04:54:49     -281.989868        0.000007
FIRE:  1708 04:54:49     -281.989868        0.000007
FIRE:  1709 04:54:49     -281.989868        0.000007
FIRE:  1710 04:54:50     -281.989868        0.000007
FIRE:  1711 04:54:50     -281.989868        0.000007
FIRE:  1712 04:54:50     -281.989868        0.000007
FIRE:  1713 04:54:50     -281.989868        0.000007
FIRE:  1714 04:54:50     -281.989868        0.000007
FIRE:  1715 04:54:50     -281.989868        0.000007
FIRE:  1716 04:54:50     -281.989868        0.000007
FIRE:  1717 04:54:50     -281.989868        0.000007
FIRE:  1718 04:54:50     -281.989868        0.000007
FIRE:  1719 04:54:51     -281.989868        0.000007
FIRE:  1720 04:54:51     -281.989868        0.000007
FIRE:  1721 04:54:51     -281.989868        0.000007
FIRE:  1722 04:54:51     -281.989868        0.000006
FIRE:  1723 04:54:51     -281.989868        0.000007
FIRE:  1724 04:54:51     -281.989868        0.000007
FIRE:  1725 04:54:51     -281.989868        0.000007
FIRE:  1726 04:54:51     -281.989868        0.000007
FIRE:  1727 04:54:51     -281.989868        0.000007
FIRE:  1728 04:54:52     -281.989868        0.000007
FIRE:  1729 04:54:52     -281.989868        0.000007
FIRE:  1730 04:54:52     -281.989868        0.000007
FIRE:  1731 04:54:52     -281.989868        0.000007
FIRE:  1732 04:54:52     -281.989868        0.000007
FIRE:  1733 04:54:52     -281.989868        0.000007
FIRE:  1734 04:54:52     -281.989868        0.000007
FIRE:  1735 04:54:52     -281.989868        0.000007
FIRE:  1736 04:54:52     -281.989868        0.000007
FIRE:  1737 04:54:53     -281.989868        0.000007
FIRE:  1738 04:54:53     -281.989868        0.000007
FIRE:  1739 04:54:53     -281.989868        0.000007
FIRE:  1740 04:54:53     -281.989868        0.000007
FIRE:  1741 04:54:53     -281.989868        0.000007
FIRE:  1742 04:54:53     -281.989868        0.000007
FIRE:  1743 04:54:53     -281.989868        0.000007
FIRE:  1744 04:54:53     -281.989838        0.000006
FIRE:  1745 04:54:53     -281.989868        0.000007
FIRE:  1746 04:54:54     -281.989868        0.000007
FIRE:  1747 04:54:54     -281.989868        0.000007
FIRE:  1748 04:54:54     -281.989868        0.000007
FIRE:  1749 04:54:54     -281.989868        0.000007
FIRE:  1750 04:54:54     -281.989868        0.000007
FIRE:  1751 04:54:54     -281.989868        0.000007
FIRE:  1752 04:54:54     -281.989868        0.000007
FIRE:  1753 04:54:54     -281.989868        0.000007
FIRE:  1754 04:54:54     -281.989868        0.000007
FIRE:  1755 04:54:55     -281.989868        0.000007
FIRE:  1756 04:54:55     -281.989868        0.000007
FIRE:  1757 04:54:55     -281.989868        0.000007
FIRE:  1758 04:54:55     -281.989868        0.000007
FIRE:  1759 04:54:55     -281.989868        0.000007
FIRE:  1760 04:54:55     -281.989868        0.000007
FIRE:  1761 04:54:55     -281.989868        0.000007
FIRE:  1762 04:54:55     -281.989868        0.000007
FIRE:  1763 04:54:55     -281.989868        0.000007
FIRE:  1764 04:54:56     -281.989868        0.000007
FIRE:  1765 04:54:56     -281.989868        0.000007
FIRE:  1766 04:54:56     -281.989868        0.000007
FIRE:  1767 04:54:56     -281.989868        0.000007
FIRE:  1768 04:54:56     -281.989868        0.000006
FIRE:  1769 04:54:56     -281.989838        0.000006
FIRE:  1770 04:54:56     -281.989868        0.000007
FIRE:  1771 04:54:56     -281.989868        0.000007
FIRE:  1772 04:54:56     -281.989868        0.000007
FIRE:  1773 04:54:57     -281.989868        0.000007
FIRE:  1774 04:54:57     -281.989868        0.000007
FIRE:  1775 04:54:57     -281.989868        0.000007
FIRE:  1776 04:54:57     -281.989868        0.000007
FIRE:  1777 04:54:57     -281.989868        0.000007
FIRE:  1778 04:54:57     -281.989868        0.000007
FIRE:  1779 04:54:57     -281.989868        0.000007
FIRE:  1780 04:54:57     -281.989868        0.000007
FIRE:  1781 04:54:57     -281.989868        0.000007
FIRE:  1782 04:54:57     -281.989868        0.000007
FIRE:  1783 04:54:58     -281.989868        0.000007
FIRE:  1784 04:54:58     -281.989868        0.000007
FIRE:  1785 04:54:58     -281.989868        0.000007
FIRE:  1786 04:54:58     -281.989868        0.000007
FIRE:  1787 04:54:58     -281.989868        0.000007
FIRE:  1788 04:54:58     -281.989868        0.000007
FIRE:  1789 04:54:58     -281.989868        0.000007
FIRE:  1790 04:54:58     -281.989868        0.000007
FIRE:  1791 04:54:58     -281.989868        0.000006
FIRE:  1792 04:54:59     -281.989838        0.000006
FIRE:  1793 04:54:59     -281.989868        0.000007
FIRE:  1794 04:54:59     -281.989868        0.000007
FIRE:  1795 04:54:59     -281.989868        0.000007
FIRE:  1796 04:54:59     -281.989868        0.000007
FIRE:  1797 04:54:59     -281.989868        0.000007
FIRE:  1798 04:54:59     -281.989868        0.000007
FIRE:  1799 04:54:59     -281.989868        0.000007
FIRE:  1800 04:54:59     -281.989868        0.000007
FIRE:  1801 04:55:00     -281.989868        0.000007
FIRE:  1802 04:55:00     -281.989868        0.000007
FIRE:  1803 04:55:00     -281.989868        0.000007
FIRE:  1804 04:55:00     -281.989868        0.000007
FIRE:  1805 04:55:00     -281.989868        0.000007
FIRE:  1806 04:55:00     -281.989868        0.000007
FIRE:  1807 04:55:00     -281.989868        0.000007
FIRE:  1808 04:55:00     -281.989868        0.000007
FIRE:  1809 04:55:00     -281.989868        0.000007
FIRE:  1810 04:55:01     -281.989868        0.000007
FIRE:  1811 04:55:01     -281.989868        0.000007
FIRE:  1812 04:55:01     -281.989868        0.000007
FIRE:  1813 04:55:01     -281.989868        0.000007
FIRE:  1814 04:55:01     -281.989868        0.000007
FIRE:  1815 04:55:01     -281.989868        0.000006
FIRE:  1816 04:55:01     -281.989868        0.000006
FIRE:  1817 04:55:01     -281.989868        0.000007
FIRE:  1818 04:55:01     -281.989868        0.000007
FIRE:  1819 04:55:02     -281.989868        0.000007
FIRE:  1820 04:55:02     -281.989868        0.000007
FIRE:  1821 04:55:02     -281.989868        0.000007
FIRE:  1822 04:55:02     -281.989868        0.000007
FIRE:  1823 04:55:02     -281.989868        0.000007
FIRE:  1824 04:55:02     -281.989868        0.000007
FIRE:  1825 04:55:02     -281.989868        0.000007
FIRE:  1826 04:55:02     -281.989868        0.000007
FIRE:  1827 04:55:02     -281.989868        0.000007
FIRE:  1828 04:55:03     -281.989868        0.000007
FIRE:  1829 04:55:03     -281.989868        0.000007
FIRE:  1830 04:55:03     -281.989868        0.000007
FIRE:  1831 04:55:03     -281.989868        0.000007
FIRE:  1832 04:55:03     -281.989868        0.000007
FIRE:  1833 04:55:03     -281.989868        0.000007
FIRE:  1834 04:55:03     -281.989868        0.000007
FIRE:  1835 04:55:03     -281.989868        0.000007
FIRE:  1836 04:55:03     -281.989868        0.000007
FIRE:  1837 04:55:03     -281.989868        0.000007
FIRE:  1838 04:55:04     -281.989868        0.000007
FIRE:  1839 04:55:04     -281.989868        0.000007
FIRE:  1840 04:55:04     -281.989868        0.000007
FIRE:  1841 04:55:04     -281.989868        0.000007
FIRE:  1842 04:55:04     -281.989868        0.000007
FIRE:  1843 04:55:04     -281.989868        0.000007
FIRE:  1844 04:55:04     -281.989868        0.000007
FIRE:  1845 04:55:04     -281.989868        0.000007
FIRE:  1846 04:55:04     -281.989868        0.000007
FIRE:  1847 04:55:05     -281.989868        0.000007
FIRE:  1848 04:55:05     -281.989868        0.000007
FIRE:  1849 04:55:05     -281.989868        0.000007
FIRE:  1850 04:55:05     -281.989868        0.000007
FIRE:  1851 04:55:05     -281.989868        0.000007
FIRE:  1852 04:55:05     -281.989868        0.000007
FIRE:  1853 04:55:05     -281.989868        0.000007
FIRE:  1854 04:55:05     -281.989868        0.000007
FIRE:  1855 04:55:05     -281.989868        0.000006
FIRE:  1856 04:55:06     -281.989868        0.000007
FIRE:  1857 04:55:06     -281.989868        0.000007
FIRE:  1858 04:55:06     -281.989868        0.000007
FIRE:  1859 04:55:06     -281.989868        0.000007
FIRE:  1860 04:55:06     -281.989868        0.000007
FIRE:  1861 04:55:06     -281.989868        0.000007
FIRE:  1862 04:55:06     -281.989868        0.000007
FIRE:  1863 04:55:06     -281.989868        0.000007
FIRE:  1864 04:55:06     -281.989868        0.000007
FIRE:  1865 04:55:07     -281.989868        0.000007
FIRE:  1866 04:55:07     -281.989868        0.000007
FIRE:  1867 04:55:07     -281.989868        0.000007
FIRE:  1868 04:55:07     -281.989868        0.000007
FIRE:  1869 04:55:07     -281.989868        0.000007
FIRE:  1870 04:55:07     -281.989868        0.000007
FIRE:  1871 04:55:07     -281.989868        0.000007
FIRE:  1872 04:55:07     -281.989868        0.000007
FIRE:  1873 04:55:07     -281.989868        0.000007
FIRE:  1874 04:55:08     -281.989868        0.000007
FIRE:  1875 04:55:08     -281.989868        0.000007
FIRE:  1876 04:55:08     -281.989838        0.000006
FIRE:  1877 04:55:08     -281.989868        0.000007
FIRE:  1878 04:55:08     -281.989868        0.000007
FIRE:  1879 04:55:08     -281.989868        0.000007
FIRE:  1880 04:55:08     -281.989868        0.000007
FIRE:  1881 04:55:08     -281.989868        0.000007
FIRE:  1882 04:55:08     -281.989868        0.000007
FIRE:  1883 04:55:09     -281.989868        0.000007
FIRE:  1884 04:55:09     -281.989868        0.000007
FIRE:  1885 04:55:09     -281.989868        0.000007
FIRE:  1886 04:55:09     -281.989868        0.000007
FIRE:  1887 04:55:09     -281.989838        0.000007
FIRE:  1888 04:55:09     -281.989868        0.000007
FIRE:  1889 04:55:09     -281.989868        0.000007
FIRE:  1890 04:55:09     -281.989868        0.000007
FIRE:  1891 04:55:09     -281.989868        0.000007
FIRE:  1892 04:55:10     -281.989868        0.000007
FIRE:  1893 04:55:10     -281.989868        0.000007
FIRE:  1894 04:55:10     -281.989868        0.000007
FIRE:  1895 04:55:10     -281.989868        0.000007
FIRE:  1896 04:55:10     -281.989868        0.000007
FIRE:  1897 04:55:10     -281.989868        0.000007
FIRE:  1898 04:55:10     -281.989868        0.000007
FIRE:  1899 04:55:10     -281.989868        0.000007
FIRE:  1900 04:55:10     -281.989838        0.000006
FIRE:  1901 04:55:11     -281.989868        0.000006
FIRE:  1902 04:55:11     -281.989868        0.000007
FIRE:  1903 04:55:11     -281.989868        0.000007
FIRE:  1904 04:55:11     -281.989868        0.000007
FIRE:  1905 04:55:11     -281.989868        0.000007
FIRE:  1906 04:55:11     -281.989868        0.000007
FIRE:  1907 04:55:11     -281.989868        0.000007
FIRE:  1908 04:55:11     -281.989868        0.000007
FIRE:  1909 04:55:11     -281.989868        0.000007
FIRE:  1910 04:55:12     -281.989868        0.000007
FIRE:  1911 04:55:12     -281.989868        0.000007
FIRE:  1912 04:55:12     -281.989868        0.000007
FIRE:  1913 04:55:12     -281.989868        0.000007
FIRE:  1914 04:55:12     -281.989868        0.000007
FIRE:  1915 04:55:12     -281.989868        0.000007
FIRE:  1916 04:55:12     -281.989868        0.000007
FIRE:  1917 04:55:12     -281.989868        0.000007
FIRE:  1918 04:55:12     -281.989868        0.000007
FIRE:  1919 04:55:13     -281.989868        0.000007
FIRE:  1920 04:55:13     -281.989868        0.000007
FIRE:  1921 04:55:13     -281.989868        0.000007
FIRE:  1922 04:55:13     -281.989868        0.000007
FIRE:  1923 04:55:13     -281.989868        0.000007
FIRE:  1924 04:55:13     -281.989868        0.000007
FIRE:  1925 04:55:13     -281.989868        0.000007
FIRE:  1926 04:55:13     -281.989868        0.000007
FIRE:  1927 04:55:13     -281.989868        0.000007
FIRE:  1928 04:55:14     -281.989868        0.000007
FIRE:  1929 04:55:14     -281.989868        0.000007
FIRE:  1930 04:55:14     -281.989868        0.000007
FIRE:  1931 04:55:14     -281.989868        0.000007
FIRE:  1932 04:55:14     -281.989868        0.000007
FIRE:  1933 04:55:14     -281.989868        0.000007
FIRE:  1934 04:55:14     -281.989868        0.000007
FIRE:  1935 04:55:14     -281.989868        0.000007
FIRE:  1936 04:55:14     -281.989868        0.000007
FIRE:  1937 04:55:15     -281.989868        0.000007
FIRE:  1938 04:55:15     -281.989868        0.000007
FIRE:  1939 04:55:15     -281.989868        0.000007
FIRE:  1940 04:55:15     -281.989868        0.000006
FIRE:  1941 04:55:15     -281.989868        0.000007
FIRE:  1942 04:55:15     -281.989868        0.000007
FIRE:  1943 04:55:15     -281.989868        0.000007
FIRE:  1944 04:55:15     -281.989868        0.000007
FIRE:  1945 04:55:15     -281.989868        0.000007
FIRE:  1946 04:55:16     -281.989868        0.000006
FIRE:  1947 04:55:16     -281.989868        0.000007
FIRE:  1948 04:55:16     -281.989868        0.000007
FIRE:  1949 04:55:16     -281.989868        0.000007
FIRE:  1950 04:55:16     -281.989868        0.000007
FIRE:  1951 04:55:16     -281.989868        0.000007
FIRE:  1952 04:55:16     -281.989868        0.000007
FIRE:  1953 04:55:16     -281.989868        0.000007
FIRE:  1954 04:55:16     -281.989868        0.000007
FIRE:  1955 04:55:17     -281.989868        0.000007
FIRE:  1956 04:55:17     -281.989868        0.000007
FIRE:  1957 04:55:17     -281.989868        0.000007
FIRE:  1958 04:55:17     -281.989868        0.000007
FIRE:  1959 04:55:17     -281.989868        0.000007
FIRE:  1960 04:55:17     -281.989868        0.000007
FIRE:  1961 04:55:17     -281.989868        0.000007
FIRE:  1962 04:55:17     -281.989868        0.000007
FIRE:  1963 04:55:17     -281.989868        0.000007
FIRE:  1964 04:55:18     -281.989868        0.000007
FIRE:  1965 04:55:18     -281.989868        0.000007
FIRE:  1966 04:55:18     -281.989868        0.000007
FIRE:  1967 04:55:18     -281.989868        0.000007
FIRE:  1968 04:55:18     -281.989868        0.000007
FIRE:  1969 04:55:18     -281.989868        0.000006
FIRE:  1970 04:55:18     -281.989868        0.000006
FIRE:  1971 04:55:18     -281.989868        0.000007
FIRE:  1972 04:55:18     -281.989868        0.000007
FIRE:  1973 04:55:19     -281.989868        0.000007
FIRE:  1974 04:55:19     -281.989868        0.000007
FIRE:  1975 04:55:19     -281.989868        0.000007
FIRE:  1976 04:55:19     -281.989868        0.000007
FIRE:  1977 04:55:19     -281.989868        0.000007
FIRE:  1978 04:55:19     -281.989868        0.000007
FIRE:  1979 04:55:19     -281.989868        0.000007
FIRE:  1980 04:55:19     -281.989868        0.000007
FIRE:  1981 04:55:19     -281.989868        0.000007
FIRE:  1982 04:55:20     -281.989868        0.000007
FIRE:  1983 04:55:20     -281.989868        0.000007
FIRE:  1984 04:55:20     -281.989868        0.000007
FIRE:  1985 04:55:20     -281.989868        0.000007
FIRE:  1986 04:55:20     -281.989868        0.000007
FIRE:  1987 04:55:20     -281.989868        0.000007
FIRE:  1988 04:55:20     -281.989868        0.000007
FIRE:  1989 04:55:20     -281.989868        0.000007
FIRE:  1990 04:55:20     -281.989868        0.000007
FIRE:  1991 04:55:21     -281.989868        0.000007
FIRE:  1992 04:55:21     -281.989868        0.000007
FIRE:  1993 04:55:21     -281.989868        0.000007
FIRE:  1994 04:55:21     -281.989868        0.000006
FIRE:  1995 04:55:21     -281.989868        0.000007
FIRE:  1996 04:55:21     -281.989868        0.000007
FIRE:  1997 04:55:21     -281.989868        0.000007
FIRE:  1998 04:55:21     -281.989868        0.000007
FIRE:  1999 04:55:21     -281.989868        0.000007
FIRE:  2000 04:55:22     -281.989868        0.000007
FIRE:  2001 04:55:22     -281.989868        0.000007
FIRE:  2002 04:55:22     -281.989868        0.000007
FIRE:  2003 04:55:22     -281.989868        0.000007
FIRE:  2004 04:55:22     -281.989868        0.000007
FIRE:  2005 04:55:22     -281.989868        0.000007
FIRE:  2006 04:55:22     -281.989868        0.000007
FIRE:  2007 04:55:22     -281.989868        0.000007
FIRE:  2008 04:55:22     -281.989868        0.000007
FIRE:  2009 04:55:23     -281.989868        0.000007
FIRE:  2010 04:55:23     -281.989868        0.000007
FIRE:  2011 04:55:23     -281.989868        0.000007
FIRE:  2012 04:55:23     -281.989868        0.000007
FIRE:  2013 04:55:23     -281.989868        0.000007
FIRE:  2014 04:55:23     -281.989868        0.000007
FIRE:  2015 04:55:23     -281.989868        0.000007
FIRE:  2016 04:55:23     -281.989807        0.000007
FIRE:  2017 04:55:23     -281.989838        0.000007
FIRE:  2018 04:55:24     -281.989868        0.000007
FIRE:  2019 04:55:24     -281.989868        0.000007
FIRE:  2020 04:55:24     -281.989868        0.000007
FIRE:  2021 04:55:24     -281.989868        0.000007
FIRE:  2022 04:55:24     -281.989868        0.000007
FIRE:  2023 04:55:24     -281.989868        0.000007
FIRE:  2024 04:55:24     -281.989868        0.000007
FIRE:  2025 04:55:24     -281.989868        0.000007
FIRE:  2026 04:55:24     -281.989868        0.000007
FIRE:  2027 04:55:25     -281.989868        0.000007
FIRE:  2028 04:55:25     -281.989868        0.000007
FIRE:  2029 04:55:25     -281.989868        0.000007
FIRE:  2030 04:55:25     -281.989868        0.000007
FIRE:  2031 04:55:25     -281.989868        0.000007
FIRE:  2032 04:55:25     -281.989868        0.000007
FIRE:  2033 04:55:25     -281.989868        0.000007
FIRE:  2034 04:55:25     -281.989868        0.000007
FIRE:  2035 04:55:25     -281.989868        0.000007
FIRE:  2036 04:55:26     -281.989868        0.000007
FIRE:  2037 04:55:26     -281.989868        0.000007
FIRE:  2038 04:55:26     -281.989868        0.000007
FIRE:  2039 04:55:26     -281.989868        0.000007
FIRE:  2040 04:55:26     -281.989868        0.000006
FIRE:  2041 04:55:26     -281.989868        0.000007
FIRE:  2042 04:55:26     -281.989868        0.000007
FIRE:  2043 04:55:26     -281.989868        0.000007
FIRE:  2044 04:55:26     -281.989868        0.000007
FIRE:  2045 04:55:27     -281.989868        0.000007
FIRE:  2046 04:55:27     -281.989868        0.000007
FIRE:  2047 04:55:27     -281.989868        0.000007
FIRE:  2048 04:55:27     -281.989868        0.000007
FIRE:  2049 04:55:27     -281.989868        0.000007
FIRE:  2050 04:55:27     -281.989868        0.000007
FIRE:  2051 04:55:27     -281.989868        0.000007
FIRE:  2052 04:55:27     -281.989868        0.000007
FIRE:  2053 04:55:27     -281.989868        0.000007
FIRE:  2054 04:55:28     -281.989868        0.000007
FIRE:  2055 04:55:28     -281.989838        0.000007
FIRE:  2056 04:55:28     -281.989868        0.000007
FIRE:  2057 04:55:28     -281.989868        0.000007
FIRE:  2058 04:55:28     -281.989868        0.000007
FIRE:  2059 04:55:28     -281.989868        0.000007
FIRE:  2060 04:55:28     -281.989868        0.000007
FIRE:  2061 04:55:28     -281.989868        0.000007
FIRE:  2062 04:55:28     -281.989868        0.000007
FIRE:  2063 04:55:28     -281.989868        0.000007
FIRE:  2064 04:55:29     -281.989868        0.000007
FIRE:  2065 04:55:29     -281.989868        0.000007
FIRE:  2066 04:55:29     -281.989868        0.000007
FIRE:  2067 04:55:29     -281.989868        0.000007
FIRE:  2068 04:55:29     -281.989868        0.000007
FIRE:  2069 04:55:29     -281.989838        0.000007
FIRE:  2070 04:55:29     -281.989838        0.000007
FIRE:  2071 04:55:29     -281.989868        0.000007
FIRE:  2072 04:55:29     -281.989868        0.000007
FIRE:  2073 04:55:30     -281.989868        0.000007
FIRE:  2074 04:55:30     -281.989868        0.000007
FIRE:  2075 04:55:30     -281.989868        0.000007
FIRE:  2076 04:55:30     -281.989868        0.000007
FIRE:  2077 04:55:30     -281.989868        0.000007
FIRE:  2078 04:55:30     -281.989868        0.000007
FIRE:  2079 04:55:30     -281.989868        0.000007
FIRE:  2080 04:55:30     -281.989868        0.000007
FIRE:  2081 04:55:30     -281.989868        0.000007
FIRE:  2082 04:55:31     -281.989838        0.000007
FIRE:  2083 04:55:31     -281.989868        0.000007
FIRE:  2084 04:55:31     -281.989868        0.000007
FIRE:  2085 04:55:31     -281.989868        0.000007
FIRE:  2086 04:55:31     -281.989868        0.000007
FIRE:  2087 04:55:31     -281.989868        0.000007
FIRE:  2088 04:55:31     -281.989868        0.000007
FIRE:  2089 04:55:31     -281.989868        0.000007
FIRE:  2090 04:55:31     -281.989868        0.000007
FIRE:  2091 04:55:32     -281.989868        0.000007
FIRE:  2092 04:55:32     -281.989868        0.000006
FIRE:  2093 04:55:32     -281.989868        0.000007
FIRE:  2094 04:55:32     -281.989868        0.000007
FIRE:  2095 04:55:32     -281.989868        0.000007
FIRE:  2096 04:55:32     -281.989868        0.000007
FIRE:  2097 04:55:32     -281.989868        0.000007
FIRE:  2098 04:55:32     -281.989868        0.000007
FIRE:  2099 04:55:32     -281.989868        0.000007
FIRE:  2100 04:55:33     -281.989868        0.000007
FIRE:  2101 04:55:33     -281.989868        0.000007
FIRE:  2102 04:55:33     -281.989868        0.000007
FIRE:  2103 04:55:33     -281.989868        0.000007
FIRE:  2104 04:55:33     -281.989868        0.000007
FIRE:  2105 04:55:33     -281.989868        0.000007
FIRE:  2106 04:55:33     -281.989868        0.000007
FIRE:  2107 04:55:33     -281.989868        0.000007
FIRE:  2108 04:55:33     -281.989868        0.000007
FIRE:  2109 04:55:34     -281.989868        0.000007
FIRE:  2110 04:55:34     -281.989868        0.000007
FIRE:  2111 04:55:34     -281.989868        0.000007
FIRE:  2112 04:55:34     -281.989868        0.000007
FIRE:  2113 04:55:34     -281.989868        0.000007
FIRE:  2114 04:55:34     -281.989868        0.000007
FIRE:  2115 04:55:34     -281.989868        0.000007
FIRE:  2116 04:55:34     -281.989868        0.000006
FIRE:  2117 04:55:34     -281.989868        0.000006
FIRE:  2118 04:55:35     -281.989868        0.000007
FIRE:  2119 04:55:35     -281.989868        0.000007
FIRE:  2120 04:55:35     -281.989868        0.000007
FIRE:  2121 04:55:35     -281.989868        0.000007
FIRE:  2122 04:55:35     -281.989868        0.000007
FIRE:  2123 04:55:35     -281.989868        0.000007
FIRE:  2124 04:55:35     -281.989868        0.000007
FIRE:  2125 04:55:35     -281.989868        0.000007
FIRE:  2126 04:55:35     -281.989868        0.000007
FIRE:  2127 04:55:36     -281.989868        0.000007
FIRE:  2128 04:55:36     -281.989868        0.000007
FIRE:  2129 04:55:36     -281.989868        0.000007
FIRE:  2130 04:55:36     -281.989868        0.000007
FIRE:  2131 04:55:36     -281.989868        0.000007
FIRE:  2132 04:55:36     -281.989868        0.000007
FIRE:  2133 04:55:36     -281.989868        0.000007
FIRE:  2134 04:55:36     -281.989868        0.000007
FIRE:  2135 04:55:36     -281.989868        0.000007
FIRE:  2136 04:55:37     -281.989868        0.000007
FIRE:  2137 04:55:37     -281.989868        0.000007
FIRE:  2138 04:55:37     -281.989868        0.000007
FIRE:  2139 04:55:37     -281.989868        0.000007
FIRE:  2140 04:55:37     -281.989868        0.000006
FIRE:  2141 04:55:37     -281.989868        0.000007
FIRE:  2142 04:55:37     -281.989868        0.000007
FIRE:  2143 04:55:37     -281.989868        0.000007
FIRE:  2144 04:55:37     -281.989868        0.000007
FIRE:  2145 04:55:37     -281.989868        0.000007
FIRE:  2146 04:55:38     -281.989868        0.000007
FIRE:  2147 04:55:38     -281.989868        0.000007
FIRE:  2148 04:55:38     -281.989868        0.000007
FIRE:  2149 04:55:38     -281.989868        0.000007
FIRE:  2150 04:55:38     -281.989868        0.000007
FIRE:  2151 04:55:38     -281.989868        0.000007
FIRE:  2152 04:55:38     -281.989868        0.000007
FIRE:  2153 04:55:38     -281.989868        0.000007
FIRE:  2154 04:55:38     -281.989868        0.000007
FIRE:  2155 04:55:39     -281.989868        0.000007
FIRE:  2156 04:55:39     -281.989868        0.000007
FIRE:  2157 04:55:39     -281.989868        0.000007
FIRE:  2158 04:55:39     -281.989868        0.000007
FIRE:  2159 04:55:39     -281.989868        0.000007
FIRE:  2160 04:55:39     -281.989868        0.000007
FIRE:  2161 04:55:39     -281.989868        0.000007
FIRE:  2162 04:55:39     -281.989868        0.000007
FIRE:  2163 04:55:39     -281.989868        0.000007
FIRE:  2164 04:55:40     -281.989868        0.000006
FIRE:  2165 04:55:40     -281.989868        0.000007
FIRE:  2166 04:55:40     -281.989868        0.000007
FIRE:  2167 04:55:40     -281.989868        0.000007
FIRE:  2168 04:55:40     -281.989868        0.000007
FIRE:  2169 04:55:40     -281.989868        0.000007
FIRE:  2170 04:55:40     -281.989868        0.000007
FIRE:  2171 04:55:40     -281.989868        0.000007
FIRE:  2172 04:55:40     -281.989868        0.000007
FIRE:  2173 04:55:41     -281.989868        0.000007
FIRE:  2174 04:55:41     -281.989868        0.000007
FIRE:  2175 04:55:41     -281.989868        0.000007
FIRE:  2176 04:55:41     -281.989868        0.000007
FIRE:  2177 04:55:41     -281.989868        0.000007
FIRE:  2178 04:55:41     -281.989868        0.000007
FIRE:  2179 04:55:41     -281.989868        0.000007
FIRE:  2180 04:55:41     -281.989868        0.000007
FIRE:  2181 04:55:41     -281.989868        0.000007
FIRE:  2182 04:55:42     -281.989868        0.000007
FIRE:  2183 04:55:42     -281.989868        0.000007
FIRE:  2184 04:55:42     -281.989868        0.000007
FIRE:  2185 04:55:42     -281.989868        0.000007
FIRE:  2186 04:55:42     -281.989868        0.000007
FIRE:  2187 04:55:42     -281.989868        0.000007
FIRE:  2188 04:55:42     -281.989868        0.000007
FIRE:  2189 04:55:42     -281.989868        0.000007
FIRE:  2190 04:55:42     -281.989868        0.000007
FIRE:  2191 04:55:43     -281.989868        0.000007
FIRE:  2192 04:55:43     -281.989868        0.000007
FIRE:  2193 04:55:43     -281.989868        0.000007
FIRE:  2194 04:55:43     -281.989868        0.000007
FIRE:  2195 04:55:43     -281.989868        0.000007
FIRE:  2196 04:55:43     -281.989868        0.000007
FIRE:  2197 04:55:43     -281.989868        0.000007
FIRE:  2198 04:55:43     -281.989868        0.000007
FIRE:  2199 04:55:43     -281.989868        0.000007
FIRE:  2200 04:55:44     -281.989868        0.000007
FIRE:  2201 04:55:44     -281.989868        0.000007
FIRE:  2202 04:55:44     -281.989868        0.000007
FIRE:  2203 04:55:44     -281.989868        0.000007
FIRE:  2204 04:55:44     -281.989868        0.000007
FIRE:  2205 04:55:44     -281.989868        0.000007
FIRE:  2206 04:55:44     -281.989868        0.000007
FIRE:  2207 04:55:44     -281.989868        0.000007
FIRE:  2208 04:55:44     -281.989868        0.000006
FIRE:  2209 04:55:45     -281.989838        0.000007
FIRE:  2210 04:55:45     -281.989838        0.000007
FIRE:  2211 04:55:45     -281.989868        0.000007
FIRE:  2212 04:55:45     -281.989868        0.000007
FIRE:  2213 04:55:45     -281.989868        0.000007
FIRE:  2214 04:55:45     -281.989868        0.000007
FIRE:  2215 04:55:45     -281.989868        0.000007
FIRE:  2216 04:55:45     -281.989868        0.000007
FIRE:  2217 04:55:45     -281.989868        0.000007
FIRE:  2218 04:55:46     -281.989868        0.000007
FIRE:  2219 04:55:46     -281.989868        0.000007
FIRE:  2220 04:55:46     -281.989868        0.000007
FIRE:  2221 04:55:46     -281.989868        0.000007
FIRE:  2222 04:55:46     -281.989868        0.000007
FIRE:  2223 04:55:46     -281.989868        0.000007
FIRE:  2224 04:55:46     -281.989868        0.000007
FIRE:  2225 04:55:46     -281.989868        0.000007
FIRE:  2226 04:55:46     -281.989868        0.000007
FIRE:  2227 04:55:47     -281.989868        0.000007
FIRE:  2228 04:55:47     -281.989868        0.000007
FIRE:  2229 04:55:47     -281.989868        0.000007
FIRE:  2230 04:55:47     -281.989868        0.000007
FIRE:  2231 04:55:47     -281.989868        0.000007
FIRE:  2232 04:55:47     -281.989868        0.000007
FIRE:  2233 04:55:47     -281.989868        0.000006
FIRE:  2234 04:55:47     -281.989838        0.000007
FIRE:  2235 04:55:47     -281.989868        0.000007
FIRE:  2236 04:55:47     -281.989868        0.000007
FIRE:  2237 04:55:48     -281.989868        0.000007
FIRE:  2238 04:55:48     -281.989868        0.000007
FIRE:  2239 04:55:48     -281.989868        0.000007
FIRE:  2240 04:55:48     -281.989868        0.000007
FIRE:  2241 04:55:48     -281.989868        0.000007
FIRE:  2242 04:55:48     -281.989868        0.000007
FIRE:  2243 04:55:48     -281.989868        0.000007
FIRE:  2244 04:55:48     -281.989868        0.000007
FIRE:  2245 04:55:48     -281.989868        0.000007
FIRE:  2246 04:55:49     -281.989868        0.000007
FIRE:  2247 04:55:49     -281.989868        0.000007
FIRE:  2248 04:55:49     -281.989868        0.000007
FIRE:  2249 04:55:49     -281.989868        0.000007
FIRE:  2250 04:55:49     -281.989868        0.000007
FIRE:  2251 04:55:49     -281.989868        0.000007
FIRE:  2252 04:55:49     -281.989868        0.000007
FIRE:  2253 04:55:49     -281.989868        0.000007
FIRE:  2254 04:55:49     -281.989868        0.000007
FIRE:  2255 04:55:50     -281.989868        0.000007
FIRE:  2256 04:55:50     -281.989868        0.000006
FIRE:  2257 04:55:50     -281.989838        0.000007
FIRE:  2258 04:55:50     -281.989868        0.000007
FIRE:  2259 04:55:50     -281.989868        0.000007
FIRE:  2260 04:55:50     -281.989868        0.000007
FIRE:  2261 04:55:50     -281.989868        0.000007
FIRE:  2262 04:55:50     -281.989868        0.000007
FIRE:  2263 04:55:50     -281.989868        0.000007
FIRE:  2264 04:55:51     -281.989868        0.000007
FIRE:  2265 04:55:51     -281.989868        0.000007
FIRE:  2266 04:55:51     -281.989868        0.000007
FIRE:  2267 04:55:51     -281.989868        0.000007
FIRE:  2268 04:55:51     -281.989868        0.000007
FIRE:  2269 04:55:51     -281.989868        0.000007
FIRE:  2270 04:55:51     -281.989868        0.000007
FIRE:  2271 04:55:51     -281.989868        0.000007
FIRE:  2272 04:55:51     -281.989868        0.000007
FIRE:  2273 04:55:52     -281.989868        0.000007
FIRE:  2274 04:55:52     -281.989868        0.000007
FIRE:  2275 04:55:52     -281.989868        0.000007
FIRE:  2276 04:55:52     -281.989868        0.000007
FIRE:  2277 04:55:52     -281.989868        0.000007
FIRE:  2278 04:55:52     -281.989868        0.000007
FIRE:  2279 04:55:52     -281.989868        0.000006
FIRE:  2280 04:55:52     -281.989868        0.000007
FIRE:  2281 04:55:52     -281.989868        0.000007
FIRE:  2282 04:55:53     -281.989868        0.000007
FIRE:  2283 04:55:53     -281.989868        0.000007
FIRE:  2284 04:55:53     -281.989868        0.000007
FIRE:  2285 04:55:53     -281.989868        0.000007
FIRE:  2286 04:55:53     -281.989868        0.000007
FIRE:  2287 04:55:53     -281.989868        0.000007
FIRE:  2288 04:55:53     -281.989868        0.000007
FIRE:  2289 04:55:53     -281.989868        0.000007
FIRE:  2290 04:55:53     -281.989868        0.000007
FIRE:  2291 04:55:54     -281.989868        0.000007
FIRE:  2292 04:55:54     -281.989868        0.000007
FIRE:  2293 04:55:54     -281.989868        0.000007
FIRE:  2294 04:55:54     -281.989838        0.000007
FIRE:  2295 04:55:54     -281.989868        0.000007
FIRE:  2296 04:55:54     -281.989868        0.000007
FIRE:  2297 04:55:54     -281.989868        0.000007
FIRE:  2298 04:55:54     -281.989868        0.000007
FIRE:  2299 04:55:54     -281.989868        0.000007
FIRE:  2300 04:55:55     -281.989868        0.000007
FIRE:  2301 04:55:55     -281.989868        0.000007
FIRE:  2302 04:55:55     -281.989868        0.000007
FIRE:  2303 04:55:55     -281.989868        0.000007
FIRE:  2304 04:55:55     -281.989868        0.000007
FIRE:  2305 04:55:55     -281.989868        0.000007
FIRE:  2306 04:55:55     -281.989868        0.000007
FIRE:  2307 04:55:55     -281.989868        0.000007
FIRE:  2308 04:55:55     -281.989868        0.000007
FIRE:  2309 04:55:56     -281.989868        0.000007
FIRE:  2310 04:55:56     -281.989868        0.000006
FIRE:  2311 04:55:56     -281.989838        0.000007
FIRE:  2312 04:55:56     -281.989868        0.000007
FIRE:  2313 04:55:56     -281.989868        0.000007
FIRE:  2314 04:55:56     -281.989868        0.000007
FIRE:  2315 04:55:56     -281.989868        0.000007
FIRE:  2316 04:55:56     -281.989868        0.000007
FIRE:  2317 04:55:56     -281.989868        0.000007
FIRE:  2318 04:55:57     -281.989868        0.000007
FIRE:  2319 04:55:57     -281.989868        0.000007
FIRE:  2320 04:55:57     -281.989868        0.000007
FIRE:  2321 04:55:57     -281.989868        0.000007
FIRE:  2322 04:55:57     -281.989868        0.000007
FIRE:  2323 04:55:57     -281.989868        0.000007
FIRE:  2324 04:55:57     -281.989868        0.000007
FIRE:  2325 04:55:57     -281.989868        0.000007
FIRE:  2326 04:55:57     -281.989868        0.000007
FIRE:  2327 04:55:58     -281.989868        0.000007
FIRE:  2328 04:55:58     -281.989868        0.000007
FIRE:  2329 04:55:58     -281.989868        0.000007
FIRE:  2330 04:55:58     -281.989868        0.000007
FIRE:  2331 04:55:58     -281.989838        0.000006
FIRE:  2332 04:55:58     -281.989868        0.000007
FIRE:  2333 04:55:58     -281.989868        0.000007
FIRE:  2334 04:55:58     -281.989868        0.000007
FIRE:  2335 04:55:58     -281.989868        0.000007
FIRE:  2336 04:55:58     -281.989868        0.000007
FIRE:  2337 04:55:59     -281.989868        0.000007
FIRE:  2338 04:55:59     -281.989868        0.000007
FIRE:  2339 04:55:59     -281.989868        0.000007
FIRE:  2340 04:55:59     -281.989868        0.000007
FIRE:  2341 04:55:59     -281.989868        0.000007
FIRE:  2342 04:55:59     -281.989868        0.000007
FIRE:  2343 04:55:59     -281.989868        0.000007
FIRE:  2344 04:55:59     -281.989868        0.000007
FIRE:  2345 04:55:59     -281.989868        0.000007
FIRE:  2346 04:56:00     -281.989868        0.000007
FIRE:  2347 04:56:00     -281.989868        0.000007
FIRE:  2348 04:56:00     -281.989868        0.000007
FIRE:  2349 04:56:00     -281.989868        0.000007
FIRE:  2350 04:56:00     -281.989868        0.000007
FIRE:  2351 04:56:00     -281.989868        0.000007
FIRE:  2352 04:56:00     -281.989868        0.000007
FIRE:  2353 04:56:00     -281.989868        0.000007
FIRE:  2354 04:56:00     -281.989868        0.000007
FIRE:  2355 04:56:01     -281.989868        0.000006
FIRE:  2356 04:56:01     -281.989868        0.000007
FIRE:  2357 04:56:01     -281.989868        0.000007
FIRE:  2358 04:56:01     -281.989868        0.000007
FIRE:  2359 04:56:01     -281.989868        0.000007
FIRE:  2360 04:56:01     -281.989868        0.000007
FIRE:  2361 04:56:01     -281.989868        0.000007
FIRE:  2362 04:56:01     -281.989868        0.000007
FIRE:  2363 04:56:01     -281.989868        0.000007
FIRE:  2364 04:56:02     -281.989868        0.000007
FIRE:  2365 04:56:02     -281.989868        0.000007
FIRE:  2366 04:56:02     -281.989868        0.000007
FIRE:  2367 04:56:02     -281.989868        0.000007
FIRE:  2368 04:56:02     -281.989868        0.000007
FIRE:  2369 04:56:02     -281.989868        0.000007
FIRE:  2370 04:56:02     -281.989868        0.000007
FIRE:  2371 04:56:02     -281.989868        0.000007
FIRE:  2372 04:56:02     -281.989868        0.000007
FIRE:  2373 04:56:03     -281.989868        0.000007
FIRE:  2374 04:56:03     -281.989868        0.000007
FIRE:  2375 04:56:03     -281.989868        0.000007
FIRE:  2376 04:56:03     -281.989868        0.000007
FIRE:  2377 04:56:03     -281.989868        0.000007
FIRE:  2378 04:56:03     -281.989838        0.000007
FIRE:  2379 04:56:03     -281.989868        0.000007
FIRE:  2380 04:56:03     -281.989868        0.000007
FIRE:  2381 04:56:03     -281.989868        0.000007
FIRE:  2382 04:56:04     -281.989868        0.000007
FIRE:  2383 04:56:04     -281.989868        0.000007
FIRE:  2384 04:56:04     -281.989868        0.000007
FIRE:  2385 04:56:04     -281.989868        0.000007
FIRE:  2386 04:56:04     -281.989868        0.000007
FIRE:  2387 04:56:04     -281.989868        0.000007
FIRE:  2388 04:56:04     -281.989868        0.000007
FIRE:  2389 04:56:04     -281.989868        0.000007
FIRE:  2390 04:56:04     -281.989868        0.000007
FIRE:  2391 04:56:05     -281.989868        0.000007
FIRE:  2392 04:56:05     -281.989868        0.000007
FIRE:  2393 04:56:05     -281.989868        0.000007
FIRE:  2394 04:56:05     -281.989868        0.000007
FIRE:  2395 04:56:05     -281.989868        0.000007
FIRE:  2396 04:56:05     -281.989868        0.000007
FIRE:  2397 04:56:05     -281.989868        0.000007
FIRE:  2398 04:56:05     -281.989868        0.000007
FIRE:  2399 04:56:05     -281.989868        0.000007
FIRE:  2400 04:56:06     -281.989868        0.000007
FIRE:  2401 04:56:06     -281.989868        0.000007
FIRE:  2402 04:56:06     -281.989868        0.000007
FIRE:  2403 04:56:06     -281.989868        0.000007
FIRE:  2404 04:56:06     -281.989868        0.000007
FIRE:  2405 04:56:06     -281.989868        0.000007
FIRE:  2406 04:56:06     -281.989868        0.000007
FIRE:  2407 04:56:06     -281.989868        0.000007
FIRE:  2408 04:56:06     -281.989838        0.000007
FIRE:  2409 04:56:07     -281.989868        0.000006
FIRE:  2410 04:56:07     -281.989868        0.000007
FIRE:  2411 04:56:07     -281.989868        0.000007
FIRE:  2412 04:56:07     -281.989868        0.000007
FIRE:  2413 04:56:07     -281.989868        0.000007
FIRE:  2414 04:56:07     -281.989868        0.000007
FIRE:  2415 04:56:07     -281.989868        0.000007
FIRE:  2416 04:56:07     -281.989868        0.000007
FIRE:  2417 04:56:07     -281.989868        0.000007
FIRE:  2418 04:56:08     -281.989868        0.000007
FIRE:  2419 04:56:08     -281.989868        0.000007
FIRE:  2420 04:56:08     -281.989868        0.000007
FIRE:  2421 04:56:08     -281.989868        0.000007
FIRE:  2422 04:56:08     -281.989868        0.000007
FIRE:  2423 04:56:08     -281.989868        0.000007
FIRE:  2424 04:56:08     -281.989868        0.000007
FIRE:  2425 04:56:08     -281.989868        0.000007
FIRE:  2426 04:56:08     -281.989868        0.000007
FIRE:  2427 04:56:08     -281.989868        0.000007
FIRE:  2428 04:56:09     -281.989868        0.000007
FIRE:  2429 04:56:09     -281.989868        0.000007
FIRE:  2430 04:56:09     -281.989868        0.000007
FIRE:  2431 04:56:09     -281.989868        0.000006
FIRE:  2432 04:56:09     -281.989868        0.000007
FIRE:  2433 04:56:09     -281.989868        0.000007
FIRE:  2434 04:56:09     -281.989868        0.000007
FIRE:  2435 04:56:09     -281.989868        0.000007
FIRE:  2436 04:56:09     -281.989868        0.000007
FIRE:  2437 04:56:10     -281.989868        0.000007
FIRE:  2438 04:56:10     -281.989868        0.000007
FIRE:  2439 04:56:10     -281.989868        0.000007
FIRE:  2440 04:56:10     -281.989868        0.000007
FIRE:  2441 04:56:10     -281.989868        0.000007
FIRE:  2442 04:56:10     -281.989868        0.000007
FIRE:  2443 04:56:10     -281.989868        0.000007
FIRE:  2444 04:56:10     -281.989868        0.000007
FIRE:  2445 04:56:10     -281.989868        0.000007
FIRE:  2446 04:56:11     -281.989868        0.000007
FIRE:  2447 04:56:11     -281.989868        0.000007
FIRE:  2448 04:56:11     -281.989868        0.000007
FIRE:  2449 04:56:11     -281.989868        0.000007
FIRE:  2450 04:56:11     -281.989868        0.000007
FIRE:  2451 04:56:11     -281.989868        0.000007
FIRE:  2452 04:56:11     -281.989868        0.000007
FIRE:  2453 04:56:11     -281.989868        0.000007
FIRE:  2454 04:56:11     -281.989868        0.000007
FIRE:  2455 04:56:12     -281.989838        0.000006
FIRE:  2456 04:56:12     -281.989868        0.000007
FIRE:  2457 04:56:12     -281.989868        0.000007
FIRE:  2458 04:56:12     -281.989868        0.000007
FIRE:  2459 04:56:12     -281.989868        0.000007
FIRE:  2460 04:56:12     -281.989868        0.000007
FIRE:  2461 04:56:12     -281.989868        0.000007
FIRE:  2462 04:56:12     -281.989868        0.000007
FIRE:  2463 04:56:12     -281.989868        0.000007
FIRE:  2464 04:56:13     -281.989868        0.000007
FIRE:  2465 04:56:13     -281.989868        0.000007
FIRE:  2466 04:56:13     -281.989868        0.000007
FIRE:  2467 04:56:13     -281.989868        0.000007
FIRE:  2468 04:56:13     -281.989868        0.000007
FIRE:  2469 04:56:13     -281.989868        0.000007
FIRE:  2470 04:56:13     -281.989868        0.000006
FIRE:  2471 04:56:13     -281.989868        0.000007
FIRE:  2472 04:56:13     -281.989868        0.000007
FIRE:  2473 04:56:14     -281.989868        0.000007
FIRE:  2474 04:56:14     -281.989868        0.000007
FIRE:  2475 04:56:14     -281.989868        0.000007
FIRE:  2476 04:56:14     -281.989868        0.000007
FIRE:  2477 04:56:14     -281.989868        0.000007
FIRE:  2478 04:56:14     -281.989868        0.000007
FIRE:  2479 04:56:14     -281.989868        0.000007
FIRE:  2480 04:56:14     -281.989868        0.000007
FIRE:  2481 04:56:14     -281.989868        0.000007
FIRE:  2482 04:56:15     -281.989868        0.000007
FIRE:  2483 04:56:15     -281.989868        0.000007
FIRE:  2484 04:56:15     -281.989868        0.000007
FIRE:  2485 04:56:15     -281.989868        0.000007
FIRE:  2486 04:56:15     -281.989868        0.000007
FIRE:  2487 04:56:15     -281.989868        0.000007
FIRE:  2488 04:56:15     -281.989868        0.000007
FIRE:  2489 04:56:15     -281.989868        0.000007
FIRE:  2490 04:56:15     -281.989868        0.000007
FIRE:  2491 04:56:16     -281.989868        0.000007
FIRE:  2492 04:56:16     -281.989868        0.000007
FIRE:  2493 04:56:16     -281.989838        0.000006
FIRE:  2494 04:56:16     -281.989868        0.000007
FIRE:  2495 04:56:16     -281.989868        0.000007
FIRE:  2496 04:56:16     -281.989868        0.000007
FIRE:  2497 04:56:16     -281.989868        0.000007
FIRE:  2498 04:56:16     -281.989868        0.000007
FIRE:  2499 04:56:16     -281.989868        0.000007
FIRE:  2500 04:56:17     -281.989868        0.000007
      Step     Time          Energy          fmax
FIRE:    0 04:56:17     -281.989868        0.000007
