# temperature    2.000000000000000
#    0.000000925155338   -0.000146749304302    0.008715770325428   -0.229714841139503    2.267832300387003
  36.101036233549586    0.000898600000000
  38.404683990169943    0.000898100000000
  40.804303468548341    0.000898100000000
  43.301853275251254    0.000897900000000
  45.899292016845159    0.001795700000000


# temperature    4.000000000000000
#    0.000001214889063   -0.000194661290286    0.011682054940000   -0.311221691529080    3.107004061947149
  36.101036233549586    0.001374200000000
  38.404683990169943    0.001221900000000
  40.804303468548341    0.001192800000000
  43.301853275251254    0.001129800000000
  45.899292016845159    0.002014600000000


# temperature    6.000000000000000
#    0.000002618436138   -0.000426321846178    0.025996785714255   -0.703776045638099    7.141236709244758
  36.101036233549586    0.004542400000000
  38.404683990169943    0.003727200000000
  40.804303468548341    0.003584600000000
  43.301853275251254    0.003232500000000
  45.899292016845159    0.004098900000000


# temperature    8.000000000000000
#    0.000005478465836   -0.000898508848034    0.055183436724922   -1.504435129391175   15.373281994151954
  36.101036233549586    0.012024900000000
  38.404683990169943    0.009877700000000
  40.804303468548341    0.009551200000000
  43.301853275251254    0.008678100000000
  45.899292016845159    0.009585400000000


# temperature   10.000000000000000
#    0.000010917460640   -0.001798727470737    0.110974103657231   -3.039140325788311   31.197461421817174
  36.101036233549586    0.026072000000000
  38.404683990169943    0.021043300000000
  40.804303468548341    0.020302300000000
  43.301853275251254    0.018496100000000
  45.899292016845159    0.019453600000000


# temperature   12.000000000000000
#    0.000021494483587   -0.003556026496571    0.220320437224695   -6.059858974522967   62.479683613886905
  36.101036233549586    0.051453000000000
  38.404683990169943    0.039577300000000
  40.804303468548341    0.037665400000000
  43.301853275251254    0.034085300000000
  45.899292016845159    0.034975500000000


# temperature   14.000000000000000
#    0.000041030655511   -0.006811086202045    0.423480486801515  -11.690512731836471  120.988578781159134
  36.101036233549586    0.096172300000000
  38.404683990169943    0.069484800000000
  40.804303468548341    0.064569400000000
  43.301853275251254    0.057555100000000
  45.899292016845159    0.058014700000000


# temperature   16.000000000000000
#    0.000073196017385   -0.012177076966244    0.758857304137728  -21.000175632230196  217.894572669275277
  36.101036233549586    0.170217500000000
  38.404683990169943    0.116607900000000
  40.804303468548341    0.105369700000000
  43.301853275251254    0.092046700000000
  45.899292016845159    0.091296300000000


# temperature   18.000000000000000
#    0.000120040925437   -0.019992660065701    1.247426021276330  -34.566720169255518  359.183681179126893
  36.101036233549586    0.283024900000000
  38.404683990169943    0.187838700000000
  40.804303468548341    0.165553500000000
  43.301853275251254    0.141750000000000
  45.899292016845159    0.138498000000000


# temperature   20.000000000000000
#    0.000181454421556   -0.030232545611147    1.887191573083362  -52.323909405402006  544.070132295748522
  36.101036233549586    0.441326000000000
  38.404683990169943    0.289792000000000
  40.804303468548341    0.250902300000000
  43.301853275251254    0.211485200000000
  45.899292016845159    0.203993500000000


# temperature   22.000000000000000
#    0.000255486415939   -0.042563782043253    2.656863137865052  -73.667528556067268  766.139205281428985
  36.101036233549586    0.648196000000000
  38.404683990169943    0.427619500000000
  40.804303468548341    0.366529200000000
  43.301853275251254    0.306021700000000
  45.899292016845159    0.292316300000000


# temperature   24.000000000000000
#    0.000339059428031   -0.056466777924229    3.523564194319909  -97.673484087887729 1015.657701674206919
  36.101036233549586    0.903182900000000
  38.404683990169943    0.604344600000000
  40.804303468548341    0.516154100000000
  43.301853275251254    0.429407200000000
  45.899292016845159    0.407555500000000


# temperature   26.000000000000000
#    0.000428673466023   -0.071354149195240    4.450344646704715 -123.308821854808755 1281.796699714133865
  36.101036233549586    1.203045800000000
  38.404683990169943    0.820736900000000
  40.804303468548341    0.701755400000000
  43.301853275251254    0.584500700000000
  45.899292016845159    0.552874100000000


# temperature   28.000000000000000
#    0.000520931728417   -0.086658593161878    5.401689018672856 -149.585259716788414 1554.237955376891932
  36.101036233549586    1.542680700000000
  38.404683990169943    1.075571600000000
  40.804303468548341    0.923567600000000
  43.301853275251254    0.772770600000000
  45.899292016845159    0.730244000000000


# temperature   30.000000000000000
#    0.000612851975006   -0.101884355967243    6.346706775992590 -175.647166361729489 1824.085647985132255
  36.101036233549586    1.915977100000000
  38.404683990169943    1.366084400000000
  40.804303468548341    1.180314200000000
  43.301853275251254    0.994326200000000
  45.899292016845159    0.940396400000000


# temperature   32.000000000000000
#    0.000702017014325   -0.116631551097477    7.260604568759920 -200.811200132651322 2084.267886010938128
  36.101036233549586    2.316498600000000
  38.404683990169943    1.688475200000000
  40.804303468548341    1.469559500000000
  43.301853275251254    1.248106900000000
  45.899292016845159    1.182938700000000


# temperature   34.000000000000000
#    0.000786595212777   -0.130598844274234    8.124808210248844 -224.568469282971847 2329.547692748591999
  36.101036233549586    2.737966100000000
  38.404683990169943    2.038371600000000
  40.804303468548341    1.788087200000000
  43.301853275251254    1.532152700000000
  45.899292016845159    1.456567500000000


# temperature   36.000000000000000
#    0.000865306081073   -0.143577074882248    8.926523367988791 -246.571212030340121 2556.373338999304906
  36.101036233549586    3.174567900000000
  38.404683990169943    2.411208400000000
  40.804303468548341    2.132250200000000
  43.301853275251254    1.843893600000000
  45.899292016845159    1.759321100000000


# temperature   38.000000000000000
#    0.000937343373965   -0.155436002933063    9.657879643900866 -266.608253998385123 2762.615076946622594
  36.101036233549586    3.621133400000000
  38.404683990169943    2.802512300000000
  40.804303468548341    2.498260300000000
  43.301853275251254    2.180417600000000
  45.899292016845159    2.088825800000000


# temperature   40.000000000000000
#    0.001002288978687   -0.166109697826846   10.315000772382435 -284.578706893811443 2947.286314386157301
  36.101036233549586    4.073208500000000
  38.404683990169943    3.208097300000000
  40.804303468548341    2.882409600000000
  43.301853275251254    2.538695800000000
  45.899292016845159    2.442510400000000


# temperature   42.000000000000000
#    0.001060027677889   -0.175582183413299   10.897097869544723 -300.466500844289044 3110.275348962988573
  36.101036233549586    4.527063700000000
  38.404683990169943    3.624186800000000
  40.804303468548341    3.281226500000000
  43.301853275251254    2.915755300000000
  45.899292016845159    2.817776800000000


# temperature   44.000000000000000
#    0.001110677054707   -0.183875713819179   11.405733712374960 -314.319845766911214 3252.130161785029941
  36.101036233549586    4.979661500000000
  38.404683990169943    4.047476000000000
  40.804303468548341    3.691574600000000
  43.301853275251254    3.308801800000000
  45.899292016845159    3.212123800000000


# temperature   46.000000000000000
#    0.001154514024625   -0.191038570025854   11.844062690309993 -326.230184685862582 3373.839730275311467
  36.101036233549586    5.428597500000000
  38.404683990169943    4.475152300000000
  40.804303468548341    4.110704700000000
  43.301853275251254    3.715297700000000
  45.899292016845159    3.623228200000000


# temperature   48.000000000000000
#    0.001191929936296   -0.197137608171080   12.216366859498560 -336.319341605197678 3476.700299647060547
  36.101036233549586    5.872031900000000
  38.404683990169943    4.904885500000000
  40.804303468548341    4.536273000000000
  43.301853275251254    4.133002600000000
  45.899292016845159    4.048990200000000


# temperature   50.000000000000000
#    0.001223383774504   -0.202250530463534   12.527577480961995 -344.726356217792215 3562.179434527887224
  36.101036233549586    6.308615500000000
  38.404683990169943    5.334798700000000
  40.804303468548341    4.966332800000000
  43.301853275251254    4.559985500000000
  45.899292016845159    4.487550600000000


# temperature   52.000000000000000
#    0.001249372738022   -0.206461048458056   12.782976985559003 -351.599318654015008 3631.832005113084051
  36.101036233549586    6.737417900000000
  38.404683990169943    5.763426600000000
  40.804303468548341    5.399309700000000
  43.301853275251254    4.994616900000000
  45.899292016845159    4.937288000000000


# temperature   54.000000000000000
#    0.001270405883168   -0.209854546805314   12.987931783955499 -357.088056757683773 3687.225095442641759
  36.101036233549586    7.157860500000000
  38.404683990169943    6.189669100000000
  40.804303468548341    5.833965900000000
  43.301853275251254    5.435546300000000
  45.899292016845159    5.396802100000000


# temperature   56.000000000000000
#    0.001286989521390   -0.212515702134801   13.147746911068882 -361.340195085665357 3729.897878747921368
  36.101036233549586    7.569654800000000
  38.404683990169943    6.612741400000000
  40.804303468548341    6.269359100000000
  43.301853275251254    5.881672200000000
  45.899292016845159    5.864889600000000


# temperature   58.000000000000000
#    0.001299609654268   -0.214525610432661   13.267490344928262 -364.496390452238984 3761.313202301578713
  36.101036233549586    7.972748100000000
  38.404683990169943    7.032126300000000
  40.804303468548341    6.704799000000000
  43.301853275251254    6.332107700000000
  45.899292016845159    6.340515900000000


# temperature   60.000000000000000
#    0.001308727890158   -0.215961127598898   13.351953299327809 -366.689273503613208 3782.846987497984173
  36.101036233549586    8.367274800000001
  38.404683990169943    7.447528100000000
  40.804303468548341    7.139805200000000
  43.301853275251254    6.786145000000000
  45.899292016845159    6.822786300000000


# temperature   62.000000000000000
#    0.001314773706357   -0.216893628850303   13.405576110328866 -368.041492476667884 3795.768930804668798
  36.101036233549586    8.753515600000000
  38.404683990169943    7.858830300000000
  40.804303468548341    7.574066800000000
  43.301853275251254    7.243221900000000
  45.899292016845159    7.310918800000000


# temperature   64.000000000000000
#    0.001318140448292   -0.217388361997652   13.432409384984576 -368.664684446670492 3801.232330044043010
  36.101036233549586    9.131861199999999
  38.404683990169943    8.266057800000000
  40.804303468548341    8.007405700000000
  43.301853275251254    7.702890200000000
  45.899292016845159    7.804219400000000


# temperature   66.000000000000000
#    0.001319188201727   -0.217504941335230   13.436145958352741 -368.660395473058543 3800.283982292336077
  36.101036233549586    9.502782200000000
  38.404683990169943    8.669343300000000
  40.804303468548341    8.439744800000000
  43.301853275251254    8.164788300000000
  45.899292016845159    8.302061000000000


# temperature   68.000000000000000
#    0.001318238008986   -0.217296416921775   13.420065177416001 -368.118609747635901 3793.849706501662695
  36.101036233549586    9.866803300000001
  38.404683990169943    9.068898300000001
  40.804303468548341    8.871079099999999
  43.301853275251254    8.628617300000000
  45.899292016845159    8.803865699999999


# temperature   70.000000000000000
#    0.001315577708422   -0.216810256865617   13.387094901427613 -367.119488471454929 3782.752591259905785
  36.101036233549586   10.224482099999999
  38.404683990169943    9.464988099999999
  40.804303468548341    9.301452700000000
  43.301853275251254    9.094121599999999
  45.899292016845159    9.309090899999999


# temperature   72.000000000000000
#    0.001311462412789   -0.216088441503245   13.339818484815996 -365.733598308320211 3767.715742341970781
  36.101036233549586   10.576391400000000
  38.404683990169943    9.857910900000000
  40.804303468548341    9.730938699999999
  43.301853275251254    9.561072500000000
  45.899292016845159    9.817218499999999


# temperature   74.000000000000000
#    0.001306113561266   -0.215167327194832   13.280467799124217 -364.021763585963527 3749.361228889730683
  36.101036233549586   10.923104900000000
  38.404683990169943   10.247980999999999
  40.804303468548341   10.159623399999999
  43.301853275251254   10.029256100000000
  45.899292016845159   10.327747199999999


# temperature   76.000000000000000
#    0.001299725684234   -0.214078774889897   13.210993791426588 -362.037024557148698 3728.230417575492538
  36.101036233549586   11.265185199999999
  38.404683990169943   10.635514300000001
  40.804303468548341   10.587593999999999
  43.301853275251254   10.498463599999999
  45.899292016845159   10.840186900000001


# temperature   78.000000000000000
#    0.001292466212392   -0.212850135398944   13.133066743083793 -359.824679329933758 3704.784771856517636
  36.101036233549586   11.603175300000000
  38.404683990169943   11.020817900000001
  40.804303468548341   11.014929199999999
  43.301853275251254   10.968484800000001
  45.899292016845159   11.354055499999999


# temperature   80.000000000000000
#    0.001284480219028   -0.211505035104271   13.048125058821903 -357.423628767933337 3679.419723042604801
  36.101036233549586   11.937590800000001
  38.404683990169943   11.404181299999999
  40.804303468548341   11.441692200000000
  43.301853275251254   11.439103100000001
  45.899292016845159   11.868877400000001


# temperature   82.000000000000000
#    0.001275889558852   -0.210063261708971   12.957369993364619 -354.866281805295841 3652.464207512556641
  36.101036233549586   12.268915399999999
  38.404683990169943   11.785870400000000
  40.804303468548341   11.867926100000000
  43.301853275251254   11.910093600000000
  45.899292016845159   12.384182700000000


# temperature   84.000000000000000
#    0.001266798122657   -0.208541626066069   12.861818562934802 -352.179996110472473 3624.195336700152893
  36.101036233549586   12.597596500000000
  38.404683990169943   12.166123100000000
  40.804303468548341   12.293651100000000
  43.301853275251254   12.381221200000001
  45.899292016845159   12.899507699999999


# temperature   86.000000000000000
#    0.001257293422089   -0.206954234429769   12.762321052889780 -349.387577012010297 3594.843707085507504
  36.101036233549586   12.924043299999999
  38.404683990169943   12.545146700000000
  40.804303468548341   12.718863100000000
  43.301853275251254   12.852240699999999
  45.899292016845159   13.414396300000000


# temperature   88.000000000000000
#    0.001247449878597   -0.205313047456208   12.659596509076604 -346.508274723015234 3564.603858588723142
  36.101036233549586   13.248625199999999
  38.404683990169943   12.923115900000001
  40.804303468548341   13.143533600000000
  43.301853275251254   13.322897899999999
  45.899292016845159   13.928400999999999


# temperature   90.000000000000000
#    0.001237326196046   -0.203627437586432   12.554204875549241 -343.557007419357717 3533.626176424730602
  36.101036233549586   13.571671200000001
  38.404683990169943   13.300173400000000
  40.804303468548341   13.567610100000000
  43.301853275251254   13.792930500000001
  45.899292016845159   14.441085100000000


# temperature   92.000000000000000
#    0.001226973593378   -0.201905565010729   12.446632977222485 -340.546741772183566 3502.041527234992373
  36.101036233549586   13.893470799999999
  38.404683990169943   13.676429300000001
  40.804303468548341   13.991017800000000
  43.301853275251254   14.262070200000000
  45.899292016845159   14.952024099999999


# temperature   94.000000000000000
#    0.001216434092975   -0.200154084250678   12.337275702002016 -337.487957858538778 3469.955569168725560
  36.101036233549586   14.214274300000000
  38.404683990169943   14.051963100000000
  40.804303468548341   14.413661500000000
  43.301853275251254   14.730044400000001
  45.899292016845159   15.460807600000001


# temperature   96.000000000000000
#    0.001205740137189   -0.198378098829492   12.226434292499974 -334.388631552449169 3437.448862845535587
  36.101036233549586   14.534294500000000
  38.404683990169943   14.426824800000000
  40.804303468548341   14.835427400000000
  43.301853275251254   15.196578799999999
  45.899292016845159   15.967040900000001


# temperature   98.000000000000000
#    0.001194919733751   -0.196582000362345   12.114367478657078 -331.255614520323263 3404.590791244205320
  36.101036233549586   14.853708299999999
  38.404683990169943   14.801037000000001
  40.804303468548341   15.256185900000000
  43.301853275251254   15.661399100000001
  45.899292016845159   16.470346299999999


# temperature  100.000000000000000
#    0.001183994980966   -0.194769228376144   12.001276827292875 -328.094237541308303 3371.435539545938809
  36.101036233549586   15.172658800000001
  38.404683990169943   15.174597300000000
  40.804303468548341   15.675793900000000
  43.301853275251254   16.124233300000000
  45.899292016845159   16.970364700000001


# temperature  102.000000000000000
#    0.001172983791339   -0.192942556319191   11.887324441744862 -324.908794791848322 3338.027041696676861
  36.101036233549586   15.491257299999999
  38.404683990169943   15.547480500000001
  40.804303468548341   16.094097300000001
  43.301853275251254   16.584813499999999
  45.899292016845159   17.466756000000000


# temperature  104.000000000000000
#    0.001161900641483   -0.191104216479583   11.772640733541785 -321.702757992442798 3304.401189074742433
  36.101036233549586   15.809586100000001
  38.404683990169943   15.919641100000000
  40.804303468548341   16.510933399999999
  43.301853275251254   17.042877900000001
  45.899292016845159   17.959200500000001


# temperature  106.000000000000000
#    0.001150757914076   -0.189256112664608   11.657336961214122 -318.479102356359078 3270.588984996631552
  36.101036233549586   16.127700399999998
  38.404683990169943   16.291015900000001
  40.804303468548341   16.926133300000000
  43.301853275251254   17.498172000000000
  45.899292016845159   18.447399099999998


# temperature  108.000000000000000
#    0.001139563658212   -0.187399461427450   11.541483717280991 -315.239734409915911 3236.610852425156736
  36.101036233549586   16.445630800000000
  38.404683990169943   16.661526299999998
  40.804303468548341   17.339523900000000
  43.301853275251254   17.950450499999999
  45.899292016845159   18.931073500000000


# temperature  110.000000000000000
#    0.001128326819839   -0.185535643981369   11.425162815716710 -311.986892854637404 3202.490783335780179
  36.101036233549586   16.763385899999999
  38.404683990169943   17.031080400000000
  40.804303468548341   17.750930000000000
  43.301853275251254   18.399477999999998
  45.899292016845159   19.409966799999999


# temperature  112.000000000000000
#    0.001117054465628   -0.183665751808285   11.308439420809066 -308.722389580519803 3168.248601253197648
  36.101036233549586   17.080954699999999
  38.404683990169943   17.399575800000001
  40.804303468548341   18.160176400000001
  43.301853275251254   18.845030399999999
  45.899292016845159   19.883842900000001


# temperature  114.000000000000000
#    0.001105751540952   -0.181790541891544   11.191358987828625 -305.447518114534603 3133.898949723357873
  36.101036233549586   17.398308199999999
  38.404683990169943   17.766901099999998
  40.804303468548341   18.567088800000001
  43.301853275251254   19.286895200000000
  45.899292016845159   20.352486599999999


# temperature  116.000000000000000
#    0.001094424096614   -0.179910968698665   11.073980041276357 -302.163948475312111 3099.460430088682642
  36.101036233549586   17.715402399999999
  38.404683990169943   18.132938200000002
  40.804303468548341   18.971495999999998
  43.301853275251254   19.724872500000000
  45.899292016845159   20.815703299999999


# temperature  118.000000000000000
#    0.001083076492020   -0.178027725668633   10.956346030958395 -298.872960871490307 3064.947796018562713
  36.101036233549586   18.032180000000000
  38.404683990169943   18.497564100000002
  40.804303468548341   19.373230899999999
  43.301853275251254   20.158775500000001
  45.899292016845159   21.273318100000001


# temperature  120.000000000000000
#    0.001071713263832   -0.176141542182427   10.838502966369520 -295.575909668470956 3030.376520703036022
  36.101036233549586   18.348572099999998
  38.404683990169943   18.860652399999999
  40.804303468548341   19.772131399999999
  43.301853275251254   20.588430299999999
  45.899292016845159   21.725175700000001


# temperature  122.000000000000000
#    0.001060338005509   -0.174253011137543   10.720489520199250 -292.273972599359524 2995.760433912297231
  36.101036233549586   18.664500499999999
  38.404683990169943   19.222074700000000
  40.804303468548341   20.168041400000000
  43.301853275251254   21.013676600000000
  45.899292016845159   22.171139300000000


# temperature  124.000000000000000
#    0.001048956634361   -0.172363105562166   10.602367521669137 -288.968947212219803 2961.119491561020368
  36.101036233549586   18.979878800000002
  38.404683990169943   19.581702199999999
  40.804303468548341   20.560811800000000
  43.301853275251254   21.434367000000002
  45.899292016845159   22.611090300000001


# temperature  126.000000000000000
#    0.001037571664729   -0.170472258261109   10.484166656926321 -285.661778758208072 2926.465128894889403
  36.101036233549586   19.294614500000002
  38.404683990169943   19.939406699999999
  40.804303468548341   20.950300700000000
  43.301853275251254   21.850367800000001
  45.899292016845159   23.044926900000000


# temperature  128.000000000000000
#    0.001026188119809   -0.168581315262189   10.365941965710809 -282.354096994698523 2891.815625278683910
  36.101036233549586   19.608610100000000
  38.404683990169943   20.295061600000000
  40.804303468548341   21.336374200000002
  43.301853275251254   22.261558099999998
  45.899292016845159   23.472563999999998


# temperature  130.000000000000000
#    0.001014809893312   -0.166690943137117   10.247737718858506 -279.047240176864364 2857.186242989048424
  36.101036233549586   19.921764499999998
  38.404683990169943   20.648543000000000
  40.804303468548341   21.718906600000000
  43.301853275251254   22.667829800000000
  45.899292016845159   23.893931800000001


# temperature  132.000000000000000
#    0.001003443289502   -0.164802210961694   10.129623198175869 -275.743230264648901 2822.599171078451946
  36.101036233549586   20.233974000000000
  38.404683990169943   20.999730000000000
  40.804303468548341   22.097780799999999
  43.301853275251254   23.069087199999998
  45.899292016845159   24.308975000000000


# temperature  134.000000000000000
#    0.000992090169261   -0.162915458498425   10.011622810836775 -272.442860919162172 2788.063972134597407
  36.101036233549586   20.545133700000001
  38.404683990169943   21.348506199999999
  40.804303468548341   22.472888000000001
  43.301853275251254   23.465246700000002
  45.899292016845159   24.717652300000001


# temperature  136.000000000000000
#    0.000980757587540   -0.161031883601312    9.893813849088232 -269.148365435892060 2753.604806680455567
  36.101036233549586   20.855137899999999
  38.404683990169943   21.694759200000000
  40.804303468548341   22.844128500000000
  43.301853275251254   23.856236200000001
  45.899292016845159   25.119934900000001


# temperature  138.000000000000000
#    0.000969448345525   -0.159151988917483    9.776231021367002 -265.860817219499779 2719.233977311452236
  36.101036233549586   21.163881600000000
  38.404683990169943   22.038381800000000
  40.804303468548341   23.211410799999999
  43.301853275251254   24.241994900000002
  45.899292016845159   25.515806399999999


# temperature  140.000000000000000
#    0.000958169230277   -0.157276925968464    9.658948407221477 -262.582343758074728 2684.974288442650504
  36.101036233549586   21.471260600000001
  38.404683990169943   22.379272199999999
  40.804303468548341   23.574652499999999
  43.301853275251254   24.622472299999998
  45.899292016845159   25.905261299999999


# temperature  142.000000000000000
#    0.000946922840049   -0.155407169086997    9.541999061122668 -259.313967667415795 2650.837380031749944
  36.101036233549586   21.777172700000001
  38.404683990169943   22.717334000000001
  40.804303468548341   23.933779099999999
  43.301853275251254   24.997628400000000
  45.899292016845159   26.288304499999999


# temperature  144.000000000000000
#    0.000935715446863   -0.153543787182189    9.425451900321880 -256.057666046271834 2616.844346933219185
  36.101036233549586   22.081517500000000
  38.404683990169943   23.052476599999999
  40.804303468548341   24.288724800000001
  43.301853275251254   25.367432500000000
  45.899292016845159   26.664950600000001


# temperature  146.000000000000000
#    0.000924551058567   -0.151687480396931    9.309353294599877 -252.814801979592517 2583.010001934080265
  36.101036233549586   22.384197900000000
  38.404683990169943   23.384615499999999
  40.804303468548341   24.639431600000002
  43.301853275251254   25.731863000000001
  45.899292016845159   27.035222900000001


# temperature  148.000000000000000
#    0.000913435463484   -0.149839241494946    9.193767490321761 -249.587219037286530 2549.353951811719071
  36.101036233549586   22.685119499999999
  38.404683990169943   23.713671900000001
  40.804303468548341   24.985849500000000
  43.301853275251254   26.090906900000000
  45.899292016845159   27.399152699999998


# temperature  150.000000000000000
#    0.000902371221968   -0.147999530547587    9.078725780266121 -246.375854745460373 2515.886465558374312
  36.101036233549586   22.984191599999999
  38.404683990169943   24.039573300000001
  40.804303468548341   25.327935700000001
  43.301853275251254   26.444559200000000
  45.899292016845159   27.756778900000000


# temperature  152.000000000000000
#    0.000891365075365   -0.146169491821694    8.964301232552891 -243.182774172382352 2482.629165661183379
  36.101036233549586   23.281327000000001
  38.404683990169943   24.362252900000001
  40.804303468548341   25.665655000000001
  43.301853275251254   26.792822200000000
  45.899292016845159   28.108146900000001


# temperature  154.000000000000000
#    0.000880420364304   -0.144349711089914    8.850532548334764 -240.009103081765915 2449.594058269760808
  36.101036233549586   23.576442900000000
  38.404683990169943   24.681650099999999
  40.804303468548341   25.998978800000000
  43.301853275251254   27.135705300000001
  45.899292016845159   28.453308400000001


# temperature  156.000000000000000
#    0.000869540661663   -0.142540811716590    8.737460607061049 -236.856020139647711 2416.793598112894415
  36.101036233549586   23.869460000000000
  38.404683990169943   24.997709900000000
  40.804303468548341   26.327885200000001
  43.301853275251254   27.473224500000001
  45.899292016845159   28.792320400000001


# temperature  158.000000000000000
#    0.000858731344508   -0.140743705300593    8.625143437229031 -233.725154204649385 2384.244643862253270
  36.101036233549586   24.160303700000000
  38.404683990169943   25.310383300000002
  40.804303468548341   26.652358700000001
  43.301853275251254   27.805401400000001
  45.899292016845159   29.125244899999998


# temperature  160.000000000000000
#    0.000847995876748   -0.138958997111301    8.513620674989120 -230.617643158305725 2351.959140880207997
  36.101036233549586   24.448903600000001
  38.404683990169943   25.619626400000001
  40.804303468548341   26.972389400000001
  43.301853275251254   28.132263500000001
  45.899292016845159   29.452148300000001


# temperature  162.000000000000000
#    0.000837337680983   -0.137187274148417    8.402930050105706 -227.534549599844553 2319.948016106392970
  36.101036233549586   24.735193500000001
  38.404683990169943   25.925401300000001
  40.804303468548341   27.287973399999998
  43.301853275251254   28.453843299999999
  45.899292016845159   29.773101000000000


# temperature  164.000000000000000
#    0.000826761775010   -0.135429387914720    8.293125651241001 -224.477383502812501 2288.226766780906473
  36.101036233549586   25.019111800000001
  38.404683990169943   26.227674900000000
  40.804303468548341   27.599111900000000
  43.301853275251254   28.770177799999999
  45.899292016845159   30.088176700000002


# temperature  166.000000000000000
#    0.000816270263158   -0.133685707465451    8.184231641290008 -221.446830927818439 2256.802401580731839
  36.101036233549586   25.300601100000002
  38.404683990169943   26.526419300000001
  40.804303468548341   27.905810800000001
  43.301853275251254   29.081308300000000
  45.899292016845159   30.397452300000001


# temperature  168.000000000000000
#    0.000805866216569   -0.131956761425959    8.076281970471214 -218.443842498143852 2225.684594483540423
  36.101036233549586   25.579608400000001
  38.404683990169943   26.821611499999999
  40.804303468548341   28.208081000000000
  43.301853275251254   29.387280199999999
  45.899292016845159   30.701007100000002


# temperature  170.000000000000000
#    0.000795553513146   -0.130243205374198    7.969318008592174 -215.469559745093363 2194.884848491119556
  36.101036233549586   25.856084800000001
  38.404683990169943   27.113233000000001
  40.804303468548341   28.505937599999999
  43.301853275251254   29.688142100000000
  45.899292016845159   30.998922700000001


# temperature  172.000000000000000
#    0.000785334573204   -0.128545453477711    7.863366145686933 -212.524711759025450 2164.410421917003987
  36.101036233549586   26.129985900000001
  38.404683990169943   27.401269899999999
  40.804303468548341   28.799399600000001
  43.301853275251254   29.983945800000001
  45.899292016845159   31.291282800000001


# temperature  174.000000000000000
#    0.000775212015028   -0.126863955412576    7.758455082979184 -209.610092838436827 2134.269253224634667
  36.101036233549586   26.401271099999999
  38.404683990169943   27.685712299999999
  40.804303468548341   29.088489899999999
  43.301853275251254   30.274746199999999
  45.899292016845159   31.578172400000000


# temperature  176.000000000000000
#    0.000765188664257   -0.125199184229751    7.654614279699897 -206.726499242293727 2104.469115446036994
  36.101036233549586   26.669903900000001
  38.404683990169943   27.966554599999998
  40.804303468548341   29.373234799999999
  43.301853275251254   30.560600300000001
  45.899292016845159   31.859677999999999


# temperature  178.000000000000000
#    0.000755266964684   -0.123551558399912    7.551870307863364 -203.874660601922216 2075.017223733341325
  36.101036233549586   26.935851799999998
  38.404683990169943   28.243794699999999
  40.804303468548341   29.653663800000000
  43.301853275251254   30.841567699999999
  45.899292016845159   32.135886800000002


# temperature  180.000000000000000
#    0.000745448770624   -0.121921389981023    7.450242599745843 -201.055095708723428 2045.918484958444651
  36.101036233549586   27.199085900000000
  38.404683990169943   28.517434200000000
  40.804303468548341   29.929809100000000
  43.301853275251254   31.117709600000001
  45.899292016845159   32.406887099999999


# temperature  182.000000000000000
#    0.000735735022762   -0.120308841863469    7.349741437677469 -198.268073747369442 2017.175257044154250
  36.101036233549586   27.459580899999999
  38.404683990169943   28.787478300000000
  40.804303468548341   30.201705900000000
  43.301853275251254   31.389089299999998
  45.899292016845159   32.672767600000000


# temperature  184.000000000000000
#    0.000726127980004   -0.118714294439846    7.250390521710926 -195.514231030601252 1988.793662599114896
  36.101036233549586   27.717315200000002
  38.404683990169943   29.053934999999999
  40.804303468548341   30.469391600000002
  43.301853275251254   31.655771300000001
  45.899292016845159   32.933617200000000


# temperature  186.000000000000000
#    0.000716629855660   -0.117138113916179    7.152212240352276 -192.794155754318751 1960.779209551594249
  36.101036233549586   27.972270300000002
  38.404683990169943   29.316815500000001
  40.804303468548341   30.732906000000000
  43.301853275251254   31.917821300000000
  45.899292016845159   33.189525000000003


# temperature  188.000000000000000
#    0.000707240725190   -0.115580319218588    7.055207884791919 -190.107868373156265 1933.131700846312469
  36.101036233549586   28.224431200000001
  38.404683990169943   29.576133700000000
  40.804303468548341   30.992290600000000
  43.301853275251254   32.175306200000001
  45.899292016845159   33.440580099999998


# temperature  190.000000000000000
#    0.000697962403514   -0.114041209158109    6.959395556397025 -187.455836313645506 1905.855384133654525
  36.101036233549586   28.473785899999999
  38.404683990169943   29.831906300000000
  40.804303468548341   31.247589099999999
  43.301853275251254   32.428293699999998
  45.899292016845159   33.686871400000001


# temperature  192.000000000000000
#    0.000688795701066   -0.112520919709268    6.864783483159243 -184.838261920304348 1878.951852572056168
  36.101036233549586   28.720325100000000
  38.404683990169943   30.084152000000000
  40.804303468548341   31.498846400000001
  43.301853275251254   32.676852099999998
  45.899292016845159   33.928487400000002


# temperature  194.000000000000000
#    0.000679741468881   -0.111019590328286    6.771379891594783 -182.255341505414179 1852.422581423415977
  36.101036233549586   28.964042599999999
  38.404683990169943   30.332892200000000
  40.804303468548341   31.746109199999999
  43.301853275251254   32.921050299999997
  45.899292016845159   34.165515999999997


# temperature  196.000000000000000
#    0.000670800560969   -0.109537361128894    6.679193069836841 -179.707274240163230 1826.269097337985613
  36.101036233549586   29.204934800000000
  38.404683990169943   30.578150000000001
  40.804303468548341   31.989425099999998
  43.301853275251254   33.160957400000001
  45.899292016845159   34.398044700000000


# temperature  198.000000000000000
#    0.000661973070206   -0.108074244838010    6.588223306490308 -177.194036301771973 1800.490604000289295
  36.101036233549586   29.443000500000000
  38.404683990169943   30.819950800000001
  40.804303468548341   32.228843200000000
  43.301853275251254   33.396642999999997
  45.899292016845159   34.626160200000001


# temperature  200.000000000000000
#    0.000653259429130   -0.106630309529327    6.498474281248369 -174.715696807614165 1775.087270405839263
  36.101036233549586   29.678241000000000
  38.404683990169943   31.058321400000001
  40.804303468548341   32.464413100000002
  43.301853275251254   33.628176400000001
  45.899292016845159   34.849948400000002


# temperature  202.000000000000000
#    0.000644660558926   -0.105205704217772    6.409954675143844 -172.272461818062880 1750.060671749983385
  36.101036233549586   29.910659899999999
  38.404683990169943   31.293290299999999
  40.804303468548341   32.696185499999999
  43.301853275251254   33.855627100000000
  45.899292016845159   35.069494300000002


# temperature  204.000000000000000
#    0.000636174841806   -0.103800158047982    6.322647195148469 -169.863825330560985 1725.405088228658315
  36.101036233549586   30.140262700000001
  38.404683990169943   31.524887700000001
  40.804303468548341   32.924211700000001
  43.301853275251254   34.079064600000002
  45.899292016845159   35.284882099999997


# temperature  206.000000000000000
#    0.000627804509090   -0.102414031171603    6.236573244153934 -167.490333740721866 1701.125514124365736
  36.101036233549586   30.367057200000001
  38.404683990169943   31.753144899999999
  40.804303468548341   33.148543699999998
  43.301853275251254   34.298557799999998
  45.899292016845159   35.496194799999998


# temperature  208.000000000000000
#    0.000619547768598   -0.101047026574831    6.151714083605400 -165.151446927357853 1677.215951306035777
  36.101036233549586   30.591052900000001
  38.404683990169943   31.978094400000000
  40.804303468548341   33.369233600000001
  43.301853275251254   34.514175600000002
  45.899292016845159   35.703514400000003


# temperature  210.000000000000000
#    0.000611405168231   -0.099699226385856    6.068073939998235 -162.847241440433208 1653.676599868584617
  36.101036233549586   30.812261199999998
  38.404683990169943   32.199770000000001
  40.804303468548341   33.586334200000003
  43.301853275251254   34.725986300000002
  45.899292016845159   35.906921699999998


# temperature  212.000000000000000
#    0.000603375064516   -0.098370354541495    5.985635149448894 -160.577201277755790 1630.501668239181527
  36.101036233549586   31.030694900000000
  38.404683990169943   32.418206300000001
  40.804303468548341   33.799898200000001
  43.301853275251254   34.934057799999998
  45.899292016845159   36.106496399999997


# temperature  214.000000000000000
#    0.000595458908498   -0.097060640036353    5.904410876921940 -158.341644860636649 1607.693818161752006
  36.101036233549586   31.246368600000000
  38.404683990169943   32.633438900000002
  40.804303468548341   34.009978900000000
  43.301853275251254   35.138457400000000
  45.899292016845159   36.302317100000003


# temperature  216.000000000000000
#    0.000587655113500   -0.095769818443087    5.824384319763209 -156.140084301354221 1585.247604594609584
  36.101036233549586   31.459298100000002
  38.404683990169943   32.845503899999997
  40.804303468548341   34.216629200000000
  43.301853275251254   35.339251900000001
  45.899292016845159   36.494460900000000


# temperature  218.000000000000000
#    0.000579964047694   -0.094497939973241    5.745557619778805 -153.972537763703286 1563.162646475229849
  36.101036233549586   31.669500899999999
  38.404683990169943   33.054438400000002
  40.804303468548341   34.419902299999997
  43.301853275251254   35.536507299999997
  45.899292016845159   36.683003999999997


# temperature  220.000000000000000
#    0.000572383418000   -0.093244619403537    5.667906261143923 -151.838299928662849 1541.431220546024406
  36.101036233549586   31.876995200000000
  38.404683990169943   33.260280000000002
  40.804303468548341   34.619851099999998
  43.301853275251254   35.730288999999999
  45.899292016845159   36.868020999999999


# temperature  222.000000000000000
#    0.000564912415349   -0.092009718307202    5.591421098909515 -149.737090617290164 1520.050011700447158
  36.101036233549586   32.081800899999998
  38.404683990169943   33.463066699999999
  40.804303468548341   34.816528400000003
  43.301853275251254   35.920661699999997
  45.899292016845159   37.049585399999998


# temperature  224.000000000000000
#    0.000557552671054   -0.090793493146640    5.516116869033874 -147.669269563888804 1499.022117743058516
  36.101036233549586   32.283938499999998
  38.404683990169943   33.662836900000002
  40.804303468548341   35.009987099999996
  43.301853275251254   36.107689100000002
  45.899292016845159   37.227769299999999


# temperature  226.000000000000000
#    0.000550300608490   -0.089595348404439    5.441956199181871 -145.633784596559451 1478.336338599933924
  36.101036233549586   32.483429600000001
  38.404683990169943   33.859629499999997
  40.804303468548341   35.200279299999998
  43.301853275251254   36.291434299999999
  45.899292016845159   37.402643599999998


# temperature  228.000000000000000
#    0.000543157483314   -0.088415482739753    5.368950533334480 -143.630913846250962 1457.995037121376754
  36.101036233549586   32.680296900000002
  38.404683990169943   34.053483499999999
  40.804303468548341   35.387457300000001
  43.301853275251254   36.471959499999997
  45.899292016845159   37.574277799999997


# temperature  230.000000000000000
#    0.000536120593987   -0.087253441758833    5.297071014375701 -141.659833455345847 1437.989312944434005
  36.101036233549586   32.874563600000002
  38.404683990169943   34.244438299999999
  40.804303468548341   35.571572600000003
  43.301853275251254   36.649325900000001
  45.899292016845159   37.742739999999998


# temperature  232.000000000000000
#    0.000529189648020   -0.086109169108454    5.226313389638912 -139.720394083402908 1418.317186648642064
  36.101036233549586   33.066253799999998
  38.404683990169943   34.432533300000003
  40.804303468548341   35.752676600000001
  43.301853275251254   36.823594000000000
  45.899292016845159   37.908097200000000


# temperature  234.000000000000000
#    0.000522362904933   -0.084982369136735    5.156658622391533 -137.812041938321642 1398.972546648283242
  36.101036233549586   33.255392200000003
  38.404683990169943   34.617808099999998
  40.804303468548341   35.930820099999998
  43.301853275251254   36.994823300000000
  45.899292016845159   38.070414999999997


# temperature  236.000000000000000
#    0.000515639741201   -0.083872932049264    5.088099247176243 -135.934542871439987 1379.952588217193579
  36.101036233549586   33.442004200000000
  38.404683990169943   34.800302199999997
  40.804303468548341   36.106053500000002
  43.301853275251254   37.163072399999997
  45.899292016845159   38.229757599999999


# temperature  238.000000000000000
#    0.000509020043338   -0.082780828676457    5.020632554487190 -134.087786965473384 1361.255720421737806
  36.101036233549586   33.626115400000003
  38.404683990169943   34.980055100000001
  40.804303468548341   36.278426799999998
  43.301853275251254   37.328398900000003
  45.899292016845159   38.386187900000003


# temperature  240.000000000000000
#    0.000502501457868   -0.081705661826832    4.954233251685969 -132.271051101481532 1342.874137697263222
  36.101036233549586   33.807752399999998
  38.404683990169943   35.157106499999998
  40.804303468548341   36.447989200000002
  43.301853275251254   37.490859499999999
  45.899292016845159   38.539767900000001


# temperature  242.000000000000000
#    0.000496083362235   -0.080647321923257    4.888893894598714 -130.484102575957081 1324.805069432734399
  36.101036233549586   33.986941700000003
  38.404683990169943   35.331495699999998
  40.804303468548341   36.614789600000002
  43.301853275251254   37.650509999999997
  45.899292016845159   38.690557699999999


# temperature  244.000000000000000
#    0.000489763590124   -0.079605445340149    4.824591431251635 -128.726284597191551 1307.041446289464147
  36.101036233549586   34.163710500000001
  38.404683990169943   35.503261999999999
  40.804303468548341   36.778876099999998
  43.301853275251254   37.807405299999999
  45.899292016845159   38.838616600000002


# temperature  246.000000000000000
#    0.000483541284466   -0.078579879388104    4.761315511885218 -126.997279374775289 1289.579583440915485
  36.101036233549586   34.338086099999998
  38.404683990169943   35.672444599999999
  40.804303468548341   36.940296400000001
  43.301853275251254   37.961599200000002
  45.899292016845159   38.984002599999997


# temperature  248.000000000000000
#    0.000477416529570   -0.077570630809255    4.699065886290200 -125.297052864362982 1272.418779758166465
  36.101036233549586   34.510096300000001
  38.404683990169943   35.839082300000001
  40.804303468548341   37.099097600000000
  43.301853275251254   38.113144599999998
  45.899292016845159   39.126772299999999


# temperature  250.000000000000000
#    0.000471385741867   -0.076577103012736    4.637805196743136 -123.624559793842366 1255.548032704627076
  36.101036233549586   34.679768899999999
  38.404683990169943   36.003213799999997
  40.804303468548341   37.255325800000001
  43.301853275251254   38.262093499999999
  45.899292016845159   39.266981199999996


# temperature  252.000000000000000
#    0.000465450548844   -0.075599552078437    4.577548258706085 -121.980169878559792 1238.970692789950817
  36.101036233549586   34.847131900000001
  38.404683990169943   36.164877500000003
  40.804303468548341   37.409027100000003
  43.301853275251254   38.408496800000002
  45.899292016845159   39.404683499999997


# temperature  254.000000000000000
#    0.000459606498022   -0.074637241656919    4.518249327378346 -120.362615583331745 1222.673565061138333
  36.101036233549586   35.012213600000003
  38.404683990169943   36.324111600000002
  40.804303468548341   37.560246300000003
  43.301853275251254   38.552404799999998
  45.899292016845159   39.539932399999998


# temperature  256.000000000000000
#    0.000453854367206   -0.073690287279485    4.459914542150972 -118.772030012788790 1206.657596152247152
  36.101036233549586   35.175042200000000
  38.404683990169943   36.480953900000003
  40.804303468548341   37.709028000000004
  43.301853275251254   38.693866399999997
  45.899292016845159   39.672779800000001


# temperature  258.000000000000000
#    0.000448192594944   -0.072758425519316    4.402527095375267 -117.207930823268470 1190.917564507592488
  36.101036233549586   35.335646099999998
  38.404683990169943   36.635441899999996
  40.804303468548341   37.855415999999998
  43.301853275251254   38.832929900000003
  45.899292016845159   39.803276500000003


# temperature  260.000000000000000
#    0.000442619260308   -0.071841333682137    4.346066535179109 -115.669736750084340 1175.447248930535125
  36.101036233549586   35.494053700000002
  38.404683990169943   36.787612699999997
  40.804303468548341   37.999453299999999
  43.301853275251254   38.969642600000000
  45.899292016845159   39.931472200000002


# temperature  262.000000000000000
#    0.000437133706851   -0.070938895614280    4.290525029438479 -114.157208512241922 1160.243897107351586
  36.101036233549586   35.650293499999997
  38.404683990169943   36.937503100000001
  40.804303468548341   38.141182399999998
  43.301853275251254   39.104050800000003
  45.899292016845159   40.057415399999996


# temperature  264.000000000000000
#    0.000431732694010   -0.070050570812748    4.235868681322794 -112.669397192561419 1145.297531099354501
  36.101036233549586   35.804393599999997
  38.404683990169943   37.085149600000001
  40.804303468548341   38.280645000000000
  43.301853275251254   39.236200099999998
  45.899292016845159   40.181153600000002


# temperature  266.000000000000000
#    0.000426417820572   -0.069176614505688    4.182112554233592 -111.206689974147025 1130.611818165074510
  36.101036233549586   35.956382599999998
  38.404683990169943   37.230587999999997
  40.804303468548341   38.417882300000002
  43.301853275251254   39.366134899999999
  45.899292016845159   40.302733300000000


# temperature  268.000000000000000
#    0.000421186806733   -0.068316644865058    4.129232565171108 -109.768407560567383 1116.179557583478754
  36.101036233549586   36.106288700000000
  38.404683990169943   37.373854000000001
  40.804303468548341   38.552934700000002
  43.301853275251254   39.493898899999998
  45.899292016845159   40.422199700000000


# temperature  270.000000000000000
#    0.000416037581020   -0.067470313262260    4.077206621506544 -108.353923937668128 1101.994086134985309
  36.101036233549586   36.254139899999998
  38.404683990169943   37.514982799999999
  40.804303468548341   38.685841900000000
  43.301853275251254   39.619534999999999
  45.899292016845159   40.539597399999998


# temperature  272.000000000000000
#    0.000410969550919   -0.066637516750768    4.026027897898897 -106.963033847539634 1088.053080149759126
  36.101036233549586   36.399964400000002
  38.404683990169943   37.654009100000003
  40.804303468548341   38.816642999999999
  43.301853275251254   39.743085100000002
  45.899292016845159   40.654969600000001


# temperature  274.000000000000000
#    0.000405981213274   -0.065817999285847    3.975679947771426 -105.595264257413646 1074.351431327198952
  36.101036233549586   36.543790000000001
  38.404683990169943   37.790967299999998
  40.804303468548341   38.945376400000001
  43.301853275251254   39.864590200000002
  45.899292016845159   40.768358599999999


# temperature  276.000000000000000
#    0.000401070919792   -0.065011484663311    3.926145324587333 -104.250121763668517 1060.883897112864361
  36.101036233549586   36.685644400000001
  38.404683990169943   37.925891200000002
  40.804303468548341   39.072079799999997
  43.301853275251254   39.984090700000003
  45.899292016845159   40.879806000000002


# temperature  278.000000000000000
#    0.000396238183759   -0.064217886898554    3.877418232275132 -102.927429401350338 1047.648451761416936
  36.101036233549586   36.825555399999999
  38.404683990169943   38.058814300000002
  40.804303468548341   39.196790399999998
  43.301853275251254   40.101626000000003
  45.899292016845159   40.989352099999998


# temperature  280.000000000000000
#    0.000391481434618   -0.063436941006577    3.829481830318330 -101.626708502750404 1034.639990205085041
  36.101036233549586   36.963550200000000
  38.404683990169943   38.189769400000003
  40.804303468548341   39.319544399999998
  43.301853275251254   40.217234599999998
  45.899292016845159   41.097036500000002


# temperature  282.000000000000000
#    0.000386799303004   -0.062668413630481    3.782321123014666 -100.347527773738335 1021.853859663937214
  36.101036233549586   37.099656000000003
  38.404683990169943   38.318789299999999
  40.804303468548341   39.440377800000000
  43.301853275251254   40.330954400000003
  45.899292016845159   41.202897800000002


# temperature  284.000000000000000
#    0.000382190304704   -0.061912057487018    3.735920583196347  -99.089450853626929 1009.285456734164200
  36.101036233549586   37.233899800000003
  38.404683990169943   38.445905900000000
  40.804303468548341   39.559325600000001
  43.301853275251254   40.442822499999998
  45.899292016845159   41.306973800000002


# temperature  286.000000000000000
#    0.000377653568297   -0.061167722205433    3.690270405659768  -97.852190935916710  996.931638300242412
  36.101036233549586   37.366308300000000
  38.404683990169943   38.571150799999998
  40.804303468548341   39.676422299999999
  43.301853275251254   40.552875100000001
  45.899292016845159   41.409301399999997


# temperature  288.000000000000000
#    0.000373188353321   -0.060435279478798    3.645362177737628  -96.635500316289622  984.789673559419498
  36.101036233549586   37.496908099999999
  38.404683990169943   38.694555200000003
  40.804303468548341   39.791701799999998
  43.301853275251254   40.661147600000000
  45.899292016845159   41.509916500000003


# temperature  290.000000000000000
#    0.000368792610370   -0.059714390130919    3.601174791100247  -95.438792733879154  972.853457056201819
  36.101036233549586   37.625725400000000
  38.404683990169943   38.816149699999997
  40.804303468548341   39.905197299999998
  43.301853275251254   40.767674999999997
  45.899292016845159   41.608854399999998


# temperature  292.000000000000000
#    0.000364465751632   -0.059004947669108    3.557700986774730  -94.261847319520186  961.120489651075218
  36.101036233549586   37.752786200000003
  38.404683990169943   38.935964599999998
  40.804303468548341   40.016941400000000
  43.301853275251254   40.872491099999998
  45.899292016845159   41.706149600000003


# temperature  294.000000000000000
#    0.000360206064612   -0.058306667656615    3.514922990816704  -93.104168227155370  949.585587230716442
  36.101036233549586   37.878116400000003
  38.404683990169943   39.054029700000001
  40.804303468548341   40.126966099999997
  43.301853275251254   40.975629300000001
  45.899292016845159   41.801835599999997


# temperature  296.000000000000000
#    0.000356013360240   -0.057619515667444    3.472838372485166  -91.965676939866000  938.247809901794767
  36.101036233549586   38.001741299999999
  38.404683990169943   39.170374099999997
  40.804303468548341   40.235302900000001
  43.301853275251254   41.077122299999999
  45.899292016845159   41.895945200000000


# temperature  298.000000000000000
#    0.000351885557869   -0.056943141498060    3.431425004643579  -90.845751008211309  927.100606792275357
  36.101036233549586   38.123686100000000
  38.404683990169943   39.285026799999997
  40.804303468548341   40.341982500000000
  43.301853275251254   41.177001900000000
  45.899292016845159   41.988510599999998


# temperature  300.000000000000000
#    0.000347822417732   -0.056277500435024    3.390679721827577  -89.744289740883261  916.142796932986130
  36.101036233549586   38.243975900000002
  38.404683990169943   39.398016200000001
  40.804303468548341   40.447035200000002
  43.301853275251254   41.275299300000000
  45.899292016845159   42.079563200000003


# temperature  302.000000000000000
#    0.000343821021586   -0.055622113560255    3.350573030265700  -88.660484725063753  905.366082791180702
  36.101036233549586   38.362635200000000
  38.404683990169943   39.509370099999998
  40.804303468548341   40.550490500000002
  43.301853275251254   41.372045300000003
  45.899292016845159   42.169133400000000


# temperature  304.000000000000000
#    0.000339882516198   -0.054977158215322    3.311115062900538  -87.594588339539612  894.772789857501607
  36.101036233549586   38.479688400000001
  38.404683990169943   39.619116099999999
  40.804303468548341   40.652377700000002
  43.301853275251254   41.467269600000002
  45.899292016845159   42.257251400000001


# temperature  306.000000000000000
#    0.000336004656775   -0.054342264877447    3.272282986543959  -86.545972445245908  884.356450785044217
  36.101036233549586   38.595159600000002
  38.404683990169943   39.727281099999999
  40.804303468548341   40.752725099999999
  43.301853275251254   41.561001500000003
  45.899292016845159   42.343946199999998


# temperature  308.000000000000000
#    0.000332187000354   -0.053717356764902    3.234071750586007  -85.514487563603439  874.115415144186159
  36.101036233549586   38.709072499999998
  38.404683990169943   39.833891700000002
  40.804303468548341   40.851560900000003
  43.301853275251254   41.653269899999998
  45.899292016845159   42.429246599999999


# temperature  310.000000000000000
#    0.000328427034507   -0.053102014385493    3.196455089418284  -84.499402527840644  864.042072534146087
  36.101036233549586   38.821450599999999
  38.404683990169943   39.938974199999997
  40.804303468548341   40.948912300000003
  43.301853275251254   41.744102599999998
  45.899292016845159   42.513180300000002


# temperature  312.000000000000000
#    0.000324726206754   -0.052496471907297    3.159447095235229  -83.501090685173224  854.140117136984941
  36.101036233549586   38.932317099999999
  38.404683990169943   40.042554099999997
  40.804303468548341   41.044806399999999
  43.301853275251254   41.833527099999998
  45.899292016845159   42.595774800000001


# temperature  314.000000000000000
#    0.000321081317044   -0.051900202347218    3.123015234423138  -82.518659326453744  844.400385525529032
  36.101036233549586   39.041694800000002
  38.404683990169943   40.144656699999999
  40.804303468548341   41.139269400000003
  43.301853275251254   41.921570400000000
  45.899292016845159   42.677056600000000


# temperature  316.000000000000000
#    0.000317492698913   -0.051313254673367    3.087162089517737  -81.552165014354230  834.823314010514082
  36.101036233549586   39.149606400000003
  38.404683990169943   40.245306900000003
  40.804303468548341   41.232327300000001
  43.301853275251254   42.008258699999999
  45.899292016845159   42.757051799999999


# temperature  318.000000000000000
#    0.000313958491622   -0.050735319021681    3.051868292695882  -80.601069011644142  825.403298886150651
  36.101036233549586   39.256073899999997
  38.404683990169943   40.344529100000003
  40.804303468548341   41.324005399999997
  43.301853275251254   42.093617799999997
  45.899292016845159   42.835785899999998


# temperature  320.000000000000000
#    0.000310478493655   -0.050166358666913    3.017131310546280  -79.665293062636096  816.139453460696018
  36.101036233549586   39.361119600000002
  38.404683990169943   40.442347300000002
  40.804303468548341   41.414328500000003
  43.301853275251254   42.177672700000002
  45.899292016845159   42.913283700000001


# temperature  322.000000000000000
#    0.000307050928017   -0.049606080872837    2.982933035164729  -78.744338434077932  807.026639202449815
  36.101036233549586   39.464764899999999
  38.404683990169943   40.538784999999997
  40.804303468548341   41.503321000000000
  43.301853275251254   42.260448300000000
  45.899292016845159   42.989569500000002


# temperature  324.000000000000000
#    0.000303675044552   -0.049054355640615    2.949265007917390  -77.837960208247722  798.062217479276114
  36.101036233549586   39.567031200000002
  38.404683990169943   40.633865499999999
  40.804303468548341   41.591006800000002
  43.301853275251254   42.341968600000001
  45.899292016845159   43.064667200000002


# temperature  326.000000000000000
#    0.000300350101787   -0.048511059470689    2.916119479136285  -76.945941149704780  789.243915776015228
  36.101036233549586   39.667939599999997
  38.404683990169943   40.727611500000002
  40.804303468548341   41.677409300000001
  43.301853275251254   42.422257199999997
  45.899292016845159   43.138599900000003


# temperature  328.000000000000000
#    0.000297076129614   -0.047976193482266    2.883496227079404  -76.068265569409704  780.571479378477989
  36.101036233549586   39.767510899999998
  38.404683990169943   40.820045399999998
  40.804303468548341   41.762551600000002
  43.301853275251254   42.501337200000002
  45.899292016845159   43.211390299999998


# temperature  330.000000000000000
#    0.000293851199820   -0.047449438854312    2.851375488347274  -75.204388984042467  772.039304274255755
  36.101036233549586   39.865765500000002
  38.404683990169943   40.911189100000001
  40.804303468548341   41.846456000000003
  43.301853275251254   42.579231200000002
  45.899292016845159   43.283060599999999


# temperature  332.000000000000000
#    0.000290674311833   -0.046930628583725    2.819746786544164  -74.354018590434663  763.644335832353477
  36.101036233549586   39.962723500000003
  38.404683990169943   41.001064200000002
  40.804303468548341   41.929144600000001
  43.301853275251254   42.655961400000002
  45.899292016845159   43.353632500000003


# temperature  334.000000000000000
#    0.000287544670954   -0.046419628326328    2.788601585487446  -73.516912786913636  755.384025911883327
  36.101036233549586   40.058404799999998
  38.404683990169943   41.089691999999999
  40.804303468548341   42.010639099999999
  43.301853275251254   42.731549500000000
  45.899292016845159   43.423127299999997


# temperature  336.000000000000000
#    0.000284462106258   -0.045916407656770    2.757937826805102  -72.693009066643100  747.257679008457671
  36.101036233549586   40.152828999999997
  38.404683990169943   41.177093200000002
  40.804303468548341   42.090960600000003
  43.301853275251254   42.806016499999998
  45.899292016845159   43.491565500000000


# temperature  338.000000000000000
#    0.000281425358074   -0.045420756068389    2.727742307372829  -71.881939058704290  739.261458475011409
  36.101036233549586   40.246015300000003
  38.404683990169943   41.263288400000000
  40.804303468548341   42.170130000000000
  43.301853275251254   42.879383300000001
  45.899292016845159   43.558967500000001


# temperature  340.000000000000000
#    0.000278434257932   -0.044932643676313    2.698013018973477  -71.083642336958604  731.394699317627328
  36.101036233549586   40.337982799999999
  38.404683990169943   41.348297600000002
  40.804303468548341   42.248167600000002
  43.301853275251254   42.951670100000001
  45.899292016845159   43.625353099999998


# temperature  342.000000000000000
#    0.000275486905682   -0.044451757402247    2.668730621457026  -70.297587975135528  723.651955961793533
  36.101036233549586   40.428750000000001
  38.404683990169943   41.432140500000003
  40.804303468548341   42.325093299999999
  43.301853275251254   43.022896899999999
  45.899292016845159   43.690741600000003


# temperature  344.000000000000000
#    0.000272583205534   -0.043978077466101    2.639893609041089  -69.523725899243175  716.032633699657026
  36.101036233549586   40.518335399999998
  38.404683990169943   41.514836600000002
  40.804303468548341   42.400926800000001
  43.301853275251254   43.093083100000001
  45.899292016845159   43.755151900000001


# temperature  346.000000000000000
#    0.000269721802278   -0.043511378661556    2.611487959779063  -68.761668435321582  708.532735840665850
  36.101036233549586   40.606757199999997
  38.404683990169943   41.596404900000003
  40.804303468548341   42.475687100000002
  43.301853275251254   43.162247700000002
  45.899292016845159   43.818602700000000


# temperature  348.000000000000000
#    0.000266902450080   -0.043051619968153    2.583511067621313  -68.011340977198628  701.151470702880943
  36.101036233549586   40.694033099999999
  38.404683990169943   41.676864000000002
  40.804303468548341   42.549393100000003
  43.301853275251254   43.230409399999999
  45.899292016845159   43.881111900000001


# temperature  350.000000000000000
#    0.000264125186417   -0.042598804176656    2.555962866201016  -67.272734411399483  693.888681122158800
  36.101036233549586   40.780180799999997
  38.404683990169943   41.756232300000001
  40.804303468548341   42.622063300000001
  43.301853275251254   43.297586400000000
  45.899292016845159   43.942697299999999


# temperature  352.000000000000000
#    0.000261387314461   -0.042152488454682    2.528816120901491  -66.545105233706863  686.736782855597198
  36.101036233549586   40.865217399999999
  38.404683990169943   41.834527799999996
  40.804303468548341   42.693715599999997
  43.301853275251254   43.363796700000002
  45.899292016845159   44.003376099999997


# temperature  354.000000000000000
#    0.000258690211005   -0.041712892712010    2.502083931145200  -65.828798302526039  679.699178760041718
  36.101036233549586   40.949160100000000
  38.404683990169943   41.911768299999999
  40.804303468548341   42.764367900000003
  43.301853275251254   43.429057600000000
  45.899292016845159   44.063165400000003


# temperature  356.000000000000000
#    0.000256031265341   -0.041279591767833    2.475740370750579  -65.123112087110215  672.768778437132937
  36.101036233549586   41.032025599999997
  38.404683990169943   41.987971000000002
  40.804303468548341   42.834037299999999
  43.301853275251254   43.493386399999999
  45.899292016845159   44.122081600000001


# temperature  358.000000000000000
#    0.000253411823967   -0.040852799298922    2.449798070651645  -64.428376141733949  665.948800215457823
  36.101036233549586   41.113830299999996
  38.404683990169943   42.063153100000001
  40.804303468548341   42.902741100000000
  43.301853275251254   43.556799699999999
  45.899292016845159   44.180140999999999


# temperature  360.000000000000000
#    0.000250829119979   -0.040432062942002    2.424229347225289  -63.743838913038296  659.231624255541533
  36.101036233549586   41.194590499999997
  38.404683990169943   42.137331300000000
  40.804303468548341   42.970495700000001
  43.301853275251254   43.619314000000003
  45.899292016845159   44.237359300000001


# temperature  362.000000000000000
#    0.000248284120947   -0.040017537846242    2.399043471262950  -63.069745048387396  652.619672285014190
  36.101036233549586   41.274322099999999
  38.404683990169943   42.210521999999997
  40.804303468548341   43.037317600000002
  43.301853275251254   43.680945299999998
  45.899292016845159   44.293752099999999


# temperature  364.000000000000000
#    0.000245775499727   -0.039609004547999    2.374226844063234  -62.405720430752275  646.109105449981143
  36.101036233549586   41.353040800000002
  38.404683990169943   42.282741399999999
  40.804303468548341   43.103222799999998
  43.301853275251254   43.741709399999998
  45.899292016845159   44.349334599999999


# temperature  366.000000000000000
#    0.000243303043378   -0.039206428833798    2.349777381498866  -61.751708061250440  639.699349687833092
  36.101036233549586   41.430762100000003
  38.404683990169943   42.354005299999997
  40.804303468548341   43.168227100000003
  43.301853275251254   43.801621799999999
  45.899292016845159   44.404121500000002


# temperature  368.000000000000000
#    0.000240864878568   -0.038809498506890    2.325675609801483  -61.107169241536020  633.384845614959886
  36.101036233549586   41.507501200000000
  38.404683990169943   42.424329399999998
  40.804303468548341   43.232345700000003
  43.301853275251254   43.860697399999999
  45.899292016845159   44.458127300000001


# temperature  370.000000000000000
#    0.000238461593944   -0.038418310188830    2.301927439619054  -60.472263712037964  627.167217857782816
  36.101036233549586   41.583272999999998
  38.404683990169943   42.493728800000000
  40.804303468548341   43.295593799999999
  43.301853275251254   43.918951100000001
  45.899292016845159   44.511366400000000


# temperature  372.000000000000000
#    0.000236093282962   -0.038032878122402    2.278533647807175  -59.847009250988030  621.046621848036466
  36.101036233549586   41.658092199999999
  38.404683990169943   42.562218500000000
  40.804303468548341   43.357986300000000
  43.301853275251254   43.976397300000002
  45.899292016845159   44.563852400000002


# temperature  374.000000000000000
#    0.000233757172560   -0.037652744002224    2.255465893567882  -59.230628814581053  615.015103079076425
  36.101036233549586   41.731973300000000
  38.404683990169943   42.629813400000003
  40.804303468548341   43.419537499999997
  43.301853275251254   44.033050199999998
  45.899292016845159   44.615599099999997


# temperature  376.000000000000000
#    0.000231454082796   -0.037278042294301    2.232732399218225  -58.623344709886759  609.074919054780707
  36.101036233549586   41.804930599999999
  38.404683990169943   42.696527900000000
  40.804303468548341   43.480261800000001
  43.301853275251254   44.088923700000002
  45.899292016845159   44.666619699999998


# temperature  378.000000000000000
#    0.000229183385282   -0.036908668065655    2.210326593183262  -58.024974125242593  603.224178775221958
  36.101036233549586   41.876977900000000
  38.404683990169943   42.762376099999997
  40.804303468548341   43.540173099999997
  43.301853275251254   44.144031400000003
  45.899292016845159   44.716927300000002


# temperature  380.000000000000000
#    0.000226943914129   -0.036544430149551    2.188236737790933  -57.435197350059333  597.459637828857581
  36.101036233549586   41.948129199999997
  38.404683990169943   42.827371999999997
  40.804303468548341   43.599285000000002
  43.301853275251254   44.198386599999999
  45.899292016845159   44.766534499999999


# temperature  382.000000000000000
#    0.000224736333118   -0.036185435812788    2.166469296278157  -56.854186557592818  591.783021338473191
  36.101036233549586   42.018397999999998
  38.404683990169943   42.891529200000001
  40.804303468548341   43.657611000000003
  43.301853275251254   44.252002300000001
  45.899292016845159   44.815453800000000


# temperature  384.000000000000000
#    0.000222559596036   -0.035831508879191    2.145013161108948  -56.281631153984527  586.191093997148414
  36.101036233549586   42.087797500000001
  38.404683990169943   42.954861299999997
  40.804303468548341   43.715164299999998
  43.301853275251254   44.304891300000001
  45.899292016845159   44.863697600000002


# temperature  386.000000000000000
#    0.000220411690641   -0.035482322951455    2.123848517371691  -55.716997671778010  580.678495675586873
  36.101036233549586   42.156340899999996
  38.404683990169943   43.017381399999998
  40.804303468548341   43.771957600000000
  43.301853275251254   44.357066199999998
  45.899292016845159   44.911277499999997


# temperature  388.000000000000000
#    0.000218294619953   -0.035138202398700    2.102994992456813  -55.160812144983097  575.250508778349058
  36.101036233549586   42.224041000000000
  38.404683990169943   43.079102399999996
  40.804303468548341   43.828003799999998
  43.301853275251254   44.408539200000000
  45.899292016845159   44.958205499999998


# temperature  390.000000000000000
#    0.000216205900529   -0.034798738702313    2.082427445698758  -54.612388735277882  569.900149563076184
  36.101036233549586   42.290910599999997
  38.404683990169943   43.140037100000001
  40.804303468548341   43.883315000000003
  43.301853275251254   44.459322200000003
  45.899292016845159   45.004492900000002


# temperature  392.000000000000000
#    0.000214145859537   -0.034463984456518    2.062149012498800  -54.071809645796066  564.628230469122855
  36.101036233549586   42.356962000000003
  38.404683990169943   43.200198000000000
  40.804303468548341   43.937903599999999
  43.301853275251254   44.509427100000003
  45.899292016845159   45.050150899999998


# temperature  394.000000000000000
#    0.000212113985082   -0.034133858629742    2.042154899849424  -53.538949453824287  559.433539710852983
  36.101036233549586   42.422207700000001
  38.404683990169943   43.259597200000002
  40.804303468548341   43.991781400000001
  43.301853275251254   44.558865500000003
  45.899292016845159   45.095190500000001


# temperature  396.000000000000000
#    0.000210109899417   -0.033808293343436    2.022440558850704  -53.013673566686208  554.314606606508050
  36.101036233549586   42.486659500000002
  38.404683990169943   43.318246899999998
  40.804303468548341   44.044960199999998
  43.301853275251254   44.607648599999997
  45.899292016845159   45.139622500000002


# temperature  398.000000000000000
#    0.000208133135413   -0.033487211961503    2.003001278955215  -52.495853579109607  549.270134498009611
  36.101036233549586   42.550329400000003
  38.404683990169943   43.376158900000000
  40.804303468548341   44.097451399999997
  43.301853275251254   44.655787400000001
  45.899292016845159   45.183457300000001


# temperature  400.000000000000000
#    0.000206182788732   -0.033170467361220    1.983828099373048  -51.985247428919067  544.297688700023059
  36.101036233549586   42.613228999999997
  38.404683990169943   43.433344699999999
  40.804303468548341   44.149266200000000
  43.301853275251254   44.703292900000001
  45.899292016845159   45.226705299999999


# temperature  402.000000000000000
#    0.000204258567750   -0.032858009315643    1.964917779641006  -51.481762496951958  539.396292475767154
  36.101036233549586   42.675369799999999
  38.404683990169943   43.489815800000002
  40.804303468548341   44.200415700000001
  43.301853275251254   44.750175700000000
  45.899292016845159   45.269376600000001


# temperature  404.000000000000000
#    0.000202360077944   -0.032549771276751    1.946266110009887  -50.985280618934695  534.564716713780740
  36.101036233549586   42.736763000000003
  38.404683990169943   43.545583399999998
  40.804303468548341   44.250910699999999
  43.301853275251254   44.796446099999997
  45.899292016845159   45.311480899999999


# temperature  406.000000000000000
#    0.000200486882403   -0.032245682824742    1.927868846783746  -50.495688582566117  529.801845144680101
  36.101036233549586   42.797419800000000
  38.404683990169943   43.600658400000000
  40.804303468548341   44.300761799999997
  43.301853275251254   44.842114500000001
  45.899292016845159   45.353028199999997


# temperature  408.000000000000000
#    0.000198638483704   -0.031945661090511    1.909720810926666  -50.012842678440784  525.106196182093072
  36.101036233549586   42.857351000000001
  38.404683990169943   43.655051600000000
  40.804303468548341   44.349979400000002
  43.301853275251254   44.887190799999999
  45.899292016845159   45.394027700000002


# temperature  410.000000000000000
#    0.000196815316823   -0.031649776070337    1.891826207437352  -49.536854816247484  520.478894861532012
  36.101036233549586   42.916567399999998
  38.404683990169943   43.708773600000001
  40.804303468548341   44.398573800000001
  43.301853275251254   44.931684799999999
  45.899292016845159   45.434488799999997


# temperature  412.000000000000000
#    0.000195016012451   -0.031357804479001    1.874171408583217  -49.067356164536314  515.916217591178793
  36.101036233549586   42.975079500000000
  38.404683990169943   43.761834800000003
  40.804303468548341   44.446554999999996
  43.301853275251254   44.975606300000003
  45.899292016845159   45.474420600000002


# temperature  414.000000000000000
#    0.000193240587736   -0.031069745069628    1.856756083404680  -48.604330850875947  511.417945300330757
  36.101036233549586   43.032897699999999
  38.404683990169943   43.814245499999998
  40.804303468548341   44.493932800000003
  43.301853275251254   45.018964500000003
  45.899292016845159   45.513832000000001


# temperature  416.000000000000000
#    0.000191488241314   -0.030785467057257    1.839572242033282  -48.147562469320839  506.981896517487939
  36.101036233549586   43.090032200000003
  38.404683990169943   43.866015699999998
  40.804303468548341   44.540716799999998
  43.301853275251254   45.061768700000002
  45.899292016845159   45.552731700000002


# temperature  418.000000000000000
#    0.000189759026785   -0.030504981370124    1.822620679172391  -47.697075942007395  502.608368367281457
  36.101036233549586   43.146493000000000
  38.404683990169943   43.917155100000002
  40.804303468548341   44.586916500000001
  43.301853275251254   45.104028100000001
  45.899292016845159   45.591128300000001


# temperature  420.000000000000000
#    0.000188051900462   -0.030228112389271    1.805890339079931  -47.252562866993287  498.294155693453661
  36.101036233549586   43.202289899999997
  38.404683990169943   43.967673599999998
  40.804303468548341   44.632541199999999
  43.301853275251254   45.145751500000003
  45.899292016845159   45.629030200000003


# temperature  422.000000000000000
#    0.000186367121817   -0.029954903701836    1.789383956670828  -46.814099367868664  494.040062110315944
  36.101036233549586   43.257432700000003
  38.404683990169943   44.017580600000002
  40.804303468548341   44.677599999999998
  43.301853275251254   45.186947600000003
  45.899292016845159   45.666445600000003


# temperature  424.000000000000000
#    0.000184704632938   -0.029685343432347    1.773100650029931  -46.381657250436767  489.845768289355078
  36.101036233549586   43.311930900000000
  38.404683990169943   44.066885499999998
  40.804303468548341   44.722101899999998
  43.301853275251254   45.227624900000002
  45.899292016845159   45.703382599999998


# temperature  426.000000000000000
#    0.000183063819031   -0.029419334228122    1.757034656861474  -45.955085546811659  485.709807269619773
  36.101036233549586   43.365793900000000
  38.404683990169943   44.115597299999997
  40.804303468548341   44.766055600000001
  43.301853275251254   45.267791899999999
  45.899292016845159   45.739849000000000


# temperature  428.000000000000000
#    0.000181443330091   -0.029156652030629    1.741172062075797  -45.534001189049626  481.628245539580575
  36.101036233549586   43.419030900000003
  38.404683990169943   44.163725200000002
  40.804303468548341   44.809469700000001
  43.301853275251254   45.307456799999997
  45.899292016845159   45.775852499999999


# temperature  430.000000000000000
#    0.000179843806895   -0.028897399478392    1.725519009249631  -45.118567177227106  477.602710485819955
  36.101036233549586   43.471650900000000
  38.404683990169943   44.211278000000000
  40.804303468548341   44.852352699999997
  43.301853275251254   45.346627599999998
  45.899292016845159   45.811400900000002


# temperature  432.000000000000000
#    0.000178264606806   -0.028641473526155    1.710069317750900  -44.708619319949619  473.631582028823232
  36.101036233549586   43.523662899999998
  38.404683990169943   44.258264300000000
  40.804303468548341   44.894712800000001
  43.301853275251254   45.385312200000001
  45.899292016845159   45.846501400000001


# temperature  434.000000000000000
#    0.000176705727669   -0.028388873700289    1.694822943973004  -44.304155981168023  469.714848116459223
  36.101036233549586   43.575075699999999
  38.404683990169943   44.304692699999997
  40.804303468548341   44.936558300000002
  43.301853275251254   45.423518500000000
  45.899292016845159   45.881161400000003


# temperature  436.000000000000000
#    0.000175166852399   -0.028139544605051    1.679776277634944  -43.905073287767259  465.851404764496579
  36.101036233549586   43.625897799999997
  38.404683990169943   44.350571600000002
  40.804303468548341   44.977897100000000
  43.301853275251254   45.461253900000003
  45.899292016845159   45.915388000000000


# temperature  438.000000000000000
#    0.000173647647059   -0.027893432158527    1.664926045970155  -43.511283683893588  462.040387719621094
  36.101036233549586   43.676137799999999
  38.404683990169943   44.395909199999998
  40.804303468548341   45.018737000000002
  43.301853275251254   45.498525899999997
  45.899292016845159   45.949188300000003


# temperature  440.000000000000000
#    0.000172147003968   -0.027650357136199    1.650261399763814  -43.122496097633835  458.278885955411965
  36.101036233549586   43.725804099999998
  38.404683990169943   44.440713600000002
  40.804303468548341   45.059085699999997
  43.301853275251254   45.535342000000000
  45.899292016845159   45.982569099999999


# temperature  442.000000000000000
#    0.000170665068634   -0.027410339781109    1.635783347162888  -42.738731455696211  454.567054324090861
  36.101036233549586   43.774904700000000
  38.404683990169943   44.484992800000001
  40.804303468548341   45.098950799999997
  43.301853275251254   45.571709200000001
  45.899292016845159   46.015537000000002


# temperature  444.000000000000000
#    0.000169202409228   -0.027173472643666    1.621497530943522  -42.360142517092946  450.906451064942871
  36.101036233549586   43.823447799999997
  38.404683990169943   44.528754599999999
  40.804303468548341   45.138339799999997
  43.301853275251254   45.607634599999997
  45.899292016845159   46.048098899999999


# temperature  446.000000000000000
#    0.000167757686807   -0.026939538688429    1.607390793502445  -41.986375865773333  447.293536355106255
  36.101036233549586   43.871441400000002
  38.404683990169943   44.572006600000002
  40.804303468548341   45.177259800000002
  43.301853275251254   45.643125099999999
  45.899292016845159   46.080261000000000


# temperature  448.000000000000000
#    0.000166330815546   -0.026708520330653    1.593461832951705  -41.617389972886770  443.727833808100797
  36.101036233549586   43.918893199999999
  38.404683990169943   44.614756499999999
  40.804303468548341   45.215718099999997
  43.301853275251254   45.678187500000000
  45.899292016845159   46.112029800000002


# temperature  450.000000000000000
#    0.000164921414364   -0.026480358569131    1.579707245543583  -41.253098295512913  440.208534171235840
  36.101036233549586   43.965810900000001
  38.404683990169943   44.657011500000003
  40.804303468548341   45.253721599999999
  43.301853275251254   45.712828500000001
  45.899292016845159   46.143411399999998


# temperature  452.000000000000000
#    0.000163530199097   -0.026255166670907    1.566133725805737  -40.893676155365696  436.737362787585482
  36.101036233549586   44.012202100000003
  38.404683990169943   44.698779000000002
  40.804303468548341   45.291277299999997
  43.301853275251254   45.747054499999997
  45.899292016845159   46.174412099999998


# temperature  454.000000000000000
#    0.000162155132041   -0.026032613069842    1.552721089006317  -40.538578830969335  433.308829479712188
  36.101036233549586   44.058074200000000
  38.404683990169943   44.740066200000001
  40.804303468548341   45.328391900000000
  43.301853275251254   45.780872100000003
  45.899292016845159   46.205037699999998


# temperature  456.000000000000000
#    0.000160797321400   -0.025812877107418    1.539480195818446  -40.188098172340851  429.925878750826712
  36.101036233549586   44.103434499999999
  38.404683990169943   44.780880000000003
  40.804303468548341   45.365071999999998
  43.301853275251254   45.814287399999998
  45.899292016845159   46.235294300000000


# temperature  458.000000000000000
#    0.000159456456318   -0.025595909346694    1.526408094771882  -39.842155907941788  426.587740723130480
  36.101036233549586   44.148290199999998
  38.404683990169943   44.821227399999998
  40.804303468548341   45.401324299999999
  43.301853275251254   45.847306699999997
  45.899292016845159   46.265187400000002


# temperature  460.000000000000000
#    0.000158131219463   -0.025381492485963    1.513491387786537  -39.500386243587435  423.290691985205683
  36.101036233549586   44.192648400000003
  38.404683990169943   44.861115200000000
  40.804303468548341   45.437154999999997
  43.301853275251254   45.879936000000001
  45.899292016845159   46.294722800000002


# temperature  462.000000000000000
#    0.000156822641600   -0.025169794714399    1.500740336065296  -39.163066738079408  420.037548812438672
  36.101036233549586   44.236516000000002
  38.404683990169943   44.900550000000003
  40.804303468548341   45.472570500000003
  43.301853275251254   45.912181199999999
  45.899292016845159   46.323906100000002


# temperature  464.000000000000000
#    0.000155529587132   -0.024960631098256    1.488143670423491  -38.829892984932066  416.825243321284972
  36.101036233549586   44.279899800000003
  38.404683990169943   44.939538400000004
  40.804303468548341   45.507576999999998
  43.301853275251254   45.944048299999999
  45.899292016845159   46.352742700000000


# temperature  466.000000000000000
#    0.000154252930622   -0.024754142644263    1.475709894623978  -38.501092520377334  413.656062746455518
  36.101036233549586   44.322806700000001
  38.404683990169943   44.978086900000001
  40.804303468548341   45.542180600000002
  43.301853275251254   45.975542799999999
  45.899292016845159   46.381237900000002


# temperature  468.000000000000000
#    0.000152990561687   -0.024549987681459    1.463418321497643  -38.176110270724614  410.524445123759506
  36.101036233549586   44.365243200000002
  38.404683990169943   45.016201700000003
  40.804303468548341   45.576387099999998
  43.301853275251254   46.006670600000000
  45.899292016845159   46.409396899999997


# temperature  470.000000000000000
#    0.000151743633297   -0.024348349946861    1.451279894181447  -37.855235103534433  407.433249885015471
  36.101036233549586   44.407215899999997
  38.404683990169943   45.053889200000000
  40.804303468548341   45.610202500000000
  43.301853275251254   46.037436999999997
  45.899292016845159   46.437224999999998


# temperature  472.000000000000000
#    0.000150512301947   -0.024149256689760    1.439296376663553  -37.538517486022108  404.383022529220455
  36.101036233549586   44.448731100000003
  38.404683990169943   45.091155399999998
  40.804303468548341   45.643632599999997
  43.301853275251254   46.067847499999999
  45.899292016845159   46.464727199999999


# temperature  474.000000000000000
#    0.000149294710276   -0.023952403817453    1.427449152971764  -37.225452533131353  401.368651682393704
  36.101036233549586   44.489795100000002
  38.404683990169943   45.128006300000003
  40.804303468548341   45.676682800000002
  43.301853275251254   46.097907399999997
  45.899292016845159   46.491908400000000


# temperature  476.000000000000000
#    0.000148091786146   -0.023757943197966    1.415747515018417  -36.916292258428712  398.392700943973693
  36.101036233549586   44.530414200000003
  38.404683990169943   45.164447899999999
  40.804303468548341   45.709358899999998
  43.301853275251254   46.127622000000002
  45.899292016845159   46.518773500000002


# temperature  478.000000000000000
#    0.000146903064807   -0.023565798718998    1.404186800775875  -36.610910226231553  395.453896227320456
  36.101036233549586   44.570594499999999
  38.404683990169943   45.200485999999998
  40.804303468548341   45.741666299999999
  43.301853275251254   46.156996399999997
  45.899292016845159   46.545327200000003


# temperature  480.000000000000000
#    0.000145728390208   -0.023375943231508    1.392765256076920  -36.309256636259313  392.551719570584112
  36.101036233549586   44.610342000000003
  38.404683990169943   45.236126300000002
  40.804303468548341   45.773610300000001
  43.301853275251254   46.186035599999997
  45.899292016845159   46.571574400000003


# temperature  482.000000000000000
#    0.000144567323060   -0.023188305791939    1.381478588708358  -36.011216306690002  389.685020833637680
  36.101036233549586   44.649662499999998
  38.404683990169943   45.271374399999999
  40.804303468548341   45.805196199999997
  43.301853275251254   46.214744600000003
  45.899292016845159   46.597519499999997


# temperature  484.000000000000000
#    0.000143420459446   -0.023002984660045    1.370332861423376  -35.716955331307148  386.855511314949240
  36.101036233549586   44.688561999999997
  38.404683990169943   45.306235800000003
  40.804303468548341   45.836429199999998
  43.301853275251254   46.243128200000001
  45.899292016845159   46.623167000000002


# temperature  486.000000000000000
#    0.000142286841656   -0.022819821835012    1.359318323640296  -35.426207059296914  384.060470823432809
  36.101036233549586   44.727046100000003
  38.404683990169943   45.340716000000000
  40.804303468548341   45.867314399999998
  43.301853275251254   46.271191299999998
  45.899292016845159   46.648521500000001


# temperature  488.000000000000000
#    0.000141165411532   -0.022638643535391    1.348424305643890  -35.138681375365863  381.296958103113184
  36.101036233549586   44.765120400000001
  38.404683990169943   45.374820300000003
  40.804303468548341   45.897856599999997
  43.301853275251254   46.298938499999998
  45.899292016845159   46.673587300000001


# temperature  490.000000000000000
#    0.000140057793244   -0.022459715619457    1.337667076321752  -34.854819517848455  378.569454797926426
  36.101036233549586   44.802790500000000
  38.404683990169943   45.408554000000002
  40.804303468548341   45.928061000000000
  43.301853275251254   46.326374399999999
  45.899292016845159   46.698368600000002


# temperature  492.000000000000000
#    0.000138962288083   -0.022282761717426    1.327029827296436  -34.574168704953266  375.873408785030620
  36.101036233549586   44.840061900000002
  38.404683990169943   45.441922200000000
  40.804303468548341   45.957932200000002
  43.301853275251254   46.353503600000003
  45.899292016845159   46.722869600000003


# temperature  494.000000000000000
#    0.000137880438931   -0.022108031100188    1.316527617690040  -34.297132251695828  373.212866644359394
  36.101036233549586   44.876939900000004
  38.404683990169943   45.474930000000001
  40.804303468548341   45.987475099999997
  43.301853275251254   46.380330399999998
  45.899292016845159   46.747094599999997


# temperature  496.000000000000000
#    0.000136810803871   -0.021935290394476    1.306146318973566  -34.023331085677931  370.584031238002865
  36.101036233549586   44.913429800000003
  38.404683990169943   45.507582399999997
  40.804303468548341   46.016694299999997
  43.301853275251254   46.406859300000001
  45.899292016845159   46.771047400000000


# temperature  498.000000000000000
#    0.000135752892619   -0.021764458302435    1.295880897661823  -33.752627406029013  367.985500791534946
  36.101036233549586   44.949536799999997
  38.404683990169943   45.539884299999997
  40.804303468548341   46.045594299999998
  43.301853275251254   46.433094599999997
  45.899292016845159   46.794732199999999


# temperature  500.000000000000000
#    0.000134706805919   -0.021595550671572    1.285732279438084  -33.485045121918283  365.417511628621867
  36.101036233549586   44.985266000000003
  38.404683990169943   45.571840600000002
  40.804303468548341   46.074179700000002
  43.301853275251254   46.459040500000000
  45.899292016845159   46.818152800000000


# temperature  502.000000000000000
#    0.000133672543992   -0.021428567552011    1.275700469212687  -33.220584566808732  362.880076367784341
  36.101036233549586   45.020622400000001
  38.404683990169943   45.603456000000001
  40.804303468548341   46.102454899999998
  43.301853275251254   46.484701100000002
  45.899292016845159   46.841313000000000


# temperature  504.000000000000000
#    0.000132651139983   -0.021263677656687    1.265795776706168  -32.959525269033932  360.376037855266134
  36.101036233549586   45.055610999999999
  38.404683990169943   45.634735100000000
  40.804303468548341   46.130424300000001
  43.301853275251254   46.510080400000000
  45.899292016845159   46.864216700000000


# temperature  506.000000000000000
#    0.000131640324854   -0.021100511591741    1.255995707155986  -32.701260051675838  357.899272476131216
  36.101036233549586   45.090236699999998
  38.404683990169943   45.665682599999997
  40.804303468548341   46.158092099999998
  43.301853275251254   46.535182599999999
  45.899292016845159   46.886867400000000


# temperature  508.000000000000000
#    0.000130640844661   -0.020939188840564    1.246307421944337  -32.445979429504177  355.451683963026142
  36.101036233549586   45.124504299999998
  38.404683990169943   45.696303000000000
  40.804303468548341   46.185462500000000
  43.301853275251254   46.560011500000002
  45.899292016845159   46.909269000000002


# temperature  510.000000000000000
#    0.000129652753001   -0.020779720331359    1.236731715772702  -32.193708324603293  353.033564140043325
  36.101036233549586   45.158418500000003
  38.404683990169943   45.726600699999999
  40.804303468548341   46.212539700000001
  43.301853275251254   46.584570999999997
  45.899292016845159   46.931424800000002


# temperature  512.000000000000000
#    0.000128675475922   -0.020622007655173    1.227262296875541  -31.944269043329786  350.643047398713975
  36.101036233549586   45.191983899999997
  38.404683990169943   45.756580200000002
  40.804303468548341   46.239327699999997
  43.301853275251254   46.608864799999999
  45.899292016845159   46.953338600000002


# temperature  514.000000000000000
#    0.000127709746475   -0.020466177044194    1.217907274438154  -31.697892049635897  348.282583936888500
  36.101036233549586   45.225205199999998
  38.404683990169943   45.786245600000001
  40.804303468548341   46.265830600000001
  43.301853275251254   46.632896799999997
  45.899292016845159   46.975013599999997


# temperature  516.000000000000000
#    0.000126753957788   -0.020311961426690    1.208650051887166  -31.454120455072207  345.947477719031667
  36.101036233549586   45.258086800000001
  38.404683990169943   45.815601299999997
  40.804303468548341   46.292052200000001
  43.301853275251254   46.656670599999998
  45.899292016845159   46.996453299999999


# temperature  518.000000000000000
#    0.000125808602972   -0.020159442724557    1.199495721048185  -31.213094697024751  343.639183928060163
  36.101036233549586   45.290633200000002
  38.404683990169943   45.844651399999996
  40.804303468548341   46.317996399999998
  43.301853275251254   46.680189800000001
  45.899292016845159   47.017660999999997


# temperature  520.000000000000000
#    0.000124874453541   -0.020008745589967    1.190451813120188  -30.975016544186829  341.359730043763875
  36.101036233549586   45.322848700000002
  38.404683990169943   45.873399999999997
  40.804303468548341   46.343667099999998
  43.301853275251254   46.703457899999997
  45.899292016845159   47.038640100000002


# temperature  522.000000000000000
#    0.000123949967060   -0.019859620852301    1.181503278803493  -30.739483348517375  339.105094423755020
  36.101036233549586   45.354737700000001
  38.404683990169943   45.901851100000002
  40.804303468548341   46.369067899999997
  43.301853275251254   46.726478499999999
  45.899292016845159   47.059393600000000


# temperature  524.000000000000000
#    0.000123035859290   -0.019712181761915    1.172656810990095  -30.506670320605970  336.876996471900384
  36.101036233549586   45.386304400000000
  38.404683990169943   45.930008800000003
  40.804303468548341   46.394202600000000
  43.301853275251254   46.749254899999997
  45.899292016845159   47.079924800000001


# temperature  526.000000000000000
#    0.000122131954874   -0.019566401943047    1.163910942867698  -30.276541896606908  334.675124945455195
  36.101036233549586   45.417552899999997
  38.404683990169943   45.957876800000001
  40.804303468548341   46.419074700000003
  43.301853275251254   46.771790500000002
  45.899292016845159   47.100236799999998


# temperature  528.000000000000000
#    0.000121237426914   -0.019422145425287    1.155257313116856  -30.048870305566481  332.497165586973324
  36.101036233549586   45.448487399999998
  38.404683990169943   45.985459100000000
  40.804303468548341   46.443687799999999
  43.301853275251254   46.794088700000003
  45.899292016845159   47.120332699999999


# temperature  530.000000000000000
#    0.000120352014007   -0.019279368198014    1.146693148127486  -29.823578121337970  330.342315248827276
  36.101036233549586   45.479111799999998
  38.404683990169943   46.012759500000001
  40.804303468548341   46.468045400000001
  43.301853275251254   46.816152700000004
  45.899292016845159   47.140215400000002


# temperature  532.000000000000000
#    0.000119477762983   -0.019138408426946    1.138239351421119  -29.601238414692219  328.216457363393431
  36.101036233549586   45.509430299999998
  38.404683990169943   46.039781499999997
  40.804303468548341   46.492151000000000
  43.301853275251254   46.837985600000003
  45.899292016845159   47.159887800000000


# temperature  534.000000000000000
#    0.000118612033975   -0.018998830360864    1.129869019979332  -29.381114991206111  326.112062428413992
  36.101036233549586   45.539446599999998
  38.404683990169943   46.066529000000003
  40.804303468548341   46.516007899999998
  43.301853275251254   46.859590699999998
  45.899292016845159   47.179352999999999


# temperature  536.000000000000000
#    0.000117755812981   -0.018860797793420    1.121592332542126  -29.163488392164673  324.032028190953781
  36.101036233549586   45.569164700000002
  38.404683990169943   46.093005499999997
  40.804303468548341   46.539619500000001
  43.301853275251254   46.880971099999996
  45.899292016845159   47.198613799999997


# temperature  538.000000000000000
#    0.000116907883115   -0.018724109203517    1.113396810161314  -28.948016287817197  321.972848904012949
  36.101036233549586   45.598588300000003
  38.404683990169943   46.119214599999999
  40.804303468548341   46.562988900000001
  43.301853275251254   46.902129700000003
  45.899292016845159   47.217672899999997


# temperature  540.000000000000000
#    0.000116069720809   -0.018589009716113    1.105297668337922  -28.735117242689750  319.938834168725634
  36.101036233549586   45.627721200000003
  38.404683990169943   46.145159700000001
  40.804303468548341   46.586119600000004
  43.301853275251254   46.923069699999999
  45.899292016845159   47.236533100000003


# temperature  542.000000000000000
#    0.000115240214530   -0.018455314671692    1.097283447566500  -28.524476552893617  317.926761423817311
  36.101036233549586   45.656567199999998
  38.404683990169943   46.170844299999999
  40.804303468548341   46.609014500000001
  43.301853275251254   46.943793800000002
  45.899292016845159   47.255197099999997


# temperature  544.000000000000000
#    0.000114419751962   -0.018323089113871    1.089358218593732  -28.316206918814242  315.937799127128187
  36.101036233549586   45.685129699999997
  38.404683990169943   46.196271699999997
  40.804303468548341   46.631676900000002
  43.301853275251254   46.964305099999997
  45.899292016845159   47.273667600000003


# temperature  546.000000000000000
#    0.000113607349931   -0.018192169873043    1.081511861020422  -28.110030435694533  313.969100940229168
  36.101036233549586   45.713412400000003
  38.404683990169943   46.221445400000000
  40.804303468548341   46.654109800000001
  43.301853275251254   46.984606399999997
  45.899292016845159   47.291947299999997


# temperature  548.000000000000000
#    0.000112805052816   -0.018062894574440    1.073765228212542  -27.906518093585998  312.026518584772191
  36.101036233549586   45.741418799999998
  38.404683990169943   46.246368400000001
  40.804303468548341   46.676316300000003
  43.301853275251254   47.004700399999997
  45.899292016845159   47.310038599999999


# temperature  550.000000000000000
#    0.000112009786070   -0.017934757537383    1.066087218699667  -27.704822232984835  310.101418280942994
  36.101036233549586   45.769152400000003
  38.404683990169943   46.271044199999999
  40.804303468548341   46.698299200000001
  43.301853275251254   47.024590000000003
  45.899292016845159   47.327944199999997


# temperature  552.000000000000000
#    0.000111223407504   -0.017808062954913    1.058496458280289  -27.505448406026957  308.198936341333251
  36.101036233549586   45.796616600000000
  38.404683990169943   46.295475900000000
  40.804303468548341   46.720061600000001
  43.301853275251254   47.044277800000003
  45.899292016845159   47.345666500000000


# temperature  554.000000000000000
#    0.000110444711220   -0.017682616312278    1.050981223853567  -27.308083823637645  306.315959067452866
  36.101036233549586   45.823814800000001
  38.404683990169943   46.319666499999997
  40.804303468548341   46.741606200000000
  43.301853275251254   47.063766600000001
  45.899292016845159   47.363208000000000


# temperature  556.000000000000000
#    0.000109674541338   -0.017558552349692    1.043549547414435  -27.112940495446484  304.454581185068037
  36.101036233549586   45.850750200000000
  38.404683990169943   46.343619199999999
  40.804303468548341   46.762936000000003
  43.301853275251254   47.083058899999997
  45.899292016845159   47.380571099999997


# temperature  558.000000000000000
#    0.000108912229617   -0.017435762819686    1.036194875239508  -26.919842753800541  302.613047588238089
  36.101036233549586   45.877426100000001
  38.404683990169943   46.367336999999999
  40.804303468548341   46.784053700000001
  43.301853275251254   47.102157300000002
  45.899292016845159   47.397758099999997


# temperature  560.000000000000000
#    0.000108157907016   -0.017314269786042    1.028918599862129  -26.728829700800286  300.791773988901525
  36.101036233549586   45.903845799999999
  38.404683990169943   46.390822900000003
  40.804303468548341   46.804962099999997
  43.301853275251254   47.121064400000002
  45.899292016845159   47.414771399999999


# temperature  562.000000000000000
#    0.000107411111093   -0.017193997643516    1.021716106135662  -26.539776759145063  298.989509331822546
  36.101036233549586   45.930012499999997
  38.404683990169943   46.414079800000003
  40.804303468548341   46.825663800000001
  43.301853275251254   47.139782699999998
  45.899292016845159   47.431613400000003


# temperature  564.000000000000000
#    0.000106671811702   -0.017074940192470    1.014586928842409  -26.352668846935739  297.206077866966893
  36.101036233549586   45.955929099999999
  38.404683990169943   46.437110599999997
  40.804303468548341   46.846161500000001
  43.301853275251254   47.158314599999997
  45.899292016845159   47.448286199999998


# temperature  566.000000000000000
#    0.000105940763507   -0.016957223398843    1.007538936691877  -26.167724050020141  295.443745703950867
  36.101036233549586   45.981598900000002
  38.404683990169943   46.459918100000003
  40.804303468548341   46.866457900000000
  43.301853275251254   47.176662600000000
  45.899292016845159   47.464792099999997


# temperature  568.000000000000000
#    0.000105215791687   -0.016840487690628    1.000549895245551  -25.984333054415966  293.696272886621728
  36.101036233549586   46.007024800000003
  38.404683990169943   46.482505300000000
  40.804303468548341   46.886555399999999
  43.301853275251254   47.194828999999999
  45.899292016845159   47.481133200000002


# temperature  570.000000000000000
#    0.000104500001380   -0.016725245048362    0.993651381010814  -25.803359268415228  291.972493681509491
  36.101036233549586   46.032209899999998
  38.404683990169943   46.504874700000002
  40.804303468548341   46.906456800000001
  43.301853275251254   47.212816199999999
  45.899292016845159   47.497311799999999


# temperature  572.000000000000000
#    0.000103789647194   -0.016610880970010    0.986805685365645  -25.623777061858085  290.261979113377095
  36.101036233549586   46.057156999999997
  38.404683990169943   46.527029200000001
  40.804303468548341   46.926164300000003
  43.301853275251254   47.230626600000001
  45.899292016845159   47.513329900000002


# temperature  574.000000000000000
#    0.000103087463583   -0.016497841112166    0.980039979835264  -25.446321047845153  288.572163740503242
  36.101036233549586   46.081869099999999
  38.404683990169943   46.548971399999999
  40.804303468548341   46.945680500000002
  43.301853275251254   47.248262199999999
  45.899292016845159   47.529189700000003


# temperature  576.000000000000000
#    0.000102392732705   -0.016386011767615    0.973347529561672  -25.270814490996408  286.901316847464216
  36.101036233549586   46.106349000000002
  38.404683990169943   46.570703899999998
  40.804303468548341   46.965007900000003
  43.301853275251254   47.265725500000002
  45.899292016845159   47.544893100000003


# temperature  578.000000000000000
#    0.000101704936361   -0.016275305929226    0.966722881086886  -25.097106255787395  285.247879101864271
  36.101036233549586   46.130599599999996
  38.404683990169943   46.592229400000001
  40.804303468548341   46.984148800000000
  43.301853275251254   47.283018599999998
  45.899292016845159   47.560442199999997


# temperature  580.000000000000000
#    0.000101022913345   -0.016165533461049    0.960154392135382  -24.924880459483973  283.608649093807287
  36.101036233549586   46.154623500000000
  38.404683990169943   46.613550400000001
  40.804303468548341   47.003105400000003
  43.301853275251254   47.300143700000000
  45.899292016845159   47.575839000000002


# temperature  582.000000000000000
#    0.000100348521467   -0.016056998556077    0.953660688502823  -24.754642654145105  281.988762635102375
  36.101036233549586   46.178423600000002
  38.404683990169943   46.634669500000001
  40.804303468548341   47.021880299999999
  43.301853275251254   47.317102900000002
  45.899292016845159   47.591085399999997


# temperature  584.000000000000000
#    0.000099680267741   -0.015949457470043    0.947226898751740  -24.585991037177639  280.384166414109302
  36.101036233549586   46.202002600000000
  38.404683990169943   46.655589100000000
  40.804303468548341   47.040475499999999
  43.301853275251254   47.333898300000001
  45.899292016845159   47.606183399999999


# temperature  586.000000000000000
#    0.000099019414117   -0.015843116186382    0.940865590839508  -24.419265400445347  278.798298163979211
  36.101036233549586   46.225363000000002
  38.404683990169943   46.676311599999998
  40.804303468548341   47.058893400000002
  43.301853275251254   47.350531900000000
  45.899292016845159   47.621134800000000


# temperature  588.000000000000000
#    0.000098365061017   -0.015737828629874    0.934567901010150  -24.254227620799483  277.228771340708818
  36.101036233549586   46.248507600000003
  38.404683990169943   46.696839500000003
  40.804303468548341   47.077136199999998
  43.301853275251254   47.367005900000002
  45.899292016845159   47.635941600000002


# temperature  590.000000000000000
#    0.000097716584888   -0.015633490931829    0.928327356364094  -24.090698936885552  275.673743026510181
  36.101036233549586   46.271438799999999
  38.404683990169943   46.717175200000000
  40.804303468548341   47.095205999999997
  43.301853275251254   47.383322200000002
  45.899292016845159   47.650605499999998


# temperature  592.000000000000000
#    0.000097074581666   -0.015530201318541    0.922150016378275  -23.928845220104563  274.134916040079247
  36.101036233549586   46.294159200000003
  38.404683990169943   46.737321000000001
  40.804303468548341   47.113104999999997
  43.301853275251254   47.399482800000001
  45.899292016845159   47.665128400000000


# temperature  594.000000000000000
#    0.000096439238067   -0.015427993255654    0.916038111895933  -23.768732130742386  272.613013370134979
  36.101036233549586   46.316671399999997
  38.404683990169943   46.757279099999998
  40.804303468548341   47.130835300000001
  43.301853275251254   47.415489700000002
  45.899292016845159   47.679512000000003


# temperature  596.000000000000000
#    0.000095809643451   -0.015326713644898    0.909982021677170  -23.610091893825174  271.105253084707670
  36.101036233549586   46.338977700000001
  38.404683990169943   46.777051899999996
  40.804303468548341   47.148398899999997
  43.301853275251254   47.431344699999997
  45.899292016845159   47.693758099999997


# temperature  598.000000000000000
#    0.000095187117975   -0.015226580412048    0.903995202144151  -23.453292940099661  269.615412004191796
  36.101036233549586   46.361080700000002
  38.404683990169943   46.796641600000001
  40.804303468548341   47.165798000000002
  43.301853275251254   47.447049700000001
  45.899292016845159   47.707868400000002


# temperature  600.000000000000000
#    0.000094569311238   -0.015127207559173    0.898053947133237  -23.297690058206559  268.136926610470141
  36.101036233549586   46.382982699999999
  38.404683990169943   46.816050500000003
  40.804303468548341   47.183034399999997
  43.301853275251254   47.462606600000001
  45.899292016845159   47.721844599999997


# temperature  602.000000000000000
#    0.000093957571239   -0.015028818704643    0.892172131404382  -23.143664902440772  266.673726242896919
  36.101036233549586   46.404686099999999
  38.404683990169943   46.835280599999997
  40.804303468548341   47.200110199999997
  43.301853275251254   47.478017299999998
  45.899292016845159   47.735688400000001


# temperature  604.000000000000000
#    0.000093352875290   -0.014931571142760    0.886359224727364  -22.991470331686077  265.228340630320758
  36.101036233549586   46.426193300000001
  38.404683990169943   46.854334100000003
  40.804303468548341   47.217027399999999
  43.301853275251254   47.493283400000003
  45.899292016845159   47.749401499999998


# temperature  606.000000000000000
#    0.000092753547615   -0.014835193115402    0.880598736754030  -22.840662626336254  263.796304948227260
  36.101036233549586   46.447506400000002
  38.404683990169943   46.873213100000001
  40.804303468548341   47.233787900000003
  43.301853275251254   47.508406899999997
  45.899292016845159   47.762985299999997


# temperature  608.000000000000000
#    0.000092159378713   -0.014739646578720    0.874888121888049  -22.691167286301752  262.376815589335365
  36.101036233549586   46.468627800000000
  38.404683990169943   46.891919799999997
  40.804303468548341   47.250393500000001
  43.301853275251254   47.523389399999999
  45.899292016845159   47.776441699999999


# temperature  610.000000000000000
#    0.000091572337902   -0.014645258529390    0.869247682542312  -22.543542979938138  260.975623718212148
  36.101036233549586   46.489559800000002
  38.404683990169943   46.910456000000003
  40.804303468548341   47.266846200000003
  43.301853275251254   47.538232600000001
  45.899292016845159   47.789771999999999


# temperature  612.000000000000000
#    0.000090989423167   -0.014551533358134    0.863646816409661  -22.396952177635669  259.584159862659988
  36.101036233549586   46.510304400000003
  38.404683990169943   46.928823999999999
  40.804303468548341   47.283147700000001
  43.301853275251254   47.552938300000001
  45.899292016845159   47.802977900000002


# temperature  614.000000000000000
#    0.000090412809626   -0.014458830703808    0.858107764476834  -22.252004638023209  258.208679337146350
  36.101036233549586   46.530863900000000
  38.404683990169943   46.947025600000003
  40.804303468548341   47.299300000000002
  43.301853275251254   47.567508199999999
  45.899292016845159   47.816060899999997


# temperature  616.000000000000000
#    0.000089841151959   -0.014366927538751    0.852616707056112  -22.108321121161360  256.845296033331294
  36.101036233549586   46.551240499999999
  38.404683990169943   46.965062900000000
  40.804303468548341   47.315304699999999
  43.301853275251254   47.581943799999998
  45.899292016845159   47.829022500000001


# temperature  618.000000000000000
#    0.000089274737328   -0.014275873109192    0.847176794121074  -21.965990751726327  255.494953403893504
  36.101036233549586   46.571436200000001
  38.404683990169943   46.982937700000001
  40.804303468548341   47.331163599999996
  43.301853275251254   47.596246800000003
  45.899292016845159   47.841864100000002


# temperature  620.000000000000000
#    0.000088713640868   -0.014185678060427    0.841788578263737  -21.825025962628057  254.157755446043382
  36.101036233549586   46.591453100000003
  38.404683990169943   47.000652000000002
  40.804303468548341   47.346878500000003
  43.301853275251254   47.610418799999998
  45.899292016845159   47.854587299999999


# temperature  622.000000000000000
#    0.000088158355613   -0.014096424297624    0.836457149671661  -21.685567080064391  252.835152402851577
  36.101036233549586   46.611293300000000
  38.404683990169943   47.018207599999997
  40.804303468548341   47.362451100000001
  43.301853275251254   47.624461300000000
  45.899292016845159   47.867193399999998


# temperature  624.000000000000000
#    0.000087608984539   -0.014008128158593    0.831183479269396  -21.547639760348961  251.527400789000922
  36.101036233549586   46.630958700000001
  38.404683990169943   47.035606299999998
  40.804303468548341   47.377883099999998
  43.301853275251254   47.638375900000000
  45.899292016845159   47.879683999999997


# temperature  626.000000000000000
#    0.000087063826482   -0.013920512733068    0.825950708524343  -21.410789140983955  250.229914171077695
  36.101036233549586   46.650451500000003
  38.404683990169943   47.052850100000001
  40.804303468548341   47.393176099999998
  43.301853275251254   47.652164200000001
  45.899292016845159   47.892060200000003


# temperature  628.000000000000000
#    0.000086523031560   -0.013833599278155    0.820759939342472  -21.275039865357321  248.942893063223806
  36.101036233549586   46.669773499999998
  38.404683990169943   47.069940799999998
  40.804303468548341   47.408331699999998
  43.301853275251254   47.665827600000000
  45.899292016845159   47.904323599999998


# temperature  630.000000000000000
#    0.000085987613537   -0.013747557263330    0.815621767160593  -21.140685587032831  247.669383390778592
  36.101036233549586   46.688926700000003
  38.404683990169943   47.086880000000001
  40.804303468548341   47.423351599999997
  43.301853275251254   47.679367700000000
  45.899292016845159   47.916475599999998


# temperature  632.000000000000000
#    0.000085457775981   -0.013662418840486    0.810538085312345  -21.007775649167534  246.409867812901894
  36.101036233549586   46.707912999999998
  38.404683990169943   47.103669500000002
  40.804303468548341   47.438237399999998
  43.301853275251254   47.692785800000003
  45.899292016845159   47.928517300000003


# temperature  634.000000000000000
#    0.000084933259793   -0.013578140506053    0.805506167068485  -20.876234483992064  245.163567113319687
  36.101036233549586   46.726734299999997
  38.404683990169943   47.120311100000002
  40.804303468548341   47.452990700000001
  43.301853275251254   47.706083399999997
  45.899292016845159   47.940450200000001


# temperature  636.000000000000000
#    0.000084413090336   -0.013494565556286    0.800516597721552  -20.745811646705715  243.927994491398977
  36.101036233549586   46.745392500000001
  38.404683990169943   47.136806399999998
  40.804303468548341   47.467612899999999
  43.301853275251254   47.719262000000001
  45.899292016845159   47.952275499999999


# temperature  638.000000000000000
#    0.000083897415348   -0.013411714724486    0.795570430657335  -20.616529811093706  242.703321889684872
  36.101036233549586   46.763889300000002
  38.404683990169943   47.153157200000003
  40.804303468548341   47.482105599999997
  43.301853275251254   47.732322900000000
  45.899292016845159   47.963994499999998


# temperature  640.000000000000000
#    0.000083385828140   -0.013329523807241    0.790663889037076  -20.488290957984319  241.488605029130156
  36.101036233549586   46.782226700000002
  38.404683990169943   47.169365100000000
  40.804303468548341   47.496470199999997
  43.301853275251254   47.745267499999997
  45.899292016845159   47.975608399999999


# temperature  642.000000000000000
#    0.000082879693485   -0.013248215092357    0.785810508467716  -20.361460313207907  240.287530278168674
  36.101036233549586   46.800406299999999
  38.404683990169943   47.185431700000002
  40.804303468548341   47.510708399999999
  43.301853275251254   47.758097200000002
  45.899292016845159   47.987118600000002


# temperature  644.000000000000000
#    0.000082378008907   -0.013167626183538    0.781000455906976  -20.235774208495322  239.097458118005733
  36.101036233549586   46.818429999999999
  38.404683990169943   47.201358599999999
  40.804303468548341   47.524821500000002
  43.301853275251254   47.770813300000000
  45.899292016845159   47.998526099999999


# temperature  646.000000000000000
#    0.000081881314511   -0.013087843888509    0.776238950885152  -20.111371845910412  237.919779951094796
  36.101036233549586   46.836299500000003
  38.404683990169943   47.217147400000002
  40.804303468548341   47.538811000000003
  43.301853275251254   47.783417100000001
  45.899292016845159   48.009832299999999


# temperature  648.000000000000000
#    0.000081388708266   -0.013008721591581    0.771517079491787  -19.988013021616720  236.752077123054107
  36.101036233549586   46.854016500000000
  38.404683990169943   47.232799700000001
  40.804303468548341   47.552678299999997
  43.301853275251254   47.795909999999999
  45.899292016845159   48.021038300000001


# temperature  650.000000000000000
#    0.000080899828174   -0.012930199468120    0.766831145712134  -19.865596622747141  235.593318043059213
  36.101036233549586   46.871582600000004
  38.404683990169943   47.248317000000000
  40.804303468548341   47.566424699999999
  43.301853275251254   47.808293200000001
  45.899292016845159   48.032145200000002


# temperature  652.000000000000000
#    0.000080416999396   -0.012852658397354    0.762204490800503  -19.744756940120439  234.449953799772942
  36.101036233549586   46.888999699999999
  38.404683990169943   47.263700800000002
  40.804303468548341   47.580051800000000
  43.301853275251254   47.820567900000000
  45.899292016845159   48.043154299999998


# temperature  654.000000000000000
#    0.000079937228527   -0.012775609252565    0.757607219777983  -19.624684015230709  233.313778198232598
  36.101036233549586   46.906269199999997
  38.404683990169943   47.278952599999997
  40.804303468548341   47.593560699999998
  43.301853275251254   47.832735499999998
  45.899292016845159   48.054066599999999


# temperature  656.000000000000000
#    0.000079461854954   -0.012699269169495    0.753052500071847  -19.505731931146677  232.188356099293713
  36.101036233549586   46.923392900000003
  38.404683990169943   47.294074000000002
  40.804303468548341   47.606952900000003
  43.301853275251254   47.844797100000001
  45.899292016845159   48.064883299999998


# temperature  658.000000000000000
#    0.000078990934505   -0.012623649566677    0.748541171626598  -19.387927357146989  231.073999518600459
  36.101036233549586   46.940372300000000
  38.404683990169943   47.309066299999998
  40.804303468548341   47.620229700000003
  43.301853275251254   47.856754000000002
  45.899292016845159   48.075605500000002


# temperature  660.000000000000000
#    0.000078524439415   -0.012548744768272    0.744072817744375  -19.271257180924383  229.970559877590517
  36.101036233549586   46.957208999999999
  38.404683990169943   47.323931000000002
  40.804303468548341   47.633392399999998
  43.301853275251254   47.868607300000001
  45.899292016845159   48.086234200000000


# temperature  662.000000000000000
#    0.000078062603472   -0.012474593142476    0.739649798610684  -19.155785938617722  228.878700724228764
  36.101036233549586   46.973904599999997
  38.404683990169943   47.338669500000002
  40.804303468548341   47.646442299999997
  43.301853275251254   47.880358200000003
  45.899292016845159   48.096770599999999


# temperature  664.000000000000000
#    0.000077603725439   -0.012400917762341    0.735255254057708  -19.041058656617633  227.793832486032244
  36.101036233549586   46.990460700000000
  38.404683990169943   47.353283300000001
  40.804303468548341   47.659380599999999
  43.301853275251254   47.892007999999997
  45.899292016845159   48.107215600000004


# temperature  666.000000000000000
#    0.000077149506700   -0.012327995588233    0.730906047527106  -18.927530530850575  226.720552714589928
  36.101036233549586   47.006878600000000
  38.404683990169943   47.367773600000000
  40.804303468548341   47.672208599999998
  43.301853275251254   47.903557700000000
  45.899292016845159   48.117570399999998


# temperature  668.000000000000000
#    0.000076699251099   -0.012255712663407    0.726595205322602  -18.815012559004945  225.656949445923289
  36.101036233549586   47.023159999999997
  38.404683990169943   47.382141900000001
  40.804303468548341   47.684927500000001
  43.301853275251254   47.915008399999998
  45.899292016845159   48.127835900000001


# temperature  670.000000000000000
#    0.000076252390763   -0.012183976504285    0.722317091215205  -18.703352426686951  224.601484198785784
  36.101036233549586   47.039306300000000
  38.404683990169943   47.396389599999999
  40.804303468548341   47.697538600000001
  43.301853275251254   47.926361399999998
  45.899292016845159   48.138013200000003


# temperature  672.000000000000000
#    0.000075809986601   -0.012112961499613    0.718082431621600  -18.592842774491682  223.557146397527816
  36.101036233549586   47.055318900000003
  38.404683990169943   47.410517800000001
  40.804303468548341   47.710042999999999
  43.301853275251254   47.937617600000003
  45.899292016845159   48.148103200000001


# temperature  674.000000000000000
#    0.000075370980305   -0.012042493834562    0.713880553555045  -18.483193264872320  222.520985707719916
  36.101036233549586   47.071199399999998
  38.404683990169943   47.424528000000002
  40.804303468548341   47.722441900000000
  43.301853275251254   47.948778200000000
  45.899292016845159   48.158107000000001


# temperature  676.000000000000000
#    0.000074936171158   -0.011972703837134    0.709719404911922  -18.374618778818590  221.495176787621972
  36.101036233549586   47.086949099999998
  38.404683990169943   47.438421400000003
  40.804303468548341   47.734736499999997
  43.301853275251254   47.959844199999999
  45.899292016845159   48.168025600000000


# temperature  678.000000000000000
#    0.000074505122175   -0.011903521070852    0.705594740361453  -18.267005992928237  220.478591128887558
  36.101036233549586   47.102569500000001
  38.404683990169943   47.452199299999997
  40.804303468548341   47.746927900000003
  43.301853275251254   47.970816599999999
  45.899292016845159   48.177859699999999


# temperature  680.000000000000000
#    0.000074077936256   -0.011834961856781    0.701507529189186  -18.160380452300462  219.471482006085836
  36.101036233549586   47.118061800000000
  38.404683990169943   47.465862899999998
  40.804303468548341   47.759017299999996
  43.301853275251254   47.981696599999999
  45.899292016845159   48.187610599999999


# temperature  682.000000000000000
#    0.000073653580629   -0.011766857565614    0.697447469864071  -18.054463184526579  218.471025772076644
  36.101036233549586   47.133427500000003
  38.404683990169943   47.479413600000001
  40.804303468548341   47.771005799999998
  43.301853275251254   47.992485199999997
  45.899292016845159   48.197278900000001


# temperature  684.000000000000000
#    0.000073233759134   -0.011699485698230    0.693431475984809  -17.949711466291081  217.481851089549792
  36.101036233549586   47.148668000000001
  38.404683990169943   47.492852499999998
  40.804303468548341   47.782894499999998
  43.301853275251254   48.003183200000002
  45.899292016845159   48.206865700000002


# temperature  686.000000000000000
#    0.000072817522522   -0.011632694702954    0.689450501023775  -17.845885995557104  216.501592165448329
  36.101036233549586   47.163784499999998
  38.404683990169943   47.506180700000002
  40.804303468548341   47.794684500000002
  43.301853275251254   48.013791900000001
  45.899292016845159   48.216371899999999


# temperature  688.000000000000000
#    0.000072404193864   -0.011566369833037    0.685497282291978  -17.742783422397043  215.528125576912601
  36.101036233549586   47.178778399999999
  38.404683990169943   47.519399600000000
  40.804303468548341   47.806376800000002
  43.301853275251254   48.024312100000003
  45.899292016845159   48.225798400000002


# temperature  690.000000000000000
#    0.000071995296662   -0.011500761115928    0.681587164628838  -17.640821187084288  214.565699983243974
  36.101036233549586   47.193651000000003
  38.404683990169943   47.532510299999998
  40.804303468548341   47.817972599999997
  43.301853275251254   48.034744699999997
  45.899292016845159   48.235146000000000


# temperature  692.000000000000000
#    0.000071589363318   -0.011435629959430    0.677705644776747  -17.539608629792632  213.610382280435147
  36.101036233549586   47.208403500000003
  38.404683990169943   47.545513900000003
  40.804303468548341   47.829472799999998
  43.301853275251254   48.045090799999997
  45.899292016845159   48.244415600000004


# temperature  694.000000000000000
#    0.000071186728139   -0.011371030529089    0.673856003691977  -17.439233862307510  212.663059420983245
  36.101036233549586   47.223037300000001
  38.404683990169943   47.558411700000001
  40.804303468548341   47.840878600000003
  43.301853275251254   48.055351399999999
  45.899292016845159   48.253608100000001


# temperature  696.000000000000000
#    0.000070787727813   -0.011307017514175    0.670041570846188  -17.339786965883746  211.724646527595155
  36.101036233549586   47.237553499999997
  38.404683990169943   47.571204600000002
  40.804303468548341   47.852190800000002
  43.301853275251254   48.065527199999998
  45.899292016845159   48.262724300000002


# temperature  698.000000000000000
#    0.000070392025800   -0.011243536258841    0.666259020041776  -17.241178081588902  210.794235956719376
  36.101036233549586   47.251953399999998
  38.404683990169943   47.583893900000000
  40.804303468548341   47.863410600000002
  43.301853275251254   48.075619300000000
  45.899292016845159   48.271765000000002


# temperature  700.000000000000000
#    0.000070000014544   -0.011180652854200    0.662512519059053  -17.143523848827662  209.873050907463153
  36.101036233549586   47.266238199999997
  38.404683990169943   47.596480499999998
  40.804303468548341   47.874538899999997
  43.301853275251254   48.085628600000000
  45.899292016845159   48.280731099999997


# temperature  702.000000000000000
#    0.000069610652588   -0.011118192171645    0.658791057400070  -17.046517612881132  208.957901015403309
  36.101036233549586   47.280409100000000
  38.404683990169943   47.608965800000000
  40.804303468548341   47.885576700000001
  43.301853275251254   48.095555900000001
  45.899292016845159   48.289623400000004


# temperature  704.000000000000000
#    0.000069224416044   -0.011056237413418    0.655100061127202  -16.950315905975572  208.050472814208177
  36.101036233549586   47.294467400000002
  38.404683990169943   47.621350600000000
  40.804303468548341   47.896524900000003
  43.301853275251254   48.105402200000000
  45.899292016845159   48.298442700000003


# temperature  706.000000000000000
#    0.000068841943084   -0.010994890644092    0.651445620385047  -16.855079425078003  207.152349499899486
  36.101036233549586   47.308413999999999
  38.404683990169943   47.633636000000003
  40.804303468548341   47.907384600000000
  43.301853275251254   48.115168300000001
  45.899292016845159   48.307189700000002


# temperature  708.000000000000000
#    0.000068462773643   -0.010934076782172    0.647823168543716  -16.760685562394507  206.262306787835541
  36.101036233549586   47.322250400000001
  38.404683990169943   47.645823100000001
  40.804303468548341   47.918156600000003
  43.301853275251254   48.124854999999997
  45.899292016845159   48.315865299999999


# temperature  710.000000000000000
#    0.000068086384541   -0.010873707722841    0.644227150197155  -16.666978909807103  205.378718684703074
  36.101036233549586   47.335977399999997
  38.404683990169943   47.657913000000001
  40.804303468548341   47.928841900000002
  43.301853275251254   48.134463199999999
  45.899292016845159   48.324470300000002


# temperature  712.000000000000000
#    0.000067713121147   -0.010813844654703    0.640661603786023  -16.574077230938279  204.502867031081166
  36.101036233549586   47.349596400000003
  38.404683990169943   47.669906599999997
  40.804303468548341   47.939441400000000
  43.301853275251254   48.143993799999997
  45.899292016845159   48.333005300000004


# temperature  714.000000000000000
#    0.000067342824807   -0.010754459854799    0.637124721712923  -16.481928422451670  203.634192675109091
  36.101036233549586   47.363108300000000
  38.404683990169943   47.681804900000003
  40.804303468548341   47.949956000000000
  43.301853275251254   48.153447600000000
  45.899292016845159   48.341471100000000


# temperature  716.000000000000000
#    0.000066975673557   -0.010695580289503    0.633618025856160  -16.390570462376505  202.773050788768273
  36.101036233549586   47.376514299999997
  38.404683990169943   47.693609000000002
  40.804303468548341   47.960386600000000
  43.301853275251254   48.162825300000002
  45.899292016845159   48.349868499999999


# temperature  718.000000000000000
#    0.000066612346924   -0.010637321279501    0.630148832336052  -16.300209003728160  201.921603485258601
  36.101036233549586   47.389815599999999
  38.404683990169943   47.705319699999997
  40.804303468548341   47.970734100000001
  43.301853275251254   48.172127799999998
  45.899292016845159   48.358198199999997


# temperature  720.000000000000000
#    0.000066251029635   -0.010579382536927    0.626698552572717  -16.210333764659403  201.074610888424900
  36.101036233549586   47.403013000000001
  38.404683990169943   47.716938200000001
  40.804303468548341   47.980999400000002
  43.301853275251254   48.181356000000001
  45.899292016845159   48.366460900000000


# temperature  722.000000000000000
#    0.000065892450818   -0.010521884842230    0.623274683822260  -16.121151465943818  200.234210321259326
  36.101036233549586   47.416107799999999
  38.404683990169943   47.728465300000003
  40.804303468548341   47.991183200000002
  43.301853275251254   48.190510500000002
  45.899292016845159   48.374657300000003


# temperature  724.000000000000000
#    0.000065537641014   -0.010464996334409    0.619887482373874  -16.032939332827919  199.403204439683691
  36.101036233549586   47.429100900000002
  38.404683990169943   47.739901900000000
  40.804303468548341   48.001286499999999
  43.301853275251254   48.199592099999997
  45.899292016845159   48.382788200000000


# temperature  726.000000000000000
#    0.000065185308203   -0.010408504847153    0.616523916692572  -15.945342602794563  198.577983000966611
  36.101036233549586   47.441993400000001
  38.404683990169943   47.751249100000003
  40.804303468548341   48.011310100000003
  43.301853275251254   48.208601600000001
  45.899292016845159   48.390854200000000


# temperature  728.000000000000000
#    0.000064836001101   -0.010352503670731    0.613189913635744  -15.858528048978815  197.760300584450817
  36.101036233549586   47.454786300000002
  38.404683990169943   47.762507599999999
  40.804303468548341   48.021254800000001
  43.301853275251254   48.217539799999997
  45.899292016845159   48.398855900000001


# temperature  730.000000000000000
#    0.000064489432694   -0.010296943592322    0.609882326502914  -15.772406769001247  196.949221916354929
  36.101036233549586   47.467480700000003
  38.404683990169943   47.773678500000003
  40.804303468548341   48.031121499999998
  43.301853275251254   48.226407500000001
  45.899292016845159   48.406794200000000


# temperature  732.000000000000000
#    0.000064145909376   -0.010241873068202    0.606604016277929  -15.687053540002244  196.145478091285582
  36.101036233549586   47.480077399999999
  38.404683990169943   47.784762600000001
  40.804303468548341   48.040910900000000
  43.301853275251254   48.235205200000003
  45.899292016845159   48.414669600000003


# temperature  734.000000000000000
#    0.000063804194882   -0.010187091333850    0.603342789731251  -15.602140157526264  195.345766842001893
  36.101036233549586   47.492577500000003
  38.404683990169943   47.795760899999998
  40.804303468548341   48.050623799999997
  43.301853275251254   48.243933800000001
  45.899292016845159   48.422482700000003


# temperature  736.000000000000000
#    0.000063466046353   -0.010132886751515    0.600116348615495  -15.518148375711874  194.554993297122905
  36.101036233549586   47.504981899999997
  38.404683990169943   47.806674100000002
  40.804303468548341   48.060261099999998
  43.301853275251254   48.252594000000002
  45.899292016845159   48.430234300000002


# temperature  738.000000000000000
#    0.000063130767556   -0.010079145347730    0.596917717596764  -15.434889081071031  193.771242252945171
  36.101036233549586   47.517291600000000
  38.404683990169943   47.817503100000003
  40.804303468548341   48.069823499999998
  43.301853275251254   48.261186500000001
  45.899292016845159   48.437925000000000


# temperature  740.000000000000000
#    0.000062798202291   -0.010025839940027    0.593745139233594  -15.352312250994617  192.993985668388376
  36.101036233549586   47.529507600000002
  38.404683990169943   47.828248799999997
  40.804303468548341   48.079311699999998
  43.301853275251254   48.269711899999997
  45.899292016845159   48.445555499999998


# temperature  742.000000000000000
#    0.000062467576887   -0.009972845402614    0.590591038720878  -15.270214480752616  192.221180411654956
  36.101036233549586   47.541630800000000
  38.404683990169943   47.838912100000002
  40.804303468548341   48.088726500000000
  43.301853275251254   48.278171000000000
  45.899292016845159   48.453126200000000


# temperature  744.000000000000000
#    0.000062139952178   -0.009920336107567    0.587466140840766  -15.188888299847209  191.455812868217038
  36.101036233549586   47.553662099999997
  38.404683990169943   47.849493699999996
  40.804303468548341   48.098068699999999
  43.301853275251254   48.286564499999997
  45.899292016845159   48.460637900000002


# temperature  746.000000000000000
#    0.000061814938250   -0.009868246520912    0.584366329601796  -15.108219260649260  190.696695488165602
  36.101036233549586   47.565602400000003
  38.404683990169943   47.859994499999999
  40.804303468548341   48.107339000000003
  43.301853275251254   48.294893000000002
  45.899292016845159   48.468091200000003


# temperature  748.000000000000000
#    0.000061492535178   -0.009816576659394    0.581291606643032  -15.028207474376146  189.943831711658618
  36.101036233549586   47.577452600000001
  38.404683990169943   47.870415299999998
  40.804303468548341   48.116538100000000
  43.301853275251254   48.303157100000000
  45.899292016845159   48.475486600000004


# temperature  750.000000000000000
#    0.000061172667976   -0.009765315911169    0.578241422648527  -14.948840730495307  189.197125621203867
  36.101036233549586   47.589213600000001
  38.404683990169943   47.880756900000002
  40.804303468548341   48.125666799999998
  43.301853275251254   48.311357600000001
  45.899292016845159   48.482824700000002


# temperature  752.000000000000000
#    0.000060854846212   -0.009714382944982    0.575210740860193  -14.869981005845517  188.455166063544112
  36.101036233549586   47.600886299999999
  38.404683990169943   47.891020099999999
  40.804303468548341   48.134725699999997
  43.301853275251254   48.319495099999997
  45.899292016845159   48.490106200000000


# temperature  754.000000000000000
#    0.000060540259153   -0.009663973639480    0.572211626800449  -14.791957740138601  187.721318285715853
  36.101036233549586   47.612471599999999
  38.404683990169943   47.901205599999997
  40.804303468548341   48.143715600000000
  43.301853275251254   48.327570199999997
  45.899292016845159   48.497331600000003


# temperature  756.000000000000000
#    0.000060227121820   -0.009613793939861    0.569225960381486  -14.714275955758618  186.990526040862420
  36.101036233549586   47.623970200000002
  38.404683990169943   47.911314300000001
  40.804303468548341   48.152637100000000
  43.301853275251254   48.335583600000000
  45.899292016845159   48.504501500000003


# temperature  758.000000000000000
#    0.000059917294325   -0.009564148546189    0.566272414280813  -14.637443063167918  186.267949172397437
  36.101036233549586   47.635383099999999
  38.404683990169943   47.921346900000003
  40.804303468548341   48.161490999999998
  43.301853275251254   48.343535799999998
  45.899292016845159   48.511616500000002


# temperature  760.000000000000000
#    0.000059610033293   -0.009514918565723    0.563343882184613  -14.561270961846061  185.551728277596055
  36.101036233549586   47.646711199999999
  38.404683990169943   47.931304099999998
  40.804303468548341   48.170277900000002
  43.301853275251254   48.351427500000000
  45.899292016845159   48.518676999999997


# temperature  762.000000000000000
#    0.000059304455847   -0.009465956576052    0.560431159552134  -14.485504989162733  184.839229903435211
  36.101036233549586   47.657955100000002
  38.404683990169943   47.941186700000003
  40.804303468548341   48.178998399999998
  43.301853275251254   48.359259299999998
  45.899292016845159   48.525683700000002


# temperature  764.000000000000000
#    0.000059001882071   -0.009417480486229    0.557547701167757  -14.410513464682264  184.134226730507891
  36.101036233549586   47.669115800000000
  38.404683990169943   47.950995399999996
  40.804303468548341   48.187653300000001
  43.301853275251254   48.367031799999999
  45.899292016845159   48.532637100000002


# temperature  766.000000000000000
#    0.000058701150683   -0.009369300143547    0.554681863116181  -14.335980394433735  183.433512908563955
  36.101036233549586   47.680194000000000
  38.404683990169943   47.960730900000001
  40.804303468548341   48.196243099999997
  43.301853275251254   48.374745599999997
  45.899292016845159   48.539537699999997


# temperature  768.000000000000000
#    0.000058402334366   -0.009321425652828    0.551834147834602  -14.261916130630594  182.737160124349060
  36.101036233549586   47.691190499999998
  38.404683990169943   47.970394100000000
  40.804303468548341   48.204768600000001
  43.301853275251254   48.382401299999998
  45.899292016845159   48.546385999999998


# temperature  770.000000000000000
#    0.000058106858479   -0.009274091767955    0.549019027910785  -14.188716507473448  182.049221503935769
  36.101036233549586   47.702106200000003
  38.404683990169943   47.979985499999998
  40.804303468548341   48.213230400000000
  43.301853275251254   48.389999400000001
  45.899292016845159   48.553182700000001


# temperature  772.000000000000000
#    0.000057813355944   -0.009227075694044    0.546222920855539  -14.116014440716393  181.365987047150156
  36.101036233549586   47.712941800000003
  38.404683990169943   47.989505800000003
  40.804303468548341   48.221629000000000
  43.301853275251254   48.397540499999998
  45.899292016845159   48.559928100000000


# temperature  774.000000000000000
#    0.000057521306033   -0.009180289866794    0.543440321420145  -14.043656603007610  180.685861771865348
  36.101036233549586   47.723698100000000
  38.404683990169943   47.998955899999999
  40.804303468548341   48.229965100000001
  43.301853275251254   48.405025199999997
  45.899292016845159   48.566622799999998


# temperature  776.000000000000000
#    0.000057232362989   -0.009134006327343    0.540687962068888  -13.972099203310799  180.013498531362131
  36.101036233549586   47.734375800000002
  38.404683990169943   48.008336300000003
  40.804303468548341   48.238239399999998
  43.301853275251254   48.412453999999997
  45.899292016845159   48.573267299999998


# temperature  778.000000000000000
#    0.000056945599245   -0.009088073274511    0.537956557437627  -13.901090672707008  179.346350984546291
  36.101036233549586   47.744975699999998
  38.404683990169943   48.017647699999998
  40.804303468548341   48.246452400000003
  43.301853275251254   48.419827499999997
  45.899292016845159   48.579862200000001


# temperature  780.000000000000000
#    0.000056660344028   -0.009042381903601    0.535239502008594  -13.830453151614694  178.682627874694589
  36.101036233549586   47.755498500000002
  38.404683990169943   48.026890799999997
  40.804303468548341   48.254604700000002
  43.301853275251254   48.427146299999997
  45.899292016845159   48.586407800000003


# temperature  782.000000000000000
#    0.000056377733233   -0.008997117215196    0.532548071514030  -13.760491491150320  178.025414843530200
  36.101036233549586   47.765945000000002
  38.404683990169943   48.036066200000000
  40.804303468548341   48.262696900000002
  43.301853275251254   48.434410800000002
  45.899292016845159   48.592904699999998


# temperature  784.000000000000000
#    0.000056097198986   -0.008952186725727    0.529876629725443  -13.691053376932530  177.373172709922045
  36.101036233549586   47.776315900000000
  38.404683990169943   48.045174600000003
  40.804303468548341   48.270729600000003
  43.301853275251254   48.441621599999998
  45.899292016845159   48.599353299999997


# temperature  786.000000000000000
#    0.000055818947162   -0.008907623094125    0.527227116856455  -13.622190010472584  176.726408964150096
  36.101036233549586   47.786611999999998
  38.404683990169943   48.054216699999998
  40.804303468548341   48.278703399999998
  43.301853275251254   48.448779199999997
  45.899292016845159   48.605754200000000


# temperature  788.000000000000000
#    0.000055542437727   -0.008863339529349    0.524594315011969  -13.553762300817407  176.083736942819058
  36.101036233549586   47.796833800000002
  38.404683990169943   48.063192999999998
  40.804303468548341   48.286618799999999
  43.301853275251254   48.455884200000000
  45.899292016845159   48.612107799999997


# temperature  790.000000000000000
#    0.000055268804197   -0.008819520508246    0.521989451408355  -13.486073129600344  175.448213817297244
  36.101036233549586   47.806982099999999
  38.404683990169943   48.072104199999998
  40.804303468548341   48.294476500000002
  43.301853275251254   48.462936999999997
  45.899292016845159   48.618414500000000


# temperature  792.000000000000000
#    0.000054996163524   -0.008775856719136    0.519393535341678  -13.418606024251506  174.814590846629272
  36.101036233549586   47.817057699999999
  38.404683990169943   48.080950999999999
  40.804303468548341   48.302276800000001
  43.301853275251254   48.469938100000000
  45.899292016845159   48.624674900000002


# temperature  794.000000000000000
#    0.000054726092509   -0.008732609050861    0.516822699806814  -13.351802902542177  174.187392956510962
  36.101036233549586   47.827061200000003
  38.404683990169943   48.089733899999999
  40.804303468548341   48.310020500000000
  43.301853275251254   48.476888099999996
  45.899292016845159   48.630889300000000


# temperature  796.000000000000000
#    0.000054458229081   -0.008689717662046    0.514273247150369  -13.285562540399972  173.565585016090836
  36.101036233549586   47.836993200000002
  38.404683990169943   48.098453499999998
  40.804303468548341   48.317708099999997
  43.301853275251254   48.483787499999998
  45.899292016845159   48.637058199999998


# temperature  798.000000000000000
#    0.000054191720731   -0.008647041380039    0.511736442959467  -13.219645690552692  172.946720040861038
  36.101036233549586   47.846854499999999
  38.404683990169943   48.107110499999997
  40.804303468548341   48.325339999999997
  43.301853275251254   48.490636700000003
  45.899292016845159   48.643182099999997


# temperature  800.000000000000000
#    0.000053927495102   -0.008604732022756    0.509221574236848  -13.154304033123253  172.333348211929007
  36.101036233549586   47.856645600000000
  38.404683990169943   48.115705400000003
  40.804303468548341   48.332916800000000
  43.301853275251254   48.497436100000002
  45.899292016845159   48.649261299999999


# temperature  802.000000000000000
#    0.000053665507500   -0.008562785211395    0.506728560157098  -13.089540661767977  171.725557340665375
  36.101036233549586   47.866367400000001
  38.404683990169943   48.124238800000001
  40.804303468548341   48.340439099999998
  43.301853275251254   48.504186400000002
  45.899292016845159   48.655296399999997


# temperature  804.000000000000000
#    0.000053405365560   -0.008521134871554    0.504253234576931  -13.025239048243243  171.122128367537471
  36.101036233549586   47.876020300000000
  38.404683990169943   48.132711299999997
  40.804303468548341   48.347907399999997
  43.301853275251254   48.510888000000001
  45.899292016845159   48.661287700000003


# temperature  806.000000000000000
#    0.000053147043895   -0.008479775851157    0.501795229316227  -12.961388049775604  170.522940384852717
  36.101036233549586   47.885605099999999
  38.404683990169943   48.141123499999999
  40.804303468548341   48.355322100000002
  43.301853275251254   48.517541199999997
  45.899292016845159   48.667235599999998


# temperature  808.000000000000000
#    0.000052890364545   -0.008438681200523    0.499353024132677  -12.897949799468771  169.927642459917706
  36.101036233549586   47.895122299999997
  38.404683990169943   48.149475899999999
  40.804303468548341   48.362683799999999
  43.301853275251254   48.524146700000003
  45.899292016845159   48.673140600000004


# temperature  810.000000000000000
#    0.000052635739259   -0.008397916237536    0.496930499454528  -12.835026700370507  169.337248773527534
  36.101036233549586   47.904572700000003
  38.404683990169943   48.157769100000003
  40.804303468548341   48.369992900000000
  43.301853275251254   48.530704700000001
  45.899292016845159   48.679003100000003


# temperature  812.000000000000000
#    0.000052382263475   -0.008357333789298    0.494518689578241  -12.772376356751954  168.749305820895557
  36.101036233549586   47.913956700000000
  38.404683990169943   48.166003699999997
  40.804303468548341   48.377249999999997
  43.301853275251254   48.537215900000000
  45.899292016845159   48.684823500000000


# temperature  814.000000000000000
#    0.000052131593890   -0.008317206437440    0.492134377123909  -12.710457058301241  168.168497566060694
  36.101036233549586   47.923275099999998
  38.404683990169943   48.174180100000001
  40.804303468548341   48.384455600000003
  43.301853275251254   48.543680600000002
  45.899292016845159   48.690602200000001


# temperature  816.000000000000000
#    0.000051882772643   -0.008277376147711    0.489767808235050  -12.649001931861280  167.592093638564705
  36.101036233549586   47.932528400000002
  38.404683990169943   48.182298899999999
  40.804303468548341   48.391610100000001
  43.301853275251254   48.550099199999998
  45.899292016845159   48.696339500000001


# temperature  818.000000000000000
#    0.000051635641080   -0.008237815197182    0.487417175316141  -12.587958874147281  167.019534587077317
  36.101036233549586   47.941717199999999
  38.404683990169943   48.190360800000001
  40.804303468548341   48.398714099999999
  43.301853275251254   48.556472200000002
  45.899292016845159   48.702035899999998


# temperature  820.000000000000000
#    0.000051389951090   -0.008198487088634    0.485080507485392  -12.527281858068283  166.450432343854118
  36.101036233549586   47.950842199999997
  38.404683990169943   48.198366100000001
  40.804303468548341   48.405767900000001
  43.301853275251254   48.562800099999997
  45.899292016845159   48.707691799999999


# temperature  822.000000000000000
#    0.000051145747439   -0.008159396217553    0.482757887203660  -12.466967901086493  165.884702936672994
  36.101036233549586   47.959903799999999
  38.404683990169943   48.206315400000001
  40.804303468548341   48.412771999999997
  43.301853275251254   48.569083200000001
  45.899292016845159   48.713307499999999


# temperature  824.000000000000000
#    0.000050904322295   -0.008120754783740    0.480462349284128  -12.407371988155356  165.325963488593231
  36.101036233549586   47.968902700000001
  38.404683990169943   48.214209199999999
  40.804303468548341   48.419727000000002
  43.301853275251254   48.575321899999999
  45.899292016845159   48.718883400000003


# temperature  826.000000000000000
#    0.000050664077246   -0.008082302164566    0.478178001205224  -12.348064579541409  164.769872961488943
  36.101036233549586   47.977839500000002
  38.404683990169943   48.222048100000002
  40.804303468548341   48.426633299999999
  43.301853275251254   48.581516800000003
  45.899292016845159   48.724419900000001


# temperature  828.000000000000000
#    0.000050425087350   -0.008044048988586    0.475905393920132  -12.289057996943329  164.216531112472040
  36.101036233549586   47.986714599999999
  38.404683990169943   48.229832500000001
  40.804303468548341   48.433491199999999
  43.301853275251254   48.587668100000002
  45.899292016845159   48.729917299999997


# temperature  830.000000000000000
#    0.000050189137663   -0.008006289327330    0.473662649154525  -12.230847329161501  163.670998228217769
  36.101036233549586   47.995528800000002
  38.404683990169943   48.237562900000000
  40.804303468548341   48.440301400000003
  43.301853275251254   48.593776300000002
  45.899292016845159   48.735376100000003


# temperature  832.000000000000000
#    0.000049953513185   -0.007968576784301    0.471422311299299  -12.172683948900675  163.125639509659720
  36.101036233549586   48.004282400000001
  38.404683990169943   48.245239900000001
  40.804303468548341   48.447064099999999
  43.301853275251254   48.599841800000000
  45.899292016845159   48.740796500000002


# temperature  834.000000000000000
#    0.000049720101869   -0.007931221752129    0.469203471367857  -12.115088490119541  162.585767218640569
  36.101036233549586   48.012976100000003
  38.404683990169943   48.252863900000001
  40.804303468548341   48.453779900000001
  43.301853275251254   48.605865000000001
  45.899292016845159   48.746178999999998


# temperature  836.000000000000000
#    0.000049488569556   -0.007894170098723    0.467002851679911  -12.057973063408646  162.050501382375643
  36.101036233549586   48.021610400000000
  38.404683990169943   48.260435299999997
  40.804303468548341   48.460449099999998
  43.301853275251254   48.611846200000002
  45.899292016845159   48.751523800000001


# temperature  838.000000000000000
#    0.000049257930473   -0.007857258080557    0.464810278406097  -12.001057460954033  161.516956372401211
  36.101036233549586   48.030185799999998
  38.404683990169943   48.267954799999998
  40.804303468548341   48.467072199999997
  43.301853275251254   48.617785900000001
  45.899292016845159   48.756831400000003


# temperature  840.000000000000000
#    0.000049029969674   -0.007820779769157    0.462643873271909  -11.944836771551419  160.990192275347624
  36.101036233549586   48.038702899999997
  38.404683990169943   48.275422700000000
  40.804303468548341   48.473649700000003
  43.301853275251254   48.623684400000002
  45.899292016845159   48.762102100000000


# temperature  842.000000000000000
#    0.000048802158726   -0.007784322200263    0.460478408238481  -11.888627805897276  160.463289701994654
  36.101036233549586   48.047162100000001
  38.404683990169943   48.282839500000001
  40.804303468548341   48.480181799999997
  43.301853275251254   48.629542200000003
  45.899292016845159   48.767336100000001


# temperature  844.000000000000000
#    0.000048577362751   -0.007748353027445    0.458342440818751  -11.833203834616176  159.944083164949348
  36.101036233549586   48.055564099999998
  38.404683990169943   48.290205600000000
  40.804303468548341   48.486669100000000
  43.301853275251254   48.635359500000000
  45.899292016845159   48.772534000000000


# temperature  846.000000000000000
#    0.000048353719327   -0.007712567043572    0.456217251453617  -11.778055588848156  159.427388189241640
  36.101036233549586   48.063909199999998
  38.404683990169943   48.297521600000003
  40.804303468548341   48.493112000000004
  43.301853275251254   48.641136799999998
  45.899292016845159   48.777695899999998


# temperature  848.000000000000000
#    0.000048131361722   -0.007676986819512    0.454104279559147  -11.723224029123775  158.913643818715087
  36.101036233549586   48.072198100000001
  38.404683990169943   48.304787900000001
  40.804303468548341   48.499510800000003
  43.301853275251254   48.646874400000002
  45.899292016845159   48.782822199999998


# temperature  850.000000000000000
#    0.000047910549110   -0.007641655875534    0.452006253501014  -11.668784834356011  158.403634009028508
  36.101036233549586   48.080431099999998
  38.404683990169943   48.312004799999997
  40.804303468548341   48.505865900000003
  43.301853275251254   48.652572700000000
  45.899292016845159   48.787913199999998


# temperature  852.000000000000000
#    0.000047691328712   -0.007606579147636    0.449923305896949  -11.614737102760763  157.897306099018635
  36.101036233549586   48.088608899999997
  38.404683990169943   48.319172999999999
  40.804303468548341   48.512177800000003
  43.301853275251254   48.658231999999998
  45.899292016845159   48.792969300000003


# temperature  854.000000000000000
#    0.000047473887094   -0.007571790068001    0.447857664313843  -11.561146272238119  157.395375797592891
  36.101036233549586   48.096731900000002
  38.404683990169943   48.326292700000003
  40.804303468548341   48.518446800000000
  43.301853275251254   48.663852700000000
  45.899292016845159   48.797990800000001


# temperature  856.000000000000000
#    0.000047257962704   -0.007537244592621    0.445806551869925  -11.507934694384069  156.897031378638701
  36.101036233549586   48.104800500000003
  38.404683990169943   48.333364400000001
  40.804303468548341   48.524673300000003
  43.301853275251254   48.669435100000001
  45.899292016845159   48.802977900000002


# temperature  858.000000000000000
#    0.000047042990049   -0.007502850761660    0.443764380852551  -11.454952024301258  156.400762031405037
  36.101036233549586   48.112815300000001
  38.404683990169943   48.340388599999997
  40.804303468548341   48.530857699999999
  43.301853275251254   48.674979700000002
  45.899292016845159   48.807931099999998


# temperature  860.000000000000000
#    0.000046829971829   -0.007468771021582    0.441740989217171  -11.402462263798748  155.909217193987416
  36.101036233549586   48.120776700000000
  38.404683990169943   48.347365699999997
  40.804303468548341   48.537000399999997
  43.301853275251254   48.680486600000002
  45.899292016845159   48.812850500000003


# temperature  862.000000000000000
#    0.000046618501204   -0.007434941135505    0.439732596848245  -11.350367171306871  155.421446007399595
  36.101036233549586   48.128685200000000
  38.404683990169943   48.354295999999998
  40.804303468548341   48.543101700000001
  43.301853275251254   48.685956300000001
  45.899292016845159   48.817736600000003


# temperature  864.000000000000000
#    0.000046408157969   -0.007401289336430    0.437734619264606  -11.298536995030883  154.936076693115126
  36.101036233549586   48.136541200000003
  38.404683990169943   48.361180099999999
  40.804303468548341   48.549162000000003
  43.301853275251254   48.691389000000001
  45.899292016845159   48.822589499999999


# temperature  866.000000000000000
#    0.000046199855290   -0.007367969279823    0.435756729498634  -11.247241701820268  154.455927633333857
  36.101036233549586   48.144345299999998
  38.404683990169943   48.368018200000002
  40.804303468548341   48.555181699999999
  43.301853275251254   48.696785200000001
  45.899292016845159   48.827409699999997


# temperature  868.000000000000000
#    0.000045992345842   -0.007334773178151    0.433785976839244  -11.196123435459290  153.977300873512320
  36.101036233549586   48.152097800000000
  38.404683990169943   48.374810900000000
  40.804303468548341   48.561161100000000
  43.301853275251254   48.702145100000003
  45.899292016845159   48.832197299999997


# temperature  870.000000000000000
#    0.000045786746211   -0.007301886805284    0.431833924374225  -11.145501283516653  153.503490374660771
  36.101036233549586   48.159799200000002
  38.404683990169943   48.381558400000003
  40.804303468548341   48.567100600000003
  43.301853275251254   48.707469099999997
  45.899292016845159   48.836952699999998


# temperature  872.000000000000000
#    0.000045582535671   -0.007269222596897    0.429895066853248  -11.095221918596730  153.032900854206446
  36.101036233549586   48.167450000000002
  38.404683990169943   48.388261300000003
  40.804303468548341   48.573000600000000
  43.301853275251254   48.712757500000002
  45.899292016845159   48.841676200000002


# temperature  874.000000000000000
#    0.000045379148729   -0.007236688593195    0.427963816566317  -11.045134995873145  152.564021302109808
  36.101036233549586   48.175050599999999
  38.404683990169943   48.394919899999998
  40.804303468548341   48.578861300000000
  43.301853275251254   48.718010599999999
  45.899292016845159   48.846368099999999


# temperature  876.000000000000000
#    0.000045177615924   -0.007204452933175    0.426050429802608  -10.995517740592847  152.099653774305892
  36.101036233549586   48.182601300000002
  38.404683990169943   48.401534499999997
  40.804303468548341   48.584683099999999
  43.301853275251254   48.723228599999999
  45.899292016845159   48.851028599999999


# temperature  878.000000000000000
#    0.000044977296780   -0.007172413045186    0.424148769535319  -10.946207597374428  151.638190743044021
  36.101036233549586   48.190102799999998
  38.404683990169943   48.408105599999999
  40.804303468548341   48.590466399999997
  43.301853275251254   48.728411999999999
  45.899292016845159   48.855657999999998


# temperature  880.000000000000000
#    0.000044778497614   -0.007140617368786    0.422261695110809  -10.897279232184779  151.180360163229011
  36.101036233549586   48.197555299999998
  38.404683990169943   48.414633500000001
  40.804303468548341   48.596211500000003
  43.301853275251254   48.733561000000002
  45.899292016845159   48.860256600000000


# temperature  882.000000000000000
#    0.000044579954249   -0.007108859430204    0.420376593328383  -10.848391105959109  150.722703910108237
  36.101036233549586   48.204959299999999
  38.404683990169943   48.421118700000001
  40.804303468548341   48.601918699999999
  43.301853275251254   48.738675999999998
  45.899292016845159   48.864824599999999


# temperature  884.000000000000000
#    0.000044384660163   -0.007077628372864    0.418523360803739  -10.800353288358030  150.273432518155630
  36.101036233549586   48.212315199999999
  38.404683990169943   48.427561400000002
  40.804303468548341   48.607588499999999
  43.301853275251254   48.743757100000003
  45.899292016845159   48.869362400000000


# temperature  886.000000000000000
#    0.000044189287717   -0.007046380921259    0.416668823241436  -10.752267820325656  149.823455780249191
  36.101036233549586   48.219623400000003
  38.404683990169943   48.433962100000002
  40.804303468548341   48.613221000000003
  43.301853275251254   48.748804800000002
  45.899292016845159   48.873870099999998


# temperature  888.000000000000000
#    0.000043995437779   -0.007015378238425    0.414828923313437  -10.704566322171766  149.377146843758368
  36.101036233549586   48.226884400000003
  38.404683990169943   48.440321099999998
  40.804303468548341   48.618816600000002
  43.301853275251254   48.753819300000004
  45.899292016845159   48.878348199999998


# temperature  890.000000000000000
#    0.000043803238782   -0.006984641830987    0.413005001763235  -10.657285704194752  148.934884871160307
  36.101036233549586   48.234098500000002
  38.404683990169943   48.446638700000001
  40.804303468548341   48.624375600000000
  43.301853275251254   48.758800800000003
  45.899292016845159   48.882796700000000


# temperature  892.000000000000000
#    0.000043611760707   -0.006954019357259    0.411187723069878  -10.610172316723435  148.494092110314341
  36.101036233549586   48.241266099999997
  38.404683990169943   48.452915400000002
  40.804303468548341   48.629898400000002
  43.301853275251254   48.763749799999999
  45.899292016845159   48.887216000000002


# temperature  894.000000000000000
#    0.000043421833127   -0.006923647378304    0.409385503621583  -10.563456344972176  148.057126148710154
  36.101036233549586   48.248387700000002
  38.404683990169943   48.459151400000003
  40.804303468548341   48.635385200000002
  43.301853275251254   48.768666400000001
  45.899292016845159   48.891606299999999


# temperature  896.000000000000000
#    0.000043233732069   -0.006893568100623    0.407600734273252  -10.517197150693912  147.624531212137072
  36.101036233549586   48.255463499999998
  38.404683990169943   48.465347199999997
  40.804303468548341   48.640836499999999
  43.301853275251254   48.773550899999996
  45.899292016845159   48.895967900000002


# temperature  898.000000000000000
#    0.000043046410214   -0.006863614715690    0.405823497882742  -10.471133936942906  147.193748313910561
  36.101036233549586   48.262494099999998
  38.404683990169943   48.471502999999998
  40.804303468548341   48.646252400000002
  43.301853275251254   48.778403699999998
  45.899292016845159   48.900300999999999


# temperature  900.000000000000000
#    0.000042860118128   -0.006833824261201    0.404055815486773  -10.425314811509901  146.765197432275158
  36.101036233549586   48.269479699999998
  38.404683990169943   48.477619199999999
  40.804303468548341   48.651633199999999
  43.301853275251254   48.783224900000000
  45.899292016845159   48.904605900000000


